state,district,district_key,year,quarter,period_id,period_label,transaction_count,transaction_amount,registered_users,registered_merchants,average_transaction_value,merchants_per_100k_users,users_per_merchant,transactions_per_registered_user,tpv_per_registered_user,transactions_per_merchant,prior_period_id,prior_transactions,prior_tpv,prior_users,prior_merchants,transaction_qoq,tpv_qoq,user_qoq,merchant_qoq,transaction_yoy,positive_yoy_quarters_last4,average_yoy_last4,growth_percentile,intensity_percentile,low_penetration_percentile,scale_percentile,opportunity_score,equal_weight_score,no_intensity_score,opportunity_percentile,business_segment,opportunity_rank,equal_weight_rank,no_intensity_rank
gujarat,dahod,gujarat|dahod,2026,2,8105,2026-Q2,16933391,19207494272.85,613068,18617,1134.29698,3036.69414,32.93055,27.62074,31330.120432,909.56604,8104,16699724,19667803871.84,602454,18293,0.01399,-0.0234042,0.01762,0.01771,0.357,4.0,0.3286425,0.9602356406480118,0.6936671575846833,0.9617083946980854,0.4256259204712813,78.7039764359352,76.03092783505154,82.70986745213548,0.979381443298969,EXPAND,15,24,1
andhra pradesh,west godavari,andhra pradesh|west godavari,2026,2,8105,2026-Q2,116947182,175440890450.44,1195968,48583,1500.172022,4062.23243,24.61701,97.78454,146693.632648,2407.16263,8104,108897235,161885079487.32,1163644,47124,0.07392,0.0837372,0.02778,0.03096,0.30533,4.0,0.29804,0.8070692194403535,0.9955817378497791,0.9057437407952872,0.7466863033873343,86.67893961708396,86.37702503681885,82.65095729013254,1.0,EXPAND,1,1,2
gujarat,jamnagar,gujarat|jamnagar,2026,2,8105,2026-Q2,21411527,18808789439.0,728437,32448,878.442226,4454.46895,22.44937,29.39379,25820.749686,659.87201,8104,19624177,17795639415.09,697212,31791,0.09108,0.0569325,0.04479,0.02067,0.43115,4.0,0.4065425,0.9926362297496318,0.4786450662739323,0.8527245949926362,0.5228276877761414,73.519882179676,71.17083946980854,82.62150220913107,0.9366715758468336,EXPAND,44,53,3
telangana,sangareddy,telangana|sangareddy,2026,2,8105,2026-Q2,199983054,247694265165.86,1849509,102640,1238.57627,5549.581,18.01938,108.12765,133924.336224,1948.39297,8104,185277689,230592730732.57,1780493,99533,0.07937,0.0741634,0.03876,0.03122,0.32341,4.0,0.2909875,0.8792341678939617,0.9867452135493373,0.695139911634757,0.8924889543446245,86.2739322533137,86.340206185567,81.81148748159058,0.9985272459499264,EXPAND,2,2,4
gujarat,bharuch,gujarat|bharuch,2026,2,8105,2026-Q2,54956816,49075687018.13,1267931,55060,892.986359,4342.5076,23.02817,43.3437,38705.329405,998.12597,8104,53313819,48459797879.47,1216696,53959,0.03082,0.0127093,0.04211,0.0204,0.29797,4.0,0.298185,0.7761413843888071,0.7496318114874816,0.8674521354933726,0.7717231222385862,79.1458026509573,79.12371134020619,80.69955817378498,0.9808541973490427,EXPAND,14,14,5
andhra pradesh,dr br ambedkar konaseema,andhra pradesh|dr br ambedkar konaseema,2026,2,8105,2026-Q2,90739703,131195398848.15,930577,45653,1445.84338,4905.88097,20.3837,97.50908,140982.851336,1987.59562,8104,84156459,122361798755.1,919295,43914,0.07823,0.0721925,0.01227,0.0396,0.32959,4.0,0.33147,0.9086892488954345,0.9896907216494846,0.8070692194403535,0.6406480117820325,84.99263622974962,83.65243004418262,80.61119293078056,0.9970544918998527,EXPAND,3,5,6
andhra pradesh,east godavari,andhra pradesh|east godavari,2026,2,8105,2026-Q2,137797638,199632453172.06,1370485,74989,1448.736394,5471.71257,18.27581,100.54662,145665.551372,1837.57135,8104,127045400,183870485589.45,1339657,73104,0.08463,0.0857232,0.02301,0.02579,0.32186,4.0,0.2955325,0.8748159057437408,0.9764359351988218,0.7172312223858616,0.7952871870397643,84.4918998527246,84.09425625920471,79.9779086892489,0.9955817378497791,EXPAND,4,4,7
andhra pradesh,alluri sitharama raju,andhra pradesh|alluri sitharama raju,2026,2,8105,2026-Q2,22403546,28684114124.23,411684,11247,1280.338127,2731.94975,36.60389,54.41928,69675.076331,1991.9575,8104,20991582,28683764783.17,403857,10865,0.06726,1.22e-05,0.01938,0.03516,0.37871,4.0,0.2976275,0.9823269513991163,0.9911634756995582,0.9720176730486009,0.2547864506627393,83.64506627393226,80.00736377025038,79.68335787923417,0.9926362297496318,EXPAND,6,12,8
andhra pradesh,sri potti sriramulu nellore,andhra pradesh|sri potti sriramulu nellore,2026,2,8105,2026-Q2,167305685,260563771098.72,1729942,93583,1557.41134,5409.60333,18.48564,96.71173,150619.946275,1787.7786,8104,152707700,228558571072.33,1687374,90460,0.09559,0.1400306,0.02523,0.03452,0.30487,4.0,0.2702975,0.8055964653902798,0.9705449189985272,0.727540500736377,0.8748159057437408,84.11634756995582,84.46244477172313,79.55817378497791,0.9941089837997055,EXPAND,5,3,9
karnataka,dakshina kannada,karnataka|dakshina kannada,2026,2,8105,2026-Q2,65808357,80430221043.36,1572822,54458,1222.188559,3462.43885,28.88138,41.84094,51137.5229,1208.42405,8104,61858620,74690312418.29,1548592,53902,0.06385,0.0768494,0.01565,0.01032,0.268,4.0,0.183885,0.6303387334315169,0.8321060382916053,0.9410898379970545,0.8497790868924889,80.23564064801178,81.33284241531665,79.3961708394698,0.9852724594992637,EXPAND,11,8,10
gujarat,kachchh,gujarat|kachchh,2026,2,8105,2026-Q2,60579670,60581479510.03,1507864,60486,1000.02987,4011.36973,24.92914,40.17582,40177.018292,1001.54862,8104,58549681,60631815560.5,1442061,59063,0.03467,-0.0008302,0.04563,0.02409,0.27231,4.0,0.3166,0.6524300441826215,0.7525773195876289,0.9131075110456554,0.833578792341679,77.88659793814432,78.79234167893962,78.89543446244477,0.9764359351988218,EXPAND,17,15,11
bihar,bhagalpur,bihar|bhagalpur,2026,2,8105,2026-Q2,68065095,76007496069.88,1447411,80820,1116.688312,5583.76301,17.90907,47.02541,52512.725183,842.18133,8104,63018127,71337002761.79,1390690,78242,0.08009,0.0654708,0.04079,0.03295,0.30988,4.0,0.339785,0.8173784977908689,0.6597938144329897,0.6907216494845361,0.8144329896907216,74.57290132547864,74.55817378497791,77.23122238586156,0.9484536082474226,EXPAND,36,31,12
maharashtra,nanded,maharashtra|nanded,2026,2,8105,2026-Q2,131031097,173603862249.46,1764475,100568,1324.905814,5699.59903,17.54509,74.26067,98388.394423,1302.91044,8104,117254514,144323544842.0,1740406,97700,0.11749,0.2028797,0.01383,0.02936,0.30068,4.0,0.32542,0.7952871870397643,0.8733431516936672,0.6656848306332842,0.882179675994109,79.9779086892489,80.41237113402062,77.16494845360825,0.9837997054491899,EXPAND,12,11,13
meghalaya,east khasi hills,meghalaya|east khasi hills,2026,2,8105,2026-Q2,6655012,7872656201.48,253230,6726,1182.966492,2656.0834,37.64942,26.2805,31088.955501,989.44573,8104,5511988,6805544203.31,240220,6159,0.20737,0.1568004,0.05416,0.09206,0.42282,4.0,0.44837,0.9896907216494846,0.7437407952871871,0.979381443298969,0.13107511045655376,75.39027982326951,71.09720176730487,77.14285714285715,0.9602356406480118,EXPAND,28,55,14
bihar,jehanabad,bihar|jehanabad,2026,2,8105,2026-Q2,20442084,22974201792.08,416235,17868,1123.867889,4292.76731,23.295,49.11188,55195.266597,1144.06111,8104,20505814,23397556374.18,402811,16989,-0.00311,-0.018094,0.03333,0.05174,0.43401,4.0,0.444335,0.9955817378497791,0.8070692194403535,0.8777614138438881,0.2621502209131075,77.23122238586157,73.5640648011782,77.09867452135492,0.9749631811487481,EXPAND,18,39,15
andhra pradesh,tirupati,andhra pradesh|tirupati,2026,2,8105,2026-Q2,225322514,296625059979.72,2219362,118910,1316.446611,5357.84608,18.66422,101.52581,133653.302156,1894.89962,8104,211434880,274980725705.73,2150225,115731,0.06568,0.0787122,0.03215,0.02747,0.28171,4.0,0.2593475,0.7010309278350515,0.9808541973490427,0.7349042709867453,0.9189985272459499,82.30486008836525,83.39469808541973,76.7378497790869,0.9911634756995582,EXPAND,7,6,16
maharashtra,raigad,maharashtra|raigad,2026,2,8105,2026-Q2,132572113,123706961028.09,2644996,145090,933.129587,5485.45253,18.23004,50.12186,46770.188321,913.7233,8104,128547514,119548967869.54,2570653,142615,0.03131,0.0347807,0.02892,0.01735,0.28117,4.0,0.2721175,0.6980854197349042,0.6980854197349042,0.7142857142857143,0.9440353460972017,75.13254786450662,76.3622974963181,76.52430044182621,0.9587628865979382,EXPAND,29,23,17
assam,dibrugarh,assam|dibrugarh,2026,2,8105,2026-Q2,14518888,12272905193.35,518303,21703,845.306141,4187.319,23.88163,28.01236,23679.016315,668.98069,8104,13364587,11918248439.54,498042,20781,0.08637,0.0297575,0.04068,0.04437,0.32896,4.0,0.3769375,0.9072164948453608,0.49337260677466865,0.8851251840942562,0.35051546391752575,68.68924889543446,65.90574374079529,76.03092783505156,0.8895434462444771,EXPAND,76,98,18
gujarat,panchmahals,gujarat|panchmahals,2026,2,8105,2026-Q2,14559552,14130695548.49,598664,26426,970.544667,4414.1622,22.65436,24.32007,23603.716857,550.95557,8104,13786221,13734478188.22,583676,25880,0.05609,0.0288484,0.02568,0.0211,0.32556,4.0,0.3127725,0.8910162002945509,0.35051546391752575,0.8571428571428571,0.41384388807069217,65.19882179675994,62.812960235640645,75.98674521354934,0.8365243004418262,EXPAND,112,135,19
karnataka,mandya,karnataka|mandya,2026,2,8105,2026-Q2,78895989,121870206985.62,975953,41069,1544.694585,4208.09199,23.76374,80.83995,124873.028707,1921.05941,8104,71413936,111280591441.68,954428,40005,0.10477,0.0951614,0.02255,0.0266,0.28215,4.0,0.20926,0.7069219440353461,0.9823269513991163,0.8836524300441826,0.6612665684830633,81.08247422680412,80.8541973490427,75.73637702503682,0.9882179675994109,EXPAND,9,9,20
andhra pradesh,eluru,andhra pradesh|eluru,2026,2,8105,2026-Q2,131965615,190892439048.95,1279217,67639,1446.531652,5287.53136,18.91242,103.16124,149226.002351,1951.02847,8104,121039764,175237412785.24,1255721,65450,0.09027,0.0893361,0.01871,0.03345,0.29156,4.0,0.2819375,0.7466863033873343,0.9882179675994109,0.7466863033873343,0.7790868924889544,81.35493372606774,81.51693667157585,75.47864506627393,0.9896907216494846,EXPAND,8,7,21
maharashtra,satara,maharashtra|satara,2026,2,8105,2026-Q2,97105417,106457835629.04,1737945,89747,1096.312018,5163.97239,19.36494,55.8737,61255.008432,1081.99067,8104,90979878,100169042325.17,1721310,87196,0.06733,0.0627818,0.00966,0.02926,0.27526,4.0,0.266975,0.6642120765832106,0.780559646539028,0.7658321060382917,0.8777614138438881,76.14138438880708,77.20913107511046,75.31664212076583,0.9661266568483063,EXPAND,24,19,22
karnataka,hassan,karnataka|hassan,2026,2,8105,2026-Q2,88081824,127101185281.38,1110612,42357,1442.989933,3813.84318,26.22027,79.30927,114442.474313,2079.51045,8104,81190857,119506787478.48,1087481,41466,0.08487,0.0635478,0.02127,0.02149,0.26413,4.0,0.20968,0.5994108983799705,0.9941089837997055,0.9234167893961709,0.7172312223858616,80.26509572901327,80.8541973490427,74.22680412371135,0.9867452135493373,EXPAND,10,9,23
jharkhand,deoghar,jharkhand|deoghar,2026,2,8105,2026-Q2,33053789,34302808109.92,942391,47866,1037.787472,5079.2081,19.68811,35.07439,36399.761999,690.54839,8104,30084715,32563271728.49,921905,46492,0.09869,0.0534202,0.02222,0.02955,0.29415,4.0,0.3418425,0.759941089837997,0.5198821796759941,0.7776141384388807,0.646539027982327,68.16642120765832,67.59941089837996,73.77761413843888,0.8762886597938144,EXPAND,85,88,24
andhra pradesh,annamayya,andhra pradesh|annamayya,2026,2,8105,2026-Q2,96492048,153851950124.25,1083722,50051,1594.452116,4618.43536,21.65235,89.03764,141966.251607,1927.87453,8104,90781521,142055350936.4,1063009,48188,0.0629,0.0830423,0.01949,0.03866,0.2756,4.0,0.26315,0.6671575846833578,0.9837997054491899,0.833578792341679,0.7039764359351989,79.52871870397644,79.71281296023565,73.46097201767306,0.9823269513991163,EXPAND,13,13,25
west bengal,darjeeling,west bengal|darjeeling,2026,2,8105,2026-Q2,43173444,51509108295.92,1141432,73322,1193.073879,6423.68534,15.56739,37.82393,45126.742807,588.81978,8104,38629826,47605904177.93,1112881,71473,0.11762,0.0819899,0.02566,0.02587,0.34299,4.0,0.3477425,0.93519882179676,0.39764359351988215,0.5051546391752577,0.7290132547864506,65.20618556701031,64.17525773195875,73.3136966126657,0.8379970544918999,EXPAND,111,117,26
bihar,patna,bihar|patna,2026,2,8105,2026-Q2,252700915,271833749795.1,4677723,268226,1075.713358,5734.11465,17.43948,54.02221,58112.408493,942.11939,8104,232340513,259713033312.43,4538938,260707,0.08763,0.0466697,0.03058,0.02884,0.26798,4.0,0.2868325,0.6288659793814433,0.7157584683357879,0.6597938144329897,0.9779086892488954,72.81296023564065,74.55817378497791,72.69513991163475,0.930780559646539,EXPAND,48,31,27
sikkim,gangtok,sikkim|gangtok,2026,2,8105,2026-Q2,7028410,9043265131.13,178569,5664,1286.672965,3171.88314,31.52701,39.35963,50642.973479,1240.8916,8104,6026537,7573634445.91,180438,5426,0.16624,0.1940456,-0.01036,0.04386,0.34452,4.0,0.365285,0.9396170839469808,0.8409425625920471,0.9543446244477173,0.06480117820324006,74.36671575846833,69.99263622974964,72.60677466863034,0.946980854197349,EXPAND,37,64,28
maharashtra,yavatmal,maharashtra|yavatmal,2026,2,8105,2026-Q2,68274135,80904288500.13,1276959,52956,1184.991776,4147.03996,24.11358,53.46619,63356.997758,1289.26156,8104,63601566,75268658340.44,1253856,51214,0.07347,0.0748735,0.01843,0.03401,0.25695,4.0,0.33257,0.5478645066273933,0.8674521354933726,0.8895434462444771,0.7776141384388807,75.91310751104565,77.06185567010309,72.48895434462445,0.9631811487481591,EXPAND,26,21,29
andhra pradesh,guntur,andhra pradesh|guntur,2026,2,8105,2026-Q2,198471270,269685684581.66,2002926,132072,1358.814727,6593.95305,15.16541,99.09067,134645.855404,1502.75055,8104,187148603,253980691397.49,1949876,127784,0.0605,0.0618354,0.02721,0.03356,0.31367,4.0,0.2918125,0.8379970544918999,0.9219440353460973,0.4683357879234168,0.9027982326951399,77.95287187039764,78.27687776141384,72.48159057437408,0.9779086892488954,DEFEND,16,17,30
karnataka,mysuru,karnataka|mysuru,2026,2,8105,2026-Q2,183550671,234615696478.4,2414508,133130,1278.206695,5513.7527,18.13647,76.01991,97169.152671,1378.7326,8104,169070463,218294028172.83,2364693,129639,0.08565,0.0747692,0.02107,0.02693,0.26568,4.0,0.21229,0.614138438880707,0.8954344624447718,0.7025036818851251,0.9322533136966127,77.01767304860087,78.60824742268042,72.45949926362297,0.9720176730486009,EXPAND,20,16,31
maharashtra,buldhana,maharashtra|buldhana,2026,2,8105,2026-Q2,91306788,109721219470.55,1350212,69454,1201.676479,5143.93295,19.44038,67.62404,81262.216208,1314.63685,8104,85347068,102256998361.88,1333223,68273,0.06983,0.0729947,0.01274,0.0173,0.26896,4.0,0.3459325,0.6377025036818851,0.8777614138438881,0.7717231222385862,0.792341678939617,76.21502209131074,76.98821796759941,72.32695139911634,0.96759941089838,EXPAND,23,22,32
kerala,kannur,kerala|kannur,2026,2,8105,2026-Q2,23650060,27986601957.54,1167934,66381,1183.362831,5683.62596,17.5944,20.24948,23962.485858,356.27755,8104,22093276,26486687998.53,1138404,64766,0.07046,0.056629,0.02594,0.02494,0.29271,4.0,0.2482225,0.7496318114874816,0.13696612665684832,0.6715758468335787,0.7393225331369662,57.48895434462445,57.437407952871865,71.97349042709867,0.6980854197349042,DEVELOP,206,205,33
maharashtra,ratnagiri,maharashtra|ratnagiri,2026,2,8105,2026-Q2,13848541,15608330604.24,524576,14161,1127.074008,2699.51351,37.04371,26.39949,29754.183577,977.93524,8104,13020892,14525176949.64,533015,13798,0.06356,0.0745708,-0.01583,0.02631,0.28644,4.0,0.2452625,0.7245949926362297,0.7407952871870398,0.9734904270986745,0.35640648011782033,71.72312223858616,69.88217967599411,71.9661266568483,0.9189985272459499,EXPAND,56,65,34
assam,tinsukia,assam|tinsukia,2026,2,8105,2026-Q2,13913248,13298220538.25,488784,25687,955.795551,5255.28659,19.02846,28.46502,27206.742729,541.6455,8104,12847397,13407813047.03,470142,24612,0.08296,-0.0081738,0.03965,0.04368,0.33758,4.0,0.368565,0.9278350515463918,0.33726067746686306,0.7569955817378498,0.3284241531664212,61.759941089838,58.76288659793815,71.81885125184094,0.7776141384388807,EXPAND,152,182,35
maharashtra,sindhudurg,maharashtra|sindhudurg,2026,2,8105,2026-Q2,7558165,9214363961.1,296619,9275,1219.127124,3126.90691,31.98049,25.48105,31064.645087,814.8965,8104,7019075,8443068332.2,305190,8917,0.0768,0.0913525,-0.02808,0.04015,0.31448,4.0,0.2632125,0.845360824742268,0.6362297496318114,0.9572901325478645,0.17820324005891017,68.76288659793815,65.42709867452136,71.77466863033874,0.8924889543446245,EXPAND,74,104,36
uttar pradesh,kushinagar,uttar pradesh|kushinagar,2026,2,8105,2026-Q2,62347702,68203879551.47,1386079,98458,1093.927721,7103.34692,14.07787,44.98135,49206.343615,633.24161,8104,54843245,63647696489.87,1352607,96928,0.13683,0.0715844,0.02475,0.01578,0.3617,4.0,0.3340725,0.9690721649484536,0.44477172312223856,0.36671575846833576,0.7997054491899853,65.35346097201767,64.50662739322533,71.59057437407952,0.8424153166421208,DEFEND,108,114,37
maharashtra,parbhani,maharashtra|parbhani,2026,2,8105,2026-Q2,65772822,83078117306.78,907133,50831,1263.107083,5603.47821,17.84606,72.50626,91583.171714,1293.95097,8104,59225411,70398004338.31,895007,49547,0.11055,0.1801203,0.01355,0.02591,0.29803,4.0,0.3553225,0.7790868924889544,0.8718703976435935,0.6877761413843888,0.6318114874815906,75.0,74.26362297496317,71.03092783505154,0.9558173784977909,EXPAND,31,36,38
andhra pradesh,srikakulam,andhra pradesh|srikakulam,2026,2,8105,2026-Q2,98256003,148236447419.42,1148380,59392,1508.675734,5171.80724,19.3356,85.56053,129083.097424,1654.36427,8104,92908737,143404879817.28,1144688,58081,0.05755,0.0336918,0.00323,0.02257,0.27145,4.0,0.2568275,0.6494845360824743,0.9587628865979382,0.7628865979381443,0.7334315169366715,77.19440353460972,77.61413843888072,71.0162002945508,0.9734904270986745,EXPAND,19,18,39
maharashtra,latur,maharashtra|latur,2026,2,8105,2026-Q2,114882213,135860687108.6,1416945,90127,1182.608548,6360.6562,15.72165,81.0774,95882.823334,1274.67033,8104,106349124,120322615814.34,1396494,88404,0.08024,0.1291367,0.01464,0.01949,0.30946,4.0,0.32895,0.8159057437407953,0.8586156111929307,0.5169366715758469,0.8085419734904271,75.03681885125184,75.0,70.94256259204712,0.9572901325478645,EXPAND,30,27,40
maharashtra,sangli,maharashtra|sangli,2026,2,8105,2026-Q2,77033307,95139218961.47,1580036,86833,1235.040045,5495.63428,18.19626,48.75415,60213.323596,887.14322,8104,72724743,90227744488.08,1554515,85693,0.05924,0.0544342,0.01642,0.0133,0.26661,4.0,0.2588575,0.6215022091310751,0.6833578792341679,0.7083946980854198,0.8512518409425626,70.46391752577318,71.61266568483063,70.93519882179676,0.9086892488954345,EXPAND,63,52,41
gujarat,mahisagar,gujarat|mahisagar,2026,2,8105,2026-Q2,6137394,6998223144.4,282541,9790,1140.259717,3464.98384,28.86016,21.72214,24768.876533,626.90439,8104,5941319,6771636191.8,277330,9733,0.033,0.0334612,0.01879,0.00586,0.3158,4.0,0.343155,0.8527245949926362,0.4374079528718704,0.9396170839469808,0.15758468335787923,63.15905743740795,59.683357879234165,70.93519882179676,0.7997054491899853,EXPAND,137,172,41
maharashtra,gadchiroli,maharashtra|gadchiroli,2026,2,8105,2026-Q2,20235867,26586391668.45,463308,17139,1313.825183,3699.26701,27.03238,43.67692,57383.838976,1180.69123,8104,19213271,24505000680.48,449945,16774,0.05322,0.0849374,0.0297,0.02176,0.29501,4.0,0.33599,0.7658321060382917,0.8217967599410898,0.9293078055964654,0.30927835051546393,72.93814432989691,70.65537555228276,70.89101620029454,0.93519882179676,EXPAND,45,58,43
gujarat,valsad,gujarat|valsad,2026,2,8105,2026-Q2,51903972,48772915110.5,1252554,52222,939.675968,4169.24141,23.98518,41.43851,38938.772389,993.91008,8104,50752709,48214113969.62,1210516,50852,0.02268,0.01159,0.03473,0.02694,0.25222,4.0,0.2804025,0.5110456553755522,0.7466863033873343,0.8865979381443299,0.7687776141384389,71.53902798232696,72.82768777614137,70.6921944035346,0.914580265095729,EXPAND,58,44,44
telangana,mahabubnagar,telangana|mahabubnagar,2026,2,8105,2026-Q2,64498115,88892397070.02,650091,35675,1378.216977,5487.69326,18.22259,99.21398,136738.390579,1807.93595,8104,59175967,81736012304.13,636963,34484,0.08994,0.0875549,0.02061,0.03454,0.31724,4.0,0.3039525,0.8586156111929307,0.9749631811487481,0.7128129602356407,0.4477172312223859,76.90721649484537,74.85272459499264,70.4860088365243,0.9705449189985272,EXPAND,21,29,45
andhra pradesh,kakinada,andhra pradesh|kakinada,2026,2,8105,2026-Q2,150675340,202569584371.67,1518007,94093,1344.410999,6198.45627,16.13305,99.25866,133444.433637,1601.34484,8104,139653754,189527094448.69,1481623,90998,0.07892,0.068816,0.02456,0.03401,0.29229,4.0,0.26975,0.748159057437408,0.946980854197349,0.5552282768777614,0.8379970544918999,76.75994108983801,77.20913107511046,70.30927835051547,0.9690721649484536,EXPAND,22,19,46
telangana,narayanpet,telangana|narayanpet,2026,2,8105,2026-Q2,21594457,34646353257.66,248512,12071,1604.40956,4857.31071,20.58752,86.89503,139415.212375,1788.95344,8104,19116959,31152379193.65,244654,11645,0.1296,0.1121575,0.01577,0.03658,0.36121,4.0,0.347585,0.96759941089838,0.9720176730486009,0.8114874815905744,0.12371134020618557,76.0898379970545,71.87039764359352,70.19882179675994,0.9646539027982327,EXPAND,25,50,47
punjab,tarn taran,punjab|tarn taran,2026,2,8105,2026-Q2,6589627,13907125870.9,360111,19428,2110.457219,5395.00321,18.53567,18.29888,38618.997673,339.18195,8104,5668487,12187356286.09,344684,19172,0.1625,0.141111,0.04476,0.01335,0.36454,4.0,0.299225,0.9720176730486009,0.11487481590574374,0.7304860088365243,0.21796759941089838,54.65390279823269,50.88365243004418,69.89690721649484,0.6435935198821797,DEVELOP,243,306,48
assam,sribhumi,assam|sribhumi,2026,2,8105,2026-Q2,15234907,16362420835.92,431489,21520,1074.00858,4987.38091,20.0506,35.30775,37920.829583,707.94178,8104,15304557,18158042259.02,424586,20845,-0.00455,-0.0988885,0.01626,0.03238,0.32343,4.0,0.450975,0.8807069219440353,0.5346097201767305,0.7908689248895434,0.2768777614138439,65.09572901325478,62.07658321060382,69.83063328424153,0.8350515463917526,EXPAND,113,145,49
gujarat,gandhinagar,gujarat|gandhinagar,2026,2,8105,2026-Q2,60548590,66840655989.8,1507310,81825,1103.91763,5428.54489,18.42114,40.16997,44344.332612,739.97666,8104,58252097,65725223002.5,1462040,80600,0.03942,0.0169712,0.03096,0.0152,0.26347,4.0,0.273955,0.593519882179676,0.5699558173784978,0.7216494845360825,0.8321060382916053,66.7378497790869,67.93078055964654,69.80117820324007,0.8615611192930781,EXPAND,95,83,50
jharkhand,dumka,jharkhand|dumka,2026,2,8105,2026-Q2,14676610,16856831249.46,435783,15734,1148.550738,3610.51257,27.6969,33.67871,38681.709129,932.79586,8104,13905097,16541410028.8,416449,15257,0.05548,0.0190686,0.04643,0.03126,0.2903,4.0,0.372115,0.7437407952871871,0.7083946980854198,0.93519882179676,0.28424153166421207,69.08689248895435,66.78939617083948,69.58762886597938,0.8954344624447718,EXPAND,72,91,51
maharashtra,ahilyanagar,maharashtra|ahilyanagar,2026,2,8105,2026-Q2,222959472,288700445193.81,3056663,192869,1294.856158,6309.78947,15.84839,72.94212,94449.550112,1156.01508,8104,211296117,277956203187.8,2996198,189297,0.0552,0.0386544,0.02018,0.01887,0.27652,4.0,0.260535,0.6745213549337261,0.8100147275405007,0.5287187039764359,0.9617083946980854,72.9381443298969,74.37407952871871,69.52871870397644,0.9337260677466863,EXPAND,46,33,52
west bengal,jalpaiguri,west bengal|jalpaiguri,2026,2,8105,2026-Q2,30674417,32880174686.24,849446,49094,1071.908708,5779.5316,17.30244,36.11109,38707.786824,624.8099,8104,28292533,32320046910.26,828261,47371,0.08419,0.0173307,0.02558,0.03637,0.30259,4.0,0.3325725,0.7997054491899853,0.43446244477172313,0.6480117820324006,0.593519882179676,62.92341678939617,61.89248895434463,69.50662739322534,0.7908689248895434,EXPAND,143,147,53
telangana,khammam,telangana|khammam,2026,2,8105,2026-Q2,97870411,143375171782.82,954846,63019,1464.949113,6599.91245,15.15172,102.49863,150155.283452,1553.03021,8104,88524270,126314806889.0,943615,61189,0.10558,0.1350623,0.0119,0.02991,0.33302,4.0,0.2940475,0.9175257731958762,0.9381443298969072,0.4639175257731959,0.6524300441826215,75.62592047128129,74.30044182621502,69.24889543446244,0.9617083946980854,DEVELOP,27,35,54
telangana,nizamabad,telangana|nizamabad,2026,2,8105,2026-Q2,95166828,166485715948.5,1064071,75876,1749.409111,7130.72718,14.02382,89.43654,156461.097002,1254.2415,8104,81148447,133631403378.36,1045443,73882,0.17275,0.2458577,0.01782,0.02699,0.37637,4.0,0.29437,0.979381443298969,0.8483063328424153,0.36082474226804123,0.6966126656848306,73.5419734904271,72.1281296023564,69.21944035346097,0.9381443298969072,DEVELOP,43,47,55
gujarat,aravalli,gujarat|aravalli,2026,2,8105,2026-Q2,14115677,16774255949.3,404397,21620,1188.342291,5346.23155,18.70476,34.90549,41479.674551,652.89903,8104,13353672,16054338897.79,398242,21241,0.05706,0.0448425,0.01546,0.01784,0.33554,4.0,0.32708,0.9263622974963182,0.46686303387334316,0.7393225331369662,0.2503681885125184,62.95287187039765,59.57290132547865,69.1899852724595,0.792341678939617,EXPAND,142,175,56
punjab,ludhiana,punjab|ludhiana,2026,2,8105,2026-Q2,60025670,67446697678.68,2834380,161319,1123.630901,5691.50925,17.57003,21.17771,23795.926333,372.093,8104,55115184,66269018775.42,2716444,158348,0.08909,0.0177712,0.04342,0.01876,0.25676,4.0,0.2787875,0.5449189985272459,0.15022091310751104,0.6701030927835051,0.9572901325478645,56.00147275405008,58.06332842415317,69.18262150220913,0.6759941089837997,DEVELOP,221,194,57
maharashtra,jalgaon,maharashtra|jalgaon,2026,2,8105,2026-Q2,127870732,164063763388.24,2154509,140145,1283.043906,6504.73031,15.37343,59.35029,76149.02671,912.41737,8104,118674810,153549762717.67,2117158,136153,0.07749,0.0684729,0.01764,0.02932,0.28676,4.0,0.332205,0.7304860088365243,0.6966126656848306,0.4889543446244477,0.9131075110456554,69.81590574374079,70.72901325478644,69.16053019145802,0.9013254786450663,DEFEND,68,57,58
telangana,vikarabad,telangana|vikarabad,2026,2,8105,2026-Q2,42818239,57046973920.63,479805,26777,1332.305467,5580.80887,17.91855,89.24092,118896.163901,1599.06782,8104,38555114,53310416922.13,472905,26005,0.11057,0.0700906,0.01459,0.02969,0.33513,4.0,0.2940525,0.9234167893961709,0.9455081001472754,0.6921944035346097,0.3166421207658321,74.97790868924889,71.9440353460972,69.07952871870397,0.9543446244477173,EXPAND,32,49,59
andhra pradesh,sri sathyasai,andhra pradesh|sri sathyasai,2026,2,8105,2026-Q2,85330321,122295803386.54,1068571,55634,1433.204539,5206.39246,19.20716,79.85461,114447.990247,1533.78008,8104,81324483,115438636478.0,1040756,53365,0.04926,0.059401,0.02673,0.04252,0.26573,4.0,0.271835,0.6156111929307806,0.930780559646539,0.7614138438880707,0.6995581737849779,74.76435935198822,75.1840942562592,68.76288659793815,0.9499263622974963,EXPAND,35,26,60
assam,cachar,assam|cachar,2026,2,8105,2026-Q2,26018006,25000437571.49,716688,43480,960.889838,6066.79615,16.48316,36.30311,34883.293109,598.3902,8104,24892848,26738859327.56,697446,41813,0.0452,-0.0650148,0.02759,0.03987,0.32361,4.0,0.3954525,0.882179675994109,0.40942562592047127,0.5846833578792342,0.5125184094256259,61.56848306332843,59.72017673048601,68.5640648011782,0.7717231222385862,EXPAND,156,170,61
assam,nagaon,assam|nagaon,2026,2,8105,2026-Q2,29307996,29584684211.68,813711,55055,1009.440707,6765.91566,14.77997,36.0177,36357.729233,532.34031,8104,25961915,29611799541.51,807028,52134,0.12888,-0.0009157,0.00828,0.05603,0.37753,4.0,0.390815,0.9808541973490427,0.3284241531664212,0.43151693667157587,0.5670103092783505,59.76435935198822,57.695139911634755,68.51251840942562,0.7437407952871871,DEVELOP,175,200,62
uttar pradesh,siddharthnagar,uttar pradesh|siddharthnagar,2026,2,8105,2026-Q2,36272308,42057498055.47,830190,52702,1159.493299,6348.18536,15.75253,43.69157,50660.087517,688.25297,8104,28885001,33935646528.44,829384,51869,0.25575,0.239331,0.00097,0.01606,0.32649,4.0,0.344035,0.8939617083946981,0.5154639175257731,0.5184094256259205,0.5817378497790869,64.30044182621502,62.73932253313696,68.44624447717233,0.8247422680412371,EXPAND,120,136,63
gujarat,surat,gujarat|surat,2026,2,8105,2026-Q2,201601478,201596061242.64,5936087,396519,999.973131,6679.80439,14.9705,33.96202,33961.102868,508.42829,8104,204111967,207188425996.09,5678566,390252,-0.0123,-0.0269917,0.04535,0.01606,0.28073,4.0,0.321255,0.695139911634757,0.3019145802650957,0.4536082474226804,0.9852724594992637,59.447717231222384,60.89837997054492,68.31369661266568,0.7363770250368189,DEFEND,180,155,64
karnataka,udupi,karnataka|udupi,2026,2,8105,2026-Q2,34716559,44882874883.02,782137,38146,1292.837659,4877.15068,20.50377,44.3868,57384.927299,910.09697,8104,32458111,40415196232.39,785567,37022,0.06958,0.1105445,-0.00437,0.03036,0.27307,4.0,0.20616,0.6553755522827688,0.695139911634757,0.8100147275405007,0.5478645066273933,68.24742268041237,67.7098674521355,68.26215022091311,0.8792341678939617,EXPAND,83,86,65
bihar,nalanda,bihar|nalanda,2026,2,8105,2026-Q2,46158183,59422599132.5,1207639,70735,1287.36868,5857.29676,17.07272,38.22184,49205.597975,652.55083,8104,42733666,57283419084.83,1186407,68455,0.08014,0.0373438,0.0179,0.03331,0.27693,4.0,0.28759,0.6759941089837997,0.4653902798232695,0.6347569955817378,0.748159057437408,62.746686303387335,63.10751104565537,67.96023564064801,0.7879234167893961,EXPAND,145,130,66
bihar,aurangabad,bihar|aurangabad,2026,2,8105,2026-Q2,55540259,64766758939.85,995686,60210,1166.122739,6047.08713,16.53689,55.7809,65047.373308,922.44243,8104,52056676,65204115196.45,983495,58336,0.06692,-0.0067075,0.0124,0.03212,0.29494,4.0,0.33508,0.7643593519882179,0.7054491899852725,0.5891016200294551,0.6686303387334315,68.66715758468335,68.18851251840942,67.90868924889543,0.8880706921944035,EXPAND,77,80,67
telangana,nalgonda,telangana|nalgonda,2026,2,8105,2026-Q2,105596264,170442770836.59,988045,66537,1614.098495,6734.20745,14.84956,106.87394,172505.068936,1587.03073,8104,95056308,149343326067.95,976304,65095,0.11088,0.1412815,0.01203,0.02215,0.32681,4.0,0.2739725,0.8969072164948454,0.9440353460972017,0.4374079528718704,0.6671575846833578,74.78645066273933,73.63770250368188,67.86450662739323,0.9513991163475699,DEVELOP,34,38,68
west bengal,south twenty four parganas,west bengal|south twenty four parganas,2026,2,8105,2026-Q2,118227823,154834767040.57,3352814,238625,1309.630535,7117.15592,14.05056,35.26227,46180.54179,495.45447,8104,113529625,165391055855.79,3301082,233893,0.04138,-0.0638262,0.01567,0.02023,0.29514,4.0,0.3584475,0.7673048600883653,0.28276877761413843,0.36524300441826213,0.9690721649484536,58.60088365243005,59.609720176730484,67.70250368188513,0.7245949926362297,DEFEND,187,174,69
telangana,siddipet,telangana|siddipet,2026,2,8105,2026-Q2,73789970,113459275640.82,698859,42335,1537.59753,6057.73124,16.50783,105.58635,162349.30886,1743.00154,8104,65491328,101174428068.31,693278,41300,0.12671,0.1214225,0.00805,0.02506,0.3203,4.0,0.273255,0.865979381443299,0.96759941089838,0.5876288659793815,0.49779086892488955,74.8159057437408,72.97496318114875,67.65095729013255,0.9528718703976435,EXPAND,33,41,70
andhra pradesh,nandyal,andhra pradesh|nandyal,2026,2,8105,2026-Q2,94934254,144896192540.2,1064099,64306,1526.279361,6043.2347,16.54743,89.21562,136167.962323,1476.28921,8104,89220060,132269790048.44,1053266,62510,0.06405,0.0954595,0.01029,0.02873,0.28831,4.0,0.2993675,0.7349042709867453,0.9175257731958762,0.5905743740795287,0.6980854197349042,73.71134020618557,73.52724594992637,67.51840942562592,0.9410898379970545,EXPAND,40,40,71
maharashtra,hingoli,maharashtra|hingoli,2026,2,8105,2026-Q2,34948727,44828505246.38,538841,31541,1282.693508,5853.48925,17.08383,64.85907,83194.310096,1108.04118,8104,30807593,35695263354.07,531598,30645,0.13442,0.2558671,0.01362,0.02924,0.3269,4.0,0.3596175,0.898379970544919,0.792341678939617,0.6362297496318114,0.36524300441826213,69.97054491899853,67.30486008836523,67.33431516936672,0.9027982326951399,EXPAND,67,90,72
madhya pradesh,morena,madhya pradesh|morena,2026,2,8105,2026-Q2,45334539,57660544335.05,883974,59538,1271.889945,6735.26597,14.84722,51.28492,65228.778601,761.43873,8104,40811012,52823908171.53,856989,58150,0.11084,0.0915615,0.03149,0.02387,0.3301,4.0,0.3367375,0.9101620029455081,0.5876288659793815,0.43593519882179677,0.625920471281296,65.4123711340206,63.99116347569955,67.31222385861561,0.8438880706921944,DEVELOP,107,121,73
kerala,kasargod,kerala|kasargod,2026,2,8105,2026-Q2,12223358,15555412016.37,575308,34362,1272.59727,5972.80066,16.74256,21.24663,27038.407282,355.72312,8104,11362518,14464044166.87,559426,33314,0.07576,0.0754539,0.02839,0.03146,0.32795,4.0,0.2605925,0.9042709867452136,0.13402061855670103,0.6067746686303387,0.3961708394698085,53.571428571428555,51.03092783505154,67.31222385861561,0.6200294550810015,DEVELOP,259,303,73
andhra pradesh,anakapalli,andhra pradesh|anakapalli,2026,2,8105,2026-Q2,97152961,137194912578.21,1005920,60549,1412.153692,6019.26595,16.61332,96.5812,136387.498587,1604.53453,8104,91693396,131407990533.52,994246,59202,0.05954,0.0440378,0.01174,0.02275,0.28689,4.0,0.2692225,0.7319587628865979,0.9499263622974963,0.5979381443298969,0.6715758468335787,74.08689248895433,73.78497790868924,66.99558173784978,0.9455081001472754,EXPAND,38,37,75
maharashtra,beed,maharashtra|beed,2026,2,8105,2026-Q2,110400541,153976872062.71,1411573,87769,1394.711209,6217.81516,16.08282,78.211,109081.763439,1257.85347,8104,99578459,133628126135.52,1392043,85555,0.10868,0.1522789,0.01403,0.02588,0.27941,4.0,0.35246,0.6877761413843888,0.8512518409425626,0.5508100147275405,0.8070692194403535,71.8262150220913,72.42268041237112,66.96612665684832,0.9204712812960235,EXPAND,55,46,76
bihar,pashchim champaran,bihar|pashchim champaran,2026,2,8105,2026-Q2,104473063,110397679459.65,1743350,132309,1056.709512,7589.35383,13.17635,59.92661,63325.023351,789.61418,8104,98737738,111684268305.88,1725092,129585,0.05809,-0.0115199,0.01058,0.02102,0.32114,4.0,0.3487575,0.8689248895434463,0.6126656848306333,0.2916053019145803,0.8792341678939617,66.25920471281297,66.31075110456554,66.94403534609721,0.8541973490427098,DEFEND,100,93,77
jharkhand,pakur,jharkhand|pakur,2026,2,8105,2026-Q2,11376615,16448732639.64,259537,10677,1445.837153,4113.8643,24.30805,43.83427,63377.216503,1065.52543,8104,10592485,16399869650.36,261921,10249,0.07403,0.0029795,-0.0091,0.04176,0.30423,4.0,0.43339,0.8041237113402062,0.7717231222385862,0.8939617083946981,0.13843888070692195,68.53460972017673,65.20618556701031,66.91458026509572,0.8865979381443299,EXPAND,78,109,78
andhra pradesh,ntr,andhra pradesh|ntr,2026,2,8105,2026-Q2,237905762,322775184105.85,2258324,155490,1356.735463,6885.19451,14.52392,105.34616,142926.871479,1530.03899,8104,222832715,303109157908.5,2202153,151376,0.06764,0.064881,0.02551,0.02718,0.2901,4.0,0.27919,0.7422680412371134,0.9278350515463918,0.4005891016200295,0.9219440353460973,73.91752577319588,74.8159057437408,66.75994108983801,0.9440353460972017,DEFEND,39,30,79
telangana,nirmal,telangana|nirmal,2026,2,8105,2026-Q2,35201110,59291923176.46,404313,23502,1684.37652,5812.82323,17.20334,87.06401,146648.569738,1497.7921,8104,30790719,51560020364.13,400480,22773,0.14324,0.1499593,0.00957,0.03201,0.34903,4.0,0.321555,0.9513991163475699,0.9204712812960235,0.6421207658321061,0.24889543446244478,72.58468335787923,69.0721649484536,66.75257731958763,0.9293078055964654,EXPAND,49,70,80
gujarat,devbhumi dwarka,gujarat|devbhumi dwarka,2026,2,8105,2026-Q2,4455573,5423263634.89,239469,12813,1217.186574,5350.58818,18.68953,18.60605,22647.038384,347.73847,8104,4088437,5297142517.16,236076,12644,0.0898,0.0238093,0.01437,0.01337,0.35209,4.0,0.340365,0.9543446244477173,0.12665684830633284,0.7363770250368189,0.11192930780559647,52.444771723122244,48.23269513991164,66.74521354933727,0.5861561119293078,DEVELOP,282,351,81
maharashtra,kolhapur,maharashtra|kolhapur,2026,2,8105,2026-Q2,86408217,97444712001.93,2174003,121947,1127.725063,5609.32989,17.82744,39.74614,44822.712757,708.5719,8104,82052254,92283407288.89,2148138,118764,0.05309,0.0559288,0.01204,0.0268,0.24974,4.0,0.234955,0.49189985272459497,0.5390279823269514,0.6863033873343152,0.9160530191458026,63.71134020618556,65.8321060382916,66.59793814432989,0.8100147275405007,EXPAND,130,100,82
andhra pradesh,palnadu,andhra pradesh|palnadu,2026,2,8105,2026-Q2,99141013,154004558094.93,1145432,76084,1553.38899,6642.38471,15.05483,86.55338,134451.070072,1303.0468,8104,92520235,144216835925.43,1125032,73145,0.07156,0.0678681,0.01813,0.04018,0.30388,4.0,0.276675,0.8026509572901326,0.8748159057437408,0.46244477172312226,0.7319587628865979,72.15022091310752,71.79675994108983,66.59057437407954,0.9234167893961709,DEVELOP,53,51,83
telangana,jagtial,telangana|jagtial,2026,2,8105,2026-Q2,48888034,86097905647.65,584597,36289,1761.12432,6207.52416,16.10948,83.6269,147277.36483,1347.18603,8104,42551448,75726520927.86,580124,35492,0.14892,0.1369584,0.00771,0.02246,0.33988,4.0,0.304435,0.930780559646539,0.8895434462444771,0.5522827687776142,0.39911634756995584,71.95139911634757,69.29307805596466,66.53902798232694,0.9219440353460973,EXPAND,54,68,84
assam,hojai,assam|hojai,2026,2,8105,2026-Q2,19368667,18498314601.67,442831,27188,955.063898,6139.58824,16.28774,43.73828,41772.853756,712.39764,8104,17445237,18028579994.18,433271,26028,0.11026,0.026055,0.02206,0.04457,0.41102,4.0,0.46157,0.9867452135493373,0.5463917525773195,0.5640648011782032,0.2916053019145803,63.19587628865979,59.720176730485996,66.5022091310751,0.801178203240059,EXPAND,136,171,85
madhya pradesh,ratlam,madhya pradesh|ratlam,2026,2,8105,2026-Q2,45486079,55691329826.36,852323,46531,1224.359871,5459.31531,18.31732,53.36718,65340.639436,977.54355,8104,43823487,53101602339.91,827329,45281,0.03794,0.0487693,0.03021,0.02761,0.27338,4.0,0.2989925,0.658321060382916,0.7393225331369662,0.7201767304860088,0.5979381443298969,68.19587628865979,67.8939617083947,66.48748159057438,0.8777614138438881,EXPAND,84,84,86
karnataka,chamarajanagar,karnataka|chamarajanagar,2026,2,8105,2026-Q2,26827517,38087786669.39,429301,17204,1419.728358,4007.44466,24.95356,62.49116,88720.470414,1559.37671,8104,24561631,35824991935.5,417414,16738,0.09225,0.0631625,0.02848,0.02784,0.27975,4.0,0.22437,0.6892488954344624,0.9396170839469808,0.9160530191458026,0.27393225331369664,72.54786450662739,70.47128129602356,66.480117820324,0.9278350515463918,EXPAND,50,62,87
jharkhand,godda,jharkhand|godda,2026,2,8105,2026-Q2,20667004,22357295683.19,458276,25126,1081.786972,5482.7222,18.23911,45.09729,48785.65686,822.53459,8104,19239456,21973594168.46,444628,24362,0.0742,0.0174619,0.0307,0.03136,0.31415,4.0,0.38204,0.8409425625920471,0.6421207658321061,0.7157584683357879,0.3078055964653903,65.33136966126656,62.66568483063328,66.38438880706923,0.8394698085419735,EXPAND,110,139,88
uttar pradesh,gorakhpur,uttar pradesh|gorakhpur,2026,2,8105,2026-Q2,84223276,95476560476.64,2244276,168785,1133.612524,7520.68819,13.29666,37.52804,42542.254374,498.9974,8104,73662205,87991446625.25,2208323,166105,0.14337,0.0850664,0.01628,0.01613,0.31041,4.0,0.2870425,0.8217967599410898,0.29455081001472755,0.29896907216494845,0.9204712812960235,57.90132547864506,58.39469808541974,66.34756995581738,0.7083946980854198,DEFEND,199,186,89
punjab,kapurthala,punjab|kapurthala,2026,2,8105,2026-Q2,10609846,11348650293.75,364471,22011,1069.633838,6039.16361,16.55858,29.11026,31137.320373,482.02471,8104,10119263,10606464529.51,361259,21747,0.04848,0.0699748,0.00889,0.01214,0.43308,4.0,0.237545,0.9941089837997055,0.26804123711340205,0.593519882179676,0.2268041237113402,55.89837997054492,52.0618556701031,66.20765832106039,0.6745213549337261,DEVELOP,222,287,90
bihar,gaya,bihar|gaya,2026,2,8105,2026-Q2,93692841,115999667055.51,1850142,104785,1238.084637,5663.61933,17.65655,50.64089,62697.71026,894.14364,8104,87829219,116641173136.3,1808853,102131,0.06676,-0.0054998,0.02283,0.02599,0.25113,4.0,0.30894,0.5007363770250368,0.6892488954344624,0.6759941089837997,0.8939617083946981,67.03240058910163,68.99852724594993,66.03829160530191,0.8645066273932254,EXPAND,93,73,91
goa,north goa,goa|north goa,2026,2,8105,2026-Q2,32267206,44147463987.34,722076,20847,1368.18366,2887.09222,34.63693,44.68672,61139.636253,1547.81052,8104,32187106,42618604145.44,716540,20650,0.00249,0.0358731,0.00773,0.00954,0.24577,4.0,0.1909225,0.4786450662739323,0.93519882179676,0.96759941089838,0.5154639175257731,72.23858615611192,72.42268041237114,65.89837997054492,0.9248895434462445,EXPAND,52,45,92
kerala,kozhikode,kerala|kozhikode,2026,2,8105,2026-Q2,33385313,35843449264.67,1633191,97156,1073.629271,5948.84493,16.80999,20.44177,21946.881452,343.62585,8104,31964658,35212021258.01,1589307,95963,0.04444,0.0179322,0.02761,0.01243,0.26072,4.0,0.2049525,0.5743740795287187,0.12076583210603829,0.6111929307805597,0.8586156111929307,52.70250368188512,54.123711340206185,65.8321060382916,0.593519882179676,DEVELOP,277,252,93
andhra pradesh,chittoor,andhra pradesh|chittoor,2026,2,8105,2026-Q2,96240891,140514197718.76,1126392,50979,1460.025944,4525.86666,22.09522,85.44174,124747.15527,1887.85365,8104,91197763,132653914130.77,1104837,49320,0.0553,0.0592541,0.01951,0.03364,0.24228,4.0,0.2273825,0.45508100147275404,0.979381443298969,0.845360824742268,0.7201767304860088,73.67452135493373,75.0,65.79528718703976,0.9396170839469808,EXPAND,42,27,94
assam,golaghat,assam|golaghat,2026,2,8105,2026-Q2,11228754,9487475595.69,425542,18623,844.926837,4376.30128,22.85035,26.38695,22295.039257,602.95087,8104,10494302,9945577756.23,407235,17324,0.06999,-0.0460609,0.04495,0.07498,0.28463,4.0,0.3569375,0.7172312223858616,0.41384388807069217,0.8630338733431517,0.2709867452135493,58.85861561119293,56.62739322533137,65.6701030927835,0.727540500736377,DEVELOP,186,221,95
west bengal,kalimpong,west bengal|kalimpong,2026,2,8105,2026-Q2,3031832,3556603728.07,102778,2898,1173.087337,2819.66958,35.46515,29.49884,34604.718209,1046.18081,8104,2658589,3118318340.34,101385,2832,0.14039,0.1405518,0.01374,0.02331,0.30015,4.0,0.3747,0.7908689248895434,0.7628865979381443,0.9690721649484536,0.0014727540500736377,67.05449189985272,63.10751104565537,65.58910162002944,0.865979381443299,EXPAND,92,130,96
bihar,banka,bihar|banka,2026,2,8105,2026-Q2,26011792,29187204208.37,653038,38472,1122.075873,5891.23451,16.97437,39.83197,44694.495892,676.12269,8104,24274212,28459178465.37,623881,37166,0.07158,0.0255814,0.04673,0.03514,0.30606,4.0,0.33158,0.8085419734904271,0.5022091310751104,0.6244477172312224,0.45508100147275404,61.52430044182622,59.75699558173785,65.57437407952872,0.7702503681885126,EXPAND,157,169,97
punjab,hoshiarpur,punjab|hoshiarpur,2026,2,8105,2026-Q2,9789677,14262689120.91,566617,33238,1456.911103,5866.04355,17.04727,17.27741,25171.657612,294.53267,8104,8720387,13561378484.04,544909,32928,0.12262,0.0517138,0.03984,0.00941,0.31273,4.0,0.2719575,0.8350515463917526,0.08394698085419734,0.6332842415316642,0.390279823269514,50.7879234167894,48.564064801178205,65.3240058910162,0.5449189985272459,DEVELOP,309,339,98
maharashtra,solapur,maharashtra|solapur,2026,2,8105,2026-Q2,234327059,299971694631.28,2688732,178647,1280.141081,6644.28437,15.05053,87.15151,111566.230711,1311.67643,8104,221152066,287071144873.93,2639327,174751,0.05957,0.0449385,0.01872,0.02229,0.26809,4.0,0.292405,0.6318114874815906,0.8762886597938144,0.46097201767304863,0.946980854197349,71.32547864506627,72.90132547864508,65.08100147275404,0.9131075110456554,DEFEND,60,43,99
nagaland,chumoukedima,nagaland|chumoukedima,2026,2,8105,2026-Q2,2459057,2841541200.48,104347,3389,1155.541006,3247.81738,30.78991,23.56615,27231.652089,725.59959,8104,2218803,2884563199.65,99896,3117,0.10828,-0.0149146,0.04456,0.08726,0.30001,4.0,0.4224875,0.7893961708394698,0.5625920471281296,0.9528718703976435,0.004418262150220913,61.65684830633285,57.73195876288659,65.03681885125184,0.7746686303387335,EXPAND,154,198,100
haryana,jhajjar,haryana|jhajjar,2026,2,8105,2026-Q2,41818978,53437506951.9,876045,37642,1277.829098,4296.81124,23.27307,47.73611,60998.586776,1110.96589,8104,37569670,49237015428.17,846998,36672,0.1131,0.0853117,0.03429,0.02645,0.24434,4.0,0.2750525,0.4742268041237113,0.7952871870397643,0.8748159057437408,0.6170839469808542,68.32106038291606,69.03534609720177,65.01472754050073,0.882179675994109,EXPAND,81,71,101
uttar pradesh,varanasi,uttar pradesh|varanasi,2026,2,8105,2026-Q2,92690252,106481545483.72,2544739,202209,1148.789039,7946.15872,12.5847,36.42427,41843.798316,458.38836,8104,85002819,102828742145.29,2505266,199502,0.09044,0.0355232,0.01576,0.01357,0.31527,4.0,0.2662475,0.8497790868924889,0.24005891016200295,0.21649484536082475,0.9366715758468336,55.640648011782034,56.07511045655376,64.98527245949927,0.6686303387334315,DEFEND,226,232,102
telangana,rangareddy,telangana|rangareddy,2026,2,8105,2026-Q2,845329674,1039785726319.63,7229570,452117,1230.035758,6253.7191,15.99048,116.92669,143824.007005,1869.71442,8104,782985571,969047155678.97,6946775,441736,0.07962,0.0729981,0.04071,0.0235,0.25474,4.0,0.2316275,0.5287187039764359,0.9779086892488954,0.5419734904270986,0.9926362297496318,73.71134020618557,76.03092783505154,64.93372606774669,0.9410898379970545,EXPAND,40,24,103
assam,karbi anglong,assam|karbi anglong,2026,2,8105,2026-Q2,6761183,6036811417.18,250231,12381,892.863189,4947.82821,20.21089,27.01977,24124.954211,546.09345,8104,6205643,6282466677.73,240110,11886,0.08952,-0.0391017,0.04215,0.04165,0.31417,4.0,0.365305,0.8424153166421208,0.3431516936671576,0.801178203240059,0.12665684830633284,56.4138438880707,52.83505154639175,64.90427098674522,0.6818851251840943,DEVELOP,217,273,104
west bengal,hooghly,west bengal|hooghly,2026,2,8105,2026-Q2,87725602,110505245954.49,2429162,185273,1259.669281,7627.03352,13.11126,36.11352,45491.097734,473.49372,8104,82383693,111378129713.23,2375255,182191,0.06484,-0.0078371,0.0227,0.01692,0.2998,4.0,0.32538,0.7864506627393225,0.2621502209131075,0.2812960235640648,0.9337260677466863,55.854197349042714,56.59057437407953,64.64653902798231,0.6715758468335787,DEFEND,224,222,105
telangana,bhadradri kothagudem,telangana|bhadradri kothagudem,2026,2,8105,2026-Q2,71857650,96566093902.97,706875,47526,1343.852657,6723.39523,14.87344,101.65538,136609.858749,1511.96503,8104,66655801,91152576196.7,697182,46071,0.07804,0.0593896,0.0139,0.03158,0.33195,4.0,0.299455,0.9131075110456554,0.9248895434462445,0.4418262150220913,0.5022091310751104,71.60530191458027,69.55081001472753,64.54344624447718,0.9175257731958762,DEVELOP,57,66,106
karnataka,bengaluru rural,karnataka|bengaluru rural,2026,2,8105,2026-Q2,158598671,187652207915.39,1550735,91224,1183.189031,5882.62985,16.9992,102.27323,121008.559113,1738.563,8104,148652595,173583918916.67,1489653,89514,0.06691,0.081046,0.041,0.0191,0.25585,4.0,0.23692,0.5375552282768777,0.9661266568483063,0.6288659793814433,0.8409425625920471,72.82032400589102,74.33726067746687,64.5360824742268,0.9322533136966127,EXPAND,47,34,107
karnataka,chikkamagaluru,karnataka|chikkamagaluru,2026,2,8105,2026-Q2,46620100,64728212930.02,675439,29068,1388.418578,4303.57146,23.23651,69.02192,95831.322932,1603.82895,8104,42736111,60882815881.2,659338,28366,0.09088,0.0631606,0.02442,0.02475,0.25739,4.0,0.2077125,0.5522827687776142,0.9484536082474226,0.8733431516936672,0.47128129602356406,71.53902798232696,71.1340206185567,64.44035346097202,0.914580265095729,EXPAND,58,54,108
jharkhand,sahibganj,jharkhand|sahibganj,2026,2,8105,2026-Q2,21869671,26671891522.55,417642,18727,1219.583574,4483.98389,22.3016,52.36464,63863.049029,1167.81497,8104,20286884,25243981835.61,404906,18390,0.07802,0.0565644,0.03145,0.01833,0.28204,4.0,0.3957125,0.7025036818851251,0.812960235640648,0.8497790868924889,0.26362297496318116,67.9160530191458,65.72164948453609,64.43298969072164,0.8733431516936672,EXPAND,87,101,109
gujarat,sabarkantha,gujarat|sabarkantha,2026,2,8105,2026-Q2,22687281,28403788188.49,637937,31827,1251.969691,4989.05064,20.04389,35.56351,44524.440797,712.83128,8104,21698901,27200553264.02,626782,31459,0.04555,0.0442357,0.0178,0.0117,0.27066,4.0,0.2798475,0.6435935198821797,0.5478645066273933,0.7893961708394698,0.4418262150220913,61.575846833578794,60.56701030927836,64.41826215022091,0.7731958762886598,EXPAND,155,158,110
andhra pradesh,vizianagaram,andhra pradesh|vizianagaram,2026,2,8105,2026-Q2,94948956,134025035315.12,1027416,54937,1411.548278,5347.1038,18.70171,92.4153,130448.65499,1728.32437,8104,92192390,133047207869.98,1011134,52970,0.0299,0.0073495,0.0161,0.03713,0.25535,4.0,0.2517125,0.5346097201767305,0.9646539027982327,0.7378497790868925,0.6818851251840943,72.23858615611194,72.97496318114875,64.25625920471282,0.9263622974963182,EXPAND,51,41,111
tamil nadu,krishnagiri,tamil nadu|krishnagiri,2026,2,8105,2026-Q2,73564258,97815725330.02,1558111,75543,1329.663725,4848.37088,20.62548,47.21375,62778.406243,973.80641,8104,71000927,94144960457.36,1504682,74158,0.0361,0.0389906,0.03551,0.01868,0.22784,4.0,0.23002,0.36524300441826213,0.7378497790868925,0.812960235640648,0.845360824742268,66.63475699558174,69.03534609720177,64.19734904270987,0.8600883652430045,EXPAND,96,71,112
gujarat,mahesana,gujarat|mahesana,2026,2,8105,2026-Q2,38171930,51062246904.23,1174556,56740,1337.690992,4830.76158,20.70067,32.49903,43473.658901,672.75167,8104,36550667,50199878099.88,1150074,56032,0.04436,0.0171787,0.02129,0.01264,0.23892,4.0,0.283985,0.42857142857142855,0.49779086892488955,0.8144329896907216,0.7407952871870398,60.47864506627393,62.03976435935199,64.16789396170839,0.7525773195876289,EXPAND,169,146,113
bihar,purbi champaran,bihar|purbi champaran,2026,2,8105,2026-Q2,140716258,154784076480.33,2309199,165992,1099.972943,7188.29343,13.91151,60.93726,67029.336354,847.72916,8104,128159827,147078523469.93,2284748,162491,0.09797,0.0523907,0.0107,0.02155,0.28395,4.0,0.3230475,0.7157584683357879,0.6671575846833578,0.35051546391752575,0.9263622974963182,65.44182621502209,66.49484536082475,64.05743740795286,0.845360824742268,DEFEND,106,92,114
andhra pradesh,kurnool,andhra pradesh|kurnool,2026,2,8105,2026-Q2,124254577,167377641230.33,1445853,96636,1347.054131,6683.66701,14.96185,85.9386,115763.940892,1285.80008,8104,115907895,158319114320.6,1413409,94882,0.07201,0.0572169,0.02295,0.01849,0.28087,4.0,0.2949075,0.6966126656848306,0.8630338733431517,0.4521354933726068,0.812960235640648,70.03681885125184,70.61855670103093,64.01325478645066,0.9042709867452136,DEFEND,66,59,115
andhra pradesh,krishna,andhra pradesh|krishna,2026,2,8105,2026-Q2,84435471,117569474962.58,944398,57805,1392.418063,6120.83041,16.33765,89.40666,124491.448481,1460.69494,8104,79546058,113658332463.08,926773,54565,0.06147,0.0344114,0.01902,0.05938,0.28072,4.0,0.2764,0.6936671575846833,0.9116347569955817,0.5699558173784978,0.6480117820324006,70.81001472754049,70.58173784977909,63.89543446244477,0.9116347569955817,EXPAND,61,60,116
uttar pradesh,kaushambi,uttar pradesh|kaushambi,2026,2,8105,2026-Q2,13172520,15708455882.6,437646,28000,1192.51714,6397.86494,15.63021,30.09857,35893.063989,470.44714,8104,11588991,15167260727.26,422439,27415,0.13664,0.0356818,0.036,0.02134,0.36735,4.0,0.37937,0.9734904270986745,0.25773195876288657,0.508100147275405,0.2857142857142857,54.06480117820324,50.62592047128129,63.865979381443296,0.6318114874815906,DEVELOP,251,309,117
uttarakhand,rudraprayag,uttarakhand|rudraprayag,2026,2,8105,2026-Q2,4124958,6024953584.43,100742,2696,1460.60968,2676.14302,37.36721,40.94576,59805.776979,1530.02893,8104,1477452,1817946650.67,118655,2595,1.79194,2.3141531,-0.15097,0.03892,0.28768,4.0,0.1465275,0.7334315169366715,0.9263622974963182,0.9779086892488954,0.0,69.60972017673048,65.94256259204712,63.5640648011782,0.898379970544919,EXPAND,70,97,118
uttar pradesh,deoria,uttar pradesh|deoria,2026,2,8105,2026-Q2,55210840,61067500236.84,1276888,97264,1106.078086,7617.26949,13.12806,43.23859,47825.259723,567.639,8104,47960687,55387649792.64,1250331,95435,0.15117,0.1025472,0.02124,0.01916,0.31602,4.0,0.3142925,0.8556701030927835,0.3711340206185567,0.28276877761413843,0.7761413843888071,57.54050073637702,57.14285714285714,63.52724594992636,0.6995581737849779,DEFEND,205,211,119
uttar pradesh,azamgarh,uttar pradesh|azamgarh,2026,2,8105,2026-Q2,63064954,70961566600.84,1681167,147768,1125.21396,8789.60865,11.37707,37.51261,42209.707067,426.78357,8104,52071396,61472208727.63,1655700,145514,0.21112,0.1543683,0.01538,0.01549,0.34248,4.0,0.312915,0.9337260677466863,0.21502209131075112,0.12223858615611193,0.865979381443299,53.762886597938156,53.424153166421206,63.27687776141384,0.6244477172312224,DEFEND,256,260,120
andhra pradesh,parvathipuram manyam,andhra pradesh|parvathipuram manyam,2026,2,8105,2026-Q2,25863941,38730494382.04,362705,15686,1497.470721,4324.72671,23.12285,71.30848,106782.35586,1648.85509,8104,25060702,40085682005.12,359604,15261,0.03205,-0.0338073,0.00862,0.02785,0.27839,4.0,0.2601675,0.6818851251840943,0.9572901325478645,0.8703976435935199,0.21944035346097202,70.53755522827687,68.22533136966126,63.22533136966126,0.9101620029455081,EXPAND,62,79,121
haryana,sonipat,haryana|sonipat,2026,2,8105,2026-Q2,56947232,67951561768.8,1337266,70723,1193.237307,5288.6262,18.9085,42.58482,50813.796035,805.21516,8104,51664135,63023630244.02,1292309,68980,0.10226,0.0781918,0.03479,0.02527,0.2394,4.0,0.27879,0.43593519882179677,0.6273932253313697,0.7452135493372607,0.7879234167893961,63.15169366715758,64.91163475699558,63.2179675994109,0.7982326951399117,EXPAND,138,113,122
bihar,arwal,bihar|arwal,2026,2,8105,2026-Q2,11862510,13125577472.3,237075,14113,1106.475566,5952.96847,16.79834,50.03695,55364.662964,840.5378,8104,11062336,13069029597.29,234871,13490,0.07233,0.0043269,0.00938,0.04618,0.37057,4.0,0.3781125,0.9764359351988218,0.6553755522827688,0.6097201767304861,0.10898379970544919,63.10014727540501,58.76288659793815,63.12223858615612,0.7967599410898379,EXPAND,139,182,123
maharashtra,amravati,maharashtra|amravati,2026,2,8105,2026-Q2,90020867,110126913785.36,1621144,101787,1223.348735,6278.71429,15.92683,55.52922,67931.604956,884.40436,8104,87188276,106637809008.73,1584049,99196,0.03249,0.0327192,0.02342,0.02612,0.26056,4.0,0.30452,0.572901325478645,0.6804123711340206,0.5331369661266568,0.8571428571428571,64.66863033873342,66.08983799705449,63.00441826215022,0.8306332842415317,EXPAND,116,94,124
punjab,jalandhar,punjab|jalandhar,2026,2,8105,2026-Q2,20981567,27306258557.32,1105536,66786,1301.440381,6041.05158,16.55341,18.97864,24699.56524,314.16116,8104,19252355,26400918313.06,1061502,65918,0.08982,0.034292,0.04148,0.01317,0.26506,4.0,0.2441,0.6097201767304861,0.10014727540500737,0.5920471281296024,0.7142857142857143,49.88217967599411,50.40500736377025,62.96759941089838,0.5095729013254786,DEVELOP,334,314,125
maharashtra,washim,maharashtra|washim,2026,2,8105,2026-Q2,36665387,44215467086.54,585804,34770,1205.918462,5935.43233,16.84797,62.58985,75478.260795,1054.51214,8104,33276307,38540204583.69,577608,34183,0.10185,0.1472556,0.01419,0.01717,0.29883,4.0,0.3678925,0.7849779086892489,0.7702503681885126,0.6126656848306333,0.40353460972017674,66.19293078055965,64.28571428571429,62.930780559646536,0.8527245949926362,EXPAND,101,116,126
maharashtra,chandrapur,maharashtra|chandrapur,2026,2,8105,2026-Q2,58320968,68741856497.57,1141464,63509,1178.681679,5563.8198,17.97326,51.09313,60222.535706,918.31029,8104,55993302,66088687273.32,1118806,62251,0.04157,0.0401456,0.02025,0.02021,0.25216,4.0,0.2756425,0.5095729013254786,0.7010309278350515,0.6936671575846833,0.7304860088365243,64.76435935198822,65.86892488954345,62.92341678939617,0.833578792341679,EXPAND,114,99,127
telangana,kumuram bheem asifabad,telangana|kumuram bheem asifabad,2026,2,8105,2026-Q2,18359220,21753771816.72,250254,14621,1184.896298,5842.46406,17.11607,73.36234,86926.769669,1255.67471,8104,17096495,23557144353.54,245897,14176,0.07386,-0.0765531,0.01772,0.03139,0.33976,4.0,0.3079925,0.9293078055964654,0.8497790868924889,0.6391752577319587,0.12812960235640647,67.66568483063328,63.65979381443299,62.746686303387335,0.8703976435935199,EXPAND,89,126,128
assam,kamrup metropolitan,assam|kamrup metropolitan,2026,2,8105,2026-Q2,79523271,68054016965.65,1676886,132725,855.774871,7914.96858,12.63429,47.42318,40583.567974,599.15819,8104,73910832,67030929002.84,1599338,127064,0.07594,0.0152629,0.04849,0.04455,0.31182,4.0,0.3361225,0.8321060382916053,0.4108983799705449,0.22238586156111928,0.8645066273932254,58.08541973490428,58.24742268041238,62.68041237113402,0.7128129602356407,DEFEND,196,190,129
assam,kamrup,assam|kamrup,2026,2,8105,2026-Q2,28257339,26317059691.44,710607,53444,931.335385,7520.89411,13.29629,39.76507,37034.619264,528.728,8104,25756656,26755288109.94,688715,50610,0.09709,-0.0163791,0.03179,0.056,0.41858,4.0,0.47344,0.9882179675994109,0.3240058910162003,0.2974963181148748,0.5066273932253313,55.316642120765835,52.908689248895435,62.60677466863034,0.6597938144329897,DEVELOP,232,271,130
andhra pradesh,ysr kadapa,andhra pradesh|ysr kadapa,2026,2,8105,2026-Q2,121279922,197400435315.96,1407575,79060,1627.643159,5616.75222,17.80388,86.16232,140241.50423,1534.0238,8104,118638280,193036997440.47,1379098,76884,0.02227,0.0226042,0.02065,0.0283,0.24286,4.0,0.2633925,0.4639175257731959,0.9322533136966127,0.6833578792341679,0.8041237113402062,70.39027982326952,72.09131075110456,62.577319587628864,0.9072164948453608,EXPAND,64,48,131
maharashtra,dharashiv,maharashtra|dharashiv,2026,2,8105,2026-Q2,72380736,88338946821.79,866411,56399,1220.47594,6509.49722,15.36217,83.54088,101959.632117,1283.36914,8104,66703276,81830126390.97,860668,55248,0.08512,0.0795406,0.00667,0.02083,0.29293,4.0,0.3276375,0.7525773195876289,0.8615611192930781,0.48748159057437407,0.6082474226804123,68.46833578792342,67.74668630338734,62.371134020618555,0.8836524300441826,DEVELOP,80,85,132
uttar pradesh,sitapur,uttar pradesh|sitapur,2026,2,8105,2026-Q2,27065106,28882757584.34,1345990,108914,1067.158488,8091.73917,12.35828,20.10795,21458.374568,248.49979,8104,25588163,29222063414.12,1306289,106376,0.05772,-0.0116113,0.03039,0.02386,0.32678,4.0,0.3436125,0.8954344624447718,0.044182621502209134,0.19145802650957292,0.7908689248895434,48.57142857142857,48.048600883652426,62.29013254786451,0.48600883652430044,DEFEND,350,359,133
west bengal,howrah,west bengal|howrah,2026,2,8105,2026-Q2,97633524,121047492804.02,2608014,179662,1239.814849,6888.84339,14.51622,37.43597,46413.666799,543.42891,8104,93374670,126341619699.2,2537395,177627,0.04561,-0.0419033,0.02783,0.01146,0.26593,4.0,0.322685,0.6170839469808542,0.3387334315169367,0.39911634756995584,0.9425625920471281,55.810014727540505,57.437407952871865,62.21649484536083,0.6701030927835051,DEFEND,225,205,134
maharashtra,chhatrapati sambhaji nagar,maharashtra|chhatrapati sambhaji nagar,2026,2,8105,2026-Q2,277774357,293960407146.01,3285314,222633,1058.270498,6776.61252,14.75664,84.55032,89477.111517,1247.67827,8104,261870295,276896953634.82,3197336,219029,0.06073,0.0616238,0.02752,0.01645,0.26222,4.0,0.3006275,0.5802650957290133,0.8468335787923417,0.422680412371134,0.96759941089838,68.4977908689249,70.43446244477173,62.19440353460972,0.8851251840942562,DEFEND,79,63,135
andhra pradesh,prakasam,andhra pradesh|prakasam,2026,2,8105,2026-Q2,128930871,197524532200.39,1391582,87194,1532.018908,6265.81833,15.95961,92.65057,141942.431133,1478.66678,8104,121369372,188218668059.91,1359367,84604,0.0623,0.0494418,0.0237,0.03061,0.26163,4.0,0.2612475,0.5787923416789397,0.9189985272459499,0.5360824742268041,0.801178203240059,69.76435935198822,70.8762886597938,61.9440353460972,0.8998527245949927,EXPAND,69,56,136
nagaland,dimapur,nagaland|dimapur,2026,2,8105,2026-Q2,4967829,6661501677.14,183603,9304,1340.928135,5067.45532,19.73377,27.05745,36282.096029,533.94551,8104,4477073,6530742877.92,176929,8841,0.10962,0.020022,0.03772,0.05237,0.31022,4.0,0.3678925,0.8188512518409425,0.33136966126656847,0.780559646539028,0.07216494845360824,53.80706921944035,50.07363770250368,61.87776141384389,0.6273932253313697,DEVELOP,254,319,137
bihar,muzaffarpur,bihar|muzaffarpur,2026,2,8105,2026-Q2,120957767,144189239784.89,2261303,152204,1192.062679,6730.80963,14.85705,53.4903,63763.785651,794.7082,8104,107795208,133422713868.59,2220779,148869,0.12211,0.0806949,0.01825,0.0224,0.26282,4.0,0.2774975,0.5832106038291606,0.6156111929307806,0.44035346097201766,0.9234167893961709,62.36377025036819,64.06480117820324,61.82621502209131,0.7820324005891016,DEFEND,149,118,138
tamil nadu,kancheepuram,tamil nadu|kancheepuram,2026,2,8105,2026-Q2,31446921,30317450514.16,1058912,26414,964.083273,2494.44713,40.08904,29.69739,28630.755449,1190.5399,8104,31168277,30585189492.99,1007964,26125,0.00894,-0.0087539,0.05055,0.01106,0.20751,4.0,0.2301525,0.24889543446244478,0.8262150220913107,0.9852724594992637,0.6936671575846833,66.62739322533137,68.85125184094257,61.7820324005891,0.8586156111929307,EXPAND,97,75,139
maharashtra,dhule,maharashtra|dhule,2026,2,8105,2026-Q2,60349231,75760704418.92,1026399,63028,1255.371496,6140.69188,16.28481,58.79705,73812.137793,957.49875,8104,57128663,72659658914.58,1006089,61620,0.05637,0.0426791,0.02019,0.02285,0.2675,4.0,0.3394175,0.625920471281296,0.7319587628865979,0.561119293078056,0.6804123711340206,64.71281296023564,64.98527245949927,61.68630338733432,0.8321060382916053,EXPAND,115,111,140
telangana,peddapalli,telangana|peddapalli,2026,2,8105,2026-Q2,52753397,74408615014.32,508652,29278,1410.499025,5755.99821,17.37318,103.71216,146285.898835,1801.81013,8104,48092000,67947631961.94,503458,27944,0.09693,0.0950877,0.01032,0.04774,0.29272,4.0,0.2517475,0.7511045655375552,0.9734904270986745,0.6539027982326951,0.3431516936671576,70.08100147275404,68.04123711340206,61.509572901325484,0.9057437407952872,EXPAND,65,81,141
maharashtra,nandurbar,maharashtra|nandurbar,2026,2,8105,2026-Q2,30301467,36697802052.87,656167,32535,1211.089947,4958.3414,20.16803,46.1795,55927.533772,931.34984,8104,29233531,35685152377.36,640671,31549,0.03653,0.0283773,0.02419,0.03125,0.25727,4.0,0.3718725,0.5508100147275405,0.7069219440353461,0.7982326951399117,0.46097201767304863,63.37260677466864,62.92341678939617,61.49484536082475,0.8026509572901326,EXPAND,135,134,142
uttar pradesh,rampur,uttar pradesh|rampur,2026,2,8105,2026-Q2,37111982,45917532683.87,865393,58423,1237.26975,6751.03681,14.81254,42.88454,53059.7459,635.22897,8104,32398723,44194610924.98,854626,56611,0.14548,0.0389849,0.0126,0.03201,0.29681,4.0,0.3412725,0.7746686303387335,0.4477172312223859,0.43446244477172313,0.6067746686303387,57.4300441826215,56.59057437407953,61.36229749631812,0.6966126656848306,DEVELOP,207,222,143
madhya pradesh,raisen,madhya pradesh|raisen,2026,2,8105,2026-Q2,42673046,48744202994.29,724170,42754,1142.27147,5903.86235,16.93806,58.92683,67310.442292,998.10652,8104,39679439,42289485336.75,702778,41456,0.07544,0.1526317,0.03044,0.03131,0.2754,4.0,0.2940275,0.6656848306332842,0.748159057437408,0.6185567010309279,0.5213549337260678,64.56553755522827,63.84388807069219,61.31075110456554,0.8276877761413843,EXPAND,118,125,144
uttar pradesh,etawah,uttar pradesh|etawah,2026,2,8105,2026-Q2,29095635,31609255804.19,692265,47913,1086.391681,6921.19347,14.44838,42.02962,45660.629678,607.25972,8104,26371129,30588712608.34,671801,46990,0.10331,0.0333634,0.03046,0.01964,0.32319,4.0,0.32666,0.8777614138438881,0.41973490427098675,0.39322533136966126,0.4948453608247423,56.553755522827686,54.639175257731964,61.24447717231223,0.6848306332842415,DEVELOP,215,245,145
bihar,saharsa,bihar|saharsa,2026,2,8105,2026-Q2,43201041,46768041531.87,822035,54683,1082.567467,6652.14985,15.03273,52.55377,56893.005203,790.0269,8104,40812030,44260693776.12,796901,52113,0.05854,0.0566495,0.03154,0.04932,0.29564,4.0,0.342775,0.7702503681885126,0.614138438880707,0.45949926362297494,0.572901325478645,61.40648011782033,60.41973490427098,61.21502209131076,0.7673048600883653,DEVELOP,159,160,146
odisha,sambalpur,odisha|sambalpur,2026,2,8105,2026-Q2,44790183,44626977883.08,679444,28902,996.35623,4253.7722,23.50855,65.92182,65681.613029,1549.72607,8104,43911117,45713258284.25,654235,28097,0.02002,-0.0237629,0.03853,0.02865,0.24253,4.0,0.2647075,0.45949926362297494,0.9366715758468336,0.8807069219440353,0.4786450662739323,68.79234167893962,68.8880706921944,61.170839469808534,0.8939617083946981,EXPAND,73,74,147
bihar,begusarai,bihar|begusarai,2026,2,8105,2026-Q2,61486211,69932590617.15,1240451,95483,1137.370306,7697.4423,12.99133,49.56763,56376.74573,643.9493,8104,55245185,65048202000.18,1202403,93057,0.11297,0.0750888,0.03164,0.02607,0.30836,4.0,0.3468475,0.812960235640648,0.4580265095729013,0.2665684830633284,0.7628865979381443,57.761413843888064,57.51104565537555,60.92047128129603,0.7039764359351989,DEFEND,202,203,148
chhattisgarh,raigarh,chhattisgarh|raigarh,2026,2,8105,2026-Q2,40139436,38841710743.4,721223,29404,967.669569,4076.96371,24.52806,55.65468,53855.341196,1365.10121,8104,39423489,40395196795.81,698142,28648,0.01816,-0.0384572,0.03306,0.02639,0.2353,4.0,0.2773975,0.40942562592047127,0.8939617083946981,0.9027982326951399,0.5139911634756995,67.48159057437407,68.00441826215022,60.824742268041234,0.8689248895434463,EXPAND,90,82,149
madhya pradesh,narmadapuram,madhya pradesh|narmadapuram,2026,2,8105,2026-Q2,39505428,45717598379.8,723310,41661,1157.248527,5759.77105,17.3618,54.61756,63206.091966,948.25924,8104,36683391,41252791255.77,702752,40219,0.07693,0.1082304,0.02925,0.03585,0.26726,4.0,0.2907275,0.6244477172312224,0.7245949926362297,0.6524300441826215,0.5198821796759941,63.55670103092783,63.03387334315169,60.8100147275405,0.8085419734904271,EXPAND,131,133,150
telangana,mancherial,telangana|mancherial,2026,2,8105,2026-Q2,56029293,77148073697.25,542518,31746,1376.923919,5851.60308,17.08933,103.27638,142203.712498,1764.92449,8104,51666034,74520947039.24,538372,30807,0.08445,0.0352535,0.0077,0.03048,0.28659,4.0,0.2554225,0.727540500736377,0.9690721649484536,0.6377025036818851,0.37260677466863035,69.44771723122238,67.67304860088365,60.736377025036816,0.8969072164948454,EXPAND,71,87,151
telangana,jogulamba gadwal,telangana|jogulamba gadwal,2026,2,8105,2026-Q2,26349442,39134697003.31,301478,17219,1485.219194,5711.52787,17.50845,87.40088,129809.462061,1530.25391,8104,23556730,35832872401.74,298669,16819,0.11855,0.0921451,0.00941,0.02378,0.31025,4.0,0.2827325,0.8203240058910162,0.9293078055964654,0.6627393225331369,0.18556701030927836,68.1222385861561,64.94845360824742,60.648011782032405,0.8748159057437408,EXPAND,86,112,152
karnataka,kodagu,karnataka|kodagu,2026,2,8105,2026-Q2,18266557,26269669875.4,353712,14501,1438.129248,4099.663,24.39225,51.64246,74268.528847,1259.67568,8104,16927683,25471085399.47,347366,14124,0.07909,0.0313526,0.01827,0.02669,0.26374,4.0,0.1886475,0.5979381443298969,0.8541973490427098,0.8954344624447718,0.21354933726067746,65.94992636229749,64.0279823269514,60.59646539027983,0.8512518409425626,EXPAND,102,120,153
rajasthan,banswara,rajasthan|banswara,2026,2,8105,2026-Q2,22967500,25092318176.83,639092,21879,1092.514125,3423.45077,29.21029,35.93771,39262.450753,1049.7509,8104,22587244,24742363968.13,617428,21207,0.01683,0.0141439,0.03509,0.03169,0.23532,4.0,0.2495225,0.4108983799705449,0.7643593519882179,0.9440353460972017,0.44329896907216493,63.90279823269515,64.06480117820324,60.55964653902799,0.8173784977908689,EXPAND,125,118,154
uttar pradesh,etah,uttar pradesh|etah,2026,2,8105,2026-Q2,27332676,27918641150.47,678168,49184,1021.438265,7252.48021,13.78839,40.30369,41167.735945,555.72292,8104,25186856,27938488113.1,649503,47757,0.0852,-0.0007104,0.04413,0.02988,0.33407,4.0,0.37005,0.9189985272459499,0.35640648011782033,0.3402061855670103,0.47569955817378495,54.49926362297496,52.282768777614145,60.55964653902799,0.6391752577319587,DEVELOP,246,282,154
punjab,sas nagar,punjab|sas nagar,2026,2,8105,2026-Q2,46199012,44467731285.68,1555702,98314,962.52559,6319.59077,15.82381,29.69657,28583.707732,469.91285,8104,42393256,41393173487.51,1510688,96305,0.08977,0.0742769,0.0298,0.02086,0.25346,4.0,0.2061275,0.5213549337260678,0.25625920471281294,0.5257731958762887,0.8424153166421208,52.03976435935198,53.64506627393225,60.31664212076584,0.5802650957290133,DEVELOP,286,257,156
punjab,gurdaspur,punjab|gurdaspur,2026,2,8105,2026-Q2,9751226,17132876680.16,538763,38371,1756.99719,7122.05552,14.04089,18.09929,31800.39587,254.1301,8104,8595160,16031774024.38,517686,37852,0.1345,0.0686825,0.04071,0.01371,0.35804,4.0,0.3049325,0.9631811487481591,0.047128129602356406,0.36229749631811486,0.3637702503681885,46.40648011782032,43.40942562592047,60.30191458026509,0.43446244477172313,MONITOR,385,456,157
tamil nadu,tiruvallur,tamil nadu|tiruvallur,2026,2,8105,2026-Q2,59754761,67850935234.45,1997839,80350,1135.490028,4021.8456,24.86421,29.9097,33962.163735,743.68091,8104,58410838,66754856298.39,1920854,78852,0.02301,0.0164195,0.04008,0.019,0.18876,4.0,0.2049475,0.14727540500736377,0.572901325478645,0.9116347569955817,0.8998527245949927,59.52871870397644,63.29160530191458,60.29455081001473,0.7407952871870398,DEVELOP,177,129,158
uttar pradesh,maharajganj,uttar pradesh|maharajganj,2026,2,8105,2026-Q2,31399123,35506528759.1,969112,75127,1130.812754,7752.14836,12.89965,32.39989,36638.209783,417.94725,8104,27478992,32405365225.82,950770,74145,0.14266,0.0956991,0.01929,0.01324,0.32264,4.0,0.3165875,0.8762886597938144,0.20913107511045656,0.24889543446244478,0.6597938144329897,50.93519882179676,49.85272459499264,60.25773195876288,0.5522827687776142,DEVELOP,305,325,159
madhya pradesh,ujjain,madhya pradesh|ujjain,2026,2,8105,2026-Q2,92566816,104728146385.74,1368511,122336,1131.378942,8939.35087,11.18649,67.64053,76527.076791,756.66048,8104,88203401,96825775662.51,1340299,119932,0.04947,0.0816143,0.02105,0.02004,0.33247,4.0,0.31829,0.9160530191458026,0.5832106038291606,0.10751104565537556,0.7938144329896907,60.62592047128129,60.014727540500736,60.25036818851252,0.7555228276877761,DEFEND,167,164,160
bihar,purnea,bihar|purnea,2026,2,8105,2026-Q2,83663761,98352755311.14,1472576,101115,1175.571767,6866.53864,14.56338,56.81456,66789.595451,827.41197,8104,76870776,89571826079.03,1448799,98413,0.08837,0.0980323,0.01641,0.02746,0.2688,4.0,0.353245,0.6362297496318114,0.6450662739322534,0.40795287187039764,0.8203240058910162,61.81885125184093,62.73932253313696,60.23564064801178,0.7790868924889544,DEFEND,151,136,161
gujarat,ahmedabad,gujarat|ahmedabad,2026,2,8105,2026-Q2,260700084,294794035228.68,6724772,515128,1130.778444,7660.15562,13.05457,38.76713,43837.030494,506.08797,8104,248708675,290216242064.15,6510110,508603,0.04821,0.0157737,0.03297,0.01283,0.27098,4.0,0.2672575,0.6450662739322534,0.29896907216494845,0.27540500736377027,0.9911634756995582,53.53460972017674,55.26509572901326,60.22091310751105,0.6170839469808542,DEFEND,261,239,162
telangana,nagarkurnool,telangana|nagarkurnool,2026,2,8105,2026-Q2,40723633,63926616098.0,412595,25720,1569.767022,6233.71587,16.0418,98.70123,154937.932108,1583.34498,8104,37167279,59560493374.42,410394,24923,0.09569,0.0733057,0.00536,0.03198,0.31941,4.0,0.2832825,0.8630338733431517,0.9425625920471281,0.5493372606774669,0.25625920471281294,68.31369661266568,65.279823269514,60.15463917525774,0.8807069219440353,EXPAND,82,108,163
chhattisgarh,kabirdham,chhattisgarh|kabirdham,2026,2,8105,2026-Q2,13834070,13776528240.73,325935,19882,995.840576,6099.98926,16.39347,42.44426,42267.716694,695.80877,8104,13260398,13856202023.3,317090,19309,0.04326,-0.00575,0.02789,0.02968,0.32156,4.0,0.29868,0.8718703976435935,0.5213549337260678,0.5743740795287187,0.20176730486008837,57.58468335787924,54.234167893961704,60.022091310751115,0.7010309278350515,DEVELOP,204,251,164
assam,sonitpur,assam|sonitpur,2026,2,8105,2026-Q2,19332246,17390349905.86,528844,37276,899.551449,7048.58143,14.18725,36.55567,32883.704657,518.62448,8104,17557864,16729146383.32,516056,35603,0.10106,0.039524,0.02478,0.04699,0.34767,4.0,0.35233,0.9484536082474226,0.3122238586156112,0.374079528718704,0.3593519882179676,52.798232695139916,49.85272459499264,60.014727540500736,0.5964653902798233,DEVELOP,274,325,165
karnataka,kolar,karnataka|kolar,2026,2,8105,2026-Q2,100222275,138935018500.43,1166361,61066,1386.268856,5235.6003,19.10001,85.92732,119118.367727,1641.21238,8104,93308094,126740036445.5,1131209,59278,0.0741,0.0962204,0.03107,0.03016,0.22957,4.0,0.1925025,0.37260677466863035,0.9543446244477173,0.7584683357879234,0.7378497790868925,68.75552282768778,70.58173784977909,59.896907216494846,0.8910162002945509,EXPAND,75,60,166
uttar pradesh,bahraich,uttar pradesh|bahraich,2026,2,8105,2026-Q2,24510819,27823630302.23,1023926,77455,1135.157104,7564.5115,13.21962,23.93808,27173.477675,316.45238,8104,22331686,27508524447.42,983797,75180,0.09758,0.0114548,0.04079,0.03026,0.309,4.0,0.33667,0.8144329896907216,0.101620029455081,0.2930780559646539,0.678939617083947,47.87923416789396,47.201767304860084,59.808541973490435,0.4698085419734904,MONITOR,361,374,167
assam,tamulpur,assam|tamulpur,2026,2,8105,2026-Q2,4217108,4522560677.83,148083,8979,1072.431789,6063.49142,16.49215,28.478,30540.714855,469.66344,8104,3895601,4816177307.1,142357,8784,0.08253,-0.0609647,0.04022,0.0222,0.35547,4.0,0.46006,0.9587628865979382,0.2547864506627393,0.5861561119293078,0.036818851251840944,50.52282768777614,45.913107511045666,59.78645066273932,0.5287187039764359,DEVELOP,321,399,168
jammu & kashmir,poonch,jammu & kashmir|poonch,2026,2,8105,2026-Q2,5796263,7239764766.05,183644,8647,1249.040074,4708.56657,21.23789,31.5625,39422.822232,670.32069,8104,4812592,5992173277.18,176343,8390,0.2044,0.2082035,0.0414,0.03063,0.28555,4.0,0.3191,0.7216494845360825,0.4963181148748159,0.8276877761413843,0.07363770250368189,56.22238586156112,52.982326951399116,59.6759941089838,0.6804123711340206,DEVELOP,218,268,169
punjab,sangrur,punjab|sangrur,2026,2,8105,2026-Q2,5598997,9283294078.18,437953,29143,1658.02805,6654.36702,15.02773,12.78447,21197.009903,192.1215,8104,4921668,8334316839.86,420272,28794,0.13762,0.1138638,0.04207,0.01212,0.33088,4.0,0.258855,0.9116347569955817,0.011782032400589101,0.4580265095729013,0.28718703976435933,44.83799705449189,41.715758468335785,59.6759941089838,0.3799705449189985,MONITOR,422,492,169
madhya pradesh,dhar,madhya pradesh|dhar,2026,2,8105,2026-Q2,74462317,80332199196.38,1178501,69467,1078.830238,5894.52194,16.9649,63.18392,68164.727222,1071.90921,8104,73337032,79920507144.34,1152074,67987,0.01534,0.0051513,0.02294,0.02177,0.24499,4.0,0.28449,0.47717231222385864,0.7746686303387335,0.6229749631811488,0.7422680412371134,64.10162002945509,65.42709867452136,59.447717231222384,0.8217967599410898,EXPAND,122,104,171
maharashtra,wardha,maharashtra|wardha,2026,2,8105,2026-Q2,30257256,37140139909.07,665734,31148,1227.478788,4678.74557,21.37325,45.44947,55788.257636,971.40285,8104,28918537,34668019647.37,652211,30470,0.04629,0.0713084,0.02073,0.02225,0.24379,4.0,0.2743075,0.4698085419734904,0.7363770250368189,0.8291605301914581,0.4653902798232695,62.54050073637703,62.51840942562593,59.447717231222384,0.7864506627393225,EXPAND,146,140,171
maharashtra,nashik,maharashtra|nashik,2026,2,8105,2026-Q2,326726159,379281693778.83,4715835,331234,1160.854995,7023.86746,14.23717,69.28278,80427.261297,986.39077,8104,308700991,360891317966.65,4614253,324810,0.05839,0.0509582,0.02201,0.01978,0.2564,4.0,0.285465,0.5434462444771723,0.7422680412371134,0.37702503681885124,0.979381443298969,63.87334315169366,66.05301914580265,59.41826215022091,0.8159057437407953,DEFEND,126,95,173
uttar pradesh,ambedkar nagar,uttar pradesh|ambedkar nagar,2026,2,8105,2026-Q2,28593166,31661201602.16,820870,65372,1107.299611,7963.74578,12.55691,34.83276,38570.299319,437.39164,8104,24763529,29704489373.06,809044,64618,0.15465,0.0658726,0.01462,0.01167,0.34456,4.0,0.331005,0.9410898379970545,0.22385861561119294,0.21354933726067746,0.5699558173784978,50.567010309278345,48.71134020618557,59.36671575846834,0.5316642120765832,DEVELOP,319,335,174
arunachal pradesh,itanagar capital complex,arunachal pradesh|itanagar capital complex,2026,2,8105,2026-Q2,11925439,12990219734.28,229815,13506,1089.286502,5876.90099,17.01577,51.89147,56524.681741,882.97342,8104,10396670,11439887001.35,217274,12294,0.14704,0.1355199,0.05772,0.09858,0.32034,4.0,0.3140825,0.8674521354933726,0.678939617083947,0.6303387334315169,0.10309278350515463,60.81737849779088,56.99558173784979,59.337260677466865,0.7569955817378498,EXPAND,166,215,175
assam,udalguri,assam|udalguri,2026,2,8105,2026-Q2,8475087,7983221904.47,285968,19161,941.963416,6700.40004,14.92448,29.63649,27916.486825,442.30922,8104,7388715,7664135404.66,276076,18422,0.14703,0.0416337,0.03583,0.04012,0.43114,4.0,0.452475,0.9911634756995582,0.2268041237113402,0.44624447717231225,0.16200294550810015,49.801178203240056,45.65537555228277,59.31516936671576,0.508100147275405,DEVELOP,335,403,176
assam,jorhat,assam|jorhat,2026,2,8105,2026-Q2,9287808,7887445872.13,359897,19001,849.225767,5279.5661,18.94095,25.80685,21915.842233,488.80627,8104,8710454,7883444167.11,347610,18103,0.06628,0.0005076,0.03535,0.04961,0.27992,4.0,0.3115425,0.6907216494845361,0.27540500736377027,0.7496318114874816,0.21649484536082475,50.67746686303387,48.30633284241532,59.27835051546393,0.5419734904270986,DEVELOP,312,344,177
karnataka,kalaburagi,karnataka|kalaburagi,2026,2,8105,2026-Q2,121286983,151224426334.6,1442143,84694,1246.831462,5872.78793,17.02769,84.10191,104860.90931,1432.0611,8104,112423299,142332806426.61,1414261,82057,0.07884,0.0624706,0.01971,0.03214,0.2368,4.0,0.208965,0.4212076583210604,0.9072164948453608,0.6318114874815906,0.8114874815905744,67.34167893961708,69.29307805596466,59.24889543446243,0.8674521354933726,EXPAND,91,68,178
karnataka,belagavi,karnataka|belagavi,2026,2,8105,2026-Q2,169229045,205774959801.14,2597822,153187,1215.955333,5896.74735,16.9585,65.14266,79210.569393,1104.72197,8104,157663160,191060333970.7,2545605,149977,0.07336,0.0770156,0.02051,0.0214,0.22571,4.0,0.1882575,0.3475699558173785,0.7893961708394698,0.6215022091310751,0.9410898379970545,64.52135493372606,67.48895434462445,59.18262150220913,0.8262150220913107,EXPAND,119,89,179
gujarat,vadodara,gujarat|vadodara,2026,2,8105,2026-Q2,66298282,63196981477.49,2202693,149674,953.222008,6795.04588,14.7166,30.09874,28690.780548,442.95123,8104,64128325,62325860325.5,2131647,147486,0.03384,0.0139769,0.03333,0.01484,0.25571,4.0,0.237945,0.5360824742268041,0.22827687776141384,0.41973490427098675,0.9175257731958762,50.63328424153166,52.54050073637703,59.07216494845361,0.540500736377025,DEFEND,313,276,180
punjab,amritsar,punjab|amritsar,2026,2,8105,2026-Q2,23249586,37298610903.0,1219911,100269,1604.269896,8219.3701,12.16638,19.05843,30574.862349,231.87212,8104,21060292,35468557110.09,1181022,98511,0.10395,0.0515965,0.03293,0.01785,0.31472,4.0,0.2448675,0.8483063328424153,0.03240058910162003,0.1796759941089838,0.7540500736377025,45.832106038291606,45.36082474226804,59.07216494845361,0.40942562592047127,DEFEND,402,410,180
punjab,bathinda,punjab|bathinda,2026,2,8105,2026-Q2,13099461,17609533699.01,652707,47582,1344.294525,7289.94786,13.71752,20.06944,26979.232181,275.30287,8104,11817428,16245117667.45,630098,46779,0.10849,0.0839893,0.03588,0.01717,0.32706,4.0,0.27033,0.8998527245949927,0.06480117820324006,0.3328424153166421,0.4536082474226804,46.00883652430044,43.77761413843888,58.983799705449194,0.4167893961708395,MONITOR,397,440,182
punjab,barnala,punjab|barnala,2026,2,8105,2026-Q2,2788820,4536205893.13,208611,13130,1626.568188,6294.01134,15.88812,13.36852,21744.806809,212.40061,8104,2437109,4168512259.41,198691,12935,0.14431,0.0882074,0.04993,0.01508,0.3527,4.0,0.27381,0.9558173784977909,0.027982326951399118,0.5316642120765832,0.08541973490427099,44.374079528718696,40.0220913107511,58.97643593519882,0.3637702503681885,MONITOR,433,519,183
chhattisgarh,raipur,chhattisgarh|raipur,2026,2,8105,2026-Q2,133634746,139753378041.57,2143139,139909,1045.786236,6528.22799,15.31809,62.35468,65209.665841,955.15475,8104,127878467,137270842893.9,2085582,138163,0.04501,0.0180849,0.0276,0.01264,0.24583,4.0,0.2574225,0.48159057437407954,0.7304860088365243,0.4845360824742268,0.9086892488954345,62.99705449189985,65.13254786450663,58.939617083946985,0.7938144329896907,DEFEND,140,110,184
tamil nadu,thanjavur,tamil nadu|thanjavur,2026,2,8105,2026-Q2,14103875,20964319827.14,867508,49010,1486.422691,5649.51562,17.70063,16.25792,24166.140055,287.77545,8104,13379008,20795035763.45,849622,47971,0.05418,0.0081406,0.02105,0.02166,0.25097,4.0,0.215265,0.4992636229749632,0.07658321060382917,0.6774668630338734,0.6097201767304861,46.02356406480118,46.575846833578794,58.92488954344625,0.4182621502209131,MONITOR,396,385,185
madhya pradesh,ashoknagar,madhya pradesh|ashoknagar,2026,2,8105,2026-Q2,18555375,22026371920.1,382035,25838,1187.061534,6763.25468,14.78578,48.56983,57655.376916,718.14285,8104,17541668,17916025849.78,371831,25036,0.05779,0.2294229,0.02744,0.03203,0.34537,4.0,0.372085,0.9425625920471281,0.5567010309278351,0.4329896907216495,0.23858615611192932,57.79086892488955,54.27098674521355,58.821796759941094,0.7054491899852725,DEVELOP,201,248,186
bihar,katihar,bihar|katihar,2026,2,8105,2026-Q2,74442821,87208566595.46,1315773,86038,1171.483904,6538.96987,15.29293,56.57725,66279.34043,865.23189,8104,66069514,77984646708.43,1305259,84148,0.12673,0.1182787,0.00806,0.02246,0.25842,4.0,0.3302425,0.5567010309278351,0.6745213549337261,0.48306332842415317,0.7835051546391752,61.31075110456554,62.44477172312224,58.76288659793815,0.7628865979381443,DEFEND,162,141,187
telangana,adilabad,telangana|adilabad,2026,2,8105,2026-Q2,29166193,37363232638.97,374803,24947,1281.045923,6656.02997,15.02397,77.81739,99687.656286,1169.12627,8104,26682821,36459940829.51,368739,24373,0.09307,0.0247749,0.01645,0.02355,0.3351,4.0,0.3096375,0.9219440353460973,0.8173784977908689,0.4565537555228277,0.23564064801178203,64.21944035346097,60.787923416789404,58.74815905743741,0.8232695139911634,DEVELOP,121,156,188
karnataka,tumakuru,karnataka|tumakuru,2026,2,8105,2026-Q2,127067740,170409235171.76,1670563,96101,1341.089683,5752.61154,17.38341,76.06282,102007.068977,1322.23119,8104,117813036,158473045538.69,1631203,94133,0.07855,0.07532,0.02413,0.02091,0.22642,4.0,0.1795175,0.35346097201767307,0.882179675994109,0.6568483063328424,0.8615611192930781,66.31075110456554,68.85125184094257,58.66715758468336,0.8571428571428571,EXPAND,98,75,189
odisha,sundargarh,odisha|sundargarh,2026,2,8105,2026-Q2,64723458,71328860185.86,1180407,59341,1102.055768,5027.16436,19.89193,54.83148,60427.344285,1090.70386,8104,62491841,71144205119.22,1147094,57765,0.03571,0.0025955,0.02904,0.02728,0.21931,4.0,0.241545,0.3122238586156112,0.7864506627393225,0.7849779086892489,0.7437407952871871,63.52724594992636,65.68483063328424,58.556701030927826,0.8055964653902798,EXPAND,133,102,190
karnataka,raichur,karnataka|raichur,2026,2,8105,2026-Q2,77801824,100057615961.18,987196,46754,1286.057457,4736.04026,21.11469,78.81092,101355.37012,1664.06776,8104,71636932,93329467234.56,961839,44980,0.08606,0.0720903,0.02636,0.03944,0.22176,4.0,0.18593,0.32989690721649484,0.9602356406480118,0.8203240058910162,0.6642120765832106,67.69513991163475,69.36671575846833,58.51251840942562,0.8718703976435935,EXPAND,88,67,191
madhya pradesh,harda,madhya pradesh|harda,2026,2,8105,2026-Q2,15245765,19369542249.89,276204,17586,1270.486738,6367.03306,15.7059,55.19748,70127.667412,866.92625,8104,14598525,16978665832.65,274616,16885,0.04434,0.1408165,0.00578,0.04152,0.33238,4.0,0.330495,0.914580265095729,0.6759941089837997,0.5139911634756995,0.1561119293078056,60.30927835051546,56.51693667157585,58.47569955817379,0.7511045655375552,EXPAND,170,225,192
west bengal,malda,west bengal|malda,2026,2,8105,2026-Q2,100728885,137504105725.44,1861790,181875,1365.091113,9768.82463,10.23665,54.10325,73855.862222,553.83579,8104,88725199,130854506663.24,1911354,178172,0.13529,0.0508167,-0.02593,0.02078,0.31615,4.0,0.37887,0.8571428571428571,0.35198821796759944,0.050073637702503684,0.8954344624447718,53.67452135493374,53.865979381443296,58.42415316642121,0.6229749631811488,DEFEND,257,253,193
andhra pradesh,bapatla,andhra pradesh|bapatla,2026,2,8105,2026-Q2,74429207,109531301288.45,832865,59133,1471.617201,7099.95017,14.08461,89.36527,131511.470993,1258.67463,8104,68137122,102063877842.65,827051,56499,0.09234,0.0731642,0.00703,0.04662,0.2961,4.0,0.281875,0.7717231222385862,0.8527245949926362,0.36818851251840945,0.5832106038291606,65.33873343151694,64.39617083946982,58.335787923416795,0.8409425625920471,DEVELOP,109,115,194
west bengal,cooch behar,west bengal|cooch behar,2026,2,8105,2026-Q2,49830577,53502404660.88,1223787,110248,1073.686236,9008.75724,11.10031,40.71834,43718.722834,451.98622,8104,45890104,54449862533.11,1217403,107081,0.08587,-0.0174006,0.00524,0.02958,0.32713,4.0,0.3691525,0.9013254786450663,0.23711340206185566,0.09572901325478646,0.7555228276877761,50.47128129602356,49.74226804123711,58.291605301914586,0.5257731958762887,DEFEND,323,327,195
uttar pradesh,kasganj,uttar pradesh|kasganj,2026,2,8105,2026-Q2,19870998,20600642972.36,540645,39844,1036.71909,7369.7158,13.56904,36.75424,38103.825935,498.71996,8104,17973727,20302624970.96,517567,39263,0.10556,0.0146788,0.04459,0.0148,0.34654,4.0,0.39374,0.9455081001472754,0.2916053019145803,0.32106038291605304,0.36818851251840945,51.04565537555228,48.15905743740795,58.2621502209131,0.5537555228276878,DEVELOP,304,354,196
gujarat,tapi,gujarat|tapi,2026,2,8105,2026-Q2,7984270,8883646476.4,268397,9584,1112.643545,3570.82978,28.0047,29.74799,33098.903775,833.08326,8104,7593831,8756600170.63,263511,9435,0.05142,0.0145086,0.01854,0.01579,0.25593,4.0,0.2643175,0.5390279823269514,0.6509572901325479,0.9381443298969072,0.15316642120765833,58.961708394698086,57.03240058910162,58.22533136966127,0.7290132547864506,DEVELOP,185,213,197
bihar,kishanganj,bihar|kishanganj,2026,2,8105,2026-Q2,36907622,45876217130.45,687898,45364,1243.001165,6594.58234,15.16396,53.65275,66690.4354,813.58835,8104,33157342,42645948869.13,683726,43917,0.11311,0.0757462,0.0061,0.03295,0.28989,4.0,0.3831575,0.7407952871870398,0.6347569955817378,0.46686303387334316,0.4889543446244477,59.543446244477174,58.284241531664215,58.1958762886598,0.7422680412371134,DEVELOP,176,189,198
uttar pradesh,kanpur dehat,uttar pradesh|kanpur dehat,2026,2,8105,2026-Q2,20478974,24560512463.09,582286,41453,1199.303855,7119.01025,14.0469,35.16996,42179.465869,494.02876,8104,18564811,24178235253.63,564387,40986,0.10311,0.0158108,0.03171,0.01139,0.32481,4.0,0.325905,0.8880706921944035,0.2812960235640648,0.3637702503681885,0.39764359351988215,50.72164948453608,48.26951399116347,58.1958762886598,0.5434462444771723,DEVELOP,311,350,198
uttar pradesh,mathura,uttar pradesh|mathura,2026,2,8105,2026-Q2,90335602,97966320831.51,1700916,175515,1084.470781,10318.85172,9.691,53.10997,57596.213353,514.68878,8104,82227835,92939830892.87,1692943,171058,0.0986,0.0540833,0.00471,0.02606,0.32465,4.0,0.3308,0.8865979381443299,0.30633284241531666,0.026509572901325478,0.8718703976435935,52.356406480117826,52.28276877761413,58.18851251840943,0.5846833578792342,DEFEND,283,283,200
maharashtra,akola,maharashtra|akola,2026,2,8105,2026-Q2,56701182,67336291835.72,987281,70953,1187.564165,7186.70774,13.91458,57.43166,68203.775658,799.1372,8104,53458444,63488601259.91,966986,68663,0.06066,0.0606044,0.02099,0.03335,0.28666,4.0,0.348705,0.7290132547864506,0.6200294550810015,0.35198821796759944,0.6656848306332842,59.48453608247423,59.167893961708394,58.122238586156115,0.7393225331369662,DEVELOP,178,178,201
uttar pradesh,amethi,uttar pradesh|amethi,2026,2,8105,2026-Q2,20498800,23435719920.97,553416,41736,1143.272773,7541.52392,13.25992,37.04049,42347.384103,491.15392,8104,17434256,21716339353.46,542563,41161,0.17578,0.0791745,0.02,0.01397,0.35046,4.0,0.3362125,0.9528718703976435,0.27982326951399117,0.2960235640648012,0.3799705449189985,50.58173784977909,47.71723122238586,57.974963181148745,0.5331369661266568,DEVELOP,318,365,202
telangana,wanaparthy,telangana|wanaparthy,2026,2,8105,2026-Q2,28730127,43465751206.45,291788,18574,1512.897984,6365.58049,15.70949,98.46233,148963.463907,1546.79267,8104,26241722,40970668759.38,287332,18053,0.09483,0.0608992,0.01551,0.02886,0.32502,4.0,0.2989075,0.8895434462444771,0.9337260677466863,0.5154639175257731,0.16936671575846834,66.30338733431516,62.70250368188511,57.857142857142854,0.8556701030927835,EXPAND,99,138,203
uttar pradesh,unnao,uttar pradesh|unnao,2026,2,8105,2026-Q2,20661240,25223708093.62,887209,63425,1220.822569,7148.82288,13.98832,23.28791,28430.40151,325.75861,8104,18340824,23725653020.18,856149,62841,0.12652,0.0631407,0.03628,0.00929,0.28942,4.0,0.2731925,0.7393225331369662,0.10456553755522828,0.35640648011782033,0.6273932253313697,46.251840942562595,45.69219440353461,57.73195876288659,0.4256259204712813,MONITOR,390,402,204
kerala,idukki,kerala|idukki,2026,2,8105,2026-Q2,8810940,11451139841.49,541617,32521,1299.65019,6004.42748,16.65438,16.26784,21142.504466,270.93078,8104,8405142,10881849384.63,524831,32213,0.04828,0.0523156,0.03198,0.00956,0.27903,4.0,0.24386,0.6848306332842415,0.05891016200294551,0.6008836524300442,0.3711340206185567,44.46244477172313,42.8939617083947,57.70250368188512,0.3696612665684831,MONITOR,429,466,205
haryana,sirsa,haryana|sirsa,2026,2,8105,2026-Q2,17121408,29476341651.78,690128,37959,1721.607338,5500.28401,18.18088,24.80903,42711.412451,451.05003,8104,15405999,25916369843.07,669119,37325,0.11135,0.1373638,0.0314,0.01699,0.25269,4.0,0.2412375,0.5184094256259205,0.2341678939617084,0.7039764359351989,0.49189985272459497,48.8438880706922,48.71134020618557,57.67304860088366,0.49337260677466865,MONITOR,345,335,206
gujarat,chhotaudepur,gujarat|chhotaudepur,2026,2,8105,2026-Q2,3256480,3955489213.37,198583,4982,1214.651775,2508.77467,39.8601,16.39858,19918.569129,653.64914,8104,3088252,3882844542.34,196133,4954,0.05447,0.0187091,0.01249,0.00565,0.25466,4.0,0.248395,0.5272459499263623,0.4698085419734904,0.9837997054491899,0.08247422680412371,53.807069219440365,51.583210603829166,57.58468335787924,0.6288659793814433,DEVELOP,253,297,207
bihar,supaul,bihar|supaul,2026,2,8105,2026-Q2,51328514,56264216543.23,936778,81960,1096.159077,8749.138,11.4297,54.79261,60061.419614,626.26298,8104,49861990,52896770755.93,918888,78797,0.02941,0.0636607,0.01947,0.04014,0.33548,4.0,0.3742675,0.9248895434462445,0.43593519882179677,0.12812960235640647,0.6435935198821797,54.72017673048602,53.31369661266569,57.569955817378506,0.6450662739322534,DEVELOP,242,262,208
uttar pradesh,shahjahanpur,uttar pradesh|shahjahanpur,2026,2,8105,2026-Q2,27340701,32967006288.26,1011541,88410,1205.784968,8740.13016,11.44148,27.02876,32590.875,309.24897,8104,25574358,32724837570.67,980999,87158,0.06907,0.0074002,0.03113,0.01436,0.32768,4.0,0.342785,0.9027982326951399,0.09425625920471281,0.13107511045655376,0.6745213549337261,46.20765832106038,45.06627393225332,57.562592047128135,0.42415316642120765,MONITOR,392,419,209
karnataka,uttara kannada,karnataka|uttara kannada,2026,2,8105,2026-Q2,39791180,49226243947.97,757002,34215,1237.114455,4519.80312,22.12486,52.56417,65027.891535,1162.97472,8104,38163912,47023588442.01,757330,33472,0.04264,0.0468415,-0.00043,0.0222,0.22695,4.0,0.1859125,0.35640648011782033,0.8114874815905744,0.8483063328424153,0.540500736377025,62.99705449189985,63.91752577319587,57.45949926362297,0.7938144329896907,EXPAND,140,122,210
telangana,suryapet,telangana|suryapet,2026,2,8105,2026-Q2,63010913,106341776016.42,616636,43066,1687.672356,6984.02299,14.3184,102.18494,172454.699395,1463.12434,8104,56656194,90217307675.0,609675,41941,0.11216,0.1787292,0.01142,0.02682,0.31127,4.0,0.258145,0.8306332842415317,0.9131075110456554,0.38291605301914583,0.42857142857142855,65.89101620029454,63.88070692194403,57.34167893961708,0.8483063328424153,DEVELOP,104,124,211
tamil nadu,pudukkottai,tamil nadu|pudukkottai,2026,2,8105,2026-Q2,9189681,14089456885.73,521706,21484,1533.182369,4118.02816,24.28347,17.61467,27006.507278,427.74535,8104,8749580,13897603904.99,510908,20826,0.0503,0.0138048,0.02113,0.0316,0.23906,4.0,0.23527,0.4329896907216495,0.21649484536082475,0.8910162002945509,0.35198821796759944,47.71723122238586,47.31222385861562,57.30486008836525,0.46244477172312226,MONITOR,366,371,212
assam,charaideo,assam|charaideo,2026,2,8105,2026-Q2,4118189,3376148832.87,163599,6174,819.81396,3773.8617,26.49806,25.17246,20636.732699,667.02122,8104,3846712,3347489233.03,156912,5873,0.07057,0.0085615,0.04262,0.05125,0.26306,4.0,0.328295,0.5905743740795287,0.4889543446244477,0.9263622974963182,0.050073637702503684,54.10162002945508,51.39911634756995,57.297496318114874,0.6332842415316642,DEVELOP,250,300,213
rajasthan,dungarpur,rajasthan|dungarpur,2026,2,8105,2026-Q2,12874541,15340250578.34,445900,19716,1191.518251,4421.6192,22.61615,28.87316,34402.894322,652.99964,8104,12317067,15106301489.58,429913,18967,0.04526,0.0154869,0.03719,0.03949,0.25074,4.0,0.2363475,0.49779086892488955,0.4683357879234168,0.8556701030927835,0.2960235640648012,53.954344624447714,52.94550810014728,57.26067746686303,0.6303387334315169,DEVELOP,252,270,214
uttar pradesh,raebareli,uttar pradesh|raebareli,2026,2,8105,2026-Q2,24574273,27740775651.6,823720,61439,1128.854378,7458.72384,13.40712,29.83328,33677.433657,399.9784,8104,22149624,27055160475.59,796150,60664,0.10947,0.0253414,0.03463,0.01278,0.30349,4.0,0.2910925,0.801178203240059,0.18998527245949925,0.30927835051546393,0.5743740795287187,48.00441826215022,46.87039764359352,57.23122238586156,0.4742268041237113,MONITOR,358,380,215
bihar,jamui,bihar|jamui,2026,2,8105,2026-Q2,33273643,37261798825.09,673203,41271,1119.859308,6130.54309,16.31177,49.42587,55350.018977,806.22333,8104,30495966,35895677612.76,645678,39897,0.09108,0.0380581,0.04263,0.03444,0.27029,4.0,0.31463,0.6406480117820325,0.6318114874815906,0.5670103092783505,0.4698085419734904,58.5861561119293,57.73195876288659,57.216494845360835,0.7231222385861561,DEVELOP,189,198,216
odisha,malkangiri,odisha|malkangiri,2026,2,8105,2026-Q2,13391611,14969373860.74,244763,7993,1117.817256,3265.60796,30.62217,54.71256,61158.646776,1675.41737,8104,13419863,15950863449.44,236123,7830,-0.00211,-0.0615321,0.03659,0.02082,0.25435,4.0,0.28007,0.5257731958762887,0.9631811487481591,0.9499263622974963,0.11634756995581738,65.9278350515464,63.88070692194404,57.18703976435936,0.8497790868924889,EXPAND,103,123,217
uttar pradesh,jaunpur,uttar pradesh|jaunpur,2026,2,8105,2026-Q2,55014511,63791962418.01,1605649,151304,1159.547931,9423.23011,10.61207,34.2631,39729.705819,363.60249,8104,44426482,53879606991.79,1593438,149167,0.23833,0.1839723,0.00766,0.01433,0.31408,4.0,0.276265,0.8394698085419735,0.13991163475699558,0.061855670103092786,0.8556701030927835,47.34167893961708,47.42268041237113,57.135493372606774,0.4491899852724595,DEFEND,375,369,218
gujarat,banaskantha,gujarat|banaskantha,2026,2,8105,2026-Q2,39156532,54304178244.4,918807,54340,1386.848515,5914.1909,16.90848,42.61671,59102.921772,720.58395,8104,38078479,54326231077.57,901406,52855,0.02831,-0.0004059,0.0193,0.0281,0.24968,4.0,0.303545,0.49042709867452133,0.5581737849779087,0.6170839469808542,0.6347569955817378,56.78939617083947,57.51104565537555,57.08394698085419,0.6892488954344624,DEVELOP,212,203,219
assam,morigaon,assam|morigaon,2026,2,8105,2026-Q2,18226572,18185301597.03,432252,32830,997.735701,7595.10656,13.16637,42.16654,42071.064095,555.18038,8104,15692741,17086441851.3,426816,30571,0.16147,0.0643118,0.01274,0.07389,0.45517,4.0,0.4495775,0.9970544918998527,0.3549337260677467,0.29013254786450665,0.27982326951399117,51.634756995581746,48.04860088365244,57.03240058910162,0.572901325478645,DEVELOP,291,358,220
madhya pradesh,guna,madhya pradesh|guna,2026,2,8105,2026-Q2,35844855,41560271643.2,711351,47884,1159.448731,6731.4167,14.85571,50.38983,58424.422884,748.57687,8104,34078069,35751615384.33,696556,46892,0.05185,0.1624726,0.02124,0.02115,0.28562,4.0,0.298585,0.7231222385861561,0.5787923416789397,0.43888070692194403,0.508100147275405,57.297496318114874,56.22238586156112,56.98821796759941,0.695139911634757,DEVELOP,208,228,221
uttar pradesh,balrampur,uttar pradesh|balrampur,2026,2,8105,2026-Q2,17893265,19869894867.59,569395,40015,1110.467814,7027.63459,14.22954,31.42505,34896.503952,447.16394,8104,13757246,15819124454.17,561561,39265,0.30064,0.2560679,0.01395,0.0191,0.31576,4.0,0.2869025,0.8512518409425626,0.23122238586156113,0.3755522827687776,0.3917525773195876,48.5419734904271,46.24447717231222,56.98821796759941,0.4845360824742268,MONITOR,351,393,221
karnataka,vijayapura,karnataka|vijayapura,2026,2,8105,2026-Q2,98492191,130094120370.1,1324162,80472,1320.857208,6077.20203,16.45494,74.38077,98246.377989,1223.93119,8104,88327026,112888365471.13,1289802,78728,0.11509,0.1524139,0.02664,0.02215,0.23872,4.0,0.20314,0.4270986745213549,0.8350515463917526,0.5787923416789397,0.7849779086892489,63.85861561119294,65.6480117820324,56.9661266568483,0.8144329896907216,EXPAND,127,103,223
madhya pradesh,pandhurna,madhya pradesh|pandhurna,2026,2,8105,2026-Q2,7501763,9154858384.83,168840,6875,1220.360918,4071.90239,24.55855,44.4312,54222.094201,1091.16553,8104,6838245,8849057678.58,165551,6725,0.09703,0.0345574,0.01987,0.0223,0.26365,4.0,0.2575475,0.5964653902798233,0.7879234167893961,0.9042709867452136,0.05743740795287187,61.34756995581737,58.652430044182616,56.9440353460972,0.7643593519882179,EXPAND,161,184,224
bihar,darbhanga,bihar|darbhanga,2026,2,8105,2026-Q2,76137061,92163716667.9,1583605,108685,1210.49743,6863.13822,14.57059,48.07832,58198.677491,700.52961,8104,68693597,85431941836.11,1553479,105083,0.10836,0.0787969,0.01939,0.03428,0.25476,4.0,0.293365,0.5301914580265096,0.5301914580265096,0.40942562592047127,0.8527245949926362,56.45066273932253,58.06332842415317,56.855670103092784,0.6833578792341679,DEFEND,216,194,225
uttar pradesh,mainpuri,uttar pradesh|mainpuri,2026,2,8105,2026-Q2,31602854,32176097350.4,796709,60774,1018.138974,7628.13022,13.10937,39.66675,40386.260668,520.00615,8104,28798487,31938509480.99,771667,59311,0.09738,0.0074389,0.03245,0.02467,0.31105,4.0,0.328955,0.8262150220913107,0.3136966126656848,0.27982326951399117,0.5581737849779087,50.7879234167894,49.447717231222384,56.79675994108984,0.5449189985272459,DEVELOP,309,329,226
uttar pradesh,sultanpur,uttar pradesh|sultanpur,2026,2,8105,2026-Q2,29338089,33125987141.95,844802,74816,1129.111959,8856.03964,11.29173,34.72777,39211.539677,392.13656,8104,25064523,30468241930.99,830107,73411,0.1705,0.08723,0.0177,0.01914,0.34546,4.0,0.2883675,0.9440353460972017,0.1796759941089838,0.11782032400589101,0.5905743740795287,47.5699558173785,45.80265095729013,56.649484536082475,0.45949926362297494,MONITOR,368,401,227
telangana,mulugu,telangana|mulugu,2026,2,8105,2026-Q2,14134739,22049667335.8,150289,9726,1559.962822,6471.53152,15.45229,94.05039,146715.111125,1453.29416,8104,14974636,22334455358.3,149940,9541,-0.05609,-0.0127511,0.00233,0.01939,0.3547,4.0,0.3592675,0.9572901325478645,0.9101620029455081,0.4948453608247423,0.039764359351988215,64.63917525773195,60.051546391752574,56.60530191458027,0.8291605301914581,DEVELOP,117,163,228
uttar pradesh,budaun,uttar pradesh|budaun,2026,2,8105,2026-Q2,32014414,36307085165.98,1034114,83067,1134.085577,8032.67338,12.44916,30.9583,35109.364312,385.40472,8104,29385837,35934849760.46,997690,81287,0.08945,0.0103586,0.03651,0.0219,0.30666,4.0,0.3344725,0.8100147275405007,0.1723122238586156,0.203240058910162,0.6833578792341679,47.35640648011782,46.72312223858616,56.597938144329895,0.4521354933726068,MONITOR,373,382,229
karnataka,bengaluru south,karnataka|bengaluru south,2026,2,8105,2026-Q2,77937527,100974038297.57,858513,37552,1295.576626,4374.07471,22.86198,90.782,117615.037044,2075.45609,8104,74269616,94807396176.17,834632,36615,0.04939,0.0650439,0.02861,0.02559,0.21258,4.0,0.2078525,0.27835051546391754,0.9926362297496318,0.865979381443299,0.6023564064801178,66.86303387334316,68.48306332842415,56.50220913107511,0.8630338733431517,EXPAND,94,77,230
bihar,gopalganj,bihar|gopalganj,2026,2,8105,2026-Q2,57730004,68023765078.59,1098808,72440,1178.308685,6592.59852,15.16853,52.53875,61906.870972,796.93545,8104,51811510,63017159993.49,1071555,71341,0.11423,0.0794483,0.02543,0.0154,0.25827,4.0,0.2857925,0.5552282768777614,0.6185567010309279,0.4698085419734904,0.711340206185567,58.09278350515464,58.87334315169367,56.435935198821795,0.7142857142857143,DEVELOP,195,180,231
bihar,siwan,bihar|siwan,2026,2,8105,2026-Q2,71421194,87675605091.68,1376348,87346,1227.585261,6346.21477,15.75742,51.89181,63701.625673,817.68134,8104,64109173,81417396080.34,1349467,86191,0.11406,0.0768657,0.01992,0.0134,0.24227,4.0,0.29381,0.4536082474226804,0.6377025036818851,0.5213549337260678,0.7982326951399117,58.54933726067746,60.27245949926363,56.34756995581738,0.7216494845360825,DEVELOP,190,161,232
bihar,nawada,bihar|nawada,2026,2,8105,2026-Q2,36238773,47259162412.96,836648,43103,1304.104927,5151.86793,19.41044,43.31424,56486.314929,840.74828,8104,33446785,45721556360.2,812382,41783,0.08348,0.0336298,0.02987,0.03159,0.22826,4.0,0.3014825,0.36818851251840945,0.6568483063328424,0.7702503681885126,0.5846833578792342,58.41678939617084,59.499263622974965,56.30338733431517,0.7187039764359352,DEVELOP,192,176,233
maharashtra,jalna,maharashtra|jalna,2026,2,8105,2026-Q2,80240072,102979501441.42,1090655,70630,1283.392436,6475.92502,15.44181,73.57054,94419.868282,1136.06218,8104,74648789,95336676657.53,1074926,68735,0.0749,0.0801667,0.01463,0.02757,0.25528,4.0,0.343805,0.5331369661266568,0.8026509572901326,0.49337260677466865,0.7069219440353461,62.533136966126655,63.40206185567011,56.26656848306333,0.7849779086892489,DEVELOP,147,127,234
madhya pradesh,jhabua,madhya pradesh|jhabua,2026,2,8105,2026-Q2,17596269,20328460536.04,407346,18613,1155.271071,4569.33418,21.88503,43.19735,49904.652399,945.37522,8104,17816437,20673666706.08,396950,18038,-0.01236,-0.0166979,0.02619,0.03188,0.25223,4.0,0.318805,0.5125184094256259,0.7231222385861561,0.8394698085419735,0.25184094256259204,59.47717231222386,58.173784977908696,56.17820324005891,0.7378497790868925,DEVELOP,179,192,235
jammu & kashmir,jammu,jammu & kashmir|jammu,2026,2,8105,2026-Q2,36376849,40933379457.51,1077002,66318,1125.259075,6157.64873,16.23997,33.77603,38006.781285,548.5215,8104,35902750,40889963570.87,1040435,65122,0.01321,0.0010618,0.03515,0.01837,0.24386,4.0,0.2300575,0.4727540500736377,0.34609720176730485,0.5596465390279823,0.7010309278350515,50.84683357879234,51.988217967599404,56.02356406480118,0.5478645066273933,DEVELOP,308,288,236
uttar pradesh,fatehpur,uttar pradesh|fatehpur,2026,2,8105,2026-Q2,20011856,23983282526.33,730302,65788,1198.453683,9008.32806,11.10084,27.40217,32840.225724,304.18702,8104,17590519,23048077510.35,707717,63835,0.13765,0.0405763,0.03191,0.03059,0.41062,4.0,0.371905,0.9852724594992637,0.09131075110456553,0.09720176730486009,0.5257731958762887,44.78645066273933,42.48895434462445,55.95729013254787,0.3784977908689249,MONITOR,423,472,237
tamil nadu,chengalpattu,tamil nadu|chengalpattu,2026,2,8105,2026-Q2,82177962,86472947648.94,2706058,130494,1052.264446,4822.29132,20.73703,30.36815,31955.319379,629.74514,8104,81193991,86560550985.54,2603679,128873,0.01212,-0.001012,0.03932,0.01258,0.17316,4.0,0.185815,0.0898379970544919,0.44035346097201766,0.8159057437407953,0.9484536082474226,53.070692194403534,57.363770250368184,55.86156111929308,0.605301914580265,DEVELOP,269,207,238
madhya pradesh,sagar,madhya pradesh|sagar,2026,2,8105,2026-Q2,51924904,64306030353.98,1149850,85489,1238.442932,7434.79584,13.45027,45.15798,55925.581905,607.38696,8104,47505264,54294439227.44,1119147,83482,0.09303,0.1843944,0.02743,0.02404,0.27511,4.0,0.2755125,0.6627393225331369,0.4212076583210604,0.31075110456553756,0.7349042709867453,52.87923416789396,53.240058910162006,55.758468335787924,0.5994108983799705,DEVELOP,273,263,239
bihar,sheikhpura,bihar|sheikhpura,2026,2,8105,2026-Q2,9345600,12432111926.49,244878,11592,1330.263646,4733.7858,21.12474,38.16431,50768.594674,806.21118,8104,8691695,12085912464.96,237207,11268,0.07523,0.0286449,0.03234,0.02875,0.26416,4.0,0.3210325,0.6008836524300442,0.6303387334315169,0.8217967599410898,0.11782032400589101,56.68630338733433,54.27098674521355,55.74374079528719,0.6863033873343152,DEVELOP,214,248,240
gujarat,navsari,gujarat|navsari,2026,2,8105,2026-Q2,11247754,12752446048.51,482976,19373,1133.777112,4011.1724,24.93037,23.28843,26403.891805,580.58917,8104,10526149,12327691945.47,473379,18932,0.06855,0.0344553,0.02027,0.02329,0.23201,4.0,0.20919,0.38880706921944036,0.3858615611192931,0.914580265095729,0.3225331369661267,50.62592047128129,50.29455081001473,55.6259204712813,0.5390279823269514,DEVELOP,314,316,241
west bengal,nadia,west bengal|nadia,2026,2,8105,2026-Q2,94303859,128549402716.23,2331051,198519,1363.140428,8516.28729,11.74221,40.45551,55146.542361,475.03694,8104,89659450,133169660755.21,2305039,194373,0.0518,-0.0346945,0.01128,0.02133,0.27569,4.0,0.3341525,0.6701030927835051,0.2650957290132548,0.15758468335787923,0.9278350515463918,49.22680412371135,50.51546391752577,55.51546391752578,0.4963181148748159,DEFEND,343,312,242
uttar pradesh,jalaun,uttar pradesh|jalaun,2026,2,8105,2026-Q2,25987938,29829826452.53,682487,44367,1147.833524,6500.78317,15.38276,38.07829,43707.537949,585.74927,8104,23619549,28402375598.8,671703,43537,0.10027,0.0502582,0.01605,0.01906,0.27238,4.0,0.28358,0.6539027982326951,0.3946980854197349,0.49042709867452133,0.48600883652430044,51.465390279823275,50.62592047128129,55.47128129602357,0.5699558173784978,DEVELOP,293,309,243
chhattisgarh,bilaspur,chhattisgarh|bilaspur,2026,2,8105,2026-Q2,63534413,60121606059.72,1094847,58872,946.284119,5377.18969,18.59708,58.0304,54913.24912,1079.19576,8104,61053267,58845464912.23,1060645,57276,0.04064,0.0216863,0.03225,0.02787,0.21726,4.0,0.2527525,0.3019145802650957,0.7790868924889544,0.7334315169366715,0.7083946980854198,61.03829160530192,63.070692194403534,55.45655375552283,0.759941089837997,EXPAND,164,132,244
jammu & kashmir,reasi,jammu & kashmir|reasi,2026,2,8105,2026-Q2,5574835,6099552843.46,161465,9108,1094.122578,5640.85096,17.72782,34.52658,37776.315879,612.08114,8104,4668636,5052853846.29,151911,8554,0.1941,0.2071501,0.06289,0.06477,0.2948,4.0,0.1962475,0.7628865979381443,0.4256259204712813,0.678939617083947,0.047128129602356406,51.44329896907216,47.864506627393226,55.45655375552283,0.5684830633284241,DEVELOP,294,364,244
punjab,patiala,punjab|patiala,2026,2,8105,2026-Q2,18047391,23677742632.41,962685,68658,1311.975932,7131.92789,14.02145,18.74693,24595.524634,262.85926,8104,16330546,22457619963.27,927224,67817,0.10513,0.05433,0.03824,0.0124,0.27476,4.0,0.244955,0.6612665684830633,0.054491899852724596,0.3593519882179676,0.6568483063328424,43.32106038291605,43.29896907216495,55.44918998527246,0.33578792341678937,MONITOR,452,459,246
kerala,palakkad,kerala|palakkad,2026,2,8105,2026-Q2,17712733,21062656307.15,1136377,87983,1189.125151,7742.41295,12.91587,15.58702,18534.91958,201.31995,8104,16666837,20123791881.36,1107803,86559,0.06275,0.0466544,0.02579,0.01645,0.28304,4.0,0.2289125,0.7098674521354934,0.017673048600883652,0.2533136966126657,0.727540500736377,42.62150220913108,42.7098674521355,55.44918998527246,0.3181148748159057,MONITOR,464,469,246
bihar,araria,bihar|araria,2026,2,8105,2026-Q2,62008432,71383208832.86,1128215,92877,1151.185517,8232.20751,12.14741,54.96154,63270.926936,667.64034,8104,57072990,64909377936.23,1099430,90252,0.08648,0.0997364,0.02618,0.02909,0.29797,4.0,0.380995,0.7761413843888071,0.49189985272459497,0.17820324005891017,0.7245949926362297,54.528718703976445,54.27098674521355,55.39764359351989,0.6406480117820325,DEVELOP,245,248,248
karnataka,chitradurga,karnataka|chitradurga,2026,2,8105,2026-Q2,61694303,82876639399.53,857762,42818,1343.343475,4991.82757,20.03274,71.92473,96619.62106,1440.84971,8104,56783740,77071233070.6,837009,41351,0.08648,0.0753252,0.02479,0.03548,0.22023,4.0,0.171695,0.31958762886597936,0.9086892488954345,0.7879234167893961,0.5994108983799705,63.99116347569955,65.39027982326951,55.3460972017673,0.8203240058910162,EXPAND,123,106,249
andhra pradesh,ananthapuramu,andhra pradesh|ananthapuramu,2026,2,8105,2026-Q2,140056538,199801031290.99,1555974,108540,1426.574112,6975.69497,14.33549,90.01213,128408.978101,1290.36796,8104,134752991,192433842365.95,1516713,106385,0.03936,0.0382843,0.02589,0.02026,0.25251,4.0,0.26599,0.5169366715758469,0.8689248895434463,0.3858615611192931,0.8438880706921944,63.75552282768777,65.39027982326951,55.279823269514,0.812960235640648,DEFEND,128,106,250
telangana,mahabubabad,telangana|mahabubabad,2026,2,8105,2026-Q2,36822158,56025279963.5,369170,27080,1521.509955,7335.37395,13.63257,99.74309,151760.110419,1359.75473,8104,32923949,48577478019.74,363816,26033,0.1184,0.153318,0.01472,0.04022,0.34901,4.0,0.2881725,0.9499263622974963,0.8924889543446245,0.32547864506627394,0.22974963181148747,63.5419734904271,59.94108983799706,55.13254786450662,0.8070692194403535,DEVELOP,132,166,251
telangana,rajanna sircilla,telangana|rajanna sircilla,2026,2,8105,2026-Q2,30997630,51861888094.24,339164,22194,1673.092043,6543.73695,15.28179,91.39422,152910.946015,1396.66712,8104,27603863,47620788826.2,335253,21335,0.12295,0.0890598,0.01167,0.04026,0.31114,4.0,0.27555,0.8276877761413843,0.9013254786450663,0.4801178203240059,0.20765832106038293,63.51988217967599,60.419734904270996,55.10309278350516,0.8041237113402062,DEVELOP,134,159,252
telangana,medak,telangana|medak,2026,2,8105,2026-Q2,42806476,60364666741.47,452561,34997,1410.176038,7733.10117,12.93142,94.5872,133384.597306,1223.14701,8104,37188835,51097983556.08,446084,33897,0.15106,0.1813512,0.01452,0.03245,0.35994,4.0,0.2842425,0.9646539027982327,0.833578792341679,0.25625920471281294,0.3019145802650957,62.22385861561119,58.9101620029455,55.10309278350515,0.780559646539028,DEVELOP,150,179,253
bihar,sitamarhi,bihar|sitamarhi,2026,2,8105,2026-Q2,54917497,65875900837.86,1218209,89815,1199.543032,7372.70862,13.56354,45.08052,54076.025409,611.45128,8104,50072637,63835690387.48,1200701,86345,0.09676,0.0319603,0.01458,0.04019,0.26774,4.0,0.305265,0.6273932253313697,0.42415316642120765,0.31958762886597936,0.7525773195876289,52.466863033873345,53.09278350515464,55.09572901325479,0.5876288659793815,DEFEND,281,267,254
bihar,bhojpur,bihar|bhojpur,2026,2,8105,2026-Q2,47979063,61555430238.13,1035757,70550,1282.96441,6811.44322,14.68118,46.3227,59430.378205,680.07176,8104,43259981,58496411704.0,1026935,68294,0.10909,0.0522941,0.00859,0.03303,0.26225,4.0,0.314905,0.5817378497790869,0.508100147275405,0.4182621502209131,0.6848306332842415,54.3078055964654,54.82326951399117,55.02945508100148,0.6377025036818851,DEVELOP,247,241,255
west bengal,uttar dinajpur,west bengal|uttar dinajpur,2026,2,8105,2026-Q2,59201120,74974168495.02,1268350,113217,1266.431589,8926.3216,11.20282,46.6757,59111.576848,522.89956,8104,54292605,78053512877.95,1285493,110486,0.09041,-0.0394517,-0.01334,0.02472,0.30018,4.0,0.3880575,0.792341678939617,0.3181148748159057,0.1134020618556701,0.7731958762886598,50.02209131075111,49.92636229749632,54.99263622974963,0.5125184094256259,DEFEND,332,322,256
kerala,thiruvananthapuram,kerala|thiruvananthapuram,2026,2,8105,2026-Q2,29708347,34085333435.64,1697961,103214,1147.331874,6078.70263,16.45088,17.49648,20074.273458,287.83253,8104,28773296,33111935233.63,1655492,100715,0.0325,0.0293972,0.02565,0.02481,0.22112,4.0,0.167185,0.32547864506627394,0.0780559646539028,0.5773195876288659,0.8703976435935199,43.55670103092783,46.28129602356407,54.98527245949927,0.34167893961708395,MONITOR,448,392,257
kerala,malappuram,kerala|malappuram,2026,2,8105,2026-Q2,33828704,36364696971.52,1843408,164619,1074.965715,8930.1446,11.19803,18.35118,19726.884646,205.49696,8104,31568693,34848916734.0,1779858,162379,0.07159,0.0434958,0.03571,0.01379,0.28487,4.0,0.2330375,0.7201767304860088,0.020618556701030927,0.11045655375552282,0.8880706921944035,42.64359351988218,43.48306332842415,54.874815905743745,0.32106038291605304,DEFEND,462,450,258
uttar pradesh,auraiya,uttar pradesh|auraiya,2026,2,8105,2026-Q2,20938024,22597364412.34,544431,42872,1079.250096,7874.64344,12.69899,38.45854,41506.38816,488.38459,8104,18802361,21892881125.33,526787,41970,0.11358,0.0321786,0.03349,0.02149,0.34337,4.0,0.349045,0.9381443298969072,0.27393225331369664,0.2268041237113402,0.3755522827687776,48.17378497790869,45.36082474226804,54.852724594992644,0.47717231222385864,MONITOR,356,410,259
bihar,vaishali,bihar|vaishali,2026,2,8105,2026-Q2,69068186,84271988663.21,1456708,105317,1220.127436,7229.79485,13.83165,47.41389,57850.982258,655.81232,8104,62409488,79422957230.84,1429119,103318,0.10669,0.0610533,0.0193,0.01935,0.25905,4.0,0.29773,0.561119293078056,0.4742268041237113,0.34167893961708395,0.8159057437407953,53.54933726067747,54.82326951399117,54.80117820324006,0.6185567010309279,DEFEND,260,241,260
uttar pradesh,aligarh,uttar pradesh|aligarh,2026,2,8105,2026-Q2,80702139,89329809467.29,1827241,154365,1106.907581,8447.9825,11.83715,44.16612,48887.809253,522.80076,8104,74362346,86891845245.78,1769407,151432,0.08526,0.0280575,0.03269,0.01937,0.27645,4.0,0.2960225,0.6730486008836525,0.3166421207658321,0.1634756995581738,0.8851251840942562,49.896907216494846,50.95729013254786,54.77172312223859,0.5110456553755522,DEFEND,333,304,261
odisha,kalahandi,odisha|kalahandi,2026,2,8105,2026-Q2,37492566,39390212804.05,681984,30471,1050.613948,4467.99338,22.38141,54.97573,57758.265302,1230.43438,8104,38985648,47426681089.23,665278,29293,-0.0383,-0.1694504,0.02511,0.04021,0.22046,4.0,0.2870375,0.32106038291605304,0.8365243004418262,0.8512518409425626,0.4845360824742268,61.51693667157585,62.33431516936672,54.74963181148749,0.7687776141384389,EXPAND,158,143,262
uttar pradesh,basti,uttar pradesh|basti,2026,2,8105,2026-Q2,36750004,41648872406.75,920943,73966,1133.302527,8031.55027,12.4509,39.90475,45224.158723,496.84996,8104,31429207,37320790305.28,912105,72385,0.16929,0.1159697,0.00969,0.02184,0.29984,4.0,0.3000375,0.7879234167893961,0.28718703976435933,0.20471281296023564,0.6377025036818851,48.68924889543446,47.9381443298969,54.62444771723122,0.49042709867452133,MONITOR,347,362,263
haryana,panipat,haryana|panipat,2026,2,8105,2026-Q2,37978024,44721871421.83,1103364,71025,1177.572362,6437.13226,15.53487,34.42021,40532.29163,534.71347,8104,34817059,42482728649.71,1064781,69687,0.09079,0.0527071,0.03624,0.0192,0.24582,4.0,0.27846,0.4801178203240059,0.3328424153166421,0.5022091310751104,0.7128129602356407,49.5360824742268,50.69955817378498,54.602356406480126,0.5022091310751104,DEVELOP,339,308,264
tamil nadu,tirunelveli,tamil nadu|tirunelveli,2026,2,8105,2026-Q2,16412702,22225421966.09,722203,46193,1354.159843,6396.12408,15.63447,22.72588,30774.480258,355.30712,8104,15235540,20589689187.69,709820,45424,0.07726,0.0794443,0.01745,0.01693,0.2636,4.0,0.254545,0.5949926362297496,0.1325478645066274,0.5095729013254786,0.5169366715758469,44.24153166421208,43.85125184094256,54.5581737849779,0.36082474226804123,MONITOR,435,437,265
telangana,medchal malkajgiri,telangana|medchal malkajgiri,2026,2,8105,2026-Q2,759040841,904396129212.85,6313836,455298,1191.498639,7211.1154,13.86748,120.21865,143240.358035,1667.12975,8104,708421079,846151772939.23,6048369,446806,0.07145,0.0688344,0.04389,0.01901,0.24034,4.0,0.208555,0.4418262150220913,0.9617083946980854,0.34609720176730485,0.9896907216494846,65.7437407952872,68.48306332842415,54.528718703976445,0.8468335787923417,DEFEND,105,77,266
assam,biswanath,assam|biswanath,2026,2,8105,2026-Q2,8327357,6466231987.32,265100,16764,776.504717,6323.65145,15.81365,31.41214,24391.67102,496.74046,8104,7517769,6318901886.82,256865,15815,0.10769,0.0233158,0.03206,0.06001,0.30741,4.0,0.3711475,0.8114874815905744,0.2857142857142857,0.524300441826215,0.14432989690721648,47.481590574374074,44.145802650957286,54.41826215022091,0.4536082474226804,MONITOR,372,431,267
odisha,koraput,odisha|koraput,2026,2,8105,2026-Q2,36717088,42685500563.22,613733,26166,1162.551359,4263.41748,23.45536,59.82583,69550.603541,1403.23657,8104,36197172,45142184554.15,595770,25444,0.01436,-0.054421,0.03015,0.02838,0.22082,4.0,0.2563025,0.3240058910162003,0.9027982326951399,0.8792341678939617,0.4270986745213549,62.81296023564066,63.32842415316642,54.41089837997054,0.7893961708394698,EXPAND,144,128,268
uttar pradesh,pilibhit,uttar pradesh|pilibhit,2026,2,8105,2026-Q2,20580232,23095919547.77,681943,53794,1122.238056,7888.34257,12.67693,30.17882,33867.815269,382.57486,8104,19295333,23579203237.18,666826,53125,0.06659,-0.0204962,0.02267,0.01259,0.31838,4.0,0.3642125,0.8600883652430045,0.16936671575846834,0.22533136966126657,0.48306332842415317,45.33136966126657,43.44624447717232,54.366715758468345,0.39764359351988215,MONITOR,410,453,269
odisha,ganjam,odisha|ganjam,2026,2,8105,2026-Q2,103810532,138516622121.45,1688000,115340,1334.321474,6832.93839,14.63499,61.49913,82059.610262,900.03929,8104,96890250,138519135225.9,1669555,113110,0.07142,-1.81e-05,0.01105,0.01972,0.24209,4.0,0.241485,0.4521354933726068,0.6907216494845361,0.4167893961708395,0.8674521354933726,58.60088365243005,60.67746686303388,54.35935198821797,0.7245949926362297,DEFEND,187,157,270
uttar pradesh,lakhimpur kheri,uttar pradesh|lakhimpur kheri,2026,2,8105,2026-Q2,30118233,30880976121.35,1504025,119776,1025.324963,7963.69741,12.55698,20.02509,20532.222617,251.45466,8104,28581588,31981910173.66,1454904,117068,0.05376,-0.0344236,0.03376,0.02313,0.27121,4.0,0.293615,0.6480117820324006,0.045655375552282766,0.21502209131075112,0.8306332842415317,42.5699558173785,43.48306332842415,54.21207658321061,0.3136966126656848,DEFEND,467,450,271
assam,hailakandi,assam|hailakandi,2026,2,8105,2026-Q2,10306306,9414297181.74,247578,16305,913.450191,6585.80326,15.18418,41.62852,38025.580551,632.09482,8104,9891678,10137196550.6,243679,15672,0.04192,-0.0713116,0.016,0.04039,0.31966,4.0,0.4121975,0.8645066273932254,0.44329896907216493,0.4727540500736377,0.12076583210603829,51.2518409425626,47.533136966126655,54.1458026509573,0.561119293078056,DEVELOP,299,366,272
chhattisgarh,korba,chhattisgarh|korba,2026,2,8105,2026-Q2,39693602,37083892777.44,681484,33599,934.253656,4930.26982,20.28287,58.24583,54416.380689,1181.39236,8104,39084451,36782824222.81,666018,32751,0.01559,0.008185,0.02322,0.02589,0.22539,4.0,0.27434,0.3431516936671576,0.8232695139911634,0.8026509572901326,0.48159057437407954,60.57437407952872,61.266568483063324,53.85861561119293,0.7540500736377025,EXPAND,168,153,273
uttar pradesh,gonda,uttar pradesh|gonda,2026,2,8105,2026-Q2,32176272,38053376989.47,1036138,96101,1182.653385,9274.92284,10.78176,31.05404,36726.166775,334.81724,8104,27653336,34471088626.17,1010156,94459,0.16356,0.1039215,0.02572,0.01738,0.3158,4.0,0.28795,0.8527245949926362,0.11192930780559647,0.07363770250368189,0.6863033873343152,43.94698085419735,43.11487481590574,53.8438880706922,0.35346097201767307,MONITOR,439,461,274
uttar pradesh,barabanki,uttar pradesh|barabanki,2026,2,8105,2026-Q2,30401058,32285958408.43,1048794,111643,1062.001145,10644.89309,9.39418,28.98668,30783.889313,272.30599,8104,27675144,31278254714.35,1015501,107488,0.0985,0.0322174,0.03278,0.03866,0.32601,4.0,0.31327,0.8924889543446245,0.061855670103092786,0.023564064801178203,0.6921944035346097,42.7540500736377,41.75257731958763,53.829160530191466,0.3225331369661267,MONITOR,460,491,275
tamil nadu,tenkasi,tamil nadu|tenkasi,2026,2,8105,2026-Q2,8027441,12071909048.6,440344,24824,1503.830305,5637.41075,17.73864,18.22993,27414.723599,323.37419,8104,7463778,11527870945.69,430166,24337,0.07552,0.0471933,0.02366,0.02001,0.26032,4.0,0.2375075,0.5684830633284241,0.10309278350515463,0.6804123711340206,0.28865979381443296,42.415316642120764,41.016200294550806,53.77025036818851,0.3122238586156112,MONITOR,468,504,276
haryana,panchkula,haryana|panchkula,2026,2,8105,2026-Q2,12728807,13291531031.51,474365,26943,1044.208702,5679.80353,17.60624,26.83336,28019.628412,472.43466,8104,11387465,12457697312.51,459453,26280,0.11779,0.0669332,0.03246,0.02523,0.25856,4.0,0.2216725,0.5596465390279823,0.2606774668630339,0.6730486008836525,0.3122238586156112,46.37702503681885,45.139911634757,53.74815905743742,0.4329896907216495,MONITOR,386,415,277
telangana,kamareddy,telangana|kamareddy,2026,2,8105,2026-Q2,44069147,71132180453.01,498746,40658,1614.103864,8152.04533,12.26686,88.3599,142622.057025,1083.89854,8104,37176917,57557545630.98,493912,39671,0.18539,0.2358446,0.00979,0.02488,0.36174,4.0,0.2761575,0.9705449189985272,0.7820324005891016,0.18556701030927836,0.33726067746686306,60.05154639175257,56.88512518409426,53.748159057437405,0.748159057437408,DEVELOP,172,218,278
andhra pradesh,visakhapatnam,andhra pradesh|visakhapatnam,2026,2,8105,2026-Q2,304675634,382678787292.22,2800236,213703,1256.02032,7631.60676,13.1034,108.80356,136659.47702,1425.69657,8104,286270738,365217670842.92,2726369,209298,0.06429,0.0478102,0.02709,0.02105,0.25146,4.0,0.2324875,0.5036818851251841,0.9042709867452136,0.27835051546391754,0.9528718703976435,63.73343151693667,65.97938144329896,53.71134020618557,0.8114874815905744,DEFEND,129,96,279
bihar,samastipur,bihar|samastipur,2026,2,8105,2026-Q2,79535856,95167057640.54,1693494,133736,1196.53025,7897.04599,12.66296,46.96554,56195.686339,594.72286,8104,71662868,88863261732.68,1644229,130709,0.10986,0.0709382,0.02996,0.02316,0.26423,4.0,0.306665,0.6023564064801178,0.40353460972017674,0.22385861561119294,0.8689248895434463,51.13402061855671,52.466863033873345,53.65243004418262,0.5567010309278351,DEFEND,302,279,280
west bengal,paschim bardhaman,west bengal|paschim bardhaman,2026,2,8105,2026-Q2,77353246,80344969026.41,1737895,127430,1038.676115,7332.43378,13.63804,44.50974,46231.198678,607.02539,8104,74395636,81970905080.7,1692394,124670,0.03976,-0.0198355,0.02689,0.02214,0.25153,4.0,0.2848075,0.5066273932253313,0.4182621502209131,0.3269513991163476,0.8762886597938144,51.35493372606774,53.20324005891016,53.61561119293078,0.5655375552282769,DEFEND,296,265,281
telangana,karimnagar,telangana|karimnagar,2026,2,8105,2026-Q2,85576688,127171020442.31,851085,66317,1486.047467,7792.05367,12.83359,100.55011,149422.232142,1290.41857,8104,78197824,116697197426.51,836394,64168,0.09436,0.0897521,0.01756,0.03349,0.29355,4.0,0.2684225,0.7555228276877761,0.8703976435935199,0.24300441826215022,0.5949926362297496,62.40058910162003,61.5979381443299,53.60088365243004,0.7835051546391752,DEVELOP,148,149,282
telangana,yadadri bhuvanagiri,telangana|yadadri bhuvanagiri,2026,2,8105,2026-Q2,60031560,89833254950.01,554483,36456,1496.433792,6574.77326,15.20965,108.26583,162012.640514,1646.68532,8104,53525348,80521763860.4,552106,35565,0.12155,0.1156394,0.00431,0.02505,0.27862,4.0,0.2323275,0.6833578792341679,0.9558173784977909,0.47569955817378495,0.38144329896907214,63.91752577319587,62.4079528718704,53.519882179675996,0.8188512518409425,DEVELOP,124,142,283
odisha,bargarh,odisha|bargarh,2026,2,8105,2026-Q2,29700496,35559031495.46,599124,33221,1197.253793,5544.92893,18.0345,49.5732,59351.705983,894.02775,8104,29500339,39256872821.86,588557,32175,0.00678,-0.094196,0.01795,0.03251,0.24357,4.0,0.296845,0.4683357879234168,0.6877761413843888,0.6966126656848306,0.41531664212076586,56.9661266568483,56.70103092783505,53.49779086892489,0.6921944035346097,DEVELOP,210,220,284
bihar,madhepura,bihar|madhepura,2026,2,8105,2026-Q2,43205068,49961623078.92,824589,77228,1156.383392,9365.63549,10.67733,52.39588,60589.727827,559.44823,8104,40956583,43976451015.29,794494,74292,0.0549,0.1360995,0.03788,0.03952,0.33459,4.0,0.3763375,0.9204712812960235,0.36082474226804123,0.06332842415316642,0.5758468335787923,49.73490427098674,48.01178203240058,53.43151693667158,0.5066273932253313,DEVELOP,336,360,285
madhya pradesh,bhind,madhya pradesh|bhind,2026,2,8105,2026-Q2,29660171,37798339115.54,653769,46747,1274.380351,7150.38492,13.98526,45.36797,57816.046823,634.48288,8104,26198783,33996170559.29,641054,45791,0.13212,0.1118411,0.01983,0.02088,0.28894,4.0,0.2967,0.7378497790868925,0.44624447717231225,0.3549337260677467,0.4580265095729013,51.32547864506628,49.92636229749632,53.38733431516937,0.5640648011782032,DEVELOP,297,322,286
tamil nadu,perambalur,tamil nadu|perambalur,2026,2,8105,2026-Q2,4740871,7039270105.03,233597,8891,1484.80524,3806.12765,26.27342,20.29509,30134.248749,533.22135,8104,4556019,6963713942.55,228722,8805,0.04057,0.01085,0.02131,0.00977,0.24244,4.0,0.2200175,0.4580265095729013,0.32989690721649484,0.9248895434462445,0.10751104565537556,47.26067746686303,45.50810014727541,53.379970544919,0.44624447717231225,MONITOR,377,407,287
uttar pradesh,sant kabir nagar,uttar pradesh|sant kabir nagar,2026,2,8105,2026-Q2,20392963,24114392169.53,586802,46027,1182.485947,7843.70196,12.74908,34.75272,41094.597785,443.06522,8104,16702806,20814447429.25,586200,45116,0.22093,0.1585411,0.00103,0.02019,0.32157,4.0,0.3066075,0.8733431516936672,0.22974963181148747,0.2341678939617084,0.4050073637702504,45.89837997054492,43.55670103092783,53.25478645066274,0.4108983799705449,MONITOR,401,449,288
assam,dhemaji,assam|dhemaji,2026,2,8105,2026-Q2,7533742,6504831704.52,285951,19750,863.426396,6906.77773,14.47853,26.34627,22748.064195,381.45529,8104,6964998,6478532037.2,274468,18918,0.08166,0.0040595,0.04184,0.04398,0.32409,4.0,0.3860975,0.8836524300441826,0.16642120765832105,0.3961708394698085,0.16053019145802652,43.78497790868925,40.16936671575847,53.22533136966127,0.3490427098674521,MONITOR,443,515,289
uttar pradesh,pratapgarh,uttar pradesh|pratapgarh,2026,2,8105,2026-Q2,35330680,38096459249.42,1007843,93707,1078.28265,9297.77753,10.75526,35.05574,37799.993897,377.03352,8104,29516826,34067841682.44,995112,92079,0.19697,0.1182528,0.01279,0.01768,0.31467,4.0,0.277125,0.8468335787923417,0.15758468335787923,0.06921944035346098,0.6730486008836525,44.5360824742268,43.66715758468336,53.12223858615612,0.37260677466863035,MONITOR,427,444,290
assam,baksa,assam|baksa,2026,2,8105,2026-Q2,6593640,6910592354.28,198012,13259,1048.069405,6696.05882,14.93416,33.29919,34899.866444,497.29542,8104,6130322,7371789864.74,192026,12831,0.07558,-0.0625625,0.03117,0.03336,0.3244,4.0,0.4013725,0.8851251840942562,0.28865979381443296,0.4491899852724595,0.07952871870397643,46.59057437407953,42.56259204712812,53.11487481590574,0.4374079528718704,MONITOR,383,471,291
tamil nadu,kallakurichi,tamil nadu|kallakurichi,2026,2,8105,2026-Q2,14030753,19273366533.43,541240,33007,1373.651616,6098.40367,16.39773,25.92335,35609.649201,425.08416,8104,13248455,19538926442.53,532753,32621,0.05905,-0.0135913,0.01593,0.01183,0.26341,4.0,0.2388675,0.5920471281296024,0.21354933726067746,0.5758468335787923,0.3696612665684831,44.88954344624448,43.77761413843888,53.078055964653906,0.38291605301914583,MONITOR,420,440,292
gujarat,rajkot,gujarat|rajkot,2026,2,8105,2026-Q2,33468985,44272311227.45,1844876,115528,1322.786192,6262.10108,15.96908,18.14159,23997.44548,289.70453,8104,32947858,44328218701.06,1771030,113669,0.01582,-0.0012612,0.0417,0.01635,0.21697,4.0,0.269905,0.29896907216494845,0.07952871870397643,0.5375552282768777,0.8895434462444771,42.187039764359355,45.13991163475699,53.011782032400575,0.30338733431516934,MONITOR,474,417,293
tamil nadu,tiruchirappalli,tamil nadu|tiruchirappalli,2026,2,8105,2026-Q2,23611945,33353493554.17,1242623,70943,1412.568662,5709.13302,17.51579,19.0017,26841.200874,332.82981,8104,22950557,32828952023.91,1220630,69489,0.02882,0.015978,0.01802,0.02092,0.20974,4.0,0.208495,0.2650957290132548,0.10898379970544919,0.6642120765832106,0.7658321060382917,42.59941089837997,45.10309278350515,52.99705449189985,0.31516936671575846,MONITOR,466,418,294
bihar,buxar,bihar|buxar,2026,2,8105,2026-Q2,28799633,37695576744.29,656368,43975,1308.890872,6699.7477,14.92594,43.87727,57430.552288,654.90922,8104,26411096,36201536160.99,646760,42756,0.09044,0.0412701,0.01486,0.02851,0.27034,4.0,0.3485125,0.6421207658321061,0.4727540500736377,0.4477172312223859,0.46244477172312226,51.52430044182621,50.62592047128129,52.91605301914581,0.5714285714285714,DEVELOP,292,309,295
odisha,kendrapara,odisha|kendrapara,2026,2,8105,2026-Q2,43209456,48056400890.5,628446,36601,1112.173245,5824.04853,17.17019,68.75604,76468.624019,1180.55397,8104,41266119,47040774491.3,613352,35075,0.04709,0.0215903,0.02461,0.04351,0.24796,4.0,0.2794725,0.48748159057437407,0.8203240058910162,0.6406480117820325,0.4374079528718704,59.896907216494846,59.646539027982335,52.85714285714286,0.7466863033873343,DEVELOP,173,173,296
uttar pradesh,ghazipur,uttar pradesh|ghazipur,2026,2,8105,2026-Q2,53218822,61711949660.91,1344805,115729,1159.588795,8605.63427,11.62029,39.57363,45889.143527,459.85727,8104,45731905,56234687124.02,1332136,113527,0.16371,0.0974001,0.00951,0.0194,0.28169,4.0,0.2880725,0.6995581737849779,0.24300441826215022,0.14580265095729014,0.7893961708394698,46.49484536082474,46.9440353460972,52.82032400589102,0.43593519882179677,DEFEND,384,379,297
tamil nadu,kanniyakumari,tamil nadu|kanniyakumari,2026,2,8105,2026-Q2,15305255,25415705589.82,775938,51933,1660.586876,6692.93165,14.94114,19.72484,32754.814933,294.71155,8104,14461259,23831070906.98,759753,51344,0.05836,0.0664945,0.0213,0.01147,0.26288,4.0,0.2243075,0.5846833578792342,0.08541973490427099,0.45066273932253315,0.5463917525773195,41.87039764359352,41.67893961708394,52.82032400589102,0.2960235640648012,MONITOR,479,493,297
odisha,balangir,odisha|balangir,2026,2,8105,2026-Q2,36690739,39113097449.35,708006,33078,1066.020977,4671.99431,21.40414,51.82264,55244.019753,1109.21879,8104,37570894,47554614297.04,684641,32306,-0.02343,-0.177512,0.03413,0.0239,0.2121,4.0,0.271195,0.2768777614138439,0.7938144329896907,0.8306332842415317,0.5036818851251841,58.99116347569956,60.125184094256255,52.73932253313697,0.7304860088365243,DEVELOP,184,162,299
assam,chirang,assam|chirang,2026,2,8105,2026-Q2,8505823,8825037132.32,216130,13494,1037.528894,6243.46458,16.01675,39.35512,40832.078528,630.34111,8104,7546792,8531923732.75,210621,12872,0.12708,0.0343549,0.02616,0.04832,0.2982,4.0,0.4201675,0.7820324005891016,0.4418262150220913,0.5478645066273933,0.09131075110456553,50.02945508100147,46.575846833578794,52.73932253313697,0.5139911634756995,DEVELOP,330,385,299
uttar pradesh,bareilly,uttar pradesh|bareilly,2026,2,8105,2026-Q2,76189965,89673607534.34,2011083,191716,1176.973996,9532.97303,10.48991,37.88504,44589.70989,397.41057,8104,69300638,89036832387.13,1968026,188757,0.09941,0.0071518,0.02188,0.01568,0.28208,4.0,0.2998025,0.7039764359351989,0.18114874815905743,0.055964653902798235,0.9042709867452136,45.13254786450663,46.134020618556704,52.724594992636234,0.39322533136966126,DEFEND,413,395,301
jharkhand,simdega,jharkhand|simdega,2026,2,8105,2026-Q2,3902634,5996791648.93,143496,3525,1536.601088,2456.51447,40.70809,27.19681,41790.653739,1107.13021,8104,3807134,5879916409.54,140390,3392,0.02508,0.019877,0.02212,0.03921,0.23903,4.0,0.311535,0.43151693667157587,0.7908689248895434,0.9896907216494846,0.03240058910162003,58.10751104565537,56.111929307805596,52.7098674521355,0.7157584683357879,DEVELOP,194,231,302
assam,sivasagar,assam|sivasagar,2026,2,8105,2026-Q2,6855933,5492370695.95,255464,14775,801.112073,5783.59377,17.29029,26.83718,21499.587793,464.02254,8104,6545066,5719986305.86,245978,14119,0.0475,-0.039793,0.03856,0.04646,0.27563,4.0,0.33901,0.6686303387334315,0.24889543446244478,0.646539027982327,0.1325478645066274,45.09572901325478,42.415316642120764,52.68777614138439,0.390279823269514,MONITOR,414,476,303
karnataka,bidar,karnataka|bidar,2026,2,8105,2026-Q2,81955236,105846329419.47,920924,62324,1291.513936,6767.55085,14.77639,88.9924,114934.923424,1314.98678,8104,73797733,93988076046.95,900909,60892,0.11054,0.1261676,0.02222,0.02352,0.25631,4.0,0.193605,0.5419734904270986,0.8792341678939617,0.43004418262150224,0.6362297496318114,61.71575846833579,62.187039764359355,52.636229749631816,0.7761413843888071,DEVELOP,153,144,304
uttar pradesh,lucknow,uttar pradesh|lucknow,2026,2,8105,2026-Q2,192163913,188217721681.53,4467992,425169,979.464452,9515.88544,10.50874,43.00901,42125.796483,451.97066,8104,175711947,179243689872.86,4347370,419430,0.09363,0.0500661,0.02775,0.01368,0.2712,4.0,0.2516775,0.646539027982327,0.23564064801178203,0.05743740795287187,0.9764359351988218,46.251840942562595,47.90132547864506,52.282768777614145,0.4256259204712813,DEFEND,390,363,305
odisha,rayagada,odisha|rayagada,2026,2,8105,2026-Q2,29274719,33516333975.65,456600,24311,1144.890032,5324.35392,18.78162,64.11458,73404.147997,1204.17585,8104,28838004,34718785090.97,443422,23569,0.01514,-0.034634,0.02972,0.03148,0.24306,4.0,0.2478925,0.46686303387334316,0.8306332842415317,0.7407952871870398,0.30633284241531666,59.41826215022091,58.61561119293077,52.26067746686304,0.7349042709867453,DEVELOP,181,185,306
maharashtra,nagpur,maharashtra|nagpur,2026,2,8105,2026-Q2,229616391,266544319142.98,4040766,307247,1160.824443,7603.68207,13.15152,56.82497,65963.80962,747.33485,8104,220363589,255082100223.08,3932942,303371,0.04199,0.0449354,0.02742,0.01278,0.24051,4.0,0.239005,0.44329896907216493,0.5743740795287187,0.28718703976435933,0.9720176730486009,54.27835051546391,56.921944035346094,52.0839469808542,0.6362297496318114,DEFEND,248,217,307
himachal pradesh,kullu,himachal pradesh|kullu,2026,2,8105,2026-Q2,7910270,10643095336.58,266297,15362,1345.478136,5768.74693,17.33479,29.70469,39967.011782,514.92449,8104,5592501,6992474933.84,276186,14475,0.41444,0.5220784,-0.03581,0.06128,0.26905,3.0,0.0997975,0.6391752577319587,0.30927835051546393,0.6509572901325479,0.1487481590574374,46.156111929307805,43.703976435935196,52.06921944035345,0.4212076583210604,MONITOR,393,443,308
uttar pradesh,banda,uttar pradesh|banda,2026,2,8105,2026-Q2,15135085,16995694032.52,530964,45191,1122.933504,8511.12316,11.74933,28.50492,32009.126857,334.9137,8104,13456286,15777077183.54,516570,44672,0.12476,0.0772397,0.02786,0.01162,0.34317,4.0,0.309115,0.9366715758468336,0.1134020618556701,0.15905743740795286,0.36082474226804123,42.12812960235641,39.24889543446245,52.05449189985272,0.3019145802650957,MONITOR,475,530,309
assam,nalbari,assam|nalbari,2026,2,8105,2026-Q2,9311034,9462664687.19,285495,22097,1016.285054,7739.89037,12.92008,32.61365,33144.765012,421.37096,8104,8344707,8903989074.48,274947,21538,0.1158,0.0627444,0.03836,0.02595,0.37474,4.0,0.4429975,0.9779086892488954,0.21207658321060383,0.2547864506627393,0.15905743740795286,44.189985272459495,40.09572901325479,52.010309278350505,0.3593519882179676,MONITOR,436,516,310
rajasthan,barmer,rajasthan|barmer,2026,2,8105,2026-Q2,50998855,68579226924.88,868007,43058,1344.720914,4960.55907,20.15902,58.75397,79007.688792,1184.42229,8104,47298688,63176170870.06,831478,42157,0.07823,0.0855236,0.04393,0.02137,0.2027,4.0,0.2047725,0.22091310751104565,0.8247422680412371,0.7967599410898379,0.6111929307805597,59.38880706921944,61.340206185567006,52.00294550810014,0.7334315169366715,DEVELOP,182,151,311
chhattisgarh,manendragarh chirmiri bharatpur,chhattisgarh|manendragarh chirmiri bharatpur,2026,2,8105,2026-Q2,6513328,6700876467.42,155037,7232,1028.794568,4664.69294,21.43764,42.01144,43221.143775,900.62611,8104,6263414,6750033692.48,150169,7175,0.0399,-0.0072825,0.03242,0.00794,0.25676,4.0,0.248075,0.5449189985272459,0.6921944035346097,0.8321060382916053,0.042709867452135494,55.309278350515456,52.798232695139916,51.988217967599404,0.658321060382916,DEVELOP,233,274,312
kerala,kollam,kerala|kollam,2026,2,8105,2026-Q2,17340785,21693339257.98,1114869,72421,1251.000993,6495.92015,15.39428,15.5541,19458.195768,239.44415,8104,16523637,20846585734.99,1088656,70897,0.04945,0.0406183,0.02408,0.0215,0.23671,4.0,0.17731,0.41973490427098675,0.036818851251840944,0.49189985272459497,0.7187039764359352,40.18409425625921,41.67893961708394,51.97349042709868,0.26362297496318116,MONITOR,501,493,313
tamil nadu,salem,tamil nadu|salem,2026,2,8105,2026-Q2,45190578,65690428020.38,1763372,100404,1453.631065,5693.8638,17.56277,25.62737,37252.733978,450.08743,8104,43399025,64371250423.78,1732144,98413,0.04128,0.0204933,0.01803,0.02023,0.18988,4.0,0.18472,0.15758468335787923,0.23269513991163476,0.6686303387334315,0.8807069219440353,44.87481590574374,48.49042709867452,51.72312223858615,0.38144329896907214,MONITOR,421,341,314
jammu & kashmir,rajouri,jammu & kashmir|rajouri,2026,2,8105,2026-Q2,7841470,10023682203.69,249474,13542,1278.291214,5428.22098,18.42224,31.43201,40179.26599,579.04815,8104,6769663,8682010673.89,241945,13175,0.15833,0.1545347,0.03112,0.02786,0.26154,4.0,0.29761,0.5773195876288659,0.38438880706921946,0.7245949926362297,0.1251840942562592,47.54786450662739,45.287187039764355,51.58321060382916,0.4580265095729013,MONITOR,369,414,315
rajasthan,jaisalmer,rajasthan|jaisalmer,2026,2,8105,2026-Q2,31064252,39523807260.21,493547,23267,1272.324447,4714.24201,21.21232,62.94082,80081.141736,1335.12064,8104,31425607,40110504787.95,471579,22631,-0.0115,-0.014627,0.04658,0.0281,0.22746,4.0,0.2309875,0.3593519882179676,0.8836524300441826,0.8247422680412371,0.3328424153166421,60.14727540500736,60.014727540500736,51.561119293078065,0.7496318114874816,DEVELOP,171,164,316
karnataka,chikkaballapur,karnataka|chikkaballapur,2026,2,8105,2026-Q2,67210396,103742639326.32,804875,48503,1543.550485,6026.15313,16.59433,83.50414,128892.858303,1385.69565,8104,62215265,93780653568.78,782416,47704,0.08029,0.1062264,0.0287,0.01675,0.23583,4.0,0.1863975,0.41384388807069217,0.8969072164948454,0.5949926362297496,0.5625920471281296,60.96465390279824,61.70839469808542,51.44329896907216,0.7584683357879234,EXPAND,165,148,317
assam,darrang,assam|darrang,2026,2,8105,2026-Q2,21610773,22799514027.28,412727,35618,1055.006872,8629.9176,11.5876,52.36094,55241.149785,606.73741,8104,18611789,20594872730.39,404746,34490,0.16113,0.1070481,0.01972,0.03271,0.5245,4.0,0.553775,1.0,0.4167893961708395,0.14285714285714285,0.25773195876288657,49.145802650957286,45.434462444771725,51.44329896907216,0.4948453608247423,MONITOR,344,409,317
uttar pradesh,agra,uttar pradesh|agra,2026,2,8105,2026-Q2,109610679,126828100016.51,2675497,224888,1157.077952,8405.46635,11.89702,40.96834,47403.566521,487.40119,8104,100455072,123404108876.31,2617063,221901,0.09114,0.0277462,0.02233,0.01346,0.25712,4.0,0.2709575,0.5493372606774669,0.2709867452135493,0.16642120765832105,0.9455081001472754,46.325478645066276,48.30633284241531,51.435935198821795,0.42857142857142855,DEFEND,389,346,319
bihar,rohtas,bihar|rohtas,2026,2,8105,2026-Q2,63055764,83571325462.84,1210717,88618,1325.355846,7319.46442,13.6622,52.08134,69026.30876,711.54578,8104,58198885,81284506412.53,1199751,86515,0.08345,0.0281335,0.00914,0.02431,0.25413,4.0,0.3243725,0.5228276877761414,0.5449189985272459,0.3284241531664212,0.7496318114874816,52.51104565537554,53.64506627393225,51.14874815905743,0.5891016200294551,DEVELOP,280,257,320
madhya pradesh,chhatarpur,madhya pradesh|chhatarpur,2026,2,8105,2026-Q2,35713356,41196604695.27,836724,60450,1153.53496,7224.60453,13.84159,42.68236,49235.595842,590.79166,8104,33433844,37274198407.59,815954,59327,0.06818,0.1052311,0.02545,0.01893,0.2654,4.0,0.29345,0.6111929307805597,0.39911634756995584,0.3431516936671576,0.5861561119293078,48.615611192930785,48.49042709867453,51.1119293078056,0.48748159057437407,MONITOR,349,340,321
jharkhand,ranchi,jharkhand|ranchi,2026,2,8105,2026-Q2,141573465,148823277216.84,2376732,176099,1051.208835,7409.29141,13.49657,59.56644,62616.76841,803.94247,8104,131580218,140468378024.63,2305962,172073,0.07595,0.0594789,0.03069,0.0234,0.23592,4.0,0.2609325,0.41531664212076586,0.625920471281296,0.3136966126656848,0.930780559646539,54.56553755522828,57.14285714285714,50.86156111929307,0.6421207658321061,DEFEND,244,211,322
tamil nadu,tiruvarur,tamil nadu|tiruvarur,2026,2,8105,2026-Q2,5220121,7769144781.78,363956,22112,1488.307413,6075.45967,16.45966,14.34273,21346.384678,236.07638,8104,4977274,7931328015.39,356145,21473,0.04879,-0.0204484,0.02193,0.02976,0.26717,4.0,0.2152975,0.6229749631811488,0.035346097201767304,0.5817378497790869,0.22238586156111928,38.564064801178205,36.56111929307806,50.83946980854197,0.22091310751104565,MONITOR,530,568,323
telangana,jayashankar bhupalpally,telangana|jayashankar bhupalpally,2026,2,8105,2026-Q2,22458424,33493445796.82,211902,13900,1491.353347,6559.63606,15.24475,105.98496,158061.017814,1615.71396,8104,20716270,31585872389.61,213429,13319,0.0841,0.0603932,-0.00715,0.04362,0.30068,4.0,0.2579775,0.7952871870397643,0.9513991163475699,0.4786450662739323,0.08836524300441827,61.37702503681886,57.842415316642125,50.77319587628865,0.7658321060382917,DEVELOP,160,197,324
kerala,ernakulam,kerala|ernakulam,2026,2,8105,2026-Q2,53710581,55471147409.08,2553505,143949,1032.778763,5637.31029,17.73896,21.03406,21723.531933,373.12229,8104,54115511,56311951098.6,2459330,140790,-0.00748,-0.0149312,0.03829,0.02244,0.17209,4.0,0.16301,0.08541973490427099,0.15316642120765833,0.6818851251840943,0.9381443298969072,42.20176730486009,46.46539027982327,50.736377025036816,0.30486008836524303,MONITOR,473,388,325
rajasthan,dholpur,rajasthan|dholpur,2026,2,8105,2026-Q2,30668717,32898126738.28,523190,39344,1072.693283,7520.02141,13.29783,58.6187,62879.884436,779.50175,8104,28356469,31522134109.19,504727,38291,0.08154,0.0436516,0.03658,0.0275,0.29826,4.0,0.2913025,0.7835051546391752,0.5994108983799705,0.3004418262150221,0.3549337260677467,53.10014727540501,50.95729013254786,50.72901325478645,0.6067746686303387,DEVELOP,268,304,326
chhattisgarh,bemetara,chhattisgarh|bemetara,2026,2,8105,2026-Q2,11905849,12923528911.9,293299,17266,1085.477307,5886.82539,16.98708,40.59287,44062.642259,689.55456,8104,11544934,12926258342.55,286623,16826,0.03126,-0.0002112,0.02329,0.02615,0.26546,4.0,0.293085,0.6126656848306333,0.5184094256259205,0.625920471281296,0.17083946980854198,50.40500736377025,48.1958762886598,50.684830633284236,0.5228276877761414,DEVELOP,325,352,327
bihar,madhubani,bihar|madhubani,2026,2,8105,2026-Q2,73614601,89680489498.47,1548198,112605,1218.243233,7273.2945,13.74893,47.54857,57925.723647,653.74185,8104,67962091,85301861817.24,1518041,108978,0.08317,0.051331,0.01987,0.03328,0.24057,4.0,0.282465,0.4477172312223859,0.47128129602356406,0.33578792341678937,0.8394698085419735,50.39764359351988,52.356406480117826,50.6480117820324,0.5213549337260678,DEFEND,326,281,328
uttar pradesh,hathras,uttar pradesh|hathras,2026,2,8105,2026-Q2,26681326,29345957065.64,650495,53134,1099.868765,8168.24111,12.24254,41.01696,45113.270764,502.15165,8104,24632601,29226475068.26,627011,52049,0.08317,0.0040881,0.03745,0.02085,0.31054,4.0,0.3379975,0.8232695139911634,0.2974963181148748,0.18409425625920472,0.45066273932253315,45.75110456553755,43.888070692194404,50.640648011782034,0.406480117820324,MONITOR,404,434,329
odisha,nabarangpur,odisha|nabarangpur,2026,2,8105,2026-Q2,19506626,23839025802.53,430505,17948,1222.098881,4169.05727,23.98624,45.31103,55374.561974,1086.84121,8104,19765175,27993551020.77,417865,17103,-0.01308,-0.1484101,0.03025,0.04941,0.22006,4.0,0.27356,0.3166421207658321,0.7835051546391752,0.8880706921944035,0.27540500736377027,56.79675994108984,56.59057437407953,50.63328424153166,0.6907216494845361,DEVELOP,211,222,330
gujarat,kheda,gujarat|kheda,2026,2,8105,2026-Q2,16157480,17711587003.28,757478,45638,1096.184987,6024.99347,16.59753,21.33063,23382.312098,354.03567,8104,16146714,17777744828.84,739799,44925,0.00067,-0.0037214,0.0239,0.01587,0.23441,4.0,0.29227,0.4050073637702504,0.12960235640648013,0.5964653902798233,0.5419734904270986,41.141384388807076,41.826215022091304,50.62592047128129,0.28424153166421207,MONITOR,487,490,331
uttar pradesh,chandauli,uttar pradesh|chandauli,2026,2,8105,2026-Q2,29423937,35449694490.28,804893,72690,1204.791,9031.01406,11.07295,36.55633,44042.741694,404.78659,8104,26372384,33482324900.25,792182,71583,0.11571,0.0587585,0.01605,0.01546,0.31125,4.0,0.32176,0.8291605301914581,0.19293078055964655,0.09278350515463918,0.5640648011782032,43.298969072164944,41.973490427098675,50.51546391752577,0.33431516936671574,MONITOR,453,485,332
west bengal,dakshin dinajpur,west bengal|dakshin dinajpur,2026,2,8105,2026-Q2,20664951,28382801994.16,651149,71119,1373.475407,10922.07774,9.15577,31.73613,43588.797639,290.56864,8104,19350686,28978093499.27,649995,69055,0.06792,-0.0205428,0.00178,0.02989,0.36096,4.0,0.405985,0.9661266568483063,0.08100147275405008,0.016200294550810016,0.4521354933726068,40.456553755522826,37.88659793814433,50.51546391752577,0.2709867452135493,MONITOR,496,550,332
rajasthan,jalore,rajasthan|jalore,2026,2,8105,2026-Q2,36420288,56666618196.27,840748,39619,1555.90802,4712.35138,21.22083,43.31891,67400.241447,919.26318,8104,34087167,53134642784.09,819147,38950,0.06845,0.0664722,0.02637,0.01718,0.19339,4.0,0.226935,0.1723122238586156,0.7025036818851251,0.8262150220913107,0.5876288659793815,55.13991163475699,57.21649484536082,50.500736377025035,0.6553755522827688,DEVELOP,235,209,334
uttar pradesh,ayodhya,uttar pradesh|ayodhya,2026,2,8105,2026-Q2,39302916,44115461056.75,1018415,94422,1122.447532,9271.46595,10.78578,38.59224,43317.764425,416.24744,8104,36276738,43861839836.7,1004554,93135,0.08342,0.0057823,0.0138,0.01382,0.29674,4.0,0.264575,0.7731958762886598,0.20765832106038293,0.07511045655375552,0.6774668630338734,43.81443298969072,43.33578792341679,50.49337260677467,0.35051546391752575,MONITOR,442,458,335
himachal pradesh,solan,himachal pradesh|solan,2026,2,8105,2026-Q2,17710629,14099892031.46,679941,26040,796.125989,3829.74405,26.11141,26.0473,20736.934574,680.13168,8104,16023700,13165938772.01,660245,25546,0.10528,0.0709371,0.02983,0.01934,0.18946,4.0,0.18777,0.15463917525773196,0.5095729013254786,0.9219440353460973,0.4801178203240059,50.02945508100147,51.65684830633285,50.456553755522826,0.5139911634756995,DEVELOP,330,295,336
tamil nadu,thoothukudi,tamil nadu|thoothukudi,2026,2,8105,2026-Q2,13826830,18322886874.14,677424,37239,1325.169028,5497.14802,18.19125,20.41089,27047.885629,371.29971,8104,12982219,17141738033.04,664717,36518,0.06506,0.0689048,0.01912,0.01974,0.22555,4.0,0.212675,0.34609720176730485,0.14727540500736377,0.7069219440353461,0.4727540500736377,41.19293078055964,41.82621502209132,50.40500736377025,0.2857142857142857,MONITOR,486,488,337
odisha,nuapada,odisha|nuapada,2026,2,8105,2026-Q2,12281276,13079826087.76,257425,8138,1065.021752,3161.30912,31.63246,47.70817,50810.240217,1509.12706,8104,12526999,16022130756.95,247403,7820,-0.01962,-0.18364,0.04051,0.04066,0.22411,4.0,0.27879,0.3387334315169367,0.9234167893961709,0.9558173784977909,0.13549337260677466,59.852724594992644,58.83652430044183,50.39027982326951,0.7452135493372607,DEVELOP,174,181,338
tripura,west tripura,tripura|west tripura,2026,2,8105,2026-Q2,9674111,10906141389.76,442037,25048,1127.353344,5666.49398,17.6476,21.8853,24672.462689,386.22289,8104,9290827,10965888725.15,424584,24674,0.04125,-0.0054485,0.04111,0.01516,0.24719,4.0,0.278545,0.48600883652430044,0.17378497790868924,0.6745213549337261,0.29013254786450665,41.59057437407953,40.61119293078057,50.30191458026509,0.28865979381443296,MONITOR,484,509,339
odisha,mayurbhanj,odisha|mayurbhanj,2026,2,8105,2026-Q2,40074486,45347480243.71,897828,46357,1131.579835,5163.23839,19.36769,44.63493,50507.981756,864.4754,8104,39011144,45796788982.19,867292,45001,0.02726,-0.0098109,0.03521,0.03013,0.19625,4.0,0.2310475,0.187039764359352,0.6730486008836525,0.7673048600883653,0.6303387334315169,54.22680412371135,56.44329896907217,50.09572901325478,0.6347569955817378,DEVELOP,249,226,340
tamil nadu,tiruppur,tamil nadu|tiruppur,2026,2,8105,2026-Q2,61845424,59410002857.68,2018773,106121,960.620835,5256.70791,19.02331,30.63516,29428.768295,582.78214,8104,60800225,58281661967.69,1944883,104010,0.01719,0.0193601,0.03799,0.0203,0.12481,4.0,0.1805825,0.01914580265095729,0.390279823269514,0.7555228276877761,0.9057437407952872,47.33431516936671,51.76730486008836,49.85272459499262,0.4477172312223859,MONITOR,376,293,341
odisha,jharsuguda,odisha|jharsuguda,2026,2,8105,2026-Q2,30025889,29952190380.91,431562,15500,997.545498,3591.60445,27.84271,69.57491,69404.142118,1937.15413,8104,29122401,30146940941.88,418906,15224,0.03102,-0.00646,0.03021,0.01813,0.20768,4.0,0.24382,0.25184094256259204,0.9852724594992637,0.9366715758468336,0.27835051546391754,61.17083946980855,61.303387334315175,49.8159057437408,0.7614138438880707,EXPAND,163,152,342
jharkhand,lohardaga,jharkhand|lohardaga,2026,2,8105,2026-Q2,8784162,10285443883.74,192845,6972,1170.907809,3615.33874,27.65993,45.55037,53335.289397,1259.91997,8104,8173881,9924099747.51,186430,6526,0.07466,0.0364108,0.03441,0.06834,0.23028,4.0,0.3126675,0.3799705449189985,0.8556701030927835,0.9337260677466863,0.07658321060382917,57.66568483063328,56.14874815905745,49.79381443298969,0.7025036818851251,DEVELOP,203,230,343
madhya pradesh,gwalior,madhya pradesh|gwalior,2026,2,8105,2026-Q2,100545755,121378693087.85,1674749,131713,1207.198584,7864.64121,12.71514,60.03631,72475.751941,763.37002,8104,95549086,118183058040.11,1641928,129660,0.05229,0.0270397,0.01999,0.01583,0.25121,4.0,0.2622125,0.5022091310751104,0.5905743740795287,0.22827687776141384,0.8630338733431517,52.798232695139916,54.602356406480126,49.65390279823269,0.5964653902798233,DEFEND,274,246,344
uttar pradesh,mirzapur,uttar pradesh|mirzapur,2026,2,8105,2026-Q2,25859376,32209418119.33,875729,77621,1245.560532,8863.58679,11.28211,29.52897,36780.12047,333.14923,8104,22859519,30450580599.84,859459,76596,0.13123,0.0577604,0.01893,0.01338,0.2934,4.0,0.2765575,0.7540500736377025,0.11045655375552282,0.11634756995581738,0.6156111929307806,40.60382916053019,39.91163475699558,49.62444771723123,0.27245949926362295,MONITOR,495,520,345
uttar pradesh,farrukhabad,uttar pradesh|farrukhabad,2026,2,8105,2026-Q2,25126268,25934100300.48,715245,61597,1032.150907,8612.01407,11.61169,35.1296,36259.044524,407.91383,8104,22953729,26228826371.18,687564,60346,0.09465,-0.0112367,0.04026,0.02073,0.30038,4.0,0.291835,0.7938144329896907,0.19882179675994108,0.14432989690721648,0.5110456553755522,42.6141384388807,41.200294550810014,49.58026509572901,0.3166421207658321,MONITOR,465,501,346
madhya pradesh,shivpuri,madhya pradesh|shivpuri,2026,2,8105,2026-Q2,36939876,42810732077.05,811527,53080,1158.930043,6540.75588,15.28875,45.51897,52753.3059,695.92833,8104,37930217,41944256807.57,787433,51937,-0.02611,0.0206578,0.0306,0.02201,0.24286,4.0,0.31747,0.4639175257731959,0.5228276877761414,0.48159057437407954,0.5655375552282769,50.33873343151695,50.84683357879234,49.55081001472754,0.5198821796759941,DEVELOP,327,307,347
uttar pradesh,hardoi,uttar pradesh|hardoi,2026,2,8105,2026-Q2,26448028,30999497263.57,1096682,99254,1172.091063,9050.39018,11.04925,24.11641,28266.623564,266.46813,8104,24157461,30550033850.44,1068370,98095,0.09482,0.0147124,0.0265,0.01182,0.28348,4.0,0.29124,0.7128129602356407,0.055964653902798235,0.09131075110456553,0.7098674521354934,39.263622974963184,39.24889543446245,49.455081001472756,0.23858615611192932,MONITOR,518,530,348
west bengal,purba bardhaman,west bengal|purba bardhaman,2026,2,8105,2026-Q2,65138355,86934831042.26,1848710,171963,1334.618153,9301.78341,10.75063,35.23449,47024.590683,378.79285,8104,61792628,90619423152.71,1819445,169436,0.05414,-0.0406601,0.01608,0.01491,0.26601,4.0,0.3369,0.6185567010309279,0.16053019145802652,0.06774668630338733,0.8910162002945509,42.0839469808542,43.446244477172314,49.38880706921944,0.29896907216494845,DEFEND,477,454,349
maharashtra,mumbai,maharashtra|mumbai,2026,2,8105,2026-Q2,115367379,109080267441.79,2820660,193713,945.503559,6867.648,14.56103,40.90085,38671.895032,595.55827,8104,116212192,112641991099.37,2749911,191401,-0.00727,-0.0316199,0.02573,0.01208,0.21328,4.0,0.23678,0.2812960235640648,0.4050073637702504,0.406480117820324,0.9558173784977909,47.84241531664212,51.21502209131076,49.37407952871871,0.4683357879234168,DEFEND,362,301,350
punjab,rupnagar,punjab|rupnagar,2026,2,8105,2026-Q2,5977948,7687807615.04,300679,19193,1286.02785,6383.21931,15.66608,19.88149,25568.156123,311.46501,8104,5374303,7311678245.72,292942,18762,0.11232,0.0514423,0.02641,0.02297,0.27622,4.0,0.2428775,0.6715758468335787,0.09867452135493372,0.5125184094256259,0.18262150220913106,39.07952871870397,36.63475699558173,49.36671575846833,0.23564064801178203,MONITOR,520,567,351
madhya pradesh,mauganj,madhya pradesh|mauganj,2026,2,8105,2026-Q2,9536330,12028290886.01,195796,12229,1261.312359,6245.78643,16.01079,48.70544,61432.771282,779.81274,8104,7907150,10928470080.14,197478,11993,0.20604,0.1006381,-0.00852,0.01968,0.28209,4.0,0.2825225,0.7054491899852725,0.6023564064801178,0.5449189985272459,0.0780559646539028,51.40648011782032,48.26951399116348,49.241531664212076,0.5670103092783505,DEVELOP,295,347,352
tamil nadu,sivaganga,tamil nadu|sivaganga,2026,2,8105,2026-Q2,9280151,14726181267.23,480988,23878,1586.847161,4964.36502,20.14356,19.29393,30616.525292,388.64859,8104,8845089,14250541161.05,472862,23173,0.04919,0.033377,0.01718,0.03042,0.22323,4.0,0.2048425,0.33578792341678937,0.17525773195876287,0.7952871870397643,0.3181148748159057,40.69955817378498,40.611192930780554,49.21944035346097,0.27540500736377027,MONITOR,493,510,353
uttar pradesh,kanpur nagar,uttar pradesh|kanpur nagar,2026,2,8105,2026-Q2,82570995,97309405985.35,2597690,221356,1178.493804,8521.26312,11.73535,31.78632,37459.976358,373.02352,8104,75984056,94981921575.36,2540830,218418,0.08669,0.0245045,0.02238,0.01345,0.25147,4.0,0.2218825,0.5051546391752577,0.15169366715758467,0.1561119293078056,0.9396170839469808,41.642120765832104,43.81443298969072,49.16053019145802,0.29013254786450665,DEFEND,483,438,354
tripura,north tripura,tripura|north tripura,2026,2,8105,2026-Q2,3562235,4057307348.73,142104,5658,1138.978015,3981.59095,25.11559,25.0678,28551.675876,629.59261,8104,3539235,4497368815.88,137225,5465,0.0065,-0.0978486,0.03555,0.03532,0.23431,4.0,0.351765,0.40353460972017674,0.43888070692194403,0.9189985272459499,0.029455081001472753,46.642120765832104,44.77172312223858,49.042709867452125,0.43888070692194403,MONITOR,382,421,355
manipur,imphal west,manipur|imphal west,2026,2,8105,2026-Q2,3117269,5087216585.96,250480,12915,1631.946613,5156.10029,19.3945,12.44518,20309.871391,241.3681,8104,3147318,5152579953.78,239189,12347,-0.00955,-0.0126856,0.04721,0.046,0.2438,4.0,0.5373275,0.47128129602356406,0.03829160530191458,0.7687776141384389,0.12960235640648013,36.907216494845365,35.19882179675994,48.99852724594992,0.1796759941089838,MONITOR,558,585,356
jharkhand,khunti,jharkhand|khunti,2026,2,8105,2026-Q2,4171911,5849937408.85,140949,4334,1402.220088,3074.87105,32.52169,29.59873,41503.929853,962.6006,8104,3904631,5623792515.26,136400,4204,0.06845,0.0402122,0.03335,0.03092,0.22757,4.0,0.27102,0.36229749631811486,0.7334315169366715,0.9602356406480118,0.027982326951399118,53.77025036818851,52.09867452135492,48.79970544918998,0.625920471281296,DEVELOP,255,286,357
uttar pradesh,mau,uttar pradesh|mau,2026,2,8105,2026-Q2,31881391,33940896508.81,846977,78331,1064.598985,9248.30308,10.81279,37.64139,40072.984873,407.0086,8104,27147212,30650033440.44,834446,77351,0.17439,0.107369,0.01502,0.01267,0.29816,4.0,0.306325,0.780559646539028,0.1958762886597938,0.0780559646539028,0.5920471281296024,42.1060382916053,41.16347569955817,48.755522827687784,0.3004418262150221,MONITOR,476,503,358
uttar pradesh,ballia,uttar pradesh|ballia,2026,2,8105,2026-Q2,53284416,60633243329.41,1234052,114621,1137.91701,9288.18235,10.76637,43.17842,49133.458987,464.87481,8104,47957567,56917445808.0,1220332,112506,0.11107,0.065284,0.01124,0.0188,0.27781,4.0,0.30268,0.6804123711340206,0.2503681885125184,0.07069219440353461,0.759941089837997,43.637702503681886,44.03534609720177,48.68924889543447,0.3431516936671576,DEFEND,447,433,359
maharashtra,thane,maharashtra|thane,2026,2,8105,2026-Q2,346477174,319459017989.91,8346491,741350,922.020387,8882.17576,11.2585,41.51172,38274.649549,467.35978,8104,337525812,312545075978.29,8052974,731708,0.02652,0.0221214,0.03645,0.01318,0.24976,4.0,0.2387725,0.49337260677466865,0.2533136966126657,0.11487481590574374,0.9970544918998527,43.94698085419735,46.46539027982327,48.681885125184095,0.35346097201767307,DEFEND,439,388,360
punjab,shaheed bhagat singh nagar,punjab|shaheed bhagat singh nagar,2026,2,8105,2026-Q2,2464453,3618015947.6,174023,8832,1468.080725,5075.19121,19.70369,14.16165,20790.446939,279.0368,8104,2260584,3556107774.44,166558,8699,0.09018,0.017409,0.04482,0.01529,0.25061,4.0,0.259795,0.4963181148748159,0.0662739322533137,0.7790868924889544,0.061855670103092786,37.26067746686304,35.08836524300442,48.66715758468336,0.18556701030927836,MONITOR,554,588,361
jharkhand,giridih,jharkhand|giridih,2026,2,8105,2026-Q2,55023454,64673775222.52,1062615,65886,1175.385595,6200.3642,16.12808,51.78118,60862.847995,835.1312,8104,50534129,61814616213.53,1026972,63998,0.08884,0.0462538,0.03471,0.0295,0.21657,4.0,0.267415,0.2960235640648012,0.6524300441826215,0.5537555228276878,0.695139911634757,52.93814432989691,54.93372606774669,48.60088365243004,0.6038291605301914,DEVELOP,270,240,362
bihar,lakhisarai,bihar|lakhisarai,2026,2,8105,2026-Q2,17572787,21310782420.73,383951,27074,1212.715002,7051.42062,14.18154,45.76831,55503.911751,649.06504,8104,16188382,20604909902.18,374165,26396,0.08552,0.0342575,0.02615,0.02569,0.28875,4.0,0.3454525,0.7363770250368189,0.4639175257731959,0.37260677466863035,0.24005891016200295,47.80559646539028,45.324005891016206,48.497790868924895,0.46686303387334316,MONITOR,363,413,363
bihar,khagaria,bihar|khagaria,2026,2,8105,2026-Q2,33366032,40726751612.19,646160,59965,1220.605184,9280.20924,10.77562,51.63741,63028.896267,556.42511,8104,31130238,37114613087.1,620848,57668,0.07182,0.0973239,0.04077,0.03983,0.32155,4.0,0.39185,0.8703976435935199,0.35787923416789397,0.07216494845360824,0.44624447717231225,45.7879234167894,43.66715758468336,48.497790868924895,0.40795287187039764,MONITOR,403,444,363
west bengal,purba medinipur,west bengal|purba medinipur,2026,2,8105,2026-Q2,98690655,138073280768.42,2152939,166868,1399.051215,7750.70729,12.90205,45.83997,64132.463004,591.42948,8104,92189626,141547798377.63,2142141,165052,0.07052,-0.0245466,0.00504,0.011,0.23759,4.0,0.310205,0.422680412371134,0.4005891016200295,0.2503681885125184,0.9116347569955817,47.18703976435935,49.63181148748159,48.46097201767304,0.44477172312223856,DEFEND,378,328,365
odisha,kendujhar,odisha|kendujhar,2026,2,8105,2026-Q2,55567166,63156435261.22,863006,39852,1136.578303,4617.81262,21.65527,64.38793,73181.919084,1394.3382,8104,53531555,63132378436.76,831911,38821,0.03803,0.0003811,0.03738,0.02656,0.17619,4.0,0.2141925,0.10309278350515463,0.8998527245949927,0.8350515463917526,0.6038291605301914,58.541973490427104,61.045655375552286,48.446244477172314,0.7201767304860088,DEVELOP,191,154,366
telangana,hanumakonda,telangana|hanumakonda,2026,2,8105,2026-Q2,92268996,130492790364.81,801280,67951,1414.26477,8480.30651,11.79203,115.152,162855.419285,1357.87547,8104,86183745,120147698251.45,788126,66583,0.07061,0.0861031,0.01669,0.02055,0.28473,4.0,0.2517325,0.7187039764359352,0.8910162002945509,0.16200294550810015,0.561119293078056,59.10898379970545,58.32106038291606,48.446244477172314,0.7319587628865979,DEVELOP,183,188,366
gujarat,anand,gujarat|anand,2026,2,8105,2026-Q2,12636908,14814305108.99,788309,47377,1172.304579,6009.95295,16.63907,16.0304,18792.510436,266.73086,8104,12480312,15047020183.03,770465,46735,0.01255,-0.0154659,0.02316,0.01374,0.22435,4.0,0.2397475,0.3402061855670103,0.05743740795287187,0.5994108983799705,0.5537555228276878,37.702503681885126,38.77025036818851,48.43151693667158,0.19882179675994108,MONITOR,545,537,368
chhattisgarh,mungeli,chhattisgarh|mungeli,2026,2,8105,2026-Q2,11076519,11111977724.55,248400,14393,1003.201252,5794.28341,17.25839,44.59146,44734.209841,769.57681,8104,10528885,10805026151.85,243041,13762,0.05201,0.0284082,0.02205,0.04585,0.26048,4.0,0.2838025,0.5699558173784978,0.5920471281296024,0.6435935198821797,0.12223858615611193,50.434462444771725,48.19587628865979,48.379970544919,0.524300441826215,DEVELOP,324,353,369
chhattisgarh,bastar,chhattisgarh|bastar,2026,2,8105,2026-Q2,17986213,19987567012.47,372527,15085,1111.271562,4049.37092,24.69519,48.28164,53654.009005,1192.32436,8104,17242771,19604125306.83,360500,14540,0.04312,0.0195592,0.03336,0.03748,0.21004,4.0,0.2258525,0.2665684830633284,0.8276877761413843,0.9086892488954345,0.2341678939617084,56.089837997054495,55.927835051546396,48.32106038291605,0.678939617083947,DEVELOP,219,233,370
karnataka,shivamogga,karnataka|shivamogga,2026,2,8105,2026-Q2,78141129,99027089431.43,1109281,76982,1267.285112,6939.81056,14.40962,70.44304,89271.419443,1015.05714,8104,72898037,92832175043.41,1095236,75235,0.07192,0.0667324,0.01282,0.02322,0.23641,4.0,0.1930325,0.4182621502209131,0.7569955817378498,0.390279823269514,0.7157584683357879,55.54491899852725,57.03240058910162,48.28424153166422,0.6627393225331369,DEVELOP,230,213,371
karnataka,yadgiri,karnataka|yadgiri,2026,2,8105,2026-Q2,36611216,52656710449.24,499174,25671,1438.267182,5142.69573,19.44505,73.3436,105487.686557,1426.17023,8104,33688154,49384483848.32,484997,24996,0.08677,0.0662602,0.02923,0.027,0.22022,4.0,0.214715,0.3181148748159057,0.9057437407952872,0.7731958762886598,0.3387334315169367,58.29160530191457,58.39469808541974,48.254786450662735,0.7172312223858616,DEVELOP,193,186,372
haryana,rohtak,haryana|rohtak,2026,2,8105,2026-Q2,29566479,43689109372.15,785846,43357,1477.656821,5517.23875,18.12501,37.62376,55595.001275,681.93092,8104,26433973,40234434690.43,767040,42406,0.1185,0.0858636,0.02452,0.02243,0.20707,4.0,0.215615,0.24742268041237114,0.5125184094256259,0.7010309278350515,0.5522827687776142,48.80706921944035,50.331369661266564,48.240058910162006,0.49189985272459497,MONITOR,346,315,373
jharkhand,gumla,jharkhand|gumla,2026,2,8105,2026-Q2,8157749,11072837204.31,272860,6097,1357.339776,2234.47922,44.75316,29.8972,40580.653831,1337.99393,8104,7639076,10619043744.88,263588,5864,0.0679,0.0427339,0.03518,0.03973,0.20506,4.0,0.2836,0.23564064801178203,0.8865979381443299,0.9941089837997055,0.15463917525773196,57.17967599410898,56.77466863033873,48.085419734904264,0.6936671575846833,DEVELOP,209,219,374
haryana,rewari,haryana|rewari,2026,2,8105,2026-Q2,57775474,67560465787.52,959217,53143,1169.36238,5540.24793,18.04973,60.23191,70432.932056,1087.16998,8104,52383888,64391040499.41,933311,51789,0.10292,0.0492215,0.02776,0.02614,0.19553,4.0,0.2165225,0.18114874815905743,0.7849779086892489,0.6980854197349042,0.6553755522827688,55.61855670103093,57.98969072164948,48.06332842415316,0.6642120765832106,DEVELOP,229,196,375
gujarat,morbi,gujarat|morbi,2026,2,8105,2026-Q2,17114095,24215568859.58,731697,18032,1414.94884,2464.40808,40.5777,23.38959,33095.077415,949.09577,8104,17723495,26076281022.38,697190,17456,-0.03438,-0.0713565,0.04949,0.033,0.09757,4.0,0.265525,0.007363770250368188,0.727540500736377,0.9882179675994109,0.5272459499263623,53.659793814433,56.25920471281296,48.06332842415316,0.6215022091310751,DEVELOP,258,227,375
uttar pradesh,firozabad,uttar pradesh|firozabad,2026,2,8105,2026-Q2,42129937,47975403445.89,1184617,121786,1138.748521,10280.62234,9.72704,35.56418,40498.661969,345.93415,8104,38793636,47501322526.44,1150982,119917,0.086,0.0099804,0.02922,0.01559,0.28298,4.0,0.30393,0.7083946980854198,0.1251840942562592,0.029455081001472753,0.7452135493372607,40.02209131075111,40.20618556701031,47.99705449189986,0.25920471281296026,MONITOR,504,514,377
madhya pradesh,agar malwa,madhya pradesh|agar malwa,2026,2,8105,2026-Q2,20389453,24029834136.6,293677,19358,1178.542364,6591.59553,15.17083,69.42816,81824.024818,1053.28304,8104,19809396,21450595816.81,286676,19096,0.02928,0.1202409,0.02442,0.01372,0.27771,4.0,0.32767,0.678939617083947,0.7673048600883653,0.47128129602356406,0.1723122238586156,54.77908689248896,52.2459499263623,47.960235640648015,0.6480117820324006,DEVELOP,240,284,378
madhya pradesh,alirajpur,madhya pradesh|alirajpur,2026,2,8105,2026-Q2,7216690,9138493683.35,215732,9463,1266.29988,4386.46098,22.79742,33.45211,42360.3994,762.62179,8104,7191796,8989572439.88,220013,9185,0.00346,0.016566,-0.01946,0.03027,0.23173,4.0,0.2805025,0.3873343151693667,0.5891016200294551,0.8600883652430045,0.0898379970544919,49.64653902798233,48.15905743740795,47.84241531664212,0.5051546391752577,DEVELOP,337,354,379
bihar,kaimur,bihar|kaimur,2026,2,8105,2026-Q2,25569530,33775397086.72,585303,46633,1320.923657,7967.32632,12.55126,43.68597,57705.832854,548.31407,8104,23040662,31785336386.46,581187,45831,0.10976,0.0626094,0.00708,0.0175,0.29397,4.0,0.3307025,0.7584683357879234,0.3446244477172312,0.21207658321060383,0.4020618556701031,44.71281296023564,42.93078055964654,47.81296023564066,0.3755522827687776,MONITOR,425,465,380
gujarat,vav tharad,gujarat|vav tharad,2026,2,8105,2026-Q2,36805128,49059437959.4,782868,39215,1332.951157,5009.14586,19.96348,47.0132,62666.296182,938.54719,8104,38761285,52731612558.6,771439,38177,-0.05047,-0.069639,0.01482,0.02719,0.19142,4.0,0.32125,0.1634756995581738,0.7142857142857143,0.7864506627393225,0.5493372606774669,53.40942562592047,55.33873343151694,47.79823269513991,0.614138438880707,DEVELOP,263,236,381
goa,south goa,goa|south goa,2026,2,8105,2026-Q2,22941591,24942344316.91,625864,15557,1087.210748,2485.68379,40.23038,36.65587,39852.658592,1474.67963,8104,22982010,24705403335.07,608749,15429,-0.00176,0.0095907,0.02812,0.0083,0.15457,4.0,0.16514,0.055964653902798235,0.9160530191458026,0.9867452135493373,0.43446244477172313,57.938144329896915,59.83063328424154,47.636229749631816,0.7098674521354934,DEVELOP,198,168,382
west bengal,paschim medinipur,west bengal|paschim medinipur,2026,2,8105,2026-Q2,83507774,101267331357.65,1918896,153294,1212.66951,7988.65598,12.51775,43.51866,52773.746653,544.75566,8104,80200547,104724705146.83,1877594,151557,0.04124,-0.0330139,0.022,0.01146,0.24056,4.0,0.3023425,0.44477172312223856,0.34167893961708395,0.2106038291605302,0.8969072164948454,45.08836524300442,47.34904270986745,47.58468335787923,0.38880706921944036,DEFEND,416,370,383
west bengal,bankura,west bengal|bankura,2026,2,8105,2026-Q2,40102940,46614138632.21,1239593,103002,1162.362127,8309.34024,12.03465,32.3517,37604.390015,389.34137,8104,39070291,50435007728.9,1213817,101707,0.02643,-0.0757583,0.02124,0.01273,0.25912,4.0,0.3399475,0.5625920471281296,0.17673048600883653,0.1723122238586156,0.7614138438880707,40.832106038291606,41.82621502209131,47.56995581737849,0.2768777614138439,DEFEND,492,489,384
uttar pradesh,moradabad,uttar pradesh|moradabad,2026,2,8105,2026-Q2,63326492,75825135609.53,1476607,114124,1197.368324,7728.79988,12.93862,42.88649,51350.925202,554.89198,8104,56322125,74622625120.98,1463807,112076,0.12436,0.0161146,0.00874,0.01827,0.24056,4.0,0.291785,0.44477172312223856,0.35346097201767307,0.25920471281296026,0.8217967599410898,45.09572901325478,46.98085419734904,47.40795287187039,0.390279823269514,DEFEND,414,378,385
madhya pradesh,vidisha,madhya pradesh|vidisha,2026,2,8105,2026-Q2,36892479,50063707206.02,737979,80267,1357.016621,10876.59676,9.19405,49.99123,67838.93201,459.622,8104,33636789,38441230412.78,719792,78954,0.09679,0.302344,0.02527,0.01663,0.31314,4.0,0.31971,0.8365243004418262,0.24153166421207659,0.017673048600883652,0.5316642120765832,42.209131075110456,40.68483063328424,47.371134020618555,0.30633284241531666,MONITOR,472,507,386
jharkhand,garhwa,jharkhand|garhwa,2026,2,8105,2026-Q2,35094203,42245762504.87,555347,31016,1203.78179,5584.9766,17.90518,63.19329,76070.929536,1131.48707,8104,30878843,39493216469.16,557156,30149,0.13651,0.0696967,-0.00325,0.02876,0.22526,4.0,0.290245,0.34167893961708395,0.7997054491899853,0.6892488954344624,0.38291605301914583,55.132547864506634,55.33873343151694,47.363770250368184,0.6539027982326951,DEVELOP,236,236,387
jharkhand,seraikela kharsawan,jharkhand|seraikela kharsawan,2026,2,8105,2026-Q2,23751521,20997103014.58,517394,27519,884.031933,5318.77061,18.80134,45.90606,40582.424641,863.09535,8104,22913503,20607756952.33,500912,26696,0.03657,0.0188932,0.0329,0.03083,0.21977,4.0,0.275805,0.31516936671575846,0.6715758468335787,0.7422680412371134,0.3490427098674521,51.782032400589095,51.951399116347574,47.31222385861561,0.5773195876288659,DEVELOP,288,289,388
madhya pradesh,katni,madhya pradesh|katni,2026,2,8105,2026-Q2,25861912,29653214824.71,595770,35500,1146.597932,5958.67533,16.78225,43.40922,49772.923821,728.50456,8104,24573179,29330335839.0,581410,34382,0.05244,0.0110084,0.0247,0.03252,0.23274,4.0,0.25392,0.39322533136966126,0.5655375552282769,0.6082474226804123,0.4108983799705449,49.359351988217966,49.44771723122238,47.2901325478645,0.4992636229749632,MONITOR,341,330,389
uttarakhand,tehri garhwal,uttarakhand|tehri garhwal,2026,2,8105,2026-Q2,9376523,10177480824.11,243271,13438,1085.421624,5523.88077,18.10321,38.54353,41835.980549,697.76179,8104,5810801,6409073575.71,251134,13089,0.61364,0.58798,-0.03131,0.02666,0.2502,4.0,0.1609,0.4948453608247423,0.5257731958762887,0.6995581737849779,0.1134020618556701,47.74668630338733,45.83946980854197,47.113402061855666,0.4653902798232695,MONITOR,364,400,390
karnataka,bagalkote,karnataka|bagalkote,2026,2,8105,2026-Q2,70893420,85906091966.12,1014150,55759,1211.763969,5498.10186,18.1881,69.90427,84707.481108,1271.4256,8104,66375999,79217759454.35,991001,53817,0.06806,0.0844297,0.02336,0.03609,0.18687,4.0,0.166025,0.13696612665684832,0.8571428571428571,0.7054491899852725,0.6759941089837997,56.693667157584684,59.38880706921945,47.069219440353464,0.6877761413843888,DEVELOP,213,177,391
telangana,warangal,telangana|warangal,2026,2,8105,2026-Q2,68462628,103422925021.93,644742,64159,1510.647897,9951.11223,10.04913,106.18608,160409.784103,1067.07754,8104,62832382,93141690928.34,635197,62995,0.08961,0.1103827,0.01503,0.01848,0.31879,4.0,0.273485,0.8615611192930781,0.7731958762886598,0.039764359351988215,0.44477172312223856,55.06627393225332,52.982326951399116,46.97349042709868,0.6509572901325479,DEVELOP,237,268,392
uttar pradesh,kannauj,uttar pradesh|kannauj,2026,2,8105,2026-Q2,21749809,22799488926.04,669253,66500,1048.26157,9936.45154,10.06395,32.49864,34067.07019,327.0648,8104,19531972,22972068263.44,646254,65601,0.11355,-0.0075126,0.03559,0.0137,0.31423,4.0,0.30386,0.8438880706921944,0.10603829160530191,0.042709867452135494,0.4683357879234168,38.402061855670105,36.52430044182621,46.95876288659794,0.21354933726067746,MONITOR,535,570,393
telangana,hyderabad,telangana|hyderabad,2026,2,8105,2026-Q2,572092204,660300696926.15,5840094,433462,1154.185798,7422.17505,13.47314,97.95942,113063.367974,1319.82089,8104,540787927,630468994516.79,5678271,427788,0.05789,0.0473167,0.0285,0.01326,0.21347,4.0,0.1780575,0.28424153166421207,0.8807069219440353,0.3122238586156112,0.9837997054491899,58.02650957290132,61.524300441826206,46.89248895434462,0.711340206185567,DEFEND,197,150,394
haryana,gurugram,haryana|gurugram,2026,2,8105,2026-Q2,405201286,332087409061.4,5282943,357594,819.561587,6768.84078,14.77358,76.69992,62860.305148,1133.13223,8104,370105054,314986447932.11,5103569,350327,0.09483,0.0542911,0.03515,0.02074,0.19586,4.0,0.211185,0.18409425625920472,0.801178203240059,0.42857142857142855,0.9808541973490427,55.88365243004419,59.86745213549337,46.88512518409426,0.6730486008836525,DEFEND,223,167,395
rajasthan,phalodi,rajasthan|phalodi,2026,2,8105,2026-Q2,20362210,29762174837.65,413508,19930,1461.637751,4819.73747,20.74802,49.2426,71974.846527,1021.6864,8104,18674616,27385083852.48,401204,19258,0.09037,0.0868024,0.03067,0.03489,0.21536,4.0,0.202865,0.29013254786450665,0.7584683357879234,0.8173784977908689,0.2606774668630339,53.31369661266569,53.166421207658324,46.73048600883652,0.6126656848306333,DEVELOP,264,266,396
uttar pradesh,gautambuddha nagar,uttar pradesh|gautambuddha nagar,2026,2,8105,2026-Q2,431415785,325053679782.49,5609621,426703,753.458012,7606.62797,13.14643,76.90641,57945.747098,1011.04465,8104,390944738,308086251458.3,5451316,414040,0.10352,0.0550736,0.02904,0.03058,0.21747,4.0,0.2317,0.30338733431516934,0.7555228276877761,0.2857142857142857,0.9823269513991163,54.77908689248895,58.173784977908696,46.693667157584684,0.646539027982327,DEFEND,241,192,397
tamil nadu,erode,tamil nadu|erode,2026,2,8105,2026-Q2,24547544,30315059820.03,1135364,61545,1234.952866,5420.72851,18.4477,21.62086,26700.740749,398.85521,8104,24096455,29859666777.36,1104034,60427,0.01872,0.0152511,0.02838,0.0185,0.16873,4.0,0.1923525,0.0780559646539028,0.18851251840942562,0.7260677466863034,0.7260677466863034,39.72754050073638,42.96759941089838,46.68630338733431,0.2503681885125184,MONITOR,510,464,398
karnataka,haveri,karnataka|haveri,2026,2,8105,2026-Q2,46557286,57928673228.12,737809,38854,1244.245062,5266.13256,18.98927,63.10208,78514.457303,1198.26237,8104,42955790,53814900893.72,722476,37738,0.08384,0.076443,0.02122,0.02957,0.19375,4.0,0.15768,0.17525773195876287,0.8291605301914581,0.7540500736377025,0.5301914580265096,55.4418262150221,57.21649484536082,46.65684830633283,0.6612665684830633,DEVELOP,231,209,399
maharashtra,bhandara,maharashtra|bhandara,2026,2,8105,2026-Q2,22715086,33389032928.15,539714,31943,1469.905636,5918.50499,16.89616,42.08726,61864.30763,711.11311,8104,21355185,31413861239.17,533524,30999,0.06368,0.0628758,0.0116,0.03045,0.23388,4.0,0.2542475,0.39764359351988215,0.5434462444771723,0.6156111929307806,0.36671575846833576,48.240058910162006,48.08541973490427,46.620029455081,0.4786450662739323,MONITOR,355,357,400
maharashtra,palghar,maharashtra|palghar,2026,2,8105,2026-Q2,97634788,91446458789.3,2729334,236136,936.617579,8651.78098,11.55831,35.77239,33505.04511,413.46846,8104,96956300,91105463454.85,2642473,233121,0.007,0.0037429,0.03287,0.01293,0.24114,4.0,0.249785,0.45066273932253315,0.20618556701030927,0.13843888070692195,0.9499263622974963,41.1340206185567,43.630338733431515,46.620029455081,0.28276877761413843,DEFEND,488,446,400
west bengal,murshidabad,west bengal|murshidabad,2026,2,8105,2026-Q2,137557474,203052465280.85,3131835,369999,1476.128191,11814.12814,8.46444,43.92232,64834.981818,371.77796,8104,128873297,213123166234.32,3271760,362356,0.06739,-0.047253,-0.04277,0.02109,0.25852,4.0,0.33547,0.5581737849779087,0.1487481590574374,0.004418262150220913,0.9646539027982327,39.86745213549337,41.89985272459499,46.597938144329895,0.2533136966126657,DEFEND,508,487,402
gujarat,patan,gujarat|patan,2026,2,8105,2026-Q2,22885128,30611398150.67,655094,43133,1337.610965,6584.24593,15.18777,34.93411,46728.252969,530.57121,8104,22224110,30139237855.61,643995,42375,0.02974,0.015666,0.01723,0.01789,0.24264,4.0,0.318045,0.46097201767304863,0.3269513991163476,0.4742268041237113,0.45949926362297494,43.04860088365243,43.04123711340206,46.52430044182621,0.3269513991163476,MONITOR,458,463,403
chhattisgarh,surguja,chhattisgarh|surguja,2026,2,8105,2026-Q2,23181503,24430957933.13,481559,23910,1053.898789,4965.12369,20.14049,48.13845,50733.052301,969.5317,8104,22627872,23844365174.69,467375,23413,0.02447,0.0246009,0.03035,0.02123,0.21031,4.0,0.24021,0.26804123711340205,0.7349042709867453,0.7938144329896907,0.31958762886597936,52.65095729013255,52.90868924889543,46.49484536082474,0.5920471281296024,DEVELOP,278,272,404
chhattisgarh,rajnandgaon,chhattisgarh|rajnandgaon,2026,2,8105,2026-Q2,17458223,19822368770.4,419103,18948,1135.41732,4521.08432,22.11859,41.65616,47297.129275,921.3755,8104,16748859,19544361005.71,407749,18537,0.04235,0.0142244,0.02785,0.02217,0.20781,4.0,0.221675,0.2533136966126657,0.7039764359351989,0.8468335787923417,0.2665684830633284,51.701030927835056,51.76730486008837,46.435935198821795,0.5743740795287187,DEVELOP,290,292,405
kerala,wayanad,kerala|wayanad,2026,2,8105,2026-Q2,9857443,11832011442.85,426923,33869,1200.312438,7933.28071,12.60513,23.08951,27714.626391,291.04618,8104,8846595,10668091951.21,420500,33134,0.11426,0.1091029,0.01527,0.02218,0.30233,4.0,0.21173,0.7982326951399117,0.08247422680412371,0.21944035346097202,0.27245949926362295,36.9440353460972,34.31516936671576,46.42120765832106,0.18262150220913106,MONITOR,556,595,406
chhattisgarh,janjgir champa,chhattisgarh|janjgir champa,2026,2,8105,2026-Q2,22795210,22802167585.77,476214,25851,1000.305221,5428.44183,18.42149,47.86758,47882.18655,881.79219,8104,21692567,22663181162.81,464166,25322,0.05083,0.0061327,0.02596,0.02089,0.22221,4.0,0.2322,0.33136966126656847,0.6774668630338734,0.7231222385861561,0.3136966126656848,51.22974963181149,51.14138438880707,46.40648011782032,0.5596465390279823,DEVELOP,300,302,407
tamil nadu,coimbatore,tamil nadu|coimbatore,2026,2,8105,2026-Q2,79944035,89418278721.6,3153601,208047,1118.510952,6597.125,15.15812,25.35008,28354.341187,384.25949,8104,78478621,87179531902.85,3039855,205468,0.01867,0.0256797,0.03742,0.01255,0.18895,4.0,0.181655,0.1487481590574374,0.17083946980854198,0.4653902798232695,0.9661266568483063,39.69072164948454,43.77761413843888,46.391752577319586,0.24889543446244478,DEFEND,511,440,408
odisha,angul,odisha|angul,2026,2,8105,2026-Q2,51937142,59165505575.14,760844,41773,1139.175228,5490.35019,18.21377,68.26254,77762.991592,1243.31846,8104,50527077,60344994541.27,737174,40649,0.02791,-0.0195458,0.03211,0.02765,0.19808,4.0,0.2253525,0.19734904270986744,0.8424153166421208,0.711340206185567,0.5434462444771723,55.63328424153167,57.363770250368184,46.37702503681885,0.6656848306332842,DEVELOP,227,207,409
telangana,jangaon,telangana|jangaon,2026,2,8105,2026-Q2,31754925,50174692628.15,294708,20220,1580.060184,6861.02854,14.57507,107.75047,170252.22467,1570.47107,8104,28166027,44151627094.73,291978,19733,0.12742,0.1364177,0.00935,0.02468,0.27908,4.0,0.2356125,0.6863033873343152,0.9410898379970545,0.4108983799705449,0.17378497790868924,57.86450662739322,55.30191458026509,46.17820324005891,0.7069219440353461,DEVELOP,200,238,410
punjab,mansa,punjab|mansa,2026,2,8105,2026-Q2,2684030,4663731409.43,255495,21813,1737.585425,8537.54477,11.71297,10.50522,18253.709111,123.04727,8104,2340074,4074171376.16,244449,21554,0.14699,0.1447067,0.04519,0.01202,0.34069,4.0,0.26019,0.9322533136966127,0.0,0.15316642120765833,0.13402061855670103,34.47717231222386,30.486008836524302,46.00147275405008,0.14727540500736377,MONITOR,580,622,411
chhattisgarh,jashpur,chhattisgarh|jashpur,2026,2,8105,2026-Q2,12455048,14689241241.38,345466,9677,1179.38054,2801.14396,35.6997,36.05289,42520.077928,1287.0774,8104,11896552,15082319003.51,339939,9573,0.04695,-0.0260622,0.01626,0.01086,0.19222,4.0,0.2156625,0.16789396170839468,0.865979381443299,0.9705449189985272,0.2106038291605302,55.16200294550809,55.37555228276878,45.94992636229749,0.6568483063328424,DEVELOP,234,235,412
assam,bongaigaon,assam|bongaigaon,2026,2,8105,2026-Q2,20085153,19750217442.44,364372,36579,983.324222,10038.91627,9.96123,55.12266,54203.444399,549.08972,8104,17750586,19090316567.81,361887,35021,0.13152,0.0345673,0.00687,0.04449,0.36965,4.0,0.44909,0.9749631811487481,0.3475699558173785,0.036818851251840944,0.22533136966126657,43.36524300441826,39.617083946980856,45.920471281296024,0.33726067746686306,MONITOR,451,525,413
andaman & nicobar islands,south andaman,andaman & nicobar islands|south andaman,2026,2,8105,2026-Q2,6820738,8937260921.36,180817,5317,1310.307026,2940.5421,34.00733,37.72177,49427.105423,1282.817,8104,7088684,9484503181.43,176200,5114,-0.0378,-0.0576986,0.0262,0.03969,0.20899,4.0,0.247925,0.25920471281296026,0.8600883652430045,0.9661266568483063,0.06774668630338733,54.78645066273932,53.829160530191466,45.876288659793815,0.6494845360824743,DEVELOP,239,254,414
himachal pradesh,kangra,himachal pradesh|kangra,2026,2,8105,2026-Q2,13562231,16348362279.89,678305,35775,1205.433109,5274.17607,18.96031,19.9943,24101.786482,379.098,8104,11114672,13813571258.55,663905,34988,0.22021,0.1835001,0.02169,0.02249,0.19715,4.0,0.16816,0.19145802650957292,0.16200294550810015,0.7511045655375552,0.47717231222385864,38.11487481590574,39.543446244477174,45.876288659793815,0.2106038291605302,MONITOR,537,526,414
jharkhand,jamtara,jharkhand|jamtara,2026,2,8105,2026-Q2,7915444,8902230933.02,335026,7882,1124.666024,2352.65323,42.5052,23.62636,26571.761395,1004.24309,8104,7356058,8837745252.35,330775,7601,0.07604,0.0072966,0.01285,0.03697,0.18919,4.0,0.324685,0.15022091310751104,0.7540500736377025,0.9911634756995582,0.20618556701030927,52.26067746686304,52.54050073637703,45.85419734904271,0.5832106038291606,DEVELOP,284,276,416
gujarat,narmada,gujarat|narmada,2026,2,8105,2026-Q2,4126831,4111500178.49,170846,3827,996.285086,2240.02903,44.64228,24.15527,24065.533747,1078.34622,8104,4040075,4117674983.53,167278,3772,0.02147,-0.0014996,0.02133,0.01458,0.20659,4.0,0.230995,0.24005891016200295,0.7776141384388807,0.9926362297496318,0.05891016200294551,52.6362297496318,51.73048600883652,45.81737849779087,0.5905743740795287,DEVELOP,279,294,417
tamil nadu,ranipet,tamil nadu|ranipet,2026,2,8105,2026-Q2,13588193,17954512727.72,556069,23878,1321.331889,4294.07142,23.28792,24.43616,32288.28208,569.06747,8104,13134416,17497133959.3,544531,23357,0.03455,0.0261402,0.02119,0.02231,0.18741,4.0,0.1822925,0.13843888070692195,0.37702503681885124,0.8762886597938144,0.38438880706921946,43.17378497790869,44.403534609720175,45.81737849779087,0.32989690721649484,MONITOR,456,427,417
uttar pradesh,prayagraj,uttar pradesh|prayagraj,2026,2,8105,2026-Q2,112729000,114458812998.81,2902034,298785,1015.34488,10295.70984,9.71278,38.84482,39440.89318,377.29136,8104,105128042,110800372488.26,2866703,293954,0.0723,0.0330183,0.01232,0.01643,0.25328,4.0,0.1993275,0.5198821796759941,0.15905743740795286,0.027982326951399118,0.9587628865979382,39.44771723122239,41.64212076583211,45.74374079528719,0.24447717231222385,DEFEND,514,495,419
rajasthan,pali,rajasthan|pali,2026,2,8105,2026-Q2,37686843,47928081163.07,828897,45541,1271.745717,5494.16876,18.20112,45.46626,57821.516018,827.53657,8104,34976602,45185804165.1,814689,43930,0.07749,0.0606889,0.01744,0.03667,0.19027,4.0,0.21417,0.16053019145802652,0.646539027982327,0.7098674521354934,0.5787923416789397,50.30191458026509,52.39322533136966,45.73637702503682,0.5184094256259205,DEVELOP,328,280,420
gujarat,surendranagar,gujarat|surendranagar,2026,2,8105,2026-Q2,12940991,19016607621.18,624714,20845,1469.486195,3336.72689,29.96949,20.71506,30440.501767,620.81991,8104,12259537,18863739613.73,610617,20010,0.05559,0.0081038,0.02309,0.04173,0.14745,4.0,0.2137875,0.044182621502209134,0.43151693667157587,0.946980854197349,0.4329896907216495,44.44771723122239,46.391752577319586,45.736377025036816,0.36818851251840945,MONITOR,430,390,421
chhattisgarh,balrampur ramanujganj,chhattisgarh|balrampur ramanujganj,2026,2,8105,2026-Q2,11189861,13836670036.1,286133,9749,1236.536364,3407.15681,29.34998,39.1072,48357.477243,1147.79577,8104,11144307,13739697179.11,277940,9551,0.00409,0.0070579,0.02948,0.02073,0.20017,4.0,0.2640225,0.21207658321060383,0.8085419734904271,0.9455081001472754,0.1634756995581738,53.48306332842415,53.240058910162006,45.662739322533135,0.6156111929307806,DEVELOP,262,263,422
uttar pradesh,saharanpur,uttar pradesh|saharanpur,2026,2,8105,2026-Q2,72908360,88561453963.17,1662653,178814,1214.695461,10754.73956,9.29823,43.85062,53265.145501,407.73295,8104,65448916,86393438115.29,1630192,176336,0.11397,0.0250947,0.01991,0.01405,0.26299,4.0,0.2735525,0.5861561119293078,0.19734904270986744,0.01914580265095729,0.8600883652430045,40.198821796759944,41.56848306332843,45.61855670103093,0.2650957290132548,DEFEND,500,496,423
maharashtra,pune,maharashtra|pune,2026,2,8105,2026-Q2,1190115541,1049927403995.69,14753740,1261805,882.20628,8552.44162,11.69257,80.66535,71163.474753,943.18499,8104,1150074364,1013306384906.26,14260176,1238659,0.03482,0.0361401,0.03461,0.01869,0.2305,4.0,0.2260125,0.38144329896907214,0.7172312223858616,0.15169366715758467,0.9985272459499264,53.13696612665684,56.22238586156112,45.53019145802651,0.6111929307805597,DEFEND,265,228,424
kerala,thrissur,kerala|thrissur,2026,2,8105,2026-Q2,20261573,23378298140.88,1327312,102993,1153.824441,7759.51698,12.8874,15.26512,17613.265111,196.72767,8104,19653930,22987015331.96,1291029,101639,0.03092,0.0170219,0.0281,0.01332,0.23893,4.0,0.20756,0.43004418262150224,0.014727540500736377,0.24742268041237114,0.7864506627393225,35.1840942562592,36.96612665684831,45.52282768777614,0.15905743740795286,DEFEND,572,563,425
uttar pradesh,bagpat,uttar pradesh|bagpat,2026,2,8105,2026-Q2,27626144,32318774689.71,591733,43038,1169.86195,7273.21275,13.74908,46.68684,54617.15789,641.9012,8104,25043754,31264666700.37,584377,42171,0.10312,0.0337156,0.01259,0.02056,0.26299,4.0,0.278745,0.5861561119293078,0.45508100147275404,0.33726067746686306,0.40942562592047127,45.58173784977909,44.6980854197349,45.486008836524306,0.4005891016200295,MONITOR,408,422,426
uttarakhand,haridwar,uttarakhand|haridwar,2026,2,8105,2026-Q2,64545515,63420640754.69,1508985,139663,982.572387,9255.42666,10.80447,42.77413,42028.675404,462.15186,8104,53732793,56089148625.18,1489857,136916,0.20123,0.1307114,0.01284,0.02006,0.25607,4.0,0.23631,0.540500736377025,0.24447717231222385,0.07658321060382917,0.8365243004418262,40.9720176730486,42.45213549337261,45.21354933726068,0.27835051546391754,DEFEND,491,474,427
rajasthan,bikaner,rajasthan|bikaner,2026,2,8105,2026-Q2,77321307,106404957148.19,1507919,90391,1376.140178,5994.42012,16.68218,51.27683,70564.106658,855.40935,8104,73572719,104475212726.02,1465442,88906,0.05095,0.0184708,0.02899,0.0167,0.16941,4.0,0.1903875,0.07952871870397643,0.6686303387334315,0.6038291605301914,0.8350515463917526,50.898379970544916,54.67599410898381,45.191458026509565,0.5493372606774669,DEVELOP,307,243,428
uttar pradesh,sambhal,uttar pradesh|sambhal,2026,2,8105,2026-Q2,32083316,37791415530.99,819195,94285,1177.914887,11509.46966,8.6885,39.16444,46132.380607,340.28017,8104,29013335,38413498005.13,793756,92816,0.10581,-0.0161944,0.03205,0.01583,0.29539,4.0,0.3430925,0.7687776141384389,0.11929307805596466,0.005891016200294551,0.5684830633284241,37.56259204712813,36.56111929307806,45.16936671575847,0.19734904270986744,MONITOR,546,568,429
jharkhand,palamu,jharkhand|palamu,2026,2,8105,2026-Q2,55340012,65100938675.0,872834,53967,1176.381,6182.96263,16.17348,63.40268,74585.704355,1025.4417,8104,50515524,61784473266.18,866396,52681,0.09551,0.053678,0.00743,0.02441,0.20869,4.0,0.2814975,0.25625920471281294,0.759941089837997,0.5567010309278351,0.614138438880707,52.886597938144334,54.67599410898381,45.08836524300442,0.6008836524300442,DEVELOP,272,243,430
west bengal,birbhum,west bengal|birbhum,2026,2,8105,2026-Q2,54763936,72189233160.89,1399953,125234,1318.189276,8945.58603,11.1787,39.11841,51565.469099,437.29288,8104,53008141,78479535511.94,1403337,123732,0.03312,-0.0801521,-0.00241,0.01214,0.25514,4.0,0.34144,0.5316642120765832,0.22238586156111928,0.10603829160530191,0.8026509572901326,40.21354933726068,41.56848306332842,45.044182621502216,0.2665684830633284,DEFEND,499,497,431
madhya pradesh,dewas,madhya pradesh|dewas,2026,2,8105,2026-Q2,58935467,68793857560.79,865214,66296,1167.274327,7662.38179,13.05077,68.11664,79510.800288,888.9747,8104,57388265,64571154996.02,851759,65106,0.02696,0.0653961,0.0158,0.01828,0.25174,4.0,0.2676575,0.508100147275405,0.6848306332842415,0.27393225331369664,0.605301914580265,51.318114874815905,51.80412371134021,45.0441826215022,0.5625920471281296,DEVELOP,298,291,432
odisha,puri,odisha|puri,2026,2,8105,2026-Q2,74152838,77443452393.96,968686,102056,1044.376109,10535.50893,9.49171,76.54992,79946.909932,726.5897,8104,70706039,75421054046.88,965031,98581,0.04875,0.0268148,0.00379,0.03525,0.28063,4.0,0.3097825,0.6921944035346097,0.5640648011782032,0.025036818851251842,0.658321060382916,48.65979381443298,48.490427098674516,45.02209131075111,0.4889543446244477,MONITOR,348,342,433
chhattisgarh,north bastar kanker,chhattisgarh|north bastar kanker,2026,2,8105,2026-Q2,11399887,13519470792.53,325355,14238,1185.930246,4376.14298,22.85117,35.0383,41552.983026,800.66632,8104,10830442,13544058471.7,314669,14068,0.05258,-0.0018154,0.03396,0.01208,0.20698,4.0,0.203025,0.24447717231222385,0.6229749631811488,0.8645066273932254,0.19882179675994108,48.49779086892488,48.26951399116348,45.007363770250365,0.4801178203240059,MONITOR,354,347,434
jharkhand,west singhbhum,jharkhand|west singhbhum,2026,2,8105,2026-Q2,12932528,14143437226.15,393232,11581,1093.632832,2945.08077,33.95493,32.88778,35967.157368,1116.70218,8104,12532096,14077749822.84,381616,11224,0.03195,0.004666,0.03044,0.03181,0.18434,4.0,0.23058,0.12812960235640647,0.7967599410898379,0.9646539027982327,0.24447717231222385,52.76877761413844,53.350515463917525,44.99999999999999,0.5949926362297496,DEVELOP,276,261,435
tamil nadu,madurai,tamil nadu|madurai,2026,2,8105,2026-Q2,29998831,45364800766.11,1497042,110144,1512.218952,7357.44221,13.59168,20.03874,30302.957944,272.3601,8104,28617293,44083139007.24,1471158,108360,0.04828,0.0290737,0.01759,0.01646,0.22056,4.0,0.207955,0.3225331369661267,0.06332842415316642,0.3240058910162003,0.8276877761413843,35.91310751104565,38.43888070692194,44.93372606774669,0.16642120765832105,DEFEND,567,543,436
punjab,fatehgarh sahib,punjab|fatehgarh sahib,2026,2,8105,2026-Q2,6715970,7496362871.68,308884,27572,1116.199577,8926.32833,11.20281,21.74269,24269.18478,243.57936,8104,6392874,7351223089.38,297020,27195,0.05054,0.0197436,0.03994,0.01386,0.32841,4.0,0.371975,0.9057437407952872,0.039764359351988215,0.11192930780559647,0.18998527245949925,34.76435935198822,31.185567010309278,44.896907216494846,0.15022091310751104,MONITOR,578,616,437
madhya pradesh,mandla,madhya pradesh|mandla,2026,2,8105,2026-Q2,15497639,17547555714.27,443113,19715,1132.272839,4449.2037,22.47593,34.97446,39600.633956,786.08364,8104,14469663,16893637163.68,437221,19368,0.07104,0.038708,0.01348,0.01792,0.19706,4.0,0.2258425,0.18998527245949925,0.6082474226804123,0.8541973490427098,0.2930780559646539,48.12223858615611,48.637702503681886,44.823269513991164,0.47569955817378495,MONITOR,357,338,438
uttar pradesh,sonbhadra,uttar pradesh|sonbhadra,2026,2,8105,2026-Q2,32043554,35440286675.1,746953,59854,1106.003619,8013.08784,12.47958,42.89902,47446.474778,535.36195,8104,29911596,34859592328.18,733787,57510,0.07128,0.0166581,0.01794,0.04076,0.26446,4.0,0.268375,0.605301914580265,0.33431516936671574,0.20765832106038293,0.5331369661266568,42.371134020618555,42.01030927835051,44.80854197349042,0.30927835051546393,MONITOR,470,484,439
bihar,saran,bihar|saran,2026,2,8105,2026-Q2,80750696,92523946582.72,1566925,130370,1145.797512,8320.11743,12.01906,51.5345,59048.101589,619.3963,8104,71630380,85830421022.55,1535533,128440,0.12732,0.0779855,0.02044,0.01503,0.23986,4.0,0.3005325,0.44035346097201766,0.43004418262150224,0.17083946980854198,0.8483063328424153,45.198821796759944,47.23858615611193,44.801178203240056,0.3946980854197349,DEFEND,412,372,440
tamil nadu,dharmapuri,tamil nadu|dharmapuri,2026,2,8105,2026-Q2,30627477,48027628352.5,750112,51384,1568.122257,6850.17704,14.59816,40.83054,64027.276397,596.05085,8104,29746670,48282427434.73,740055,50424,0.02961,-0.0052773,0.01359,0.01904,0.23818,4.0,0.2199425,0.42415316642120765,0.406480117820324,0.41237113402061853,0.5360824742268041,43.91752577319588,44.47717231222386,44.801178203240056,0.35198821796759944,MONITOR,441,426,440
rajasthan,baran,rajasthan|baran,2026,2,8105,2026-Q2,25227700,31281337308.71,543301,34865,1239.959937,6417.25305,15.58299,46.43411,57576.43978,723.58239,8104,24105353,27296191005.25,533440,34209,0.04656,0.1459964,0.01849,0.01918,0.23949,4.0,0.23684,0.43888070692194403,0.561119293078056,0.5066273932253313,0.374079528718704,47.34167893961709,47.017673048600884,44.63917525773196,0.45066273932253315,MONITOR,374,377,442
tamil nadu,ramanathapuram,tamil nadu|ramanathapuram,2026,2,8105,2026-Q2,8534958,13333443795.62,484803,23359,1562.215514,4818.24576,20.75444,17.605,27502.807936,365.38199,8104,8292375,13467139032.5,475541,22859,0.02925,-0.0099275,0.01948,0.02187,0.19744,4.0,0.2363225,0.19440353460972018,0.14138438880706922,0.8188512518409425,0.3240058910162003,36.318114874815905,36.9661266568483,44.5360824742268,0.17378497790868924,MONITOR,562,564,443
west bengal,north twenty four parganas,west bengal|north twenty four parganas,2026,2,8105,2026-Q2,270929160,304165799886.48,6080783,526367,1122.676496,8656.2372,11.55236,44.55498,50020.827891,514.71532,8104,262627430,311811568599.9,5942599,518452,0.03161,-0.0245205,0.02325,0.01527,0.22979,4.0,0.2762575,0.374079528718704,0.3078055964653903,0.13696612665684832,0.9867452135493373,42.07658321060383,45.139911634757,44.425625920471276,0.2974963181148748,DEFEND,478,415,444
chhattisgarh,balod,chhattisgarh|balod,2026,2,8105,2026-Q2,10017813,11141904473.75,286794,14096,1112.209269,4915.02612,20.34577,34.93034,38849.852067,710.6848,8104,9476498,11081803987.19,281074,13811,0.05712,0.0054233,0.02035,0.02064,0.21706,4.0,0.22922,0.3004418262150221,0.5419734904270986,0.8055964653902798,0.16642120765832105,46.03092783505154,45.36082474226804,44.37407952871871,0.41973490427098675,MONITOR,395,410,445
punjab,faridkot,punjab|faridkot,2026,2,8105,2026-Q2,3314633,5306004131.73,228922,20635,1600.781785,9013.9873,11.09387,14.47931,23178.218484,160.6316,8104,2926819,4809428234.17,220898,20161,0.1325,0.1032505,0.03632,0.02351,0.35773,4.0,0.2573175,0.9617083946980854,0.008836524300441826,0.09425625920471281,0.09867452135493372,33.4020618556701,29.086892488954348,44.23416789396171,0.12223858615611193,MONITOR,597,634,446
tamil nadu,cuddalore,tamil nadu|cuddalore,2026,2,8105,2026-Q2,17253514,23744437714.42,979145,61807,1376.208795,6312.34393,15.84198,17.621,24250.175116,279.15146,8104,16402027,23528169064.73,961407,60533,0.05191,0.0091919,0.01845,0.02105,0.20472,4.0,0.163415,0.22974963181148747,0.06774668630338733,0.5272459499263623,0.6627393225331369,35.0220913107511,37.187039764359355,44.2120765832106,0.15169366715758467,MONITOR,577,558,447
west bengal,kolkata,west bengal|kolkata,2026,2,8105,2026-Q2,178593980,211557401967.33,3957483,313504,1184.571854,7921.80282,12.62339,45.12817,53457.564307,569.6705,8104,175338559,222317197494.42,3836575,308888,0.01857,-0.0483984,0.03151,0.01494,0.21806,4.0,0.2526725,0.30486008836524303,0.3784977908689249,0.22091310751104565,0.9705449189985272,43.5419734904271,46.87039764359352,44.189985272459495,0.3402061855670103,DEFEND,449,380,448
karnataka,koppal,karnataka|koppal,2026,2,8105,2026-Q2,55378515,67208742515.99,722414,37767,1213.62486,5227.88872,19.12818,76.65759,93033.554881,1466.3202,8104,50645260,62280953091.37,700219,36247,0.09346,0.0791219,0.0317,0.04193,0.17861,4.0,0.162225,0.1134020618556701,0.914580265095729,0.759941089837997,0.5184094256259205,55.63328424153167,57.65832106038291,44.09425625920471,0.6656848306332842,DEVELOP,227,201,449
punjab,sri muktsar sahib,punjab|sri muktsar sahib,2026,2,8105,2026-Q2,4023393,6629531097.18,323828,27353,1647.746342,8446.76804,11.83885,12.42448,20472.383788,147.09147,8104,3552801,5999540329.98,311284,27096,0.13246,0.1050065,0.0403,0.00948,0.31211,4.0,0.2335325,0.833578792341679,0.0014727540500736377,0.16494845360824742,0.19734904270986744,33.11487481590575,29.933726067746687,44.05007363770251,0.1134020618556701,MONITOR,603,627,450
odisha,jajpur,odisha|jajpur,2026,2,8105,2026-Q2,82165322,85133400878.87,1078499,61458,1036.123255,5698.47538,17.54855,76.18488,78936.930752,1336.93452,8104,80245170,84058444229.15,1048621,60027,0.02393,0.0127882,0.02849,0.02384,0.16811,4.0,0.2172475,0.07363770250368189,0.8851251840942562,0.6671575846833578,0.7025036818851251,55.06627393225332,58.210603829160526,43.858615611192924,0.6509572901325479,DEVELOP,237,191,451
west bengal,purulia,west bengal|purulia,2026,2,8105,2026-Q2,35421506,32741927784.59,998795,86277,924.351658,8638.10892,11.57661,35.46424,32781.429407,410.55561,8104,33834853,34411911714.24,982594,85393,0.04689,-0.0485292,0.01649,0.01035,0.25761,4.0,0.29589,0.5537555228276878,0.203240058910162,0.14138438880706922,0.6701030927835051,38.630338733431515,39.212076583210596,43.85125184094256,0.22238586156111928,MONITOR,529,532,452
madhya pradesh,umaria,madhya pradesh|umaria,2026,2,8105,2026-Q2,10435685,10930459068.52,247075,13119,1047.411748,5309.72377,18.83337,42.23691,44239.437695,795.46345,8104,9973721,11075440904.63,242125,12793,0.04632,-0.0130904,0.02044,0.02548,0.22917,4.0,0.22581,0.3696612665684831,0.6170839469808542,0.7437407952871871,0.11929307805596466,47.49631811487482,46.24447717231222,43.799705449189986,0.45508100147275404,MONITOR,371,393,453
maharashtra,gondia,maharashtra|gondia,2026,2,8105,2026-Q2,24254677,32733496271.68,589555,34154,1349.574611,5793.18299,17.26167,41.14065,55522.379204,710.15626,8104,23097519,31424790055.06,580897,33148,0.0501,0.0416457,0.0149,0.03035,0.21182,4.0,0.2436875,0.27393225331369664,0.540500736377025,0.6450662739322534,0.406480117820324,45.986745213549334,46.649484536082475,43.69661266568483,0.41531664212076586,MONITOR,398,384,454
odisha,subarnapur,odisha|subarnapur,2026,2,8105,2026-Q2,12902456,15670713434.78,243572,12250,1214.552751,5029.31371,19.88343,52.97184,64337.088971,1053.26171,8104,13234707,18563358304.95,239113,11900,-0.0251,-0.1558255,0.01865,0.02941,0.22262,4.0,0.2935,0.33431516936671574,0.7658321060382917,0.7835051546391752,0.11487481590574374,51.06038291605303,49.96318114874816,43.66715758468336,0.5552282768777614,DEVELOP,303,320,455
rajasthan,nagaur,rajasthan|nagaur,2026,2,8105,2026-Q2,39799872,60471687356.63,881192,44999,1519.394016,5106.6056,19.58248,45.16595,68624.871034,884.46125,8104,37055826,58652903800.43,856700,43920,0.07405,0.0310093,0.02859,0.02457,0.12821,4.0,0.1454125,0.023564064801178203,0.6818851251840943,0.7761413843888071,0.6200294550810015,49.55817378497791,52.54050073637703,43.608247422680414,0.5036818851251841,DEVELOP,338,276,456
assam,lakhimpur,assam|lakhimpur,2026,2,8105,2026-Q2,12193149,10078119061.3,423368,30576,826.539482,7222.08575,13.84642,28.80036,23804.631104,398.78169,8104,11374762,10290870450.71,409775,29503,0.07195,-0.0206738,0.03317,0.03637,0.26642,4.0,0.3592275,0.6200294550810015,0.187039764359352,0.3446244477172312,0.2695139911634757,37.28276877761414,35.53019145802651,43.60088365243004,0.187039764359352,MONITOR,553,581,457
west bengal,alipurduar,west bengal|alipurduar,2026,2,8105,2026-Q2,22512831,24404111198.8,621707,56482,1084.00899,9084.98698,11.00717,36.21132,39253.396212,398.58417,8104,21314505,25381464408.19,609079,55330,0.05622,-0.0385066,0.02073,0.02082,0.29143,4.0,0.31686,0.7452135493372607,0.18409425625920472,0.08541973490427099,0.43151693667157587,37.724594992636234,36.156111929307805,43.586156111929306,0.20029455081001474,MONITOR,544,574,458
rajasthan,deeg,rajasthan|deeg,2026,2,8105,2026-Q2,21708206,24125420180.03,666700,33003,1111.350251,4950.20249,20.20119,32.56068,36186.320954,657.76463,8104,20491679,22778805067.91,658639,31732,0.05937,0.059117,0.01224,0.04005,0.17426,4.0,0.232455,0.09572901325478646,0.47717231222385864,0.7997054491899853,0.46686303387334316,44.13107511045655,45.98674521354934,43.49042709867452,0.35787923416789397,MONITOR,437,397,459
gujarat,porbandar,gujarat|porbandar,2026,2,8105,2026-Q2,2128556,3828104922.87,161118,10103,1798.45159,6270.55947,15.94754,13.21116,23759.635316,210.68554,8104,1998527,3704909547.62,158525,9732,0.06506,0.0332519,0.01636,0.03812,0.26303,4.0,0.26122,0.5891016200294551,0.026509572901325478,0.5346097201767305,0.045655375552282766,32.61413843888071,29.896907216494846,43.41678939617084,0.10751104565537556,MONITOR,607,628,460
odisha,cuttack,odisha|cuttack,2026,2,8105,2026-Q2,129280852,138824443605.34,1711793,138121,1073.820612,8068.79103,12.39343,75.52365,81098.849922,935.99708,8104,124949758,136939064645.98,1672405,134411,0.03466,0.013768,0.02355,0.0276,0.22794,4.0,0.263135,0.36671575846833576,0.7128129602356407,0.19734904270986744,0.8733431516936672,51.222385861561115,53.75552282768778,43.40942562592047,0.5581737849779087,DEFEND,301,256,461
punjab,ferozepur,punjab|ferozepur,2026,2,8105,2026-Q2,6432438,10026888385.77,386612,31154,1558.800627,8058.20823,12.40971,16.63797,25935.274605,206.4723,8104,5680449,9070440261.91,371929,30252,0.13238,0.1054467,0.03948,0.02982,0.29387,4.0,0.23659,0.7569955817378498,0.023564064801178203,0.20029455081001474,0.24153166421207659,33.136966126656844,30.559646539027984,43.328424153166424,0.11487481590574374,MONITOR,602,621,462
odisha,bhadrak,odisha|bhadrak,2026,2,8105,2026-Q2,54814334,62290022037.21,794945,65079,1136.381992,8186.6041,12.21508,68.95362,78357.649947,842.27376,8104,51900041,59963094647.82,773942,63578,0.05615,0.038806,0.02714,0.02361,0.26122,4.0,0.2966225,0.5758468335787923,0.6612665684830633,0.18262150220913106,0.5552282768777614,49.47717231222386,49.37407952871871,43.306332842415316,0.5007363770250368,DEVELOP,340,331,463
uttarakhand,dehradun,uttarakhand|dehradun,2026,2,8105,2026-Q2,77212838,76315776283.85,1944680,155822,988.381962,8012.73217,12.48014,39.70465,39243.359465,495.51949,8104,66792505,67174939611.81,1912974,153054,0.15601,0.1360751,0.01657,0.01809,0.22331,4.0,0.1968275,0.33726067746686306,0.28424153166421207,0.20913107511045656,0.898379970544919,40.41973490427099,43.22533136966127,43.26951399116348,0.2695139911634757,DEFEND,497,460,464
madhya pradesh,sidhi,madhya pradesh|sidhi,2026,2,8105,2026-Q2,23714024,27542590524.41,443502,30053,1161.447358,6776.29413,14.75733,53.46994,62102.517067,789.07344,8104,21244989,25700119161.65,437232,29559,0.11622,0.0716912,0.01434,0.01671,0.25429,4.0,0.2439875,0.524300441826215,0.6111929307805597,0.42415316642120765,0.29455081001472755,47.50368188512519,46.35493372606775,43.18114874815907,0.4565537555228277,MONITOR,370,391,465
bihar,munger,bihar|munger,2026,2,8105,2026-Q2,23152893,26207295554.32,553098,47318,1131.923149,8555.08427,11.68896,41.86038,47382.734261,489.30413,8104,21180356,24570128106.45,540057,46408,0.09313,0.0666324,0.02415,0.01961,0.28322,4.0,0.311205,0.711340206185567,0.2768777614138439,0.15022091310751104,0.3784977908689249,39.58762886597938,37.92341678939617,43.17378497790869,0.24742268041237114,MONITOR,512,549,466
uttar pradesh,meerut,uttar pradesh|meerut,2026,2,8105,2026-Q2,86313793,105106105853.32,1999429,198558,1217.720855,9930.73522,10.06975,43.16922,52568.061108,434.70317,8104,77861280,102758557646.33,1975620,193863,0.10856,0.0228453,0.01205,0.02422,0.24493,4.0,0.2610825,0.47569955817378495,0.21944035346097202,0.044182621502209134,0.9013254786450663,38.888070692194404,41.016200294550806,43.10751104565538,0.23269513991163476,DEFEND,522,504,467
himachal pradesh,shimla,himachal pradesh|shimla,2026,2,8105,2026-Q2,7992452,8928945601.07,434661,9559,1117.172252,2199.18511,45.47139,18.38778,20542.32057,836.118,8104,6316230,7299906813.57,426075,9277,0.26538,0.2231588,0.02015,0.0304,0.13138,4.0,0.129255,0.027982326951399118,0.6539027982326951,0.9955817378497791,0.28276877761413843,47.7319587628866,49.005891016200295,43.0338733431517,0.4639175257731959,MONITOR,365,333,468
madhya pradesh,rajgarh,madhya pradesh|rajgarh,2026,2,8105,2026-Q2,46547793,58063738058.21,752285,66612,1247.400453,8854.62292,11.29354,61.87521,77183.166032,698.7899,8104,43987296,49623872655.92,739350,65026,0.05821,0.1700767,0.0175,0.02439,0.26825,4.0,0.287485,0.6332842415316642,0.5287187039764359,0.11929307805596466,0.5375552282768777,45.9499263622975,45.471281296023555,42.94550810014728,0.41384388807069217,MONITOR,399,408,469
ladakh,leh ladakh,ladakh|leh ladakh,2026,2,8105,2026-Q2,6775664,12496089553.55,177949,1629,1844.260511,915.43083,109.23818,38.07644,70222.870337,4159.40086,8104,4364060,8068365620.85,169942,1610,0.55261,0.5487758,0.04712,0.0118,0.19023,4.0,0.1481275,0.15905743740795286,1.0,1.0,0.06332842415316642,56.038291605301914,55.55964653902799,42.94550810014727,0.6774668630338734,DEVELOP,220,234,470
tripura,gomati,tripura|gomati,2026,2,8105,2026-Q2,1849515,2366209502.5,129970,5347,1279.367565,4114.02631,24.30709,14.23032,18205.812899,345.8977,8104,1754365,2386933502.07,124719,4713,0.05424,-0.0086823,0.0421,0.13452,0.21183,4.0,0.2757375,0.27540500736377027,0.12371134020618557,0.8924889543446245,0.025036818851251842,34.167893961708394,32.9160530191458,42.87923416789396,0.13991163475699558,MONITOR,585,604,471
jharkhand,latehar,jharkhand|latehar,2026,2,8105,2026-Q2,14792792,18464645731.42,298677,11936,1248.219115,3996.29031,25.02321,49.52772,61821.451707,1239.34249,8104,13852242,17935085393.82,291815,11511,0.0679,0.0295265,0.02351,0.03692,0.1892,4.0,0.26765,0.15169366715758467,0.8379970544918999,0.9175257731958762,0.18114874815905743,52.061855670103085,52.20913107511045,42.70986745213549,0.5817378497790869,DEVELOP,285,285,472
tamil nadu,chennai,tamil nadu|chennai,2026,2,8105,2026-Q2,179679932,197424700549.71,6215686,417360,1098.757654,6714.6249,14.89286,28.9075,31762.33493,430.51546,8104,174402318,195259174197.48,5999453,412895,0.03026,0.0110905,0.03604,0.01081,0.1573,4.0,0.1515875,0.061855670103092786,0.21796759941089838,0.44329896907216493,0.9882179675994109,38.15169366715759,42.78350515463918,42.695139911634755,0.21207658321060383,DEFEND,536,468,473
madhya pradesh,seoni,madhya pradesh|seoni,2026,2,8105,2026-Q2,29764135,35233187437.7,609996,38119,1183.746393,6249.05737,16.00241,48.79398,57759.702421,780.82151,8104,27462682,32800863841.23,602434,37580,0.0838,0.0741543,0.01255,0.01434,0.22154,4.0,0.228765,0.3269513991163476,0.6038291605301914,0.5434462444771723,0.422680412371134,46.9440353460972,47.422680412371136,42.66568483063328,0.44329896907216493,MONITOR,379,368,474
mizoram,aizawl,mizoram|aizawl,2026,2,8105,2026-Q2,2457520,3373654124.94,164163,16407,1372.788065,9994.3349,10.00567,14.97,20550.63641,149.78485,8104,2131692,2997520297.1,153960,15514,0.15285,0.1254817,0.06627,0.05756,0.48255,4.0,0.506225,0.9985272459499264,0.004418262150220913,0.03829160530191458,0.05154639175257732,32.05449189985273,27.319587628865982,42.5699558173785,0.10014727540500737,MONITOR,612,645,475
tamil nadu,the nilgiris,tamil nadu|the nilgiris,2026,2,8105,2026-Q2,8615183,10896196810.19,306989,18060,1264.766728,5882.94695,16.99828,28.06349,35493.769517,477.03117,8104,6764923,8558348072.32,307937,17562,0.27351,0.2731659,-0.00308,0.02836,0.2335,4.0,0.1727825,0.3946980854197349,0.2665684830633284,0.6273932253313697,0.18851251840942562,37.96023564064801,36.92930780559646,42.45949926362297,0.20765832106038293,MONITOR,538,565,476
karnataka,dharwad,karnataka|dharwad,2026,2,8105,2026-Q2,118951459,128383326792.54,1462055,110356,1079.291737,7548.00606,13.24853,81.35909,87810.189625,1077.88846,8104,110886677,118617275245.97,1439934,108056,0.07273,0.0823325,0.01536,0.02129,0.21563,4.0,0.181655,0.2916053019145803,0.7761413843888071,0.29455081001472755,0.8188512518409425,51.89248895434463,54.528718703976445,42.44477172312224,0.5787923416789397,DEFEND,287,247,477
assam,bajali,assam|bajali,2026,2,8105,2026-Q2,4707327,4693357584.74,116152,10703,997.03241,9214.64977,10.85228,40.5273,40407.032033,439.81379,8104,4321270,4821022358.45,113906,10337,0.08934,-0.0264809,0.01972,0.03541,0.38235,4.0,0.41281,0.9837997054491899,0.22533136966126657,0.07952871870397643,0.011782032400589101,37.37113402061855,32.51104565537555,42.4300441826215,0.19145802650957292,MONITOR,550,609,478
madhya pradesh,chhindwara,madhya pradesh|chhindwara,2026,2,8105,2026-Q2,42486945,48670267451.39,882155,56824,1145.534645,6441.49838,15.52434,48.16268,55172.013367,747.69367,8104,40238313,46562899802.05,868953,55758,0.05588,0.0452585,0.01519,0.01912,0.20492,4.0,0.2204575,0.23269513991163476,0.5773195876288659,0.4992636229749632,0.6229749631811488,46.35493372606775,48.306332842415316,42.35640648011782,0.43004418262150224,MONITOR,387,345,479
assam,barpeta,assam|barpeta,2026,2,8105,2026-Q2,38736056,40039394467.53,677950,67370,1033.646649,9937.31101,10.06308,57.13704,59059.509503,574.97486,8104,35069405,40143338138.61,684642,63666,0.10455,-0.0025893,-0.00977,0.05818,0.28645,4.0,0.3818,0.7260677466863034,0.38144329896907214,0.041237113402061855,0.4742268041237113,41.83357879234168,40.57437407952872,42.34167893961709,0.29455081001472755,MONITOR,480,511,480
uttar pradesh,shravasti,uttar pradesh|shravasti,2026,2,8105,2026-Q2,4975721,5880719536.27,267873,29805,1181.882894,11126.54131,8.98752,18.57493,21953.386628,166.94249,8104,4460521,5514316940.59,257636,29104,0.1155,0.0664457,0.03973,0.02409,0.34671,4.0,0.3381175,0.946980854197349,0.010309278350515464,0.013254786450662739,0.15169366715758467,32.03240058910162,28.055964653902794,42.13549337260677,0.09867452135493372,MONITOR,613,641,481
kerala,kottayam,kerala|kottayam,2026,2,8105,2026-Q2,12928740,15396414475.35,888447,52611,1190.86736,5921.68132,16.8871,14.55207,17329.581253,245.74215,8104,13287206,15847377045.11,860264,51336,-0.02698,-0.0284566,0.03276,0.02484,0.18102,4.0,0.196965,0.11929307805596466,0.041237113402061855,0.614138438880707,0.6288659793814433,32.54050073637703,35.08836524300442,41.98821796759941,0.10603829160530191,MONITOR,608,588,482
dadra & nagar haveli & daman & diu,daman,dadra & nagar haveli & daman & diu|daman,2026,2,8105,2026-Q2,10968314,8542747705.3,237457,9624,778.856961,4052.94432,24.67342,46.19074,35975.977568,1139.6835,8104,11111686,8620734071.91,230755,9402,-0.0129,-0.0090464,0.02904,0.02361,0.19602,4.0,0.24588,0.18556701030927836,0.8055964653902798,0.9072164948453608,0.11045655375552282,50.59646539027983,50.220913107511045,41.93667157584684,0.5346097201767305,DEVELOP,317,317,483
tamil nadu,viluppuram,tamil nadu|viluppuram,2026,2,8105,2026-Q2,13664685,17776740127.68,711501,43884,1300.925717,6167.80581,16.21322,19.20543,24984.842084,311.38194,8104,13037756,17723210745.75,702715,43165,0.04809,0.0030203,0.0125,0.01666,0.20678,4.0,0.173795,0.24153166421207659,0.09720176730486009,0.5581737849779087,0.5095729013254786,33.821796759941094,35.1620029455081,41.93667157584684,0.13402061855670103,MONITOR,588,586,483
uttar pradesh,amroha,uttar pradesh|amroha,2026,2,8105,2026-Q2,36081613,41354127429.06,769082,54541,1146.127459,7091.70154,14.10099,46.91517,53770.764924,661.55026,8104,32306791,40904092887.23,759342,53426,0.11684,0.0110022,0.01283,0.02087,0.23124,4.0,0.265935,0.38438880706921946,0.48159057437407954,0.3696612665684831,0.5449189985272459,43.71134020618557,44.513991163475694,41.93667157584683,0.3446244477172312,MONITOR,446,424,485
assam,kokrajhar,assam|kokrajhar,2026,2,8105,2026-Q2,14292150,14449261261.08,370984,27744,1010.992836,7478.48964,13.37168,38.52498,38948.475571,515.14381,8104,13243575,14842510106.59,365093,26533,0.07918,-0.0264948,0.01614,0.04564,0.26835,4.0,0.385345,0.6347569955817378,0.31075110456553756,0.30338733431516934,0.23269513991163476,39.0500736377025,37.03976435935199,41.826215022091304,0.2341678939617084,MONITOR,521,562,486
chhattisgarh,surajpur,chhattisgarh|surajpur,2026,2,8105,2026-Q2,12643548,13256049916.58,327627,13390,1048.443832,4086.96475,24.46804,38.59129,40460.798153,944.25302,8104,12264869,13161700839.16,318363,13150,0.03088,0.0071685,0.0291,0.01825,0.18487,4.0,0.2034875,0.13107511045655376,0.7216494845360825,0.898379970544919,0.203240058910162,48.49779086892489,48.85861561119293,41.767304860088366,0.48159057437407954,MONITOR,353,334,487
madhya pradesh,jabalpur,madhya pradesh|jabalpur,2026,2,8105,2026-Q2,76408578,85907588827.54,1602539,146620,1124.318644,9149.23131,10.92988,47.6797,53607.175131,521.13339,8104,73195296,84800115745.24,1560994,143882,0.0439,0.0130598,0.02661,0.01903,0.23941,4.0,0.2618875,0.4374079528718704,0.31516936671575846,0.08247422680412371,0.8541973490427098,40.14727540500736,42.231222385861564,41.73784977908689,0.2606774668630339,DEFEND,503,479,488
assam,goalpara,assam|goalpara,2026,2,8105,2026-Q2,23737889,24413062110.48,482678,37138,1028.442846,7694.15635,12.99688,49.17955,50578.360958,639.1806,8104,22229449,25463664748.55,480940,31486,0.06786,-0.0412589,0.00361,0.17951,0.26485,4.0,0.41135,0.6067746686303387,0.45066273932253315,0.2695139911634757,0.32106038291605304,42.628865979381445,41.200294550810014,41.73048600883652,0.31958762886597936,MONITOR,463,501,489
rajasthan,jhalawar,rajasthan|jhalawar,2026,2,8105,2026-Q2,33007685,39264343431.38,664353,42068,1189.551568,6332.17582,15.79236,49.68396,59101.627345,784.62691,8104,32393835,37659318265.75,647136,40882,0.01895,0.0426196,0.0266,0.02901,0.21619,4.0,0.21591,0.29455081001472755,0.6067746686303387,0.5228276877761414,0.4639175257731959,46.35493372606775,47.201767304860084,41.67893961708394,0.43004418262150224,MONITOR,387,374,490
jammu & kashmir,srinagar,jammu & kashmir|srinagar,2026,2,8105,2026-Q2,21983296,25199270567.64,628879,44070,1146.291737,7007.70737,14.27,34.95632,40070.141582,498.82678,8104,15768434,18959115299.41,593604,42635,0.39413,0.3291375,0.05943,0.03366,0.23932,4.0,0.22174,0.43446244477172313,0.2930780559646539,0.3799705449189985,0.43888070692194403,38.637702503681886,38.659793814432994,41.649484536082475,0.22533136966126657,MONITOR,527,540,491
madhya pradesh,indore,madhya pradesh|indore,2026,2,8105,2026-Q2,339895092,333242773526.79,4118995,358011,980.428319,8691.70756,11.50522,82.51894,80903.903386,949.39846,8104,334698036,328595016016.41,4015409,351941,0.01553,0.0141443,0.0258,0.01725,0.21945,4.0,0.2421325,0.3136966126656848,0.7290132547864506,0.13402061855670103,0.9749631811487481,50.4860088365243,53.792341678939614,41.61266568483063,0.5272459499263623,DEFEND,322,255,492
madhya pradesh,panna,madhya pradesh|panna,2026,2,8105,2026-Q2,15717249,18793623865.36,362752,22025,1195.7324,6071.64123,16.47001,43.32781,51808.463814,713.60949,8104,14854356,17825145055.84,359636,21302,0.05809,0.0543322,0.00866,0.03394,0.23254,4.0,0.2853025,0.3917525773195876,0.5493372606774669,0.5832106038291606,0.22091310751104565,44.48453608247423,43.630338733431515,41.60530191458026,0.3711340206185567,MONITOR,428,446,493
rajasthan,pratapgarh,rajasthan|pratapgarh,2026,2,8105,2026-Q2,14774001,16762811402.29,366670,15573,1134.615559,4247.14321,23.54524,40.29236,45716.342767,948.69332,8104,14453769,16080103830.41,355162,15340,0.02216,0.0424567,0.0324,0.01519,0.18264,4.0,0.20182,0.1251840942562592,0.7260677466863034,0.882179675994109,0.22827687776141384,48.52724594992636,49.04270986745214,41.59057437407952,0.48306332842415317,MONITOR,352,332,494
maharashtra,mumbai suburban,maharashtra|mumbai suburban,2026,2,8105,2026-Q2,281998060,249149562810.71,7625449,749720,883.515166,9831.81449,10.17106,36.98117,32673.428517,376.13784,8104,279927702,249060485817.06,7392981,742516,0.0074,0.0003577,0.03144,0.0097,0.22986,4.0,0.2258525,0.3755522827687776,0.15463917525773196,0.047128129602356406,0.9941089837997055,36.19293078055964,39.285714285714285,41.52430044182622,0.1723122238586156,DEFEND,563,529,495
uttar pradesh,bulandshahr,uttar pradesh|bulandshahr,2026,2,8105,2026-Q2,67639035,74269667365.12,1498671,128820,1098.029671,8595.61572,11.63384,45.13268,49557.019096,525.06626,8104,62332918,72956466773.69,1458681,126718,0.08513,0.0179998,0.02742,0.01659,0.23247,4.0,0.2629875,0.390279823269514,0.31958762886597936,0.14727540500736377,0.8291605301914581,39.96318114874816,42.15758468335788,41.49484536082474,0.2547864506627393,DEFEND,506,480,496
chhattisgarh,balodabazar bhatapara,chhattisgarh|balodabazar bhatapara,2026,2,8105,2026-Q2,20168991,21082719724.23,448499,24256,1045.303641,5408.26178,18.49023,44.96998,47007.283682,831.50524,8104,19355530,21735839273.21,433609,23797,0.04203,-0.030048,0.03434,0.01929,0.20002,4.0,0.23117,0.2106038291605302,0.6494845360824743,0.7290132547864506,0.29896907216494845,46.759941089837994,47.20176730486009,41.413843888070694,0.44035346097201766,MONITOR,381,373,497
chhattisgarh,sarangarh bilaigarh,chhattisgarh|sarangarh bilaigarh,2026,2,8105,2026-Q2,11209318,12666977535.18,257463,14460,1130.039984,5616.34099,17.80519,43.53759,49199.215169,775.19488,8104,11053261,14295914902.33,251706,14179,0.01412,-0.1139443,0.02287,0.01982,0.22584,4.0,0.22932,0.35051546391752575,0.5949926362297496,0.6848306332842415,0.13696612665684832,45.25036818851252,44.18262150220913,41.41384388807069,0.3961708394698085,MONITOR,411,430,498
jammu & kashmir,pulwama,jammu & kashmir|pulwama,2026,2,8105,2026-Q2,7936368,8507456410.52,230528,10444,1071.958408,4530.46918,22.07277,34.42692,36904.221659,759.89736,8104,5994066,6821975390.84,219393,10204,0.32404,0.2470664,0.05075,0.02352,0.20474,4.0,0.2746125,0.23122238586156113,0.5846833578792342,0.8438880706921944,0.10456553755522828,44.74226804123712,44.10898379970545,41.39911634756996,0.37702503681885124,MONITOR,424,432,499
madhya pradesh,mandsaur,madhya pradesh|mandsaur,2026,2,8105,2026-Q2,41268884,51053851408.79,784250,54577,1237.102787,6959.13293,14.36961,52.6221,65098.949836,756.15889,8104,39918057,47824657706.38,770714,53068,0.03384,0.0675215,0.01756,0.02844,0.22578,4.0,0.2624975,0.3490427098674521,0.5817378497790869,0.3873343151693667,0.5508100147275405,45.714285714285715,46.72312223858616,41.28865979381444,0.4050073637702504,MONITOR,405,382,500
tamil nadu,karur,tamil nadu|karur,2026,2,8105,2026-Q2,9530498,13649622487.58,453542,27105,1432.204538,5976.29327,16.73278,21.01348,30095.608538,351.61402,8104,9196925,13453308911.62,444398,26070,0.03627,0.0145922,0.02058,0.0397,0.21899,4.0,0.214915,0.31075110456553756,0.12812960235640647,0.605301914580265,0.30486008836524303,33.75552282768778,33.7260677466863,41.23711340206185,0.12960235640648013,MONITOR,592,602,501
jharkhand,east singhbhum,jharkhand|east singhbhum,2026,2,8105,2026-Q2,60278892,58701796668.4,1272271,101073,973.83669,7944.29803,12.58764,47.37897,46139.381208,596.38966,8104,57832258,57321879533.45,1230573,98867,0.04231,0.0240731,0.03389,0.02231,0.22677,4.0,0.24803,0.3549337260677467,0.40795287187039764,0.21796759941089838,0.7746686303387335,41.78939617083947,43.888070692194404,41.19293078055964,0.2930780559646539,DEFEND,481,434,502
chhattisgarh,khairagarh chhuikhadan gandai,chhattisgarh|khairagarh chhuikhadan gandai,2026,2,8105,2026-Q2,4273302,4671631551.66,127822,5154,1093.213527,4032.16974,24.80054,33.43166,36547.945985,829.1234,8104,4099881,4637559781.77,123824,5012,0.0423,0.0073469,0.03229,0.02833,0.20167,4.0,0.2189375,0.21796759941089838,0.6480117820324006,0.9101620029455081,0.022091310751104567,45.93519882179676,44.955817378497784,41.12665684830633,0.41237113402061853,MONITOR,400,420,503
uttarakhand,udham singh nagar,uttarakhand|udham singh nagar,2026,2,8105,2026-Q2,43576307,44579270574.55,1249806,87601,1023.016259,7009.16782,14.26703,34.86646,35668.952281,497.44075,8104,39405152,42991763189.53,1218612,86137,0.10585,0.0369258,0.0256,0.017,0.20142,4.0,0.21336,0.21649484536082475,0.29013254786450665,0.3784977908689249,0.7673048600883653,38.55670103092784,41.31075110456553,41.08983799705449,0.21944035346097202,DEFEND,531,499,504
chandigarh,chandigarh,chandigarh|chandigarh,2026,2,8105,2026-Q2,25137055,25233291728.69,829123,64346,1003.828481,7760.73031,12.88539,30.31764,30433.713368,390.65451,8104,22820289,23784456763.0,811491,62840,0.10152,0.0609152,0.02173,0.02397,0.241,4.0,0.210435,0.4491899852724595,0.17820324005891017,0.24594992636229748,0.5802650957290133,35.68483063328424,36.34020618556701,41.08247422680412,0.16494845360824742,MONITOR,568,573,505
bihar,sheohar,bihar|sheohar,2026,2,8105,2026-Q2,10658823,12527743229.88,217997,15916,1175.340207,7301.0179,13.69672,48.89436,57467.502901,669.69232,8104,9647278,11873683781.92,217850,15570,0.10485,0.0550848,0.00067,0.02222,0.2773,4.0,0.3198625,0.6774668630338734,0.4948453608247423,0.32989690721649484,0.09278350515463918,42.79823269513991,39.874815905743745,40.96465390279823,0.32547864506627394,MONITOR,459,522,506
madhya pradesh,rewa,madhya pradesh|rewa,2026,2,8105,2026-Q2,46023993,53782459422.64,841494,67932,1168.574387,8072.78483,12.3873,54.69319,63913.063459,677.50093,8104,41952704,50858533577.77,830403,65816,0.09704,0.0574914,0.01336,0.03215,0.24695,4.0,0.2411325,0.4845360824742268,0.5036818851251841,0.19440353460972018,0.5891016200294551,43.77025036818851,44.29307805596465,40.91310751104565,0.3475699558173785,MONITOR,444,428,507
chhattisgarh,kondagaon,chhattisgarh|kondagaon,2026,2,8105,2026-Q2,6896760,8377319302.26,218397,5888,1214.674616,2696.00773,37.09188,31.57901,38358.216011,1171.32473,8104,6793810,8759198368.53,210387,5723,0.01515,-0.0435975,0.03807,0.02883,0.17796,4.0,0.1938225,0.11045655375552282,0.8188512518409425,0.9749631811487481,0.09425625920471281,50.04418262150221,49.96318114874816,40.898379970544916,0.5169366715758469,DEVELOP,329,320,508
odisha,khordha,odisha|khordha,2026,2,8105,2026-Q2,304619745,295222880387.08,3062384,236790,969.152149,7732.21124,12.93291,99.47144,96402.95939,1286.45528,8104,302109179,293139958212.94,3007702,231673,0.00831,0.0071056,0.01818,0.02209,0.19732,4.0,0.23111,0.19293078055964655,0.8645066273932254,0.25773195876288657,0.9631811487481591,53.10751104565538,56.95876288659794,40.81737849779087,0.6082474226804123,DEFEND,267,216,509
kerala,alappuzha,kerala|alappuzha,2026,2,8105,2026-Q2,14056562,16547026796.82,910417,68176,1177.174532,7488.43662,13.35392,15.4397,18175.217287,206.1805,8104,13830947,16173000804.73,890610,66125,0.01631,0.0231266,0.02224,0.03102,0.22734,4.0,0.192135,0.35787923416789397,0.022091310751104567,0.3019145802650957,0.6332842415316642,31.50220913107511,32.87923416789396,40.714285714285715,0.08689248895434462,MONITOR,620,605,510
delhi,north,delhi|north,2026,2,8105,2026-Q2,101611929,109861766626.1,2039167,145465,1081.189657,7133.55012,14.01827,49.83012,53875.806457,698.5318,8104,94161615,106692585173.22,1976355,142873,0.07912,0.0297039,0.03178,0.01814,0.186,4.0,0.21602,0.13402061855670103,0.5272459499263623,0.35787923416789397,0.9072164948453608,44.293078055964656,48.159057437407945,40.56701030927835,0.36229749631811486,DEFEND,434,356,511
dadra & nagar haveli & daman & diu,dadra and nagar haveli,dadra & nagar haveli & daman & diu|dadra and nagar haveli,2026,2,8105,2026-Q2,21410200,17094055716.55,423162,17263,798.407101,4079.5251,24.51266,50.59575,40396.008424,1240.23634,8104,21978227,17443584894.22,406244,16889,-0.02584,-0.0200377,0.04164,0.02214,0.15688,4.0,0.210825,0.05891016200294551,0.8394698085419735,0.8998527245949927,0.26804123711340205,50.61119293078056,51.65684830633285,40.552282768777616,0.5375552282768777,DEVELOP,315,295,512
uttar pradesh,hapur,uttar pradesh|hapur,2026,2,8105,2026-Q2,37094680,40929420499.41,755084,55877,1103.377101,7400.10383,13.51332,49.12656,54205.122211,663.86313,8104,33618782,40029817103.17,739617,55112,0.10339,0.0224733,0.02091,0.01388,0.23408,4.0,0.27489,0.4005891016200295,0.48306332842415317,0.31516936671575846,0.5390279823269514,42.7540500736377,43.446244477172314,40.53019145802651,0.3225331369661267,MONITOR,460,454,513
rajasthan,balotra,rajasthan|balotra,2026,2,8105,2026-Q2,30160090,41976917972.68,558892,24199,1391.803472,4329.81685,23.09567,53.96408,75107.387425,1246.33621,8104,29858875,42611803599.95,539862,23529,0.01009,-0.0148993,0.03525,0.02848,0.10393,4.0,0.1755325,0.010309278350515464,0.845360824742268,0.8689248895434463,0.3873343151693667,50.91310751104565,52.798232695139916,40.5081001472754,0.5508100147275405,DEVELOP,306,274,514
haryana,fatehabad,haryana|fatehabad,2026,2,8105,2026-Q2,9957401,19037814263.85,479172,34883,1911.92604,7279.84941,13.73655,20.78043,39730.648418,285.45139,8104,8819309,16255307953.05,463895,33886,0.12905,0.1711752,0.03293,0.02942,0.2524,4.0,0.222705,0.5154639175257731,0.07216494845360824,0.33431516936671574,0.31516936671575846,31.929307805596462,30.92783505154639,40.19882179675994,0.09720176730486009,MONITOR,614,620,515
odisha,kandhamal,odisha|kandhamal,2026,2,8105,2026-Q2,11650060,13535674655.01,286456,7193,1161.854502,2511.03136,39.82427,40.66963,47252.194595,1619.63854,8104,11200002,13451322112.12,281550,7088,0.04018,0.0062709,0.01742,0.01481,0.14474,4.0,0.201105,0.041237113402061855,0.9528718703976435,0.9823269513991163,0.16494845360824742,52.91605301914581,53.53460972017673,40.15463917525773,0.6023564064801178,DEVELOP,271,259,516
himachal pradesh,sirmaur,himachal pradesh|sirmaur,2026,2,8105,2026-Q2,6086236,5744384380.42,286899,10545,943.832014,3675.5095,27.20711,21.21386,20022.32277,577.16795,8104,5566209,5476478281.84,278577,10268,0.09343,0.0489194,0.02987,0.02698,0.17059,4.0,0.1911875,0.08394698085419734,0.38291605301914583,0.930780559646539,0.16789396170839468,38.71870397643594,39.13843888070692,40.13254786450663,0.22974963181148747,MONITOR,524,534,517
gujarat,amreli,gujarat|amreli,2026,2,8105,2026-Q2,6205543,8811243821.91,434295,21573,1419.898923,4967.3609,20.13141,14.28877,20288.614472,287.65322,8104,5693124,8495317912.84,421070,20842,0.09001,0.0371882,0.03141,0.03507,0.18504,4.0,0.19327,0.1325478645066274,0.07511045655375552,0.792341678939617,0.2812960235640648,31.288659793814432,32.03240058910162,40.0662739322533,0.08394698085419734,MONITOR,623,612,518
uttarakhand,chamoli,uttarakhand|chamoli,2026,2,8105,2026-Q2,4129071,5352668563.39,145515,3917,1296.337254,2691.81871,37.1496,28.37557,36784.307895,1054.14118,8104,2391192,2916614842.56,153668,3648,0.72678,0.8352333,-0.05306,0.07374,0.18112,4.0,0.155445,0.12076583210603829,0.7687776141384389,0.9764359351988218,0.033873343151693665,47.930780559646536,47.49631811487482,39.85272459499264,0.47128129602356406,MONITOR,360,367,519
manipur,imphal east,manipur|imphal east,2026,2,8105,2026-Q2,1728134,2633503240.45,152751,6579,1523.899906,4307.00945,23.21797,11.31341,17240.497545,262.67427,8104,1771567,2741760572.65,145925,6320,-0.02452,-0.0394846,0.04678,0.04098,0.19978,4.0,0.496995,0.20765832106038293,0.053019145802650956,0.8718703976435935,0.041237113402061855,30.17673048600884,29.344624447717234,39.85272459499264,0.07216494845360824,MONITOR,631,632,519
rajasthan,jodhpur,rajasthan|jodhpur,2026,2,8105,2026-Q2,136439834,176605696180.79,2341306,170176,1294.385159,7268.42198,13.75814,58.2751,75430.420535,801.7572,8104,130348077,173651207758.2,2286494,166686,0.04673,0.0170139,0.02397,0.02094,0.18001,4.0,0.1899725,0.11634756995581738,0.6244477172312224,0.3387334315169367,0.9293078055964654,46.156111929307805,50.220913107511045,39.74226804123712,0.4212076583210604,DEFEND,393,317,521
karnataka,bengaluru urban,karnataka|bengaluru urban,2026,2,8105,2026-Q2,2113433404,2237234966747.11,20543058,1517644,1058.578407,7387.62457,13.53615,102.87823,108904.670704,1392.5752,8104,2025840374,2126190211137.47,20007804,1498110,0.04324,0.0522271,0.02675,0.01304,0.17317,4.0,0.15384,0.09131075110456553,0.898379970544919,0.3166421207658321,1.0,53.11487481590574,57.65832106038291,39.734904270986746,0.6097201767304861,DEFEND,266,201,522
tamil nadu,namakkal,tamil nadu|namakkal,2026,2,8105,2026-Q2,17552038,26017394276.82,828052,48841,1482.300476,5898.30107,16.95403,21.19678,31420.000528,359.37098,8104,17286760,26011682762.66,812237,47528,0.01535,0.0002196,0.01947,0.02763,0.1727,4.0,0.17989,0.08836524300441827,0.13843888070692195,0.6200294550810015,0.5773195876288659,33.15905743740795,35.60382916053019,39.66863033873343,0.11782032400589101,MONITOR,600,580,523
odisha,deogarh,odisha|deogarh,2026,2,8105,2026-Q2,4503723,5777047843.94,108489,3354,1282.727167,3091.55767,32.34615,41.51318,53250.079215,1342.79159,8104,4410183,6049394019.13,105003,3236,0.02121,-0.0450204,0.0332,0.03646,0.18794,4.0,0.2129725,0.14285714285714285,0.8880706921944035,0.9587628865979382,0.007363770250368188,50.60382916053019,49.92636229749632,39.455081001472756,0.5360824742268041,DEVELOP,316,322,524
tamil nadu,dindigul,tamil nadu|dindigul,2026,2,8105,2026-Q2,22404585,34117314438.55,932728,63258,1522.7827,6782.0415,14.74482,24.02049,36577.988908,354.17789,8104,21670855,33285318050.1,919115,61571,0.03386,0.0249959,0.01481,0.0274,0.20109,4.0,0.20447,0.21502209131075112,0.13107511045655376,0.4212076583210604,0.6421207658321061,33.100147275405014,35.23564064801178,39.39617083946981,0.11192930780559647,MONITOR,604,584,525
uttar pradesh,bhadohi,uttar pradesh|bhadohi,2026,2,8105,2026-Q2,14424005,15887538173.84,522081,72244,1101.465104,13837.69951,7.22663,27.62791,30431.174806,199.65679,8104,11761079,13799415254.39,517482,71360,0.22642,0.1513197,0.00889,0.01239,0.29439,4.0,0.241765,0.7614138438880707,0.016200294550810016,0.0014727540500736377,0.35346097201767307,30.353460972017672,28.313696612665684,39.34462444771724,0.07363770250368189,MONITOR,630,640,526
uttarakhand,pauri garhwal,uttarakhand|pauri garhwal,2026,2,8105,2026-Q2,7748054,8098743702.99,265938,12088,1045.261649,4545.42036,22.00017,29.13481,30453.503083,640.97071,8104,5710062,6285083732.95,264111,11737,0.35691,0.2885658,0.00692,0.02991,0.18973,4.0,0.1707975,0.1561119293078056,0.4536082474226804,0.8409425625920471,0.14580265095729014,39.96318114874816,39.91163475699558,39.32253313696613,0.2547864506627393,MONITOR,506,520,527
tamil nadu,tiruvannamalai,tamil nadu|tiruvannamalai,2026,2,8105,2026-Q2,23087075,29490281720.86,883828,60705,1277.35028,6868.41784,14.55939,26.12168,33366.539328,380.31587,8104,22036815,29453131017.38,876390,59699,0.04766,0.0012613,0.00849,0.01685,0.20651,4.0,0.235525,0.23858615611192932,0.1634756995581738,0.40353460972017674,0.6244477172312224,33.821796759941094,35.75110456553755,39.27835051546392,0.13402061855670103,MONITOR,588,579,528
rajasthan,udaipur,rajasthan|udaipur,2026,2,8105,2026-Q2,71477414,78339056044.82,1439898,99601,1095.997346,6917.22608,14.45666,49.64061,54405.97601,717.63751,8104,68205918,76586496532.77,1396831,97542,0.04796,0.0228834,0.03083,0.02111,0.18404,4.0,0.19858,0.12665684830633284,0.5552282768777614,0.3946980854197349,0.8100147275405007,43.748159057437405,47.16494845360825,39.13107511045656,0.34609720176730485,DEFEND,445,376,529
uttar pradesh,ghaziabad,uttar pradesh|ghaziabad,2026,2,8105,2026-Q2,205969183,207586145620.07,4061254,379016,1007.850508,9332.48696,10.71526,50.71566,51113.80515,543.43137,8104,187059378,200807621682.99,3957364,373144,0.10109,0.0337563,0.02625,0.01574,0.2187,4.0,0.2195075,0.3078055964653903,0.3402061855670103,0.06480117820324006,0.9734904270986745,38.82916053019146,42.15758468335788,38.91752577319588,0.23122238586156113,DEFEND,523,480,530
uttar pradesh,chitrakoot,uttar pradesh|chitrakoot,2026,2,8105,2026-Q2,9447556,11126214298.5,304813,31012,1177.681752,10174.10675,9.82887,30.9946,36501.770917,304.64195,8104,8542170,10656110819.49,296517,30521,0.10599,0.0441159,0.02798,0.01609,0.31091,4.0,0.28255,0.8247422680412371,0.09278350515463918,0.03240058910162003,0.187039764359352,31.61266568483063,28.424153166421206,38.799705449189986,0.09278350515463918,MONITOR,617,638,531
himachal pradesh,mandi,himachal pradesh|mandi,2026,2,8105,2026-Q2,5727956,6869750993.01,378762,15444,1199.337249,4077.49457,24.52486,15.12284,18137.381767,370.88552,8104,4842026,5894969178.18,371900,15066,0.18297,0.1653583,0.01845,0.02509,0.13261,4.0,0.1355225,0.030927835051546393,0.14580265095729014,0.9013254786450663,0.23711340206185566,31.84830633284242,32.87923416789396,38.71134020618557,0.09572901325478646,MONITOR,615,605,532
madhya pradesh,maihar,madhya pradesh|maihar,2026,2,8105,2026-Q2,14231574,16026118625.97,301225,17377,1126.096005,5768.77749,17.3347,47.24566,53203.149227,818.98912,8104,13275620,15391173036.06,298228,17048,0.07201,0.0412539,0.01005,0.0193,0.21334,4.0,0.19628,0.28276877761413843,0.6391752577319587,0.6494845360824743,0.18409425625920472,44.38144329896907,43.888070692194404,38.64506627393226,0.36524300441826213,MONITOR,432,434,533
assam,dhubri,assam|dhubri,2026,2,8105,2026-Q2,33561698,32172625603.2,704855,63485,958.611379,9006.817,11.1027,47.61504,45644.317772,528.65556,8104,30715562,33589901140.38,724438,52187,0.09266,-0.0421935,-0.02703,0.21649,0.25936,4.0,0.3945125,0.5655375552282769,0.3225331369661267,0.09867452135493372,0.5007363770250368,37.511045655375554,37.187039764359355,38.59351988217968,0.19293078055964655,MONITOR,548,558,534
chhattisgarh,dhamtari,chhattisgarh|dhamtari,2026,2,8105,2026-Q2,9913984,12547316581.19,297814,15279,1265.617998,5130.38339,19.49172,33.28918,42131.38597,648.86341,8104,9439641,12686783166.91,289584,15189,0.05025,-0.0109931,0.02842,0.00593,0.19359,4.0,0.18945,0.17378497790868924,0.46244477172312226,0.7746686303387335,0.1796759941089838,39.734904270986746,39.76435935198822,38.55670103092784,0.25184094256259204,MONITOR,509,524,535
chhattisgarh,gariaband,chhattisgarh|gariaband,2026,2,8105,2026-Q2,7393434,8000604068.96,211270,7918,1082.122877,3747.81086,26.68224,34.99519,37869.096743,933.75019,8104,7494642,9830134194.01,204790,7691,-0.0135,-0.1861145,0.03164,0.02952,0.17512,4.0,0.21007,0.09720176730486009,0.7098674521354934,0.9278350515463918,0.08689248895434462,45.596465390279825,45.544918998527244,38.53460972017673,0.4020618556701031,MONITOR,407,406,536
madhya pradesh,niwari,madhya pradesh|niwari,2026,2,8105,2026-Q2,6682206,7392456103.3,167319,10039,1106.289765,5999.91633,16.6669,39.93692,44181.809019,665.62466,8104,6419078,7021913325.15,161386,9964,0.04099,0.0527695,0.03676,0.00753,0.23423,4.0,0.2783425,0.4020618556701031,0.48748159057437407,0.6023564064801178,0.054491899852724596,40.39764359351988,38.659793814432994,38.52724594992637,0.26804123711340205,MONITOR,498,540,537
madhya pradesh,anuppur,madhya pradesh|anuppur,2026,2,8105,2026-Q2,15223710,14801396612.4,325563,25153,972.259496,7726.0008,12.94331,46.76118,45464.001168,605.2443,8104,14374023,14907572520.53,317827,24373,0.05911,-0.0071223,0.02434,0.032,0.26502,4.0,0.245695,0.6082474226804123,0.41531664212076586,0.2606774668630339,0.20029455081001474,39.15316642120766,37.113402061855666,38.46097201767304,0.23711340206185566,MONITOR,519,560,538
delhi,new delhi,delhi|new delhi,2026,2,8105,2026-Q2,126479485,111992067477.1,1776422,127391,885.456384,7171.2127,13.94464,71.19901,63043.616594,992.84475,8104,117304687,108573467790.44,1739905,125810,0.07821,0.0314865,0.02099,0.01257,0.17409,4.0,0.1876025,0.09425625920471281,0.7452135493372607,0.35346097201767307,0.8836524300441826,47.96759941089839,51.91458026509572,38.232695139911634,0.4727540500736377,DEFEND,359,290,539
uttar pradesh,jhansi,uttar pradesh|jhansi,2026,2,8105,2026-Q2,49353339,59042114660.0,1127343,102254,1196.314492,9070.35392,11.02493,43.77846,52372.804603,482.65436,8104,46693531,57387517787.73,1100570,100548,0.05696,0.028832,0.02433,0.01697,0.2386,4.0,0.2465625,0.4256259204712813,0.2695139911634757,0.0898379970544919,0.7216494845360825,36.18556701030928,37.66568483063328,38.210603829160526,0.17083946980854198,MONITOR,564,551,540
uttar pradesh,bijnor,uttar pradesh|bijnor,2026,2,8105,2026-Q2,46340376,55411411112.66,1286473,121720,1195.747983,9461.52776,10.56912,36.02126,43072.346728,380.71291,8104,40533551,52719276869.63,1295095,120377,0.14326,0.0510655,-0.00666,0.01116,0.2358,4.0,0.2544,0.41237113402061853,0.16494845360824742,0.05891016200294551,0.780559646539028,33.57879234167894,35.41973490427098,38.070692194403534,0.12665684830633284,DEFEND,594,583,541
madhya pradesh,balaghat,madhya pradesh|balaghat,2026,2,8105,2026-Q2,35363210,40121252612.08,737407,49478,1134.547814,6709.72746,14.90373,47.95616,54408.559469,714.72594,8104,33432660,40655944342.03,732596,48341,0.05774,-0.0131516,0.00657,0.02352,0.20438,4.0,0.222815,0.2268041237113402,0.5522827687776142,0.44477172312223856,0.5287187039764359,42.304860088365245,43.81443298969072,37.857142857142854,0.3078055964653903,MONITOR,471,438,542
rajasthan,chittorgarh,rajasthan|chittorgarh,2026,2,8105,2026-Q2,49570984,62278861894.66,881264,55529,1256.357185,6301.06302,15.87034,56.24987,70669.926259,892.70442,8104,47484069,60253242668.56,855993,54512,0.04395,0.0336184,0.02952,0.01866,0.17362,4.0,0.1986075,0.09278350515463918,0.6863033873343152,0.5301914580265096,0.6215022091310751,45.6259204712813,48.26951399116348,37.80559646539028,0.40353460972017674,MONITOR,406,347,543
madhya pradesh,khandwa,madhya pradesh|khandwa,2026,2,8105,2026-Q2,33814350,36719283393.87,590699,43518,1085.908302,7367.20394,13.57367,57.24464,62162.426877,777.01985,8104,32945323,34477490389.81,579894,42254,0.02638,0.0650219,0.01863,0.02991,0.23468,4.0,0.2845525,0.40795287187039764,0.5964653902798233,0.3225331369661267,0.40795287187039764,43.372606774668625,43.37260677466863,37.80559646539028,0.3387334315169367,MONITOR,450,457,543
madhya pradesh,shajapur,madhya pradesh|shajapur,2026,2,8105,2026-Q2,29610293,37031451022.8,474022,38004,1250.627646,8017.34941,12.47295,62.46607,78121.798192,779.13622,8104,28304455,32277983040.44,467680,37576,0.04614,0.1472666,0.01356,0.01139,0.25928,4.0,0.28266,0.5640648011782032,0.5979381443298969,0.20618556701030927,0.31075110456553756,43.240058910162,41.97349042709867,37.54786450662739,0.3328424153166421,MONITOR,454,486,545
tamil nadu,ariyalur,tamil nadu|ariyalur,2026,2,8105,2026-Q2,4482816,6482660795.37,267209,12108,1446.113513,4531.2845,22.0688,16.77644,24260.63791,370.23588,8104,4305536,6417936166.67,262307,11921,0.04117,0.010085,0.01869,0.01569,0.17655,4.0,0.1531475,0.10456553755522828,0.14432989690721648,0.8424153166421208,0.15022091310751104,30.8100147275405,31.038291605301914,37.422680412371136,0.07952871870397643,MONITOR,626,619,546
chhattisgarh,dantewada,chhattisgarh|dantewada,2026,2,8105,2026-Q2,5794933,6992201362.02,123252,2342,1206.606075,1900.17201,52.62681,47.01695,56730.93631,2474.35226,8104,5866522,7109814908.96,117991,2277,-0.0122,-0.0165424,0.04459,0.02855,0.14988,4.0,0.22085,0.050073637702503684,0.9970544918998527,0.9970544918998527,0.01914580265095729,51.737849779086886,51.58321060382916,37.37849779086892,0.5758468335787923,DEVELOP,289,298,547
assam,south salmara mankachar,assam|south salmara mankachar,2026,2,8105,2026-Q2,8651577,8613738828.4,164915,12553,995.626442,7611.80002,13.1375,52.46083,52231.384825,689.20394,8104,8061762,9740504165.2,169564,9522,0.07316,-0.1156783,-0.02742,0.31832,0.27205,4.0,0.4551,0.6509572901325479,0.5169366715758469,0.28424153166421207,0.053019145802650956,40.61855670103093,37.62886597938145,37.31222385861561,0.27393225331369664,MONITOR,494,552,548
karnataka,ballari,karnataka|ballari,2026,2,8105,2026-Q2,82212932,96997196357.15,945047,66038,1179.828939,6987.80061,14.31065,86.99348,102637.431109,1244.9337,8104,77575985,92896956866.43,921752,64361,0.05977,0.0441375,0.02527,0.02606,0.19676,4.0,0.1641675,0.18851251840942562,0.8438880706921944,0.38144329896907214,0.6494845360824743,49.27835051546392,51.58321060382916,37.12812960235641,0.49779086892488955,MONITOR,342,298,549
tamil nadu,vellore,tamil nadu|vellore,2026,2,8105,2026-Q2,24701946,32870885574.67,821262,53046,1330.700244,6459.0837,15.48207,30.07803,40024.846608,465.67029,8104,24063902,32086892437.94,808520,52052,0.02651,0.0244334,0.01576,0.0191,0.18639,4.0,0.1730675,0.13549337260677466,0.25184094256259204,0.49779086892488955,0.5714285714285714,34.23416789396171,36.41384388807069,37.12812960235641,0.14138438880706922,MONITOR,584,572,549
jammu & kashmir,kathua,jammu & kashmir|kathua,2026,2,8105,2026-Q2,7370927,8571671135.9,260377,11396,1162.902731,4376.73066,22.8481,28.30867,32920.231572,646.79949,8104,6581104,7891665413.05,249489,11224,0.12001,0.0861676,0.04364,0.01532,0.17264,4.0,0.19949,0.08689248895434462,0.45949926362297494,0.8615611192930781,0.13991163475699558,38.43151693667158,38.696612665684825,37.1281296023564,0.21502209131075112,MONITOR,534,539,551
punjab,moga,punjab|moga,2026,2,8105,2026-Q2,4231131,7249244137.98,319177,28657,1713.311202,8978.40383,11.13784,13.25638,22712.301131,147.64738,8104,3805675,6861299983.47,305561,28390,0.1118,0.0565409,0.04456,0.0094,0.28363,4.0,0.2423725,0.7142857142857143,0.0029455081001472753,0.10309278350515463,0.1958762886597938,27.997054491899853,25.40500736377025,37.07658321060383,0.055964653902798235,MONITOR,642,656,552
rajasthan,ajmer,rajasthan|ajmer,2026,2,8105,2026-Q2,100906421,134326654053.75,1477232,119199,1331.200262,8069.07784,12.39299,68.30777,90931.318881,846.53748,8104,95749759,131281386702.24,1446901,117117,0.05386,0.0231965,0.02096,0.01778,0.20493,4.0,0.221645,0.2341678939617084,0.6656848306332842,0.1958762886597938,0.8232695139911634,45.029455081001466,47.974963181148745,36.8041237113402,0.3858615611192931,DEFEND,418,361,553
rajasthan,sirohi,rajasthan|sirohi,2026,2,8105,2026-Q2,22510550,27500415013.85,498425,27214,1221.667841,5459.999,18.31502,45.16336,55174.630113,827.168,8104,21105602,26348281652.84,483509,26994,0.06657,0.0437271,0.03085,0.00815,0.16963,4.0,0.19873,0.08100147275405008,0.6435935198821797,0.7187039764359352,0.33578792341678937,43.20324005891016,44.477172312223864,36.78939617083947,0.33136966126656847,MONITOR,455,425,554
rajasthan,bharatpur,rajasthan|bharatpur,2026,2,8105,2026-Q2,39793494,43444134522.54,709955,47304,1091.739633,6662.95751,15.00835,56.05073,61192.80028,841.22894,8104,37211938,41247524702.35,693170,45935,0.06937,0.0532543,0.02421,0.0298,0.19962,4.0,0.208095,0.20471281296023564,0.658321060382916,0.45508100147275404,0.5051546391752577,44.079528718703976,45.58173784977909,36.74521354933726,0.35640648011782033,MONITOR,438,404,555
haryana,ambala,haryana|ambala,2026,2,8105,2026-Q2,15032050,18877018868.79,650109,50067,1255.784731,7701.32393,12.98478,23.12235,29036.69826,300.23868,8104,13592233,17568671769.09,633888,49552,0.10593,0.0744705,0.02559,0.01039,0.23447,4.0,0.224385,0.406480117820324,0.0898379970544919,0.26362297496318116,0.4491899852724595,30.014727540500736,30.228276877761413,36.715758468335785,0.07069219440353461,MONITOR,632,625,556
chhattisgarh,gaurela pendra marwahi,chhattisgarh|gaurela pendra marwahi,2026,2,8105,2026-Q2,5647656,5663085403.84,148923,7494,1002.732001,5032.1307,19.8723,37.92333,38026.936093,753.6237,8104,5327926,5563279375.78,144707,7237,0.06001,0.0179401,0.02913,0.03551,0.19983,4.0,0.2140225,0.20913107511045656,0.5802650957290133,0.7820324005891016,0.03829160530191458,41.09720176730486,40.24300441826216,36.69366715758468,0.2812960235640648,MONITOR,489,513,557
madhya pradesh,khargone,madhya pradesh|khargone,2026,2,8105,2026-Q2,42775875,54891736926.44,795653,64277,1283.24054,8078.52167,12.3785,53.76197,68989.543088,665.49271,8104,42548224,55279819480.4,778567,62634,0.00535,-0.0070203,0.02195,0.02623,0.23384,4.0,0.267,0.3961708394698085,0.48600883652430044,0.19293078055964655,0.5567010309278351,39.99263622974963,40.79528718703976,36.51693667157584,0.25773195876288657,MONITOR,505,506,558
odisha,jagatsinghpur,odisha|jagatsinghpur,2026,2,8105,2026-Q2,45300125,46474285160.43,606478,38761,1025.919579,6391.16341,15.6466,74.69376,76629.795574,1168.70372,8104,43317597,45033714967.87,591793,37421,0.04577,0.0319887,0.02481,0.03581,0.19918,4.0,0.252385,0.20176730486008837,0.8159057437407953,0.5110456553755522,0.41973490427098675,47.62150220913107,48.71134020618557,36.45066273932253,0.46097201767304863,MONITOR,367,335,559
tamil nadu,nagapattinam,tamil nadu|nagapattinam,2026,2,8105,2026-Q2,3810707,4957462418.54,207623,16320,1300.929832,7860.40082,12.722,18.35397,23877.231417,233.4992,8104,3132637,4506800662.83,205549,16038,0.21645,0.0999959,0.01009,0.01758,0.27334,4.0,0.2165475,0.6568483063328424,0.033873343151693665,0.22974963181148747,0.08394698085419734,27.97496318114875,25.110456553755522,36.41384388807069,0.054491899852724596,MONITOR,643,658,560
uttarakhand,uttarkashi,uttarakhand|uttarkashi,2026,2,8105,2026-Q2,2845784,4065076080.43,117001,4027,1428.455596,3441.85092,29.05413,24.32273,34743.943047,706.67594,8104,1883920,2319012011.13,124232,3961,0.51057,0.7529345,-0.05821,0.01666,0.16845,4.0,0.118155,0.07511045655375552,0.5331369661266568,0.9425625920471281,0.013254786450662739,39.41089837997055,39.10162002945508,36.32547864506627,0.24005891016200295,MONITOR,516,535,561
punjab,malerkotla,punjab|malerkotla,2026,2,8105,2026-Q2,2346114,3610297595.02,155514,11187,1538.841503,7193.56457,13.90131,15.08619,23215.257758,209.71789,8104,2165104,3526179472.58,148411,10945,0.0836,0.0238553,0.04786,0.02211,0.26051,4.0,0.23198,0.5714285714285714,0.025036818851251842,0.3490427098674521,0.044182621502209134,27.378497790868924,24.74226804123711,36.178203240058906,0.047128129602356406,MONITOR,648,659,562
rajasthan,karauli,rajasthan|karauli,2026,2,8105,2026-Q2,37506937,40783358261.72,605403,39758,1087.355074,6567.19574,15.2272,61.95367,67365.636215,943.38088,8104,35295359,38890753333.32,592515,38267,0.06266,0.0486647,0.02175,0.03896,0.20417,4.0,0.21068,0.22533136966126657,0.7187039764359352,0.47717231222385864,0.4182621502209131,45.02209131075111,45.98674521354934,36.17083946980854,0.38438880706921946,MONITOR,419,397,563
karnataka,davanagere,karnataka|davanagere,2026,2,8105,2026-Q2,76675463,95178342095.39,1037636,90750,1241.314214,8745.84151,11.43401,73.89437,91726.137196,844.90868,8104,71103862,89617152132.91,1021886,88934,0.07836,0.062055,0.01541,0.02042,0.22749,4.0,0.1886375,0.36082474226804123,0.6642120765832106,0.12960235640648013,0.6877761413843888,44.425625920471276,46.060382916053015,36.16347569955818,0.36671575846833576,MONITOR,431,396,564
tripura,dhalai,tripura|dhalai,2026,2,8105,2026-Q2,1672139,1870327805.61,115534,2940,1118.524121,2544.70545,39.29728,14.47313,16188.548874,568.75476,8104,1625826,1971168176.76,109826,2641,0.02849,-0.0511577,0.05197,0.11321,0.13535,4.0,0.22793,0.033873343151693665,0.3755522827687776,0.9808541973490427,0.010309278350515464,35.13254786450663,35.014727540500736,35.942562592047125,0.15758468335787923,MONITOR,573,590,565
tamil nadu,virudhunagar,tamil nadu|virudhunagar,2026,2,8105,2026-Q2,12061180,17085329184.64,685785,42923,1416.555361,6258.95871,15.9771,17.58741,24913.535853,280.99574,8104,11994657,16980493086.61,671576,42237,0.00555,0.0061739,0.02116,0.01624,0.18184,4.0,0.1798475,0.12223858615611193,0.07069219440353461,0.5390279823269514,0.48748159057437407,28.659793814432987,30.4860088365243,35.942562592047125,0.06332842415316642,MONITOR,637,623,565
himachal pradesh,bilaspur,himachal pradesh|bilaspur,2026,2,8105,2026-Q2,2815832,3264443076.95,162388,5355,1159.317416,3297.65746,30.32456,17.34015,20102.735898,525.83231,8104,2419113,2874994415.09,159306,5266,0.16399,0.1354607,0.01935,0.0169,0.14298,4.0,0.14628,0.035346097201767304,0.32106038291605304,0.9484536082474226,0.048600883652430045,33.77025036818851,33.83652430044183,35.824742268041234,0.13107511045655376,MONITOR,591,599,567
chhattisgarh,bijapur,chhattisgarh|bijapur,2026,2,8105,2026-Q2,4987418,6665544813.19,106685,1244,1336.472061,1166.04959,85.75965,46.74901,62478.74409,4009.17846,8104,4912689,6720878138.63,102495,1240,0.01521,-0.008233,0.04088,0.00323,0.12046,4.0,0.20356,0.016200294550810016,0.9985272459499264,0.9985272459499264,0.005891016200294551,50.53019145802651,50.47864506627393,35.74374079528718,0.5301914580265096,DEVELOP,320,313,568
rajasthan,churu,rajasthan|churu,2026,2,8105,2026-Q2,45422509,72029958788.81,1087096,70025,1585.776752,6441.47343,15.5244,41.78335,66259.059723,648.66132,8104,42729240,69878500681.46,1055913,68591,0.06303,0.0307886,0.02953,0.02091,0.11711,4.0,0.1441775,0.013254786450662739,0.46097201767304863,0.5007363770250368,0.7054491899852725,38.549337260677476,42.01030927835052,35.69219440353461,0.21796759941089838,MONITOR,532,483,569
delhi,west,delhi|west,2026,2,8105,2026-Q2,103992037,114916053001.72,2163729,177715,1105.046659,8213.36683,12.17528,48.06149,53110.187552,585.16184,8104,96046730,113430909492.51,2104731,175404,0.08272,0.0130929,0.02803,0.01318,0.191,4.0,0.1952225,0.16200294550810015,0.39322533136966126,0.18114874815905743,0.914580265095729,37.511045655375554,41.273932253313696,35.684830633284236,0.19293078055964655,DEFEND,548,500,570
odisha,gajapati,odisha|gajapati,2026,2,8105,2026-Q2,12441460,15897102480.76,230741,12440,1277.752167,5391.32621,18.54831,53.91959,68895.872345,1000.11736,8104,12062487,15803445720.78,228135,12072,0.03142,0.0059264,0.01142,0.03048,0.19569,4.0,0.2226925,0.18262150220913106,0.7511045655375552,0.7319587628865979,0.10603829160530191,44.675994108983794,44.29307805596465,35.57437407952872,0.374079528718704,MONITOR,426,428,571
tripura,sepahijala,tripura|sepahijala,2026,2,8105,2026-Q2,1664679,2234983399.74,121938,5579,1342.591214,4575.27596,21.85661,13.65185,18328.850725,298.38304,8104,1574390,2238394824.41,117037,5309,0.05735,-0.001524,0.04188,0.05086,0.18837,4.0,0.2380925,0.14432989690721648,0.08689248895434462,0.8379970544918999,0.017673048600883652,27.80559646539028,27.172312223858615,35.544918998527244,0.053019145802650956,MONITOR,644,646,572
uttar pradesh,muzaffarnagar,uttar pradesh|muzaffarnagar,2026,2,8105,2026-Q2,55654222,65203363585.85,1259729,134717,1171.579823,10694.12548,9.35093,44.17952,51759.833731,413.11952,8104,50148692,63769349743.6,1253519,131840,0.10978,0.0224875,0.00495,0.02182,0.2316,4.0,0.26741,0.3858615611192931,0.20471281296023564,0.022091310751104567,0.7702503681885126,32.65095729013255,34.57290132547865,35.4639175257732,0.10898379970544919,DEFEND,606,592,573
tamil nadu,tirupathur,tamil nadu|tirupathur,2026,2,8105,2026-Q2,20400757,27929576456.68,611315,41786,1369.046083,6835.42854,14.62966,33.37192,45687.700215,488.21991,8104,19588979,27173333341.57,604178,41222,0.04144,0.0278303,0.01181,0.01368,0.20832,4.0,0.1823675,0.2547864506627393,0.27245949926362295,0.41531664212076586,0.42415316642120765,33.32106038291606,34.167893961708394,35.33136966126657,0.12076583210603829,MONITOR,598,596,574
karnataka,vijayanagara,karnataka|vijayanagara,2026,2,8105,2026-Q2,55201325,67123438641.2,697767,47237,1215.975135,6769.73832,14.77162,79.1114,96197.496645,1168.60353,8104,50625148,61579187252.21,680812,45911,0.09039,0.0900345,0.0249,0.02888,0.19886,4.0,0.1700325,0.20029455081001474,0.8144329896907216,0.4256259204712813,0.4963181148748159,46.93667157584683,48.41678939617084,35.316642120765835,0.4418262150220913,MONITOR,380,343,575
madhya pradesh,bhopal,madhya pradesh|bhopal,2026,2,8105,2026-Q2,230703048,219407172463.7,2930803,361968,951.037164,12350.47187,8.09686,78.71667,74862.477097,637.35758,8104,223735759,210604549838.97,2860563,358024,0.03114,0.0417969,0.02455,0.01102,0.21109,4.0,0.22929,0.2709867452135493,0.4491899852724595,0.0029455081001472753,0.9602356406480118,38.63770250368188,42.0839469808542,34.94845360824742,0.22385861561119294,DEFEND,528,482,576
haryana,faridabad,haryana|faridabad,2026,2,8105,2026-Q2,166618683,162810392921.07,2760927,296168,977.143679,10727.12172,9.32217,60.34882,58969.466748,562.58165,8104,153065849,156925622211.82,2682683,291865,0.08854,0.0375004,0.02917,0.01474,0.20915,4.0,0.2307675,0.2606774668630339,0.36229749631811486,0.020618556701030927,0.9513991163475699,36.421207658321066,39.874815905743745,34.93372606774668,0.17525773195876287,DEFEND,561,522,577
jammu & kashmir,doda,jammu & kashmir|doda,2026,2,8105,2026-Q2,4015464,3962662600.46,147939,4394,986.850486,2970.1431,33.66841,27.1427,26785.787388,913.85162,8104,3291350,3356048089.88,141785,4168,0.22001,0.1807526,0.0434,0.05422,0.08222,4.0,0.130855,0.004418262150220913,0.6995581737849779,0.9631811487481591,0.035346097201767304,42.40795287187039,42.56259204712813,34.77172312223858,0.31075110456553756,MONITOR,469,470,578
uttar pradesh,lalitpur,uttar pradesh|lalitpur,2026,2,8105,2026-Q2,19053993,19822244921.31,501972,47339,1040.319734,9430.60569,10.60377,37.95828,39488.746227,402.50096,8104,18283563,18617412477.33,489051,46614,0.04214,0.0647154,0.02642,0.01555,0.26431,4.0,0.26871,0.6038291605301914,0.19145802650957292,0.060382916053019146,0.3402061855670103,31.21502209131075,29.896907216494846,34.77172312223858,0.08247422680412371,MONITOR,624,628,578
jharkhand,koderma,jharkhand|koderma,2026,2,8105,2026-Q2,25431588,33417544025.84,370924,22537,1314.017199,6075.90773,16.45845,68.5628,90092.698304,1128.43715,8104,23450344,31717391452.9,361578,22062,0.08449,0.0536032,0.02585,0.02153,0.20051,4.0,0.24269,0.21354933726067746,0.7982326951399117,0.5802650957290133,0.23122238586156113,45.49337260677467,45.58173784977909,34.63181148748159,0.39911634756995584,MONITOR,409,404,580
madhya pradesh,damoh,madhya pradesh|damoh,2026,2,8105,2026-Q2,17914198,23472496352.94,495257,36577,1310.273357,7385.45846,13.54012,36.17152,47394.57767,489.76674,8104,16878778,20857883013.19,485623,35698,0.06134,0.1253537,0.01984,0.02462,0.23,4.0,0.2375625,0.37702503681885124,0.27835051546391754,0.3181148748159057,0.33431516936671574,32.90868924889543,32.695139911634755,34.57290132547865,0.11045655375552282,MONITOR,605,607,581
madhya pradesh,barwani,madhya pradesh|barwani,2026,2,8105,2026-Q2,23886109,28325317817.92,514005,35210,1185.848973,6850.12792,14.59827,46.47058,55107.086153,678.38992,8104,23952797,29064407705.23,505373,34109,-0.00278,-0.0254294,0.01708,0.03228,0.21443,4.0,0.2586175,0.2857142857142857,0.5066273932253313,0.41384388807069217,0.34609720176730485,38.50515463917525,38.80706921944035,34.565537555228275,0.21649484536082475,MONITOR,533,536,582
uttar pradesh,mahoba,uttar pradesh|mahoba,2026,2,8105,2026-Q2,13412438,13862444130.06,346353,31845,1033.551404,9194.37684,10.87621,38.72476,40024.033659,421.17877,8104,12523124,12982306425.75,333137,31537,0.07101,0.0677952,0.03967,0.00977,0.27388,4.0,0.31014,0.6597938144329897,0.2106038291605302,0.08100147275405008,0.21207658321060383,31.325478645066273,29.086892488954348,34.52871870397644,0.08541973490427099,MONITOR,622,634,583
madhya pradesh,dindori,madhya pradesh|dindori,2026,2,8105,2026-Q2,8377423,9165872258.59,263383,13611,1094.115966,5167.7595,19.35075,31.807,34800.546195,615.48916,8104,7864537,8729899851.82,259421,13194,0.06522,0.0499401,0.01527,0.03161,0.17541,4.0,0.1960825,0.09867452135493372,0.4270986745213549,0.7643593519882179,0.14285714285714285,35.60382916053019,35.824742268041234,34.27098674521354,0.16200294550810015,MONITOR,570,577,584
uttarakhand,almora,uttarakhand|almora,2026,2,8105,2026-Q2,4086066,4802358324.47,180992,6989,1175.301213,3861.49664,25.89669,22.57595,26533.539187,584.64244,8104,3120835,3798879769.55,177233,6899,0.30929,0.2641512,0.02121,0.01305,0.09031,4.0,0.130295,0.005891016200294551,0.3917525773195876,0.9204712812960235,0.06921944035346098,34.36671575846834,34.683357879234165,34.18262150220912,0.14285714285714285,MONITOR,582,591,585
odisha,balasore,odisha|balasore,2026,2,8105,2026-Q2,70787250,87477581509.19,1217410,98662,1235.781606,8104.25411,12.3392,58.14578,71855.481316,717.47228,8104,69712096,88751598894.44,1191279,96267,0.01542,-0.0143549,0.02194,0.02488,0.20243,4.0,0.2597625,0.21944035346097202,0.5537555228276878,0.18851251840942562,0.7511045655375552,40.1620029455081,42.82032400589102,34.15316642120766,0.2621502209131075,DEFEND,502,467,586
delhi,north west,delhi|north west,2026,2,8105,2026-Q2,99528310,111673913587.19,2150430,178617,1122.031647,8306.10622,12.03934,46.28298,51930.968963,557.21633,8104,91357803,108030421944.07,2093832,176114,0.08943,0.0337265,0.02703,0.01421,0.18249,4.0,0.200865,0.12371134020618557,0.3593519882179676,0.17378497790868924,0.9101620029455081,35.24300441826215,39.175257731958766,33.78497790868925,0.16053019145802652,DEFEND,571,533,587
karnataka,gadag,karnataka|gadag,2026,2,8105,2026-Q2,33600829,39897315937.86,513867,29558,1187.390821,5752.07203,17.38504,65.38818,77641.327304,1136.77614,8104,30281882,35920820219.57,501867,28315,0.1096,0.1107017,0.02391,0.0439,0.15388,4.0,0.1383925,0.053019145802650956,0.8041237113402062,0.658321060382916,0.3446244477172312,45.0441826215022,46.50220913107511,33.777614138438885,0.3873343151693667,MONITOR,417,387,588
delhi,shahdara,delhi|shahdara,2026,2,8105,2026-Q2,62806814,73821224935.52,1370880,123302,1175.369681,8994.36858,11.11807,45.81496,53849.516322,509.37385,8104,57986138,74704904154.11,1331613,120947,0.08313,-0.0118289,0.02949,0.01947,0.20882,4.0,0.2300125,0.25773195876288657,0.30338733431516934,0.10014727540500737,0.7967599410898379,33.75552282768777,36.45066273932253,33.733431516936676,0.12812960235640647,DEFEND,593,571,589
madhya pradesh,tikamgarh,madhya pradesh|tikamgarh,2026,2,8105,2026-Q2,16488594,17629384717.41,418578,29026,1069.186658,6934.43038,14.4208,39.39193,42117.322739,568.06291,8104,16095569,16351064031.37,406606,28207,0.02442,0.0781797,0.02944,0.02904,0.22222,4.0,0.271645,0.3328424153166421,0.374079528718704,0.3917525773195876,0.2650957290132548,34.43298969072165,34.094256259204705,33.652430044182616,0.14580265095729014,MONITOR,581,597,590
jammu & kashmir,ramban,jammu & kashmir|ramban,2026,2,8105,2026-Q2,3744394,3866453700.83,110548,3597,1032.597985,3253.79021,30.73339,33.87121,34975.338322,1040.97693,8104,2995338,3130883211.77,102703,3405,0.25007,0.2349403,0.07639,0.05639,0.08123,4.0,0.1358375,0.0029455081001472753,0.7614138438880707,0.9513991163475699,0.008836524300441826,43.08541973490427,43.11487481590574,33.63770250368188,0.3284241531664212,MONITOR,457,461,591
madhya pradesh,betul,madhya pradesh|betul,2026,2,8105,2026-Q2,31998217,38090711001.33,729487,52533,1190.401046,7201.36205,13.88626,43.864,52215.750248,609.10698,8104,30145865,36539278670.09,718308,51808,0.06145,0.0424593,0.01556,0.01399,0.19976,4.0,0.22347,0.20618556701030927,0.422680412371134,0.3475699558173785,0.524300441826215,35.92783505154639,37.51840942562592,33.519882179675996,0.16789396170839468,MONITOR,566,553,592
haryana,bhiwani,haryana|bhiwani,2026,2,8105,2026-Q2,22148120,38600171112.52,635555,39027,1742.819305,6140.61726,16.28501,34.84847,60734.588057,567.50762,8104,20026687,35273420810.83,620205,38078,0.10593,0.0943132,0.02475,0.02492,0.16451,4.0,0.193185,0.06774668630338733,0.3696612665684831,0.5625920471281296,0.44035346097201766,34.14580265095729,36.00883652430044,33.40942562592047,0.13843888070692195,MONITOR,586,575,593
manipur,thoubal,manipur|thoubal,2026,2,8105,2026-Q2,1132307,1671648789.32,121356,4424,1476.321165,3645.47282,27.43128,9.33046,13774.751881,255.94643,8104,1125399,1756034316.22,116625,4235,0.00614,-0.0480546,0.04057,0.04463,0.10266,4.0,0.3871875,0.008836524300441826,0.048600883652430045,0.9322533136966127,0.016200294550810016,25.110456553755522,25.147275405007363,33.38733431516936,0.030927835051546393,MONITOR,659,657,594
jharkhand,hazaribag,jharkhand|hazaribag,2026,2,8105,2026-Q2,65325880,81131102750.5,1040823,81718,1241.944276,7851.28691,12.73677,62.76368,77948.991087,799.40625,8104,61667425,78820246849.76,1007599,79940,0.05933,0.029318,0.03297,0.02224,0.19797,4.0,0.23249,0.1958762886597938,0.6215022091310751,0.23269513991163476,0.6892488954344624,41.01620029455081,43.48306332842415,33.210603829160526,0.27982326951399117,MONITOR,490,450,595
jammu & kashmir,budgam,jammu & kashmir|budgam,2026,2,8105,2026-Q2,8763825,9741535081.66,295344,15558,1111.562027,5267.75557,18.98342,29.67328,32983.690482,563.30023,8104,6730924,7749321688.02,282533,15229,0.30202,0.2570823,0.04534,0.0216,0.15705,4.0,0.23541,0.060382916053019146,0.3637702503681885,0.7525773195876289,0.17673048600883653,33.254786450662735,33.83652430044183,33.17378497790869,0.11929307805596466,MONITOR,599,599,596
himachal pradesh,chamba,himachal pradesh|chamba,2026,2,8105,2026-Q2,2978163,3537320851.62,182594,7476,1187.752602,4094.3295,24.42402,16.3103,19372.601792,398.36316,8104,2492933,3002695134.35,178960,7087,0.19464,0.1780486,0.02031,0.05489,-0.0262,2.0,0.0110275,0.0,0.18262150220913106,0.8969072164948454,0.07069219440353461,28.4020618556701,28.755522827687773,33.15905743740795,0.060382916053019146,MONITOR,639,637,597
rajasthan,sikar,rajasthan|sikar,2026,2,8105,2026-Q2,100642547,148112890520.68,1831450,140979,1471.672716,7697.67124,12.99094,54.95239,80871.9269,713.88325,8104,96400715,146956818370.65,1787384,137776,0.044,0.0078667,0.02465,0.02325,0.14537,4.0,0.1575,0.042709867452135494,0.5508100147275405,0.2650957290132548,0.8865979381443299,39.41089837997055,43.630338733431515,33.15169366715758,0.24005891016200295,DEFEND,516,446,598
jammu & kashmir,samba,jammu & kashmir|samba,2026,2,8105,2026-Q2,7902714,8947697648.57,226948,13915,1132.230984,6131.36049,16.30959,34.82169,39426.201811,567.9277,8104,7136387,8274371969.71,219448,13663,0.10738,0.0813748,0.03418,0.01844,0.2104,4.0,0.218715,0.2695139911634757,0.37260677466863035,0.5655375552282769,0.09720176730486009,33.48306332842415,32.62150220913107,33.004418262150224,0.1251840942562592,MONITOR,595,608,599
kerala,pathanamthitta,kerala|pathanamthitta,2026,2,8105,2026-Q2,7174677,8833964909.93,487491,31349,1231.27005,6430.68282,15.55045,14.71756,18121.288208,228.86462,8104,7524137,9395167571.35,473710,30807,-0.04645,-0.0597331,0.02909,0.01759,0.19494,4.0,0.20155,0.1796759941089838,0.030927835051546393,0.5036818851251841,0.3269513991163476,25.294550810014726,26.03092783505155,32.98969072164948,0.03240058910162003,MONITOR,658,652,600
jammu & kashmir,udhampur,jammu & kashmir|udhampur,2026,2,8105,2026-Q2,7647998,8969644368.19,229751,10873,1172.809455,4732.51477,21.13041,33.2882,39040.719597,703.39354,8104,6899547,8183968615.13,220581,10634,0.10848,0.0960018,0.04157,0.02248,0.14455,4.0,0.1663625,0.039764359351988215,0.5316642120765832,0.8232695139911634,0.101620029455081,37.09867452135493,37.4079528718704,32.94550810014727,0.18409425625920472,MONITOR,555,555,601
meghalaya,west garo hills,meghalaya|west garo hills,2026,2,8105,2026-Q2,6421154,6234955223.04,198200,8710,971.002288,4394.55096,22.75545,32.39735,31457.89719,737.2163,8104,5391030,5579895267.4,191115,6053,0.19108,0.1173965,0.03707,0.43896,0.12692,4.0,0.373255,0.020618556701030927,0.5670103092783505,0.8586156111929307,0.08100147275405008,37.87923416789396,38.18114874815905,32.90132547864506,0.20618556701030927,MONITOR,540,545,602
jharkhand,dhanbad,jharkhand|dhanbad,2026,2,8105,2026-Q2,74512731,78547803179.2,1460404,160903,1054.152789,11017.70469,9.0763,51.022,53784.982224,463.091,8104,71998005,77088143873.36,1428465,158784,0.03493,0.0189349,0.02236,0.01335,0.21673,4.0,0.26674,0.2974963181148748,0.24742268041237114,0.014727540500736377,0.8173784977908689,31.826215022091308,34.42562592047128,32.84977908689249,0.09425625920471281,DEFEND,616,593,603
rajasthan,kota,rajasthan|kota,2026,2,8105,2026-Q2,99833807,111070080610.93,1566004,175128,1112.549786,11183.1132,8.94205,63.75067,70925.796237,570.06194,8104,96852694,103981181927.5,1536548,171334,0.03078,0.0681748,0.01917,0.02214,0.21319,4.0,0.20362,0.27982326951399117,0.3799705449189985,0.011782032400589101,0.8468335787923417,35.125184094256255,37.96023564064801,32.77614138438881,0.1561119293078056,DEFEND,574,547,604
punjab,pathankot,punjab|pathankot,2026,2,8105,2026-Q2,8677466,12046029239.29,332301,25573,1388.196651,7695.73369,12.99421,26.11327,36250.355068,339.32139,8104,7774670,11095945447.27,321359,25464,0.11612,0.0856244,0.03405,0.00428,0.24239,4.0,0.2254475,0.4565537555228277,0.11634756995581738,0.26804123711340205,0.20471281296023564,27.40058910162003,26.141384388807065,32.76141384388807,0.048600883652430045,MONITOR,647,651,605
rajasthan,rajsamand,rajasthan|rajsamand,2026,2,8105,2026-Q2,26297004,33460299716.36,575113,35187,1272.399689,6118.27589,16.34447,45.72493,58180.391882,747.34999,8104,24562641,32325215871.29,557216,34377,0.07061,0.0351145,0.03212,0.02356,0.16575,4.0,0.1705275,0.07069219440353461,0.5758468335787923,0.5714285714285714,0.3946980854197349,38.69661266568483,40.31664212076583,32.695139911634755,0.22827687776141384,MONITOR,525,512,606
delhi,central,delhi|central,2026,2,8105,2026-Q2,138308624,149199859352.22,2295062,209427,1078.745888,9125.11296,10.95877,60.26357,65009.075725,660.41448,8104,130895006,151705184310.97,2250589,205859,0.05664,-0.0165144,0.01976,0.01733,0.19145,4.0,0.2054025,0.16494845360824742,0.4801178203240059,0.08394698085419734,0.9248895434462445,37.54786450662739,41.347569955817384,32.65832106038292,0.1958762886597938,DEFEND,547,498,607
haryana,charkhi dadri,haryana|charkhi dadri,2026,2,8105,2026-Q2,9464743,18057882059.22,261445,12773,1907.910448,4885.53998,20.46857,36.20166,69069.525366,740.99609,8104,8681381,16660516053.39,254870,12381,0.09023,0.0838729,0.0258,0.03166,0.11748,4.0,0.1722275,0.014727540500736377,0.5714285714285714,0.8085419734904271,0.14138438880706922,37.768777614138436,38.4020618556701,32.42268041237113,0.20176730486008837,MONITOR,543,544,608
madhya pradesh,sehore,madhya pradesh|sehore,2026,2,8105,2026-Q2,48550426,58028983695.68,747638,69616,1195.231195,9311.45822,10.73946,64.93841,77616.418234,697.40327,8104,46659516,51485170718.57,735102,68536,0.04053,0.1271009,0.01705,0.01576,0.23611,4.0,0.256825,0.4167893961708395,0.524300441826215,0.0662739322533137,0.5346097201767305,37.96023564064801,38.54933726067746,32.35640648011782,0.20765832106038293,MONITOR,538,542,609
madhya pradesh,satna,madhya pradesh|satna,2026,2,8105,2026-Q2,34648269,40031410277.22,704595,61414,1155.365374,8716.21286,11.47287,49.17473,56814.780515,564.17542,8104,32648067,38765898209.2,696681,60139,0.06127,0.032645,0.01136,0.0212,0.23027,4.0,0.2456175,0.3784977908689249,0.36524300441826213,0.1325478645066274,0.4992636229749632,33.78497790868925,34.38880706921944,32.26067746686304,0.1325478645066274,MONITOR,590,594,610
haryana,karnal,haryana|karnal,2026,2,8105,2026-Q2,25652429,36442489114.46,925983,74492,1420.625279,8044.64013,12.43064,27.70292,39355.462373,344.36488,8104,23222506,33359341071.96,898384,72666,0.10464,0.0924223,0.03072,0.02513,0.20471,4.0,0.2160375,0.22827687776141384,0.12223858615611193,0.20176730486008837,0.6391752577319587,27.7319587628866,29.786450662739323,32.17231222385861,0.05154639175257732,MONITOR,645,631,611
chhattisgarh,durg,chhattisgarh|durg,2026,2,8105,2026-Q2,64109778,65448051084.09,1150479,103081,1020.874711,8959.83325,11.16092,55.72442,56887.653824,621.93593,8104,62241333,64116691039.41,1123679,101926,0.03002,0.0207646,0.02385,0.01133,0.20751,4.0,0.215725,0.24889543446244478,0.4329896907216495,0.10456553755522828,0.7363770250368189,35.63328424153166,38.070692194403534,32.025036818851255,0.1634756995581738,MONITOR,569,546,612
tamil nadu,theni,tamil nadu|theni,2026,2,8105,2026-Q2,12345455,20261714202.71,516798,39823,1641.228631,7705.71868,12.97737,23.88836,39206.25506,310.00816,8104,11637728,19673587090.99,511199,38879,0.06081,0.0298942,0.01095,0.02428,0.22626,4.0,0.1976225,0.35198821796759944,0.09572901325478646,0.2621502209131075,0.3475699558173785,26.458026509572907,26.4359351988218,31.9440353460972,0.041237113402061855,MONITOR,652,649,613
assam,dima hasao,assam|dima hasao,2026,2,8105,2026-Q2,3604607,3168468881.19,102858,4743,879.005362,4611.21157,21.68627,35.0445,30804.301865,759.98461,8104,3372026,3249903048.34,97293,4273,0.06897,-0.0250574,0.0572,0.10999,0.156,4.0,0.3923925,0.05743740795287187,0.5861561119293078,0.8365243004418262,0.0029455081001472753,37.349042709867454,37.07658321060383,31.649484536082472,0.18851251840942562,MONITOR,552,561,614
delhi,south west,delhi|south west,2026,2,8105,2026-Q2,152799651,150937833857.5,2807436,254998,987.815305,9082.94971,11.00964,54.42676,53763.588505,599.21902,8104,141272014,145566748436.42,2729898,251087,0.0816,0.0368977,0.0284,0.01558,0.18006,4.0,0.1954725,0.11782032400589101,0.41237113402061853,0.08689248895434462,0.9543446244477173,35.103092783505154,39.28571428571429,31.61266568483063,0.15463917525773196,DEFEND,575,528,615
rajasthan,deedwana kuchaman,rajasthan|deedwana kuchaman,2026,2,8105,2026-Q2,42871872,65799407653.12,871497,60541,1534.792035,6946.78238,14.39515,49.19337,75501.588248,708.14608,8104,39721184,64115931324.0,848445,59601,0.07932,0.0262568,0.02717,0.01577,0.16433,4.0,0.163325,0.0662739322533137,0.5360824742268041,0.38880706921944036,0.6126656848306333,37.36377025036819,40.09572901325479,31.57584683357879,0.18998527245949925,MONITOR,551,516,616
rajasthan,kotputli behror,rajasthan|kotputli behror,2026,2,8105,2026-Q2,54444801,73205317652.99,851871,57663,1344.578661,6768.98263,14.77327,63.91203,85934.745581,944.18953,8104,50790989,71114702325.04,830536,56425,0.07194,0.0293978,0.02569,0.02194,0.14409,4.0,0.149215,0.03829160530191458,0.7201767304860088,0.4270986745213549,0.5964653902798233,41.759941089838,44.55081001472754,31.391752577319586,0.2916053019145803,MONITOR,482,423,617
madhya pradesh,singrauli,madhya pradesh|singrauli,2026,2,8105,2026-Q2,38472012,40003109141.88,598461,41104,1039.797688,6868.28381,14.55968,64.28491,66843.301639,935.96759,8104,36584338,38953848196.0,583269,40198,0.0516,0.026936,0.02605,0.02254,0.19335,4.0,0.215955,0.17083946980854198,0.711340206185567,0.4050073637702504,0.41237113402061853,41.28129602356407,42.48895434462444,31.318114874815905,0.28718703976435933,MONITOR,485,473,618
jharkhand,bokaro,jharkhand|bokaro,2026,2,8105,2026-Q2,62276101,60075360583.97,1045849,92190,964.661557,8814.84803,11.3445,59.54598,57441.715376,675.51905,8104,60154883,59010941102.26,1019738,89695,0.03526,0.0180377,0.02561,0.02782,0.20614,4.0,0.2498925,0.23711340206185566,0.4992636229749632,0.12076583210603829,0.6907216494845361,36.42857142857143,38.69661266568483,30.97938144329897,0.17673048600883653,MONITOR,560,538,619
madhya pradesh,sheopur,madhya pradesh|sheopur,2026,2,8105,2026-Q2,11694412,14090280943.76,266068,23293,1204.872972,8754.52892,11.42266,43.95272,52957.442999,502.05693,8104,11054393,12761046099.94,260498,22895,0.0579,0.1041635,0.02138,0.01738,0.26022,4.0,0.30748,0.5670103092783505,0.2960235640648012,0.12665684830633284,0.14727540500736377,30.52282768777614,28.424153166421206,30.79528718703976,0.07658321060382917,MONITOR,627,638,620
delhi,south east,delhi|south east,2026,2,8105,2026-Q2,161160262,139043986333.56,2525338,284668,862.768431,11272.47125,8.87117,63.8173,55059.554932,566.1341,8104,150544736,136773845990.59,2452239,279704,0.07051,0.0165978,0.02981,0.01775,0.1939,4.0,0.2049175,0.17673048600883653,0.36818851251840945,0.008836524300441826,0.93519882179676,33.43151693667158,37.22385861561119,30.758468335787924,0.12371134020618557,DEFEND,596,557,621
punjab,fazilka,punjab|fazilka,2026,2,8105,2026-Q2,8765617,13018405562.99,502467,38594,1485.167052,7680.90243,13.0193,17.44516,25908.976237,227.12383,8104,8257095,12998422096.44,486126,37966,0.06159,0.0015374,0.03361,0.01654,0.21893,4.0,0.1826325,0.30927835051546393,0.029455081001472753,0.27245949926362295,0.34167893961708395,23.65979381443299,23.82179675994109,30.44918998527246,0.027982326951399118,MONITOR,661,662,622
gujarat,junagadh,gujarat|junagadh,2026,2,8105,2026-Q2,5426332,8547632836.19,447860,34942,1575.213761,7801.99169,12.81724,12.11613,19085.5018,155.2954,8104,5096682,8315710897.65,440761,34333,0.06468,0.0278896,0.01611,0.01774,0.22767,4.0,0.20835,0.3637702503681885,0.005891016200294551,0.24153166421207659,0.2974963181148748,23.04860088365243,22.71723122238586,30.441826215022093,0.020618556701030927,MONITOR,666,668,623
madhya pradesh,narsinghpur,madhya pradesh|narsinghpur,2026,2,8105,2026-Q2,25072717,29892639621.33,559578,46725,1192.237747,8350.04235,11.97599,44.80647,53419.969372,536.60175,8104,23963962,29412195841.89,549234,45528,0.04627,0.0163348,0.01883,0.02629,0.2294,4.0,0.2416125,0.3711340206185567,0.33578792341678937,0.16789396170839468,0.38880706921944036,31.50220913107511,31.590574374079527,30.44182621502209,0.08689248895434462,MONITOR,620,615,624
haryana,mahendragarh,haryana|mahendragarh,2026,2,8105,2026-Q2,26422660,40129490210.95,549446,33554,1518.752851,6106.87856,16.37498,48.08964,73036.276924,787.46677,8104,24495018,38861295520.97,538615,32636,0.0787,0.0326339,0.02011,0.02813,0.12799,4.0,0.1716125,0.022091310751104567,0.6097201767304861,0.572901325478645,0.37702503681885124,37.76877761413844,39.543446244477174,30.36082474226804,0.203240058910162,MONITOR,542,526,625
madhya pradesh,neemuch,madhya pradesh|neemuch,2026,2,8105,2026-Q2,24175498,29806179223.69,487255,33488,1232.908593,6872.78735,14.55014,49.6157,61171.623121,721.91525,8104,23683786,28825485224.99,476078,33035,0.02076,0.0340218,0.02348,0.01371,0.19953,4.0,0.2516975,0.203240058910162,0.5596465390279823,0.4020618556701031,0.32547864506627394,36.649484536082475,37.26067746686303,30.338733431516935,0.17820324005891017,MONITOR,559,556,626
uttar pradesh,shamli,uttar pradesh|shamli,2026,2,8105,2026-Q2,27887933,32977626856.72,602945,68105,1182.505238,11295.39179,8.85317,46.25286,54694.253799,409.48437,8104,25442178,32152520383.53,591535,66437,0.09613,0.0256623,0.01929,0.02511,0.24847,4.0,0.2945875,0.4889543446244477,0.20176730486008837,0.007363770250368188,0.4167893961708395,28.232695139911634,27.871870397643594,30.23564064801178,0.05891016200294551,MONITOR,640,643,627
odisha,dhenkanal,odisha|dhenkanal,2026,2,8105,2026-Q2,38144409,41408351799.92,574091,44485,1085.568053,7748.77154,12.90527,66.44314,72128.5507,857.46676,8104,37047701,41659095036.17,558638,43350,0.0296,-0.0060189,0.02766,0.02618,0.21524,4.0,0.241045,0.28865979381443296,0.6701030927835051,0.25184094256259204,0.39322533136966126,39.57290132547865,40.09572901325478,30.191458026509572,0.24594992636229748,MONITOR,513,518,628
uttarakhand,pithoragarh,uttarakhand|pithoragarh,2026,2,8105,2026-Q2,3890802,4621153366.78,172416,8496,1187.712293,4927.61693,20.29379,22.56636,26802.346457,457.95692,8104,3203989,3858732590.41,168258,8167,0.21436,0.1975832,0.02471,0.04028,0.10767,4.0,0.156765,0.011782032400589101,0.23858615611192932,0.8041237113402062,0.060382916053019146,27.628865979381445,27.871870397643594,30.12518409425626,0.050073637702503684,MONITOR,646,643,629
west bengal,jhargram,west bengal|jhargram,2026,2,8105,2026-Q2,12585118,13246347493.36,364140,27224,1052.540587,7476.2454,13.3757,34.56121,36377.07336,462.28027,8104,12410902,14286444973.05,354194,26833,0.01404,-0.0728031,0.02808,0.01457,0.2254,4.0,0.3036825,0.3446244477172312,0.24594992636229748,0.30486008836524303,0.22385861561119294,28.586156111929306,27.982326951399116,30.05154639175258,0.061855670103092786,MONITOR,638,642,630
haryana,hisar,haryana|hisar,2026,2,8105,2026-Q2,36869760,63066914045.11,1127535,97843,1710.532264,8677.60203,11.52392,32.69944,55933.442461,376.82573,8104,33093725,57315913363.59,1101021,95444,0.1141,0.1003386,0.02408,0.02514,0.19422,4.0,0.20384,0.17820324005891017,0.1561119293078056,0.13549337260677466,0.7231222385861561,27.098674521354937,29.823269513991164,29.948453608247423,0.044182621502209134,MONITOR,650,630,631
rajasthan,khairthal tijara,rajasthan|khairthal tijara,2026,2,8105,2026-Q2,59369090,60462828818.37,940761,70316,1018.422698,7474.37447,13.37905,63.10752,64270.126864,844.31836,8104,55457014,58546018651.17,905934,68188,0.07054,0.0327402,0.03844,0.03121,0.16872,4.0,0.1906,0.07658321060382917,0.6627393225331369,0.30633284241531666,0.6450662739322534,39.42562592047128,42.26804123711341,29.911634756995586,0.24300441826215022,MONITOR,515,477,632
tripura,south tripura,tripura|south tripura,2026,2,8105,2026-Q2,1793135,2420384251.34,120944,6386,1349.805927,5280.12965,18.93893,14.82616,20012.437585,280.79158,8104,1781895,2581321324.77,116559,6009,0.00631,-0.0623468,0.03762,0.06274,0.16998,4.0,0.272075,0.08247422680412371,0.06921944035346098,0.748159057437408,0.014727540500736377,23.20324005891016,22.864506627393226,29.852724594992637,0.025036818851251842,MONITOR,663,667,633
madhya pradesh,shahdol,madhya pradesh|shahdol,2026,2,8105,2026-Q2,24446442,26094399831.85,493527,42096,1067.410948,8529.62452,11.72385,49.53415,52873.297371,580.73076,8104,23764583,26180066322.05,481773,41273,0.02869,-0.0032722,0.0244,0.01994,0.23396,4.0,0.234005,0.39911634756995584,0.38880706921944036,0.15463917525773196,0.33136966126656847,32.18703976435935,31.84830633284242,29.661266568483065,0.10309278350515463,MONITOR,610,613,634
rajasthan,alwar,rajasthan|alwar,2026,2,8105,2026-Q2,74083150,84832395788.11,1286894,100122,1145.09704,7780.12797,12.85326,57.56741,65920.266773,739.92879,8104,70178105,82110523983.48,1257597,97591,0.05564,0.0331489,0.0233,0.02593,0.1343,4.0,0.1450325,0.03240058910162003,0.5684830633284241,0.24447717231222385,0.7820324005891016,36.93667157584684,40.68483063328424,29.40353460972017,0.18114874815905743,DEFEND,557,507,635
rajasthan,bhilwara,rajasthan|bhilwara,2026,2,8105,2026-Q2,104898430,134223576735.12,1480816,129896,1279.557537,8771.92035,11.40001,70.83826,90641.630517,807.55705,8104,101669185,131026321332.66,1438409,127147,0.03176,0.0244016,0.02948,0.02162,0.17753,4.0,0.180795,0.10898379970544919,0.6332842415316642,0.12371134020618557,0.8247422680412371,38.68924889543446,42.2680412371134,29.307805596465386,0.2268041237113402,DEFEND,526,478,636
rajasthan,sri ganganagar,rajasthan|sri ganganagar,2026,2,8105,2026-Q2,61808283,83651200138.29,1227393,96171,1353.397896,7835.38769,12.76261,50.35737,68153.558101,642.69149,8104,58075429,78685352276.52,1202511,93901,0.06428,0.0631102,0.02069,0.02417,0.14938,4.0,0.15783,0.048600883652430045,0.4565537555228277,0.23711340206185566,0.7569955817378498,33.939617083946985,37.48159057437408,29.16789396170839,0.13696612665684832,DEFEND,587,554,637
haryana,kaithal,haryana|kaithal,2026,2,8105,2026-Q2,8615306,16614088136.39,492920,55360,1928.438541,11231.0314,8.9039,17.4781,33705.445379,155.6233,8104,7623071,14474990443.57,477398,54313,0.13016,0.1477789,0.03251,0.01928,0.25238,4.0,0.216905,0.5139911634756995,0.007363770250368188,0.010309278350515464,0.32989690721649484,22.459499263622973,21.539027982326946,29.16789396170839,0.017673048600883652,MONITOR,668,670,637
haryana,jind,haryana|jind,2026,2,8105,2026-Q2,13404299,26541342999.53,607617,52148,1980.061994,8582.38002,11.65178,22.06044,43681.040852,257.0434,8104,11732332,22842678801.33,587860,50926,0.14251,0.161919,0.03361,0.024,0.22165,4.0,0.204295,0.3284241531664212,0.050073637702503684,0.1487481590574374,0.4212076583210604,23.24742268041237,23.711340206185564,28.87334315169367,0.026509572901325478,MONITOR,662,663,639
delhi,south,delhi|south,2026,2,8105,2026-Q2,87191033,73434879528.87,1483295,132581,842.229723,8938.27593,11.18784,58.78199,49507.939775,657.6435,8104,80067909,71034192356.97,1444212,130803,0.08896,0.0337962,0.02706,0.01359,0.17733,4.0,0.1769625,0.10751104565537556,0.47569955817378495,0.10898379970544919,0.8262150220913107,34.36671575846834,37.96023564064801,28.77025036818851,0.14285714285714285,DEFEND,582,547,640
jammu & kashmir,ganderbal,jammu & kashmir|ganderbal,2026,2,8105,2026-Q2,3229873,3385426373.65,128599,7398,1048.160833,5752.76635,17.38294,25.11585,26325.448671,436.58732,8104,2302550,2363671720.11,109077,7223,0.40274,0.4322743,0.17897,0.02423,0.18466,4.0,0.188855,0.12960235640648013,0.22091310751104565,0.6553755522827688,0.023564064801178203,26.266568483063324,25.736377025036816,28.711340206185564,0.039764359351988215,MONITOR,653,654,641
rajasthan,jaipur,rajasthan|jaipur,2026,2,8105,2026-Q2,637259898,720658659256.98,7999367,813696,1130.870876,10172.00486,9.8309,79.66379,90089.460736,783.16705,8104,613042253,710313633560.95,7816580,796569,0.0395,0.014564,0.02338,0.0215,0.15913,4.0,0.1758875,0.06332842415316642,0.605301914580265,0.033873343151693665,0.9955817378497791,37.790868924889544,42.45213549337261,28.60824742268041,0.20471281296023564,DEFEND,541,474,642
rajasthan,jhunjhunu,rajasthan|jhunjhunu,2026,2,8105,2026-Q2,57588972,89410708729.11,1242437,97004,1552.566501,7807.55885,12.8081,46.35162,71963.977835,593.67626,8104,54670092,86680016106.15,1212949,95766,0.05339,0.0315031,0.02431,0.01293,0.12926,4.0,0.1234525,0.026509572901325478,0.4020618556701031,0.24005891016200295,0.7643593519882179,32.135493372606774,35.824742268041234,28.57142857142857,0.101620029455081,DEFEND,611,577,643
gujarat,gir somnath,gujarat|gir somnath,2026,2,8105,2026-Q2,7300379,11466839678.48,395797,29545,1570.718408,7464.68518,13.39641,18.44476,28971.517415,247.09355,8104,6862443,11072508852.28,391533,29213,0.06382,0.0356135,0.01089,0.01136,0.21505,4.0,0.2378,0.28718703976435933,0.042709867452135494,0.3078055964653903,0.24594992636229748,22.297496318114874,22.091310751104565,28.40942562592047,0.016200294550810016,MONITOR,669,669,644
haryana,yamunanagar,haryana|yamunanagar,2026,2,8105,2026-Q2,14090173,18267393422.92,626454,49238,1296.463388,7859.79497,12.72298,22.49195,29159.991672,286.16461,8104,12905112,17304440776.59,608695,48618,0.09183,0.0556477,0.02918,0.01275,0.20285,4.0,0.2021175,0.22385861561119294,0.07363770250368189,0.23122238586156113,0.43593519882179677,23.055964653902798,24.116347569955817,27.945508100147276,0.022091310751104567,MONITOR,665,661,645
rajasthan,beawar,rajasthan|beawar,2026,2,8105,2026-Q2,38786360,51444356727.34,618043,50260,1326.351757,8132.12026,12.29692,62.75673,83237.504069,771.71429,8104,35614010,48341622770.31,600682,49399,0.08908,0.0641835,0.0289,0.01743,0.20973,4.0,0.19505,0.26362297496318116,0.593519882179676,0.187039764359352,0.43004418262150224,36.023564064801185,36.855670103092784,27.84241531664212,0.16936671575846834,MONITOR,565,566,646
uttarakhand,nainital,uttarakhand|nainital,2026,2,8105,2026-Q2,21564039,23316227315.98,653240,54087,1081.255108,8279.80528,12.07758,33.0109,35693.202064,398.69172,8104,17976343,20044182223.06,641975,53436,0.19958,0.1632416,0.01755,0.01218,0.20681,4.0,0.1980975,0.24300441826215022,0.18556701030927836,0.17673048600883653,0.4565537555228277,25.47864506627393,26.54639175257732,27.31958762886598,0.033873343151693665,MONITOR,657,648,647
madhya pradesh,datia,madhya pradesh|datia,2026,2,8105,2026-Q2,15206962,18912163812.83,354340,26932,1243.651678,7600.60958,13.15684,42.9163,53372.929426,564.64288,8104,14307591,17092585209.75,346011,26589,0.06286,0.1064543,0.02407,0.0129,0.21605,4.0,0.2527475,0.2930780559646539,0.36671575846833576,0.28865979381443296,0.21502209131075112,29.47717231222386,29.08689248895434,27.20176730486009,0.06774668630338733,MONITOR,634,636,648
chhattisgarh,mahasamund,chhattisgarh|mahasamund,2026,2,8105,2026-Q2,19256541,22746153076.11,450856,31122,1181.216973,6902.86921,14.48673,42.71107,50451.037751,618.74369,8104,19304412,26109347805.26,437945,30492,-0.00248,-0.1288119,0.02948,0.02066,0.18761,4.0,0.2155475,0.13991163475699558,0.42857142857142855,0.39764359351988215,0.3004418262150221,30.86156111929308,31.66421207658321,27.02503681885125,0.08100147275405008,MONITOR,625,614,649
rajasthan,hanumangarh,rajasthan|hanumangarh,2026,2,8105,2026-Q2,40701272,62892506132.52,945946,74116,1545.222128,7835.11955,12.76305,43.02706,66486.359827,549.15635,8104,37829761,58903808455.6,929412,72631,0.07591,0.0677154,0.01779,0.02045,0.14992,4.0,0.1506075,0.05154639175257732,0.3490427098674521,0.23858615611192932,0.6509572901325479,29.256259204712816,32.253313696612665,26.686303387334316,0.0662739322533137,MONITOR,635,610,650
odisha,boudh,odisha|boudh,2026,2,8105,2026-Q2,7914517,9483940998.6,168203,9629,1198.296876,5724.63036,17.46838,47.05336,56383.899209,821.94589,8104,8208413,11619634651.49,165298,9417,-0.0358,-0.1838004,0.01757,0.02251,0.14871,4.0,0.2056975,0.047128129602356406,0.6406480117820325,0.6612665684830633,0.055964653902798235,35.08100147275405,35.12518409425626,26.42857142857143,0.15316642120765833,MONITOR,576,587,651
delhi,north east,delhi|north east,2026,2,8105,2026-Q2,57168307,68373348959.13,1227659,120485,1196.000941,9814.20737,10.18931,46.56693,55694.088472,474.48485,8104,54385808,70001364905.76,1184451,118967,0.05116,-0.0232569,0.03648,0.01276,0.1877,4.0,0.2171325,0.14138438880706922,0.26362297496318116,0.048600883652430045,0.7584683357879234,27.216494845360828,30.301914580265095,26.318114874815908,0.045655375552282766,DEFEND,649,624,652
puducherry,puducherry,puducherry|puducherry,2026,2,8105,2026-Q2,15606710,17533264133.07,585100,40844,1123.443963,6980.68706,14.32524,26.67358,29966.269241,382.10533,8104,14972481,17059409773.66,572785,40338,0.04236,0.0277767,0.0215,0.01254,0.16532,4.0,0.14069,0.06921944035346098,0.16789396170839468,0.38438880706921946,0.4005891016200295,23.89543446244477,25.552282768777612,26.23711340206186,0.029455081001472753,MONITOR,660,655,653
uttar pradesh,hamirpur,uttar pradesh|hamirpur,2026,2,8105,2026-Q2,13645360,15698613774.15,409645,28965,1150.472672,7070.75639,14.14276,33.31021,38322.483551,471.09822,8104,12714806,14939300453.97,396164,28518,0.07319,0.0508266,0.03403,0.01567,0.19328,4.0,0.243545,0.16936671575846834,0.25920471281296026,0.3711340206185567,0.2533136966126657,25.90574374079529,26.325478645066276,26.097201767304863,0.036818851251840944,MONITOR,655,650,654
haryana,palwal,haryana|palwal,2026,2,8105,2026-Q2,54368476,65675470380.47,797664,81486,1207.969677,10215.57949,9.78897,68.15962,82334.755462,667.21248,8104,49082092,60446060777.92,780396,79459,0.1077,0.0865137,0.02213,0.02551,0.21116,4.0,0.247275,0.27245949926362295,0.49042709867452133,0.030927835051546393,0.5596465390279823,32.40058910162003,33.83652430044183,25.972017673048605,0.10456553755522828,MONITOR,609,599,655
gujarat,bhavnagar,gujarat|bhavnagar,2026,2,8105,2026-Q2,15337119,23522968872.05,956952,74999,1533.728001,7837.27919,12.75953,16.02705,24581.137687,204.49765,8104,14394923,22886954565.44,937105,73702,0.06545,0.0277894,0.02118,0.0176,0.13172,4.0,0.173505,0.029455081001472753,0.01914580265095729,0.23564064801178203,0.6539027982326951,20.331369661266567,23.45360824742268,25.773195876288657,0.011782032400589101,MONITOR,672,664,656
delhi,east,delhi|east,2026,2,8105,2026-Q2,80858374,73306032817.98,1410783,139256,906.597909,9870.8306,10.13086,57.31454,51961.239126,580.64553,8104,73758287,71212001279.68,1380204,137047,0.09626,0.0294056,0.02216,0.01612,0.17589,4.0,0.170555,0.10014727540500737,0.3873343151693667,0.045655375552282766,0.8055964653902798,29.941089837997055,33.46833578792342,25.74374079528719,0.06921944035346098,DEFEND,633,603,657
rajasthan,bundi,rajasthan|bundi,2026,2,8105,2026-Q2,28350508,34572936106.56,528271,42623,1219.482067,8068.39671,12.39404,53.6666,65445.455281,665.14577,8104,27233505,31391298299.18,514905,41441,0.04102,0.1013541,0.02596,0.02852,0.20698,4.0,0.1858525,0.24447717231222385,0.4845360824742268,0.19882179675994108,0.35787923416789397,31.57584683357879,32.14285714285714,25.68483063328424,0.09131075110456553,MONITOR,618,611,658
himachal pradesh,una,himachal pradesh|una,2026,2,8105,2026-Q2,4304644,5318956150.67,229301,14351,1235.632064,6258.58588,15.97805,18.7729,23196.393172,299.95429,8104,3792491,4872679209.0,224843,14205,0.13504,0.0915876,0.01983,0.01028,0.17665,4.0,0.185435,0.10603829160530191,0.08836524300441827,0.540500736377025,0.10014727540500737,20.905743740795288,20.87628865979381,25.662739322533135,0.013254786450662739,MONITOR,671,672,659
tamil nadu,mayiladuthurai,tamil nadu|mayiladuthurai,2026,2,8105,2026-Q2,4732029,6777708285.82,295000,24596,1432.304892,8337.62712,11.99382,16.04078,22975.282325,192.39019,8104,4513651,6801933035.74,289010,24159,0.04838,-0.0035615,0.02073,0.01809,0.23091,4.0,0.1941425,0.38291605301914583,0.013254786450662739,0.16936671575846834,0.17525773195876287,19.55817378497791,18.519882179675996,25.6259204712813,0.010309278350515464,MONITOR,673,675,660
rajasthan,sawai madhopur,rajasthan|sawai madhopur,2026,2,8105,2026-Q2,34152477,39984318802.53,691207,50402,1170.75897,7291.88217,13.71388,49.40991,57847.097617,677.60162,8104,33157029,39173161486.83,682108,48832,0.03002,0.020707,0.01334,0.03215,0.12904,4.0,0.1076675,0.025036818851251842,0.5051546391752577,0.33136966126656847,0.49337260677466865,31.53166421207658,33.87334315169367,24.933726067746687,0.0898379970544919,MONITOR,619,598,661
jharkhand,ramgarh,jharkhand|ramgarh,2026,2,8105,2026-Q2,32965214,35515993664.59,535722,40906,1077.377919,7635.67671,13.09642,61.53418,66295.566851,805.87723,8104,31653482,34738217000.51,524979,40039,0.04144,0.0223897,0.02046,0.02165,0.18945,4.0,0.242155,0.15316642120765833,0.6288659793814433,0.2768777614138439,0.36229749631811486,34.48453608247423,35.53019145802651,24.87481590574374,0.1487481590574374,MONITOR,579,581,662
madhya pradesh,burhanpur,madhya pradesh|burhanpur,2026,2,8105,2026-Q2,18353878,21162837935.43,343006,49665,1153.044492,14479.33855,6.90639,53.50891,61698.156695,369.55357,8104,17442662,20195326048.9,335066,48950,0.05224,0.0479077,0.0237,0.01461,0.24642,4.0,0.2941825,0.48306332842415317,0.14285714285714285,0.0,0.20913107511045656,22.245949926362297,20.876288659793815,24.550810014727542,0.014727540500736377,MONITOR,670,671,663
rajasthan,salumber,rajasthan|salumber,2026,2,8105,2026-Q2,6323620,7699711289.65,187970,11929,1217.611319,6346.22546,15.7574,33.64164,40962.447676,530.10479,8104,6153145,7720156306.22,182718,11598,0.02771,-0.0026483,0.02874,0.02854,0.17833,4.0,0.201695,0.11192930780559647,0.32547864506627394,0.5198821796759941,0.07511045655375552,25.99410898379971,25.810014727540505,24.55081001472754,0.03829160530191458,MONITOR,654,653,664
chhattisgarh,korea,chhattisgarh|korea,2026,2,8105,2026-Q2,5270734,5226968495.2,125942,7716,991.696507,6126.62972,16.32219,41.85049,41502.981493,683.0915,8104,5161862,5286659311.16,122632,7532,0.02109,-0.0112908,0.02699,0.02443,0.17612,4.0,0.1946475,0.101620029455081,0.5139911634756995,0.5684830633284241,0.020618556701030927,30.52282768777614,30.117820324005883,24.477172312223857,0.07658321060382917,MONITOR,627,626,665
chhattisgarh,sakti,chhattisgarh|sakti,2026,2,8105,2026-Q2,13642403,13794830380.38,312402,20186,1011.173059,6461.54634,15.47617,43.66938,44157.304948,675.83489,8104,13486860,14393873563.42,302778,19678,0.01153,-0.0416179,0.03179,0.02582,0.15426,4.0,0.2135325,0.054491899852724596,0.5007363770250368,0.4963181148748159,0.19145802650957292,30.390279823269516,31.075110456553755,24.337260677466862,0.07511045655375552,MONITOR,629,618,666
jammu & kashmir,shopian,jammu & kashmir|shopian,2026,2,8105,2026-Q2,5995932,5175103276.99,136065,11766,863.102396,8647.33767,11.56425,44.06667,38034.051938,509.59816,8104,4290765,4051826932.35,130334,11598,0.3974,0.2772271,0.04397,0.01449,0.24267,4.0,0.4180525,0.46244477172312226,0.30486008836524303,0.13991163475699558,0.026509572901325478,25.52282768777614,23.34315169366716,24.05743740795287,0.035346097201767304,MONITOR,656,665,667
rajasthan,dausa,rajasthan|dausa,2026,2,8105,2026-Q2,56636243,66315645695.24,876805,72655,1170.904745,8286.33505,12.06806,64.59389,75633.288696,779.52299,8104,53839586,64257499506.31,860743,70558,0.05194,0.0320297,0.01866,0.02972,0.14762,4.0,0.139145,0.045655375552282766,0.6008836524300442,0.17525773195876287,0.6185567010309279,33.144329896907216,36.00883652430044,23.424153166421206,0.11634756995581738,MONITOR,601,575,668
himachal pradesh,hamirpur,himachal pradesh|hamirpur,2026,2,8105,2026-Q2,3753732,4422561493.12,220830,13790,1178.17721,6244.62256,16.01378,16.99829,20026.995848,272.20682,8104,3379929,4098130864.09,216250,13718,0.11059,0.0791655,0.02118,0.00525,0.14305,4.0,0.1432925,0.036818851251840944,0.060382916053019146,0.5463917525773195,0.09572901325478646,18.18851251840942,18.48306332842415,22.98969072164948,0.005891016200294551,MONITOR,676,676,669
haryana,kurukshetra,haryana|kurukshetra,2026,2,8105,2026-Q2,13800114,21030787180.61,557185,53559,1523.957496,9612.42675,10.4032,24.76756,37744.711686,257.66191,8104,12421699,19332486831.23,545213,52973,0.11097,0.087847,0.02196,0.01106,0.20959,4.0,0.2053775,0.2621502209131075,0.05154639175257732,0.053019145802650956,0.3858615611192931,18.195876288659793,18.814432989690722,21.988217967599414,0.007363770250368188,MONITOR,675,674,670
gujarat,botad,gujarat|botad,2026,2,8105,2026-Q2,7050498,10543126126.08,317962,20731,1495.373253,6519.9615,15.33751,22.17403,33158.447003,340.09445,8104,6492027,10474939073.25,310727,20371,0.08602,0.0065095,0.02328,0.01767,-0.00338,2.0,0.15968,0.0014727540500736377,0.11782032400589101,0.48600883652430044,0.19440353460972018,19.0279823269514,19.992636229749632,21.929307805596462,0.008836524300441826,MONITOR,674,673,671
jharkhand,chatra,jharkhand|chatra,2026,2,8105,2026-Q2,21435991,28389351685.65,388651,31476,1324.377851,8098.78271,12.34753,55.15486,73045.873253,681.02653,8104,20038948,27440024913.53,382568,30769,0.06972,0.0345964,0.0159,0.02298,0.2028,4.0,0.246405,0.22238586156111928,0.5110456553755522,0.18998527245949925,0.24300441826215022,29.057437407952868,29.160530191458022,21.620029455081003,0.06480117820324006,MONITOR,636,633,672
jammu & kashmir,kupwara,jammu & kashmir|kupwara,2026,2,8105,2026-Q2,12264398,11880257433.85,314641,24191,968.6784,7688.44493,13.00653,38.97902,37758.135252,506.98185,8104,9270804,9216042953.1,307315,23564,0.32291,0.2890844,0.02384,0.02661,0.19174,4.0,0.3293475,0.16642120765832105,0.3004418262150221,0.2709867452135493,0.19293078055964655,23.136966126656848,23.269513991163475,20.96465390279823,0.023564064801178203,MONITOR,664,666,673
odisha,nayagarh,odisha|nayagarh,2026,2,8105,2026-Q2,25259486,29370367632.71,413390,39438,1162.746052,9540.14369,10.48202,61.10328,71047.60065,640.48598,8104,25192924,31142173012.31,402805,38951,0.00264,-0.0568941,0.02628,0.0125,0.21853,4.0,0.23676,0.30633284241531666,0.4521354933726068,0.054491899852724596,0.25920471281296026,27.03976435935199,26.804123711340207,20.64064801178203,0.042709867452135494,MONITOR,651,647,674
haryana,nuh,haryana|nuh,2026,2,8105,2026-Q2,55133036,66141626693.24,858037,77842,1199.673218,9072.10295,11.0228,64.25485,77084.818829,708.26849,8104,52341029,64171723065.62,829734,75791,0.05334,0.0306974,0.03411,0.02706,0.12167,4.0,0.1965175,0.017673048600883652,0.5375552282768777,0.08836524300441827,0.6008836524300442,28.195876288659793,31.111929307805596,18.82179675994109,0.05743740795287187,MONITOR,641,617,675
rajasthan,tonk,rajasthan|tonk,2026,2,8105,2026-Q2,40709985,50329758460.18,687950,69324,1236.300098,10076.89512,9.92369,59.17579,73159.035482,587.2423,8104,40094494,47944765821.39,680609,67945,0.01535,0.0497446,0.01079,0.0203,0.1606,4.0,0.158825,0.06480117820324006,0.3961708394698085,0.035346097201767304,0.49042709867452133,22.540500736377023,24.66863033873343,16.08983799705449,0.01914580265095729,MONITOR,667,660,676
jammu & kashmir,baramulla,jammu & kashmir|baramulla,2026,2,8105,2026-Q2,14493705,14607556242.48,452576,40699,1007.85522,8992.74376,11.12008,32.02491,32276.471228,356.11944,8104,11414540,12087215310.69,437307,39680,0.26976,0.208513,0.03492,0.02568,0.17863,4.0,0.2722275,0.11487481590574374,0.13549337260677466,0.101620029455081,0.30338733431516934,15.441826215022092,16.384388807069218,15.736377025036818,0.004418262150220913,MONITOR,677,677,677
jammu & kashmir,kulgam,jammu & kashmir|kulgam,2026,2,8105,2026-Q2,6478738,5775859514.58,180724,15825,891.509969,8756.44629,11.42016,35.8488,31959.559962,409.39893,8104,4682095,4502796432.87,172917,15322,0.38373,0.2827272,0.04515,0.03283,0.19828,4.0,0.3547675,0.19882179675994108,0.20029455081001474,0.1251840942562592,0.0662739322533137,15.427098674521355,14.764359351988219,13.991163475699558,0.0029455081001472753,MONITOR,678,678,678
jammu & kashmir,anantnag,jammu & kashmir|anantnag,2026,2,8105,2026-Q2,12753501,12695912594.16,396835,38705,995.484502,9753.42397,10.25281,32.13804,31992.925508,329.50526,8104,8999904,9348660645.95,360303,37810,0.41707,0.3580461,0.10139,0.02367,0.18858,4.0,0.266365,0.14580265095729014,0.10751104565537556,0.05154639175257732,0.24742268041237114,13.29896907216495,13.807069219440354,13.82179675994109,0.0014727540500736377,MONITOR,679,679,679
jammu & kashmir,bandipore,jammu & kashmir|bandipore,2026,2,8105,2026-Q2,4916327,4743115810.98,143040,12141,964.768172,8487.83557,11.78157,34.3703,33159.366688,404.93592,8104,3828323,3833604448.68,137074,11869,0.2842,0.2372471,0.04352,0.02292,0.16672,4.0,0.299275,0.07216494845360824,0.19440353460972018,0.16053019145802652,0.030927835051546393,11.656848306332842,11.450662739322533,9.278350515463918,0.0,MONITOR,680,680,680
