state,district,year,quarter,period_id,district_key,period_label,transaction_count,transaction_amount,registered_users,registered_merchants,average_transaction_value,merchants_per_100k_users,users_per_merchant,transactions_per_registered_user,tpv_per_registered_user,transactions_per_merchant,prior_period_id,prior_transactions,prior_tpv,prior_users,prior_merchants,transaction_qoq,tpv_qoq,user_qoq,merchant_qoq,transaction_yoy,positive_yoy_quarters_last4,average_yoy_last4,growth_percentile,intensity_percentile,low_penetration_percentile,scale_percentile,opportunity_score,equal_weight_score,no_intensity_score,opportunity_percentile,business_segment,opportunity_rank,equal_weight_rank,no_intensity_rank,investigation_rank
andhra pradesh,alluri sitharama raju,2026,2,8105,andhra pradesh|alluri sitharama raju,2026-Q2,22403546,28684114124.23,411684,11247,1280.3381270192674,2731.9497478648673,36.60389437183249,54.419277892752696,69675.07633094801,1991.9574997777186,8104,20991582,28683764783.17,403857,10865,0.06726334394425337,1.2179051900762516e-05,0.019380622348999843,0.03515876668200635,0.3787052917103264,4.0,0.2976276188080426,0.9823269513991163,0.9911634756995582,0.9720176730486009,0.2547864506627393,83.6450662739,80.0073637703,79.6833578792,0.9926362297496318,EXPAND,6,12,8,6
andhra pradesh,anakapalli,2026,2,8105,andhra pradesh|anakapalli,2026-Q2,97152961,137194912578.21,1005920,60549,1412.1536921371858,6019.265945602036,16.613321442137774,96.581200294258,136387.49858657748,1604.5345257559993,8104,91693396,131407990533.52,994246,59202,0.059541529032254514,0.044037824649741264,0.011741560941658236,0.02275260970913151,0.28688892090890605,4.0,0.269224678980296,0.7319587628865979,0.9499263622974963,0.5979381443298969,0.6715758468335787,74.086892489,73.7849779087,66.9955817378,0.9455081001472754,EXPAND,38,37,75,36
andhra pradesh,ananthapuramu,2026,2,8105,andhra pradesh|ananthapuramu,2026-Q2,140056538,199801031290.99,1555974,108540,1426.5741117418595,6975.694966625407,14.335489220563847,90.01213259347522,128408.97810052738,1290.3679565137277,8104,134752991,192433842365.95,1516713,106385,0.0393575456889117,0.03828426868403878,0.02588558283604092,0.02025661512431265,0.25250647666754644,4.0,0.26598842199941447,0.5169366715758469,0.8689248895434463,0.3858615611192931,0.8438880706921944,63.7555228277,65.3902798233,55.2798232695,0.812960235640648,DEFEND,128,106,250,118
andhra pradesh,annamayya,2026,2,8105,andhra pradesh|annamayya,2026-Q2,96492048,153851950124.25,1083722,50051,1594.4521161396638,4618.435355192568,21.652354598309724,89.03763880404753,141966.25160719262,1927.8745279814589,8104,90781521,142055350936.4,1063009,48188,0.06290406832906004,0.08304227267814435,0.01948525365260312,0.038661077446667136,0.2755989757933628,4.0,0.26314950439061763,0.6671575846833578,0.9837997054491899,0.833578792341679,0.7039764359351989,79.528718704,79.7128129602,73.4609720177,0.9823269513991163,EXPAND,13,13,25,13
andhra pradesh,bapatla,2026,2,8105,andhra pradesh|bapatla,2026-Q2,74429207,109531301288.45,832865,59133,1471.6172011405415,7099.950171996662,14.084605888421017,89.36527168268567,131511.47099283797,1258.6746317622985,8104,68137122,102063877842.65,827051,56499,0.09234444918292861,0.07316421444727372,0.007029796227802088,0.04662029416449842,0.29609663010937504,4.0,0.28187543543847926,0.7717231222385862,0.8527245949926362,0.36818851251840945,0.5832106038291606,65.3387334315,64.3961708395,58.3357879234,0.8409425625920471,DEVELOP,109,115,194,101
andhra pradesh,chittoor,2026,2,8105,andhra pradesh|chittoor,2026-Q2,96240891,140514197718.76,1126392,50979,1460.025943845013,4525.866660984808,22.095215677043488,85.44173875524685,124747.15526988829,1887.8536456187842,8104,91197763,132653914130.77,1104837,49320,0.05529881253775937,0.05925406452945925,0.01950966522663533,0.03363746958637459,0.24228225739184017,4.0,0.22738193366048276,0.45508100147275404,0.979381443298969,0.845360824742268,0.7201767304860088,73.6745213549,75.0,65.795287187,0.9396170839469808,EXPAND,42,27,94,40
andhra pradesh,dr br ambedkar konaseema,2026,2,8105,andhra pradesh|dr br ambedkar konaseema,2026-Q2,90739703,131195398848.15,930577,45653,1445.843379586001,4905.880974922011,20.383698771165093,97.50907555204996,140982.85133648262,1987.5956235077651,8104,84156459,122361798755.1,919295,43914,0.07822624761338881,0.07219246679047209,0.0122724479084515,0.03960012752197484,0.3295914408846017,4.0,0.33146865432645223,0.9086892488954345,0.9896907216494846,0.8070692194403535,0.6406480117820325,84.9926362297,83.6524300442,80.6111929308,0.9970544918998527,EXPAND,3,5,6,3
andhra pradesh,east godavari,2026,2,8105,andhra pradesh|east godavari,2026-Q2,137797638,199632453172.06,1370485,74989,1448.7363939580734,5471.712568908088,18.27581378602195,100.54662254603298,145665.55137200333,1837.571350464735,8104,127045400,183870485589.45,1339657,73104,0.08463303669396915,0.08572320637583819,0.02301186049862025,0.025785182753337743,0.32186243402769366,4.0,0.29553518156838215,0.8748159057437408,0.9764359351988218,0.7172312223858616,0.7952871870397643,84.4918998527,84.0942562592,79.9779086892,0.9955817378497791,EXPAND,4,4,7,4
andhra pradesh,eluru,2026,2,8105,andhra pradesh|eluru,2026-Q2,131965615,190892439048.95,1279217,67639,1446.5316518166494,5287.531357072334,18.912417392332827,103.16124238499019,149226.0023506176,1951.0284746965508,8104,121039764,175237412785.24,1255721,65450,0.09026662510677075,0.08933609561387357,0.01871116275032425,0.033445378151260474,0.29155981607310877,4.0,0.28193611228244425,0.7466863033873343,0.9882179675994109,0.7466863033873343,0.7790868924889544,81.3549337261,81.5169366716,75.4786450663,0.9896907216494846,EXPAND,8,7,21,8
andhra pradesh,guntur,2026,2,8105,andhra pradesh|guntur,2026-Q2,198471270,269685684581.66,2002926,132072,1358.8147270970755,6593.953046692689,15.165409776485554,99.09066535658332,134645.8554043734,1502.750545157187,8104,187148603,253980691397.49,1949876,127784,0.06050094319966681,0.06183538243697062,0.027206858282270208,0.03355662680773808,0.31367338522430255,4.0,0.29181436171464037,0.8379970544918999,0.9219440353460973,0.4683357879234168,0.9027982326951399,77.9528718704,78.2768777614,72.4815905744,0.9779086892488954,DEFEND,16,17,30,16
andhra pradesh,kakinada,2026,2,8105,andhra pradesh|kakinada,2026-Q2,150675340,202569584371.67,1518007,94093,1344.4109989841072,6198.45626535319,16.13304921726377,99.25865954504822,133444.43363678164,1601.3448396798913,8104,139653754,189527094448.69,1481623,90998,0.07892080008103464,0.06881596513110133,0.024556854206502,0.03401173652168188,0.29229469216679327,4.0,0.2697520395050403,0.748159057437408,0.946980854197349,0.5552282768777614,0.8379970544918999,76.7599410898,77.2091310751,70.3092783505,0.9690721649484536,EXPAND,22,19,46,21
andhra pradesh,krishna,2026,2,8105,andhra pradesh|krishna,2026-Q2,84435471,117569474962.58,944398,57805,1392.4180628136723,6120.830412601466,16.337652452210015,89.40666011575628,124491.44848102177,1460.6949398840932,8104,79546058,113658332463.08,926773,54565,0.061466439983738796,0.03441140138819532,0.019017601937043827,0.05937872262439292,0.2807225865237155,4.0,0.27640056329409096,0.6936671575846833,0.9116347569955817,0.5699558173784978,0.6480117820324006,70.8100147275,70.5817378498,63.8954344624,0.9116347569955817,EXPAND,61,60,116,58
andhra pradesh,kurnool,2026,2,8105,andhra pradesh|kurnool,2026-Q2,124254577,167377641230.33,1445853,96636,1347.0541308939466,6683.667011791656,14.961846516826027,85.9385961090097,115763.94089186797,1285.8000848545055,8104,115907895,158319114320.6,1413409,94882,0.07201133279143757,0.05721688722554519,0.022954431449071055,0.018486119601188955,0.2808740296435184,4.0,0.29490814967084955,0.6966126656848306,0.8630338733431517,0.4521354933726068,0.812960235640648,70.0368188513,70.618556701,64.0132547865,0.9042709867452136,DEFEND,66,59,115,63
andhra pradesh,nandyal,2026,2,8105,andhra pradesh|nandyal,2026-Q2,94934254,144896192540.2,1064099,64306,1526.2793610849885,6043.234699027064,16.547429477809224,89.21562185473344,136167.96232324248,1476.289210960097,8104,89220060,132269790048.44,1053266,62510,0.06404606766684529,0.09545945818116097,0.0102851511394082,0.0287314029755239,0.28830771394537336,4.0,0.2993668609211682,0.7349042709867453,0.9175257731958762,0.5905743740795287,0.6980854197349042,73.7113402062,73.5272459499,67.5184094256,0.9410898379970545,EXPAND,40,40,71,38
andhra pradesh,ntr,2026,2,8105,andhra pradesh|ntr,2026-Q2,237905762,322775184105.85,2258324,155490,1356.7354627831585,6885.19450707693,14.523917936844812,105.34616024981358,142926.8714789596,1530.0389864299955,8104,222832715,303109157908.5,2202153,151376,0.06764288179139233,0.0648810030453999,0.025507310345829648,0.02717735968713675,0.29009827946487343,4.0,0.2791888660057269,0.7422680412371134,0.9278350515463918,0.4005891016200295,0.9219440353460973,73.9175257732,74.8159057437,66.7599410898,0.9440353460972017,DEFEND,39,30,79,37
andhra pradesh,palnadu,2026,2,8105,andhra pradesh|palnadu,2026-Q2,99141013,154004558094.93,1145432,76084,1553.3889904365815,6642.384707254556,15.05483413069765,86.55338160624113,134451.0700721911,1303.0468035329372,8104,92520235,144216835925.43,1125032,73145,0.0715603240739715,0.0678680967218066,0.01813281755541185,0.04018046346298454,0.30387542695762915,4.0,0.2766732330712407,0.8026509572901326,0.8748159057437408,0.46244477172312226,0.7319587628865979,72.1502209131,71.7967599411,66.5905743741,0.9234167893961709,DEVELOP,53,51,83,51
andhra pradesh,parvathipuram manyam,2026,2,8105,andhra pradesh|parvathipuram manyam,2026-Q2,25863941,38730494382.04,362705,15686,1497.4707211882367,4324.72670627645,23.122848399846998,71.30847658565501,106782.35585955529,1648.85509371414,8104,25060702,40085682005.12,359604,15261,0.032051735821287064,-0.03380727370203929,0.008623374600949862,0.027848764825371797,0.2783878219541367,4.0,0.2601668628181173,0.6818851251840943,0.9572901325478645,0.8703976435935199,0.21944035346097202,70.5375552283,68.2253313697,63.2253313697,0.9101620029455081,EXPAND,62,79,121,59
andhra pradesh,prakasam,2026,2,8105,andhra pradesh|prakasam,2026-Q2,128930871,197524532200.39,1391582,87194,1532.0189080270002,6265.818327629992,15.959607312429755,92.65057395108589,141942.4311326174,1478.666777530564,8104,121369372,188218668059.91,1359367,84604,0.06230154177612457,0.04944177023672247,0.023698530271810236,0.03061320977731552,0.2616331838383621,4.0,0.2612476400069134,0.5787923416789397,0.9189985272459499,0.5360824742268041,0.801178203240059,69.764359352,70.8762886598,61.9440353461,0.8998527245949927,EXPAND,69,56,136,66
andhra pradesh,sri potti sriramulu nellore,2026,2,8105,andhra pradesh|sri potti sriramulu nellore,2026-Q2,167305685,260563771098.72,1729942,93583,1557.4113401987506,5409.603327741624,18.48564376008463,96.71173079791114,150619.94627491556,1787.7786029513907,8104,152707700,228558571072.33,1687374,90460,0.09559429550703724,0.14003062705647396,0.025227365124744106,0.034523546318814935,0.3048670644189575,4.0,0.2702953725600167,0.8055964653902798,0.9705449189985272,0.727540500736377,0.8748159057437408,84.11634757,84.4624447717,79.558173785,0.9941089837997055,EXPAND,5,3,9,5
andhra pradesh,sri sathyasai,2026,2,8105,andhra pradesh|sri sathyasai,2026-Q2,85330321,122295803386.54,1068571,55634,1433.2045391759395,5206.39246245687,19.20715749361901,79.85461050318602,114447.99024729288,1533.7800805262968,8104,81324483,115438636478.0,1040756,53365,0.049257466536860806,0.05940096936130068,0.02672576473255983,0.042518504637871324,0.265733382787678,4.0,0.2718356279191924,0.6156111929307806,0.930780559646539,0.7614138438880707,0.6995581737849779,74.764359352,75.1840942563,68.7628865979,0.9499263622974963,EXPAND,35,26,60,34
andhra pradesh,srikakulam,2026,2,8105,andhra pradesh|srikakulam,2026-Q2,98256003,148236447419.42,1148380,59392,1508.6757337301824,5171.807241505425,19.335600754310345,85.56053135721625,129083.09742369252,1654.3642746497844,8104,92908737,143404879817.28,1144688,58081,0.057553962874342,0.03369179353098839,0.0032253330165075145,0.022571925414507366,0.2714539142872694,4.0,0.25682992161946366,0.6494845360824743,0.9587628865979382,0.7628865979381443,0.7334315169366715,77.1944035346,77.6141384389,71.0162002946,0.9734904270986745,EXPAND,19,18,39,18
andhra pradesh,tirupati,2026,2,8105,andhra pradesh|tirupati,2026-Q2,225322514,296625059979.72,2219362,118910,1316.4466111882632,5357.846083694323,18.6642166344294,101.52580516382636,133653.30215607907,1894.8996215625264,8104,211434880,274980725705.73,2150225,115731,0.06568279557280232,0.07871218689397397,0.03215337929751527,0.027468871780248927,0.28171313827999156,4.0,0.25934923585374237,0.7010309278350515,0.9808541973490427,0.7349042709867453,0.9189985272459499,82.3048600884,83.3946980854,76.7378497791,0.9911634756995582,EXPAND,7,6,16,7
andhra pradesh,visakhapatnam,2026,2,8105,andhra pradesh|visakhapatnam,2026-Q2,304675634,382678787292.22,2800236,213703,1256.0203199321807,7631.606764572701,13.103400513797185,108.80355584315036,136659.4770198726,1425.6965695380973,8104,286270738,365217670842.92,2726369,209298,0.06429192214539237,0.04781016320760112,0.027093544564217087,0.021046546073063332,0.25145508794473215,4.0,0.23248537619553616,0.5036818851251841,0.9042709867452136,0.27835051546391754,0.9528718703976435,63.7334315169,65.9793814433,53.7113402062,0.8114874815905744,DEFEND,129,96,279,119
andhra pradesh,vizianagaram,2026,2,8105,andhra pradesh|vizianagaram,2026-Q2,94948956,134025035315.12,1027416,54937,1411.5482777411476,5347.103802159982,18.701712871106903,92.4152981849611,130448.65498991645,1728.3243715528697,8104,92192390,133047207869.98,1011134,52970,0.029900146855939003,0.007349477383212566,0.016102712400136943,0.037134226920898517,0.2553473957938486,4.0,0.2517110954707999,0.5346097201767305,0.9646539027982327,0.7378497790868925,0.6818851251840943,72.2385861561,72.9749631811,64.2562592047,0.9248895434462445,EXPAND,51,41,111,49
andhra pradesh,west godavari,2026,2,8105,andhra pradesh|west godavari,2026-Q2,116947182,175440890450.44,1195968,48583,1500.172021677615,4062.232434312624,24.617005948582836,97.78454105795473,146693.6326477297,2407.162628903114,8104,108897235,161885079487.32,1163644,47124,0.07392241869134697,0.08373724747240696,0.027778255205200164,0.030960869196163365,0.3053306759084742,4.0,0.2980419723069188,0.8070692194403535,0.9955817378497791,0.9057437407952872,0.7466863033873343,86.6789396171,86.3770250368,82.6509572901,1.0,EXPAND,1,1,2,1
andhra pradesh,ysr kadapa,2026,2,8105,andhra pradesh|ysr kadapa,2026-Q2,121279922,197400435315.96,1407575,79060,1627.6431585762398,5616.752215690105,17.803883126739187,86.16231603999786,140241.50422958634,1534.0238047052871,8104,118638280,193036997440.47,1379098,76884,0.022266354502105123,0.022604153262566262,0.020649003914152475,0.028302377607824836,0.2428596447989293,4.0,0.26339150284058116,0.4653902798232695,0.9322533136966127,0.6833578792341679,0.8041237113402062,70.4344624448,72.1281296024,62.6362297496,0.9072164948453608,EXPAND,64,47,130,61
arunachal pradesh,itanagar capital complex,2026,2,8105,arunachal pradesh|itanagar capital complex,2026-Q2,11925439,12990219734.28,229815,13506,1089.286502096904,5876.900985575354,17.015770768547313,51.89147357657246,56524.681740878535,882.9734192210869,8104,10396670,11439887001.35,217274,12294,0.1470441016209998,0.13551993413458097,0.057719745574712045,0.09858467545143967,0.3203407361218198,4.0,0.31408281959397494,0.8674521354933726,0.678939617083947,0.6303387334315169,0.10309278350515463,60.8173784978,56.9955817378,59.3372606775,0.7569955817378498,EXPAND,166,215,175,153
assam,bajali,2026,2,8105,assam|bajali,2026-Q2,4707327,4693357584.74,116152,10703,997.0324102702021,9214.649769267857,10.85228440624124,40.527300433914185,40407.032033370066,439.81379052602074,8104,4321270,4821022358.45,113906,10337,0.08933878234870773,-0.0264808507859825,0.019718013098519727,0.03540679113862821,0.3823514728787798,4.0,0.41281116264979073,0.9837997054491899,0.22533136966126657,0.07952871870397643,0.011782032400589101,37.3711340206,32.5110456554,42.4300441826,0.19145802650957292,MONITOR,550,609,478,503
assam,baksa,2026,2,8105,assam|baksa,2026-Q2,6593640,6910592354.28,198012,13259,1048.0694054088485,6696.058824717694,14.934157930462327,33.29919398824314,34899.86644385189,497.2954219775247,8104,6130322,7371789864.74,192026,12831,0.0755780854578274,-0.06256248739074255,0.03117286200826963,0.03335671420777797,0.32439907684705904,4.0,0.4013696392214676,0.8851251840942562,0.28865979381443296,0.4491899852724595,0.07952871870397643,46.5905743741,42.5625920471,53.1148748159,0.4374079528718704,MONITOR,383,470,291,347
assam,biswanath,2026,2,8105,assam|biswanath,2026-Q2,8327357,6466231987.32,265100,16764,776.5047166009575,6323.651452282158,15.813648293963254,31.412135043379855,24391.671019690682,496.74045573848724,8104,7517769,6318901886.82,256865,15815,0.10768992768998364,0.023315775927349236,0.03205964222451474,0.06000632311097065,0.30741080330017967,4.0,0.37114662876228793,0.8114874815905744,0.2857142857142857,0.524300441826215,0.14432989690721648,47.4815905744,44.145802651,54.4182621502,0.4536082474226804,MONITOR,372,431,267,336
assam,bongaigaon,2026,2,8105,assam|bongaigaon,2026-Q2,20085153,19750217442.44,364372,36579,983.3242217492691,10038.916272380973,9.961234588151672,55.12265761364759,54203.44439869144,549.0897236119084,8104,17750586,19090316567.81,361887,35021,0.131520559377589,0.034567309153098025,0.006866784382970392,0.04448759315839057,0.3696464518346372,4.0,0.4490892609178983,0.9749631811487481,0.3475699558173785,0.036818851251840944,0.22533136966126657,43.3652430044,39.617083947,45.9204712813,0.33726067746686306,MONITOR,451,525,413,413
assam,cachar,2026,2,8105,assam|cachar,2026-Q2,26018006,25000437571.49,716688,43480,960.889838041009,6066.796151184337,16.483164673413064,36.30311376777622,34883.29310870281,598.3902023919043,8104,24892848,26738859327.56,697446,41813,0.04520005103473901,-0.06501480615809929,0.027589232714790857,0.03986798364145128,0.32360724556011977,4.0,0.3954521426337127,0.882179675994109,0.40942562592047127,0.5846833578792342,0.5125184094256259,61.5684830633,59.7201767305,68.5640648012,0.7717231222385862,EXPAND,156,170,61,145
assam,charaideo,2026,2,8105,assam|charaideo,2026-Q2,4118189,3376148832.87,163599,6174,819.8139601824977,3773.8616984211394,26.498056365403304,25.17245826685982,20636.732699283002,667.021218011014,8104,3846712,3347489233.03,156912,5873,0.07057377833328826,0.008561521141640327,0.042616243499541184,0.05125148986889161,0.2630579259381485,4.0,0.3282926614163711,0.5905743740795287,0.4889543446244477,0.9263622974963182,0.050073637702503684,54.1016200295,51.3991163476,57.2974963181,0.6332842415316642,DEVELOP,250,300,213,228
assam,chirang,2026,2,8105,assam|chirang,2026-Q2,8505823,8825037132.32,216130,13494,1037.528894302174,6243.464581501874,16.01674818437824,39.35512423078703,40832.078528293154,630.3411145694382,8104,7546792,8531923732.75,210621,12872,0.1270779690231294,0.034354901514751734,0.02615598634514127,0.04832193909260418,0.29820292985437424,4.0,0.4201661556445301,0.7820324005891016,0.4418262150220913,0.5478645066273933,0.09131075110456553,50.029455081,46.5758468336,52.7393225331,0.5139911634756995,DEVELOP,330,385,299,299
assam,darrang,2026,2,8105,assam|darrang,2026-Q2,21610773,22799514027.28,412727,35618,1055.0068721410382,8629.917596861847,11.587596159245326,52.36093834423239,55241.14978491836,606.7374080521084,8104,18611789,20594872730.39,404746,34490,0.1611335696960674,0.10704806607699058,0.01971853952849445,0.032705131922296404,0.5244983267800827,4.0,0.5537740744349426,1.0,0.4167893961708395,0.14285714285714285,0.25773195876288657,49.145802651,45.4344624448,51.4432989691,0.4948453608247423,MONITOR,344,409,317,311
assam,dhemaji,2026,2,8105,assam|dhemaji,2026-Q2,7533742,6504831704.52,285951,19750,863.4263961415191,6906.777734646845,14.478531645569621,26.346269116037362,22748.064194634746,381.4552911392405,8104,6964998,6478532037.2,274468,18918,0.08165745345511954,0.0040595102669844785,0.04183729979451156,0.04397927899355114,0.3240876022736281,4.0,0.38609667267230063,0.8836524300441826,0.16642120765832105,0.3961708394698085,0.16053019145802652,43.7849779087,40.1693667158,53.2253313697,0.3490427098674521,MONITOR,443,515,289,405
assam,dibrugarh,2026,2,8105,assam|dibrugarh,2026-Q2,14518888,12272905193.35,518303,21703,845.3061414448545,4187.319000661775,23.881629267843156,28.012355706989926,23679.016315456403,668.9806939132839,8104,13364587,11918248439.54,498042,20781,0.08637012127647492,0.029757456022932782,0.04068130800213643,0.0443674510370049,0.32896328439438705,4.0,0.3769386541972885,0.9072164948453608,0.49337260677466865,0.8851251840942562,0.35051546391752575,68.6892488954,65.9057437408,76.0309278351,0.8895434462444771,EXPAND,76,98,18,71
assam,dima hasao,2026,2,8105,assam|dima hasao,2026-Q2,3604607,3168468881.19,102858,4743,879.0053620796941,4611.211573236889,21.686274509803923,35.04449824029244,30804.30186460946,759.9846088973223,8104,3372026,3249903048.34,97293,4273,0.06897366746282496,-0.02505741431012698,0.057198359594215376,0.10999297917154216,0.15599782950171548,4.0,0.3923910618703194,0.05743740795287187,0.5861561119293078,0.8365243004418262,0.0029455081001472753,37.3490427099,37.0765832106,31.6494845361,0.18851251840942562,MONITOR,552,561,614,505
assam,goalpara,2026,2,8105,assam|goalpara,2026-Q2,23737889,24413062110.48,482678,37138,1028.4428455487343,7694.1563526823265,12.996876514621142,49.1795544855991,50578.36095798855,639.1805966934138,8104,22229449,25463664748.55,480940,31486,0.06785773232615888,-0.04125889373915925,0.003613756393728851,0.17950835291875755,0.2648476426397064,4.0,0.4113472167558374,0.6067746686303387,0.45066273932253315,0.2695139911634757,0.32106038291605304,42.6288659794,41.2002945508,41.7304860088,0.31958762886597936,MONITOR,463,501,489,425
assam,golaghat,2026,2,8105,assam|golaghat,2026-Q2,11228754,9487475595.69,425542,18623,844.926836556398,4376.301281659625,22.85034634591634,26.386946529367254,22295.0392574411,602.9508672072169,8104,10494302,9945577756.23,407235,17324,0.06998578847835701,-0.04606088975102929,0.044954387515807825,0.07498268298314481,0.2846334950381675,4.0,0.35693579440393514,0.7172312223858616,0.41384388807069217,0.8630338733431517,0.2709867452135493,58.8586156112,56.6273932253,65.6701030928,0.727540500736377,DEVELOP,186,221,95,168
assam,hailakandi,2026,2,8105,assam|hailakandi,2026-Q2,10306306,9414297181.74,247578,16305,913.4501907608798,6585.803262002278,15.184176632934683,41.62852111253827,38025.580551341394,632.0948175406317,8104,9891678,10137196550.6,243679,15672,0.04191685172121451,-0.0713115667878822,0.016000558111285645,0.04039050535987743,0.3196596951453816,4.0,0.4121990050947993,0.8645066273932254,0.44329896907216493,0.4727540500736377,0.12076583210603829,51.2518409426,47.5331369661,54.145802651,0.561119293078056,DEVELOP,299,366,272,272
assam,hojai,2026,2,8105,assam|hojai,2026-Q2,19368667,18498314601.67,442831,27188,955.0638978753674,6139.588240209019,16.28773723701633,43.738281646948835,41772.8537561056,712.3976386641165,8104,17445237,18028579994.18,433271,26028,0.11025530922853033,0.02605499754509988,0.022064712385550855,0.044567388965729204,0.4110208531472046,4.0,0.4615711328709437,0.9867452135493373,0.5463917525773195,0.5640648011782032,0.2916053019145803,63.1958762887,59.7201767305,66.5022091311,0.7997054491899853,EXPAND,137,170,85,127
assam,jorhat,2026,2,8105,assam|jorhat,2026-Q2,9287808,7887445872.13,359897,19001,849.2257669549156,5279.566098078061,18.940950476290723,25.806850293278355,21915.842232999996,488.806273354034,8104,8710454,7883444167.11,347610,18103,0.06628288261438486,0.0005076087221744796,0.035347084376168736,0.04960503783903225,0.27992044705535735,4.0,0.3115404941913079,0.6907216494845361,0.27540500736377027,0.7496318114874816,0.21649484536082475,50.677466863,48.3063328424,59.2783505155,0.5419734904270986,DEVELOP,312,344,177,284
assam,kamrup,2026,2,8105,assam|kamrup,2026-Q2,28257339,26317059691.44,710607,53444,931.3353848159587,7520.894108839344,13.296291445251104,39.76507267730264,37034.61926415023,528.7279956590075,8104,25756656,26755288109.94,688715,50610,0.09708880686996024,-0.01637913285400916,0.0317867332641224,0.0559968385694527,0.41857992600701177,4.0,0.4734381302651071,0.9882179675994109,0.3240058910162003,0.2974963181148748,0.5066273932253313,55.3166421208,52.9086892489,62.6067746686,0.658321060382916,DEVELOP,233,271,131,213
assam,kamrup metropolitan,2026,2,8105,assam|kamrup metropolitan,2026-Q2,79523271,68054016965.65,1676886,132725,855.7748708003976,7914.96857866307,12.634288943303824,47.42318261348714,40583.567974000616,599.1581917498587,8104,73910832,67030929002.84,1599338,127064,0.07593527021857915,0.015262923817849217,0.04848756172866531,0.0445523515708619,0.3118185952237944,4.0,0.33612116279851056,0.8321060382916053,0.4108983799705449,0.22238586156111928,0.8645066273932254,58.0854197349,58.2474226804,62.6804123711,0.7128129602356407,DEFEND,196,190,129,178
assam,karbi anglong,2026,2,8105,assam|karbi anglong,2026-Q2,6761183,6036811417.18,250231,12381,892.8631893531059,4947.828206736975,20.210887650432113,27.01976573645951,24124.95421102901,546.0934496405783,8104,6205643,6282466677.73,240110,11886,0.08952174657807421,-0.03910172121100053,0.04215151388946725,0.041645633518424985,0.3141734071059463,4.0,0.3653066002110621,0.8424153166421208,0.3431516936671576,0.801178203240059,0.12665684830633284,56.4138438881,52.8350515464,64.9042709867,0.6818851251840943,DEVELOP,217,273,104,197
assam,kokrajhar,2026,2,8105,assam|kokrajhar,2026-Q2,14292150,14449261261.08,370984,27744,1010.9928360029807,7478.489638367153,13.37168396770473,38.52497681840726,38948.47557059064,515.1438148788927,8104,13243575,14842510106.59,365093,26533,0.07917612880207958,-0.02649476690168462,0.016135614761170425,0.04564127690046349,0.2683482369194974,4.0,0.38534545586574637,0.6347569955817378,0.31075110456553756,0.30338733431516934,0.23269513991163476,39.0500736377,37.0397643594,41.8262150221,0.2341678939617084,MONITOR,521,562,486,477
assam,lakhimpur,2026,2,8105,assam|lakhimpur,2026-Q2,12193149,10078119061.3,423368,30576,826.5394822371152,7222.08575045823,13.846415489272632,28.80035571890176,23804.6311041458,398.78169152276297,8104,11374762,10290870450.71,409775,29503,0.07194761525559823,-0.020673799211544996,0.03317186260752858,0.03636918279496992,0.26642160449595464,4.0,0.35922665733659764,0.6200294550810015,0.187039764359352,0.3446244477172312,0.2695139911634757,37.2827687776,35.530191458,43.6008836524,0.187039764359352,MONITOR,553,581,457,506
assam,morigaon,2026,2,8105,assam|morigaon,2026-Q2,18226572,18185301597.03,432252,32830,997.7357013172855,7595.106558211413,13.166372220530002,42.166541739540826,42071.064094625355,555.1803837953091,8104,15692741,17086441851.3,426816,30571,0.16146516405260236,0.0643117950064247,0.012736167341430571,0.07389355925550367,0.45517327163877574,4.0,0.44957925379856695,0.9970544918998527,0.3549337260677467,0.29013254786450665,0.27982326951399117,51.6347569956,48.0486008837,57.0324005891,0.572901325478645,DEVELOP,291,358,220,265
assam,nagaon,2026,2,8105,assam|nagaon,2026-Q2,29307996,29584684211.68,813711,55055,1009.4407072963979,6765.915662931926,14.779965489056398,36.017696700671365,36357.729232712845,532.3403142312234,8104,25961915,29611799541.51,807028,52134,0.12888421366451586,-0.0009156934144440854,0.008281001402677513,0.05602869528522647,0.37753102206583344,4.0,0.3908145808362419,0.9808541973490427,0.3284241531664212,0.43151693667157587,0.5670103092783505,59.764359352,57.6951399116,68.5125184094,0.7437407952871871,DEVELOP,175,200,62,160
assam,nalbari,2026,2,8105,assam|nalbari,2026-Q2,9311034,9462664687.19,285495,22097,1016.2850535386297,7739.890365855795,12.920079648821106,32.613649976356854,33144.76501231195,421.3709553333032,8104,8344707,8903989074.48,274947,21538,0.11580118990397148,0.06274441803968944,0.038363757378694796,0.025954127588448284,0.37474279956910816,4.0,0.44299752030092493,0.9779086892488954,0.21207658321060383,0.2547864506627393,0.15905743740795286,44.1899852725,40.0957290133,52.0103092784,0.3593519882179676,MONITOR,436,516,311,398
assam,sivasagar,2026,2,8105,assam|sivasagar,2026-Q2,6855933,5492370695.95,255464,14775,801.112072704036,5783.5937744652865,17.290287648054147,26.83717862399399,21499.587792996273,464.022538071066,8104,6545066,5719986305.86,245978,14119,0.04749638888286234,-0.039793034063178245,0.03856442446072417,0.04646221403782147,0.2756320636303995,4.0,0.33901138866911446,0.6686303387334315,0.24889543446244478,0.646539027982327,0.1325478645066274,45.0957290133,42.4153166421,52.6877761414,0.38880706921944036,MONITOR,415,476,303,377
assam,sonitpur,2026,2,8105,assam|sonitpur,2026-Q2,19332246,17390349905.86,528844,37276,899.5514492139196,7048.5814342225685,14.187251851056981,36.55566859035935,32883.704657441514,518.6244768752013,8104,17557864,16729146383.32,516056,35603,0.10105910377253169,0.03952404428711698,0.024780256406281564,0.04699042215543625,0.34767023740360536,4.0,0.3523300476969133,0.9484536082474226,0.3122238586156112,0.374079528718704,0.3593519882179676,52.7982326951,49.852724595,60.0147275405,0.5964653902798233,DEVELOP,274,325,165,249
assam,tamulpur,2026,2,8105,assam|tamulpur,2026-Q2,4217108,4522560677.83,148083,8979,1072.431789233285,6063.4914203521,16.492148346140997,28.478002201468097,30540.71485470986,469.6634369083417,8104,3895601,4816177307.1,142357,8784,0.08253078279834103,-0.060964663580211464,0.04022282009314604,0.02219945355191255,0.35546593631305345,4.0,0.46005981966316484,0.9587628865979382,0.2547864506627393,0.5861561119293078,0.036818851251840944,50.5228276878,45.913107511,59.7864506627,0.5287187039764359,DEVELOP,321,399,168,291
assam,tinsukia,2026,2,8105,assam|tinsukia,2026-Q2,13913248,13298220538.25,488784,25687,955.7955509921192,5255.286588759043,19.028457974851094,28.46502340502144,27206.742729406036,541.6455016156033,8104,12847397,13407813047.03,470142,24612,0.08296240864978333,-0.008173779601161502,0.03965184986663606,0.04367788070859735,0.33758183205355374,4.0,0.3685658984172485,0.9278350515463918,0.33726067746686306,0.7569955817378498,0.3284241531664212,61.7599410898,58.7628865979,71.8188512518,0.7776141384388807,EXPAND,152,182,35,141
assam,udalguri,2026,2,8105,assam|udalguri,2026-Q2,8475087,7983221904.47,285968,19161,941.9634163602096,6700.400044760253,14.924482020771359,29.63648729927824,27916.486825344095,442.30922185689684,8104,7388715,7664135404.66,276076,18422,0.14703124968279324,0.0416337242183884,0.035830713281849835,0.040115079795896236,0.4311439391802998,4.0,0.4524750814307186,0.9911634756995582,0.2268041237113402,0.44624447717231225,0.16200294550810015,49.8011782032,45.6553755523,59.3151693667,0.508100147275405,DEVELOP,335,403,176,303
bihar,araria,2026,2,8105,bihar|araria,2026-Q2,62008432,71383208832.86,1128215,92877,1151.185516719081,8232.207513638801,12.147410015396707,54.961538359266626,63270.926935787946,667.6403415269658,8104,57072990,64909377936.23,1099430,90252,0.08647596700295535,0.09973644953107064,0.026181748724338982,0.029085228028187693,0.29796874581357335,4.0,0.38099778767101683,0.7761413843888071,0.49189985272459497,0.17820324005891017,0.7245949926362297,54.528718704,54.2709867452,55.3976435935,0.6406480117820325,DEVELOP,245,248,248,223
bihar,arwal,2026,2,8105,bihar|arwal,2026-Q2,11862510,13125577472.3,237075,14113,1106.4755664947807,5952.968469893493,16.7983419542266,50.03695033217336,55364.66296446272,840.5378020265003,8104,11062336,13069029597.29,234871,13490,0.07233318532360622,0.004326861041138441,0.009383874552413962,0.04618235730170506,0.3705662579985256,4.0,0.37811153545284076,0.9764359351988218,0.6553755522827688,0.6097201767304861,0.10898379970544919,63.1001472754,58.7628865979,63.1222385862,0.7967599410898379,EXPAND,139,182,123,129
bihar,aurangabad,2026,2,8105,bihar|aurangabad,2026-Q2,55540259,64766758939.85,995686,60210,1166.1227388199611,6047.087133895626,16.536887560205948,55.78089779307935,65047.37330830201,922.4424348114931,8104,52056676,65204115196.45,983495,58336,0.06691904415871663,-0.0067074946923566525,0.012395589199741819,0.03212424574876582,0.2949388249177429,4.0,0.3350804411441261,0.7643593519882179,0.7054491899852725,0.5891016200294551,0.6686303387334315,68.6671575847,68.1885125184,67.9086892489,0.8880706921944035,EXPAND,77,80,67,72
bihar,banka,2026,2,8105,bihar|banka,2026-Q2,26011792,29187204208.37,653038,38472,1122.0758726799752,5891.234507027156,16.974370971095862,39.83197302454069,44694.495892076724,676.1226866292368,8104,24274212,28459178465.37,623881,37166,0.07158131435945281,0.025581404041085776,0.04673487411862198,0.03513964376042611,0.3060578028087999,4.0,0.33158040356560287,0.8085419734904271,0.5022091310751104,0.6244477172312224,0.45508100147275404,61.5243004418,59.7569955817,65.5743740795,0.7702503681885126,EXPAND,157,169,97,146
bihar,begusarai,2026,2,8105,bihar|begusarai,2026-Q2,61486211,69932590617.15,1240451,95483,1137.3703059560785,7697.442301227537,12.991328299278406,49.56762580706533,56376.745729698305,643.9492998753705,8104,55245185,65048202000.18,1202403,93057,0.11296959182958655,0.07508875674928683,0.03164330095650136,0.026070043091868333,0.3083637363825711,4.0,0.34684890468748864,0.812960235640648,0.4580265095729013,0.2665684830633284,0.7628865979381443,57.7614138439,57.5110456554,60.9204712813,0.7039764359351989,DEFEND,202,203,148,183
bihar,bhagalpur,2026,2,8105,bihar|bhagalpur,2026-Q2,68065095,76007496069.88,1447411,80820,1116.6883124144615,5583.7630085718565,17.909069537243255,47.02540950704395,52512.725183019895,842.1813288789904,8104,63018127,71337002761.79,1390690,78242,0.08008755956837632,0.06547083739536719,0.04078622841898616,0.03294905549449134,0.3098775231104103,4.0,0.3397828915431279,0.8173784977908689,0.6597938144329897,0.6907216494845361,0.8144329896907216,74.5729013255,74.558173785,77.2312223859,0.9484536082474226,EXPAND,36,31,12,35
bihar,bhojpur,2026,2,8105,bihar|bhojpur,2026-Q2,47979063,61555430238.13,1035757,70550,1282.9644096661495,6811.443224617357,14.681176470588236,46.32270213959452,59430.378204665765,680.0717647058824,8104,43259981,58496411704.0,1026935,68294,0.10908654814249696,0.0522941227507947,0.008590611869300435,0.03303364863677638,0.26225378894657125,4.0,0.31490602909317106,0.5817378497790869,0.508100147275405,0.4182621502209131,0.6848306332842415,54.3078055965,54.823269514,55.029455081,0.6377025036818851,DEVELOP,247,241,255,225
bihar,buxar,2026,2,8105,bihar|buxar,2026-Q2,28799633,37695576744.29,656368,43975,1308.8908717791646,6699.747702508349,14.925935190449119,43.8772654974039,57430.55228818285,654.9092211483797,8104,26411096,36201536160.99,646760,42756,0.0904368754708249,0.04127008800554566,0.014855587853299435,0.02851061839274016,0.27033551885287954,4.0,0.34850972957829934,0.6421207658321061,0.4727540500736377,0.4477172312223859,0.46244477172312226,51.5243004418,50.6259204713,52.9160530191,0.5714285714285714,DEVELOP,292,309,295,266
bihar,darbhanga,2026,2,8105,bihar|darbhanga,2026-Q2,76137061,92163716667.9,1583605,108685,1210.4974299953606,6863.138219442349,14.570593918203985,48.07831561532074,58198.677490851565,700.529613102084,8104,68693597,85431941836.11,1553479,105083,0.10835746452467765,0.07879693106711794,0.019392602024230765,0.03427766622574535,0.2547590022339494,4.0,0.2933651601109929,0.5301914580265096,0.5301914580265096,0.40942562592047127,0.8527245949926362,56.4506627393,58.0633284242,56.8556701031,0.6833578792341679,DEFEND,216,194,225,196
bihar,gaya,2026,2,8105,bihar|gaya,2026-Q2,93692841,115999667055.51,1850142,104785,1238.0846371763878,5663.619333002548,17.65655389607291,50.640891888298306,62697.710259812484,894.1436369709405,8104,87829219,116641173136.3,1808853,102131,0.06676163202589791,-0.005499825349324805,0.022826067126516136,0.025986233366950273,0.25112738261832557,4.0,0.30894009424491353,0.5007363770250368,0.6892488954344624,0.6759941089837997,0.8939617083946981,67.0324005891,68.9985272459,66.0382916053,0.8645066273932254,EXPAND,93,73,91,86
bihar,gopalganj,2026,2,8105,bihar|gopalganj,2026-Q2,57730004,68023765078.59,1098808,72440,1178.3086846588474,6592.598524947033,15.168525676421867,52.53875472330016,61906.87097162561,796.935450027609,8104,51811510,63017159993.49,1071555,71341,0.11423125865275874,0.07944828179526353,0.025433132223730892,0.015404886390715022,0.25826712283369324,4.0,0.2857933555522356,0.5552282768777614,0.6185567010309279,0.4698085419734904,0.711340206185567,58.0927835052,58.8733431517,56.4359351988,0.7142857142857143,DEVELOP,195,180,231,177
bihar,jamui,2026,2,8105,bihar|jamui,2026-Q2,33273643,37261798825.09,673203,41271,1119.8593080141538,6130.543090271433,16.311768554190593,49.425868571589845,55350.01897657912,806.2233287296165,8104,30495966,35895677612.76,645678,39897,0.09108342395187607,0.03805809788765124,0.04262960794699522,0.034438679599969824,0.27029027402433536,4.0,0.31463018626545675,0.6406480117820325,0.6318114874815906,0.5670103092783505,0.4698085419734904,58.5861561119,57.7319587629,57.2164948454,0.7231222385861561,DEVELOP,189,198,216,171
bihar,kaimur,2026,2,8105,bihar|kaimur,2026-Q2,25569530,33775397086.72,585303,46633,1320.9236574438405,7967.32632499748,12.55126198185834,43.68597119782403,57705.83285361599,548.3140694358073,8104,23040662,31785336386.46,581187,45831,0.10975674223249321,0.06260939560506684,0.007082057926278473,0.017499072680063676,0.2939703718353188,4.0,0.33070361855395014,0.7584683357879234,0.3446244477172312,0.21207658321060383,0.4020618556701031,44.7128129602,42.9307805596,47.8129602356,0.3755522827687776,MONITOR,425,465,380,387
bihar,katihar,2026,2,8105,bihar|katihar,2026-Q2,74442821,87208566595.46,1315773,86038,1171.4839043439797,6538.969867902746,15.29292870592064,56.57725230719888,66279.34042989179,865.2318859108766,8104,66069514,77984646708.43,1305259,84148,0.12673480540510718,0.11827866479303961,0.008055106304572401,0.022460426866948602,0.2584162015656173,4.0,0.33024122820548407,0.5567010309278351,0.6745213549337261,0.48306332842415317,0.7835051546391752,61.3107511046,62.4447717231,58.7628865979,0.7628865979381443,DEFEND,162,141,187,149
bihar,khagaria,2026,2,8105,bihar|khagaria,2026-Q2,33366032,40726751612.19,646160,59965,1220.605183504889,9280.209236102513,10.77561911114817,51.63741488176303,63028.89626747245,556.4251146502127,8104,31130238,37114613087.1,620848,57668,0.07182065231881629,0.09732389009722642,0.04077004355333358,0.0398314489838385,0.3215510001710655,4.0,0.3918504143481993,0.8703976435935199,0.35787923416789397,0.07216494845360824,0.44624447717231225,45.7879234168,43.6671575847,48.4977908689,0.40795287187039764,MONITOR,403,444,363,366
bihar,kishanganj,2026,2,8105,bihar|kishanganj,2026-Q2,36907622,45876217130.45,687898,45364,1243.0011646496757,6594.582336334747,15.163962613526143,53.652753751282894,66690.4353995069,813.5883519971784,8104,33157342,42645948869.13,683726,43917,0.11310556799154758,0.0757461927094858,0.006101859516824071,0.03294851651979869,0.2898876358942766,4.0,0.38315702160747145,0.7407952871870398,0.6347569955817378,0.46686303387334316,0.4889543446244477,59.5434462445,58.2842415317,58.1958762887,0.7422680412371134,DEVELOP,176,189,198,161
bihar,lakhisarai,2026,2,8105,bihar|lakhisarai,2026-Q2,17572787,21310782420.73,383951,27074,1212.7150019362325,7051.420623985873,14.181539484376154,45.76830637242773,55503.911751056774,649.0650439536087,8104,16188382,20604909902.18,374165,26396,0.0855184292043516,0.03425749114657939,0.026154236767201633,0.025685709956053904,0.2887514389814303,4.0,0.3454505492874305,0.7363770250368189,0.4639175257731959,0.37260677466863035,0.24005891016200295,47.8055964654,45.324005891,48.4977908689,0.46686303387334316,MONITOR,363,413,363,328
bihar,madhepura,2026,2,8105,bihar|madhepura,2026-Q2,43205068,49961623078.92,824589,77228,1156.383391849308,9365.635486284682,10.677332055731082,52.395882069734135,60589.7278267355,559.4482312114777,8104,40956583,43976451015.29,794494,74292,0.05489923317089218,0.13609947882217766,0.037879455351456315,0.03951973294567379,0.3345867916673604,4.0,0.3763371979774723,0.9204712812960235,0.36082474226804123,0.06332842415316642,0.5758468335787923,49.734904271,48.0117820324,53.4315169367,0.5066273932253313,DEVELOP,336,360,285,304
bihar,madhubani,2026,2,8105,bihar|madhubani,2026-Q2,73614601,89680489498.47,1548198,112605,1218.2432327313709,7273.294501090946,13.748927667510324,47.54857001494641,57925.723646762235,653.7418498290484,8104,67962091,85301861817.24,1518041,108978,0.08317151395474287,0.051330974353305914,0.01986573485169374,0.033281946814953445,0.24056823877671474,4.0,0.28246764388556145,0.4477172312223859,0.47128129602356406,0.33578792341678937,0.8394698085419735,50.3976435935,52.3564064801,50.648011782,0.5213549337260678,DEFEND,326,281,328,296
bihar,munger,2026,2,8105,bihar|munger,2026-Q2,23152893,26207295554.32,553098,47318,1131.923149056146,8555.084270780224,11.688955577158797,41.86038098130892,47382.73426105319,489.30413373346295,8104,21180356,24570128106.45,540057,46408,0.09313049317962352,0.06663243434372723,0.024147451102383588,0.01960868815721417,0.2832190552010101,4.0,0.31120552820936437,0.711340206185567,0.2768777614138439,0.15022091310751104,0.3784977908689249,39.587628866,37.9234167894,43.1737849779,0.24742268041237114,MONITOR,512,549,466,469
bihar,muzaffarpur,2026,2,8105,bihar|muzaffarpur,2026-Q2,120957767,144189239784.89,2261303,152204,1192.0626790745073,6730.809626131482,14.857053691098788,53.49029608150699,63763.78565140984,794.7082008357205,8104,107795208,133422713868.59,2220779,148869,0.12210708847094587,0.08069485025543788,0.01824765093690095,0.0224022462702107,0.26281835712838775,4.0,0.2774976835707676,0.5832106038291606,0.6156111929307806,0.44035346097201766,0.9234167893961709,62.3637702504,64.0648011782,61.8262150221,0.7820324005891016,DEFEND,149,118,139,138
bihar,nalanda,2026,2,8105,bihar|nalanda,2026-Q2,46158183,59422599132.5,1207639,70735,1287.3686802727916,5857.296758385577,17.072722131900758,38.22183864548926,49205.59797464308,652.5508305647841,8104,42733666,57283419084.83,1186407,68455,0.0801362794383238,0.03734379130725629,0.017896050849329104,0.03330655174932429,0.27693274324693573,4.0,0.2875910769657351,0.6759941089837997,0.4653902798232695,0.6347569955817378,0.748159057437408,62.7466863034,63.1075110457,67.9602356406,0.7879234167893961,EXPAND,145,130,66,134
bihar,nawada,2026,2,8105,bihar|nawada,2026-Q2,36238773,47259162412.96,836648,43103,1304.1049268682468,5151.8679301211505,19.410435468528874,43.31424087549364,56486.314929289256,840.7482773820848,8104,33446785,45721556360.2,812382,41783,0.08347552687051984,0.033629783742411545,0.02987018422367793,0.031591795706387815,0.2282563639492925,4.0,0.3014802215682044,0.36818851251840945,0.6568483063328424,0.7702503681885126,0.5846833578792342,58.4167893962,59.499263623,56.3033873343,0.7187039764359352,DEVELOP,192,176,233,174
bihar,pashchim champaran,2026,2,8105,bihar|pashchim champaran,2026-Q2,104473063,110397679459.65,1743350,132309,1056.7095123807176,7589.353830269309,13.176352326750258,59.92661427711016,63325.02335139243,789.6141834644658,8104,98737738,111684268305.88,1725092,129585,0.05808645322622241,-0.011519875321261086,0.010583783357641208,0.02102095149901606,0.3211410398679895,4.0,0.3487573800647,0.8689248895434463,0.6126656848306333,0.2916053019145803,0.8792341678939617,66.2592047128,66.3107511046,66.9440353461,0.8541973490427098,DEFEND,100,93,77,93
bihar,patna,2026,2,8105,bihar|patna,2026-Q2,252700915,271833749795.1,4677723,268226,1075.7133578052142,5734.114653646657,17.439483868081393,54.02220588948939,58112.408493427254,942.119388127922,8104,232340513,259713033312.43,4538938,260707,0.0876317338595185,0.04666965045257854,0.03057653574470498,0.028840805962248917,0.26797901300118343,4.0,0.2868305029741553,0.6288659793814433,0.7157584683357879,0.6597938144329897,0.9779086892488954,72.8129602356,74.558173785,72.6951399116,0.930780559646539,EXPAND,48,31,27,46
bihar,purbi champaran,2026,2,8105,bihar|purbi champaran,2026-Q2,140716258,154784076480.33,2309199,165992,1099.9729432851318,7188.293429886294,13.91150778350764,60.93725919680374,67029.33635443718,847.7291556219577,8104,128159827,147078523469.93,2284748,162491,0.09797478113012748,0.05239074222808182,0.010701836701465517,0.021545808690942803,0.28394763372660625,4.0,0.3230455793596591,0.7157584683357879,0.6671575846833578,0.35051546391752575,0.9263622974963182,65.441826215,66.4948453608,64.057437408,0.845360824742268,DEFEND,106,92,114,98
bihar,purnea,2026,2,8105,bihar|purnea,2026-Q2,83663761,98352755311.14,1472576,101115,1175.5717665040183,6866.538637055065,14.56337833160263,56.81456237233257,66789.59545119572,827.4119665727143,8104,76870776,89571826079.03,1448799,98413,0.0883688880674236,0.09803226769500606,0.016411524303923564,0.02745572231310911,0.2687959399384523,4.0,0.353244434778995,0.6362297496318114,0.6450662739322534,0.40795287187039764,0.8203240058910162,61.8188512518,62.7393225331,60.235640648,0.7790868924889544,DEFEND,151,136,161,140
bihar,rohtas,2026,2,8105,bihar|rohtas,2026-Q2,63055764,83571325462.84,1210717,88618,1325.3558463400743,7319.464416539951,13.662201810016024,52.081340230623674,69026.3087598836,711.5457807668871,8104,58198885,81284506412.53,1199751,86515,0.08345312801095761,0.028133517090010773,0.00914022993104413,0.024307923481477145,0.25413254589362433,4.0,0.32437350385592306,0.5228276877761414,0.5449189985272459,0.3284241531664212,0.7496318114874816,52.5110456554,53.6450662739,51.1487481591,0.5891016200294551,DEVELOP,280,257,320,255
bihar,saharsa,2026,2,8105,bihar|saharsa,2026-Q2,43201041,46768041531.87,822035,54683,1082.5674671096467,6652.149847634225,15.032734122122049,52.553773257829654,56893.00520278334,790.026900499241,8104,40812030,44260693776.12,796901,52113,0.05853693139008276,0.0566495357807244,0.031539676823093554,0.049315909657858814,0.29563730443395997,4.0,0.3427754588018903,0.7702503681885126,0.614138438880707,0.45949926362297494,0.572901325478645,61.4064801178,60.4197349043,61.2150220913,0.7673048600883653,DEVELOP,159,159,146,147
bihar,samastipur,2026,2,8105,bihar|samastipur,2026-Q2,79535856,95167057640.54,1693494,133736,1196.5302497095145,7897.045988943569,12.662962852186396,46.96553752183356,56195.686338741085,594.7228569719447,8104,71662868,88863261732.68,1644229,130709,0.10986146968050448,0.07093815582443042,0.029962371421499157,0.023158313505573513,0.26422584083823075,4.0,0.30666369210333694,0.6023564064801178,0.40353460972017674,0.22385861561119294,0.8689248895434463,51.1340206186,52.4668630339,53.6524300442,0.5567010309278351,DEFEND,302,279,280,275
bihar,saran,2026,2,8105,bihar|saran,2026-Q2,80750696,92523946582.72,1566925,130370,1145.7975121690592,8320.117427445475,12.019061133696402,51.53449973674554,59048.101589240076,619.3963028304057,8104,71630380,85830421022.55,1535533,128440,0.12732469100401245,0.07798546809424867,0.020443715634896886,0.01502647150420433,0.23986426988868703,4.0,0.3005318256640102,0.44035346097201766,0.43004418262150224,0.17083946980854198,0.8483063328424153,45.1988217968,47.2385861561,44.8011782032,0.3946980854197349,DEFEND,412,372,440,374
bihar,sheikhpura,2026,2,8105,bihar|sheikhpura,2026-Q2,9345600,12432111926.49,244878,11592,1330.2636456182588,4733.785803542989,21.124741200828158,38.164310391296894,50768.5946736334,806.2111801242236,8104,8691695,12085912464.96,237207,11268,0.0752333117993671,0.028644875803437886,0.03233884328877301,0.028753993610223683,0.26415984555650307,4.0,0.32103286940028625,0.6008836524300442,0.6303387334315169,0.8217967599410898,0.11782032400589101,56.6863033873,54.2709867452,55.7437407953,0.6863033873343152,DEVELOP,214,248,240,194
bihar,sheohar,2026,2,8105,bihar|sheohar,2026-Q2,10658823,12527743229.88,217997,15916,1175.3402068765004,7301.017903916109,13.696720281477758,48.89435634435336,57467.502900865606,669.6923221915054,8104,9647278,11873683781.92,217850,15570,0.10485289218368132,0.05508479592120619,0.0006747762221712694,0.022222222222222143,0.27729675467286397,4.0,0.3198601840511803,0.6774668630338734,0.4948453608247423,0.32989690721649484,0.09278350515463918,42.7982326951,39.8748159057,40.9646539028,0.32547864506627394,MONITOR,459,522,506,421
bihar,sitamarhi,2026,2,8105,bihar|sitamarhi,2026-Q2,54917497,65875900837.86,1218209,89815,1199.543031574436,7372.708623889661,13.563536157657406,45.0805214868713,54076.02540931811,611.4512831932306,8104,50072637,63835690387.48,1200701,86345,0.09675663776205745,0.03196034127611069,0.014581481984274225,0.04018761943366722,0.26773711307959425,4.0,0.3052633840138173,0.6273932253313697,0.42415316642120765,0.31958762886597936,0.7525773195876289,52.4668630339,53.0927835052,55.0957290133,0.5876288659793815,DEFEND,281,267,254,256
bihar,siwan,2026,2,8105,bihar|siwan,2026-Q2,71421194,87675605091.68,1376348,87346,1227.5852611996377,6346.214765451761,15.757424495683832,51.8918136982798,63701.62567292574,817.6813362947358,8104,64109173,81417396080.34,1349467,86191,0.11405576858712552,0.07686574752605213,0.019919716451013647,0.013400471046861151,0.24227161517343831,4.0,0.2938119598731704,0.4536082474226804,0.6377025036818851,0.5213549337260678,0.7982326951399117,58.5493372607,60.2724594993,56.3475699558,0.7216494845360825,DEVELOP,190,161,232,172
bihar,supaul,2026,2,8105,bihar|supaul,2026-Q2,51328514,56264216543.23,936778,81960,1096.159077257331,8749.138002813901,11.429697413372377,54.79261255067903,60061.419614070786,626.262981942411,8104,49861990,52896770755.93,918888,78797,0.02941166206964474,0.06366070629977916,0.01946918449256052,0.04014112212393872,0.3354797896224102,4.0,0.37426784802986124,0.9248895434462445,0.43593519882179677,0.12812960235640647,0.6435935198821797,54.7201767305,53.3136966127,57.5699558174,0.6450662739322534,DEVELOP,242,262,208,220
bihar,vaishali,2026,2,8105,bihar|vaishali,2026-Q2,69068186,84271988663.21,1456708,105317,1220.127435563604,7229.7948525030415,13.831651110457,47.413885281058384,57850.982258084674,655.8123189988321,8104,62409488,79422957230.84,1429119,103318,0.10669368093518083,0.06105327227084323,0.01930490043166455,0.01934803228866211,0.2590537263655308,4.0,0.2977327176343504,0.561119293078056,0.4742268041237113,0.34167893961708395,0.8159057437407953,53.5493372607,54.823269514,54.8011782032,0.6185567010309279,DEFEND,260,241,260,236
chandigarh,chandigarh,2026,2,8105,chandigarh|chandigarh,2026-Q2,25137055,25233291728.69,829123,64346,1003.8284806509752,7760.730313837633,12.88538526093308,30.3176428587797,30433.71336784771,390.654508438753,8104,22820289,23784456763.0,811491,62840,0.10152220245764632,0.06091520105449133,0.021727905793163416,0.023965626989178812,0.2410009484846265,4.0,0.2104358840416084,0.4491899852724595,0.17820324005891017,0.24594992636229748,0.5802650957290133,35.6848306333,36.3402061856,41.0824742268,0.16494845360824742,MONITOR,568,573,505,520
chhattisgarh,balod,2026,2,8105,chhattisgarh|balod,2026-Q2,10017813,11141904473.75,286794,14096,1112.209269004123,4915.026116306478,20.345771850170262,34.930343731040395,38849.85206716319,710.684804199773,8104,9476498,11081803987.19,281074,13811,0.05712183973446727,0.0054233486379540174,0.020350512676376997,0.020635725146622264,0.21705850251142977,4.0,0.22921879486438734,0.3004418262150221,0.5419734904270986,0.8055964653902798,0.16642120765832105,46.0309278351,45.3608247423,44.3740795287,0.41973490427098675,MONITOR,395,410,445,358
chhattisgarh,balodabazar bhatapara,2026,2,8105,chhattisgarh|balodabazar bhatapara,2026-Q2,20168991,21082719724.23,448499,24256,1045.3036408330986,5408.261779847892,18.490229221635882,44.96997986617585,47007.283682304755,831.505235817942,8104,19355530,21735839273.21,433609,23797,0.042027317257651964,-0.030048048330251764,0.034339693133675686,0.01928814556456704,0.20001659996929888,4.0,0.23116736985276526,0.2106038291605302,0.6494845360824743,0.7290132547864506,0.29896907216494845,46.7599410898,47.2017673049,41.4138438881,0.44035346097201766,MONITOR,381,373,497,345
chhattisgarh,balrampur ramanujganj,2026,2,8105,chhattisgarh|balrampur ramanujganj,2026-Q2,11189861,13836670036.1,286133,9749,1236.536364133567,3407.1568116924645,29.349984613806544,39.10720189562197,48357.47724344973,1147.7957739255307,8104,11144307,13739697179.11,277940,9551,0.004087647621336954,0.007057859844061154,0.02947758509030729,0.020730813527379377,0.20017029973847977,4.0,0.26402288320192063,0.21207658321060383,0.8085419734904271,0.9455081001472754,0.1634756995581738,53.4830633284,53.2400589102,45.6627393225,0.6156111929307806,DEVELOP,262,263,422,238
chhattisgarh,bastar,2026,2,8105,chhattisgarh|bastar,2026-Q2,17986213,19987567012.47,372527,15085,1111.271561860743,4049.3709180811056,24.695193901226382,48.28163596195712,53654.00900463591,1192.3243619489558,8104,17242771,19604125306.83,360500,14540,0.04311615575014005,0.01955923560162165,0.0333619972260748,0.03748280605226961,0.2100363746646976,4.0,0.22585378502692854,0.2665684830633284,0.8276877761413843,0.9086892488954345,0.2341678939617084,56.0898379971,55.9278350515,48.3210603829,0.678939617083947,DEVELOP,219,233,370,199
chhattisgarh,bemetara,2026,2,8105,chhattisgarh|bemetara,2026-Q2,11905849,12923528911.9,293299,17266,1085.47730715382,5886.825389789941,16.987084443414805,40.59287280215752,44062.642258923486,689.554558091046,8104,11544934,12926258342.55,286623,16826,0.03126176381779233,-0.0002111539610046842,0.023291920048286396,0.026150005943183174,0.2654633806008573,4.0,0.29308594993113013,0.6126656848306333,0.5184094256259205,0.625920471281296,0.17083946980854198,50.4050073638,48.1958762887,50.6848306333,0.5228276877761414,DEVELOP,325,352,327,295
chhattisgarh,bijapur,2026,2,8105,chhattisgarh|bijapur,2026-Q2,4987418,6665544813.19,106685,1244,1336.4720609321296,1166.049585227539,85.7596463022508,46.74900876411867,62478.74408951586,4009.17845659164,8104,4912689,6720878138.63,102495,1240,0.015211424944668872,-0.008233049952499183,0.04088004292892333,0.003225806451612856,0.1204573832784348,4.0,0.20355925180702622,0.016200294550810016,0.9985272459499264,0.9985272459499264,0.005891016200294551,50.530191458,50.4786450663,35.7437407953,0.5301914580265096,DEVELOP,320,313,568,290
chhattisgarh,bilaspur,2026,2,8105,chhattisgarh|bilaspur,2026-Q2,63534413,60121606059.72,1094847,58872,946.2841194380752,5377.189689518262,18.597075010191602,58.0304033348952,54913.249120397646,1079.1957636907189,8104,61053267,58845464912.23,1060645,57276,0.040639037383535914,0.02168631260528575,0.032246416095866204,0.02786507437670238,0.21726398027713345,4.0,0.2527517439341226,0.3019145802650957,0.7790868924889544,0.7334315169366715,0.7083946980854198,61.0382916053,63.0706921944,55.4565537555,0.759941089837997,EXPAND,164,132,244,151
chhattisgarh,dhamtari,2026,2,8105,chhattisgarh|dhamtari,2026-Q2,9913984,12547316581.19,297814,15279,1265.6179978896475,5130.383393661816,19.491720662347014,33.28918049520842,42131.385969732786,648.8634072910531,8104,9439641,12686783166.91,289584,15189,0.05025011014719727,-0.010993061352523092,0.028420078457373377,0.0059253407070907205,0.19358559277018728,4.0,0.18944894660956413,0.17378497790868924,0.46244477172312226,0.7746686303387335,0.1796759941089838,39.734904271,39.764359352,38.5567010309,0.25184094256259204,MONITOR,509,524,535,466
chhattisgarh,durg,2026,2,8105,chhattisgarh|durg,2026-Q2,64109778,65448051084.09,1150479,103081,1020.8747109386339,8959.833252062836,11.160921993383845,55.72442261006068,56887.653824267974,621.9359338772422,8104,62241333,64116691039.41,1123679,101926,0.030019360285873153,0.020764640581056426,0.02385022768958045,0.011331750485646497,0.20750731993811122,4.0,0.21572402819020647,0.24889543446244478,0.4329896907216495,0.10456553755522828,0.7363770250368189,35.6332842415,38.0706921944,32.0250368189,0.1634756995581738,MONITOR,569,546,612,521
chhattisgarh,gaurela pendra marwahi,2026,2,8105,chhattisgarh|gaurela pendra marwahi,2026-Q2,5647656,5663085403.84,148923,7494,1002.7320013541902,5032.130698414617,19.872297838270615,37.92332950585202,38026.936093417404,753.6236989591673,8104,5327926,5563279375.78,144707,7237,0.06001021785963245,0.017940143091592864,0.029134734325222622,0.03551195246649175,0.19982613358396395,4.0,0.21401961496669364,0.20913107511045656,0.5802650957290133,0.7820324005891016,0.03829160530191458,41.0972017673,40.2430044183,36.6936671576,0.2812960235640648,MONITOR,489,513,557,449
chhattisgarh,janjgir champa,2026,2,8105,chhattisgarh|janjgir champa,2026-Q2,22795210,22802167585.77,476214,25851,1000.3052213938806,5428.441834973352,18.421492398746665,47.86757634172872,47882.186550101425,881.7921937255812,8104,21692567,22663181162.81,464166,25322,0.05083045266150377,0.006132696992603659,0.02595623117591561,0.02089092488744959,0.22221071244014068,4.0,0.232202894650768,0.33136966126656847,0.6774668630338734,0.7231222385861561,0.3136966126656848,51.2297496318,51.1413843888,46.4064801178,0.5596465390279823,DEVELOP,300,302,407,273
chhattisgarh,jashpur,2026,2,8105,chhattisgarh|jashpur,2026-Q2,12455048,14689241241.38,345466,9677,1179.3805404346895,2801.143962068626,35.69970032034721,36.05289087782879,42520.077927726605,1287.0774000206675,8104,11896552,15082319003.51,339939,9573,0.04694603949110632,-0.026062156757095667,0.016258799372828703,0.010863888018385115,0.19221722066185376,4.0,0.21566095493997745,0.16789396170839468,0.865979381443299,0.9705449189985272,0.2106038291605302,55.1620029455,55.3755522828,45.9499263623,0.6568483063328424,DEVELOP,234,235,412,214
chhattisgarh,kabirdham,2026,2,8105,chhattisgarh|kabirdham,2026-Q2,13834070,13776528240.73,325935,19882,995.8405762534092,6099.989261662601,16.393471481742278,42.44426035866047,42267.71669421817,695.8087717533448,8104,13260398,13856202023.3,317090,19309,0.04326204990227289,-0.00575004481285879,0.027894288687754232,0.02967528095706662,0.32156300544107874,4.0,0.29868285104543923,0.8718703976435935,0.5213549337260678,0.5743740795287187,0.20176730486008837,57.5846833579,54.234167894,60.0220913108,0.7010309278350515,DEVELOP,204,251,164,185
chhattisgarh,khairagarh chhuikhadan gandai,2026,2,8105,chhattisgarh|khairagarh chhuikhadan gandai,2026-Q2,4273302,4671631551.66,127822,5154,1093.2135270711033,4032.1697360391795,24.800543267365153,33.431662781054904,36547.945984728765,829.1233993015134,8104,4099881,4637559781.77,123824,5012,0.04229903258167744,0.007346917666470665,0.03228776327690919,0.028332003192338417,0.20166697364702513,4.0,0.2189369657366424,0.21796759941089838,0.6480117820324006,0.9101620029455081,0.022091310751104567,45.9351988218,44.9558173785,41.1266568483,0.41237113402061853,MONITOR,400,420,503,363
chhattisgarh,kondagaon,2026,2,8105,chhattisgarh|kondagaon,2026-Q2,6896760,8377319302.26,218397,5888,1214.6746156543072,2696.007729043897,37.09188179347826,31.57900520611547,38358.21601148367,1171.3247282608695,8104,6793810,8759198368.53,210387,5723,0.015153500024286837,-0.04359749034135518,0.03807269460565532,0.028831032675170398,0.1779589498532752,4.0,0.19382478965584743,0.11045655375552282,0.8188512518409425,0.9749631811487481,0.09425625920471281,50.0441826215,49.9631811487,40.8983799705,0.5169366715758469,DEVELOP,329,320,508,298
chhattisgarh,korba,2026,2,8105,chhattisgarh|korba,2026-Q2,39693602,37083892777.44,681484,33599,934.2536557261798,4930.269822915872,20.282865561475045,58.24583115671094,54416.38068896702,1181.3923628679424,8104,39084451,36782824222.81,666018,32751,0.015585507392696929,0.008185030948311578,0.02322159461155704,0.025892339165216383,0.22538786844585035,4.0,0.27433802164539856,0.3431516936671576,0.8232695139911634,0.8026509572901326,0.48159057437407954,60.5743740795,61.2665684831,53.8586156112,0.7540500736377025,EXPAND,168,153,273,155
chhattisgarh,korea,2026,2,8105,chhattisgarh|korea,2026-Q2,5270734,5226968495.2,125942,7716,991.6965066345598,6126.629718441823,16.32218766200104,41.85048673198774,41502.98149306823,683.0914981855884,8104,5161862,5286659311.16,122632,7532,0.021091613840122037,-0.011290838400347503,0.02699132363494039,0.02442910249601704,0.17611537446248193,4.0,0.1946452528021977,0.101620029455081,0.5139911634756995,0.5684830633284241,0.020618556701030927,30.5228276878,30.117820324,24.4771723122,0.07658321060382917,MONITOR,627,626,665,575
chhattisgarh,manendragarh chirmiri bharatpur,2026,2,8105,chhattisgarh|manendragarh chirmiri bharatpur,2026-Q2,6513328,6700876467.42,155037,7232,1028.7945682176608,4664.692944264917,21.437638274336283,42.01144242987158,43221.14377484084,900.6261061946902,8104,6263414,6750033692.48,150169,7175,0.039900603728254325,-0.007282515510220966,0.0324168103936231,0.007944250871080083,0.2567638099578611,4.0,0.24807549744078677,0.5463917525773195,0.6921944035346097,0.8321060382916053,0.042709867452135494,55.353460972,52.8350515464,52.0471281296,0.6597938144329897,DEVELOP,232,273,310,212
chhattisgarh,mungeli,2026,2,8105,chhattisgarh|mungeli,2026-Q2,11076519,11111977724.55,248400,14393,1003.2012516342002,5794.283413848631,17.25838949489335,44.59146135265701,44734.20984118357,769.5768081706385,8104,10528885,10805026151.85,243041,13762,0.052012535040510066,0.028408221172832926,0.02204977760953919,0.04585089376544116,0.26047863170053076,4.0,0.28380459927669205,0.5699558173784978,0.5920471281296024,0.6435935198821797,0.12223858615611193,50.4344624448,48.1958762887,48.3799705449,0.524300441826215,DEVELOP,324,352,369,294
chhattisgarh,north bastar kanker,2026,2,8105,chhattisgarh|north bastar kanker,2026-Q2,11399887,13519470792.53,325355,14238,1185.9302458462967,4376.142982280893,22.8511729175446,35.038302776966695,41552.98302632509,800.6663154937492,8104,10830442,13544058471.7,314669,14068,0.052578186559699036,-0.0018153848952568996,0.03395949394443054,0.012084162638612561,0.20698416664593244,4.0,0.20302566248729148,0.24594992636229748,0.6229749631811488,0.8645066273932254,0.19882179675994108,48.5419734904,48.3063328424,45.0662739323,0.48306332842415317,MONITOR,351,344,431,318
chhattisgarh,raigarh,2026,2,8105,chhattisgarh|raigarh,2026-Q2,40139436,38841710743.4,721223,29404,967.6695692336086,4076.9637130263454,24.52805740715549,55.654681007122626,53855.34119599625,1365.10121071963,8104,39423489,40395196795.81,698142,28648,0.01816041700418758,-0.03845719728171082,0.033060609446215805,0.02638927673834135,0.23529803876600663,4.0,0.27739456681979474,0.40942562592047127,0.8939617083946981,0.9027982326951399,0.5139911634756995,67.4815905744,68.0044182622,60.824742268,0.8689248895434463,EXPAND,90,82,149,83
chhattisgarh,raipur,2026,2,8105,chhattisgarh|raipur,2026-Q2,133634746,139753378041.57,2143139,139909,1045.7862361752086,6528.227987078766,15.31809247439407,62.354679747790506,65209.66584135234,955.1547505878822,8104,127878467,137270842893.9,2085582,138163,0.045013669111313215,0.018084941385468234,0.02759757228437909,0.012637247309337463,0.24582796699153242,4.0,0.25742302418897156,0.48159057437407954,0.7304860088365243,0.4845360824742268,0.9086892488954345,62.9970544919,65.1325478645,58.9396170839,0.7938144329896907,DEFEND,140,110,184,130
chhattisgarh,rajnandgaon,2026,2,8105,chhattisgarh|rajnandgaon,2026-Q2,17458223,19822368770.4,419103,18948,1135.4173199872635,4521.08431578872,22.118587713742876,41.65616328205716,47297.12927466518,921.3755013721765,8104,16748859,19544361005.71,407749,18537,0.04235297461158405,0.014224448914384125,0.027845561853002687,0.022171872471273613,0.20780856458026586,4.0,0.22167349743356796,0.2533136966126657,0.7039764359351989,0.8468335787923417,0.2665684830633284,51.7010309278,51.7673048601,46.4359351988,0.5743740795287187,DEVELOP,290,292,405,264
chhattisgarh,sakti,2026,2,8105,chhattisgarh|sakti,2026-Q2,13642403,13794830380.38,312402,20186,1011.1730594954569,6461.546340932517,15.476171604082037,43.66938431892241,44157.304948047706,675.8348855642524,8104,13486860,14393873563.42,302778,19678,0.011532929088015953,-0.041617927266110244,0.03178566474446631,0.02581563166988521,0.15426339746150775,4.0,0.21353370948301514,0.054491899852724596,0.5007363770250368,0.4963181148748159,0.19145802650957292,30.3902798233,31.0751104566,24.3372606775,0.07511045655375552,MONITOR,629,618,666,577
chhattisgarh,sarangarh bilaigarh,2026,2,8105,chhattisgarh|sarangarh bilaigarh,2026-Q2,11209318,12666977535.18,257463,14460,1130.0399841613914,5616.340988802274,17.805186721991703,43.53758792525528,49199.21516948067,775.1948824343016,8104,11053261,14295914902.33,251706,14179,0.014118638834277109,-0.11394425458453938,0.02287192200424304,0.01981804076451099,0.225843132837644,4.0,0.22931936741780873,0.35051546391752575,0.5949926362297496,0.6848306332842415,0.13696612665684832,45.2503681885,44.1826215022,41.4138438881,0.3961708394698085,MONITOR,411,430,497,373
chhattisgarh,surajpur,2026,2,8105,chhattisgarh|surajpur,2026-Q2,12643548,13256049916.58,327627,13390,1048.443832109468,4086.9647495475037,24.4680358476475,38.59128826378778,40460.7981533268,944.2530246452577,8104,12264869,13161700839.16,318363,13150,0.0308750953638397,0.007168456309178728,0.029098858849803566,0.018250950570342095,0.184874485874571,4.0,0.20348886694983276,0.13107511045655376,0.7216494845360825,0.898379970544919,0.203240058910162,48.4977908689,48.8586156112,41.7673048601,0.4801178203240059,MONITOR,354,334,487,321
chhattisgarh,surguja,2026,2,8105,chhattisgarh|surguja,2026-Q2,23181503,24430957933.13,481559,23910,1053.8987887511005,4965.123692008664,20.140485152655792,48.138448248293564,50733.05230123412,969.5317022166457,8104,22627872,23844365174.69,467375,23413,0.024466772659841762,0.024600896444190168,0.030348221449585377,0.021227523170888052,0.21031024536901,4.0,0.24020947156699396,0.26804123711340205,0.7349042709867453,0.7938144329896907,0.31958762886597936,52.6509572901,52.9086892489,46.4948453608,0.5920471281296024,DEVELOP,278,271,404,253
delhi,central,2026,2,8105,delhi|central,2026-Q2,138308624,149199859352.22,2295062,209427,1078.745887546535,9125.112959911323,10.958768449149346,60.2635676073239,65009.07572528324,660.4144833283196,8104,130895006,151705184310.97,2250589,205859,0.056637898011173915,-0.01651443205536407,0.019760604890541877,0.017332251686834166,0.191447128368063,4.0,0.20540044136830599,0.16494845360824742,0.4801178203240059,0.08394698085419734,0.9248895434462445,37.5478645066,41.3475699558,32.6583210604,0.1958762886597938,DEFEND,547,498,607,501
delhi,east,2026,2,8105,delhi|east,2026-Q2,80858374,73306032817.98,1410783,139256,906.5979093022572,9870.830595492007,10.130859711610272,57.314536679276685,51961.23912605978,580.6455305336933,8104,73758287,71212001279.68,1380204,137047,0.09626154956662702,0.029405598784899345,0.022155420503056078,0.01611855786700911,0.175891961655553,4.0,0.1705549984423685,0.10014727540500737,0.3873343151693667,0.045655375552282766,0.8055964653902798,29.941089838,33.4683357879,25.7437407953,0.06921944035346098,DEFEND,633,603,657,580
delhi,new delhi,2026,2,8105,delhi|new delhi,2026-Q2,126479485,111992067477.1,1776422,127391,885.4563843069096,7171.21269608235,13.944642871160443,71.19900845632401,63043.61659397373,992.8447457041706,8104,117304687,108573467790.44,1739905,125810,0.07821339653717341,0.031486510988654404,0.020987927501788795,0.012566568635243636,0.17408812419415143,4.0,0.1876013985885543,0.09425625920471281,0.7452135493372607,0.35346097201767307,0.8836524300441826,47.9675994109,51.9145802651,38.2326951399,0.4727540500736377,DEFEND,359,290,539,326
delhi,north,2026,2,8105,delhi|north,2026-Q2,101611929,109861766626.1,2039167,145465,1081.1896566406097,7133.5501212014515,14.01826556216272,49.830116415183255,53875.80645729359,698.5318049015227,8104,94161615,106692585173.22,1976355,142873,0.07912262337471598,0.029703858499020352,0.031781739616617566,0.01814198623952734,0.186004702866992,4.0,0.21602168859976023,0.13402061855670103,0.5272459499263623,0.35787923416789397,0.9072164948453608,44.293078056,48.1590574374,40.5670103093,0.36229749631811486,DEFEND,434,354,511,396
delhi,north east,2026,2,8105,delhi|north east,2026-Q2,57168307,68373348959.13,1227659,120485,1196.0009408557437,9814.207365400327,10.18930987259825,46.56692697239217,55694.08847174174,474.4848487363572,8104,54385808,70001364905.76,1184451,118967,0.051162225998370836,-0.02325691718756817,0.03647934781599238,0.01275984096430105,0.18770484853676228,4.0,0.21713646184951763,0.14138438880706922,0.26362297496318116,0.048600883652430045,0.7584683357879234,27.2164948454,30.3019145803,26.3181148748,0.045655375552282766,DEFEND,649,624,652,595
delhi,north west,2026,2,8105,delhi|north west,2026-Q2,99528310,111673913587.19,2150430,178617,1122.0316469473862,8306.106220616342,12.03933556156469,46.28298061317969,51930.96896303995,557.2163343914633,8104,91357803,108030421944.07,2093832,176114,0.08943414499580293,0.03372653348522814,0.027030821957062523,0.01421238515961254,0.18248687830733346,4.0,0.20086436089324472,0.12371134020618557,0.3593519882179676,0.17378497790868924,0.9101620029455081,35.2430044183,39.175257732,33.7849779087,0.16053019145802652,DEFEND,571,533,587,523
delhi,shahdara,2026,2,8105,delhi|shahdara,2026-Q2,62806814,73821224935.52,1370880,123302,1175.369680995441,8994.36858076564,11.11806783344958,45.81496119281046,53849.51632201214,509.3738463285267,8104,57986138,74704904154.11,1331613,120947,0.08313497270675274,-0.011828931829790501,0.029488297275559683,0.019471338685539852,0.20882434569857278,4.0,0.2300116606180388,0.25773195876288657,0.30338733431516934,0.10014727540500737,0.7967599410898379,33.7555228277,36.4506627393,33.7334315169,0.12812960235640647,DEFEND,592,571,589,543
delhi,south,2026,2,8105,delhi|south,2026-Q2,87191033,73434879528.87,1483295,132581,842.2297225090795,8938.275932973549,11.187839886559914,58.781990770548006,49507.93977520992,657.6435009541337,8104,80067909,71034192356.97,1444212,130803,0.08896353219365327,0.033796219711146325,0.027061816409225337,0.013592960406106913,0.17733277373668654,4.0,0.17696287358734109,0.10751104565537556,0.47569955817378495,0.10898379970544919,0.8262150220913107,34.3667157585,37.9602356406,28.7702503682,0.14285714285714285,DEFEND,582,547,640,533
delhi,south east,2026,2,8105,delhi|south east,2026-Q2,161160262,139043986333.56,2525338,284668,862.7684306790219,11272.471249393151,8.871169221689827,63.817303663905584,55059.55493227441,566.1341000744727,8104,150544736,136773845990.59,2452239,279704,0.07051409622186999,0.01659776638236954,0.02980908467730914,0.01774733289477437,0.19389945336814196,4.0,0.20491729340406017,0.17673048600883653,0.36818851251840945,0.008836524300441826,0.93519882179676,33.4315169367,37.2238586156,30.7584683358,0.12371134020618557,DEFEND,596,557,621,546
delhi,south west,2026,2,8105,delhi|south west,2026-Q2,152799651,150937833857.5,2807436,254998,987.8153050068157,9082.94970927209,11.00963929128856,54.42676199920497,53763.588504778025,599.219017404058,8104,141272014,145566748436.42,2729898,251087,0.08159887208799899,0.036897749511976885,0.02840325902286467,0.015576274359086595,0.180056269814304,4.0,0.1954693676804326,0.11782032400589101,0.41237113402061853,0.08689248895434462,0.9543446244477173,35.1030927835,39.2857142857,31.6126656848,0.15463917525773196,DEFEND,575,528,615,527
delhi,west,2026,2,8105,delhi|west,2026-Q2,103992037,114916053001.72,2163729,177715,1105.0466585409804,8213.366831058787,12.175275018991082,48.06148875390587,53110.187552008596,585.1618434009509,8104,96046730,113430909492.51,2104731,175404,0.08272334727064634,0.013092934861005157,0.028031135570293797,0.013175298168798921,0.19099595604150843,4.0,0.1952213190291226,0.16200294550810015,0.39322533136966126,0.18114874815905743,0.914580265095729,37.5110456554,41.2739322533,35.6848306333,0.19293078055964655,DEFEND,548,500,570,502
goa,north goa,2026,2,8105,goa|north goa,2026-Q2,32267206,44147463987.34,722076,20847,1368.183659513005,2887.0922174397156,34.63692617642826,44.686717187664456,61139.63625344146,1547.8105242960619,8104,32187106,42618604145.44,716540,20650,0.002488574151400913,0.03587306230590315,0.007726016691322224,0.009539951573849903,0.24577029766990677,4.0,0.19092398291790896,0.4786450662739323,0.93519882179676,0.96759941089838,0.5154639175257731,72.2385861561,72.4226804124,65.8983799705,0.9248895434462445,EXPAND,51,45,92,50
gujarat,ahmedabad,2026,2,8105,gujarat|ahmedabad,2026-Q2,260700084,294794035228.68,6724772,515128,1130.778443587613,7660.155615684815,13.054565078970663,38.76712608249023,43837.03049392306,506.08797036852974,8104,248708675,290216242064.15,6510110,508603,0.04821467928289991,0.015773731793819135,0.03297363639016848,0.01282925975662752,0.27097739222024986,4.0,0.267255531431266,0.6450662739322534,0.29896907216494845,0.27540500736377027,0.9911634756995582,53.5346097202,55.265095729,60.2209131075,0.6170839469808542,DEFEND,261,239,162,237
gujarat,amreli,2026,2,8105,gujarat|amreli,2026-Q2,6205543,8811243821.91,434295,21573,1419.898922932288,4967.360895244016,20.131414267834792,14.288773759771583,20288.61447152281,287.6532239373291,8104,5693124,8495317912.84,421070,20842,0.09000664661440716,0.03718823854637665,0.031408079416723966,0.03507340946166404,0.18504235033776006,4.0,0.19326985646859807,0.1325478645066274,0.07511045655375552,0.792341678939617,0.2812960235640648,31.2886597938,32.0324005891,40.0662739323,0.08394698085419734,MONITOR,623,612,518,572
gujarat,anand,2026,2,8105,gujarat|anand,2026-Q2,12636908,14814305108.99,788309,47377,1172.304578698365,6009.952949921922,16.63906536927201,16.030399246995785,18792.510435615983,266.7308609662917,8104,12480312,15047020183.03,770465,46735,0.012547442724188285,-0.015465857771790326,0.023160039716275227,0.013737027923397926,0.22434963037199784,4.0,0.23974929646890475,0.3402061855670103,0.05743740795287187,0.5994108983799705,0.5537555228276878,37.7025036819,38.7702503682,48.4315169367,0.19882179675994108,MONITOR,545,537,368,499
gujarat,aravalli,2026,2,8105,gujarat|aravalli,2026-Q2,14115677,16774255949.3,404397,21620,1188.34229129074,5346.231549690032,18.704764107308048,34.90549385875761,41479.67455075087,652.8990286771508,8104,13353672,16054338897.79,398242,21241,0.05706333059550972,0.04484252239181896,0.015455426599906508,0.01784285108987338,0.33554108864984555,4.0,0.3270796466735702,0.9263622974963182,0.46686303387334316,0.7393225331369662,0.2503681885125184,62.9528718704,59.5729013255,69.1899852725,0.792341678939617,EXPAND,142,175,56,131
gujarat,banaskantha,2026,2,8105,gujarat|banaskantha,2026-Q2,39156532,54304178244.4,918807,54340,1386.8485146845999,5914.190901897787,16.908483621641516,42.61671058230945,59102.921771819325,720.583952889216,8104,38078479,54326231077.57,901406,52855,0.02831134615434605,-0.0004059334272334958,0.019304286858529807,0.02809573361082207,0.24967864042070786,4.0,0.30354450673117117,0.49042709867452133,0.5581737849779087,0.6170839469808542,0.6347569955817378,56.7893961708,57.5110456554,57.0839469809,0.6892488954344624,DEVELOP,212,203,219,192
gujarat,bharuch,2026,2,8105,gujarat|bharuch,2026-Q2,54956816,49075687018.13,1267931,55060,892.9863589282537,4342.507597022235,23.028169269887396,43.343696147503294,38705.32940525155,998.1259716672721,8104,53313819,48459797879.47,1216696,53959,0.030817469669542907,0.012709279972480392,0.042109943650673554,0.020404381104171643,0.29796967218297166,4.0,0.2981847348539866,0.7776141384388807,0.7496318114874816,0.8674521354933726,0.7717231222385862,79.1899852725,79.1605301915,80.7584683358,0.9808541973490427,EXPAND,14,14,5,14
gujarat,bhavnagar,2026,2,8105,gujarat|bhavnagar,2026-Q2,15337119,23522968872.05,956952,74999,1533.7280014616827,7837.279194776749,12.759530127068361,16.027051513555538,24581.13768720897,204.49764663528848,8104,14394923,22886954565.44,937105,73702,0.06545335463065682,0.027789381273574998,0.02117905677592158,0.017597894222680432,0.13171739383083403,4.0,0.1735052607217027,0.029455081001472753,0.01914580265095729,0.23564064801178203,0.6539027982326951,20.3313696613,23.4536082474,25.7731958763,0.011782032400589101,MONITOR,672,664,656,617
gujarat,chhotaudepur,2026,2,8105,gujarat|chhotaudepur,2026-Q2,3256480,3955489213.37,198583,4982,1214.6517753433154,2508.77466852651,39.86009634684866,16.398583967409092,19918.569129129886,653.6491368928141,8104,3088252,3882844542.34,196133,4954,0.054473533895549986,0.018709137138470222,0.012491523608979538,0.0056519983851432976,0.2546580404945151,4.0,0.24839252140969093,0.5272459499263623,0.4698085419734904,0.9837997054491899,0.08247422680412371,53.8070692194,51.5832106038,57.5846833579,0.6273932253313697,DEVELOP,253,297,207,231
gujarat,dahod,2026,2,8105,gujarat|dahod,2026-Q2,16933391,19207494272.85,613068,18617,1134.2969800230796,3036.6941350714765,32.93054734919697,27.62073864563148,31330.120431746556,909.566041789762,8104,16699724,19667803871.84,602454,18293,0.01399226717758939,-0.02340421950460181,0.01761794261470584,0.017711692997321338,0.3569970644086313,4.0,0.32864176728760947,0.9602356406480118,0.6936671575846833,0.9617083946980854,0.4256259204712813,78.7039764359,76.0309278351,82.7098674521,0.979381443298969,EXPAND,15,24,1,15
gujarat,devbhumi dwarka,2026,2,8105,gujarat|devbhumi dwarka,2026-Q2,4455573,5423263634.89,239469,12813,1217.1865739580521,5350.588176340153,18.68953406696324,18.606053393132306,22647.0383844673,347.7384687426832,8104,4088437,5297142517.16,236076,12644,0.0897986198637768,0.023809274023010252,0.014372490215015521,0.013366023410313232,0.3520907371391133,4.0,0.3403650049380037,0.9543446244477173,0.12665684830633284,0.7363770250368189,0.11192930780559647,52.4447717231,48.2326951399,66.7452135493,0.5861561119293078,DEVELOP,282,351,81,257
gujarat,gandhinagar,2026,2,8105,gujarat|gandhinagar,2026-Q2,60548590,66840655989.8,1507310,81825,1103.9176302833807,5428.544891230072,18.421142682554233,40.16996503705276,44344.33261226954,739.9766575007638,8104,58252097,65725223002.5,1462040,80600,0.03942335329147029,0.016971155613387134,0.030963585127629978,0.015198511166253148,0.26347120159681436,4.0,0.2739534072522033,0.593519882179676,0.5699558173784978,0.7216494845360825,0.8321060382916053,66.7378497791,67.9307805596,69.8011782032,0.8615611192930781,EXPAND,95,83,50,88
gujarat,gir somnath,2026,2,8105,gujarat|gir somnath,2026-Q2,7300379,11466839678.48,395797,29545,1570.718407699107,7464.685179523847,13.396412252496193,18.444755771266582,28971.517415442762,247.0935522084955,8104,6862443,11072508852.28,391533,29213,0.06381634062388564,0.03561350290713916,0.010890525192001732,0.011364803340978336,0.21504598210979275,4.0,0.23779901494690936,0.28718703976435933,0.042709867452135494,0.3078055964653903,0.24594992636229748,22.2974963181,22.0913107511,28.4094256259,0.016200294550810016,MONITOR,669,669,644,614
gujarat,jamnagar,2026,2,8105,gujarat|jamnagar,2026-Q2,21411527,18808789439.0,728437,32448,878.4422259561403,4454.468952016441,22.449365138067062,29.393793835293923,25820.74968597147,659.8720106015779,8104,19624177,17795639415.09,697212,31791,0.09107897875156756,0.056932487800965825,0.044785517174116274,0.020666226290459555,0.43114839094848834,4.0,0.40654235585281184,0.9926362297496318,0.4786450662739323,0.8527245949926362,0.5228276877761414,73.5198821797,71.1708394698,82.6215022091,0.9366715758468336,EXPAND,44,53,3,42
gujarat,junagadh,2026,2,8105,gujarat|junagadh,2026-Q2,5426332,8547632836.19,447860,34942,1575.213760637941,7801.991693832894,12.817239997710491,12.11613450631894,19085.501800093778,155.29540381203137,8104,5096682,8315710897.65,440761,34333,0.06467933451606367,0.027889610569018286,0.01610623444451753,0.017738036291614412,0.22766914598731058,4.0,0.20835121149279906,0.3637702503681885,0.005891016200294551,0.24153166421207659,0.2974963181148748,23.0486008837,22.7172312224,30.441826215,0.020618556701030927,MONITOR,666,668,623,611
gujarat,kachchh,2026,2,8105,gujarat|kachchh,2026-Q2,60579670,60581479510.03,1507864,60486,1000.0298699222033,4011.3697256516502,24.92914062758324,40.17581824355512,40177.01829212051,1001.54862282181,8104,58549681,60631815560.5,1442061,59063,0.03467122220529273,-0.0008301920370464844,0.045631218096876536,0.024092917731913355,0.27231207645591327,4.0,0.31659987300326053,0.6524300441826215,0.7525773195876289,0.9131075110456554,0.833578792341679,77.8865979381,78.7923416789,78.8954344624,0.9764359351988218,EXPAND,17,15,11,17
gujarat,kheda,2026,2,8105,gujarat|kheda,2026-Q2,16157480,17711587003.28,757478,45638,1096.1849869707405,6024.993465156744,16.597528375476575,21.330626103992458,23382.31209788271,354.0356720276962,8104,16146714,17777744828.84,739799,44925,0.0006667610511958966,-0.003721384584881471,0.023897031490986098,0.01587089593767388,0.23440904871274837,4.0,0.2922691037903304,0.4050073637702504,0.12960235640648013,0.5964653902798233,0.5419734904270986,41.1413843888,41.8262150221,50.6259204713,0.28424153166421207,MONITOR,487,488,331,447
gujarat,mahesana,2026,2,8105,gujarat|mahesana,2026-Q2,38171930,51062246904.23,1174556,56740,1337.6909918945676,4830.761581397566,20.700669721536833,32.499029420478884,43473.65890109114,672.751674303842,8104,36550667,50199878099.88,1150074,56032,0.044356591358510666,0.017178703156095265,0.02128732585903159,0.012635636778983494,0.2389168474045793,4.0,0.28398487663601174,0.42857142857142855,0.49779086892488955,0.8144329896907216,0.7407952871870398,60.4786450663,62.0397643594,64.1678939617,0.7525773195876289,EXPAND,169,146,113,156
gujarat,mahisagar,2026,2,8105,gujarat|mahisagar,2026-Q2,6137394,6998223144.4,282541,9790,1140.2597168114023,3464.9838430528666,28.860163432073545,21.722135902400005,24768.876532609425,626.9043922369765,8104,5941319,6771636191.8,277330,9733,0.033001931052683675,0.03346118222865857,0.01878988930155412,0.005856364944004877,0.31579918896060244,4.0,0.34315334682082854,0.8541973490427098,0.4374079528718704,0.9396170839469808,0.15758468335787923,63.2032400589,59.7201767305,70.9941089838,0.801178203240059,EXPAND,136,170,40,126
gujarat,narmada,2026,2,8105,gujarat|narmada,2026-Q2,4126831,4111500178.49,170846,3827,996.28508618114,2240.0290319937253,44.64227854716488,24.155268487409714,24065.53374670756,1078.3462241964985,8104,4040075,4117674983.53,167278,3772,0.021473858777374177,-0.0014995853399548675,0.021329762431401722,0.014581124072110319,0.20659211627732232,4.0,0.2309975561610325,0.24005891016200295,0.7776141384388807,0.9926362297496318,0.05891016200294551,52.6362297496,51.7304860088,45.8173784978,0.5905743740795287,DEVELOP,279,294,417,254
gujarat,navsari,2026,2,8105,gujarat|navsari,2026-Q2,11247754,12752446048.51,482976,19373,1133.7771121692385,4011.1723978003047,24.930367005626387,23.288432551513946,26403.891805203573,580.5891704950188,8104,10526149,12327691945.47,473379,18932,0.06855356123117762,0.034455282052702874,0.02027339615825796,0.023293893936192633,0.23201477048020158,4.0,0.20919092183850346,0.38880706921944036,0.3858615611192931,0.914580265095729,0.3225331369661267,50.6259204713,50.29455081,55.6259204713,0.5390279823269514,DEVELOP,314,316,241,286
gujarat,panchmahals,2026,2,8105,gujarat|panchmahals,2026-Q2,14559552,14130695548.49,598664,26426,970.5446670673658,4414.162201167934,22.654355558919246,24.320072695201315,23603.716857018295,550.9555740558541,8104,13786221,13734478188.22,583676,25880,0.056094487387080116,0.028848373767110802,0.025678629924821283,0.02109737248840804,0.32556096124699785,4.0,0.3127717253682689,0.8910162002945509,0.35051546391752575,0.8571428571428571,0.41384388807069217,65.1988217968,62.8129602356,75.9867452135,0.8365243004418262,EXPAND,112,135,19,104
gujarat,patan,2026,2,8105,gujarat|patan,2026-Q2,22885128,30611398150.67,655094,43133,1337.610965106684,6584.245925012288,15.187768066213804,34.93411327229375,46728.25296929906,530.5712099784388,8104,22224110,30139237855.61,643995,42375,0.02974328330808307,0.015665966648592988,0.017234605858741148,0.017887905604719867,0.2426350731611222,4.0,0.31804362234604056,0.46097201767304863,0.3269513991163476,0.4742268041237113,0.45949926362297494,43.0486008837,43.0412371134,46.5243004418,0.3269513991163476,MONITOR,458,463,403,420
gujarat,porbandar,2026,2,8105,gujarat|porbandar,2026-Q2,2128556,3828104922.87,161118,10103,1798.4515901249486,6270.559465733189,15.947540334554093,13.211162005486662,23759.63531616579,210.6855389488271,8104,1998527,3704909547.62,158525,9732,0.06506241847120409,0.0332519252269301,0.016357041476107836,0.038121660501438503,0.2630288516026129,4.0,0.26121835191483156,0.5891016200294551,0.026509572901325478,0.5346097201767305,0.045655375552282766,32.6141384389,29.8969072165,43.4167893962,0.10751104565537556,MONITOR,607,628,460,557
gujarat,rajkot,2026,2,8105,gujarat|rajkot,2026-Q2,33468985,44272311227.45,1844876,115528,1322.7861922747284,6262.101084300517,15.969081088567274,18.14159054592287,23997.445480048522,289.70453050342775,8104,32947858,44328218701.06,1771030,113669,0.01581671864677814,-0.0012612163368672658,0.041696639808473046,0.016354502986742236,0.21697080345052777,4.0,0.2699058533238125,0.29896907216494845,0.07952871870397643,0.5375552282768777,0.8895434462444771,42.1870397644,45.1399116348,53.0117820324,0.30338733431516934,MONITOR,474,415,293,435
gujarat,sabarkantha,2026,2,8105,gujarat|sabarkantha,2026-Q2,22687281,28403788188.49,637937,31827,1251.9696912331628,4989.050642931826,20.043893549501995,35.563513324983504,44524.440796646064,712.831275332265,8104,21698901,27200553264.02,626782,31459,0.045549772313353554,0.04423567832576403,0.01779725646237451,0.011697765345370259,0.2706604950009004,4.0,0.27984923726481387,0.6435935198821797,0.5478645066273933,0.7893961708394698,0.4418262150220913,61.5758468336,60.5670103093,64.4182621502,0.7731958762886598,EXPAND,155,158,110,144
gujarat,surendranagar,2026,2,8105,gujarat|surendranagar,2026-Q2,12940991,19016607621.18,624714,20845,1469.4861947728732,3336.726886223136,29.96948908611178,20.71506481365873,30440.501767496808,620.8199088510435,8104,12259537,18863739613.73,610617,20010,0.05558562285019408,0.008103801821921719,0.023086484654046613,0.04172913543228396,0.14744770956296938,4.0,0.2137861966366395,0.044182621502209134,0.43151693667157587,0.946980854197349,0.4329896907216495,44.4477172312,46.3917525773,45.736377025,0.36818851251840945,MONITOR,430,390,420,392
gujarat,tapi,2026,2,8105,gujarat|tapi,2026-Q2,7984270,8883646476.4,268397,9584,1112.6435449201992,3570.82977827621,28.00469532554257,29.74798526064002,33098.90377463235,833.083263772955,8104,7593831,8756600170.63,263511,9435,0.051415286961219,0.014508633864101617,0.01854192045113856,0.01579226285108648,0.2559298364168954,4.0,0.2643163955614917,0.5390279823269514,0.6509572901325479,0.9381443298969072,0.15316642120765833,58.9617083947,57.0324005891,58.2253313697,0.7290132547864506,DEVELOP,185,213,197,167
gujarat,vadodara,2026,2,8105,gujarat|vadodara,2026-Q2,66298282,63196981477.49,2202693,149674,953.2220077360375,6795.045882472046,14.716604086214039,30.098739134323303,28690.780547942904,442.9512273340727,8104,64128325,62325860325.5,2131647,147486,0.03383773083111086,0.013976881304815114,0.03332915815798776,0.01483530640196351,0.25570633408135346,4.0,0.2379442561834249,0.5360824742268041,0.22827687776141384,0.41973490427098675,0.9175257731958762,50.6332842415,52.5405007364,59.0721649485,0.540500736377025,DEFEND,313,276,180,285
gujarat,valsad,2026,2,8105,gujarat|valsad,2026-Q2,51903972,48772915110.5,1252554,52222,939.6759675829819,4169.241405959344,23.985178660334725,41.43851043547823,38938.772388655496,993.9100762130903,8104,50752709,48214113969.62,1210516,50852,0.022683774377442623,0.011589990873462908,0.03472733941558803,0.026940926610556026,0.2522159268808184,4.0,0.2804024392023833,0.5110456553755522,0.7466863033873343,0.8865979381443299,0.7687776141384389,71.5390279823,72.8276877761,70.6921944035,0.914580265095729,EXPAND,58,44,44,55
haryana,ambala,2026,2,8105,haryana|ambala,2026-Q2,15032050,18877018868.79,650109,50067,1255.784731210314,7701.32393183297,12.984780394271676,23.122353328441847,29036.698259507255,300.2386801685741,8104,13592233,17568671769.09,633888,49552,0.10592939364709242,0.07447046179107764,0.025589694078449243,0.01039312237649348,0.23447285178869026,4.0,0.224385813621091,0.406480117820324,0.0898379970544919,0.26362297496318116,0.4491899852724595,30.0147275405,30.2282768778,36.7157584683,0.07069219440353461,MONITOR,632,625,556,579
haryana,bhiwani,2026,2,8105,haryana|bhiwani,2026-Q2,22148120,38600171112.52,635555,39027,1742.8193053189163,6140.617255784315,16.285007815102365,34.84847102139075,60734.588056926616,567.5076229277167,8104,20026687,35273420810.83,620205,38078,0.10593030190165753,0.09431323147055193,0.024749881087704928,0.024922527443668185,0.16450640716913112,4.0,0.19318398101146084,0.06774668630338733,0.3696612665684831,0.5625920471281296,0.44035346097201766,34.145802651,36.0088365243,33.4094256259,0.13843888070692195,MONITOR,586,575,593,537
haryana,charkhi dadri,2026,2,8105,haryana|charkhi dadri,2026-Q2,9464743,18057882059.22,261445,12773,1907.9104481991747,4885.53997972805,20.46856650747671,36.20166000497237,69069.52536564096,740.9960854928364,8104,8681381,16660516053.39,254870,12381,0.09023472187201542,0.08387291254076557,0.025797465374504558,0.031661416686858956,0.11748240965266543,4.0,0.17222737315605552,0.014727540500736377,0.5714285714285714,0.8085419734904271,0.14138438880706922,37.7687776141,38.4020618557,32.4226804124,0.20176730486008837,MONITOR,542,544,608,496
haryana,faridabad,2026,2,8105,haryana|faridabad,2026-Q2,166618683,162810392921.07,2760927,296168,977.1436791459336,10727.121723971695,9.322165122498042,60.34881871197609,58969.46674833127,562.5816529807406,8104,153065849,156925622211.82,2682683,291865,0.08854250695725074,0.0375003815585111,0.02916632341577441,0.014743117537217465,0.20914994990827052,4.0,0.23076743819871076,0.2606774668630339,0.36229749631811486,0.020618556701030927,0.9513991163475699,36.4212076583,39.8748159057,34.9337260677,0.17525773195876287,DEFEND,561,522,577,513
haryana,fatehabad,2026,2,8105,haryana|fatehabad,2026-Q2,9957401,19037814263.85,479172,34883,1911.9260401233212,7279.849406893558,13.736547888656366,20.78043166128238,39730.648418208904,285.45139466215636,8104,8819309,16255307953.05,463895,33886,0.12904548417568762,0.17117524434705733,0.03293202125480987,0.029422180251431174,0.2524002427976366,4.0,0.2227035974336956,0.5154639175257731,0.07216494845360824,0.33431516936671574,0.31516936671575846,31.9293078056,30.9278350515,40.1988217968,0.09720176730486009,MONITOR,614,620,515,563
haryana,gurugram,2026,2,8105,haryana|gurugram,2026-Q2,405201286,332087409061.4,5282943,357594,819.5615871303035,6768.840776817013,14.77357841574523,76.69991631558395,62860.30514836144,1133.1322281693765,8104,370105054,314986447932.11,5103569,350327,0.09482775666176124,0.054291101225332206,0.03514677669685673,0.020743476808809946,0.19586492000150946,4.0,0.21118520061424545,0.18409425625920472,0.801178203240059,0.42857142857142855,0.9808541973490427,55.88365243,59.8674521355,46.8851251841,0.6730486008836525,DEFEND,223,167,395,203
haryana,hisar,2026,2,8105,haryana|hisar,2026-Q2,36869760,63066914045.11,1127535,97843,1710.5322639775795,8677.60202565774,11.523920975440246,32.69943726802272,55933.44246086374,376.82573101805957,8104,33093725,57315913363.59,1101021,95444,0.11410123822567564,0.1003386379806579,0.024081284553155724,0.02513515778886055,0.1942193189796111,4.0,0.20383946454069574,0.17820324005891017,0.1561119293078056,0.13549337260677466,0.7231222385861561,27.0986745214,29.823269514,29.9484536082,0.044182621502209134,MONITOR,650,630,631,596
haryana,jhajjar,2026,2,8105,haryana|jhajjar,2026-Q2,41818978,53437506951.9,876045,37642,1277.8290983557752,4296.811236865686,23.273072631634875,47.7361071634448,60998.58677567933,1110.9658891663566,8104,37569670,49237015428.17,846998,36672,0.11310474646170698,0.08531166008341717,0.03429405972623312,0.026450698080279222,0.24434061130693463,4.0,0.27505162873527317,0.4742268041237113,0.7952871870397643,0.8748159057437408,0.6170839469808542,68.3210603829,69.0353460972,65.0147275405,0.882179675994109,EXPAND,81,71,101,75
haryana,jind,2026,2,8105,haryana|jind,2026-Q2,13404299,26541342999.53,607617,52148,1980.061993508948,8582.380018992228,11.651779550510087,22.060441034401606,43681.04085226384,257.0433957198742,8104,11732332,22842678801.33,587860,50926,0.14250934937742987,0.16191902142338255,0.033608342122273926,0.02399560146094326,0.22164585309516815,4.0,0.20429459555991614,0.3284241531664212,0.050073637702503684,0.1487481590574374,0.4212076583210604,23.2474226804,23.7113402062,28.8733431517,0.026509572901325478,MONITOR,662,663,639,607
haryana,kaithal,2026,2,8105,haryana|kaithal,2026-Q2,8615306,16614088136.39,492920,55360,1928.438541404101,11231.031404690417,8.903901734104046,17.47810192323298,33705.445379351615,155.6233020231214,8104,7623071,14474990443.57,477398,54313,0.13016210920769322,0.14777886736154766,0.03251375162862025,0.01927715279951392,0.25237688765669786,4.0,0.21690266316283707,0.5139911634756995,0.007363770250368188,0.010309278350515464,0.32989690721649484,22.4594992636,21.5390279823,29.1678939617,0.017673048600883652,MONITOR,668,670,637,613
haryana,karnal,2026,2,8105,haryana|karnal,2026-Q2,25652429,36442489114.46,925983,74492,1420.6252793628237,8044.640128382486,12.430636846909735,27.702915712275495,39355.46237291613,344.36488481984645,8104,23222506,33359341071.96,898384,72666,0.10463655386718385,0.09242233040063019,0.030720716308393792,0.025128670905237627,0.20471098362264795,4.0,0.21603751222101514,0.22827687776141384,0.12223858615611193,0.20176730486008837,0.6391752577319587,27.7319587629,29.7864506627,32.1723122239,0.05154639175257732,MONITOR,645,631,611,591
haryana,kurukshetra,2026,2,8105,haryana|kurukshetra,2026-Q2,13800114,21030787180.61,557185,53559,1523.957496337349,9612.426752335401,10.403200209115182,24.76756194082755,37744.71168572377,257.6619055620904,8104,12421699,19332486831.23,545213,52973,0.11096831439885957,0.08784696786326207,0.021958390573959097,0.01106223925395966,0.20958785036890815,4.0,0.20537703269392543,0.2621502209131075,0.05154639175257732,0.053019145802650956,0.3858615611192931,18.1958762887,18.8144329897,21.9882179676,0.007363770250368188,MONITOR,675,674,670,619
haryana,mahendragarh,2026,2,8105,haryana|mahendragarh,2026-Q2,26422660,40129490210.95,549446,33554,1518.7528511872006,6106.878564954518,16.374977647970436,48.08963938221409,73036.27692430193,787.4667699827145,8104,24495018,38861295520.97,538615,32636,0.07869526774791513,0.0326338757619562,0.020108983225495036,0.02812844711361695,0.12799181233813428,4.0,0.17161306671717103,0.022091310751104567,0.6097201767304861,0.572901325478645,0.37702503681885124,37.7687776141,39.5434462445,30.3608247423,0.20176730486008837,MONITOR,542,526,625,497
haryana,nuh,2026,2,8105,haryana|nuh,2026-Q2,55133036,66141626693.24,858037,77842,1199.6732175830114,9072.102951271332,11.022802600138743,64.25484681896002,77084.81882860529,708.2684925875492,8104,52341029,64171723065.62,829734,75791,0.053342608147807,0.03069737780931381,0.034110931937223254,0.027061260571835666,0.1216745620028794,4.0,0.19651980002620223,0.017673048600883652,0.5375552282768777,0.08836524300441827,0.6008836524300442,28.1958762887,31.1119293078,18.8217967599,0.05743740795287187,MONITOR,641,617,675,587
haryana,palwal,2026,2,8105,haryana|palwal,2026-Q2,54368476,65675470380.47,797664,81486,1207.969676775012,10215.579492116982,9.78896988439732,68.15962109359329,82334.75546153518,667.212478217117,8104,49082092,60446060777.92,780396,79459,0.10770494460586555,0.08651365424395396,0.02212722771516007,0.025510011452447134,0.21116402407416923,4.0,0.24727615137419845,0.27245949926362295,0.49042709867452133,0.030927835051546393,0.5596465390279823,32.4005891016,33.8365243004,25.972017673,0.10456553755522828,MONITOR,609,599,655,558
haryana,panchkula,2026,2,8105,haryana|panchkula,2026-Q2,12728807,13291531031.51,474365,26943,1044.2087016882258,5679.803526820065,17.606242808892848,26.833360387043733,28019.628411687205,472.43465835281893,8104,11387465,12457697312.51,459453,26280,0.11779109749184746,0.06693321390644691,0.032455985704740176,0.025228310502283025,0.2585600486306512,4.0,0.2216730034942312,0.5596465390279823,0.2606774668630339,0.6730486008836525,0.3122238586156112,46.3770250368,45.1399116348,53.7481590574,0.4329896907216495,MONITOR,386,415,277,350
haryana,panipat,2026,2,8105,haryana|panipat,2026-Q2,37978024,44721871421.83,1103364,71025,1177.5723618961852,6437.132260976432,15.534868004223865,34.42021309377504,40532.29162980666,534.7134670890531,8104,34817059,42482728649.71,1064781,69687,0.09078782329087587,0.052707131657732775,0.03623562028248073,0.019200137758836,0.24582432772749918,4.0,0.27845976269704564,0.4801178203240059,0.3328424153166421,0.5022091310751104,0.7128129602356407,49.5360824742,50.6995581738,54.6023564065,0.5022091310751104,DEVELOP,339,308,264,306
haryana,rewari,2026,2,8105,haryana|rewari,2026-Q2,57775474,67560465787.52,959217,53143,1169.3623800909015,5540.247931385703,18.0497337372749,60.23191206994872,70432.93205554113,1087.1699753495286,8104,52383888,64391040499.41,933311,51789,0.10292450991801139,0.04922152621744069,0.027757092759005397,0.026144548070053508,0.1955314989391983,4.0,0.21652291373961102,0.18114874815905743,0.7849779086892489,0.6980854197349042,0.6553755522827688,55.618556701,57.9896907216,48.0633284242,0.6642120765832106,DEVELOP,229,196,375,209
haryana,rohtak,2026,2,8105,haryana|rohtak,2026-Q2,29566479,43689109372.15,785846,43357,1477.656821163927,5517.238746522856,18.125008649122403,37.623757071996295,55595.00127524986,681.9309223424129,8104,26433973,40234434690.43,767040,42406,0.11850303395558437,0.08586363169510913,0.024517626199416,0.022426071782295054,0.20706687297706994,4.0,0.21561534578279357,0.24742268041237114,0.5125184094256259,0.7010309278350515,0.5522827687776142,48.8070692194,50.3313696613,48.2400589102,0.49189985272459497,MONITOR,346,315,373,313
haryana,sirsa,2026,2,8105,haryana|sirsa,2026-Q2,17121408,29476341651.78,690128,37959,1721.607338121958,5500.284005285976,18.180879369846412,24.809032527299284,42711.412450704796,451.05002766142417,8104,15405999,25916369843.07,669119,37325,0.11134682015752428,0.13736382951264026,0.031398002447994955,0.01698593436034823,0.2526909605805745,4.0,0.241238001407575,0.5184094256259205,0.2341678939617084,0.7039764359351989,0.49189985272459497,48.8438880707,48.7113402062,57.6730486009,0.49337260677466865,MONITOR,345,335,206,312
haryana,sonipat,2026,2,8105,haryana|sonipat,2026-Q2,56947232,67951561768.8,1337266,70723,1193.2373072812388,5288.626197031855,18.908502184579273,42.584820073194116,50813.796035194195,805.2151633839062,8104,51664135,63023630244.02,1292309,68980,0.10225850098912903,0.07819180687782734,0.034788119559640895,0.02526819367932731,0.23939826607263193,4.0,0.2787905569788605,0.43593519882179677,0.6273932253313697,0.7452135493372607,0.7879234167893961,63.1516936672,64.911634757,63.2179675994,0.7982326951399117,EXPAND,138,113,122,128
haryana,yamunanagar,2026,2,8105,haryana|yamunanagar,2026-Q2,14090173,18267393422.92,626454,49238,1296.4633878462669,7859.794972974872,12.722978187578699,22.491951523974624,29159.991672046148,286.16460863560667,8104,12905112,17304440776.59,608695,48618,0.09182880396543625,0.05564771833786808,0.029175531259497678,0.01275247850590322,0.20284908680630753,4.0,0.20211535231807665,0.22385861561119294,0.07363770250368189,0.23122238586156113,0.43593519882179677,23.0559646539,24.11634757,27.9455081001,0.022091310751104567,MONITOR,665,661,645,610
himachal pradesh,bilaspur,2026,2,8105,himachal pradesh|bilaspur,2026-Q2,2815832,3264443076.95,162388,5355,1159.317415580901,3297.657462374067,30.32455648926237,17.340148286819222,20102.73589766485,525.8323062558356,8104,2419113,2874994415.09,159306,5266,0.16399357946486992,0.13546066726804695,0.019346415075389478,0.016900873528294724,0.14298332386879098,4.0,0.14628035399122719,0.035346097201767304,0.32106038291605304,0.9484536082474226,0.048600883652430045,33.7702503682,33.8365243004,35.824742268,0.13107511045655376,MONITOR,591,599,567,542
himachal pradesh,hamirpur,2026,2,8105,himachal pradesh|hamirpur,2026-Q2,3753732,4422561493.12,220830,13790,1178.1772095397328,6244.622560340534,16.013778100072518,16.99828827604945,20026.995848027895,272.2068165337201,8104,3379929,4098130864.09,216250,13718,0.11059492669816429,0.07916551222725299,0.021179190751445143,0.005248578509986945,0.14304976732373875,4.0,0.14329162303435766,0.036818851251840944,0.060382916053019146,0.5463917525773195,0.09572901325478646,18.1885125184,18.4830633284,22.9896907216,0.005891016200294551,MONITOR,676,676,669,620
himachal pradesh,kangra,2026,2,8105,himachal pradesh|kangra,2026-Q2,13562231,16348362279.89,678305,35775,1205.4331090430476,5274.17607123639,18.96030747728861,19.994296076248887,24101.786482319898,379.09800139762405,8104,11114672,13813571258.55,663905,34988,0.2202097371834275,0.18350005034151295,0.021689850204472005,0.022493426317594656,0.19714999825665025,4.0,0.16815858260751693,0.19145802650957292,0.16200294550810015,0.7511045655375552,0.47717231222385864,38.1148748159,39.5434462445,45.8762886598,0.2106038291605302,MONITOR,537,526,414,492
himachal pradesh,mandi,2026,2,8105,himachal pradesh|mandi,2026-Q2,5727956,6869750993.01,378762,15444,1199.3372492753087,4077.494574429325,24.524864024864026,15.122837032226041,18137.381767468753,370.8855218855219,8104,4842026,5894969178.18,371900,15066,0.1829667994347821,0.16535825470269083,0.01845119655821459,0.02508960573476693,0.13260856110744967,4.0,0.13552367609776012,0.030927835051546393,0.14580265095729014,0.9013254786450663,0.23711340206185566,31.8483063328,32.8792341679,38.7113402062,0.09572901325478646,MONITOR,615,605,532,564
himachal pradesh,shimla,2026,2,8105,himachal pradesh|shimla,2026-Q2,7992452,8928945601.07,434661,9559,1117.172252153657,2199.1851120758474,45.47138822052516,18.38778266281079,20542.320569524294,836.1180039753112,8104,6316230,7299906813.57,426075,9277,0.26538330618106043,0.2231588469693524,0.02015138179897913,0.030397757895871402,0.13137905920506432,4.0,0.1292557102022383,0.027982326951399118,0.6539027982326951,0.9955817378497791,0.28276877761413843,47.7319587629,49.0058910162,43.0338733432,0.4639175257731959,MONITOR,365,333,468,329
himachal pradesh,sirmaur,2026,2,8105,himachal pradesh|sirmaur,2026-Q2,6086236,5744384380.42,286899,10545,943.8320138128065,3675.509499858835,27.207112375533427,21.213862718238822,20022.322770103765,577.1679468942626,8104,5566209,5476478281.84,278577,10268,0.0934257049995788,0.04891941221941409,0.029873248688872422,0.02697701597195179,0.17059298256141808,4.0,0.19118846187897814,0.08394698085419734,0.38291605301914583,0.930780559646539,0.16789396170839468,38.7187039764,39.1384388807,40.1325478645,0.22974963181148747,MONITOR,524,534,517,480
himachal pradesh,solan,2026,2,8105,himachal pradesh|solan,2026-Q2,17710629,14099892031.46,679941,26040,796.1259891706839,3829.7440513221,26.111405529953917,26.047302633610858,20736.934574411604,680.1316820276497,8104,16023700,13165938772.01,660245,25546,0.10527712076486706,0.07093708057001802,0.02983135048353258,0.019337665387927583,0.18945801526871353,4.0,0.18776894000994904,0.15463917525773196,0.5095729013254786,0.9219440353460973,0.4801178203240059,50.029455081,51.6568483063,50.4565537555,0.5139911634756995,DEVELOP,330,295,336,300
himachal pradesh,una,2026,2,8105,himachal pradesh|una,2026-Q2,4304644,5318956150.67,229301,14351,1235.6320640382805,6258.585876206384,15.97805031008292,18.772896760153685,23196.393171726246,299.9542888997282,8104,3792491,4872679209.0,224843,14205,0.13504395923418144,0.09158758919440291,0.01982716829076292,0.01027807110172474,0.17665369734893432,4.0,0.18543617075302316,0.10603829160530191,0.08836524300441827,0.540500736377025,0.10014727540500737,20.9057437408,20.8762886598,25.6627393225,0.013254786450662739,MONITOR,671,671,659,616
jammu & kashmir,anantnag,2026,2,8105,jammu & kashmir|anantnag,2026-Q2,12753501,12695912594.16,396835,38705,995.484502189634,9753.423967139996,10.252809714507169,32.13804477931634,31992.925508485896,329.505257718641,8104,8999904,9348660645.95,360303,37810,0.41707078208834236,0.3580461496011287,0.10139243914150042,0.023670986511504788,0.18857586097535806,4.0,0.2663620701587655,0.14580265095729014,0.10751104565537556,0.05154639175257732,0.24742268041237114,13.2989690722,13.8070692194,13.8217967599,0.0014727540500736377,MONITOR,679,679,679,623
jammu & kashmir,bandipore,2026,2,8105,jammu & kashmir|bandipore,2026-Q2,4916327,4743115810.98,143040,12141,964.7681716411458,8487.835570469799,11.781566592537683,34.370295022371366,33159.3666875,404.9359196112347,8104,3828323,3833604448.68,137074,11869,0.2841985903488289,0.2372470541693903,0.04352393597618809,0.022916842193950737,0.16671832223964644,4.0,0.29927563048728634,0.07216494845360824,0.19440353460972018,0.16053019145802652,0.030927835051546393,11.6568483063,11.4506627393,9.2783505155,0.0,MONITOR,680,680,680,624
jammu & kashmir,baramulla,2026,2,8105,jammu & kashmir|baramulla,2026-Q2,14493705,14607556242.48,452576,40699,1007.8552200751981,8992.74376016404,11.120076660360205,32.02490852365128,32276.471227992646,356.11943782402517,8104,11414540,12087215310.69,437307,39680,0.26975813304784957,0.2085129508333483,0.03491597436126104,0.025680443548387055,0.17862635434194485,4.0,0.2722266783330212,0.11487481590574374,0.13549337260677466,0.101620029455081,0.30338733431516934,15.441826215,16.3843888071,15.736377025,0.004418262150220913,MONITOR,677,677,677,621
jammu & kashmir,budgam,2026,2,8105,jammu & kashmir|budgam,2026-Q2,8763825,9741535081.66,295344,15558,1111.5620270441275,5267.755566390379,18.983416891631315,29.673279294653014,32983.69048181104,563.3002313922098,8104,6730924,7749321688.02,282533,15229,0.30202406088673706,0.25708229363091806,0.04534337581804593,0.02160351960076179,0.15704507179262128,4.0,0.23541013085002638,0.060382916053019146,0.3637702503681885,0.7525773195876289,0.17673048600883653,33.2547864507,33.8365243004,33.1737849779,0.11929307805596466,MONITOR,599,599,596,549
jammu & kashmir,doda,2026,2,8105,jammu & kashmir|doda,2026-Q2,4015464,3962662600.46,147939,4394,986.8504861355998,2970.1430995207484,33.66841147018662,27.142700707724128,26785.787388450644,913.8516158397815,8104,3291350,3356048089.88,141785,4168,0.22000516505385326,0.18075262759470467,0.04340374510702816,0.05422264875239913,0.08221687869198147,4.0,0.13085494996044056,0.004418262150220913,0.6995581737849779,0.9631811487481591,0.035346097201767304,42.4079528719,42.5625920471,34.7717231222,0.31075110456553756,MONITOR,469,470,578,431
jammu & kashmir,ganderbal,2026,2,8105,jammu & kashmir|ganderbal,2026-Q2,3229873,3385426373.65,128599,7398,1048.160832840796,5752.766351215795,17.38294133549608,25.1158484902682,26325.44867106276,436.5873208975399,8104,2302550,2363671720.11,109077,7223,0.4027373998393087,0.432274348779893,0.17897448591362064,0.024228160044302838,0.18466238361976628,4.0,0.1888541184844707,0.12960235640648013,0.22091310751104565,0.6553755522827688,0.023564064801178203,26.2665684831,25.736377025,28.7113402062,0.039764359351988215,MONITOR,653,654,641,599
jammu & kashmir,jammu,2026,2,8105,jammu & kashmir|jammu,2026-Q2,36376849,40933379457.51,1077002,66318,1125.259075009768,6157.648732314332,16.239965017039115,33.77602734256761,38006.78128500226,548.5215024578546,8104,35902750,40889963570.87,1040435,65122,0.01320508874668369,0.0010617736688551815,0.035145876484355076,0.018365529314210205,0.2438576303170843,4.0,0.23005599575575997,0.4727540500736377,0.34609720176730485,0.5596465390279823,0.7010309278350515,50.8468335788,51.9882179676,56.0235640648,0.5478645066273933,DEVELOP,308,288,236,280
jammu & kashmir,kathua,2026,2,8105,jammu & kashmir|kathua,2026-Q2,7370927,8571671135.9,260377,11396,1162.9027306741743,4376.730663614681,22.848104598104598,28.308671656866775,32920.23157152897,646.799491049491,8104,6581104,7891665413.05,249489,11224,0.12001375453115459,0.08616758152537907,0.04364120261815141,0.015324305060584464,0.17264006831956835,4.0,0.19948936643827697,0.08689248895434462,0.45949926362297494,0.8615611192930781,0.13991163475699558,38.4315169367,38.6966126657,37.1281296024,0.21502209131075112,MONITOR,534,538,549,489
jammu & kashmir,kulgam,2026,2,8105,jammu & kashmir|kulgam,2026-Q2,6478738,5775859514.58,180724,15825,891.5099691606606,8756.446293796065,11.420157977883097,35.84879706071136,31959.559962041567,409.39892575039494,8104,4682095,4502796432.87,172917,15322,0.38372630200796864,0.282727212009132,0.045148828628764015,0.032828612452682426,0.1982817583401304,4.0,0.354768515643918,0.19882179675994108,0.20029455081001474,0.1251840942562592,0.0662739322533137,15.4270986745,14.764359352,13.9911634757,0.0029455081001472753,MONITOR,678,678,678,622
jammu & kashmir,kupwara,2026,2,8105,jammu & kashmir|kupwara,2026-Q2,12264398,11880257433.85,314641,24191,968.6784001831969,7688.444926122152,13.00653135463602,38.979020534513936,37758.135252080945,506.98185275515686,8104,9270804,9216042953.1,307315,23564,0.3229055430359653,0.2890844253122582,0.023838732245415883,0.026608385673060564,0.19173597180660296,4.0,0.3293450258063684,0.16642120765832105,0.3004418262150221,0.2709867452135493,0.19293078055964655,23.1369661267,23.2695139912,20.9646539028,0.023564064801178203,MONITOR,664,666,673,609
jammu & kashmir,poonch,2026,2,8105,jammu & kashmir|poonch,2026-Q2,5796263,7239764766.05,183644,8647,1249.040073932118,4708.56657445928,21.237885972013416,31.562495916011414,39422.82223241707,670.3206892563895,8104,4812592,5992173277.18,176343,8390,0.2043952614308464,0.20820350666780674,0.04140226717249895,0.03063170441001195,0.2855476270901123,4.0,0.31909947303133107,0.7216494845360825,0.4963181148748159,0.8276877761413843,0.07363770250368189,56.2223858616,52.9823269514,59.675994109,0.6804123711340206,DEVELOP,218,268,169,198
jammu & kashmir,pulwama,2026,2,8105,jammu & kashmir|pulwama,2026-Q2,7936368,8507456410.52,230528,10444,1071.9584084961787,4530.469183786785,22.072769054002297,34.42691560244309,36904.22165862715,759.8973573343546,8104,5994066,6821975390.84,219393,10204,0.3240374730608573,0.2470664174401931,0.05075367035411338,0.02352018816150525,0.20474254300310957,4.0,0.27461330601095213,0.23122238586156113,0.5846833578792342,0.8438880706921944,0.10456553755522828,44.7422680412,44.1089837997,41.3991163476,0.37702503681885124,MONITOR,424,432,499,386
jammu & kashmir,rajouri,2026,2,8105,jammu & kashmir|rajouri,2026-Q2,7841470,10023682203.69,249474,13542,1278.2912137252326,5428.220976935472,18.42224191404519,31.432012955257864,40179.26599040381,579.0481465071629,8104,6769663,8682010673.89,241945,13175,0.15832501558792522,0.1545346556454832,0.03111864266672182,0.027855787476280813,0.26154239693168035,4.0,0.2976092530554063,0.5773195876288659,0.38438880706921946,0.7245949926362297,0.1251840942562592,47.5478645066,45.2871870398,51.5832106038,0.4580265095729013,MONITOR,369,414,315,333
jammu & kashmir,ramban,2026,2,8105,jammu & kashmir|ramban,2026-Q2,3744394,3866453700.83,110548,3597,1032.597985369595,3253.790208778087,30.733388935223797,33.87120526829975,34975.33832208633,1040.9769252154574,8104,2995338,3130883211.77,102703,3405,0.25007394824891205,0.2349402514583594,0.07638530520043241,0.05638766519823779,0.08122794241218978,4.0,0.13583974998723425,0.0029455081001472753,0.7614138438880707,0.9513991163475699,0.008836524300441826,43.0854197349,43.1148748159,33.6377025037,0.3284241531664212,MONITOR,457,461,591,419
jammu & kashmir,reasi,2026,2,8105,jammu & kashmir|reasi,2026-Q2,5574835,6099552843.46,161465,9108,1094.1225782395354,5640.85095841204,17.727821695213,34.52658470876041,37776.31587935466,612.0811374615722,8104,4668636,5052853846.29,151911,8554,0.19410358828574337,0.2071500639066628,0.06289208813055014,0.06476502221183078,0.29480416291278466,4.0,0.196249207225405,0.7628865979381443,0.4256259204712813,0.678939617083947,0.047128129602356406,51.4432989691,47.8645066274,55.4565537555,0.5684830633284241,DEVELOP,294,364,244,268
jammu & kashmir,samba,2026,2,8105,jammu & kashmir|samba,2026-Q2,7902714,8947697648.57,226948,13915,1132.2309840100502,6131.360487865061,16.309593963348902,34.82169483758394,39426.201810855346,567.9277039166367,8104,7136387,8274371969.71,219448,13663,0.10738304971409196,0.08137483803300638,0.03417666144143494,0.018443972773183104,0.21039633758766607,4.0,0.21871476860505784,0.2695139911634757,0.37260677466863035,0.5655375552282769,0.09720176730486009,33.4830633284,32.6215022091,33.0044182622,0.1251840942562592,MONITOR,595,608,599,545
jammu & kashmir,shopian,2026,2,8105,jammu & kashmir|shopian,2026-Q2,5995932,5175103276.99,136065,11766,863.1023962563285,8647.337669496197,11.56425293217746,44.06667401609525,38034.05193833829,509.5981642019378,8104,4290765,4051826932.35,130334,11598,0.39740395943380724,0.27722712825459106,0.04397164208878723,0.014485256078634157,0.24266758741724703,4.0,0.41804978002136906,0.46244477172312226,0.30486008836524303,0.13991163475699558,0.026509572901325478,25.5228276878,23.3431516937,24.057437408,0.035346097201767304,MONITOR,656,665,667,602
jammu & kashmir,srinagar,2026,2,8105,jammu & kashmir|srinagar,2026-Q2,21983296,25199270567.64,628879,44070,1146.2917374919575,7007.707365009803,14.270002269117313,34.95632069126175,40070.1415815125,498.8267755842977,8104,15768434,18959115299.41,593604,42635,0.39413311429657494,0.32913747132621696,0.05942513864461829,0.03365779289316295,0.23932257892661335,4.0,0.22174015177853051,0.43446244477172313,0.2930780559646539,0.3799705449189985,0.43888070692194403,38.6377025037,38.6597938144,41.6494845361,0.22385861561119294,MONITOR,527,540,491,483
jammu & kashmir,udhampur,2026,2,8105,jammu & kashmir|udhampur,2026-Q2,7647998,8969644368.19,229751,10873,1172.8094552574412,4732.514765985785,21.1304147889267,33.28820331576359,39040.719597259646,703.3935436402097,8104,6899547,8183968615.13,220581,10634,0.1084782812552767,0.09600180426003746,0.04157203022925815,0.022475079932292585,0.14454509932388304,4.0,0.16635993917265907,0.039764359351988215,0.5316642120765832,0.8232695139911634,0.101620029455081,37.0986745214,37.4079528719,32.9455081001,0.18409425625920472,MONITOR,555,555,601,508
jharkhand,bokaro,2026,2,8105,jharkhand|bokaro,2026-Q2,62276101,60075360583.97,1045849,92190,964.6615574724243,8814.848032555368,11.344495064540622,59.54597747858438,57441.715375709115,675.5190476190476,8104,60154883,59010941102.26,1019738,89695,0.03526260702726325,0.0180376632168171,0.02560559673170948,0.027816489213445594,0.20613984145782704,4.0,0.24989244839581315,0.23711340206185566,0.4992636229749632,0.12076583210603829,0.6907216494845361,36.4285714286,38.6966126657,30.9793814433,0.17673048600883653,MONITOR,560,538,619,512
jharkhand,chatra,2026,2,8105,jharkhand|chatra,2026-Q2,21435991,28389351685.65,388651,31476,1324.3778505808293,8098.782712510711,12.347534629559028,55.154858729296976,73045.87325299562,681.0265281484305,8104,20038948,27440024913.53,382568,30769,0.0697163843131885,0.03459642529886753,0.015900441228748896,0.022977672332542554,0.20280092929260274,4.0,0.2464031329479338,0.22238586156111928,0.5110456553755522,0.18998527245949925,0.24300441826215022,29.057437408,29.1605301915,21.6200294551,0.06480117820324006,MONITOR,636,633,672,583
jharkhand,deoghar,2026,2,8105,jharkhand|deoghar,2026-Q2,33053789,34302808109.92,942391,47866,1037.7874715034939,5079.208099398233,19.688108469477292,35.07438950499315,36399.76199891552,690.5483850750011,8104,30084715,32563271728.49,921905,46492,0.09869044795671167,0.053420196715308954,0.02222137855852835,0.029553471565000322,0.2941498329994183,4.0,0.3418413467537243,0.759941089837997,0.5198821796759941,0.7776141384388807,0.646539027982327,68.1664212077,67.5994108984,73.7776141384,0.8762886597938144,EXPAND,85,88,24,78
jharkhand,dhanbad,2026,2,8105,jharkhand|dhanbad,2026-Q2,74512731,78547803179.2,1460404,160903,1054.1527887254595,11017.704689935113,9.07630062832887,51.02199870720705,53784.9822235491,463.09099892481805,8104,71998005,77088143873.36,1428465,158784,0.03492771778884696,0.018934939051560518,0.022358965742947934,0.013345173317210746,0.216733967774273,4.0,0.2667393862942565,0.2974963181148748,0.24742268041237114,0.014727540500736377,0.8173784977908689,31.8262150221,34.4256259205,32.8497790869,0.09425625920471281,DEFEND,616,593,603,565
jharkhand,dumka,2026,2,8105,jharkhand|dumka,2026-Q2,14676610,16856831249.46,435783,15734,1148.5507381786392,3610.5125716239504,27.696898436506928,33.678711652359084,38681.70912922257,932.795856107792,8104,13905097,16541410028.8,416449,15257,0.05548418684170264,0.019068581221965086,0.04642585286553702,0.0312643376810644,0.29030496913806014,4.0,0.3721150704350513,0.7437407952871871,0.7083946980854198,0.93519882179676,0.28424153166421207,69.086892489,66.7893961708,69.587628866,0.8954344624447718,EXPAND,72,91,51,68
jharkhand,east singhbhum,2026,2,8105,jharkhand|east singhbhum,2026-Q2,60278892,58701796668.4,1272271,101073,973.8366901037266,7944.298030844057,12.587644573723942,47.378971932866506,46139.38120762008,596.389658959366,8104,57832258,57321879533.45,1230573,98867,0.042305697280573096,0.024073131344982457,0.03388502754407896,0.022312804070114378,0.22677099594673766,4.0,0.24803082423449963,0.3549337260677467,0.40795287187039764,0.21796759941089838,0.7746686303387335,41.7893961708,43.8880706922,41.1929307806,0.2930780559646539,DEFEND,481,434,502,441
jharkhand,giridih,2026,2,8105,jharkhand|giridih,2026-Q2,55023454,64673775222.52,1062615,65886,1175.3855950686047,6200.36419587527,16.128084873873053,51.781175684514146,60862.84799529462,835.1311963087758,8104,50534129,61814616213.53,1026972,63998,0.08883748644406242,0.04625376948250293,0.03470688587420101,0.029500921903809596,0.216569655638432,4.0,0.2674161170338355,0.2960235640648012,0.6524300441826215,0.5537555228276878,0.695139911634757,52.9381443299,54.9337260677,48.6008836524,0.6038291605301914,DEVELOP,270,240,362,245
jharkhand,godda,2026,2,8105,jharkhand|godda,2026-Q2,20667004,22357295683.19,458276,25126,1081.7869722766782,5482.722202340948,18.239114861100056,45.097286351456326,48785.65686003631,822.5345856881319,8104,19239456,21973594168.46,444628,24362,0.0741989794306035,0.017461936895182495,0.030695322831670424,0.03136031524505367,0.31414818516978316,4.0,0.38203763208090985,0.8409425625920471,0.6421207658321061,0.7157584683357879,0.3078055964653903,65.3313696613,62.6656848306,66.3843888071,0.8394698085419735,EXPAND,110,139,88,102
jharkhand,gumla,2026,2,8105,jharkhand|gumla,2026-Q2,8157749,11072837204.31,272860,6097,1357.3397764885876,2234.4792201128785,44.753157290470725,29.897196364435974,40580.65383093894,1337.9939314416927,8104,7639076,10619043744.88,263588,5864,0.06789734779441914,0.04273392881056726,0.035176108168808895,0.039733969986357476,0.20506090929798537,4.0,0.2835988983444059,0.23564064801178203,0.8865979381443299,0.9941089837997055,0.15463917525773196,57.1796759941,56.7746686303,48.0854197349,0.6936671575846833,DEVELOP,209,219,374,190
jharkhand,hazaribag,2026,2,8105,jharkhand|hazaribag,2026-Q2,65325880,81131102750.5,1040823,81718,1241.9442761505854,7851.286914297628,12.736765461709782,62.76367835837602,77948.99108734146,799.4062507648254,8104,61667425,78820246849.76,1007599,79940,0.05932556775315323,0.029318049525330014,0.03297343486843474,0.02224168126094561,0.19797238867176636,4.0,0.23248995887029017,0.1958762886597938,0.6215022091310751,0.23269513991163476,0.6892488954344624,41.0162002946,43.4830633284,33.2106038292,0.27982326951399117,MONITOR,490,450,595,450
jharkhand,jamtara,2026,2,8105,jharkhand|jamtara,2026-Q2,7915444,8902230933.02,335026,7882,1124.6660241699644,2352.653226913732,42.50520172545039,23.62635735733943,26571.761394697725,1004.2430855112915,8104,7356058,8837745252.35,330775,7601,0.07604426174997525,0.0072966213472664965,0.012851636308669034,0.03696881989211942,0.18919398053707392,4.0,0.3246872962877831,0.15022091310751104,0.7540500736377025,0.9911634756995582,0.20618556701030927,52.2606774669,52.5405007364,45.854197349,0.5832106038291606,DEVELOP,284,276,416,259
jharkhand,khunti,2026,2,8105,jharkhand|khunti,2026-Q2,4171911,5849937408.85,140949,4334,1402.2200878326505,3074.8710526502496,32.52168897092755,29.59872719919971,41503.92985299648,962.6005999077065,8104,3904631,5623792515.26,136400,4204,0.06845205091082862,0.04021216874135414,0.033350439882698035,0.030922930542340632,0.22757350150154387,4.0,0.2710233957404169,0.36229749631811486,0.7334315169366715,0.9602356406480118,0.027982326951399118,53.7702503682,52.0986745214,48.7997054492,0.625920471281296,DEVELOP,255,286,357,233
jharkhand,koderma,2026,2,8105,jharkhand|koderma,2026-Q2,25431588,33417544025.84,370924,22537,1314.0171988410634,6075.907733120532,16.45844611083995,68.56279992666961,90092.69830434267,1128.4371478013932,8104,23450344,31717391452.9,361578,22062,0.08448677767797341,0.05360316517405628,0.025847811537206278,0.02153023297978418,0.20050981897178,4.0,0.2426912664965779,0.21354933726067746,0.7982326951399117,0.5802650957290133,0.23122238586156113,45.4933726068,45.5817378498,34.6318114875,0.39911634756995584,MONITOR,409,404,580,371
jharkhand,latehar,2026,2,8105,jharkhand|latehar,2026-Q2,14792792,18464645731.42,298677,11936,1248.2191145133386,3996.290306920185,25.023207104557642,49.527723929194416,61821.45170676014,1239.3424932975872,8104,13852242,17935085393.82,291815,11511,0.06789875602808548,0.02952650215886199,0.023514898137518614,0.03692120580314473,0.18919829720294512,4.0,0.26764930820789967,0.15169366715758467,0.8379970544918999,0.9175257731958762,0.18114874815905743,52.0618556701,52.2091310751,42.7098674521,0.5817378497790869,DEVELOP,285,285,472,260
jharkhand,lohardaga,2026,2,8105,jharkhand|lohardaga,2026-Q2,8784162,10285443883.74,192845,6972,1170.9078092753753,3615.3387435505197,27.659925415949512,45.55037465321891,53335.28939687314,1259.9199655765922,8104,8173881,9924099747.51,186430,6526,0.07466232992626143,0.03641077230412382,0.03440969800997684,0.06834201654918792,0.23027944223318486,4.0,0.31266728852127706,0.3799705449189985,0.8556701030927835,0.9337260677466863,0.07658321060382917,57.6656848306,56.1487481591,49.793814433,0.7025036818851251,DEVELOP,203,230,343,184
jharkhand,palamu,2026,2,8105,jharkhand|palamu,2026-Q2,55340012,65100938675.0,872834,53967,1176.3810003329959,6182.962625195627,16.173476383715975,63.40267679764995,74585.70435500909,1025.4416958511683,8104,50515524,61784473266.18,866396,52681,0.09550505701969958,0.05367797495872462,0.00743078222891147,0.02441107799776021,0.20868992390300445,4.0,0.28149844574477223,0.25625920471281294,0.759941089837997,0.5567010309278351,0.614138438880707,52.8865979381,54.675994109,45.088365243,0.6008836524300442,DEVELOP,272,243,430,247
jharkhand,ramgarh,2026,2,8105,jharkhand|ramgarh,2026-Q2,32965214,35515993664.59,535722,40906,1077.37791917838,7635.676712922001,13.096416173666455,61.53418004114074,66295.566851072,805.8772307240991,8104,31653482,34738217000.51,524979,40039,0.04144036981460686,0.02238965413995131,0.02046367568988483,0.02165388745972674,0.18944647240574253,4.0,0.242154992793721,0.15316642120765833,0.6288659793814433,0.2768777614138439,0.36229749631811486,34.4845360825,35.530191458,24.8748159057,0.1487481590574374,MONITOR,579,581,662,530
jharkhand,ranchi,2026,2,8105,jharkhand|ranchi,2026-Q2,141573465,148823277216.84,2376732,176099,1051.2088350513989,7409.29141358807,13.496567271818693,59.56644038957695,62616.76841008578,803.9424698607033,8104,131580218,140468378024.63,2305962,172073,0.07594794378589653,0.05947886143274905,0.030690011370525516,0.02339704660231412,0.23592148384818845,4.0,0.26093216569893496,0.41531664212076586,0.625920471281296,0.3136966126656848,0.930780559646539,54.5655375552,57.1428571429,50.8615611193,0.6421207658321061,DEFEND,244,211,322,222
jharkhand,sahibganj,2026,2,8105,jharkhand|sahibganj,2026-Q2,21869671,26671891522.55,417642,18727,1219.5835740990342,4483.983890509096,22.30159662519357,52.36463526177923,63863.04902895303,1167.8149730335879,8104,20286884,25243981835.61,404906,18390,0.07802021246831203,0.05656436041820245,0.03145421406449889,0.018325176726481818,0.2820366551928424,4.0,0.3957106102454633,0.7025036818851251,0.812960235640648,0.8497790868924889,0.26362297496318116,67.9160530191,65.7216494845,64.4329896907,0.8733431516936672,EXPAND,87,101,109,80
jharkhand,seraikela kharsawan,2026,2,8105,jharkhand|seraikela kharsawan,2026-Q2,23751521,20997103014.58,517394,27519,884.0319327162249,5318.770608085907,18.801337257894545,45.90606191799673,40582.42464075734,863.0953523020459,8104,22913503,20607756952.33,500912,26696,0.036573107132506166,0.018893180036557933,0.03290398313476217,0.030828588552592073,0.2197738720009672,4.0,0.2758054660174605,0.31516936671575846,0.6715758468335787,0.7422680412371134,0.3490427098674521,51.7820324006,51.9513991163,47.3122238586,0.5773195876288659,DEVELOP,288,289,388,263
jharkhand,simdega,2026,2,8105,jharkhand|simdega,2026-Q2,3902634,5996791648.93,143496,3525,1536.6010876064731,2456.5144673022246,40.70808510638298,27.196813848469645,41790.65373898924,1107.1302127659574,8104,3807134,5879916409.54,140390,3392,0.025084486125258598,0.01987702396591451,0.022124082911888276,0.03920990566037741,0.23902504379695988,4.0,0.3115323859774307,0.43151693667157587,0.7908689248895434,0.9896907216494846,0.03240058910162003,58.1075110457,56.1119293078,52.7098674521,0.7157584683357879,DEVELOP,194,231,302,176
jharkhand,west singhbhum,2026,2,8105,jharkhand|west singhbhum,2026-Q2,12932528,14143437226.15,393232,11581,1093.6328323549735,2945.0807665703705,33.95492617217857,32.887781258900596,35967.15736804227,1116.7021846127277,8104,12532096,14077749822.84,381616,11224,0.03195251616329786,0.004666044228419652,0.030438975305018712,0.03180684248039922,0.18433984220497268,4.0,0.23057903780528716,0.12812960235640647,0.7967599410898379,0.9646539027982327,0.24447717231222385,52.7687776141,53.3505154639,45.0,0.5949926362297496,DEVELOP,276,261,435,251
karnataka,bagalkote,2026,2,8105,karnataka|bagalkote,2026-Q2,70893420,85906091966.12,1014150,55759,1211.7639685900326,5498.101858699403,18.188095195394464,69.9042745156042,84707.48110843563,1271.4255994547966,8104,66375999,79217759454.35,991001,53817,0.06805804911501223,0.08442971068405702,0.023359209526529146,0.03608525187208511,0.18686875197488018,4.0,0.1660265219444534,0.13696612665684832,0.8571428571428571,0.7054491899852725,0.6759941089837997,56.6936671576,59.3888070692,47.0692194404,0.6877761413843888,DEVELOP,213,177,391,193
karnataka,ballari,2026,2,8105,karnataka|ballari,2026-Q2,82212932,96997196357.15,945047,66038,1179.8289392859751,6987.80060674231,14.310654471667828,86.9934849801121,102637.43110887606,1244.9337048366092,8104,77575985,92896956866.43,921752,64361,0.059772969689008804,0.044137500613883995,0.02527252449682771,0.026056152017526202,0.19676197832533338,4.0,0.1641686050030411,0.18851251840942562,0.8438880706921944,0.38144329896907214,0.6494845360824743,49.2783505155,51.5832106038,37.1281296024,0.49779086892488955,MONITOR,342,297,549,309
karnataka,belagavi,2026,2,8105,karnataka|belagavi,2026-Q2,169229045,205774959801.14,2597822,153187,1215.9553332061882,5896.7473522050395,16.958501700535948,65.14266373908605,79210.56939279905,1104.721973796732,8104,157663160,191060333970.7,2545605,149977,0.0733581960427534,0.07701559776764832,0.02051260898686169,0.02140328183654816,0.22571187477495358,4.0,0.18825812891516724,0.3475699558173785,0.7893961708394698,0.6215022091310751,0.9410898379970545,64.5213549337,67.4889543446,59.1826215022,0.8262150220913107,EXPAND,119,89,179,109
karnataka,bengaluru rural,2026,2,8105,karnataka|bengaluru rural,2026-Q2,158598671,187652207915.39,1550735,91224,1183.1890313594747,5882.629849716424,16.999199771989826,102.27322592190156,121008.55911254341,1738.562998772253,8104,148652595,173583918916.67,1489653,89514,0.06690818952740107,0.08104603863376059,0.04100418016813312,0.019103157048059538,0.25585032203843294,4.0,0.2369211223250342,0.5375552282768777,0.9661266568483063,0.6288659793814433,0.8409425625920471,72.8203240059,74.3372606775,64.5360824742,0.9322533136966127,EXPAND,47,34,107,45
karnataka,bengaluru south,2026,2,8105,karnataka|bengaluru south,2026-Q2,77937527,100974038297.57,858513,37552,1295.57662636088,4374.074708245536,22.861978057094163,90.78199980664242,117615.03704378386,2075.4560875585853,8104,74269616,94807396176.17,834632,36615,0.04938642741871724,0.06504389288301127,0.02861261010840699,0.02559060494332921,0.2125791702098212,4.0,0.20785164313352084,0.27835051546391754,0.9926362297496318,0.865979381443299,0.6023564064801178,66.8630338733,68.4830633284,56.5022091311,0.8630338733431517,EXPAND,94,77,230,87
karnataka,bengaluru urban,2026,2,8105,karnataka|bengaluru urban,2026-Q2,2113433404,2237234966747.11,20543058,1517644,1058.5784073029206,7387.624568844619,13.536150770536437,102.87822796391852,108904.67070419165,1392.5752047252188,8104,2025840374,2126190211137.47,20007804,1498110,0.04323787358776365,0.052227103213984494,0.0267522612676534,0.013039095927535271,0.17317188223955826,4.0,0.1538404335913936,0.09131075110456553,0.898379970544919,0.3166421207658321,1.0,53.1148748159,57.6583210604,39.734904271,0.6097201767304861,DEFEND,266,201,522,241
karnataka,bidar,2026,2,8105,karnataka|bidar,2026-Q2,81955236,105846329419.47,920924,62324,1291.5139359670686,6767.55085110172,14.776394326423208,88.99239893845746,114934.92342415878,1314.9867787690137,8104,73797733,93988076046.95,900909,60892,0.11053866654684374,0.12616763605839143,0.02221645027411201,0.02351704657426268,0.2563078837151098,4.0,0.19360372292928424,0.5419734904270986,0.8792341678939617,0.43004418262150224,0.6362297496318114,61.7157584683,62.1870397644,52.6362297496,0.7761413843888071,DEVELOP,153,144,304,142
karnataka,chamarajanagar,2026,2,8105,karnataka|chamarajanagar,2026-Q2,26827517,38087786669.39,429301,17204,1419.7283583639141,4007.444660040391,24.953557312252965,62.491158883860045,88720.47041444115,1559.3767147175076,8104,24561631,35824991935.5,417414,16738,0.09225307553883533,0.06316246317553897,0.028477722357180157,0.027840841199665345,0.2797540297855854,4.0,0.22436986334383657,0.6892488954344624,0.9396170839469808,0.9160530191458026,0.27393225331369664,72.5478645066,70.471281296,66.4801178203,0.9278350515463918,EXPAND,50,62,87,48
karnataka,chikkaballapur,2026,2,8105,karnataka|chikkaballapur,2026-Q2,67210396,103742639326.32,804875,48503,1543.5504847541742,6026.1531293679145,16.59433437106983,83.50414163690014,128892.85830261844,1385.6956476918954,8104,62215265,93780653568.78,782416,47704,0.08028786825869827,0.10622644840317474,0.028704678840923536,0.016749119570685922,0.2358298671859389,4.0,0.18639776804415426,0.41384388807069217,0.8969072164948454,0.5949926362297496,0.5625920471281296,60.9646539028,61.7083946981,51.4432989691,0.7584683357879234,EXPAND,165,148,317,152
karnataka,chikkamagaluru,2026,2,8105,karnataka|chikkamagaluru,2026-Q2,46620100,64728212930.02,675439,29068,1388.4185776096576,4303.571455009261,23.236514380074308,69.02192499988897,95831.32293222629,1603.8289528003302,8104,42736111,60882815881.2,659338,28366,0.09088307075952695,0.06316063068310585,0.024419948493792365,0.024747937671860676,0.2573886257332796,4.0,0.20770989170742687,0.5522827687776142,0.9484536082474226,0.8733431516936672,0.47128129602356406,71.5390279823,71.1340206186,64.440353461,0.914580265095729,EXPAND,58,54,108,56
karnataka,chitradurga,2026,2,8105,karnataka|chitradurga,2026-Q2,61694303,82876639399.53,857762,42818,1343.343475321052,4991.827569885353,20.032743238824793,71.92473320105111,96619.62105983944,1440.8497127376338,8104,56783740,77071233070.6,837009,41351,0.08647832988809823,0.07532520368023743,0.024794237576895917,0.035476772024860326,0.22022855428784882,4.0,0.17169363303928376,0.31958762886597936,0.9086892488954345,0.7879234167893961,0.5994108983799705,63.9911634757,65.3902798233,55.3460972018,0.8203240058910162,EXPAND,123,106,249,113
karnataka,dakshina kannada,2026,2,8105,karnataka|dakshina kannada,2026-Q2,65808357,80430221043.36,1572822,54458,1222.1885594767243,3462.438851948917,28.881376473612693,41.840943857601175,51137.52290046807,1208.424051562672,8104,61858620,74690312418.29,1548592,53902,0.06385103644407208,0.07684943922746834,0.015646471116988803,0.010315016140402866,0.2679983917348101,4.0,0.1838845074554024,0.6303387334315169,0.8321060382916053,0.9410898379970545,0.8497790868924889,80.235640648,81.3328424153,79.3961708395,0.9852724594992637,EXPAND,11,8,10,11
karnataka,davanagere,2026,2,8105,karnataka|davanagere,2026-Q2,76675463,95178342095.39,1037636,90750,1241.314214110321,8745.841508968462,11.434005509641873,73.89437432779896,91726.13719588565,844.9086831955923,8104,71103862,89617152132.91,1021886,88934,0.07835862698990947,0.0620549730729254,0.015412678126522916,0.02041963703420513,0.2274914840941198,4.0,0.18863700080647133,0.36082474226804123,0.6642120765832106,0.12960235640648013,0.6877761413843888,44.4256259205,46.0603829161,36.1634756996,0.36671575846833576,MONITOR,431,396,564,393
karnataka,dharwad,2026,2,8105,karnataka|dharwad,2026-Q2,118951459,128383326792.54,1462055,110356,1079.2917369137942,7548.006059963544,13.248532023632608,81.35908635448051,87810.18962524665,1077.8884609808256,8104,110886677,118617275245.97,1439934,108056,0.0727299457264825,0.08233245559146996,0.015362509670582059,0.021285259495076536,0.21563147182325992,4.0,0.18165551878199787,0.2916053019145803,0.7761413843888071,0.29455081001472755,0.8188512518409425,51.8924889543,54.528718704,42.4447717231,0.5787923416789397,DEFEND,287,247,477,262
karnataka,gadag,2026,2,8105,karnataka|gadag,2026-Q2,33600829,39897315937.86,513867,29558,1187.3908211568232,5752.072034203403,17.385039583192366,65.38818215608319,77641.32730426356,1136.776135056499,8104,30281882,35920820219.57,501867,28315,0.10960174139771106,0.11070169595190849,0.02391071738129824,0.0438989934663605,0.1538790998742543,4.0,0.13839215525131626,0.053019145802650956,0.8041237113402062,0.658321060382916,0.3446244477172312,45.0441826215,46.5022091311,33.7776141384,0.3873343151693667,MONITOR,417,387,588,379
karnataka,hassan,2026,2,8105,karnataka|hassan,2026-Q2,88081824,127101185281.38,1110612,42357,1442.989932649215,3813.8431783557176,26.220270557404916,79.30926732288144,114442.47431270327,2079.510446915504,8104,81190857,119506787478.48,1087481,41466,0.0848736822669578,0.0635478365968758,0.021270256675748778,0.02148748372160325,0.26413395707656595,4.0,0.20968219545205924,0.5994108983799705,0.9941089837997055,0.9234167893961709,0.7172312223858616,80.265095729,80.854197349,74.2268041237,0.9867452135493373,EXPAND,10,9,23,10
karnataka,haveri,2026,2,8105,karnataka|haveri,2026-Q2,46557286,57928673228.12,737809,38854,1244.2450624832384,5266.132562763533,18.989267514284244,63.10208468587398,78514.45730279788,1198.26236680908,8104,42955790,53814900893.72,722476,37738,0.08384192212504993,0.07644299749848771,0.021222850309214447,0.02957231437808039,0.19374919969783266,4.0,0.15768022913830199,0.17525773195876287,0.8291605301914581,0.7540500736377025,0.5301914580265096,55.441826215,57.2164948454,46.6568483063,0.6612665684830633,DEVELOP,231,209,399,211
karnataka,kalaburagi,2026,2,8105,karnataka|kalaburagi,2026-Q2,121286983,151224426334.6,1442143,84694,1246.8314619929165,5872.7879274108045,17.027687911776514,84.10191153027127,104860.90930968705,1432.0611023212978,8104,112423299,142332806426.61,1414261,82057,0.0788420556845606,0.062470628741341905,0.019714889967269222,0.03213619800870138,0.236797407361784,4.0,0.20896343211090918,0.4212076583210604,0.9072164948453608,0.6318114874815906,0.8114874815905744,67.3416789396,69.293078056,59.2488954345,0.8674521354933726,EXPAND,91,68,178,84
karnataka,kodagu,2026,2,8105,karnataka|kodagu,2026-Q2,18266557,26269669875.4,353712,14501,1438.1292476409212,4099.663002668838,24.392248810426867,51.642457705704075,74268.5288466323,1259.6756775394801,8104,16927683,25471085399.47,347366,14124,0.07909375429584786,0.03135258915768935,0.018268915207590775,0.026692155196827994,0.2637446547085265,4.0,0.1886491520455565,0.5979381443298969,0.8541973490427098,0.8954344624447718,0.21354933726067746,65.9499263623,64.027982327,60.5964653903,0.8512518409425626,EXPAND,102,120,153,95
karnataka,kolar,2026,2,8105,karnataka|kolar,2026-Q2,100222275,138935018500.43,1166361,61066,1386.2688559048374,5235.600298706832,19.10000655028985,85.92732010072353,119118.36772699875,1641.212376772672,8104,93308094,126740036445.5,1131209,59278,0.0741005490906288,0.09622043986214268,0.031074717404122598,0.030162960963595165,0.2295717462751521,4.0,0.19250338161042296,0.37260677466863035,0.9543446244477173,0.7584683357879234,0.7378497790868925,68.7555228277,70.5817378498,59.8969072165,0.8910162002945509,EXPAND,75,60,166,70
karnataka,koppal,2026,2,8105,karnataka|koppal,2026-Q2,55378515,67208742515.99,722414,37767,1213.624860038049,5227.88871754977,19.12818068684301,76.65758830808927,93033.55488125922,1466.3202001747557,8104,50645260,62280953091.37,700219,36247,0.09345899300349125,0.07912193343269203,0.03169722615353199,0.041934504924545424,0.17860920171986217,4.0,0.1622243192555416,0.1134020618556701,0.914580265095729,0.759941089837997,0.5184094256259205,55.6332842415,57.6583210604,44.0942562592,0.6656848306332842,DEVELOP,227,201,449,207
karnataka,mandya,2026,2,8105,karnataka|mandya,2026-Q2,78895989,121870206985.62,975953,41069,1544.694584988598,4208.091988036309,23.76373907326694,80.83994721057265,124873.02870693567,1921.0594122087218,8104,71413936,111280591441.68,954428,40005,0.10477020899674261,0.09516138804393237,0.022552775065274755,0.02659667541557309,0.2821500060787401,4.0,0.20926083686199315,0.7069219440353461,0.9823269513991163,0.8836524300441826,0.6612665684830633,81.0824742268,80.854197349,75.736377025,0.9882179675994109,EXPAND,9,9,20,9
karnataka,mysuru,2026,2,8105,karnataka|mysuru,2026-Q2,183550671,234615696478.4,2414508,133130,1278.2066946429195,5513.7526982722775,18.136468113873658,76.01990591872134,97169.15267143451,1378.7325997145647,8104,169070463,218294028172.83,2364693,129639,0.08564599482997814,0.07476919291922934,0.02106615953952584,0.026928624873687745,0.2656812000608104,4.0,0.21229201684065657,0.614138438880707,0.8954344624447718,0.7025036818851251,0.9322533136966127,77.0176730486,78.6082474227,72.4594992636,0.9720176730486009,EXPAND,20,16,31,19
karnataka,raichur,2026,2,8105,karnataka|raichur,2026-Q2,77801824,100057615961.18,987196,46754,1286.0574574855725,4736.040259482413,21.11468537451341,78.81091900696518,101355.37012019902,1664.0677589083286,8104,71636932,93329467234.56,961839,44980,0.08605745427512157,0.07209029394446764,0.02636303996822753,0.03943975100044472,0.22175574999267433,4.0,0.18593026018340142,0.32989690721649484,0.9602356406480118,0.8203240058910162,0.6642120765832106,67.6951399116,69.3667157585,58.5125184094,0.8718703976435935,EXPAND,88,67,191,81
karnataka,shivamogga,2026,2,8105,karnataka|shivamogga,2026-Q2,78141129,99027089431.43,1109281,76982,1267.2851121901501,6939.810561976632,14.409615234730197,70.44304283585494,89271.41944325197,1015.0571432282871,8104,72898037,92832175043.41,1095236,75235,0.07192363766942034,0.06673240592631946,0.01282372018450828,0.023220575530005894,0.2364099950990517,4.0,0.19303107610402126,0.4182621502209131,0.7569955817378498,0.390279823269514,0.7157584683357879,55.5449189985,57.0324005891,48.2842415317,0.6627393225331369,DEVELOP,230,213,371,210
karnataka,tumakuru,2026,2,8105,karnataka|tumakuru,2026-Q2,127067740,170409235171.76,1670563,96101,1341.0896831230334,5752.611544730728,17.383409121653262,76.062824329283,102007.06897720111,1322.2311942643678,8104,117813036,158473045538.69,1631203,94133,0.07855415932070531,0.07531999900990027,0.02412943085563235,0.020906589612569526,0.2264156543184801,4.0,0.1795156640827017,0.35346097201767307,0.882179675994109,0.6568483063328424,0.8615611192930781,66.3107511046,68.8512518409,58.6671575847,0.8571428571428571,EXPAND,98,76,189,91
karnataka,vijayanagara,2026,2,8105,karnataka|vijayanagara,2026-Q2,55201325,67123438641.2,697767,47237,1215.9751354011883,6769.738322391286,14.771619704892352,79.11140108374285,96197.49664458193,1168.603531130258,8104,50625148,61579187252.21,680812,45911,0.09039335549201755,0.09003450088229314,0.0249040851218838,0.028881967284528853,0.19885601042458467,4.0,0.1700319413720489,0.20029455081001474,0.8144329896907216,0.4256259204712813,0.4963181148748159,46.9366715758,48.4167893962,35.3166421208,0.4418262150220913,MONITOR,380,343,575,344
karnataka,vijayapura,2026,2,8105,karnataka|vijayapura,2026-Q2,98492191,130094120370.1,1324162,80472,1320.8572075536426,6077.202034192191,16.454940848990955,74.38077138597845,98246.37798856938,1223.9311934585944,8104,88327026,112888365471.13,1289802,78728,0.11508555716570834,0.1524138898385432,0.026639747806252334,0.02215222030281483,0.23871904082492712,4.0,0.2031407016740302,0.4270986745213549,0.8350515463917526,0.5787923416789397,0.7849779086892489,63.8586156112,65.648011782,56.9661266568,0.8144329896907216,EXPAND,127,103,223,117
karnataka,yadgiri,2026,2,8105,karnataka|yadgiri,2026-Q2,36611216,52656710449.24,499174,25671,1438.2671815445844,5142.6957333514965,19.44505473101944,73.34359561996418,105487.68655667162,1426.170230999961,8104,33688154,49384483848.32,484997,24996,0.08676824500386693,0.06626021669013182,0.029231108646032844,0.027004320691310646,0.2202217456890374,4.0,0.2147130248131432,0.3181148748159057,0.9057437407952872,0.7731958762886598,0.3387334315169367,58.2916053019,58.3946980854,48.2547864507,0.7172312223858616,DEVELOP,193,186,372,175
kerala,alappuzha,2026,2,8105,kerala|alappuzha,2026-Q2,14056562,16547026796.82,910417,68176,1177.1745322092272,7488.436617506044,13.353922201361183,15.439696314985332,18175.217287045387,206.18050340295704,8104,13830947,16173000804.73,890610,66125,0.016312332047834444,0.02312656733316998,0.022239813161765598,0.031017013232514268,0.22734323382058097,4.0,0.1921342843076831,0.35787923416789397,0.022091310751104567,0.3019145802650957,0.6332842415316642,31.5022091311,32.8792341679,40.7142857143,0.08689248895434462,MONITOR,620,605,510,569
kerala,idukki,2026,2,8105,kerala|idukki,2026-Q2,8810940,11451139841.49,541617,32521,1299.6501895927108,6004.4274828892,16.654377171673687,16.26784240524208,21142.504466237213,270.9307831862489,8104,8405142,10881849384.63,524831,32213,0.048279731621428956,0.05231559790416607,0.03198362901581642,0.009561357216030686,0.2790250368932501,4.0,0.24385824756244545,0.6848306332842415,0.05891016200294551,0.6008836524300442,0.3711340206185567,44.4624447717,42.8939617084,57.7025036819,0.3696612665684831,MONITOR,429,466,205,391
kerala,kannur,2026,2,8105,kerala|kannur,2026-Q2,23650060,27986601957.54,1167934,66381,1183.362831110788,5683.625958316138,17.594402012624094,20.249483275596052,23962.485857539898,356.2775492987451,8104,22093276,26486687998.53,1138404,64766,0.07046415389007943,0.05662897373553255,0.02593982452626653,0.024935923169564278,0.29271369377707246,4.0,0.24822226651041895,0.7496318114874816,0.13696612665684832,0.6715758468335787,0.7393225331369662,57.4889543446,57.4374079529,71.9734904271,0.6980854197349042,DEVELOP,206,205,33,187
kerala,kasargod,2026,2,8105,kerala|kasargod,2026-Q2,12223358,15555412016.37,575308,34362,1272.5972696185452,5972.80065634408,16.742564460741516,21.246633107830935,27038.40728161263,355.7231243815843,8104,11362518,14464044166.87,559426,33314,0.0757613761315934,0.07545385211141609,0.028389813844905243,0.03145824578255385,0.3279454418681558,4.0,0.2605908573677417,0.9042709867452136,0.13402061855670103,0.6067746686303387,0.3961708394698085,53.5714285714,51.0309278351,67.3122238586,0.6200294550810015,DEVELOP,259,303,73,235
kerala,kollam,2026,2,8105,kerala|kollam,2026-Q2,17340785,21693339257.98,1114869,72421,1251.0009932064781,6495.920148465873,15.394277902818244,15.55410097509214,19458.19576827412,239.44415293906462,8104,16523637,20846585734.99,1088656,70897,0.04945327714473513,0.04061833116243885,0.02407831307593944,0.02149597303129891,0.2367140383724866,4.0,0.17731256628745024,0.41973490427098675,0.036818851251840944,0.49189985272459497,0.7187039764359352,40.1840942563,41.6789396171,51.9734904271,0.26362297496318116,MONITOR,501,493,313,459
kerala,kozhikode,2026,2,8105,kerala|kozhikode,2026-Q2,33385313,35843449264.67,1633191,97156,1073.6292711908975,5948.844929956141,16.80998600189386,20.44176890516786,21946.88145150812,343.6258491498209,8104,31964658,35212021258.01,1589307,95963,0.04444455498319422,0.017932171573830313,0.027612034679265873,0.012431874785073349,0.26071938462214694,4.0,0.20495237472494482,0.5743740795287187,0.12076583210603829,0.6111929307805597,0.8586156111929307,52.7025036819,54.1237113402,65.8321060383,0.593519882179676,DEVELOP,277,252,93,252
kerala,malappuram,2026,2,8105,kerala|malappuram,2026-Q2,33828704,36364696971.52,1843408,164619,1074.9657146640911,8930.144601737651,11.19802695922099,18.35117564858132,19726.884646003487,205.49695964621338,8104,31568693,34848916734.0,1779858,162379,0.07159026190916418,0.04349576341468153,0.0357050955750402,0.013794887269905631,0.2848722581805687,4.0,0.23303700621812756,0.7201767304860088,0.020618556701030927,0.11045655375552282,0.8880706921944035,42.6435935199,43.4830633284,54.8748159057,0.32106038291605304,DEFEND,462,450,258,424
kerala,palakkad,2026,2,8105,kerala|palakkad,2026-Q2,17712733,21062656307.15,1136377,87983,1189.1251512203114,7742.412949223717,12.915870111271495,15.587021736624378,18534.919579637746,201.31994817180592,8104,16666837,20123791881.36,1107803,86559,0.06275311866312716,0.046654449187562896,0.0257933946739628,0.016451206691389775,0.28304326252693723,4.0,0.22891286442028563,0.7098674521354934,0.017673048600883652,0.2533136966126657,0.727540500736377,42.6215022091,42.7098674521,55.4491899853,0.3181148748159057,MONITOR,464,469,246,426
kerala,thiruvananthapuram,2026,2,8105,kerala|thiruvananthapuram,2026-Q2,29708347,34085333435.64,1697961,103214,1147.3318739558279,6078.70263215704,16.450878756757803,17.496483723713325,20074.273458365653,287.83253240839423,8104,28773296,33111935233.63,1655492,100715,0.032497180719233576,0.029397200590721484,0.02565340092250512,0.024812589981631383,0.22112489329462792,4.0,0.16718694077319612,0.32547864506627394,0.0780559646539028,0.5773195876288659,0.8703976435935199,43.5567010309,46.2812960236,54.9852724595,0.34167893961708395,MONITOR,448,392,257,410
kerala,thrissur,2026,2,8105,kerala|thrissur,2026-Q2,20261573,23378298140.88,1327312,102993,1153.8244410184739,7759.5169786757,12.887400114570893,15.265117018455344,17613.26511090083,196.7276708125795,8104,19653930,22987015331.96,1291029,101639,0.030917124463148093,0.017021905770253865,0.028103938796107508,0.01332165802497065,0.2389296381120447,4.0,0.20755839497240858,0.43004418262150224,0.014727540500736377,0.24742268041237114,0.7864506627393225,35.1840942563,36.9661266568,45.5228276878,0.15905743740795286,DEFEND,572,563,426,524
kerala,wayanad,2026,2,8105,kerala|wayanad,2026-Q2,9857443,11832011442.85,426923,33869,1200.3124383118422,7933.280708699227,12.605125631108093,23.08951028639825,27714.626391293044,291.04617792081257,8104,8846595,10668091951.21,420500,33134,0.11426407561327268,0.1091028739687594,0.015274673008323525,0.022182652260517965,0.30232696093326816,4.0,0.21172883667072628,0.7982326951399117,0.08247422680412371,0.21944035346097202,0.27245949926362295,36.9440353461,34.3151693667,46.4212076583,0.18262150220913106,MONITOR,556,595,406,509
ladakh,leh ladakh,2026,2,8105,ladakh|leh ladakh,2026-Q2,6775664,12496089553.55,177949,1629,1844.2605113757115,915.4308256860112,109.23818293431553,38.076437631006634,70222.87033672568,4159.400859422959,8104,4364060,8068365620.85,169942,1610,0.5526056012062162,0.5487758166608145,0.047116074896141,0.011801242236024745,0.1902266584292902,4.0,0.14812660964978025,0.15905743740795286,1.0,1.0,0.06332842415316642,56.0382916053,55.559646539,42.9455081001,0.6774668630338734,DEVELOP,220,234,469,200
madhya pradesh,agar malwa,2026,2,8105,madhya pradesh|agar malwa,2026-Q2,20389453,24029834136.6,293677,19358,1178.5423638682214,6591.59552842068,15.170833763818576,69.42815746551483,81824.02481842296,1053.283035437545,8104,19809396,21450595816.81,286676,19096,0.029281912482339134,0.12024087078125567,0.02442129791123082,0.013720150816924903,0.27770885303660453,4.0,0.32766865134490963,0.678939617083947,0.7673048600883653,0.47128129602356406,0.1723122238586156,54.7790868925,52.2459499264,47.9602356406,0.646539027982327,DEVELOP,240,284,378,218
madhya pradesh,anuppur,2026,2,8105,madhya pradesh|anuppur,2026-Q2,15223710,14801396612.4,325563,25153,972.2594960361173,7726.000804759755,12.943306961396255,46.76117986380516,45464.00116843745,605.2443048542917,8104,14374023,14907572520.53,317827,24373,0.059112678475608416,-0.007122280168939676,0.024340285752941115,0.032002625856480504,0.26501853814285536,4.0,0.2456955589168205,0.6082474226804123,0.41531664212076586,0.2606774668630339,0.20029455081001474,39.1531664212,37.1134020619,38.4609720177,0.23711340206185566,MONITOR,519,560,538,475
madhya pradesh,ashoknagar,2026,2,8105,madhya pradesh|ashoknagar,2026-Q2,18555375,22026371920.1,382035,25838,1187.0615344664282,6763.254675618726,14.785780633175943,48.569829989398876,57655.37691598937,718.142851613902,8104,17541668,17916025849.78,371831,25036,0.05778851817284414,0.2294228700485199,0.0274425747180842,0.03203387122543533,0.3453717320018568,4.0,0.3720848044650681,0.9425625920471281,0.5567010309278351,0.4329896907216495,0.23858615611192932,57.7908689249,54.2709867452,58.8217967599,0.7054491899852725,DEVELOP,201,248,186,182
madhya pradesh,balaghat,2026,2,8105,madhya pradesh|balaghat,2026-Q2,35363210,40121252612.08,737407,49478,1134.5478142985323,6709.727463937826,14.903734993330369,47.95616260762374,54408.559468624524,714.7259388010833,8104,33432660,40655944342.03,732596,48341,0.05774443313813493,-0.013151624900205161,0.0065670574231908585,0.023520407107838093,0.20437543663586633,4.0,0.2228126789988833,0.2268041237113402,0.5522827687776142,0.44477172312223856,0.5287187039764359,42.3048600884,43.8144329897,37.8571428571,0.3078055964653903,MONITOR,471,438,542,433
madhya pradesh,betul,2026,2,8105,madhya pradesh|betul,2026-Q2,31998217,38090711001.33,729487,52533,1190.4010464498695,7201.362053059204,13.886261968667315,43.86399894720537,52215.75024822924,609.106980374241,8104,30145865,36539278670.09,718308,51808,0.06144630449317012,0.04245930373305273,0.015562961849234558,0.013993977764051868,0.19976157159526187,4.0,0.22347168148655872,0.20618556701030927,0.422680412371134,0.3475699558173785,0.524300441826215,35.9278350515,37.5184094256,33.5198821797,0.16789396170839468,MONITOR,566,553,592,518
madhya pradesh,bhind,2026,2,8105,madhya pradesh|bhind,2026-Q2,29660171,37798339115.54,653769,46747,1274.3803505225915,7150.384921891371,13.985261086272915,45.36796789079935,57816.04682317455,634.4828759064753,8104,26198783,33996170559.29,641054,45791,0.13212018283444693,0.11184108367790846,0.019834522520723707,0.020877465004040197,0.2889368700525763,4.0,0.2966995500591912,0.7378497790868925,0.44624447717231225,0.3549337260677467,0.4580265095729013,51.3254786451,49.9263622975,53.3873343152,0.5640648011782032,DEVELOP,297,322,286,270
madhya pradesh,bhopal,2026,2,8105,madhya pradesh|bhopal,2026-Q2,230703048,219407172463.7,2930803,361968,951.0371638596644,12350.471867266411,8.096856628210228,78.71666843523772,74862.47709713005,637.3575785704813,8104,223735759,210604549838.97,2860563,358024,0.03114070379782241,0.04179692523955714,0.02455460690780109,0.011016021272316934,0.21109206455874308,4.0,0.22928946297640368,0.2709867452135493,0.4491899852724595,0.0029455081001472753,0.9602356406480118,38.6377025037,42.0839469809,34.9484536082,0.22385861561119294,DEFEND,527,482,576,484
madhya pradesh,burhanpur,2026,2,8105,madhya pradesh|burhanpur,2026-Q2,18353878,21162837935.43,343006,49665,1153.0444920375955,14479.33855384454,6.906392831974228,53.508912380541446,61698.156695305624,369.55356891170845,8104,17442662,20195326048.9,335066,48950,0.05224064996501099,0.047907713110811434,0.023696823909319376,0.014606741573033766,0.24642368962336203,4.0,0.2941846679505228,0.48306332842415317,0.14285714285714285,0.0,0.20913107511045656,22.2459499264,20.8762886598,24.5508100147,0.014727540500736377,MONITOR,670,671,663,615
madhya pradesh,chhatarpur,2026,2,8105,madhya pradesh|chhatarpur,2026-Q2,35713356,41196604695.27,836724,60450,1153.5349602896463,7224.60452909203,13.841588089330024,42.682361208713985,49235.59584196222,590.7916625310173,8104,33433844,37274198407.59,815954,59327,0.06817977615735726,0.10523113722765665,0.025454866328249004,0.018928986801961978,0.2653970728811914,4.0,0.29344886113618324,0.6111929307805597,0.39911634756995584,0.3431516936671576,0.5861561119293078,48.6156111929,48.4904270987,51.1119293078,0.48748159057437407,MONITOR,349,340,321,316
madhya pradesh,chhindwara,2026,2,8105,madhya pradesh|chhindwara,2026-Q2,42486945,48670267451.39,882155,56824,1145.5346448512596,6441.498376135713,15.524338307757287,48.162675493535716,55172.0133665739,747.6936681683795,8104,40238313,46562899802.05,868953,55758,0.05588285970139961,0.045258513930595434,0.015192996629276756,0.019118332795293957,0.20491940242363604,4.0,0.2204561373812553,0.23269513991163476,0.5773195876288659,0.4992636229749632,0.6229749631811488,46.3549337261,48.3063328424,42.3564064801,0.43004418262150224,MONITOR,387,344,479,351
madhya pradesh,damoh,2026,2,8105,madhya pradesh|damoh,2026-Q2,17914198,23472496352.94,495257,36577,1310.2733570846988,7385.458458941519,13.540120840965635,36.171519029513966,47394.57766965434,489.76673866090715,8104,16878778,20857883013.19,485623,35698,0.06134448832729489,0.12535372540427936,0.019838434341042266,0.024623228192055535,0.2300013189719874,4.0,0.23756115354412394,0.37702503681885124,0.27835051546391754,0.3181148748159057,0.33431516936671574,32.9086892489,32.6951399116,34.5729013255,0.11045655375552282,MONITOR,605,607,581,555
madhya pradesh,datia,2026,2,8105,madhya pradesh|datia,2026-Q2,15206962,18912163812.83,354340,26932,1243.6516782793303,7600.609584015352,13.1568394474974,42.91630072811424,53372.92942605972,564.6428783603149,8104,14307591,17092585209.75,346011,26589,0.06285970852815126,0.10645426544616976,0.024071489056706197,0.012900071458121776,0.21605176345539,4.0,0.25274870327115956,0.2930780559646539,0.36671575846833576,0.28865979381443296,0.21502209131075112,29.4771723122,29.086892489,27.2017673049,0.06774668630338733,MONITOR,634,634,648,581
madhya pradesh,dewas,2026,2,8105,madhya pradesh|dewas,2026-Q2,58935467,68793857560.79,865214,66296,1167.274326693466,7662.381792250241,13.050772293954386,68.11663588430146,79510.80028847198,888.9747043562206,8104,57388265,64571154996.02,851759,65106,0.026960250497205296,0.06539611324948846,0.015796721842680883,0.01827788529475005,0.2517421612963031,4.0,0.2676572212594485,0.508100147275405,0.6848306332842415,0.27393225331369664,0.605301914580265,51.3181148748,51.8041237113,45.0441826215,0.5625920471281296,DEVELOP,298,291,432,271
madhya pradesh,dhar,2026,2,8105,madhya pradesh|dhar,2026-Q2,74462317,80332199196.38,1178501,69467,1078.8302383389441,5894.52193931104,16.964904199116127,63.183923475669516,68164.72722244615,1071.9092086890178,8104,73337032,79920507144.34,1152074,67987,0.015344021557894605,0.005151269264301206,0.02293863067823776,0.021768867577625084,0.24498561531265262,4.0,0.28449013107372645,0.47717231222385864,0.7746686303387335,0.6229749631811488,0.7422680412371134,64.1016200295,65.4270986745,59.4477172312,0.8217967599410898,EXPAND,122,104,171,112
madhya pradesh,dindori,2026,2,8105,madhya pradesh|dindori,2026-Q2,8377423,9165872258.59,263383,13611,1094.115966042302,5167.759498524962,19.350745720373226,31.806999692463066,34800.54619542643,615.4891631768422,8104,7864537,8729899851.82,259421,13194,0.06521502791582012,0.04994013839449818,0.015272472159154393,0.03160527512505684,0.17541160830477498,4.0,0.1960819300123624,0.09867452135493372,0.4270986745213549,0.7643593519882179,0.14285714285714285,35.6038291605,35.824742268,34.2709867452,0.16200294550810015,MONITOR,570,577,584,522
madhya pradesh,guna,2026,2,8105,madhya pradesh|guna,2026-Q2,35844855,41560271643.2,711351,47884,1159.4487310159295,6731.416698648065,14.855713808370227,50.38982864999135,58424.4228843426,748.5768732770863,8104,34078069,35751615384.33,696556,46892,0.051845249799805204,0.16247255393712745,0.021240216149168267,0.02115499445534419,0.2856161406181743,4.0,0.29858201224050923,0.7231222385861561,0.5787923416789397,0.43888070692194403,0.508100147275405,57.2974963181,56.2223858616,56.9882179676,0.695139911634757,DEVELOP,208,228,221,189
madhya pradesh,gwalior,2026,2,8105,madhya pradesh|gwalior,2026-Q2,100545755,121378693087.85,1674749,131713,1207.1985842450536,7864.641208921456,12.715138217184332,60.03631290420236,72475.75194124613,763.3700166270603,8104,95549086,118183058040.11,1641928,129660,0.05229426265783421,0.027039705189008112,0.01998930525577247,0.015833718957272813,0.2512097145261003,4.0,0.26221143659001017,0.5022091310751104,0.5905743740795287,0.22827687776141384,0.8630338733431517,52.7982326951,54.6023564065,49.6539027982,0.5964653902798233,DEFEND,274,246,344,250
madhya pradesh,harda,2026,2,8105,madhya pradesh|harda,2026-Q2,15245765,19369542249.89,276204,17586,1270.4867384411343,6367.033062519008,15.70590242238144,55.19748084748954,70127.66741209396,866.926248151939,8104,14598525,16978665832.65,274616,16885,0.04433598599858546,0.14081650706867332,0.005782620094968882,0.041516138584542395,0.33238409189624263,4.0,0.33049793224927243,0.914580265095729,0.6759941089837997,0.5139911634756995,0.1561119293078056,60.3092783505,56.5169366716,58.4756995582,0.7511045655375552,EXPAND,170,225,192,157
madhya pradesh,indore,2026,2,8105,madhya pradesh|indore,2026-Q2,339895092,333242773526.79,4118995,358011,980.4283185318544,8691.707564587963,11.505219113379198,82.51893775059207,80903.90338584776,949.3984598238602,8104,334698036,328595016016.41,4015409,351941,0.015527596343589023,0.014144333552971178,0.02579712303279691,0.01724720904924415,0.2194506587855316,4.0,0.2421327115944733,0.3136966126656848,0.7290132547864506,0.13402061855670103,0.9749631811487481,50.4860088365,53.7923416789,41.6126656848,0.5272459499263623,DEFEND,322,255,492,292
madhya pradesh,jabalpur,2026,2,8105,madhya pradesh|jabalpur,2026-Q2,76408578,85907588827.54,1602539,146620,1124.3186442697572,9149.231313559296,10.92987996180603,47.67969952681339,53607.17513117621,521.1333924430501,8104,73195296,84800115745.24,1560994,143882,0.043900116204188766,0.013059806258131745,0.02661445207348656,0.01902948249259806,0.2394082716996997,4.0,0.2618893120174086,0.4374079528718704,0.31516936671575846,0.08247422680412371,0.8541973490427098,40.147275405,42.2312223859,41.7378497791,0.2606774668630339,DEFEND,503,479,488,461
madhya pradesh,katni,2026,2,8105,madhya pradesh|katni,2026-Q2,25861912,29653214824.71,595770,35500,1146.5979323071704,5958.675327727143,16.782253521126762,43.40922167950719,49772.92382078654,728.5045633802816,8104,24573179,29330335839.0,581410,34382,0.05244469997146073,0.011008363064178628,0.024698577595844595,0.03251701471700308,0.23273791631977625,4.0,0.253919775238865,0.39322533136966126,0.5655375552282769,0.6082474226804123,0.4108983799705449,49.3593519882,49.4477172312,47.2901325479,0.4992636229749632,MONITOR,341,329,389,308
madhya pradesh,khandwa,2026,2,8105,madhya pradesh|khandwa,2026-Q2,33814350,36719283393.87,590699,43518,1085.9083020631774,7367.20393973919,13.573670665012179,57.24463728565649,62162.42687708969,777.0198538535778,8104,32945323,34477490389.81,579894,42254,0.026377856425933377,0.0650219310835507,0.01863271563423652,0.02991432763762014,0.2346823780143954,4.0,0.2845527125431423,0.40795287187039764,0.5964653902798233,0.3225331369661267,0.40795287187039764,43.3726067747,43.3726067747,37.8055964654,0.3387334315169367,MONITOR,450,457,543,412
madhya pradesh,khargone,2026,2,8105,madhya pradesh|khargone,2026-Q2,42775875,54891736926.44,795653,64277,1283.2405398239077,8078.521667108652,12.378502419216828,53.761972870082815,68989.54308780335,665.4927112341895,8104,42548224,55279819480.4,778567,62634,0.005350423086989409,-0.007020329617711485,0.02194544592822445,0.02623175910847153,0.23383653123855885,4.0,0.2669993429568222,0.3961708394698085,0.48600883652430044,0.19293078055964655,0.5567010309278351,39.9926362297,40.795287187,36.5169366716,0.25773195876288657,MONITOR,505,506,558,463
madhya pradesh,maihar,2026,2,8105,madhya pradesh|maihar,2026-Q2,14231574,16026118625.97,301225,17377,1126.0960049794912,5768.777491908042,17.334695286873455,47.24566022076521,53203.14922722217,818.9891235541232,8104,13275620,15391173036.06,298228,17048,0.07200823765669706,0.04125387898780586,0.010049358209155423,0.01929845143125286,0.21333759844382572,4.0,0.19628124629013483,0.28276877761413843,0.6391752577319587,0.6494845360824743,0.18409425625920472,44.381443299,43.8880706922,38.6450662739,0.36524300441826213,MONITOR,432,434,533,394
madhya pradesh,mandla,2026,2,8105,madhya pradesh|mandla,2026-Q2,15497639,17547555714.27,443113,19715,1132.27283938347,4449.203701990237,22.475932031448135,34.97446249602246,39600.633956282036,786.0836418970327,8104,14469663,16893637163.68,437221,19368,0.07104353432419264,0.03870797888307176,0.013476022423442702,0.017916150351094506,0.19705795570056317,4.0,0.22584246146723624,0.18998527245949925,0.6082474226804123,0.8541973490427098,0.2930780559646539,48.1222385862,48.6377025037,44.823269514,0.47569955817378495,MONITOR,357,338,438,324
madhya pradesh,mandsaur,2026,2,8105,madhya pradesh|mandsaur,2026-Q2,41268884,51053851408.79,784250,54577,1237.1027869033242,6959.132929550526,14.369606244388661,52.62210264583997,65098.949835881416,756.1588947725232,8104,39918057,47824657706.38,770714,53068,0.0338399987754916,0.06752152252161792,0.017562935148446757,0.028435215195597996,0.22578217235028752,4.0,0.2624981915213909,0.3490427098674521,0.5817378497790869,0.3873343151693667,0.5508100147275405,45.7142857143,46.7231222386,41.2886597938,0.4050073637702504,MONITOR,405,382,500,368
madhya pradesh,morena,2026,2,8105,madhya pradesh|morena,2026-Q2,45334539,57660544335.05,883974,59538,1271.8899454354219,6735.265969361089,14.847223621888542,51.28492353847511,65228.77860101089,761.4387282071954,8104,40811012,52823908171.53,856989,58150,0.11084084364288738,0.09156149802120783,0.031488152123306135,0.023869303525365426,0.3300950390221902,4.0,0.3367350662107392,0.9101620029455081,0.5876288659793815,0.43593519882179677,0.625920471281296,65.412371134,63.9911634757,67.3122238586,0.8438880706921944,DEVELOP,107,121,73,99
madhya pradesh,narmadapuram,2026,2,8105,madhya pradesh|narmadapuram,2026-Q2,39505428,45717598379.8,723310,41661,1157.2485274631122,5759.771052522432,17.361801204963875,54.61756093514537,63206.09196582378,948.2592352559948,8104,36683391,41252791255.77,702752,40219,0.07692955648511335,0.1082304248541126,0.029253563134647775,0.035853700987095616,0.2672591984201662,4.0,0.290725885719588,0.6244477172312224,0.7245949926362297,0.6524300441826215,0.5198821796759941,63.5567010309,63.0338733432,60.8100147275,0.8085419734904271,EXPAND,131,133,150,121
madhya pradesh,narsinghpur,2026,2,8105,madhya pradesh|narsinghpur,2026-Q2,25072717,29892639621.33,559578,46725,1192.2377467639428,8350.042353344841,11.975987158908508,44.80647380704745,53419.96937215188,536.6017549491706,8104,23963962,29412195841.89,549234,45528,0.04626759965651761,0.01633484905454541,0.018833502660068335,0.0262915129151291,0.22939958943385985,4.0,0.24161312030764348,0.3711340206185567,0.33578792341678937,0.16789396170839468,0.38880706921944036,31.5022091311,31.5905743741,30.441826215,0.08689248895434462,MONITOR,620,615,623,570
madhya pradesh,neemuch,2026,2,8105,madhya pradesh|neemuch,2026-Q2,24175498,29806179223.69,487255,33488,1232.9085929766575,6872.787349539769,14.550137362637363,49.61570019804825,61171.62312072734,721.9152532250358,8104,23683786,28825485224.99,476078,33035,0.02076154547250164,0.034021768967475774,0.023477245325345786,0.013712728923868545,0.19953440665179856,4.0,0.2516982802719348,0.203240058910162,0.5596465390279823,0.4020618556701031,0.32547864506627394,36.6494845361,37.2606774669,30.3387334315,0.17820324005891017,MONITOR,559,556,626,511
madhya pradesh,niwari,2026,2,8105,madhya pradesh|niwari,2026-Q2,6682206,7392456103.3,167319,10039,1106.2897646825015,5999.9163274941875,16.666899093535214,39.93692288383268,44181.80901929847,665.6246638111365,8104,6419078,7021913325.15,161386,9964,0.04099155673135613,0.052769489025569216,0.036762792311600734,0.007527097551184303,0.23422650996918404,4.0,0.27834306178897994,0.4020618556701031,0.48748159057437407,0.6023564064801178,0.054491899852724596,40.3976435935,38.6597938144,38.5272459499,0.26804123711340205,MONITOR,498,540,537,457
madhya pradesh,pandhurna,2026,2,8105,madhya pradesh|pandhurna,2026-Q2,7501763,9154858384.83,168840,6875,1220.3609184707648,4071.902392797915,24.558545454545456,44.43119521440417,54222.09420060412,1091.1655272727273,8104,6838245,8849057678.58,165551,6725,0.09703045152667089,0.034557431690181106,0.019866989628573695,0.02230483271375472,0.2636467889521912,4.0,0.2575451084924837,0.5964653902798233,0.7879234167893961,0.9042709867452136,0.05743740795287187,61.3475699558,58.6524300442,56.9440353461,0.7643593519882179,EXPAND,161,184,224,148
madhya pradesh,panna,2026,2,8105,madhya pradesh|panna,2026-Q2,15717249,18793623865.36,362752,22025,1195.7323998213683,6071.641231474947,16.4700113507378,43.32780797900494,51808.463813735005,713.6094892167991,8104,14854356,17825145055.84,359636,21302,0.05809023292561455,0.05433216989180689,0.008664316141876682,0.03394047507276321,0.23253961245998833,4.0,0.28530130757290734,0.3917525773195876,0.5493372606774669,0.5832106038291606,0.22091310751104565,44.4845360825,43.6303387334,41.6053019146,0.3711340206185567,MONITOR,428,446,493,390
madhya pradesh,raisen,2026,2,8105,madhya pradesh|raisen,2026-Q2,42673046,48744202994.29,724170,42754,1142.2714702458784,5903.862352762473,16.938064274687747,58.92683485921814,67310.44229157518,998.1065163493474,8104,39679439,42289485336.75,702778,41456,0.07544479144475802,0.15263173827113907,0.030439199861122646,0.031310304901582375,0.27539572626778863,4.0,0.29402738494894404,0.6656848306332842,0.748159057437408,0.6185567010309279,0.5213549337260678,64.5655375552,63.8438880707,61.3107511046,0.8276877761413843,EXPAND,118,125,144,108
madhya pradesh,rajgarh,2026,2,8105,madhya pradesh|rajgarh,2026-Q2,46547793,58063738058.21,752285,66612,1247.4004526532547,8854.62291551739,11.293535699273404,61.87521085758722,77183.16603176987,698.7899027202305,8104,43987296,49623872655.92,739350,65026,0.05820992042793449,0.17007671813141223,0.017495097044701424,0.024390243902439046,0.2682528562176911,4.0,0.2874862411566396,0.6332842415316642,0.5287187039764359,0.11929307805596466,0.5375552282768777,45.9499263623,45.471281296,42.9455081001,0.41384388807069217,MONITOR,399,408,469,362
madhya pradesh,ratlam,2026,2,8105,madhya pradesh|ratlam,2026-Q2,45486079,55691329826.36,852323,46531,1224.3598712115854,5459.315306521119,18.317315338161656,53.36718474099608,65340.63943641084,977.5435516107541,8104,43823487,53101602339.91,827329,45281,0.037938377655799105,0.04876929079979231,0.030210472496431384,0.02760539740730117,0.27337523861396895,4.0,0.29898848603918676,0.658321060382916,0.7393225331369662,0.7201767304860088,0.5979381443298969,68.1958762887,67.8939617084,66.4874815906,0.8777614138438881,EXPAND,84,84,86,77
madhya pradesh,rewa,2026,2,8105,madhya pradesh|rewa,2026-Q2,46023993,53782459422.64,841494,67932,1168.574387334015,8072.7848326904295,12.387299063769651,54.693192108321625,63913.06345932354,677.5009273979862,8104,41952704,50858533577.77,830403,65816,0.09704473399378499,0.05749135177873144,0.013356165620789007,0.03215023702443176,0.2469514181703858,4.0,0.2411322047313995,0.4845360824742268,0.5036818851251841,0.19440353460972018,0.5891016200294551,43.7702503682,44.293078056,40.913107511,0.3475699558173785,MONITOR,444,428,507,406
madhya pradesh,sagar,2026,2,8105,madhya pradesh|sagar,2026-Q2,51924904,64306030353.98,1149850,85489,1238.4429320077318,7434.795842936035,13.450268455590777,45.15798060616602,55925.58190544854,607.3869620652949,8104,47505264,54294439227.44,1119147,83482,0.0930347424234923,0.18439441071674634,0.027434287006085967,0.024041110658585163,0.2751117735456239,4.0,0.2755125040002505,0.6627393225331369,0.4212076583210604,0.31075110456553756,0.7349042709867453,52.8792341679,53.2400589102,55.7584683358,0.5994108983799705,DEVELOP,273,263,239,248
madhya pradesh,satna,2026,2,8105,madhya pradesh|satna,2026-Q2,34648269,40031410277.22,704595,61414,1155.365374161116,8716.212859869855,11.472872634904094,49.17473016413685,56814.78051535989,564.1754160289184,8104,32648067,38765898209.2,696681,60139,0.061265556702024604,0.032644982484106855,0.011359574898698321,0.021200884617303295,0.23026629725350722,4.0,0.24561722184664375,0.3784977908689249,0.36524300441826213,0.1325478645066274,0.4992636229749632,33.7849779087,34.3888070692,32.2606774669,0.1325478645066274,MONITOR,590,594,610,541
madhya pradesh,sehore,2026,2,8105,madhya pradesh|sehore,2026-Q2,48550426,58028983695.68,747638,69616,1195.2311952047548,9311.458219084638,10.73945644679384,64.9384140453,77616.41823406515,697.4032693633648,8104,46659516,51485170718.57,735102,68536,0.04052570969660296,0.1271009280105142,0.017053415716458353,0.015758141706548434,0.23611319214506987,4.0,0.2568263123672687,0.4167893961708395,0.524300441826215,0.0662739322533137,0.5346097201767305,37.9602356406,38.5493372607,32.3564064801,0.20765832106038293,MONITOR,538,542,609,493
madhya pradesh,seoni,2026,2,8105,madhya pradesh|seoni,2026-Q2,29764135,35233187437.7,609996,38119,1183.7463926870375,6249.057370868006,16.002413494582754,48.793983894976364,57759.70242050767,780.8215063354232,8104,27462682,32800863841.23,602434,37580,0.08380292208896423,0.07415425423682342,0.012552412380443245,0.014342735497605119,0.22154274682529196,4.0,0.2287670331771784,0.3269513991163476,0.6038291605301914,0.5434462444771723,0.422680412371134,46.9440353461,47.4226804124,42.6656848306,0.44329896907216493,MONITOR,379,368,474,343
madhya pradesh,shahdol,2026,2,8105,madhya pradesh|shahdol,2026-Q2,24446442,26094399831.85,493527,42096,1067.41094805739,8529.624519023275,11.723845496009123,49.534153146636356,52873.29737147106,580.7307582668187,8104,23764583,26180066322.05,481773,41273,0.02869223499524476,-0.003272202948082281,0.02439738216961107,0.019940396869624122,0.23396362129419468,4.0,0.2340064756484263,0.39911634756995584,0.38880706921944036,0.15463917525773196,0.33136966126656847,32.1870397644,31.8483063328,29.6612665685,0.10309278350515463,MONITOR,610,613,634,559
madhya pradesh,shajapur,2026,2,8105,madhya pradesh|shajapur,2026-Q2,29610293,37031451022.8,474022,38004,1250.627645690639,8017.349405723785,12.472950215766762,62.466073304614554,78121.79819248896,779.1362225028944,8104,28304455,32277983040.44,467680,37576,0.04613542285127914,0.14726657413520994,0.013560554225111154,0.011390249095167171,0.2592831020297137,4.0,0.2826606417265012,0.5640648011782032,0.5979381443298969,0.20618556701030927,0.31075110456553756,43.2400589102,41.9734904271,37.5478645066,0.3328424153166421,MONITOR,454,485,545,416
madhya pradesh,sheopur,2026,2,8105,madhya pradesh|sheopur,2026-Q2,11694412,14090280943.76,266068,23293,1204.872972130621,8754.528917419608,11.422659167990384,43.952718853826845,52957.44299863193,502.05692697376895,8104,11054393,12761046099.94,260498,22895,0.05789725405999224,0.10416347009562554,0.021382121935677123,0.01738370823323865,0.2602160762301491,4.0,0.30747659645914305,0.5670103092783505,0.2960235640648012,0.12665684830633284,0.14727540500736377,30.5228276878,28.4241531664,30.795287187,0.07658321060382917,MONITOR,627,638,620,576
madhya pradesh,sidhi,2026,2,8105,madhya pradesh|sidhi,2026-Q2,23714024,27542590524.41,443502,30053,1161.4473580869278,6776.294131706283,14.757328719262636,53.469937001411495,62102.51706736384,789.0734369280937,8104,21244989,25700119161.65,437232,29559,0.1162172877566563,0.0716911603082897,0.01434021297617738,0.01671233803579275,0.25428991151854197,4.0,0.24398698795342177,0.524300441826215,0.6111929307805597,0.42415316642120765,0.29455081001472755,47.5036818851,46.3549337261,43.1811487482,0.4565537555228277,MONITOR,370,391,465,334
madhya pradesh,singrauli,2026,2,8105,madhya pradesh|singrauli,2026-Q2,38472012,40003109141.88,598461,41104,1039.7976883007834,6868.283814651247,14.559677890229661,64.28491079619224,66843.30163850276,935.9675943947061,8104,36584338,38953848196.0,583269,40198,0.05159787229168944,0.02693600233282578,0.026046301106350533,0.022538434747997327,0.1933533292537486,4.0,0.21595737168658324,0.17083946980854198,0.711340206185567,0.4050073637702504,0.41237113402061853,41.2812960236,42.4889543446,31.3181148748,0.28718703976435933,MONITOR,485,472,618,445
madhya pradesh,tikamgarh,2026,2,8105,madhya pradesh|tikamgarh,2026-Q2,16488594,17629384717.41,418578,29026,1069.1866582080922,6934.430380956476,14.4207951491766,39.39192695268265,42117.322738916046,568.062909115965,8104,16095569,16351064031.37,406606,28207,0.02441821099956143,0.07817966363458084,0.029443736688588018,0.02903534583613987,0.22221722290198986,4.0,0.27164436313640883,0.3328424153166421,0.374079528718704,0.3917525773195876,0.2650957290132548,34.4329896907,34.0942562592,33.6524300442,0.14580265095729014,MONITOR,581,597,590,532
madhya pradesh,ujjain,2026,2,8105,madhya pradesh|ujjain,2026-Q2,92566816,104728146385.74,1368511,122336,1131.3789423819007,8939.350871129278,11.1864945723254,67.64053485868948,76527.0767905702,756.6604760659168,8104,88203401,96825775662.51,1340299,119932,0.04946991783230681,0.08161432913043765,0.021049034581089643,0.020044691992128882,0.3324740065425471,4.0,0.3182906018287336,0.9160530191458026,0.5832106038291606,0.10751104565537556,0.7938144329896907,60.6259204713,60.0147275405,60.2503681885,0.7555228276877761,DEFEND,167,164,160,154
madhya pradesh,umaria,2026,2,8105,madhya pradesh|umaria,2026-Q2,10435685,10930459068.52,247075,13119,1047.4117481047003,5309.723768086614,18.83337144599436,42.23691186886573,44239.43769511282,795.4634499580761,8104,9973721,11075440904.63,242125,12793,0.04631811938593433,-0.013090389570801664,0.020443985544656762,0.02548268584382085,0.22916678445163097,4.0,0.2258100405360276,0.3696612665684831,0.6170839469808542,0.7437407952871871,0.11929307805596466,47.4963181149,46.2444771723,43.7997054492,0.45508100147275404,MONITOR,371,393,453,335
madhya pradesh,vidisha,2026,2,8105,madhya pradesh|vidisha,2026-Q2,36892479,50063707206.02,737979,80267,1357.0166213558052,10876.596759528387,9.194052350280938,49.99123145780571,67838.93201028755,459.6219990780769,8104,33636789,38441230412.78,719792,78954,0.09678955978824266,0.30234403707785695,0.025267021584013172,0.016629936418674163,0.31313994586268934,4.0,0.31970937113258985,0.8365243004418262,0.24153166421207659,0.017673048600883652,0.5316642120765832,42.2091310751,40.6848306333,47.3711340206,0.30633284241531666,MONITOR,472,507,386,434
maharashtra,ahilyanagar,2026,2,8105,maharashtra|ahilyanagar,2026-Q2,222959472,288700445193.81,3056663,192869,1294.8561575074505,6309.789466486819,15.848389321249138,72.94211759686952,94449.55011193907,1156.0150775915258,8104,211296117,277956203187.8,2996198,189297,0.0551990976720127,0.03865444225668435,0.020180575516037358,0.01886981832781287,0.2765194202570498,4.0,0.2605345502579883,0.6745213549337261,0.8100147275405007,0.5287187039764359,0.9617083946980854,72.9381443299,74.3740795287,69.528718704,0.9337260677466863,EXPAND,45,33,52,43
maharashtra,akola,2026,2,8105,maharashtra|akola,2026-Q2,56701182,67336291835.72,987281,70953,1187.5641646362858,7186.707735690245,13.914577255366229,57.43165522277852,68203.77565831815,799.1372035009091,8104,53458444,63488601259.91,966986,68663,0.060659042002793706,0.060604431338127984,0.020987894343868385,0.033351295457524355,0.28665686135065926,4.0,0.3487031863363119,0.7290132547864506,0.6200294550810015,0.35198821796759944,0.6656848306332842,59.4845360825,59.1678939617,58.1222385862,0.7393225331369662,DEVELOP,178,178,201,163
maharashtra,amravati,2026,2,8105,maharashtra|amravati,2026-Q2,90020867,110126913785.36,1621144,101787,1223.3487351922527,6278.714290649073,15.926827590949728,55.52922319053705,67931.60495635182,884.404364015051,8104,87188276,106637809008.73,1584049,99196,0.032488209768019694,0.032719209153522444,0.02341783619067339,0.026120004838904753,0.2605557504607594,4.0,0.30451861357404236,0.572901325478645,0.6804123711340206,0.5331369661266568,0.8571428571428571,64.6686303387,66.0898379971,63.0044182622,0.8306332842415317,EXPAND,116,94,124,107
maharashtra,beed,2026,2,8105,maharashtra|beed,2026-Q2,110400541,153976872062.71,1411573,87769,1394.7112094560296,6217.815160817046,16.0828196743725,78.21100361086532,109081.76343887988,1257.8534676252436,8104,99578459,133628126135.52,1392043,85555,0.10867894631709452,0.15227891399564442,0.014029739023866394,0.025878090117468222,0.279410741993521,4.0,0.35245971919360647,0.6877761413843888,0.8512518409425626,0.5508100147275405,0.8070692194403535,71.8262150221,72.4226804124,66.9661266568,0.9204712812960235,EXPAND,55,45,76,53
maharashtra,bhandara,2026,2,8105,maharashtra|bhandara,2026-Q2,22715086,33389032928.15,539714,31943,1469.9056357589843,5918.504985974053,16.896158782831918,42.087264736508594,61864.30762987435,711.1131077231319,8104,21355185,31413861239.17,533524,30999,0.06368013201477773,0.06287580103388124,0.011602102248446267,0.030452595245007874,0.23387687807680413,4.0,0.25424605251774335,0.39764359351988215,0.5434462444771723,0.6156111929307806,0.36671575846833576,48.2400589102,48.0854197349,46.6200294551,0.4786450662739323,MONITOR,355,357,400,322
maharashtra,buldhana,2026,2,8105,maharashtra|buldhana,2026-Q2,91306788,109721219470.55,1350212,69454,1201.6764785390326,5143.932952751124,19.44037780401417,67.62403829917079,81262.21620793623,1314.6368531690039,8104,85347068,102256998361.88,1333223,68273,0.06982922951729287,0.07299472141999197,0.012742804467069657,0.017298199874035136,0.2689636267569706,4.0,0.3459326850688332,0.6377025036818851,0.8777614138438881,0.7717231222385862,0.792341678939617,76.2150220913,76.9882179676,72.3269513991,0.96759941089838,EXPAND,23,22,32,22
maharashtra,chandrapur,2026,2,8105,maharashtra|chandrapur,2026-Q2,58320968,68741856497.57,1141464,63509,1178.6816792473337,5563.819796331728,17.973263631926184,51.09312952489084,60222.53570639986,918.3102867310145,8104,55993302,66088687273.32,1118806,62251,0.04157043640684033,0.04014558820448966,0.020251947165102813,0.020208510706655414,0.25215719250062185,4.0,0.2756414678698952,0.5095729013254786,0.7010309278350515,0.6936671575846833,0.7304860088365243,64.764359352,65.8689248895,62.9234167894,0.833578792341679,EXPAND,114,99,127,105
maharashtra,chhatrapati sambhaji nagar,2026,2,8105,maharashtra|chhatrapati sambhaji nagar,2026-Q2,277774357,293960407146.01,3285314,222633,1058.2704981151662,6776.612524708445,14.756635359537894,84.55032213054825,89477.11151689306,1247.6782732119677,8104,261870295,276896953634.82,3197336,219029,0.06073259282806398,0.061623839797435354,0.02751603209672049,0.016454442105839906,0.26222151910568847,4.0,0.30062806633433914,0.5802650957290133,0.8468335787923417,0.422680412371134,0.96759941089838,68.4977908689,70.4344624448,62.1944035346,0.8851251840942562,DEFEND,79,63,135,73
maharashtra,dharashiv,2026,2,8105,maharashtra|dharashiv,2026-Q2,72380736,88338946821.79,866411,56399,1220.475940197541,6509.497224758226,15.362169542013156,83.54087840528341,101959.6321166167,1283.3691377506693,8104,66703276,81830126390.97,860668,55248,0.08511515986111395,0.07954063763413965,0.006672723977189765,0.02083333333333326,0.2929274568430902,4.0,0.3276389733902568,0.7525773195876289,0.8615611192930781,0.48748159057437407,0.6082474226804123,68.4683357879,67.7466863034,62.3711340206,0.8836524300441826,DEVELOP,80,85,132,74
maharashtra,dhule,2026,2,8105,maharashtra|dhule,2026-Q2,60349231,75760704418.92,1026399,63028,1255.3714962651304,6140.69187518694,16.284809925747286,58.797047736796316,73812.1377933143,957.4987465888177,8104,57128663,72659658914.58,1006089,61620,0.05637394314654265,0.042679053971140135,0.020187080864615403,0.022849724115546977,0.26750046647131853,4.0,0.33941881528136986,0.625920471281296,0.7319587628865979,0.561119293078056,0.6804123711340206,64.7128129602,64.9852724595,61.6863033873,0.8321060382916053,EXPAND,115,111,140,106
maharashtra,gadchiroli,2026,2,8105,maharashtra|gadchiroli,2026-Q2,20235867,26586391668.45,463308,17139,1313.8251831982293,3699.2670102825764,27.032382286014354,43.676921184179854,57383.83897633971,1180.6912305268686,8104,19213271,24505000680.48,449945,16774,0.053223420416024014,0.08493739768095487,0.029699185456000254,0.021759866459997612,0.2950117784386417,4.0,0.3359900732591013,0.7658321060382917,0.8217967599410898,0.9293078055964654,0.30927835051546393,72.9381443299,70.6553755523,70.8910162003,0.9337260677466863,EXPAND,45,58,43,44
maharashtra,gondia,2026,2,8105,maharashtra|gondia,2026-Q2,24254677,32733496271.68,589555,34154,1349.5746107721823,5793.182993953066,17.261667740235403,41.14065184757995,55522.379204111574,710.156262809627,8104,23097519,31424790055.06,580897,33148,0.05009880065473693,0.041645663004493905,0.014904535571710564,0.030348738988777546,0.2118155361866778,4.0,0.24368569893715675,0.27393225331369664,0.540500736377025,0.6450662739322534,0.406480117820324,45.9867452135,46.6494845361,43.6966126657,0.41531664212076586,MONITOR,398,384,454,361
maharashtra,hingoli,2026,2,8105,maharashtra|hingoli,2026-Q2,34948727,44828505246.38,538841,31541,1282.6935083037501,5853.48924821979,17.08382739925811,64.85907159997105,83194.31009589099,1108.0411844900289,8104,30807593,35695263354.07,531598,30645,0.13441926475723043,0.2558670544524395,0.013624957204504184,0.029238048621308632,0.3268978405593115,4.0,0.3596177001232326,0.898379970544919,0.792341678939617,0.6362297496318114,0.36524300441826213,69.970544919,67.3048600884,67.3343151694,0.9027982326951399,EXPAND,67,90,72,64
maharashtra,jalgaon,2026,2,8105,maharashtra|jalgaon,2026-Q2,127870732,164063763388.24,2154509,140145,1283.0439055298439,6504.730312103593,15.373427521495595,59.35028909138927,76149.02671014138,912.4173677262835,8104,118674810,153549762717.67,2117158,136153,0.07748840718599004,0.06847292033854813,0.01764204655486279,0.029319956225716703,0.2867620774437958,4.0,0.3322065652358835,0.7304860088365243,0.6966126656848306,0.4889543446244477,0.9131075110456554,69.8159057437,70.7290132548,69.1605301915,0.9013254786450663,DEFEND,68,57,58,65
maharashtra,jalna,2026,2,8105,maharashtra|jalna,2026-Q2,80240072,102979501441.42,1090655,70630,1283.392435657585,6475.9250175353345,15.441809429420926,73.57053513714236,94419.86828228908,1136.0621832082684,8104,74648789,95336676657.53,1074926,68735,0.07490118828317494,0.08016667930795074,0.014632635176746955,0.027569651560340525,0.2552819806029072,4.0,0.3438059429331018,0.5331369661266568,0.8026509572901326,0.49337260677466865,0.7069219440353461,62.5331369661,63.4020618557,56.2665684831,0.7849779086892489,DEVELOP,147,127,234,136
maharashtra,kolhapur,2026,2,8105,maharashtra|kolhapur,2026-Q2,86408217,97444712001.93,2174003,121947,1127.7250634847608,5609.32988592932,17.82744142947346,39.74613512492853,44822.71275703391,708.5718959876011,8104,82052254,92283407288.89,2148138,118764,0.05308767020586669,0.05592884858361047,0.01204066033001605,0.026801050823481942,0.2497434328358965,4.0,0.23495696608576871,0.49189985272459497,0.5390279823269514,0.6863033873343152,0.9160530191458026,63.7113402062,65.8321060383,66.5979381443,0.8100147275405007,EXPAND,130,100,82,120
maharashtra,latur,2026,2,8105,maharashtra|latur,2026-Q2,114882213,135860687108.6,1416945,90127,1182.608548014304,6360.656200487669,15.721648340674825,81.07739749955009,95882.82333372149,1274.670331865035,8104,106349124,120322615814.34,1396494,88404,0.0802365706369148,0.12913674781003381,0.014644531233216851,0.019490068322700393,0.3094632291274635,4.0,0.3289525123167147,0.8159057437407953,0.8586156111929307,0.5169366715758469,0.8085419734904271,75.0368188513,75.0,70.942562592,0.9572901325478645,EXPAND,30,27,41,29
maharashtra,mumbai suburban,2026,2,8105,maharashtra|mumbai suburban,2026-Q2,281998060,249149562810.71,7625449,749720,883.5151660642985,9831.814493808824,10.171062530011204,36.981174485594224,32673.428516892578,376.1378381262338,8104,279927702,249060485817.06,7392981,742516,0.0073960454260435515,0.00035765205129889566,0.03144442005193837,0.00970214783250456,0.22985832017546692,4.0,0.22585384782903334,0.3755522827687776,0.15463917525773196,0.047128129602356406,0.9941089837997055,36.1929307806,39.2857142857,41.5243004418,0.1723122238586156,DEFEND,563,528,495,515
maharashtra,nagpur,2026,2,8105,maharashtra|nagpur,2026-Q2,229616391,266544319142.98,4040766,307247,1160.824442811576,7603.682074141388,13.151523041722132,56.82496610791122,65963.80962000275,747.3348511132737,8104,220363589,255082100223.08,3932942,303371,0.04198879697861524,0.04493541063789208,0.02741560897668971,0.012776435453619506,0.24051255140797068,4.0,0.2390046772120235,0.44329896907216493,0.5743740795287187,0.28718703976435933,0.9720176730486009,54.2783505155,56.9219440353,52.0839469809,0.6362297496318114,DEFEND,248,217,307,226
maharashtra,nanded,2026,2,8105,maharashtra|nanded,2026-Q2,131031097,173603862249.46,1764475,100568,1324.9058141477667,5699.599030873206,17.54509386683637,74.26067073775485,98388.39442296434,1302.9104387081377,8104,117254514,144323544842.0,1740406,97700,0.11749298624017146,0.20287969949404294,0.013829531729952604,0.029355168884339866,0.3006844741384538,4.0,0.3254213904751354,0.7967599410898379,0.8733431516936672,0.6656848306332842,0.882179675994109,80.0220913108,80.4491899853,77.2238586156,0.9837997054491899,EXPAND,12,11,13,12
maharashtra,nandurbar,2026,2,8105,maharashtra|nandurbar,2026-Q2,30301467,36697802052.87,656167,32535,1211.0899466639685,4958.3413978453655,20.16803442446596,46.179504607820874,55927.53377245427,931.3498386353158,8104,29233531,35685152377.36,640671,31549,0.03653120110601771,0.028377339258679024,0.02418714129404953,0.03125297156803697,0.25727272161470816,4.0,0.3718741788533984,0.5508100147275405,0.7069219440353461,0.7982326951399117,0.46097201767304863,63.3726067747,62.9234167894,61.4948453608,0.8026509572901326,EXPAND,135,134,142,125
maharashtra,nashik,2026,2,8105,maharashtra|nashik,2026-Q2,326726159,379281693778.83,4715835,331234,1160.8549953260094,7023.867459315265,14.237170701075373,69.2827800378936,80427.26129706192,986.3907660445485,8104,308700991,360891317966.65,4614253,324810,0.058390379446498164,0.05095821067626649,0.022014831002981516,0.019777716203318807,0.256395892819576,4.0,0.28546392537370024,0.5434462444771723,0.7422680412371134,0.37702503681885124,0.979381443298969,63.8733431517,66.0530191458,59.4182621502,0.8159057437407953,DEFEND,126,95,173,116
maharashtra,palghar,2026,2,8105,maharashtra|palghar,2026-Q2,97634788,91446458789.3,2729334,236136,936.6175792720521,8651.780983932344,11.558313853033845,35.772385497707496,33505.04510964946,413.4684588542196,8104,96956300,91105463454.85,2642473,233121,0.006997874300071372,0.0037428637264875775,0.03287110218344713,0.012933197781409556,0.24114376817227323,4.0,0.24978823831954805,0.45066273932253315,0.20618556701030927,0.13843888070692195,0.9499263622974963,41.1340206186,43.6303387334,46.6200294551,0.28276877761413843,DEFEND,488,446,400,448
maharashtra,parbhani,2026,2,8105,maharashtra|parbhani,2026-Q2,65772822,83078117306.78,907133,50831,1263.1070825390464,5603.478211023081,17.846058507603626,72.50626093417394,91583.17171437926,1293.9509747988432,8104,59225411,70398004338.31,895007,49547,0.11055070601367367,0.18012034698502943,0.013548497386054015,0.025914787979090637,0.29802520756658013,4.0,0.3553216171552965,0.7790868924889544,0.8718703976435935,0.6877761413843888,0.6318114874815906,75.0,74.263622975,71.0309278351,0.9558173784977909,EXPAND,31,36,38,30
maharashtra,pune,2026,2,8105,maharashtra|pune,2026-Q2,1190115541,1049927403995.69,14753740,1261805,882.2062798318588,8552.441618193081,11.692567393535452,80.66534593940248,71163.4747525502,943.1849937193148,8104,1150074364,1013306384906.26,14260176,1238659,0.03481616341810745,0.03614012467987915,0.03461135402536408,0.01868633740198078,0.23050227325062944,4.0,0.22601228833006087,0.38144329896907214,0.7172312223858616,0.15169366715758467,0.9985272459499264,53.1369661267,56.2223858616,45.530191458,0.6111929307805597,DEFEND,265,228,425,240
maharashtra,raigad,2026,2,8105,maharashtra|raigad,2026-Q2,132572113,123706961028.09,2644996,145090,933.1295868241158,5485.452529984923,18.230036529050935,50.1218576512025,46770.188320923735,913.7232958853126,8104,128547514,119548967869.54,2570653,142615,0.031308260072614,0.03478066965067805,0.028919889226589612,0.017354415734670336,0.2811671212625888,4.0,0.2721150676846862,0.6980854197349042,0.6980854197349042,0.7142857142857143,0.9440353460972017,75.1325478645,76.3622974963,76.5243004418,0.9587628865979382,EXPAND,29,23,17,28
maharashtra,sangli,2026,2,8105,maharashtra|sangli,2026-Q2,77033307,95139218961.47,1580036,86833,1235.0400452296562,5495.634276687367,18.196261789872516,48.75414674096033,60213.32359608895,887.1432174403741,8104,72724743,90227744488.08,1554515,85693,0.059244815756860136,0.05443419317700959,0.016417339170094802,0.013303303653740661,0.2666103646931479,4.0,0.2588576393334453,0.6215022091310751,0.6833578792341679,0.7083946980854198,0.8512518409425626,70.4639175258,71.6126656848,70.9351988218,0.9086892488954345,EXPAND,63,52,42,60
maharashtra,satara,2026,2,8105,maharashtra|satara,2026-Q2,97105417,106457835629.04,1737945,89747,1096.3120175781748,5163.972392682162,19.364936989537256,55.87369968554816,61255.00843182034,1081.9906737829676,8104,90979878,100169042325.17,1721310,87196,0.06732850312241578,0.06278180521538013,0.00966415114070096,0.02925592917106279,0.27526098217853257,4.0,0.26697593012607823,0.6642120765832106,0.780559646539028,0.7658321060382917,0.8777614138438881,76.1413843888,77.2091310751,75.3166421208,0.9661266568483063,EXPAND,24,19,22,23
maharashtra,solapur,2026,2,8105,maharashtra|solapur,2026-Q2,234327059,299971694631.28,2688732,178647,1280.1410810660157,6644.284368988802,15.05052981578196,87.15151193945697,111566.23071071421,1311.6764289352745,8104,221152066,287071144873.93,2639327,174751,0.05957436092864721,0.044938510845509816,0.018718787024116335,0.022294579144039206,0.2680877826913255,4.0,0.2924033368854616,0.6318114874815906,0.8762886597938144,0.46097201767304863,0.946980854197349,71.3254786451,72.9013254786,65.0810014728,0.9131075110456554,DEFEND,60,43,99,57
maharashtra,thane,2026,2,8105,maharashtra|thane,2026-Q2,346477174,319459017989.91,8346491,741350,922.0203868030567,8882.175755056825,11.258502731503338,41.5117171994794,38274.649549123096,467.35978147973293,8104,337525812,312545075978.29,8052974,731708,0.026520525784262006,0.022121423573795873,0.03644827364399794,0.01317738770110477,0.24975961373196331,4.0,0.2387723793700886,0.49337260677466865,0.2533136966126657,0.11487481590574374,0.9970544918998527,43.9469808542,46.4653902798,48.6818851252,0.35346097201767307,DEFEND,439,388,360,401
maharashtra,wardha,2026,2,8105,maharashtra|wardha,2026-Q2,30257256,37140139909.07,665734,31148,1227.4787875367813,4678.745565045499,21.37325028894311,45.44946780545984,55788.257636037815,971.4028509053551,8104,28918537,34668019647.37,652211,30470,0.04629276370377933,0.07130837835115678,0.020734087588219152,0.022251394814571723,0.24378655624326284,4.0,0.2743073160886283,0.4698085419734904,0.7363770250368189,0.8291605301914581,0.4653902798232695,62.5405007364,62.5184094256,59.4477172312,0.7864506627393225,EXPAND,146,140,171,135
maharashtra,washim,2026,2,8105,maharashtra|washim,2026-Q2,36665387,44215467086.54,585804,34770,1205.9184616417658,5935.432328901817,16.847972389991373,62.58985428573379,75478.26079463438,1054.512136899626,8104,33276307,38540204583.69,577608,34183,0.1018466382101837,0.1472556402892511,0.014189554161299744,0.017172278618026615,0.2988271677272787,4.0,0.3678918374263322,0.7849779086892489,0.7702503681885126,0.6126656848306333,0.40353460972017674,66.1929307806,64.2857142857,62.9307805596,0.8527245949926362,EXPAND,101,116,126,94
maharashtra,yavatmal,2026,2,8105,maharashtra|yavatmal,2026-Q2,68274135,80904288500.13,1276959,52956,1184.9917761701413,4147.039959779445,24.113584862905054,53.46619194508202,63356.99775805645,1289.261556764106,8104,63601566,75268658340.44,1253856,51214,0.07346625710442423,0.07487353015115605,0.018425560829951726,0.03401413675947973,0.2569549936108504,4.0,0.33257027438630676,0.5478645066273933,0.8674521354933726,0.8895434462444771,0.7776141384388807,75.913107511,77.0618556701,72.4889543446,0.9631811487481591,EXPAND,26,21,29,25
manipur,thoubal,2026,2,8105,manipur|thoubal,2026-Q2,1132307,1671648789.32,121356,4424,1476.3211649490818,3645.472823758199,27.43128390596745,9.33045749695112,13774.75188140677,255.94642857142858,8104,1125399,1756034316.22,116625,4235,0.006138267405604525,-0.04805460014109886,0.040565916398713764,0.044628099173553704,0.10266086011494946,4.0,0.3871876421937554,0.008836524300441826,0.048600883652430045,0.9322533136966127,0.016200294550810016,25.1104565538,25.147275405,33.3873343152,0.030927835051546393,MONITOR,659,657,594,604
meghalaya,east khasi hills,2026,2,8105,meghalaya|east khasi hills,2026-Q2,6655012,7872656201.48,253230,6726,1182.9664922437405,2656.083402440469,37.64942016057092,26.2805038897445,31088.955500849028,989.445732976509,8104,5511988,6805544203.31,240220,6159,0.20737055305635654,0.15680039189973805,0.054158687869453104,0.0920603994154896,0.4228173742898753,4.0,0.44836810479237565,0.9896907216494846,0.7437407952871871,0.979381443298969,0.13107511045655376,75.3902798233,71.0972017673,77.1428571429,0.9602356406480118,EXPAND,28,55,14,27
meghalaya,west garo hills,2026,2,8105,meghalaya|west garo hills,2026-Q2,6421154,6234955223.04,198200,8710,971.002287601263,4394.5509586276485,22.755453501722158,32.39734611503532,31457.89718990918,737.2163030998852,8104,5391030,5579895267.4,191115,6053,0.1910811106597441,0.11739646073056687,0.03707192004813864,0.4389558896415,0.1269239382317986,4.0,0.3732572988548797,0.020618556701030927,0.5670103092783505,0.8586156111929307,0.08100147275405008,37.8792341679,38.1811487482,32.9013254786,0.20618556701030927,MONITOR,540,545,602,494
mizoram,aizawl,2026,2,8105,mizoram|aizawl,2026-Q2,2457520,3373654124.94,164163,16407,1372.7880647726163,9994.334898850533,10.005668312305723,14.969999329934273,20550.636409787832,149.78484793076126,8104,2131692,2997520297.1,153960,15514,0.15284947356372314,0.1254816616934662,0.06627045985970392,0.05756091272399133,0.48254681069524397,4.0,0.5062234473765943,0.9985272459499264,0.004418262150220913,0.03829160530191458,0.05154639175257732,32.0544918999,27.3195876289,42.5699558174,0.10014727540500737,MONITOR,612,645,475,561
nagaland,chumoukedima,2026,2,8105,nagaland|chumoukedima,2026-Q2,2459057,2841541200.48,104347,3389,1155.5410063613817,3247.8173785542467,30.789908527589258,23.566149482016733,27231.65208851237,725.5995868987902,8104,2218803,2884563199.65,99896,3117,0.10828090641665788,-0.014914562861794822,0.044556338592135925,0.08726339428938079,0.30000502226980164,4.0,0.422486086856254,0.7893961708394698,0.5625920471281296,0.9528718703976435,0.004418262150220913,61.6568483063,57.7319587629,65.0368188513,0.7746686303387335,EXPAND,154,198,100,143
nagaland,dimapur,2026,2,8105,nagaland|dimapur,2026-Q2,4967829,6661501677.14,183603,9304,1340.9281352357339,5067.455324804061,19.733770421324163,27.057450041665987,36282.0960286052,533.9455073086845,8104,4477073,6530742877.92,176929,8841,0.10961536700429053,0.020022040626049842,0.03772134585059539,0.052369641443275716,0.31022073284687157,4.0,0.3678952508313604,0.8188512518409425,0.33136966126656847,0.780559646539028,0.07216494845360824,53.8070692194,50.0736377025,61.8777614138,0.6273932253313697,DEVELOP,253,319,137,232
odisha,angul,2026,2,8105,odisha|angul,2026-Q2,51937142,59165505575.14,760844,41773,1139.1752279156985,5490.3501900521,18.2137744476097,68.26253739268496,77762.99159241578,1243.3184592918872,8104,50527077,60344994541.27,737174,40649,0.02790711602018847,-0.01954576307606326,0.03210910856866889,0.02765135673694319,0.19807740670294982,4.0,0.22535114872901324,0.19734904270986744,0.8424153166421208,0.711340206185567,0.5434462444771723,55.6332842415,57.3637702504,46.3770250368,0.6656848306332842,DEVELOP,227,207,409,208
odisha,balasore,2026,2,8105,odisha|balasore,2026-Q2,70787250,87477581509.19,1217410,98662,1235.7816062806507,8104.254113240404,12.339198475603576,58.145776689857975,71855.48131622872,717.4722790942815,8104,69712096,88751598894.44,1191279,96267,0.015422775410453893,-0.014354866854458637,0.02193524774632971,0.024878722719104074,0.20242705715803377,4.0,0.2597625937327003,0.21944035346097202,0.5537555228276878,0.18851251840942562,0.7511045655375552,40.1620029455,42.8203240059,34.1531664212,0.2621502209131075,DEFEND,502,467,586,460
odisha,bargarh,2026,2,8105,odisha|bargarh,2026-Q2,29700496,35559031495.46,599124,33221,1197.253793184464,5544.928929570507,18.034496252370488,49.57320354384068,59351.70598316876,894.0277535293941,8104,29500339,39256872821.86,588557,32175,0.006784905081938186,-0.09419602379384828,0.01795408091314865,0.03250971250971246,0.243566316127785,4.0,0.29684525004764073,0.4683357879234168,0.6877761413843888,0.6966126656848306,0.41531664212076586,56.9661266568,56.7010309278,53.4977908689,0.6921944035346097,DEVELOP,210,220,284,191
odisha,bhadrak,2026,2,8105,odisha|bhadrak,2026-Q2,54814334,62290022037.21,794945,65079,1136.3819915646516,8186.6041046864875,12.215077060188387,68.95361817484229,78357.64994711583,842.273759584505,8104,51900041,59963094647.82,773942,63578,0.05615203656582857,0.038805992303377446,0.02713769248858444,0.02360879549529704,0.2612221488900328,4.0,0.2966240296108886,0.5758468335787923,0.6612665684830633,0.18262150220913106,0.5552282768777614,49.4771723122,49.3740795287,43.3063328424,0.5007363770250368,DEVELOP,340,331,463,307
odisha,cuttack,2026,2,8105,odisha|cuttack,2026-Q2,129280852,138824443605.34,1711793,138121,1073.8206119289807,8068.791027887133,12.393430397984377,75.52364801117892,81098.8499224731,935.9970750284172,8104,124949758,136939064645.98,1672405,134411,0.03466268418062879,0.013768014001221296,0.02355171145745194,0.027601907581968677,0.22794059344625217,4.0,0.2631369709487913,0.36671575846833576,0.7128129602356407,0.19734904270986744,0.8733431516936672,51.2223858616,53.7555228277,43.4094256259,0.5581737849779087,DEFEND,301,256,461,274
odisha,deogarh,2026,2,8105,odisha|deogarh,2026-Q2,4503723,5777047843.94,108489,3354,1282.7271668217604,3091.5576694411416,32.34615384615385,41.51317645106877,53250.07921485127,1342.7915921288015,8104,4410183,6049394019.13,105003,3236,0.021210004210709732,-0.04502040606526214,0.03319905145567259,0.03646477132262049,0.18794128508124075,4.0,0.21297208995065886,0.14285714285714285,0.8880706921944035,0.9587628865979382,0.007363770250368188,50.6038291605,49.9263622975,39.4550810015,0.5360824742268041,DEVELOP,316,322,524,287
odisha,dhenkanal,2026,2,8105,odisha|dhenkanal,2026-Q2,38144409,41408351799.92,574091,44485,1085.5680527104248,7748.771536219868,12.905271439811171,66.44314054740451,72128.55070001096,857.466764077779,8104,37047701,41659095036.17,558638,43350,0.029602592614316414,-0.0060189314249936565,0.027661920599744372,0.026182237600922642,0.2152425992506508,4.0,0.24104536610205557,0.28865979381443296,0.6701030927835051,0.25184094256259204,0.39322533136966126,39.5729013255,40.0957290133,30.1914580265,0.24594992636229748,MONITOR,513,516,628,470
odisha,gajapati,2026,2,8105,odisha|gajapati,2026-Q2,12441460,15897102480.76,230741,12440,1277.7521674112202,5391.326205572482,18.54831189710611,53.919589496448395,68895.87234501021,1000.1173633440515,8104,12062487,15803445720.78,228135,12072,0.0314174846364601,0.005926350596873409,0.011423060906919247,0.03048376408217357,0.19568638520013915,4.0,0.2226902224180754,0.18262150220913106,0.7511045655375552,0.7319587628865979,0.10603829160530191,44.675994109,44.293078056,35.5743740795,0.374079528718704,MONITOR,426,428,571,388
odisha,ganjam,2026,2,8105,odisha|ganjam,2026-Q2,103810532,138516622121.45,1688000,115340,1334.321474447795,6832.938388625593,14.634992196982834,61.499130331753555,82059.61026152252,900.0392925264435,8104,96890250,138519135225.9,1669555,113110,0.07142392552398213,-1.8142651886154937e-05,0.011047854068898522,0.01971532136857923,0.2420915124927432,4.0,0.24148711412380236,0.4521354933726068,0.6907216494845361,0.4167893961708395,0.8674521354933726,58.6008836524,60.677466863,54.3593519882,0.7245949926362297,DEFEND,187,157,270,169
odisha,jagatsinghpur,2026,2,8105,odisha|jagatsinghpur,2026-Q2,45300125,46474285160.43,606478,38761,1025.9195788186014,6391.1634057624515,15.646603544800186,74.69376465428259,76629.79557449734,1168.703722814169,8104,43317597,45033714967.87,591793,37421,0.045767266360597025,0.03198870432048073,0.02481441990696065,0.035808770476470464,0.1991823399101289,4.0,0.252386418147824,0.20176730486008837,0.8159057437407953,0.5110456553755522,0.41973490427098675,47.6215022091,48.7113402062,36.4506627393,0.46097201767304863,MONITOR,367,335,559,331
odisha,jajpur,2026,2,8105,odisha|jajpur,2026-Q2,82165322,85133400878.87,1078499,61458,1036.1232550013008,5698.475381062013,17.54855348367991,76.18488473331918,78936.93075178558,1336.9345243906407,8104,80245170,84058444229.15,1048621,60027,0.023928567912560927,0.012788205391829344,0.028492658453340258,0.023839272327452754,0.16811305123410625,4.0,0.21724826305941597,0.07363770250368189,0.8851251840942562,0.6671575846833578,0.7025036818851251,55.0662739323,58.2106038292,43.8586156112,0.6509572901325479,DEVELOP,237,191,451,216
odisha,jharsuguda,2026,2,8105,odisha|jharsuguda,2026-Q2,30025889,29952190380.91,431562,15500,997.5454975174923,3591.604450808922,27.842709677419354,69.5749139173514,69404.14211842099,1937.154129032258,8104,29122401,30146940941.88,418906,15224,0.03102381565311174,-0.006460043867981824,0.030212028474168484,0.018129269574356233,0.20767841929892206,4.0,0.24382040114215736,0.25184094256259204,0.9852724594992637,0.9366715758468336,0.27835051546391754,61.1708394698,61.3033873343,49.8159057437,0.7614138438880707,EXPAND,163,152,342,150
odisha,kandhamal,2026,2,8105,odisha|kandhamal,2026-Q2,11650060,13535674655.01,286456,7193,1161.8545016085754,2511.0313625827353,39.824273599332685,40.669631636272236,47252.19459536543,1619.6385374669817,8104,11200002,13451322112.12,281550,7088,0.04018374282433168,0.006270948103606511,0.01742496892203871,0.014813769751693018,0.14473908140713543,4.0,0.20110421589086197,0.041237113402061855,0.9528718703976435,0.9823269513991163,0.16494845360824742,52.9160530191,53.5346097202,40.1546391753,0.6023564064801178,DEVELOP,271,259,516,246
odisha,kendrapara,2026,2,8105,odisha|kendrapara,2026-Q2,43209456,48056400890.5,628446,36601,1112.1732449142614,5824.0485260467885,17.17018660692331,68.75603631815622,76468.6240194066,1180.5539739351384,8104,41266119,47040774491.3,613352,35075,0.04709279784706677,0.021590341787162348,0.024609033638106625,0.04350677120456159,0.24796004629149615,4.0,0.2794719230759032,0.48748159057437407,0.8203240058910162,0.6406480117820325,0.4374079528718704,59.8969072165,59.646539028,52.8571428571,0.7466863033873343,DEVELOP,173,173,296,159
odisha,kendujhar,2026,2,8105,odisha|kendujhar,2026-Q2,55567166,63156435261.22,863006,39852,1136.5783034754734,4617.812622391964,21.65527451570812,64.38792546054141,73181.91908424739,1394.3382013449764,8104,53531555,63132378436.76,831911,38821,0.038026375284633485,0.0003810536693797939,0.037377796422934706,0.026557790886375887,0.17619474629643794,4.0,0.2141946843767406,0.10309278350515463,0.8998527245949927,0.8350515463917526,0.6038291605301914,58.5419734904,61.0456553756,48.4462444772,0.7201767304860088,DEVELOP,191,154,366,173
odisha,khordha,2026,2,8105,odisha|khordha,2026-Q2,304619745,295222880387.08,3062384,236790,969.1521486470945,7732.211244572855,12.932911018201782,99.47143957126212,96402.95938950831,1286.4552768275687,8104,302109179,293139958212.94,3007702,231673,0.008310128173894427,0.007105555267313601,0.01818065752524678,0.02208716596236937,0.1973230762649214,4.0,0.2311121769850224,0.19293078055964655,0.8645066273932254,0.25773195876288657,0.9631811487481591,53.1075110457,56.9587628866,40.8173784978,0.6082474226804123,DEFEND,267,216,509,242
odisha,koraput,2026,2,8105,odisha|koraput,2026-Q2,36717088,42685500563.22,613733,26166,1162.5513592804527,4263.417479588029,23.45536192004892,59.82583305769773,69550.60354131194,1403.236566536727,8104,36197172,45142184554.15,595770,25444,0.014363442536339477,-0.05442102581418273,0.030150897158299328,0.0283760415029084,0.22082255386542005,4.0,0.2563045759367775,0.3240058910162003,0.9027982326951399,0.8792341678939617,0.4270986745213549,62.8129602356,63.3284241532,54.41089838,0.7893961708394698,EXPAND,144,128,268,133
odisha,mayurbhanj,2026,2,8105,odisha|mayurbhanj,2026-Q2,40074486,45347480243.71,897828,46357,1131.5798347035568,5163.238393099792,19.36768988502276,44.63492562049747,50507.98175564808,864.475397458852,8104,39011144,45796788982.19,867292,45001,0.027257390862467368,-0.00981092230406666,0.035208441908838095,0.03013266371858414,0.19625045671532715,4.0,0.23104644374038819,0.187039764359352,0.6730486008836525,0.7673048600883653,0.6303387334315169,54.2268041237,56.4432989691,50.0957290133,0.6347569955817378,DEVELOP,249,226,340,227
odisha,nayagarh,2026,2,8105,odisha|nayagarh,2026-Q2,25259486,29370367632.71,413390,39438,1162.7460524220485,9540.143689977987,10.482022414929764,61.10328261448027,71047.60065001572,640.4859779907704,8104,25192924,31142173012.31,402805,38951,0.0026420910887516857,-0.056894083110373694,0.026278223954518953,0.012502888244204202,0.21852682801074863,4.0,0.23675738979893474,0.30633284241531666,0.4521354933726068,0.054491899852724596,0.25920471281296026,27.0397643594,26.8041237113,20.6406480118,0.042709867452135494,MONITOR,651,647,674,597
odisha,puri,2026,2,8105,odisha|puri,2026-Q2,74152838,77443452393.96,968686,102056,1044.3761086252694,10535.50892652521,9.491710433487498,76.54992226583227,79946.90993155677,726.589695853257,8104,70706039,75421054046.88,965031,98581,0.04874829715747486,0.02681477171908697,0.0037874430976829743,0.03525020034286519,0.28062713269578454,4.0,0.30978306349122653,0.6921944035346097,0.5640648011782032,0.025036818851251842,0.658321060382916,48.6597938144,48.4904270987,45.0220913108,0.4889543446244477,MONITOR,348,340,434,315
odisha,rayagada,2026,2,8105,odisha|rayagada,2026-Q2,29274719,33516333975.65,456600,24311,1144.8900321007352,5324.353920280333,18.78162148821521,64.11458388085852,73404.14799748138,1204.175846324709,8104,28838004,34718785090.97,443422,23569,0.015143731861608778,-0.03463402052143649,0.029718868256424003,0.031482031482031436,0.2430562381874024,4.0,0.24789129466603455,0.46686303387334316,0.8306332842415317,0.7407952871870398,0.30633284241531666,59.4182621502,58.6156111929,52.2606774669,0.7349042709867453,DEVELOP,181,185,306,164
odisha,sambalpur,2026,2,8105,odisha|sambalpur,2026-Q2,44790183,44626977883.08,679444,28902,996.3562301828506,4253.772201976911,23.508546121375684,65.92181695621714,65681.61302930042,1549.7260743201164,8104,43911117,45713258284.25,654235,28097,0.02001921290228159,-0.023762917847933496,0.038532025953976756,0.028650745631206176,0.2425250246818722,4.0,0.2647039465062698,0.45949926362297494,0.9366715758468336,0.8807069219440353,0.4786450662739323,68.7923416789,68.8880706922,61.1708394698,0.8939617083946981,EXPAND,73,74,147,69
odisha,sundargarh,2026,2,8105,odisha|sundargarh,2026-Q2,64723458,71328860185.86,1180407,59341,1102.0557675682285,5027.164359411627,19.89192969447768,54.83147592313499,60427.34428536937,1090.7038641074469,8104,62491841,71144205119.22,1147094,57765,0.035710533795923816,0.0025955039673373204,0.029041211966935654,0.0272829568077555,0.2193055796507717,4.0,0.24154420526113324,0.3122238586156112,0.7864506627393225,0.7849779086892489,0.7437407952871871,63.5272459499,65.6848306333,58.5567010309,0.8055964653902798,EXPAND,133,102,190,123
puducherry,puducherry,2026,2,8105,puducherry|puducherry,2026-Q2,15606710,17533264133.07,585100,40844,1123.4439630819052,6980.687062040677,14.32523748898247,26.673577166296358,29966.269241274997,382.10532758789543,8104,14972481,17059409773.66,572785,40338,0.042359646340509594,0.02777671476897403,0.021500213867332363,0.012544003173186491,0.16532260443054825,4.0,0.1406896230560008,0.06921944035346098,0.16789396170839468,0.38438880706921946,0.4005891016200295,23.8954344624,25.5522827688,26.2371134021,0.029455081001472753,MONITOR,660,655,653,605
punjab,amritsar,2026,2,8105,punjab|amritsar,2026-Q2,23249586,37298610903.0,1219911,100269,1604.2698955155588,8219.370101589378,12.16638243125991,19.058428032864693,30574.86234897464,231.87212398647637,8104,21060292,35468557110.09,1181022,98511,0.10395363938923552,0.051596510882293334,0.03292826043884034,0.01784572281268071,0.31472022029335345,4.0,0.24486762730400646,0.8483063328424153,0.03240058910162003,0.1796759941089838,0.7540500736377025,45.8321060383,45.3608247423,59.0721649485,0.40942562592047127,DEFEND,402,410,180,365
punjab,barnala,2026,2,8105,punjab|barnala,2026-Q2,2788820,4536205893.13,208611,13130,1626.5681876671854,6294.011341683804,15.888118811881188,13.368518438625001,21744.80680850962,212.4006092916984,8104,2437109,4168512259.41,198691,12935,0.14431484188848342,0.08820740130725735,0.049926770714325164,0.015075376884422065,0.35269885447290084,4.0,0.27381127224471835,0.9558173784977909,0.027982326951399118,0.5316642120765832,0.08541973490427099,44.3740795287,40.0220913108,58.9764359352,0.3637702503681885,MONITOR,433,519,183,395
punjab,bathinda,2026,2,8105,punjab|bathinda,2026-Q2,13099461,17609533699.01,652707,47582,1344.2945247144137,7289.947863283219,13.71751922996091,20.06943544346851,26979.23218076411,275.3028666302383,8104,11817428,16245117667.45,630098,46779,0.10848663516291368,0.0839892981688799,0.03588171998641476,0.017165822270676978,0.3270589229288443,4.0,0.2703282444333833,0.8998527245949927,0.06480117820324006,0.3328424153166421,0.4536082474226804,46.0088365243,43.7776141384,58.9837997054,0.4167893961708395,MONITOR,397,440,182,360
punjab,faridkot,2026,2,8105,punjab|faridkot,2026-Q2,3314633,5306004131.73,228922,20635,1600.7817854133473,9013.987296983252,11.093869638962927,14.47931173063314,23178.21848371934,160.63159680155076,8104,2926819,4809428234.17,220898,20161,0.13250358153339858,0.10325050575283146,0.03632445744189616,0.023510738554635147,0.3577299845779205,4.0,0.25731877658166574,0.9617083946980854,0.008836524300441826,0.09425625920471281,0.09867452135493372,33.4020618557,29.086892489,44.234167894,0.12223858615611193,MONITOR,597,634,446,547
punjab,fatehgarh sahib,2026,2,8105,punjab|fatehgarh sahib,2026-Q2,6715970,7496362871.68,308884,27572,1116.1995767819094,8926.328330376453,11.202814449441462,21.742693049818055,24269.184780305877,243.57935586827216,8104,6392874,7351223089.38,297020,27195,0.050540023157033875,0.01974362368483651,0.03994343815231294,0.01386284243427105,0.3284056568655105,4.0,0.3719737239281041,0.9057437407952872,0.039764359351988215,0.11192930780559647,0.18998527245949925,34.764359352,31.1855670103,44.8969072165,0.15022091310751104,MONITOR,578,616,437,529
punjab,fazilka,2026,2,8105,punjab|fazilka,2026-Q2,8765617,13018405562.99,502467,38594,1485.1670524721762,7680.902427423094,13.01930351868166,17.445159582619358,25908.976237225528,227.12382753795927,8104,8257095,12998422096.44,486126,37966,0.061586066286024366,0.0015373763370456484,0.03361474185704938,0.016541115735131395,0.21892712483048848,4.0,0.18263293531757857,0.30927835051546393,0.029455081001472753,0.27245949926362295,0.34167893961708395,23.6597938144,23.8217967599,30.4491899853,0.027982326951399118,MONITOR,661,662,622,606
punjab,ferozepur,2026,2,8105,punjab|ferozepur,2026-Q2,6432438,10026888385.77,386612,31154,1558.800626725046,8058.208229439335,12.409706618732747,16.637967781651888,25935.274605470084,206.47229890222764,8104,5680449,9070440261.91,371929,30252,0.132381964876368,0.10544671440883269,0.03947796488039379,0.02981621049847938,0.29387328749970587,4.0,0.23659151835897035,0.7569955817378498,0.023564064801178203,0.20029455081001474,0.24153166421207659,33.1369661267,30.559646539,43.3284241532,0.11487481590574374,MONITOR,602,621,462,552
punjab,gurdaspur,2026,2,8105,punjab|gurdaspur,2026-Q2,9751226,17132876680.16,538763,38371,1756.9971899082227,7122.055523486209,14.040890255661829,18.099286699346465,31800.395870095013,254.13009825128353,8104,8595160,16031774024.38,517686,37852,0.13450197553041487,0.06868252098024352,0.04071386902485297,0.013711296628976077,0.35803797515952507,4.0,0.30493140142435926,0.9631811487481591,0.047128129602356406,0.36229749631811486,0.3637702503681885,46.4064801178,43.4094256259,60.3019145803,0.43446244477172313,MONITOR,385,456,157,349
punjab,hoshiarpur,2026,2,8105,punjab|hoshiarpur,2026-Q2,9789677,14262689120.91,566617,33238,1456.9111034929956,5866.043553229078,17.047265178410253,17.277414902835602,25171.657611596547,294.5326734460557,8104,8720387,13561378484.04,544909,32928,0.12261955805401747,0.051713816386391054,0.039837844484124973,0.009414480077745369,0.31272660031211474,4.0,0.2719553674470522,0.8350515463917526,0.08394698085419734,0.6332842415316642,0.390279823269514,50.7879234168,48.5640648012,65.324005891,0.5449189985272459,DEVELOP,309,339,98,281
punjab,jalandhar,2026,2,8105,punjab|jalandhar,2026-Q2,20981567,27306258557.32,1105536,66786,1301.4403813270953,6041.051580409865,16.55340939717905,18.978637511578093,24699.56524013691,314.16115652981165,8104,19252355,26400918313.06,1061502,65918,0.08981820665575713,0.03429199823750628,0.041482729189393996,0.013167875238933258,0.2650643714718539,4.0,0.24410106036668322,0.6097201767304861,0.10014727540500737,0.5920471281296024,0.7142857142857143,49.882179676,50.4050073638,62.9675994109,0.5095729013254786,DEVELOP,334,314,125,302
punjab,kapurthala,2026,2,8105,punjab|kapurthala,2026-Q2,10609846,11348650293.75,364471,22011,1069.6338376400563,6039.163609724779,16.55858434419154,29.110261173042574,31137.32037322585,482.0247149152696,8104,10119263,10606464529.51,361259,21747,0.04848011164449417,0.06997484997710979,0.008891127971898172,0.012139605462822445,0.43308148462913376,4.0,0.23754464485526966,0.9941089837997055,0.26804123711340205,0.593519882179676,0.2268041237113402,55.8983799705,52.0618556701,66.2076583211,0.6745213549337261,DEVELOP,222,287,90,202
punjab,ludhiana,2026,2,8105,punjab|ludhiana,2026-Q2,60025670,67446697678.68,2834380,161319,1123.630901224093,5691.509254228438,17.57003204830181,21.177707294011388,23795.926332630064,372.0929958653351,8104,55115184,66269018775.42,2716444,158348,0.08909497607773575,0.017771183654477385,0.043415583019565274,0.01876247252886043,0.25676299487853593,4.0,0.2787866168650624,0.5449189985272459,0.15022091310751104,0.6701030927835051,0.9572901325478645,56.0014727541,58.0633284242,69.1826215022,0.6759941089837997,DEVELOP,221,194,57,201
punjab,malerkotla,2026,2,8105,punjab|malerkotla,2026-Q2,2346114,3610297595.02,155514,11187,1538.841503447829,7193.564566534203,13.90131402520783,15.08619159689803,23215.257758272568,209.71788683293107,8104,2165104,3526179472.58,148411,10945,0.08360337424899678,0.023855315106367403,0.047860333802750565,0.022110552763819014,0.2605146582779714,4.0,0.23198109457870542,0.5714285714285714,0.025036818851251842,0.3490427098674521,0.044182621502209134,27.3784977909,24.7422680412,36.1782032401,0.047128129602356406,MONITOR,648,659,562,594
punjab,mansa,2026,2,8105,punjab|mansa,2026-Q2,2684030,4663731409.43,255495,21813,1737.5854254348872,8537.544766042389,11.712969330215927,10.505215366249828,18253.709111450324,123.04726539219732,8104,2340074,4074171376.16,244449,21554,0.14698509534313864,0.1447067339189041,0.045187339690487605,0.012016331075438424,0.34068504043988357,4.0,0.2601873184960798,0.9322533136966127,0.0,0.15316642120765833,0.13402061855670103,34.4771723122,30.4860088365,46.0014727541,0.14727540500736377,MONITOR,580,622,411,531
punjab,moga,2026,2,8105,punjab|moga,2026-Q2,4231131,7249244137.98,319177,28657,1713.3112016574291,8978.403832356342,11.13783717765293,13.256378122483763,22712.30113065791,147.6473810936246,8104,3805675,6861299983.47,305561,28390,0.11179514803549973,0.056540911408132555,0.044560660555502896,0.009404719971821018,0.28362579841115654,4.0,0.24237020912519514,0.7142857142857143,0.0029455081001472753,0.10309278350515463,0.1958762886597938,27.9970544919,25.4050073638,37.0765832106,0.055964653902798235,MONITOR,642,656,552,588
punjab,pathankot,2026,2,8105,punjab|pathankot,2026-Q2,8677466,12046029239.29,332301,25573,1388.1966508759585,7695.733687229349,12.994212646150237,26.113270799666566,36250.355067514094,339.321393657373,8104,7774670,11095945447.27,321359,25464,0.11612016973067663,0.08562441087467265,0.034049147526598045,0.004280552937480309,0.24239345118996058,4.0,0.2254469075634793,0.4565537555228277,0.11634756995581738,0.26804123711340205,0.20471281296023564,27.4005891016,26.1413843888,32.7614138439,0.048600883652430045,MONITOR,647,651,605,593
punjab,patiala,2026,2,8105,punjab|patiala,2026-Q2,18047391,23677742632.41,962685,68658,1311.9759322779676,7131.927889184936,14.0214541641178,18.746932797332462,24595.52463413266,262.8592589355938,8104,16330546,22457619963.27,927224,67817,0.10513090009360382,0.05433000786083042,0.038244264600571176,0.012401020393116857,0.2747601268022275,4.0,0.2449553995243211,0.6612665684830633,0.054491899852724596,0.3593519882179676,0.6568483063328424,43.3210603829,43.2989690722,55.4491899853,0.33578792341678937,MONITOR,452,459,246,414
punjab,rupnagar,2026,2,8105,punjab|rupnagar,2026-Q2,5977948,7687807615.04,300679,19193,1286.0278501987639,6383.219313620173,15.66607617360496,19.881494883247584,25568.15612344061,311.4650132860939,8104,5374303,7311678245.72,292942,18762,0.11232061162163731,0.05144227586056216,0.026411371534296846,0.02297196460931672,0.27622425620008495,4.0,0.24287817032485937,0.6715758468335787,0.09867452135493372,0.5125184094256259,0.18262150220913106,39.0795287187,36.6347569956,49.3667157585,0.23564064801178203,MONITOR,520,567,351,476
punjab,sangrur,2026,2,8105,punjab|sangrur,2026-Q2,5598997,9283294078.18,437953,29143,1658.0280500561082,6654.3670211187045,15.02772535428748,12.784470023039002,21197.009903300128,192.12150430635143,8104,4921668,8334316839.86,420272,28794,0.13762183877498435,0.11386383029996994,0.04207037347241793,0.01212058067652988,0.3308811417202582,4.0,0.25885647527933486,0.9116347569955817,0.011782032400589101,0.4580265095729013,0.28718703976435933,44.8379970545,41.7157584683,59.675994109,0.3799705449189985,MONITOR,422,492,169,384
punjab,sas nagar,2026,2,8105,punjab|sas nagar,2026-Q2,46199012,44467731285.68,1555702,98314,962.5255900641339,6319.590769954657,15.823809426938178,29.696569137276935,28583.707731737828,469.9128506621641,8104,42393256,41393173487.51,1510688,96305,0.08977267516323817,0.07427692875729175,0.029797019636086386,0.020860806811692,0.2534643157395453,4.0,0.20612865509124506,0.5213549337260678,0.25625920471281294,0.5257731958762887,0.8424153166421208,52.0397643594,53.6450662739,60.3166421208,0.5802650957290133,DEVELOP,286,257,156,261
punjab,shaheed bhagat singh nagar,2026,2,8105,punjab|shaheed bhagat singh nagar,2026-Q2,2464453,3618015947.6,174023,8832,1468.0807252562738,5075.191210357251,19.703691123188406,14.161651046126087,20790.446938623056,279.0367980072464,8104,2260584,3556107774.44,166558,8699,0.09018421788352038,0.01740896988695706,0.044819222132830516,0.015289113691228984,0.25061174323733204,4.0,0.2597945081850811,0.4963181148748159,0.0662739322533137,0.7790868924889544,0.061855670103092786,37.2606774669,35.088365243,48.6671575847,0.18556701030927836,MONITOR,554,588,361,507
punjab,sri muktsar sahib,2026,2,8105,punjab|sri muktsar sahib,2026-Q2,4023393,6629531097.18,323828,27353,1647.7463417518497,8446.768037353162,11.838847658392133,12.424475338760082,20472.383787628,147.0914707710306,8104,3552801,5999540329.98,311284,27096,0.1324566166244605,0.10500650592377991,0.04029760604464094,0.009484794803661156,0.3121127517531448,4.0,0.23353134832677386,0.833578792341679,0.0014727540500736377,0.16494845360824742,0.19734904270986744,33.1148748159,29.9337260677,44.0500736377,0.1134020618556701,MONITOR,603,627,450,553
punjab,tarn taran,2026,2,8105,punjab|tarn taran,2026-Q2,6589627,13907125870.9,360111,19428,2110.4572187318036,5395.003207344402,18.53567016676961,18.298877290613174,38618.99767266204,339.1819538809965,8104,5668487,12187356286.09,344684,19172,0.1625019162961827,0.1411109632343195,0.04475693678847881,0.013352806175672916,0.3645411268848662,4.0,0.2992248715385293,0.9720176730486009,0.11487481590574374,0.7304860088365243,0.21796759941089838,54.6539027982,50.88365243,69.8969072165,0.6435935198821797,DEVELOP,243,306,48,221
rajasthan,ajmer,2026,2,8105,rajasthan|ajmer,2026-Q2,100906421,134326654053.75,1477232,119199,1331.2002618123777,8069.07784288453,12.392989874076125,68.3077681772396,90931.31888136054,846.5374793412697,8104,95749759,131281386702.24,1446901,117117,0.053855613359820476,0.023196489830024314,0.02096273345584798,0.017777094700171636,0.20492875252314424,4.0,0.22164523316469847,0.2341678939617084,0.6656848306332842,0.1958762886597938,0.8232695139911634,45.029455081,47.9749631811,36.8041237113,0.3858615611192931,DEFEND,418,361,553,380
rajasthan,alwar,2026,2,8105,rajasthan|alwar,2026-Q2,74083150,84832395788.11,1286894,100122,1145.0970401246436,7780.127967027587,12.85325902399073,57.56740648413933,65920.26677264017,739.9287868800064,8104,70178105,82110523983.48,1257597,97591,0.05564477695714354,0.033148878762211176,0.023296016132354103,0.025934768574971123,0.13429866599256757,4.0,0.1450334273754017,0.03240058910162003,0.5684830633284241,0.24447717231222385,0.7820324005891016,36.9366715758,40.6848306333,29.4035346097,0.18114874815905743,DEFEND,557,507,635,510
rajasthan,balotra,2026,2,8105,rajasthan|balotra,2026-Q2,30160090,41976917972.68,558892,24199,1391.8034718291624,4329.8168519141445,23.095665110128518,53.964075349083544,75107.38742490498,1246.3362122401752,8104,29858875,42611803599.95,539862,23529,0.010087955423638606,-0.014899290188006509,0.03524974900993216,0.028475498321220538,0.10392734891320576,4.0,0.17553122427954843,0.010309278350515464,0.845360824742268,0.8689248895434463,0.3873343151693667,50.913107511,52.7982326951,40.5081001473,0.5508100147275405,DEVELOP,306,275,514,278
rajasthan,banswara,2026,2,8105,rajasthan|banswara,2026-Q2,22967500,25092318176.83,639092,21879,1092.514125474257,3423.450770781046,29.210292974998858,35.93770536949297,39262.45075330313,1049.750902692079,8104,22587244,24742363968.13,617428,21207,0.016834988810498608,0.014143927764977082,0.03508749198287098,0.03168765030414478,0.2353194379819621,4.0,0.24952188931405522,0.4108983799705449,0.7643593519882179,0.9440353460972017,0.44329896907216493,63.9027982327,64.0648011782,60.559646539,0.8173784977908689,EXPAND,125,118,154,115
rajasthan,baran,2026,2,8105,rajasthan|baran,2026-Q2,25227700,31281337308.71,543301,34865,1239.9599372400178,6417.2530512551975,15.582991538792486,46.43411295027986,57576.43977962492,723.5823892155457,8104,24105353,27296191005.25,533440,34209,0.046560073192041695,0.14599642502111432,0.01848567786442712,0.019176240170715397,0.23948990659594527,4.0,0.2368390274890601,0.43888070692194403,0.561119293078056,0.5066273932253313,0.374079528718704,47.3416789396,47.0176730486,44.6391752577,0.4491899852724595,MONITOR,374,377,442,338
rajasthan,barmer,2026,2,8105,rajasthan|barmer,2026-Q2,50998855,68579226924.88,868007,43058,1344.720914320135,4960.5590738323535,20.159018068651587,58.753967421921715,79007.688791542,1184.4222908634865,8104,47298688,63176170870.06,831478,42157,0.07822980206131724,0.08552363937872931,0.04393261156639139,0.02137248855468843,0.20270061402310602,4.0,0.20477333402856135,0.22091310751104565,0.8247422680412371,0.7967599410898379,0.6111929307805597,59.3888070692,61.3402061856,52.0029455081,0.7334315169366715,DEVELOP,182,151,312,165
rajasthan,beawar,2026,2,8105,rajasthan|beawar,2026-Q2,38786360,51444356727.34,618043,50260,1326.3517568377129,8132.120257004772,12.29691603660963,62.756733754771105,83237.50406903726,771.7142857142857,8104,35614010,48341622770.31,600682,49399,0.0890759001864716,0.06418348783557204,0.028902147891896268,0.01742950262151055,0.2097292191651816,4.0,0.1950494950885192,0.26362297496318116,0.593519882179676,0.187039764359352,0.43004418262150224,36.0235640648,36.8556701031,27.8424153166,0.16936671575846834,MONITOR,565,566,646,517
rajasthan,bharatpur,2026,2,8105,rajasthan|bharatpur,2026-Q2,39793494,43444134522.54,709955,47304,1091.7396326781459,6662.957511391567,15.008350245222392,56.050727158763586,61192.80027965153,841.2289446981227,8104,37211938,41247524702.35,693170,45935,0.06937440345084966,0.05325434280095975,0.024214839072666194,0.029802982475236828,0.19961733788341984,4.0,0.20809224659412684,0.20471281296023564,0.658321060382916,0.45508100147275404,0.5051546391752577,44.0795287187,45.5817378498,36.7452135493,0.35640648011782033,MONITOR,438,404,555,400
rajasthan,bhilwara,2026,2,8105,rajasthan|bhilwara,2026-Q2,104898430,134223576735.12,1480816,129896,1279.5575370872566,8771.920346619701,11.400012317546345,70.8382607967499,90641.63051663408,807.5570456365092,8104,101669185,131026321332.66,1438409,127147,0.03176227880650373,0.02440162686352565,0.029481878937075656,0.021620643821718133,0.17753087051703687,4.0,0.18079590513211813,0.10898379970544919,0.6332842415316642,0.12371134020618557,0.8247422680412371,38.6892488954,42.2680412371,29.3078055965,0.2268041237113402,DEFEND,526,477,636,482
rajasthan,bikaner,2026,2,8105,rajasthan|bikaner,2026-Q2,77321307,106404957148.19,1507919,90391,1376.1401776122332,5994.420124688395,16.682180748083326,51.27683051941119,70564.10665837489,855.4093549136529,8104,73572719,104475212726.02,1465442,88906,0.05095078788647189,0.018470835060471646,0.028985794047120317,0.016703034665826788,0.1694095880558173,4.0,0.19038983462470283,0.07952871870397643,0.6686303387334315,0.6038291605301914,0.8350515463917526,50.8983799705,54.675994109,45.1914580265,0.5493372606774669,DEVELOP,307,243,428,279
rajasthan,bundi,2026,2,8105,rajasthan|bundi,2026-Q2,28350508,34572936106.56,528271,42623,1219.482067360486,8068.396713050688,12.394036083804519,53.66659915081464,65445.45528064194,665.1457663702696,8104,27233505,31391298299.18,514905,41441,0.04101576348692548,0.10135413250694092,0.025958186461580324,0.028522477739436836,0.20697649716152733,4.0,0.1858512282366509,0.24447717231222385,0.4845360824742268,0.19882179675994108,0.35787923416789397,31.5758468336,32.1428571429,25.6848306333,0.09131075110456553,MONITOR,618,611,658,567
rajasthan,chittorgarh,2026,2,8105,rajasthan|chittorgarh,2026-Q2,49570984,62278861894.66,881264,55529,1256.3571845711194,6301.063018573322,15.870338021574312,56.24986837088546,70669.9262589417,892.7044247150138,8104,47484069,60253242668.56,855993,54512,0.04394979292949808,0.03361842676654758,0.029522437683485725,0.018656442618139035,0.17361709065080433,4.0,0.19860339587706016,0.09278350515463918,0.6863033873343152,0.5301914580265096,0.6215022091310751,45.6259204713,48.2695139912,37.8055964654,0.4020618556701031,MONITOR,406,348,543,369
rajasthan,churu,2026,2,8105,rajasthan|churu,2026-Q2,45422509,72029958788.81,1087096,70025,1585.7767519801691,6441.473430129446,15.524398429132452,41.78334664095903,66259.05972316152,648.6613209568011,8104,42729240,69878500681.46,1055913,68591,0.06303105320852898,0.030788555655442362,0.029531789077319903,0.02090653292706035,0.11710878604748687,4.0,0.1441745805137038,0.013254786450662739,0.46097201767304863,0.5007363770250368,0.7054491899852725,38.5493372607,42.0103092784,35.6921944035,0.21796759941089838,MONITOR,532,483,569,488
rajasthan,dausa,2026,2,8105,rajasthan|dausa,2026-Q2,56636243,66315645695.24,876805,72655,1170.904745486737,8286.335045990842,12.06806138600234,64.59388689617418,75633.28869616392,779.5229922235221,8104,53839586,64257499506.31,860743,70558,0.051944251577268785,0.03202966509345573,0.018660622276335692,0.029720230165254158,0.14761891069921473,4.0,0.13914541474414993,0.045655375552282766,0.6008836524300442,0.17525773195876287,0.6185567010309279,33.1443298969,36.0088365243,23.4241531664,0.11634756995581738,MONITOR,601,575,668,551
rajasthan,deedwana kuchaman,2026,2,8105,rajasthan|deedwana kuchaman,2026-Q2,42871872,65799407653.12,871497,60541,1534.792034579689,6946.782375613456,14.39515369749426,49.19336727493038,75501.5882477163,708.1460828199072,8104,39721184,64115931324.0,848445,59601,0.07932009277467666,0.026256755448389457,0.02716970457719703,0.015771547457257507,0.16433405363002973,4.0,0.16332691077372885,0.0662739322533137,0.5360824742268041,0.38880706921944036,0.6126656848306333,37.3637702504,40.0957290133,31.5758468336,0.18998527245949925,MONITOR,551,516,616,504
rajasthan,deeg,2026,2,8105,rajasthan|deeg,2026-Q2,21708206,24125420180.03,666700,33003,1111.3502506853858,4950.202489875506,20.20119383086386,32.560680965951704,36186.320953997296,657.7646274581099,8104,20491679,22778805067.91,658639,31732,0.05936687764823967,0.059117021639430334,0.012238874406161893,0.040054203958149515,0.17425749933019596,4.0,0.23245676110424818,0.09572901325478646,0.47717231222385864,0.7997054491899853,0.46686303387334316,44.1310751105,45.9867452135,43.4904270987,0.35787923416789397,MONITOR,437,397,459,399
rajasthan,dholpur,2026,2,8105,rajasthan|dholpur,2026-Q2,30668717,32898126738.28,523190,39344,1072.6932834614502,7520.021407136986,13.297834485563238,58.61869875188746,62879.88443639978,779.5017537616917,8104,28356469,31522134109.19,504727,38291,0.08154216944288795,0.043651632986639655,0.03658017106277245,0.02749993471050649,0.29825583228897745,4.0,0.2913040168220211,0.7835051546391752,0.5994108983799705,0.3004418262150221,0.3549337260677467,53.1001472754,50.9572901325,50.7290132548,0.6067746686303387,DEVELOP,268,304,326,243
rajasthan,dungarpur,2026,2,8105,rajasthan|dungarpur,2026-Q2,12874541,15340250578.34,445900,19716,1191.5182512790166,4421.619197129401,22.616149320348956,28.873157658667864,34402.89432235927,652.9996449584094,8104,12317067,15106301489.58,429913,18967,0.045260288021490735,0.015486854205933431,0.037186593566605364,0.03948963990088039,0.2507359932975648,4.0,0.23634591791901882,0.49779086892488955,0.4683357879234168,0.8556701030927835,0.2960235640648012,53.9543446244,52.9455081001,57.2606774669,0.6303387334315169,DEVELOP,252,270,214,230
rajasthan,hanumangarh,2026,2,8105,rajasthan|hanumangarh,2026-Q2,40701272,62892506132.52,945946,74116,1545.2221280091687,7835.119552278883,12.763047115332721,43.02705651273963,66486.3598265863,549.1563495061795,8104,37829761,58903808455.6,929412,72631,0.07590613644109467,0.06771544627588155,0.017789742331710823,0.02044581514780197,0.14992180917336007,4.0,0.1506087752029543,0.05154639175257732,0.3490427098674521,0.23858615611192932,0.6509572901325479,29.2562592047,32.2533136966,26.6863033873,0.0662739322533137,MONITOR,635,610,650,582
rajasthan,jaipur,2026,2,8105,rajasthan|jaipur,2026-Q2,637259898,720658659256.98,7999367,813696,1130.8708762605677,10172.004859884539,9.83090367901526,79.66379064743498,90089.46073570321,783.1670525601699,8104,613042253,710313633560.95,7816580,796569,0.0395040388839234,0.014564025252011836,0.023384523666360568,0.021500962251857603,0.1591281293865714,4.0,0.17588763849848665,0.06332842415316642,0.605301914580265,0.033873343151693665,0.9955817378497791,37.7908689249,42.4521354934,28.6082474227,0.20471281296023564,DEFEND,541,474,642,495
rajasthan,jalore,2026,2,8105,rajasthan|jalore,2026-Q2,36420288,56666618196.27,840748,39619,1555.9080201746344,4712.351382340487,21.22082839041874,43.318911255215596,67400.24144722318,919.2631818067089,8104,34087167,53134642784.09,819147,38950,0.06844572915079739,0.06647217760608659,0.02637011427741287,0.017175866495507064,0.19338535517383826,4.0,0.22693394479053797,0.1723122238586156,0.7025036818851251,0.8262150220913107,0.5876288659793815,55.1399116348,57.2164948454,50.500736377,0.6553755522827688,DEVELOP,235,209,334,215
rajasthan,jhalawar,2026,2,8105,rajasthan|jhalawar,2026-Q2,33007685,39264343431.38,664353,42068,1189.5515675025376,6332.175816170018,15.792359988589903,49.683955668146304,59101.62734477002,784.6269135685081,8104,32393835,37659318265.75,647136,40882,0.018949593340831683,0.04261960225365313,0.026604917668001882,0.029010322391272547,0.21619202251774783,4.0,0.21591098626487853,0.29455081001472755,0.6067746686303387,0.5228276877761414,0.4639175257731959,46.3549337261,47.2017673049,41.6789396171,0.43004418262150224,MONITOR,387,373,490,352
rajasthan,jhunjhunu,2026,2,8105,rajasthan|jhunjhunu,2026-Q2,57588972,89410708729.11,1242437,97004,1552.566500563858,7807.558854090791,12.80810069687848,46.351623462598106,71963.97783477955,593.6762607727517,8104,54670092,86680016106.15,1212949,95766,0.053390800952008544,0.03150313931201798,0.024310997412092306,0.012927343733684094,0.12926029581108334,4.0,0.1234524869844636,0.026509572901325478,0.4020618556701031,0.24005891016200295,0.7643593519882179,32.1354933726,35.824742268,28.5714285714,0.101620029455081,DEFEND,611,577,643,560
rajasthan,jodhpur,2026,2,8105,rajasthan|jodhpur,2026-Q2,136439834,176605696180.79,2341306,170176,1294.3851586684723,7268.421983286251,13.75814450921399,58.275096890368026,75430.4205348596,801.7572043061301,8104,130348077,173651207758.2,2286494,166686,0.04673453678952244,0.017013923834632738,0.02397207252675937,0.020937571241735897,0.180008051636122,4.0,0.18996939840511778,0.11634756995581738,0.6244477172312224,0.3387334315169367,0.9293078055964654,46.1561119293,50.2209131075,39.7422680412,0.4212076583210604,DEFEND,393,317,521,357
rajasthan,karauli,2026,2,8105,rajasthan|karauli,2026-Q2,37506937,40783358261.72,605403,39758,1087.3550741218885,6567.1957357330575,15.227199557321796,61.95366887841653,67365.63621541354,943.3808793198853,8104,35295359,38890753333.32,592515,38267,0.06265917283912592,0.04866465075076065,0.021751348067137632,0.03896307523453624,0.20416927013420816,4.0,0.2106817141171372,0.22533136966126657,0.7187039764359352,0.47717231222385864,0.4182621502209131,45.0220913108,45.9867452135,36.1708394698,0.38438880706921946,MONITOR,419,397,563,381
rajasthan,khairthal tijara,2026,2,8105,rajasthan|khairthal tijara,2026-Q2,59369090,60462828818.37,940761,70316,1018.4226980465761,7474.374469179738,13.379046020820297,63.1075161491601,64270.1268636455,844.318362819273,8104,55457014,58546018651.17,905934,68188,0.07054249260517342,0.032740230870706766,0.038443197848849975,0.031207837156097762,0.16872019023914508,4.0,0.19060014081381815,0.07658321060382917,0.6627393225331369,0.30633284241531666,0.6450662739322534,39.4256259205,42.2680412371,29.911634757,0.24300441826215022,MONITOR,515,477,632,472
rajasthan,kota,2026,2,8105,rajasthan|kota,2026-Q2,99833807,111070080610.93,1566004,175128,1112.5497859751056,11183.113197667439,8.942053812068886,63.750671773507605,70925.79623738509,570.061937554246,8104,96852694,103981181927.5,1536548,171334,0.030779866587913318,0.06817482309801659,0.019170243949424348,0.02214388270862755,0.21319348337123678,4.0,0.20362109565382486,0.27982326951399117,0.3799705449189985,0.011782032400589101,0.8468335787923417,35.1251840943,37.9602356406,32.7761413844,0.1561119293078056,DEFEND,574,547,604,526
rajasthan,kotputli behror,2026,2,8105,rajasthan|kotputli behror,2026-Q2,54444801,73205317652.99,851871,57663,1344.578661477521,6768.9826276513695,14.773268820560846,63.91202541229834,85934.74558118542,944.1895322823995,8104,50790989,71114702325.04,830536,56425,0.07193819360359366,0.029397793418223905,0.02568823025130751,0.02194062915374384,0.1440936174388705,4.0,0.14921665405720086,0.03829160530191458,0.7201767304860088,0.4270986745213549,0.5964653902798233,41.7599410898,44.5508100147,31.3917525773,0.2916053019145803,MONITOR,482,423,617,442
rajasthan,nagaur,2026,2,8105,rajasthan|nagaur,2026-Q2,39799872,60471687356.63,881192,44999,1519.3940160568857,5106.605597871973,19.582479610658016,45.16594794324052,68624.87103449645,884.4612546945488,8104,37055826,58652903800.43,856700,43920,0.07405167543694757,0.03100926703285678,0.028588770864946822,0.024567395264116554,0.1282095823286662,4.0,0.1454136284762666,0.023564064801178203,0.6818851251840943,0.7761413843888071,0.6200294550810015,49.558173785,52.5405007364,43.6082474227,0.5036818851251841,DEVELOP,338,276,456,305
rajasthan,pali,2026,2,8105,rajasthan|pali,2026-Q2,37686843,47928081163.07,828897,45541,1271.745716749742,5494.168756793667,18.20111547836016,45.46625575915946,57821.51601835934,827.536571441119,8104,34976602,45185804165.1,814689,43930,0.07748725848211335,0.06068890547903627,0.017439783770248463,0.03667197814705214,0.19026605480160996,4.0,0.21416713404246762,0.16053019145802652,0.646539027982327,0.7098674521354934,0.5787923416789397,50.3019145803,52.3932253314,45.736377025,0.5184094256259205,DEVELOP,328,280,420,297
rajasthan,phalodi,2026,2,8105,rajasthan|phalodi,2026-Q2,20362210,29762174837.65,413508,19930,1461.6377513860234,4819.737465780589,20.748018063221274,49.24260231966492,71974.8465269112,1021.6864024084296,8104,18674616,27385083852.48,401204,19258,0.09036833742659023,0.08680239936364975,0.030667690252340396,0.03489458926160549,0.21536198845065857,4.0,0.20286654337994242,0.29013254786450665,0.7584683357879234,0.8173784977908689,0.2606774668630339,53.3136966127,53.1664212077,46.7304860088,0.6126656848306333,DEVELOP,264,266,396,239
rajasthan,pratapgarh,2026,2,8105,rajasthan|pratapgarh,2026-Q2,14774001,16762811402.29,366670,15573,1134.6155589328848,4247.14320778902,23.545238553907403,40.292363705784496,45716.34276676576,948.6933153534965,8104,14453769,16080103830.41,355162,15340,0.022155605226567454,0.04245666440218465,0.03240211509114155,0.015189048239895753,0.18264499407556856,4.0,0.2018208344417461,0.1251840942562592,0.7260677466863034,0.882179675994109,0.22827687776141384,48.5272459499,49.0427098675,41.5905743741,0.48159057437407954,MONITOR,353,332,494,320
rajasthan,rajsamand,2026,2,8105,rajasthan|rajsamand,2026-Q2,26297004,33460299716.36,575113,35187,1272.3996891950126,6118.275886651841,16.344473811350785,45.724934056437604,58180.39188187365,747.349987211186,8104,24562641,32325215871.29,557216,34377,0.07060979314072946,0.03511450161971341,0.03211860391661392,0.023562265468190846,0.16574727638442055,4.0,0.17052756910010552,0.07069219440353461,0.5758468335787923,0.5714285714285714,0.3946980854197349,38.6966126657,40.3166421208,32.6951399116,0.22827687776141384,MONITOR,525,512,606,481
rajasthan,salumber,2026,2,8105,rajasthan|salumber,2026-Q2,6323620,7699711289.65,187970,11929,1217.6113190941264,6346.225461509815,15.757397937798642,33.64164494334202,40962.44767595893,530.1047866543717,8104,6153145,7720156306.22,182718,11598,0.027705344177652247,-0.0026482645893488588,0.028743747195131286,0.02853940334540428,0.17833067988026663,4.0,0.20169553388353278,0.11192930780559647,0.32547864506627394,0.5198821796759941,0.07511045655375552,25.9941089838,25.8100147275,24.5508100147,0.03829160530191458,MONITOR,654,653,663,600
rajasthan,sawai madhopur,2026,2,8105,rajasthan|sawai madhopur,2026-Q2,34152477,39984318802.53,691207,50402,1170.7589702067582,7291.882171332177,13.713880401571366,49.40991193665573,57847.097616965686,677.6016229514702,8104,33157029,39173161486.83,682108,48832,0.030022231485215434,0.020706965813129585,0.01333952981052855,0.0321510484927916,0.12903669113032934,4.0,0.10766802177771617,0.025036818851251842,0.5051546391752577,0.33136966126656847,0.49337260677466865,31.5316642121,33.8733431517,24.9337260677,0.0898379970544919,MONITOR,619,598,661,568
rajasthan,sikar,2026,2,8105,rajasthan|sikar,2026-Q2,100642547,148112890520.68,1831450,140979,1471.6727163182784,7697.671244096208,12.990941913334611,54.95238581451855,80871.92689982255,713.8832521155633,8104,96400715,146956818370.65,1787384,137776,0.044002080275026945,0.007866747272074148,0.02465390761022812,0.023247880617814465,0.14537221077087636,4.0,0.15750145808258303,0.042709867452135494,0.5508100147275405,0.2650957290132548,0.8865979381443299,39.41089838,43.6303387334,33.1516936672,0.24005891016200295,DEFEND,516,446,598,473
rajasthan,sirohi,2026,2,8105,rajasthan|sirohi,2026-Q2,22510550,27500415013.85,498425,27214,1221.6678408057555,5459.998996840046,18.315021680017637,45.16336459848523,55174.63011255454,827.1680017637981,8104,21105602,26348281652.84,483509,26994,0.06656753974608254,0.04372707777267193,0.030849477465776154,0.008149959250203676,0.16962608783349964,4.0,0.19872971079224655,0.08100147275405008,0.6435935198821797,0.7187039764359352,0.33578792341678937,43.2032400589,44.4771723122,36.7893961708,0.33136966126656847,MONITOR,455,425,554,417
rajasthan,sri ganganagar,2026,2,8105,rajasthan|sri ganganagar,2026-Q2,61808283,83651200138.29,1227393,96171,1353.3978955262355,7835.3876875621745,12.762610350313505,50.35736964444151,68153.55810102387,642.6914870387122,8104,58075429,78685352276.52,1202511,93901,0.06427596083706932,0.06311019418606345,0.020691702612283702,0.024174396438802592,0.14937677167190477,4.0,0.1578290281146733,0.048600883652430045,0.4565537555228277,0.23711340206185566,0.7569955817378498,33.9396170839,37.4815905744,29.1678939617,0.13696612665684832,DEFEND,587,554,637,538
rajasthan,tonk,2026,2,8105,rajasthan|tonk,2026-Q2,40709985,50329758460.18,687950,69324,1236.3000983709526,10076.895123192093,9.923691650799146,59.17579039174358,73159.03548249145,587.2422970399862,8104,40094494,47944765821.39,680609,67945,0.015351010540250343,0.04974458833889983,0.010785928484636553,0.020295827507542885,0.16060044830952824,4.0,0.1588243429633806,0.06480117820324006,0.3961708394698085,0.035346097201767304,0.49042709867452133,22.5405007364,24.6686303387,16.0898379971,0.01914580265095729,MONITOR,667,660,676,612
rajasthan,udaipur,2026,2,8105,rajasthan|udaipur,2026-Q2,71477414,78339056044.82,1439898,99601,1095.9973460262568,6917.226081291869,14.456662081706007,49.64060926537852,54405.97600998127,717.6375136795815,8104,68205918,76586496532.77,1396831,97542,0.04796498743701383,0.022883401009212045,0.030831933140086365,0.021108855672428373,0.18403931470798174,4.0,0.19857930422350795,0.12665684830633284,0.5552282768777614,0.3946980854197349,0.8100147275405007,43.7481590574,47.1649484536,39.1310751105,0.34609720176730485,DEFEND,445,376,529,407
tamil nadu,ariyalur,2026,2,8105,tamil nadu|ariyalur,2026-Q2,4482816,6482660795.37,267209,12108,1446.113513329568,4531.2845001478245,22.068797489263297,16.776440913292593,24260.637910287453,370.23587710604556,8104,4305536,6417936166.67,262307,11921,0.0411748966911436,0.010084959871700105,0.01868802586282481,0.015686603472863103,0.17655012839436712,4.0,0.15314865168245506,0.10456553755522828,0.14432989690721648,0.8424153166421208,0.15022091310751104,30.8100147275,31.0382916053,37.4226804124,0.07952871870397643,MONITOR,626,619,546,574
tamil nadu,chengalpattu,2026,2,8105,tamil nadu|chengalpattu,2026-Q2,82177962,86472947648.94,2706058,130494,1052.2644458977943,4822.291318220083,20.737030055021688,30.36814510258095,31955.31937931116,629.7451377074808,8104,81193991,86560550985.54,2603679,128873,0.012118766276681736,-0.0010120468920608028,0.03932089938890315,0.012578274735592476,0.17315686568395527,4.0,0.18581529162210292,0.0898379970544919,0.44035346097201766,0.8159057437407953,0.9484536082474226,53.0706921944,57.3637702504,55.8615611193,0.605301914580265,DEVELOP,269,207,238,244
tamil nadu,chennai,2026,2,8105,tamil nadu|chennai,2026-Q2,179679932,197424700549.71,6215686,417360,1098.7576539694483,6714.624902223181,14.892864673183823,28.907498223044087,31762.334929677912,430.5154590760974,8104,174402318,195259174197.48,5999453,412895,0.030261145955640334,0.011090522947924786,0.036042119173197884,0.010813887307911108,0.15730205865036173,4.0,0.15158878101381507,0.061855670103092786,0.21796759941089838,0.44329896907216493,0.9882179675994109,38.1516936672,42.7835051546,42.6951399116,0.21207658321060383,DEFEND,536,468,473,491
tamil nadu,coimbatore,2026,2,8105,tamil nadu|coimbatore,2026-Q2,79944035,89418278721.6,3153601,208047,1118.5109523380952,6597.125000911657,15.158118117540749,25.350079163470586,28354.341186979585,384.2594942488957,8104,78478621,87179531902.85,3039855,205468,0.01867277968607528,0.025679729747170255,0.03741823211962414,0.01255183288881967,0.18894602221033607,4.0,0.18165638953157998,0.1487481590574374,0.17083946980854198,0.4653902798232695,0.9661266568483063,39.6907216495,43.7776141384,46.3917525773,0.24889543446244478,DEFEND,511,440,408,468
tamil nadu,cuddalore,2026,2,8105,tamil nadu|cuddalore,2026-Q2,17253514,23744437714.42,979145,61807,1376.2087951718124,6312.343932716809,15.841975827980649,17.620999954041537,24250.175116474064,279.1514553367742,8104,16402027,23528169064.73,961407,60533,0.051913522639610354,0.009191903079878605,0.018450042489809304,0.02104637140072363,0.20472048112531627,4.0,0.1634132844893162,0.22974963181148747,0.06774668630338733,0.5272459499263623,0.6627393225331369,35.0220913108,37.1870397644,44.2120765832,0.15169366715758467,MONITOR,577,558,447,528
tamil nadu,dharmapuri,2026,2,8105,tamil nadu|dharmapuri,2026-Q2,30627477,48027628352.5,750112,51384,1568.1222567728971,6850.177040228659,14.598162852249727,40.83053863956316,64027.27639672476,596.050852405418,8104,29746670,48282427434.73,740055,50424,0.029610272343089106,-0.005277263297800205,0.013589530507867709,0.0190385530699666,0.2381838102883076,4.0,0.21994423182722944,0.42415316642120765,0.406480117820324,0.41237113402061853,0.5360824742268041,43.9175257732,44.4771723122,44.8011782032,0.35198821796759944,MONITOR,441,425,440,403
tamil nadu,dindigul,2026,2,8105,tamil nadu|dindigul,2026-Q2,22404585,34117314438.55,932728,63258,1522.78269999422,6782.0414954842145,14.744822789212432,24.020491504490057,36577.988908395586,354.17789054348856,8104,21670855,33285318050.1,919115,61571,0.03385791654274839,0.024995897206020468,0.014810986655641623,0.02739926263987913,0.20108979809577243,4.0,0.2044687569360265,0.21502209131075112,0.13107511045655376,0.4212076583210604,0.6421207658321061,33.1001472754,35.235640648,39.3961708395,0.11192930780559647,MONITOR,604,584,525,554
tamil nadu,erode,2026,2,8105,tamil nadu|erode,2026-Q2,24547544,30315059820.03,1135364,61545,1234.9528661616819,5420.728506452556,18.447704931351044,21.62085815650311,26700.740749248696,398.85521163376393,8104,24096455,29859666777.36,1104034,60427,0.018720139539197822,0.015251109333051405,0.028377749235983574,0.018501663163817517,0.16873159271870697,4.0,0.19235325992760166,0.0780559646539028,0.18851251840942562,0.7260677466863034,0.7260677466863034,39.7275405007,42.9675994109,46.6863033873,0.2503681885125184,MONITOR,510,464,398,467
tamil nadu,kallakurichi,2026,2,8105,tamil nadu|kallakurichi,2026-Q2,14030753,19273366533.43,541240,33007,1373.6516160914528,6098.40366565664,16.397733814039444,25.92334823738083,35609.64920077969,425.0841639652195,8104,13248455,19538926442.53,532753,32621,0.05904824373860951,-0.013591325494831663,0.015930459331059632,0.011832868397657847,0.2634067000363425,4.0,0.2388665928234288,0.5920471281296024,0.21354933726067746,0.5758468335787923,0.3696612665684831,44.8895434462,43.7776141384,53.0780559647,0.38291605301914583,MONITOR,420,440,292,382
tamil nadu,kancheepuram,2026,2,8105,tamil nadu|kancheepuram,2026-Q2,31446921,30317450514.16,1058912,26414,964.0832727045042,2494.447130639751,40.08904368895283,29.697388451542714,28630.755449140248,1190.539903081699,8104,31168277,30585189492.99,1007964,26125,0.008939987282582162,-0.008753876737999877,0.05054545598850746,0.011062200956937884,0.20750949379701722,4.0,0.23015515379108265,0.2503681885125184,0.8262150220913107,0.9852724594992637,0.6936671575846833,66.6715758468,68.8880706922,61.8409425626,0.8600883652430045,EXPAND,96,74,138,89
tamil nadu,kanniyakumari,2026,2,8105,tamil nadu|kanniyakumari,2026-Q2,15305255,25415705589.82,775938,51933,1660.586876195137,6692.931651755682,14.941135694067356,19.7248427065049,32754.814933435402,294.7115514220245,8104,14461259,23831070906.98,759753,51344,0.05836255335721452,0.06649448063099284,0.021302976098811044,0.01147164225615449,0.26288192362138174,4.0,0.22430735954269887,0.5846833578792342,0.08541973490427099,0.45066273932253315,0.5463917525773195,41.8703976436,41.6789396171,52.8203240059,0.2960235640648012,MONITOR,479,493,297,440
tamil nadu,karur,2026,2,8105,tamil nadu|karur,2026-Q2,9530498,13649622487.58,453542,27105,1432.2045382707179,5976.29326501184,16.732779929902232,21.01348496941849,30095.608538084674,351.6140195535879,8104,9196925,13453308911.62,444398,26070,0.03627005765514024,0.014592214989610275,0.020576150207696653,0.03970080552359034,0.21898613024870484,4.0,0.2149141448793246,0.31075110456553756,0.12812960235640647,0.605301914580265,0.30486008836524303,33.7555228277,33.7260677467,41.2371134021,0.12812960235640647,MONITOR,592,602,501,544
tamil nadu,krishnagiri,2026,2,8105,tamil nadu|krishnagiri,2026-Q2,73564258,97815725330.02,1558111,75543,1329.6637251478837,4848.37087986671,20.62548482321327,47.21374664577812,62778.40624321374,973.8064148895331,8104,71000927,94144960457.36,1504682,74158,0.03610278215099916,0.0389905615215862,0.035508499470319865,0.01867633970711191,0.2278428257203695,4.0,0.2300206786049136,0.36524300441826213,0.7378497790868925,0.812960235640648,0.845360824742268,66.6347569956,69.0353460972,64.1973490427,0.8586156111929307,EXPAND,97,71,112,90
tamil nadu,madurai,2026,2,8105,tamil nadu|madurai,2026-Q2,29998831,45364800766.11,1497042,110144,1512.2189516688168,7357.4422093702115,13.591679982568275,20.03873705614138,30302.957943805184,272.36010132190586,8104,28617293,44083139007.24,1471158,108360,0.048276334173186886,0.029073740839088424,0.017594303263143818,0.01646363971945375,0.22056432386625402,4.0,0.2079580112901293,0.3225331369661267,0.06332842415316642,0.3240058910162003,0.8276877761413843,35.913107511,38.4388807069,44.9337260677,0.16642120765832105,DEFEND,567,543,436,519
tamil nadu,mayiladuthurai,2026,2,8105,tamil nadu|mayiladuthurai,2026-Q2,4732029,6777708285.82,295000,24596,1432.3048920072129,8337.627118644068,11.993820133355017,16.04077627118644,22975.282324813557,192.39018539599934,8104,4513651,6801933035.74,289010,24159,0.048381675942601676,-0.003561450810043776,0.02072592643853155,0.018088497040440465,0.23091444000499428,4.0,0.1941454372694862,0.38291605301914583,0.013254786450662739,0.16936671575846834,0.17525773195876287,19.558173785,18.5198821797,25.6259204713,0.010309278350515464,MONITOR,673,675,660,618
tamil nadu,nagapattinam,2026,2,8105,tamil nadu|nagapattinam,2026-Q2,3810707,4957462418.54,207623,16320,1300.9298323224536,7860.4008226448905,12.721997549019608,18.353973307388873,23877.231417232193,233.49920343137254,8104,3132637,4506800662.83,205549,16038,0.21645342246803567,0.09999593712383348,0.010090051520561971,0.01758323980546206,0.2733409207253421,4.0,0.21654982797287525,0.6568483063328424,0.033873343151693665,0.22974963181148747,0.08394698085419734,27.9749631811,25.1104565538,36.4138438881,0.054491899852724596,MONITOR,643,658,560,589
tamil nadu,namakkal,2026,2,8105,tamil nadu|namakkal,2026-Q2,17552038,26017394276.82,828052,48841,1482.300475695187,5898.301072879481,16.954034520177718,21.196782327679905,31420.000527527256,359.37097930017813,8104,17286760,26011682762.66,812237,47528,0.015345732803602186,0.0002195749583797646,0.019470917970986212,0.027625820568927706,0.17269625348677953,4.0,0.1798912432930443,0.08836524300441827,0.13843888070692195,0.6200294550810015,0.5773195876288659,33.1590574374,35.6038291605,39.6686303387,0.11782032400589101,MONITOR,600,580,523,550
tamil nadu,perambalur,2026,2,8105,tamil nadu|perambalur,2026-Q2,4740871,7039270105.03,233597,8891,1484.8052404357763,3806.1276471872497,26.27342256214149,20.295085125237055,30134.24874904215,533.2213474299854,8104,4556019,6963713942.55,228722,8805,0.04057314071780649,0.010849980786593383,0.02131408434693638,0.009767177739920418,0.24243563845790184,4.0,0.2200176656738116,0.4580265095729013,0.32989690721649484,0.9248895434462445,0.10751104565537556,47.2606774669,45.5081001473,53.3799705449,0.44624447717231225,MONITOR,377,407,287,341
tamil nadu,pudukkottai,2026,2,8105,tamil nadu|pudukkottai,2026-Q2,9189681,14089456885.73,521706,21484,1533.1823689777698,4118.028161454919,24.28346676596537,17.614673781785143,27006.507277527955,427.74534537330106,8104,8749580,13897603904.99,510908,20826,0.05029967152709047,0.0138047523912459,0.02113492057278421,0.03159512148276189,0.23906022850735664,4.0,0.23527316143103238,0.4329896907216495,0.21649484536082475,0.8910162002945509,0.35198821796759944,47.7172312224,47.3122238586,57.3048600884,0.46244477172312226,MONITOR,366,371,212,330
tamil nadu,ramanathapuram,2026,2,8105,tamil nadu|ramanathapuram,2026-Q2,8534958,13333443795.62,484803,23359,1562.2155136111978,4818.245761680518,20.754441542874268,17.605002444291806,27502.807935635712,365.38199409221284,8104,8292375,13467139032.5,475541,22859,0.0292537421426311,-0.009927515900545414,0.019476764358909104,0.021873222800647518,0.19743961318090775,4.0,0.23632350315471207,0.19440353460972018,0.14138438880706922,0.8188512518409425,0.3240058910162003,36.3181148748,36.9661266568,44.5360824742,0.17378497790868924,MONITOR,562,563,443,514
tamil nadu,ranipet,2026,2,8105,tamil nadu|ranipet,2026-Q2,13588193,17954512727.72,556069,23878,1321.3318892158804,4294.071419194381,23.287921936510596,24.43616349769543,32288.282079598037,569.0674679621409,8104,13134416,17497133959.3,544531,23357,0.034548700147764455,0.026140210704445055,0.02118887629905375,0.0223059468253628,0.18741032614608422,4.0,0.1822933760336935,0.13843888070692195,0.37702503681885124,0.8762886597938144,0.38438880706921946,43.1737849779,44.4035346097,45.8173784978,0.32989690721649484,MONITOR,456,427,417,418
tamil nadu,salem,2026,2,8105,tamil nadu|salem,2026-Q2,45190578,65690428020.38,1763372,100404,1453.6310648733017,5693.86380185236,17.562766423648462,25.627365071011674,37252.733978071556,450.0874267957452,8104,43399025,64371250423.78,1732144,98413,0.041280950436098474,0.020493272818461028,0.018028524187365447,0.02023106703382682,0.18987923104083748,4.0,0.18471899003204412,0.15758468335787923,0.23269513991163476,0.6686303387334315,0.8807069219440353,44.8748159057,48.4904270987,51.7231222386,0.38144329896907214,MONITOR,421,340,314,383
tamil nadu,sivaganga,2026,2,8105,tamil nadu|sivaganga,2026-Q2,9280151,14726181267.23,480988,23878,1586.847160916886,4964.365015343418,20.143563112488483,19.29393456801417,30616.525292169452,388.6485886590167,8104,8845089,14250541161.05,472862,23173,0.049186842551838694,0.03337698553371671,0.017184717740059474,0.03042333750485482,0.22323392215007276,4.0,0.20484254908163163,0.33578792341678937,0.17525773195876287,0.7952871870397643,0.3181148748159057,40.6995581738,40.6111929308,49.2194403535,0.27540500736377027,MONITOR,493,509,353,453
tamil nadu,tenkasi,2026,2,8105,tamil nadu|tenkasi,2026-Q2,8027441,12071909048.6,440344,24824,1503.8303051495488,5637.410751594208,17.738640025781503,18.229931598931746,27414.72359927693,323.3741943280696,8104,7463778,11527870945.69,430166,24337,0.07551979707863765,0.04719328534063805,0.02366063333689783,0.020010683321691314,0.26032441326384426,4.0,0.23750695953384893,0.5684830633284241,0.10309278350515463,0.6804123711340206,0.28865979381443296,42.4153166421,41.0162002946,53.7702503682,0.3122238586156112,MONITOR,468,504,276,430
tamil nadu,thanjavur,2026,2,8105,tamil nadu|thanjavur,2026-Q2,14103875,20964319827.14,867508,49010,1486.4226907243576,5649.51562406341,17.7006325239747,16.257919235326938,24166.140055353957,287.77545398898184,8104,13379008,20795035763.45,849622,47971,0.054179427951609016,0.00814059978620163,0.021051714762565066,0.02165891893018701,0.25096868000436023,4.0,0.21526517431814868,0.4992636229749632,0.07658321060382917,0.6774668630338734,0.6097201767304861,46.0235640648,46.5758468336,58.9248895434,0.4182621502209131,MONITOR,396,385,185,359
tamil nadu,theni,2026,2,8105,tamil nadu|theni,2026-Q2,12345455,20261714202.71,516798,39823,1641.2286305130106,7705.7186753818705,12.977374883861085,23.888356766086556,39206.25506041045,310.0081611129247,8104,11637728,19673587090.99,511199,38879,0.060813158719640104,0.029894249025351538,0.010952681832319788,0.024280459888371686,0.2262583236231226,4.0,0.19762011519529415,0.35198821796759944,0.09572901325478646,0.2621502209131075,0.3475699558173785,26.4580265096,26.4359351988,31.9440353461,0.041237113402061855,MONITOR,652,649,613,598
tamil nadu,thoothukudi,2026,2,8105,tamil nadu|thoothukudi,2026-Q2,13826830,18322886874.14,677424,37239,1325.1690281966294,5497.148019556437,18.191251107709657,20.410894801483266,27047.88562870521,371.2997126668278,8104,12982219,17141738033.04,664717,36518,0.0650590627072305,0.06890484726947643,0.019116405929139768,0.019743688044252083,0.22555366199706106,4.0,0.2126762682798919,0.34609720176730485,0.14727540500736377,0.7069219440353461,0.4727540500736377,41.1929307806,41.8262150221,50.4050073638,0.2857142857142857,MONITOR,486,488,337,446
tamil nadu,tiruchirappalli,2026,2,8105,tamil nadu|tiruchirappalli,2026-Q2,23611945,33353493554.17,1242623,70943,1412.5686619281046,5709.133019427453,17.51579437012813,19.00169641154236,26841.200874416456,332.8298070281775,8104,22950557,32828952023.91,1220630,69489,0.028817949821435596,0.015978016291167796,0.01801774493499253,0.02092417504928834,0.20974440836459363,4.0,0.20849634342084677,0.2650957290132548,0.10898379970544919,0.6642120765832106,0.7658321060382917,42.5994108984,45.1030927835,52.9970544919,0.31516936671575846,MONITOR,466,418,294,428
tamil nadu,tirunelveli,2026,2,8105,tamil nadu|tirunelveli,2026-Q2,16412702,22225421966.09,722203,46193,1354.1598431562336,6396.124081456322,15.634468425951985,22.72588455046573,30774.48025844534,355.3071244560864,8104,15235540,20589689187.69,709820,45424,0.07726421249263238,0.07944426763751045,0.017445267814375498,0.016929376541035657,0.263597469494842,4.0,0.25454547167288794,0.5949926362297496,0.1325478645066274,0.5095729013254786,0.5169366715758469,44.2415316642,43.8512518409,54.558173785,0.36082474226804123,MONITOR,435,437,265,397
tamil nadu,tirupathur,2026,2,8105,tamil nadu|tirupathur,2026-Q2,20400757,27929576456.68,611315,41786,1369.046082784085,6835.4285433859795,14.629660651892978,33.371922822112985,45687.70021458659,488.2199061886756,8104,19588979,27173333341.57,604178,41222,0.041440546748250595,0.02783034034153964,0.011812743926458813,0.013682014458298974,0.20831530552333,4.0,0.18236484604821906,0.2547864506627393,0.27245949926362295,0.41531664212076586,0.42415316642120765,33.3210603829,34.1678939617,35.3313696613,0.12076583210603829,MONITOR,598,596,574,548
tamil nadu,tiruppur,2026,2,8105,tamil nadu|tiruppur,2026-Q2,61845424,59410002857.68,2018773,106121,960.6208352242843,5256.7079111916,19.02331301061995,30.635155116498982,29428.76829523676,582.7821449100555,8104,60800225,58281661967.69,1944883,104010,0.017190709409381277,0.01936013579392304,0.03799200260375568,0.020296125372560425,0.1248095548338215,4.0,0.18058226907026886,0.01914580265095729,0.390279823269514,0.7555228276877761,0.9057437407952872,47.3343151694,51.7673048601,49.852724595,0.4477172312223859,MONITOR,376,292,341,340
tamil nadu,tiruvallur,2026,2,8105,tamil nadu|tiruvallur,2026-Q2,59754761,67850935234.45,1997839,80350,1135.4900278899952,4021.8456041753116,24.86420659614188,29.909697928611866,33962.16373514082,743.6809085252022,8104,58410838,66754856298.39,1920854,78852,0.02300811024145899,0.016419463644121945,0.04007852757159047,0.018997615786536803,0.18876391096077927,4.0,0.20494792951115304,0.14727540500736377,0.572901325478645,0.9116347569955817,0.8998527245949927,59.528718704,63.2916053019,60.29455081,0.7407952871870398,DEVELOP,177,129,158,162
tamil nadu,tiruvannamalai,2026,2,8105,tamil nadu|tiruvannamalai,2026-Q2,23087075,29490281720.86,883828,60705,1277.3502802264904,6868.417836954702,14.559393789638415,26.12168317817494,33366.53932762936,380.3158718392225,8104,22036815,29453131017.38,876390,59699,0.047659337340718144,0.0012613498869806783,0.0084870890813451,0.016851203537747717,0.2065088976018683,4.0,0.23552592015684243,0.23858615611192932,0.1634756995581738,0.40353460972017674,0.6244477172312224,33.8217967599,35.7511045655,39.2783505155,0.13402061855670103,MONITOR,588,579,528,539
tamil nadu,tiruvarur,2026,2,8105,tamil nadu|tiruvarur,2026-Q2,5220121,7769144781.78,363956,22112,1488.3074131385076,6075.459670949235,16.459659913169318,14.34272549429052,21346.384677763246,236.07638386396528,8104,4977274,7931328015.39,356145,21473,0.0487911656059119,-0.020448433515206976,0.021932078226565066,0.02975830112233968,0.26716606093325335,4.0,0.21529735285215124,0.6229749631811488,0.035346097201767304,0.5817378497790869,0.22238586156111928,38.5640648012,36.5611192931,50.8394698085,0.22091310751104565,MONITOR,530,568,323,486
tamil nadu,vellore,2026,2,8105,tamil nadu|vellore,2026-Q2,24701946,32870885574.67,821262,53046,1330.7002442103144,6459.0837028865335,15.482072163782378,30.0780335629799,40024.84660762339,465.6702861667232,8104,24063902,32086892437.94,808520,52052,0.026514569416048905,0.024433439238353838,0.015759659624993816,0.019096288327057565,0.18638834683804384,4.0,0.17306729513180524,0.13549337260677466,0.25184094256259204,0.49779086892488955,0.5714285714285714,34.234167894,36.4138438881,37.1281296024,0.14138438880706922,MONITOR,584,572,549,535
tamil nadu,viluppuram,2026,2,8105,tamil nadu|viluppuram,2026-Q2,13664685,17776740127.68,711501,43884,1300.9257167420983,6167.805807721985,16.21322121957889,19.205433302272237,24984.842084101077,311.3819387476073,8104,13037756,17723210745.75,702715,43165,0.04808565216284144,0.0030202982234941445,0.012502935044790497,0.016657013784316055,0.20677627786114572,4.0,0.17379152892577066,0.24153166421207659,0.09720176730486009,0.5581737849779087,0.5095729013254786,33.8217967599,35.1620029455,41.9366715758,0.13402061855670103,MONITOR,588,586,483,540
tamil nadu,virudhunagar,2026,2,8105,tamil nadu|virudhunagar,2026-Q2,12061180,17085329184.64,685785,42923,1416.555360639672,6258.958711549538,15.977098525266173,17.58740713197285,24913.53585254854,280.9957365514992,8104,11994657,16980493086.61,671576,42237,0.005546052713303995,0.006173913648754192,0.021157694735964405,0.01624168383171143,0.18183738724649823,4.0,0.1798457994579632,0.12223858615611193,0.07069219440353461,0.5390279823269514,0.48748159057437407,28.6597938144,30.4860088365,35.942562592,0.06332842415316642,MONITOR,637,622,565,584
telangana,adilabad,2026,2,8105,telangana|adilabad,2026-Q2,29166193,37363232638.97,374803,24947,1281.0459232361934,6656.029967743054,15.023970818134446,77.81739473803572,99687.65628602226,1169.1262676874976,8104,26682821,36459940829.51,368739,24373,0.09307006931538453,0.024774911557971846,0.016445236332473634,0.023550650309769106,0.3350971397360383,4.0,0.3096349694929839,0.9219440353460973,0.8173784977908689,0.4565537555228277,0.23564064801178203,64.2194403535,60.7879234168,58.7481590574,0.8232695139911634,DEVELOP,121,156,188,111
telangana,bhadradri kothagudem,2026,2,8105,telangana|bhadradri kothagudem,2026-Q2,71857650,96566093902.97,706875,47526,1343.852657343651,6723.395225464191,14.873437697260448,101.65538461538462,136609.8587486755,1511.9650296679713,8104,66655801,91152576196.7,697182,46071,0.0780404544234643,0.0593896292583993,0.013903112817026164,0.031581689131992,0.3319468843879747,4.0,0.2994549937677344,0.9131075110456554,0.9248895434462445,0.4418262150220913,0.5022091310751104,71.6053019146,69.5508100147,64.5434462445,0.9175257731958762,DEVELOP,57,66,106,54
telangana,hanumakonda,2026,2,8105,telangana|hanumakonda,2026-Q2,92268996,130492790364.81,801280,67951,1414.2647695528192,8480.306509584665,11.79202660740828,115.1520017971246,162855.41928515624,1357.8754690880194,8104,86183745,120147698251.45,788126,66583,0.07060787390940138,0.0861031236046601,0.016690224659508868,0.020545784960124935,0.2847339833756093,4.0,0.2517332209227686,0.7187039764359352,0.8910162002945509,0.16200294550810015,0.561119293078056,59.1089837997,58.3210603829,48.4462444772,0.7319587628865979,DEVELOP,183,188,366,166
telangana,hyderabad,2026,2,8105,telangana|hyderabad,2026-Q2,572092204,660300696926.15,5840094,433462,1154.1857978651112,7422.175054031664,13.473139513959701,97.95941709157421,113063.36797423981,1319.820893180948,8104,540787927,630468994516.79,5678271,427788,0.05788641986454701,0.047316684355309,0.028498639814831028,0.013263579156030492,0.2134746322365051,4.0,0.17806100999840763,0.28424153166421207,0.8807069219440353,0.3122238586156112,0.9837997054491899,58.0265095729,61.5243004418,46.8924889543,0.711340206185567,DEFEND,197,150,394,179
telangana,jagtial,2026,2,8105,telangana|jagtial,2026-Q2,48888034,86097905647.65,584597,36289,1761.1243202712958,6207.52415766759,16.109482212240625,83.62689853009852,147277.36483021636,1347.1860343354736,8104,42551448,75726520927.86,580124,35492,0.14891587238112325,0.13695842081098863,0.007710420530782969,0.022455764679364387,0.33988062222293847,4.0,0.3044336568145479,0.930780559646539,0.8895434462444771,0.5522827687776142,0.39911634756995584,71.9513991163,69.293078056,66.5390279823,0.9219440353460973,EXPAND,54,68,84,52
telangana,jangaon,2026,2,8105,telangana|jangaon,2026-Q2,31754925,50174692628.15,294708,20220,1580.0601836770202,6861.028543507472,14.57507418397626,107.7504682601083,170252.2246703517,1570.4710682492582,8104,28166027,44151627094.73,291978,19733,0.12741939074332342,0.13641774787817318,0.00935001952201886,0.024679470937009063,0.2790829426928403,4.0,0.23561362245231643,0.6863033873343152,0.9410898379970545,0.4108983799705449,0.17378497790868924,57.8645066274,55.3019145803,46.1782032401,0.7069219440353461,DEVELOP,200,238,410,181
telangana,jogulamba gadwal,2026,2,8105,telangana|jogulamba gadwal,2026-Q2,26349442,39134697003.31,301478,17219,1485.2191937616742,5711.527872680594,17.50844996805854,87.40087833938132,129809.4620612781,1530.2539055694292,8104,23556730,35832872401.74,298669,16819,0.11855261744732815,0.09214512765126992,0.009405060451536551,0.02378262679112919,0.3102454412686826,4.0,0.28273163251549954,0.8203240058910162,0.9293078055964654,0.6627393225331369,0.18556701030927836,68.1222385862,64.9484536082,60.648011782,0.8748159057437408,EXPAND,86,112,152,79
telangana,kamareddy,2026,2,8105,telangana|kamareddy,2026-Q2,44069147,71132180453.01,498746,40658,1614.103863934784,8152.0453296868545,12.266860150523883,88.35990063078201,142622.05702503878,1083.8985439519897,8104,37176917,57557545630.98,493912,39671,0.1853900365110963,0.2358445738645869,0.009787168564440618,0.02487963499785728,0.36174314530439045,4.0,0.276160673968909,0.9705449189985272,0.7820324005891016,0.18556701030927836,0.33726067746686306,60.0515463918,56.8851251841,53.7481590574,0.748159057437408,DEVELOP,172,218,277,158
telangana,karimnagar,2026,2,8105,telangana|karimnagar,2026-Q2,85576688,127171020442.31,851085,66317,1486.0474670661476,7792.0536726648925,12.83358716467874,100.550107216083,149422.23214168972,1290.4185653753939,8104,78197824,116697197426.51,836394,64168,0.09436150039162206,0.08975213841271446,0.017564688412399,0.03349021319037537,0.2935511801360289,4.0,0.2684226315922953,0.7555228276877761,0.8703976435935199,0.24300441826215022,0.5949926362297496,62.4005891016,61.5979381443,53.6008836524,0.7835051546391752,DEVELOP,148,149,282,137
telangana,khammam,2026,2,8105,telangana|khammam,2026-Q2,97870411,143375171782.82,954846,63019,1464.9491129941205,6599.912446614428,15.151716149097892,102.49863433475136,150155.2834518027,1553.0302131103317,8104,88524270,126314806889.0,943615,61189,0.10557715980035765,0.13506227269786297,0.011902099903032592,0.029907336285933672,0.33301667680351654,4.0,0.29404606506007785,0.9175257731958762,0.9381443298969072,0.4639175257731959,0.6524300441826215,75.6259204713,74.3004418262,69.2488954345,0.9617083946980854,DEVELOP,27,35,54,26
telangana,kumuram bheem asifabad,2026,2,8105,telangana|kumuram bheem asifabad,2026-Q2,18359220,21753771816.72,250254,14621,1184.8962982479648,5842.464056518577,17.11606593256275,73.36234385863962,86926.7696688964,1255.6747144518158,8104,17096495,23557144353.54,245897,14176,0.07385870612660672,-0.07655310464440912,0.017718800961378234,0.031391083521444596,0.33976232511472926,4.0,0.30799485594275483,0.9293078055964654,0.8497790868924889,0.6391752577319587,0.12812960235640647,67.6656848306,63.6597938144,62.7466863034,0.8703976435935199,EXPAND,89,126,128,82
telangana,mahabubabad,2026,2,8105,telangana|mahabubabad,2026-Q2,36822158,56025279963.5,369170,27080,1521.509955052064,7335.373946962104,13.632570162481537,99.74309396754883,151760.110419319,1359.7547267355983,8104,32923949,48577478019.74,363816,26033,0.11840040816488928,0.15331800347341007,0.014716230182289847,0.04021818461183879,0.34901105919078446,4.0,0.2881713945233568,0.9499263622974963,0.8924889543446245,0.32547864506627394,0.22974963181148747,63.5419734904,59.941089838,55.1325478645,0.8070692194403535,DEVELOP,132,166,251,122
telangana,mahabubnagar,2026,2,8105,telangana|mahabubnagar,2026-Q2,64498115,88892397070.02,650091,35675,1378.216976884053,5487.693261404942,18.22259285213735,99.21397927367092,136738.39057919584,1807.935949544499,8104,59175967,81736012304.13,636963,34484,0.0899376599963293,0.08755485573803057,0.02061030232525285,0.034537756640760975,0.31723851601984476,4.0,0.3039508999073051,0.8586156111929307,0.9749631811487481,0.7128129602356407,0.4477172312223859,76.9072164948,74.852724595,70.4860088365,0.9705449189985272,EXPAND,21,29,45,20
telangana,mancherial,2026,2,8105,telangana|mancherial,2026-Q2,56029293,77148073697.25,542518,31746,1376.9239190158976,5851.603080450787,17.089334089334088,103.27637608337419,142203.71249847932,1764.9244944244945,8104,51666034,74520947039.24,538372,30807,0.08445120831221531,0.03525353289762467,0.007700994851143728,0.030480085694809533,0.2865926740631102,4.0,0.25542031938104903,0.727540500736377,0.9690721649484536,0.6377025036818851,0.37260677466863035,69.4477172312,67.6730486009,60.736377025,0.8969072164948454,EXPAND,71,87,151,67
telangana,medak,2026,2,8105,telangana|medak,2026-Q2,42806476,60364666741.47,452561,34997,1410.1760383515336,7733.101173101527,12.931422693373717,94.5871959802104,133384.5973061532,1223.1470126010802,8104,37188835,51097983556.08,446084,33897,0.15105719229978565,0.181351249902451,0.014519686875117621,0.03245124937310084,0.35993942449970695,4.0,0.2842405055019086,0.9646539027982327,0.833578792341679,0.25625920471281294,0.3019145802650957,62.2238586156,58.9101620029,55.1030927835,0.780559646539028,DEVELOP,150,179,252,139
telangana,medchal malkajgiri,2026,2,8105,telangana|medchal malkajgiri,2026-Q2,759040841,904396129212.85,6313836,455298,1191.4986392844835,7211.115397992599,13.867480199781243,120.21865012014882,143240.35803477475,1667.1297501855927,8104,708421079,846151772939.23,6048369,446806,0.0714543419168927,0.06883440788796058,0.04389067532090052,0.019006011557588742,0.2403439127483864,4.0,0.2085552387141914,0.4418262150220913,0.9617083946980854,0.34609720176730485,0.9896907216494846,65.7437407953,68.4830633284,54.528718704,0.8468335787923417,DEFEND,105,77,266,97
telangana,nagarkurnool,2026,2,8105,telangana|nagarkurnool,2026-Q2,40723633,63926616098.0,412595,25720,1569.7670219648626,6233.715871496262,16.04179626749611,98.70122759606879,154937.932107757,1583.3449844479005,8104,37167279,59560493374.42,410394,24923,0.09568507826467476,0.07330568429198348,0.005363138837312542,0.03197849376078321,0.31940879689173474,4.0,0.2832812356378192,0.8630338733431517,0.9425625920471281,0.5493372606774669,0.25625920471281294,68.3136966127,65.2798232695,60.1546391753,0.8807069219440353,EXPAND,82,108,163,76
telangana,nalgonda,2026,2,8105,telangana|nalgonda,2026-Q2,105596264,170442770836.59,988045,66537,1614.0984953462937,6734.2074500655335,14.849557389121841,106.87394197632699,172505.0689357165,1587.0307347791454,8104,95056308,149343326067.95,976304,65095,0.11088118423450655,0.14128147085086273,0.012025967321653841,0.022152239035256205,0.32680730458895435,4.0,0.2739730252830229,0.8969072164948454,0.9440353460972017,0.4374079528718704,0.6671575846833578,74.7864506627,73.6377025037,67.8645066274,0.9513991163475699,DEVELOP,34,38,68,33
telangana,narayanpet,2026,2,8105,telangana|narayanpet,2026-Q2,21594457,34646353257.66,248512,12071,1604.4095601783367,4857.310713365954,20.587523817413636,86.89502720190575,139415.2123746942,1788.9534421340402,8104,19116959,31152379193.65,244654,11645,0.12959686736786957,0.11215753513690552,0.01576920876012644,0.03658222413052803,0.36120629043773134,4.0,0.3475836661301416,0.96759941089838,0.9720176730486009,0.8114874815905744,0.12371134020618557,76.0898379971,71.8703976436,70.1988217968,0.9646539027982327,EXPAND,25,50,47,24
telangana,nirmal,2026,2,8105,telangana|nirmal,2026-Q2,35201110,59291923176.46,404313,23502,1684.3765204125666,5812.823233484948,17.2033443962216,87.06400734084731,146648.56973795054,1497.7921027997618,8104,30790719,51560020364.13,400480,22773,0.1432376749630302,0.149959266069434,0.009571014782261189,0.03201159267553688,0.3490276251067739,4.0,0.32155560589884635,0.9513991163475699,0.9204712812960235,0.6421207658321061,0.24889543446244478,72.5846833579,69.0721649485,66.7525773196,0.9293078055964654,EXPAND,49,70,80,47
telangana,nizamabad,2026,2,8105,telangana|nizamabad,2026-Q2,95166828,166485715948.5,1064071,75876,1749.4091107933114,7130.727178919452,14.023815172122937,89.43653947903853,156461.09700245567,1254.2414992883125,8104,81148447,133631403378.36,1045443,73882,0.1727498370979299,0.24585772310657594,0.017818283732350837,0.026988982431444652,0.3763685593852395,4.0,0.29436804637367686,0.979381443298969,0.8483063328424153,0.36082474226804123,0.6966126656848306,73.5419734904,72.1281296024,69.2194403535,0.9381443298969072,DEVELOP,43,47,55,41
telangana,peddapalli,2026,2,8105,telangana|peddapalli,2026-Q2,52753397,74408615014.32,508652,29278,1410.4990246281202,5755.998207025628,17.37318122822597,103.71215880405464,146285.89883519578,1801.810130473393,8104,48092000,67947631961.94,503458,27944,0.0969266613989852,0.09508768541042079,0.010316650048266096,0.047738333810478206,0.2927236523984813,4.0,0.2517459591305424,0.7511045655375552,0.9734904270986745,0.6539027982326951,0.3431516936671576,70.0810014728,68.0412371134,61.5095729013,0.9057437407952872,EXPAND,65,81,141,62
telangana,rajanna sircilla,2026,2,8105,telangana|rajanna sircilla,2026-Q2,30997630,51861888094.24,339164,22194,1673.0920426574546,6543.736953214374,15.281787870595657,91.39422226415539,152910.94601502517,1396.6671172388933,8104,27603863,47620788826.2,335253,21335,0.1229453645672709,0.08905982812503588,0.011665816562417053,0.04026247949378958,0.3111350225906804,4.0,0.27554707492953184,0.8276877761413843,0.9013254786450663,0.4801178203240059,0.20765832106038293,63.5198821797,60.4197349043,55.1030927835,0.8041237113402062,DEVELOP,134,159,252,124
telangana,rangareddy,2026,2,8105,telangana|rangareddy,2026-Q2,845329674,1039785726319.63,7229570,452117,1230.035758001357,6253.719100859387,15.99048476389961,116.92668775597996,143824.0070045148,1869.7144190552447,8104,782985571,969047155678.97,6946775,441736,0.07962356563017692,0.0729980684903786,0.04070881812063876,0.023500461814296214,0.254739883674155,4.0,0.231629660669814,0.5287187039764359,0.9779086892488954,0.5419734904270986,0.9926362297496318,73.7113402062,76.0309278351,64.9337260677,0.9410898379970545,EXPAND,40,24,103,39
telangana,sangareddy,2026,2,8105,telangana|sangareddy,2026-Q2,199983054,247694265165.86,1849509,102640,1238.5762703966907,5549.580996902421,18.019378409976618,108.12764576976916,133924.3362242952,1948.392965705378,8104,185277689,230592730732.57,1780493,99533,0.07936932438746047,0.07416337184160193,0.03876229785795293,0.03121577768177386,0.32340520180300913,4.0,0.2909884768272894,0.8792341678939617,0.9867452135493373,0.695139911634757,0.8924889543446245,86.2739322533,86.3402061856,81.8114874816,0.9985272459499264,EXPAND,2,2,4,2
telangana,siddipet,2026,2,8105,telangana|siddipet,2026-Q2,73789970,113459275640.82,698859,42335,1537.5975304071815,6057.731244786144,16.507830400377937,105.58634860536961,162349.30886032805,1743.001535372623,8104,65491328,101174428068.31,693278,41300,0.12671360092133122,0.12142245631688309,0.008050161695596803,0.025060532687651405,0.3203036717572365,4.0,0.2732556207790996,0.865979381443299,0.96759941089838,0.5876288659793815,0.49779086892488955,74.8159057437,72.9749631811,67.6509572901,0.9528718703976435,EXPAND,33,41,70,32
telangana,suryapet,2026,2,8105,telangana|suryapet,2026-Q2,63010913,106341776016.42,616636,43066,1687.672356317389,6984.022989251357,14.318395021594762,102.18494054839483,172454.69939546182,1463.1243440300934,8104,56656194,90217307675.0,609675,41941,0.11216282901036378,0.1787292123536539,0.011417558535285144,0.02682339476884188,0.3112705871805834,4.0,0.25814475172702156,0.8306332842415317,0.9131075110456554,0.38291605301914583,0.42857142857142855,65.8910162003,63.8807069219,57.3416789396,0.8483063328424153,DEVELOP,104,123,211,96
telangana,vikarabad,2026,2,8105,telangana|vikarabad,2026-Q2,42818239,57046973920.63,479805,26777,1332.3054673180277,5580.808870270214,17.918549501437802,89.24091870655788,118896.1639012307,1599.067819397244,8104,38555114,53310416922.13,472905,26005,0.11057223174077513,0.07009056042382777,0.014590668316046607,0.029686598731013314,0.33513363438166,4.0,0.2940549247007675,0.9234167893961709,0.9455081001472754,0.6921944035346097,0.3166421207658321,74.9779086892,71.9440353461,69.0795287187,0.9543446244477173,EXPAND,32,49,59,31
telangana,wanaparthy,2026,2,8105,telangana|wanaparthy,2026-Q2,28730127,43465751206.45,291788,18574,1512.8979835853143,6365.580489944755,15.709486378809087,98.46233224121623,148963.4639068433,1546.7926671691612,8104,26241722,40970668759.38,287332,18053,0.09482628464702136,0.060899236517801825,0.015508192613422844,0.028859469340275945,0.32501642081486914,4.0,0.2989055225169961,0.8895434462444771,0.9337260677466863,0.5154639175257731,0.16936671575846834,66.3033873343,62.7025036819,57.8571428571,0.8556701030927835,EXPAND,99,138,203,92
telangana,warangal,2026,2,8105,telangana|warangal,2026-Q2,68462628,103422925021.93,644742,64159,1510.6478971553647,9951.112227836871,10.049127947754796,106.1860837358199,160409.7841026798,1067.0775417322589,8104,62832382,93141690928.34,635197,62995,0.08960739384351202,0.1103827297004949,0.01502683419474593,0.0184776569569014,0.31879336310643236,4.0,0.27348655885416256,0.8615611192930781,0.7731958762886598,0.039764359351988215,0.44477172312223856,55.0662739323,52.9823269514,46.9734904271,0.6509572901325479,DEVELOP,237,268,392,217
telangana,yadadri bhuvanagiri,2026,2,8105,telangana|yadadri bhuvanagiri,2026-Q2,60031560,89833254950.01,554483,36456,1496.4337916590873,6574.773257250447,15.20964998902787,108.2658260036827,162012.64051379391,1646.685319289006,8104,53525348,80521763860.4,552106,35565,0.12155384772089661,0.11563943266013488,0.004305332671624695,0.02505272037115147,0.27861674600643394,4.0,0.23232767560446105,0.6833578792341679,0.9558173784977909,0.47569955817378495,0.38144329896907214,63.9175257732,62.4079528719,53.5198821797,0.8188512518409425,DEVELOP,124,142,283,114
tripura,dhalai,2026,2,8105,tripura|dhalai,2026-Q2,1672139,1870327805.61,115534,2940,1118.5241212662345,2544.705454671352,39.297278911564625,14.473133449893538,16188.548874011112,568.754761904762,8104,1625826,1971168176.76,109826,2641,0.028485828126749047,-0.051157670024762125,0.051973121118860766,0.11321469140477092,0.1353515834529473,4.0,0.22793124366842438,0.033873343151693665,0.3755522827687776,0.9808541973490427,0.010309278350515464,35.1325478645,35.0147275405,35.942562592,0.15758468335787923,MONITOR,573,590,565,525
tripura,gomati,2026,2,8105,tripura|gomati,2026-Q2,1849515,2366209502.5,129970,5347,1279.3675652806276,4114.026313764715,24.307088086777632,14.230322382088174,18205.812899130568,345.8976996446606,8104,1754365,2386933502.07,124719,4713,0.054236148121969974,-0.008682269343502025,0.042102646749893724,0.13452153617653306,0.21182567149471043,4.0,0.27573429111336645,0.27540500736377027,0.12371134020618557,0.8924889543446245,0.025036818851251842,34.1678939617,32.9160530191,42.8792341679,0.13991163475699558,MONITOR,585,604,471,536
tripura,north tripura,2026,2,8105,tripura|north tripura,2026-Q2,3562235,4057307348.73,142104,5658,1138.9780148502275,3981.590947475089,25.11558854718982,25.067802454540338,28551.675876330013,629.5926122304701,8104,3539235,4497368815.88,137225,5465,0.006498579495286316,-0.09784864999200504,0.035554745855347125,0.03531564501372375,0.23431437874458205,4.0,0.35176412802771395,0.40353460972017674,0.43888070692194403,0.9189985272459499,0.029455081001472753,46.6421207658,44.7717231222,49.0427098675,0.43888070692194403,MONITOR,382,421,355,346
tripura,sepahijala,2026,2,8105,tripura|sepahijala,2026-Q2,1664679,2234983399.74,121938,5579,1342.5912141259664,4575.2759599140545,21.856605126366734,13.651847660286375,18328.85072528662,298.3830435561929,8104,1574390,2238394824.41,117037,5309,0.057348560394819614,-0.0015240495701642764,0.04187564616317907,0.05085703522320584,0.18837481073355788,4.0,0.23809409145979538,0.14432989690721648,0.08689248895434462,0.8379970544918999,0.017673048600883652,27.8055964654,27.1723122239,35.5449189985,0.053019145802650956,MONITOR,644,646,572,590
tripura,south tripura,2026,2,8105,tripura|south tripura,2026-Q2,1793135,2420384251.34,120944,6386,1349.805927239165,5280.129646778674,18.938928906984028,14.82615921418177,20012.437585494114,280.7915753210147,8104,1781895,2581321324.77,116559,6009,0.006307891317950842,-0.06234678026546714,0.037620432570629525,0.06273922449658853,0.1699755843891464,4.0,0.27207286512663287,0.08247422680412371,0.06921944035346098,0.748159057437408,0.014727540500736377,23.2032400589,22.8645066274,29.852724595,0.025036818851251842,MONITOR,663,667,633,608
tripura,west tripura,2026,2,8105,tripura|west tripura,2026-Q2,9674111,10906141389.76,442037,25048,1127.3533443806878,5666.493981273061,17.64759661450016,21.885296932157264,24672.462689231896,386.2228920472692,8104,9290827,10965888725.15,424584,24674,0.04125402399592626,-0.005448471791708931,0.04110611798843111,0.015157655832049866,0.2471866105727052,4.0,0.27854613746045653,0.48600883652430044,0.17378497790868924,0.6745213549337261,0.29013254786450665,41.5905743741,40.6111929308,50.3019145803,0.28865979381443296,MONITOR,484,509,339,444
uttar pradesh,agra,2026,2,8105,uttar pradesh|agra,2026-Q2,109610679,126828100016.51,2675497,224888,1157.0779523819024,8405.466348869013,11.897019849880829,40.96834307794028,47403.56652110243,487.40119081498347,8104,100455072,123404108876.31,2617063,221901,0.09114131141133419,0.02774616802777552,0.0223280830457655,0.013460957814520835,0.2571246014480366,4.0,0.2709594817086008,0.5493372606774669,0.2709867452135493,0.16642120765832105,0.9455081001472754,46.3254786451,48.3063328424,51.4359351988,0.42857142857142855,DEFEND,389,344,319,353
uttar pradesh,aligarh,2026,2,8105,uttar pradesh|aligarh,2026-Q2,80702139,89329809467.29,1827241,154365,1106.9075810653544,8447.982504770855,11.837145726038933,44.16611656590455,48887.80925301588,522.8007579438345,8104,74362346,86891845245.78,1769407,151432,0.08525541945650827,0.028057457113656925,0.03268552684599979,0.01936842939405148,0.27645197071052174,4.0,0.2960209183887036,0.6730486008836525,0.3166421207658321,0.1634756995581738,0.8851251840942562,49.8969072165,50.9572901325,54.7717231222,0.5110456553755522,DEFEND,333,304,261,301
uttar pradesh,ambedkar nagar,2026,2,8105,uttar pradesh|ambedkar nagar,2026-Q2,28593166,31661201602.16,820870,65372,1107.2996114582065,7963.74578191431,12.556905096983417,34.83275792756466,38570.299319210106,437.3916355626262,8104,24763529,29704489373.06,809044,64618,0.1546482732731671,0.06587260950779394,0.014617251966518419,0.01166857531957044,0.34455692256110915,4.0,0.33100279025506507,0.9410898379970545,0.22385861561119294,0.21354933726067746,0.5699558173784978,50.5670103093,48.7113402062,59.3667157585,0.5316642120765832,DEVELOP,319,335,174,289
uttar pradesh,amethi,2026,2,8105,uttar pradesh|amethi,2026-Q2,20498800,23435719920.97,553416,41736,1143.272773087693,7541.523916908799,13.259919493962046,37.04049033638348,42347.384103405035,491.15391987732414,8104,17434256,21716339353.46,542563,41161,0.17577715963331042,0.0791745118514211,0.020003207000846013,0.01396953426787495,0.3504571663931777,4.0,0.33621327073131924,0.9528718703976435,0.27982326951399117,0.2960235640648012,0.3799705449189985,50.5817378498,47.7172312224,57.9749631811,0.5331369661266568,DEVELOP,318,365,202,288
uttar pradesh,amroha,2026,2,8105,uttar pradesh|amroha,2026-Q2,36081613,41354127429.06,769082,54541,1146.127459131608,7091.701535076884,14.100988247373536,46.91517029393485,53770.76492371424,661.5502649383033,8104,32306791,40904092887.23,759342,53426,0.11684298821260208,0.011002188535770951,0.012826894864237826,0.020869988395163297,0.2312374943103026,4.0,0.2659351727814515,0.38438880706921946,0.48159057437407954,0.3696612665684831,0.5449189985272459,43.7113402062,44.5139911635,41.9366715758,0.3446244477172312,MONITOR,446,424,483,408
uttar pradesh,auraiya,2026,2,8105,uttar pradesh|auraiya,2026-Q2,20938024,22597364412.34,544431,42872,1079.250096013836,7874.64343507258,12.698987684269452,38.458544792636715,41506.38816000558,488.38458667661877,8104,18802361,21892881125.33,526787,41970,0.11358483118157348,0.032178646701503055,0.03349361316813049,0.02149154157731714,0.3433739589393068,4.0,0.34904477011763185,0.9381443298969072,0.27393225331369664,0.2268041237113402,0.3755522827687776,48.1737849779,45.3608247423,54.852724595,0.47717231222385864,MONITOR,356,410,259,323
uttar pradesh,ayodhya,2026,2,8105,uttar pradesh|ayodhya,2026-Q2,39302916,44115461056.75,1018415,94422,1122.447531800185,9271.465954448824,10.785780856156403,38.592239902200966,43317.764424866094,416.2474423333545,8104,36276738,43861839836.7,1004554,93135,0.08341924238061327,0.005782275002467863,0.013798163164946864,0.01381865034627161,0.2967427809202119,4.0,0.2645768413298219,0.7731958762886598,0.20765832106038293,0.07511045655375552,0.6774668630338734,43.8144329897,43.3357879234,50.4933726068,0.35051546391752575,MONITOR,442,458,335,404
uttar pradesh,azamgarh,2026,2,8105,uttar pradesh|azamgarh,2026-Q2,63064954,70961566600.84,1681167,147768,1125.213959576344,8789.60864685067,11.377070813707975,37.5126052319609,42209.707067079,426.7835661306913,8104,52071396,61472208727.63,1655700,145514,0.21112470270626127,0.15436825957003242,0.015381409675665925,0.015489918495814825,0.3424773138411119,4.0,0.31291237039516306,0.9337260677466863,0.21502209131075112,0.12223858615611193,0.865979381443299,53.7628865979,53.4241531664,63.2768777614,0.6244477172312224,DEFEND,256,260,120,234
uttar pradesh,bagpat,2026,2,8105,uttar pradesh|bagpat,2026-Q2,27626144,32318774689.71,591733,43038,1169.8619499597917,7273.212749669192,13.749082206422232,46.68684017960803,54617.1578899774,641.9012035875273,8104,25043754,31264666700.37,584377,42171,0.10311513202054301,0.03371563175268144,0.012587764405512125,0.02055915202390257,0.26299235003495536,4.0,0.27874643024083684,0.5876288659793815,0.45508100147275404,0.33726067746686306,0.40942562592047127,45.6259204713,44.734904271,45.5449189985,0.4020618556701031,MONITOR,406,422,424,370
uttar pradesh,bahraich,2026,2,8105,uttar pradesh|bahraich,2026-Q2,24510819,27823630302.23,1023926,77455,1135.157103572508,7564.511497901215,13.219624297979472,23.938076579752835,27173.47767536912,316.4523788005939,8104,22331686,27508524447.42,983797,75180,0.09758031704368397,0.011454843948911053,0.04078991905850504,0.03026070763500921,0.3089961990178103,4.0,0.3366685871936814,0.8144329896907216,0.101620029455081,0.2930780559646539,0.678939617083947,47.8792341679,47.2017673049,59.8085419735,0.4698085419734904,MONITOR,361,373,167,327
uttar pradesh,ballia,2026,2,8105,uttar pradesh|ballia,2026-Q2,53284416,60633243329.41,1234052,114621,1137.9170099079251,9288.182345638596,10.766369164463754,43.17842035829933,49133.45898666345,464.8748135158479,8104,47957567,56917445808.0,1220332,112506,0.11107421275145168,0.06528398224236076,0.011242842111818696,0.018798997386806127,0.2778101147363037,4.0,0.302679083550493,0.6804123711340206,0.2503681885125184,0.07069219440353461,0.759941089837997,43.6377025037,44.0353460972,48.6892488954,0.3431516936671576,DEFEND,447,433,359,409
uttar pradesh,balrampur,2026,2,8105,uttar pradesh|balrampur,2026-Q2,17893265,19869894867.59,569395,40015,1110.4678138724264,7027.634594613581,14.229538922903911,31.425047638282738,34896.50395172069,447.16393852305384,8104,13757246,15819124454.17,561561,39265,0.3006429484505837,0.2560679274732045,0.013950398977137013,0.019100980516999932,0.31576348521782616,4.0,0.2869033976055521,0.8512518409425626,0.23122238586156113,0.3755522827687776,0.3917525773195876,48.5419734904,46.2444771723,56.9882179676,0.48306332842415317,MONITOR,351,393,221,319
uttar pradesh,banda,2026,2,8105,uttar pradesh|banda,2026-Q2,15135085,16995694032.52,530964,45191,1122.9335040087321,8511.123164658997,11.749330618928548,28.504917470864314,32009.12685703739,334.9136996304574,8104,13456286,15777077183.54,516570,44672,0.12475946186042708,0.07723970890193566,0.027864568209535978,0.011618015759312428,0.34317187524821025,4.0,0.30911678120439,0.9366715758468336,0.1134020618556701,0.15905743740795286,0.36082474226804123,42.1281296024,39.2488954345,52.0544918999,0.3019145802650957,MONITOR,475,530,309,436
uttar pradesh,barabanki,2026,2,8105,uttar pradesh|barabanki,2026-Q2,30401058,32285958408.43,1048794,111643,1062.001145105871,10644.893086726279,9.394176079109304,28.986681846005983,30783.889313277916,272.30599321050136,8104,27675144,31278254714.35,1015501,107488,0.09849683166960221,0.032217388830767524,0.03278480277222773,0.03865547782077994,0.32600679013977274,4.0,0.313268629469132,0.8924889543446245,0.061855670103092786,0.023564064801178203,0.6921944035346097,42.7540500736,41.7525773196,53.8291605302,0.3225331369661267,MONITOR,460,491,275,422
uttar pradesh,bareilly,2026,2,8105,uttar pradesh|bareilly,2026-Q2,76189965,89673607534.34,2011083,191716,1176.9739956481144,9532.973029954506,10.489906945690501,37.88504253678242,44589.70988981558,397.410570844374,8104,69300638,89036832387.13,1968026,188757,0.09941217279990977,0.007151817176528796,0.021878267868412404,0.015676239821569515,0.2820845853464109,4.0,0.29980152684439976,0.7039764359351989,0.18114874815905743,0.055964653902798235,0.9042709867452136,45.1325478645,46.1340206186,52.7245949926,0.3917525773195876,DEFEND,413,395,301,375
uttar pradesh,basti,2026,2,8105,uttar pradesh|basti,2026-Q2,36750004,41648872406.75,920943,73966,1133.3025271711535,8031.550269669241,12.450896357786009,39.90475414873668,45224.15872290685,496.8499580888516,8104,31429207,37320790305.28,912105,72385,0.16929466276384253,0.11596973338631789,0.00968967388623021,0.021841541755888594,0.2998435200791494,4.0,0.30004089297250336,0.7879234167893961,0.28718703976435933,0.20471281296023564,0.6377025036818851,48.6892488954,47.9381443299,54.6244477172,0.49042709867452133,MONITOR,347,362,263,314
uttar pradesh,bhadohi,2026,2,8105,uttar pradesh|bhadohi,2026-Q2,14424005,15887538173.84,522081,72244,1101.465104444986,13837.69951406008,7.2266347378328994,27.627906397666262,30431.174805901766,199.65678810697082,8104,11761079,13799415254.39,517482,71360,0.2264185114307964,0.15131966688122578,0.008887265644022424,0.012387892376681586,0.29439277035583133,4.0,0.24176612789019214,0.7614138438880707,0.016200294550810016,0.0014727540500736377,0.35346097201767307,30.353460972,28.3136966127,39.3446244477,0.07363770250368189,MONITOR,630,640,526,578
uttar pradesh,budaun,2026,2,8105,uttar pradesh|budaun,2026-Q2,32014414,36307085165.98,1034114,83067,1134.0855767648911,8032.673380304299,12.449155500981135,30.958302469553647,35109.3643118457,385.40472148988164,8104,29385837,35934849760.46,997690,81287,0.08945047234829495,0.01035861866687382,0.03650833425212241,0.021897720422699773,0.306658135853874,4.0,0.3344720875002749,0.8100147275405007,0.1723122238586156,0.203240058910162,0.6833578792341679,47.3564064801,46.7231222386,56.5979381443,0.4521354933726068,MONITOR,373,382,229,337
uttar pradesh,bulandshahr,2026,2,8105,uttar pradesh|bulandshahr,2026-Q2,67639035,74269667365.12,1498671,128820,1098.0296712559543,8595.615715523954,11.63383791336749,45.13267755231135,49557.019095665426,525.0662552398696,8104,62332918,72956466773.69,1458681,126718,0.08512543885720225,0.017999783288622284,0.027415178507158133,0.016588014331034184,0.2324674045165327,4.0,0.2629883373424617,0.390279823269514,0.31958762886597936,0.14727540500736377,0.8291605301914581,39.9631811487,42.1575846834,41.4948453608,0.2547864506627393,DEFEND,506,480,496,464
uttar pradesh,chandauli,2026,2,8105,uttar pradesh|chandauli,2026-Q2,29423937,35449694490.28,804893,72690,1204.7910002757278,9031.014060253972,11.072953638739854,36.55633357477329,44042.741693964286,404.7865868757738,8104,26372384,33482324900.25,792182,71583,0.11571016863701056,0.05875845228463539,0.016045555188075378,0.015464565609152991,0.3112481751044134,4.0,0.3217624155309296,0.8291605301914581,0.19293078055964655,0.09278350515463918,0.5640648011782032,43.2989690722,41.9734904271,50.5154639175,0.33431516936671574,MONITOR,453,485,332,415
uttar pradesh,chitrakoot,2026,2,8105,uttar pradesh|chitrakoot,2026-Q2,9447556,11126214298.5,304813,31012,1177.6817516085641,10174.106747415628,9.82887269444086,30.99459668714917,36501.77091692283,304.64194505352765,8104,8542170,10656110819.49,296517,30521,0.10599016409179396,0.04411585868177936,0.027978159768242694,0.016087284165001048,0.3109148223313345,4.0,0.28255107056825085,0.8247422680412371,0.09278350515463918,0.03240058910162003,0.187039764359352,31.6126656848,28.4241531664,38.7997054492,0.09278350515463918,MONITOR,617,638,531,566
uttar pradesh,deoria,2026,2,8105,uttar pradesh|deoria,2026-Q2,55210840,61067500236.84,1276888,97264,1106.078086057738,7617.269486438905,13.12806382628722,43.23859257820576,47825.25972273214,567.639003125514,8104,47960687,55387649792.64,1250331,95435,0.15116866445220012,0.1025472368924154,0.021239975654446797,0.01916487661759314,0.3160171533945182,4.0,0.31429035195259336,0.8556701030927835,0.3711340206185567,0.28276877761413843,0.7761413843888071,57.5405007364,57.1428571429,63.5272459499,0.6995581737849779,DEFEND,205,211,119,186
uttar pradesh,etah,2026,2,8105,uttar pradesh|etah,2026-Q2,27332676,27918641150.47,678168,49184,1021.4382649715674,7252.480211393047,13.788386467143786,40.30369465973033,41167.73594517878,555.722918022121,8104,25186856,27938488113.1,649503,47757,0.08519602446609453,-0.0007103806959650738,0.04413374534066827,0.029880436375819164,0.33407366440599184,4.0,0.3700513872284136,0.9189985272459499,0.35640648011782033,0.3402061855670103,0.47569955817378495,54.499263623,52.2827687776,60.559646539,0.6391752577319587,DEVELOP,246,282,154,224
uttar pradesh,etawah,2026,2,8105,uttar pradesh|etawah,2026-Q2,29095635,31609255804.19,692265,47913,1086.3916805455526,6921.193473597538,14.448375180013775,42.02962015990986,45660.62967821571,607.2597207438482,8104,26371129,30588712608.34,671801,46990,0.10331396884828092,0.0333633915528615,0.030461401516222786,0.0196424771227921,0.32318660767006735,4.0,0.3266595795010051,0.8777614138438881,0.41973490427098675,0.39322533136966126,0.4948453608247423,56.5537555228,54.6391752577,61.2444771723,0.6848306332842415,DEVELOP,215,245,145,195
uttar pradesh,farrukhabad,2026,2,8105,uttar pradesh|farrukhabad,2026-Q2,25126268,25934100300.48,715245,61597,1032.1509067912514,8612.014065110556,11.611685634040619,35.12959615236737,36259.04452387644,407.9138269720928,8104,22953729,26228826371.18,687564,60346,0.09464862985879119,-0.011236723539557292,0.040259524931497204,0.020730454379743524,0.3003750480532259,4.0,0.2918308041670704,0.7938144329896907,0.19882179675994108,0.14432989690721648,0.5110456553755522,42.6141384389,41.2002945508,49.5802650957,0.3166421207658321,MONITOR,465,501,346,427
uttar pradesh,fatehpur,2026,2,8105,uttar pradesh|fatehpur,2026-Q2,20011856,23983282526.33,730302,65788,1198.4536829732335,9008.328061541664,11.100839058794916,27.402165131685248,32840.225723508906,304.18702498935977,8104,17590519,23048077510.35,707717,63835,0.13765011708864305,0.040576269997358416,0.03191247348869686,0.030594501449048295,0.4106216514500247,4.0,0.371903785838005,0.9852724594992637,0.09131075110456553,0.09720176730486009,0.5257731958762887,44.7864506627,42.4889543446,55.9572901325,0.3784977908689249,MONITOR,423,472,237,385
uttar pradesh,firozabad,2026,2,8105,uttar pradesh|firozabad,2026-Q2,42129937,47975403445.89,1184617,121786,1138.748520936312,10280.622344605894,9.727037590527647,35.56418403585294,40498.66196913433,345.9341549931848,8104,38793636,47501322526.44,1150982,119917,0.08600124515268437,0.009980373055636926,0.02922287229513576,0.01558578016461376,0.28298013007056544,4.0,0.3039302777115871,0.7083946980854198,0.1251840942562592,0.029455081001472753,0.7452135493372607,40.0220913108,40.206185567,47.9970544919,0.25920471281296026,MONITOR,504,514,377,462
uttar pradesh,gautambuddha nagar,2026,2,8105,uttar pradesh|gautambuddha nagar,2026-Q2,431415785,325053679782.49,5609621,426703,753.4580121645062,7606.6279700535915,13.146429718094318,76.90640508512072,57945.74709815333,1011.0446493228311,8104,390944738,308086251458.3,5451316,414040,0.10352114523152878,0.055073630335258805,0.029039776817194163,0.030584001545744366,0.21746641476926998,4.0,0.23170122945886867,0.30338733431516934,0.7555228276877761,0.2857142857142857,0.9823269513991163,54.7790868925,58.1737849779,46.6936671576,0.646539027982327,DEFEND,240,192,397,219
uttar pradesh,ghaziabad,2026,2,8105,uttar pradesh|ghaziabad,2026-Q2,205969183,207586145620.07,4061254,379016,1007.8505075201954,9332.486960923892,10.715257403381388,50.715661468108124,51113.805149855194,543.4313670135298,8104,187059378,200807621682.99,3957364,373144,0.1010898528701405,0.033756308053790374,0.026252323516360976,0.01573655210856928,0.2187011387111233,4.0,0.21950667882376462,0.3078055964653903,0.3402061855670103,0.06480117820324006,0.9734904270986745,38.8291605302,42.1575846834,38.9175257732,0.23122238586156113,DEFEND,523,480,530,479
uttar pradesh,ghazipur,2026,2,8105,uttar pradesh|ghazipur,2026-Q2,53218822,61711949660.91,1344805,115729,1159.5887947484068,8605.63427411409,11.620293962619568,39.57363483925179,45889.14352706155,459.857270001469,8104,45731905,56234687124.02,1332136,113527,0.1637132107223611,0.09740007132626971,0.009510290240636099,0.019396266967329323,0.2816918572135729,4.0,0.28807620139048956,0.6995581737849779,0.24300441826215022,0.14580265095729014,0.7893961708394698,46.4948453608,46.9440353461,52.8203240059,0.43593519882179677,DEFEND,384,379,297,348
uttar pradesh,gonda,2026,2,8105,uttar pradesh|gonda,2026-Q2,32176272,38053376989.47,1036138,96101,1182.6533847510364,9274.922838463603,10.78176085576633,31.05404106402815,36726.16677457057,334.8172443574989,8104,27653336,34471088626.17,1010156,94459,0.16355842202908177,0.10392153268348991,0.025720779760749934,0.01738320329455112,0.3157984444135471,4.0,0.28794804944359537,0.8527245949926362,0.11192930780559647,0.07363770250368189,0.6863033873343152,43.9469808542,43.1148748159,53.8438880707,0.35346097201767307,MONITOR,439,461,274,402
uttar pradesh,gorakhpur,2026,2,8105,uttar pradesh|gorakhpur,2026-Q2,84223276,95476560476.64,2244276,168785,1133.6125238899517,7520.688186301507,13.29665550848713,37.52803844090477,42542.254373633186,498.99739905797315,8104,73662205,87991446625.25,2208323,166105,0.14337163814197518,0.08506638018202639,0.016280679954879806,0.01613437283645891,0.3104090272872342,4.0,0.28704112771877394,0.8217967599410898,0.29455081001472755,0.29896907216494845,0.9204712812960235,57.9013254786,58.3946980854,66.3475699558,0.7083946980854198,DEFEND,199,186,89,180
uttar pradesh,hamirpur,2026,2,8105,uttar pradesh|hamirpur,2026-Q2,13645360,15698613774.15,409645,28965,1150.4726716004561,7070.756386627446,14.14275850163991,33.31020761879188,38322.48355075736,471.0982219920594,8104,12714806,14939300453.97,396164,28518,0.07318664555322352,0.050826564638655425,0.03402883654244193,0.015674310961498072,0.19328034299805164,4.0,0.24354410903770052,0.16936671575846834,0.25920471281296026,0.3711340206185567,0.2533136966126657,25.9057437408,26.3254786451,26.0972017673,0.036818851251840944,MONITOR,655,650,654,601
uttar pradesh,hapur,2026,2,8105,uttar pradesh|hapur,2026-Q2,37094680,40929420499.41,755084,55877,1103.377101498382,7400.1038295077105,13.51332390786907,49.12656075350557,54205.12221078715,663.8631279417292,8104,33618782,40029817103.17,739617,55112,0.10339155059216609,0.02247333266403473,0.020912174814802897,0.013880824502830569,0.23407893036654137,4.0,0.2748881190990277,0.4005891016200295,0.48306332842415317,0.31516936671575846,0.5390279823269514,42.7540500736,43.4462444772,40.530191458,0.3225331369661267,MONITOR,460,453,513,423
uttar pradesh,hardoi,2026,2,8105,uttar pradesh|hardoi,2026-Q2,26448028,30999497263.57,1096682,99254,1172.0910634082056,9050.39017691546,11.049247385495798,24.116405667276386,28266.623564141657,266.46813226670963,8104,24157461,30550033850.44,1068370,98095,0.09481820130021124,0.014712370380025819,0.026500182521036697,0.011815077221061232,0.28348199055577994,4.0,0.29124050666496326,0.7128129602356407,0.055964653902798235,0.09131075110456553,0.7098674521354934,39.263622975,39.2488954345,49.4550810015,0.23858615611192932,MONITOR,518,530,348,474
uttar pradesh,hathras,2026,2,8105,uttar pradesh|hathras,2026-Q2,26681326,29345957065.64,650495,53134,1099.8687646048775,8168.241108694148,12.242537734783754,41.01695785517183,45113.27076401817,502.15165430797606,8104,24632601,29226475068.26,627011,52049,0.08317128183093625,0.004088142586505805,0.037453888368784494,0.02084574151280516,0.3105432285366725,4.0,0.3379971185036314,0.8232695139911634,0.2974963181148748,0.18409425625920472,0.45066273932253315,45.7511045655,43.8880706922,50.6406480118,0.406480117820324,MONITOR,404,434,329,367
uttar pradesh,jalaun,2026,2,8105,uttar pradesh|jalaun,2026-Q2,25987938,29829826452.53,682487,44367,1147.8335238651869,6500.783165100581,15.38276196272004,38.07829013592933,43707.53794948475,585.7492731083913,8104,23619549,28402375598.8,671703,43537,0.10027240570935536,0.05025815001863121,0.016054714658115365,0.019064244206077552,0.27237938695432007,4.0,0.28357942868310615,0.6539027982326951,0.3946980854197349,0.49042709867452133,0.48600883652430044,51.4653902798,50.6259204713,55.471281296,0.5699558173784978,DEVELOP,293,309,243,267
uttar pradesh,jaunpur,2026,2,8105,uttar pradesh|jaunpur,2026-Q2,55014511,63791962418.01,1605649,151304,1159.547931235997,9423.23010819924,10.612072384074446,34.263099220315276,39729.705818650276,363.6024890287104,8104,44426482,53879606991.79,1593438,149167,0.23832697353799026,0.18397230380188945,0.007663304126046988,0.01432622496932967,0.31408398359949374,4.0,0.2762680035403212,0.8394698085419735,0.13991163475699558,0.061855670103092786,0.8556701030927835,47.3416789396,47.4226804124,57.1354933726,0.4491899852724595,DEFEND,374,368,218,339
uttar pradesh,jhansi,2026,2,8105,uttar pradesh|jhansi,2026-Q2,49353339,59042114660.0,1127343,102254,1196.3144917104798,9070.353920678977,11.024928120171339,43.77845872995175,52372.80460339045,482.6543607096055,8104,46693531,57387517787.73,1100570,100548,0.056963094095411115,0.02883199929277591,0.02432648536667359,0.016967020726419202,0.23860383380551853,4.0,0.24656315314225857,0.4256259204712813,0.2695139911634757,0.0898379970544919,0.7216494845360825,36.1855670103,37.6656848306,38.2106038292,0.17083946980854198,MONITOR,564,551,540,516
uttar pradesh,kannauj,2026,2,8105,uttar pradesh|kannauj,2026-Q2,21749809,22799488926.04,669253,66500,1048.2615698390732,9936.45153626506,10.063954887218046,32.498635045341594,34067.0701902569,327.0647969924812,8104,19531972,22972068263.44,646254,65601,0.11354905690014294,-0.0075125728959571925,0.035588174309172604,0.013704059389338497,0.3142307362294601,4.0,0.30386182920378024,0.8438880706921944,0.10603829160530191,0.042709867452135494,0.4683357879234168,38.4020618557,36.5243004418,46.9587628866,0.21354933726067746,MONITOR,535,570,393,490
uttar pradesh,kanpur dehat,2026,2,8105,uttar pradesh|kanpur dehat,2026-Q2,20478974,24560512463.09,582286,41453,1199.3038549240796,7119.010245824217,14.046896485175983,35.169957718372075,42179.465869160515,494.02875545798855,8104,18564811,24178235253.63,564387,40986,0.10310705560105093,0.0158107986563083,0.031714054363406685,0.01139413458254035,0.3248148902163146,4.0,0.3259035089289419,0.8880706921944035,0.2812960235640648,0.3637702503681885,0.39764359351988215,50.7216494845,48.2695139912,58.1958762887,0.5434462444771723,DEVELOP,311,348,198,283
uttar pradesh,kanpur nagar,2026,2,8105,uttar pradesh|kanpur nagar,2026-Q2,82570995,97309405985.35,2597690,221356,1178.4938038514615,8521.263122235525,11.735349391929741,31.786315919143547,37459.97635797574,373.0235231934079,8104,75984056,94981921575.36,2540830,218418,0.08668843632143042,0.024504499081368314,0.022378514107594727,0.013451272331034936,0.25147469366634567,4.0,0.22188371838965654,0.5051546391752577,0.15169366715758467,0.1561119293078056,0.9396170839469808,41.6421207658,43.8144329897,49.1605301915,0.29013254786450665,DEFEND,483,438,354,443
uttar pradesh,kasganj,2026,2,8105,uttar pradesh|kasganj,2026-Q2,19870998,20600642972.36,540645,39844,1036.7190904231384,7369.715802421182,13.569044272663387,36.754243542435425,38103.82593450416,498.71995783555866,8104,17973727,20302624970.96,517567,39263,0.10555801810053089,0.014678791625529986,0.044589396155473526,0.014797646639329587,0.3465429770603834,4.0,0.3937401123706145,0.9455081001472754,0.2916053019145803,0.32106038291605304,0.36818851251840945,51.0456553756,48.1590574374,58.2621502209,0.5537555228276878,DEVELOP,304,354,196,276
uttar pradesh,kaushambi,2026,2,8105,uttar pradesh|kaushambi,2026-Q2,13172520,15708455882.6,437646,28000,1192.5171404256741,6397.864941071094,15.630214285714287,30.09857281912779,35893.06398916019,470.44714285714286,8104,11588991,15167260727.26,422439,27415,0.13664079987636546,0.035681799441036555,0.03599809676663379,0.02133868320262633,0.3673480784909027,4.0,0.3793694830911365,0.9734904270986745,0.25773195876288657,0.508100147275405,0.2857142857142857,54.0648011782,50.6259204713,63.8659793814,0.6318114874815906,DEVELOP,251,309,117,229
uttar pradesh,kushinagar,2026,2,8105,uttar pradesh|kushinagar,2026-Q2,62347702,68203879551.47,1386079,98458,1093.927720888093,7103.34692322732,14.077870767230698,44.981348104978146,49206.34361495268,633.2416055576997,8104,54843245,63647696489.87,1352607,96928,0.13683466395907096,0.07158441409305594,0.024746286245746152,0.015784912512380345,0.3617041100321936,4.0,0.3340725099984423,0.9690721649484536,0.44477172312223856,0.36671575846833576,0.7997054491899853,65.353460972,64.5066273932,71.5905743741,0.8424153166421208,DEFEND,108,114,37,100
uttar pradesh,lakhimpur kheri,2026,2,8105,uttar pradesh|lakhimpur kheri,2026-Q2,30118233,30880976121.35,1504025,119776,1025.3249625019503,7963.697411944615,12.556981365215067,20.025088013829556,20532.222616878043,251.45465702644938,8104,28581588,31981910173.66,1454904,117068,0.05376345778967906,-0.034423649066987916,0.03376236507700847,0.023131854990262157,0.2712100460186464,4.0,0.2936176582578079,0.6480117820324006,0.045655375552282766,0.21502209131075112,0.8306332842415317,42.5699558174,43.4830633284,54.2120765832,0.3136966126656848,DEFEND,467,450,271,429
uttar pradesh,lalitpur,2026,2,8105,uttar pradesh|lalitpur,2026-Q2,19053993,19822244921.31,501972,47339,1040.3197335755294,9430.605691154089,10.603772787764845,37.958278549401165,39488.74622749875,402.5009611525381,8104,18283563,18617412477.33,489051,46614,0.04213784807698584,0.06471535426564223,0.026420557365182784,0.015553267258763492,0.26430894482650347,4.0,0.26870940584173464,0.6038291605301914,0.19145802650957292,0.060382916053019146,0.3402061855670103,31.2150220913,29.8969072165,34.7717231222,0.08247422680412371,MONITOR,624,628,578,573
uttar pradesh,lucknow,2026,2,8105,uttar pradesh|lucknow,2026-Q2,192163913,188217721681.53,4467992,425169,979.4644516919782,9515.885435784128,10.508743581963877,43.00901008775307,42125.79648341582,451.97065872629474,8104,175711947,179243689872.86,4347370,419430,0.09363032099348367,0.050066096134460336,0.027745970552310872,0.01368285530362634,0.27119827982644185,4.0,0.25167675814078994,0.646539027982327,0.23564064801178203,0.05743740795287187,0.9764359351988218,46.2518409426,47.9013254786,52.2827687776,0.4256259204712813,DEFEND,390,363,305,354
uttar pradesh,maharajganj,2026,2,8105,uttar pradesh|maharajganj,2026-Q2,31399123,35506528759.1,969112,75127,1130.812754200173,7752.148358497264,12.899649926125095,32.39989082789192,36638.20978287339,417.94724932447724,8104,27478992,32405365225.82,950770,74145,0.14265919943497196,0.09569907673217792,0.019291731964618197,0.01324431856497399,0.32264489863728807,4.0,0.31659073167336244,0.8762886597938144,0.20913107511045656,0.24889543446244478,0.6597938144329897,50.9351988218,49.852724595,60.2577319588,0.5522827687776142,DEVELOP,305,325,159,277
uttar pradesh,mahoba,2026,2,8105,uttar pradesh|mahoba,2026-Q2,13412438,13862444130.06,346353,31845,1033.5514043054663,9194.37683519415,10.876212906264719,38.7247634638649,40024.03365947458,421.17877217773594,8104,12523124,12982306425.75,333137,31537,0.07101375024315026,0.06779517255610856,0.03967136643483005,0.009766306243460088,0.27387552955713557,4.0,0.3101386782003075,0.6597938144329897,0.2106038291605302,0.08100147275405008,0.21207658321060383,31.3254786451,29.086892489,34.528718704,0.08541973490427099,MONITOR,622,634,583,571
uttar pradesh,mainpuri,2026,2,8105,uttar pradesh|mainpuri,2026-Q2,31602854,32176097350.4,796709,60774,1018.1389741065792,7628.130220695386,13.109372428999244,39.666746578738284,40386.26066782226,520.0061539474117,8104,28798487,31938509480.99,771667,59311,0.09737896994380302,0.007438915380550748,0.03245182183506623,0.024666587985365362,0.3110461510455935,4.0,0.32895423534824875,0.8262150220913107,0.3136966126656848,0.27982326951399117,0.5581737849779087,50.7879234168,49.4477172312,56.7967599411,0.5449189985272459,DEVELOP,309,329,226,282
uttar pradesh,mathura,2026,2,8105,uttar pradesh|mathura,2026-Q2,90335602,97966320831.51,1700916,175515,1084.4707807616094,10318.851724600157,9.69100076916503,53.10997250893048,57596.21335298745,514.6887844343788,8104,82227835,92939830892.87,1692943,171058,0.09860124615952737,0.05408326968481303,0.0047095501738687595,0.026055489950777,0.3246500353943955,4.0,0.33080007901995434,0.8865979381443299,0.30633284241531666,0.026509572901325478,0.8718703976435935,52.3564064801,52.2827687776,58.1885125184,0.5846833578792342,DEFEND,283,282,200,258
uttar pradesh,mau,2026,2,8105,uttar pradesh|mau,2026-Q2,31881391,33940896508.81,846977,78331,1064.5989853080753,9248.303082610271,10.812794423663684,37.641389317537545,40072.984873036694,407.00860451162373,8104,27147212,30650033440.44,834446,77351,0.17438914169160347,0.10736898785983051,0.01501714910251839,0.012669519463226031,0.2981642933583226,4.0,0.3063254863139991,0.780559646539028,0.1958762886597938,0.0780559646539028,0.5920471281296024,42.1060382916,41.1634756996,48.7555228277,0.3004418262150221,MONITOR,476,503,358,437
uttar pradesh,meerut,2026,2,8105,uttar pradesh|meerut,2026-Q2,86313793,105106105853.32,1999429,198558,1217.7208554989584,9930.735224906712,10.069747882230885,43.16922131268477,52568.06110810637,434.70317489096385,8104,77861280,102758557646.33,1975620,193863,0.10855861860991745,0.022845281801927353,0.012051406647027196,0.02421813342411916,0.24493303438753178,4.0,0.26108109130976986,0.47569955817378495,0.21944035346097202,0.044182621502209134,0.9013254786450663,38.8880706922,41.0162002946,43.1075110457,0.23269513991163476,DEFEND,522,504,467,478
uttar pradesh,mirzapur,2026,2,8105,uttar pradesh|mirzapur,2026-Q2,25859376,32209418119.33,875729,77621,1245.5605316744688,8863.586794544888,11.282114376264156,29.528970720394096,36780.12047029389,333.1492250808415,8104,22859519,30450580599.84,859459,76596,0.13123010156075465,0.05776039355713447,0.018930513264739712,0.013381899838111666,0.2934015721660468,4.0,0.27655773063496003,0.7540500736377025,0.11045655375552282,0.11634756995581738,0.6156111929307806,40.6038291605,39.911634757,49.6244477172,0.27245949926362295,MONITOR,495,520,345,454
uttar pradesh,moradabad,2026,2,8105,uttar pradesh|moradabad,2026-Q2,63326492,75825135609.53,1476607,114124,1197.3683242951465,7728.799877015346,12.93861939644597,42.88649044735668,51350.92520185127,554.891977147664,8104,56322125,74622625120.98,1463807,112076,0.12436261948568172,0.016114556230103938,0.008744322168154683,0.018273314536564556,0.24055699295051114,4.0,0.29178510735580937,0.44477172312223856,0.35346097201767307,0.25920471281296026,0.8217967599410898,45.0957290133,46.9808541973,47.4079528719,0.38880706921944036,DEFEND,415,378,385,378
uttar pradesh,muzaffarnagar,2026,2,8105,uttar pradesh|muzaffarnagar,2026-Q2,55654222,65203363585.85,1259729,134717,1171.5798234651452,10694.125482544261,9.350928242166912,44.17951956333465,51759.833730786544,413.1195172101516,8104,50148692,63769349743.6,1253519,131840,0.1097841195937872,0.02248750925038112,0.004954053349011778,0.02182190533980588,0.23159697750745623,4.0,0.26740845291680043,0.3858615611192931,0.20471281296023564,0.022091310751104567,0.7702503681885126,32.6509572901,34.5729013255,35.4639175258,0.10898379970544919,DEFEND,606,592,573,556
uttar pradesh,pilibhit,2026,2,8105,uttar pradesh|pilibhit,2026-Q2,20580232,23095919547.77,681943,53794,1122.2380558086031,7888.342574086104,12.676934230583337,30.178815531503368,33867.81526868082,382.5748596497751,8104,19295333,23579203237.18,666826,53125,0.0665911803647028,-0.02049618405459741,0.02267008185043773,0.012592941176470696,0.3183771178435848,4.0,0.3642110581579468,0.8600883652430045,0.16936671575846834,0.22533136966126657,0.48306332842415317,45.3313696613,43.4462444772,54.3667157585,0.39764359351988215,MONITOR,410,453,269,372
uttar pradesh,pratapgarh,2026,2,8105,uttar pradesh|pratapgarh,2026-Q2,35330680,38096459249.42,1007843,93707,1078.2826497938902,9297.777530825733,10.75525841185824,35.05573784805768,37799.9938972836,377.0335193742196,8104,29516826,34067841682.44,995112,92079,0.1969674517172002,0.1182527970081686,0.012793534798092976,0.017680470031168793,0.3146685007917627,4.0,0.27712440046156767,0.8468335787923417,0.15758468335787923,0.06921944035346098,0.6730486008836525,44.5360824742,43.6671575847,53.1222385862,0.37260677466863035,MONITOR,427,444,290,389
uttar pradesh,prayagraj,2026,2,8105,uttar pradesh|prayagraj,2026-Q2,112729000,114458812998.81,2902034,298785,1015.34488018886,10295.709836618042,9.712783439597034,38.84482400964289,39440.893180028215,377.29136335492075,8104,105128042,110800372488.26,2866703,293954,0.07230190780115553,0.03301830515901605,0.012324611234578509,0.016434544180381927,0.2532790191282004,4.0,0.1993295406424535,0.5198821796759941,0.15905743740795286,0.027982326951399118,0.9587628865979382,39.4477172312,41.6421207658,45.7437407953,0.24447717231222385,DEFEND,514,495,419,471
uttar pradesh,raebareli,2026,2,8105,uttar pradesh|raebareli,2026-Q2,24574273,27740775651.6,823720,61439,1128.8543775679548,7458.723838197446,13.407119256498316,29.833284368474725,33677.43365658233,399.9784013411677,8104,22149624,27055160475.59,796150,60664,0.10946682435783117,0.02534138271434694,0.03462915279783951,0.01277528682579443,0.30348880679745904,4.0,0.2910903633715139,0.801178203240059,0.18998527245949925,0.30927835051546393,0.5743740795287187,48.0044182622,46.8703976436,57.2312223859,0.4742268041237113,MONITOR,358,380,215,325
uttar pradesh,rampur,2026,2,8105,uttar pradesh|rampur,2026-Q2,37111982,45917532683.87,865393,58423,1237.2697498039852,6751.036812176664,14.812539582013933,42.884541474220384,53059.745900267284,635.2289680434076,8104,32398723,44194610924.98,854626,56611,0.14547669054734036,0.03898488351474905,0.012598493376049902,0.03200791365635647,0.2968108333935522,4.0,0.34127279289731594,0.7746686303387335,0.4477172312223859,0.43446244477172313,0.6067746686303387,57.4300441826,56.5905743741,61.3622974963,0.6966126656848306,DEVELOP,207,222,143,188
uttar pradesh,saharanpur,2026,2,8105,uttar pradesh|saharanpur,2026-Q2,72908360,88561453963.17,1662653,178814,1214.6954610303949,10754.739563817586,9.29822608967978,43.85061705599424,53265.145501298226,407.7329515586028,8104,65448916,86393438115.29,1630192,176336,0.11397353013455569,0.02509468190149855,0.019912378419229215,0.014052717539243309,0.26298919455612557,4.0,0.2735522521745984,0.5861561119293078,0.19734904270986744,0.01914580265095729,0.8600883652430045,40.1988217968,41.5684830633,45.618556701,0.2650957290132548,DEFEND,500,496,423,458
uttar pradesh,sambhal,2026,2,8105,uttar pradesh|sambhal,2026-Q2,32083316,37791415530.99,819195,94285,1177.914886696562,11509.46966229042,8.688497640133637,39.164443142353164,46132.38060655887,340.2801718194835,8104,29013335,38413498005.13,793756,92816,0.10581275816792513,-0.016194371938138108,0.03204889159892965,0.01582701258403718,0.2953872024127242,4.0,0.34309487856783843,0.7687776141384389,0.11929307805596466,0.005891016200294551,0.5684830633284241,37.5625920471,36.5611192931,45.1693667158,0.19734904270986744,MONITOR,546,568,429,500
uttar pradesh,sant kabir nagar,2026,2,8105,uttar pradesh|sant kabir nagar,2026-Q2,20392963,24114392169.53,586802,46027,1182.4859472127714,7843.701964205984,12.74908206052969,34.75271556674994,41094.59778516433,443.06522258674255,8104,16702806,20814447429.25,586200,45116,0.22093036343713734,0.15854106872146279,0.0010269532582736218,0.02019239294263686,0.32156897409498475,4.0,0.30660487995871966,0.8733431516936672,0.22974963181148747,0.2341678939617084,0.4050073637702504,45.8983799705,43.5567010309,53.2547864507,0.4108983799705449,MONITOR,401,449,288,364
uttar pradesh,shahjahanpur,2026,2,8105,uttar pradesh|shahjahanpur,2026-Q2,27340701,32967006288.26,1011541,88410,1205.784968288121,8740.130157848273,11.441477208460581,27.02876205709902,32590.87499988631,309.2489650492026,8104,25574358,32724837570.67,980999,87158,0.06906695370417504,0.007400150331289934,0.031133568943495282,0.014364716950824974,0.32768060533690613,4.0,0.34278657271229046,0.9027982326951399,0.09425625920471281,0.13107511045655376,0.6745213549337261,46.2076583211,45.0662739323,57.5625920471,0.42415316642120765,MONITOR,392,419,209,356
uttar pradesh,shamli,2026,2,8105,uttar pradesh|shamli,2026-Q2,27887933,32977626856.72,602945,68105,1182.5052382591425,11295.391785320386,8.853167902503488,46.25286385988772,54694.2537988042,409.4843697232215,8104,25442178,32152520383.53,591535,66437,0.09612993824663918,0.025662264212813035,0.019288799479320717,0.025106491864473002,0.248468084614895,4.0,0.29458668929986215,0.4889543446244477,0.20176730486008837,0.007363770250368188,0.4167893961708395,28.2326951399,27.8718703976,30.235640648,0.05891016200294551,MONITOR,640,643,627,586
uttar pradesh,shravasti,2026,2,8105,uttar pradesh|shravasti,2026-Q2,4975721,5880719536.27,267873,29805,1181.8828942117134,11126.541308754522,8.98751887267237,18.574925431081148,21953.38662825294,166.94249287032378,8104,4460521,5514316940.59,257636,29104,0.11550220254539778,0.06644569030535208,0.03973435389464197,0.02408603628367234,0.346710523822902,4.0,0.33811683869037273,0.946980854197349,0.010309278350515464,0.013254786450662739,0.15169366715758467,32.0324005891,28.0559646539,42.1354933726,0.09867452135493372,MONITOR,613,641,481,562
uttar pradesh,siddharthnagar,2026,2,8105,uttar pradesh|siddharthnagar,2026-Q2,36272308,42057498055.47,830190,52702,1159.4932987299844,6348.185355159662,15.752533110697886,43.691574217950105,50660.087516676904,688.2529695267732,8104,28885001,33935646528.44,829384,51869,0.255748891959533,0.23933097960056338,0.0009718055810095105,0.016059688831479235,0.32648515102226305,4.0,0.34403377216578945,0.8939617083946981,0.5154639175257731,0.5184094256259205,0.5817378497790869,64.3004418262,62.7393225331,68.4462444772,0.8247422680412371,EXPAND,120,136,63,110
uttar pradesh,sitapur,2026,2,8105,uttar pradesh|sitapur,2026-Q2,27065106,28882757584.34,1345990,108914,1067.158487549984,8091.7391659670575,12.358282681748904,20.107954739634025,21458.37456767138,248.49978882420993,8104,25588163,29222063414.12,1306289,106376,0.05771977456920219,-0.011611289215670118,0.03039220264428466,0.023858765134992854,0.3267825387179757,4.0,0.3436139018032467,0.8954344624447718,0.044182621502209134,0.19145802650957292,0.7908689248895434,48.5714285714,48.0486008837,62.2901325479,0.48600883652430044,DEFEND,350,358,133,317
uttar pradesh,sonbhadra,2026,2,8105,uttar pradesh|sonbhadra,2026-Q2,32043554,35440286675.1,746953,59854,1106.0036185468066,8013.087838190622,12.479583653556988,42.89902309783882,47446.47477833277,535.361947405353,8104,29911596,34859592328.18,733787,57510,0.07127530072283683,0.01665809345826963,0.0179425364581276,0.040758129021039924,0.2644634690101315,4.0,0.26837643660168303,0.605301914580265,0.33431516936671574,0.20765832106038293,0.5331369661266568,42.3711340206,42.0103092784,44.8085419735,0.30927835051546393,MONITOR,470,483,439,432
uttar pradesh,sultanpur,2026,2,8105,uttar pradesh|sultanpur,2026-Q2,29338089,33125987141.95,844802,74816,1129.1119589265,8856.03964005767,11.291729041916168,34.72776934713696,39211.53967669347,392.1365616980325,8104,25064523,30468241930.99,830107,73411,0.17050258646454197,0.08723001533792929,0.01770253714280212,0.019138821157592245,0.34545500322421185,4.0,0.2883677698948716,0.9440353460972017,0.1796759941089838,0.11782032400589101,0.5905743740795287,47.5699558174,45.8026509573,56.6494845361,0.45949926362297494,MONITOR,368,401,227,332
uttar pradesh,unnao,2026,2,8105,uttar pradesh|unnao,2026-Q2,20661240,25223708093.62,887209,63425,1220.8225689077713,7148.822881643446,13.988316909735909,23.287906231789805,28430.401510376923,325.75861253448954,8104,18340824,23725653020.18,856149,62841,0.1265164531320948,0.06314073092807271,0.036278731856254076,0.009293295778233901,0.28942366595721425,4.0,0.2731928245374682,0.7393225331369662,0.10456553755522828,0.35640648011782033,0.6273932253313697,46.2518409426,45.6921944035,57.7319587629,0.4256259204712813,MONITOR,390,402,204,355
uttar pradesh,varanasi,2026,2,8105,uttar pradesh|varanasi,2026-Q2,92690252,106481545483.72,2544739,202209,1148.7890386113095,7946.158721975024,12.584697021398652,36.4242666929693,41843.79831633814,458.38836055764085,8104,85002819,102828742145.29,2505266,199502,0.09043738890589026,0.035523174379288314,0.015756011537297887,0.013568786277831757,0.31527492775514876,4.0,0.2662482368070455,0.8497790868924889,0.24005891016200295,0.21649484536082475,0.9366715758468336,55.6406480118,56.0751104566,64.9852724595,0.6686303387334315,DEFEND,226,232,102,206
uttarakhand,almora,2026,2,8105,uttarakhand|almora,2026-Q2,4086066,4802358324.47,180992,6989,1175.3012125770852,3861.4966407355023,25.896694806123907,22.57594810820368,26533.539186649134,584.642438117041,8104,3120835,3798879769.55,177233,6899,0.309286136562811,0.26415117502886076,0.02120936845846999,0.01304536889404262,0.09030929221498107,4.0,0.13029330835108843,0.005891016200294551,0.3917525773195876,0.9204712812960235,0.06921944035346098,34.3667157585,34.6833578792,34.1826215022,0.14285714285714285,MONITOR,582,591,585,534
uttarakhand,dehradun,2026,2,8105,uttarakhand|dehradun,2026-Q2,77212838,76315776283.85,1944680,155822,988.3819616091563,8012.732171874036,12.480137592894456,39.70464960816175,39243.359464719135,495.5194901875217,8104,66792505,67174939611.81,1912974,153054,0.15601051345506511,0.13607510069771567,0.01657419285364048,0.01808512028434417,0.22330825941959076,4.0,0.19682751694995138,0.33726067746686306,0.28424153166421207,0.20913107511045656,0.898379970544919,40.4197349043,43.2253313697,43.2695139912,0.2695139911634757,DEFEND,497,460,464,456
uttarakhand,haridwar,2026,2,8105,uttarakhand|haridwar,2026-Q2,64545515,63420640754.69,1508985,139663,982.5723871703557,9255.426660967472,10.804472193780743,42.774126316696325,42028.67540412264,462.15185840201053,8104,53732793,56089148625.18,1489857,136916,0.20123134116627805,0.13071141761311544,0.012838816074294268,0.020063396535101807,0.25606966570520884,4.0,0.2363118564498321,0.540500736377025,0.24447717231222385,0.07658321060382917,0.8365243004418262,40.972017673,42.4521354934,45.2135493373,0.27835051546391754,DEFEND,491,474,427,451
uttarakhand,nainital,2026,2,8105,uttarakhand|nainital,2026-Q2,21564039,23316227315.98,653240,54087,1081.2551079127616,8279.805278305064,12.077578715772736,33.01089798542649,35693.20206352948,398.69171889733207,8104,17976343,20044182223.06,641975,53436,0.1995787463556964,0.16324163572787942,0.017547412282409747,0.012182798113631321,0.2068081113655107,4.0,0.19809575327858842,0.24300441826215022,0.18556701030927836,0.17673048600883653,0.4565537555228277,25.4786450663,26.5463917526,27.3195876289,0.033873343151693665,MONITOR,657,648,647,603
uttarakhand,pauri garhwal,2026,2,8105,uttarakhand|pauri garhwal,2026-Q2,7748054,8098743702.99,265938,12088,1045.2616493109108,4545.420361136807,22.000165453342156,29.134813377554167,30453.503083387855,640.9707147584381,8104,5710062,6285083732.95,264111,11737,0.35691241180918887,0.28856576095108455,0.006917546031782074,0.029905427281247343,0.18972860465062724,4.0,0.17079748500923098,0.1561119293078056,0.4536082474226804,0.8409425625920471,0.14580265095729014,39.9631811487,39.911634757,39.322533137,0.2547864506627393,MONITOR,506,520,527,465
uttarakhand,pithoragarh,2026,2,8105,uttarakhand|pithoragarh,2026-Q2,3890802,4621153366.78,172416,8496,1187.7122934500392,4927.61692650334,20.293785310734464,22.56636275055679,26802.346457289346,457.9569209039548,8104,3203989,3858732590.41,168258,8167,0.21436184706002415,0.19758321119862599,0.024712049352779708,0.04028407003795764,0.10766915589379167,4.0,0.15676260470975278,0.011782032400589101,0.23858615611192932,0.8041237113402062,0.060382916053019146,27.6288659794,27.8718703976,30.1251840943,0.050073637702503684,MONITOR,646,643,629,592
uttarakhand,udham singh nagar,2026,2,8105,uttarakhand|udham singh nagar,2026-Q2,43576307,44579270574.55,1249806,87601,1023.0162591462833,7009.167822846106,14.267028915195032,34.86645687410686,35668.95228103402,497.4407483932832,8104,39405152,42991763189.53,1218612,86137,0.10585303667906176,0.03692584968012236,0.02559797540152231,0.016996180503151992,0.20141545793054605,4.0,0.2133578506302538,0.21649484536082475,0.29013254786450665,0.3784977908689249,0.7673048600883653,38.5567010309,41.3107511046,41.0898379971,0.21944035346097202,DEFEND,531,499,504,487
west bengal,alipurduar,2026,2,8105,west bengal|alipurduar,2026-Q2,22512831,24404111198.8,621707,56482,1084.0089901976344,9084.986979397047,11.007170425976417,36.21131980177157,39253.396212042004,398.5841684076343,8104,21314505,25381464408.19,609079,55330,0.05622115080786538,-0.03850657289398285,0.020732942688879374,0.020820531357310657,0.29143108135922,4.0,0.3168604158651757,0.7452135493372607,0.18409425625920472,0.08541973490427099,0.43151693667157587,37.7245949926,36.1561119293,43.5861561119,0.20029455081001474,MONITOR,544,574,458,498
west bengal,bankura,2026,2,8105,west bengal|bankura,2026-Q2,40102940,46614138632.21,1239593,103002,1162.3621268717454,8309.340243128188,12.034649812624998,32.35169930775666,37604.390015279205,389.3413720121939,8104,39070291,50435007728.9,1213817,101707,0.026430542838802973,-0.07575827324599749,0.021235491017179697,0.012732653602996802,0.2591188371593298,4.0,0.3399491651982892,0.5625920471281296,0.17673048600883653,0.1723122238586156,0.7614138438880707,40.8321060383,41.8262150221,47.5699558174,0.2768777614138439,DEFEND,492,488,384,452
west bengal,cooch behar,2026,2,8105,west bengal|cooch behar,2026-Q2,49830577,53502404660.88,1223787,110248,1073.6862360811112,9008.75724288622,11.10031020970902,40.71834150877563,43718.722834022585,451.9862219722807,8104,45890104,54449862533.11,1217403,107081,0.08586759794660748,-0.017400555816901697,0.005243949620626909,0.029575741728224525,0.32712975492727514,4.0,0.3691524157941541,0.9013254786450663,0.23711340206185566,0.09572901325478646,0.7555228276877761,50.471281296,49.7422680412,58.2916053019,0.5257731958762887,DEFEND,323,327,195,293
west bengal,dakshin dinajpur,2026,2,8105,west bengal|dakshin dinajpur,2026-Q2,20664951,28382801994.16,651149,71119,1373.475407425839,10922.077742575048,9.155767094587944,31.736132590236643,43588.79763949572,290.5686384791687,8104,19350686,28978093499.27,649995,69055,0.06791826398299272,-0.02054281124895252,0.0017753982722943373,0.02988921873868655,0.36095585230515126,4.0,0.4059836224876754,0.9661266568483063,0.08100147275405008,0.016200294550810016,0.4521354933726068,40.4565537555,37.8865979381,50.5154639175,0.2709867452135493,MONITOR,496,550,332,455
west bengal,darjeeling,2026,2,8105,west bengal|darjeeling,2026-Q2,43173444,51509108295.92,1141432,73322,1193.0738788390381,6423.68533561351,15.56738768718802,37.82392994063597,45126.74280721059,588.8197812389187,8104,38629826,47605904177.93,1112881,71473,0.11761942701994044,0.08198991670028022,0.02565503409618808,0.02586990891665386,0.3429870127931005,4.0,0.34774088410570997,0.93519882179676,0.39764359351988215,0.5051546391752577,0.7290132547864506,65.206185567,64.175257732,73.3136966127,0.8379970544918999,EXPAND,111,117,26,103
west bengal,hooghly,2026,2,8105,west bengal|hooghly,2026-Q2,87725602,110505245954.49,2429162,185273,1259.669280519614,7627.033520201617,13.111257441721136,36.11352474639403,45491.09773431743,473.49372007793903,8104,82383693,111378129713.23,2375255,182191,0.06484182494708035,-0.00783711991741498,0.0226952474576414,0.016916313099988534,0.2997959678820361,4.0,0.3253800959921932,0.7864506627393225,0.2621502209131075,0.2812960235640648,0.9337260677466863,55.854197349,56.5905743741,64.646539028,0.6715758468335787,DEFEND,224,222,105,204
west bengal,howrah,2026,2,8105,west bengal|howrah,2026-Q2,97633524,121047492804.02,2608014,179662,1239.8148488834636,6888.843388110647,14.516224911222183,37.435966217972755,46413.66679934234,543.4289053890083,8104,93374670,126341619699.2,2537395,177627,0.04561037806077395,-0.041903269150613154,0.027831299423227263,0.011456591621769263,0.26592979582844056,4.0,0.32268625342824353,0.6170839469808542,0.3387334315169367,0.39911634756995584,0.9425625920471281,55.8100147275,57.4374079529,62.2164948454,0.6701030927835051,DEFEND,225,205,134,205
west bengal,jalpaiguri,2026,2,8105,west bengal|jalpaiguri,2026-Q2,30674417,32880174686.24,849446,49094,1071.9087077104025,5779.531600596153,17.302440216727096,36.11108534268217,38707.78682369451,624.8098953028883,8104,28292533,32320046910.26,828261,47371,0.08418772543271391,0.01733066098373115,0.025577686260731758,0.036372464165839835,0.3025933714976028,4.0,0.33257387389302634,0.7997054491899853,0.43446244477172313,0.6480117820324006,0.593519882179676,62.9234167894,61.8924889543,69.5066273932,0.7908689248895434,EXPAND,143,147,53,132
west bengal,jhargram,2026,2,8105,west bengal|jhargram,2026-Q2,12585118,13246347493.36,364140,27224,1052.5405874907174,7476.2454001208325,13.375697913605642,34.561207227989236,36377.073360136215,462.28026741110784,8104,12410902,14286444973.05,354194,26833,0.014037335884208968,-0.07280309983708633,0.02808065636346191,0.014571609585212197,0.22539906642700935,4.0,0.303683769192136,0.3446244477172312,0.24594992636229748,0.30486008836524303,0.22385861561119294,28.5861561119,27.9823269514,30.0515463918,0.061855670103092786,MONITOR,638,642,630,585
west bengal,kalimpong,2026,2,8105,west bengal|kalimpong,2026-Q2,3031832,3556603728.07,102778,2898,1173.0873373161837,2819.669579092802,35.465148378191856,29.49884216466559,34604.71820885793,1046.1808143547273,8104,2658589,3118318340.34,101385,2832,0.14039138806336737,0.14055184233762752,0.013739705084578668,0.02330508474576276,0.3001541231149507,4.0,0.37470046481343944,0.7908689248895434,0.7628865979381443,0.9690721649484536,0.0014727540500736377,67.0544918999,63.1075110457,65.58910162,0.865979381443299,EXPAND,92,130,96,85
west bengal,kolkata,2026,2,8105,west bengal|kolkata,2026-Q2,178593980,211557401967.33,3957483,313504,1184.5718538067745,7921.802822652681,12.623389175257731,45.12817363965935,53457.56430724528,569.6704986220271,8104,175338559,222317197494.42,3836575,308888,0.01856648656500015,-0.04839839494360343,0.03151456702918609,0.014943927896195364,0.21806376890622658,4.0,0.25267269829867145,0.30486008836524303,0.3784977908689249,0.22091310751104565,0.9705449189985272,43.5419734904,46.8703976436,44.1899852725,0.3402061855670103,DEFEND,449,380,448,411
west bengal,nadia,2026,2,8105,west bengal|nadia,2026-Q2,94303859,128549402716.23,2331051,198519,1363.140427967322,8516.287288437705,11.742206035694316,40.45551084038917,55146.54236060472,475.03694356711446,8104,89659450,133169660755.21,2305039,194373,0.051800551977510434,-0.03469452435921483,0.011284841601378437,0.021330123010911972,0.2756905721748073,4.0,0.33415109199084214,0.6701030927835051,0.2650957290132548,0.15758468335787923,0.9278350515463918,49.2268041237,50.5154639175,55.5154639175,0.4963181148748159,DEFEND,343,312,242,310
west bengal,north twenty four parganas,2026,2,8105,west bengal|north twenty four parganas,2026-Q2,270929160,304165799886.48,6080783,526367,1122.6764955329281,8656.237198400271,11.552363655016366,44.554979186068635,50020.82789115809,514.71532219915,8104,262627430,311811568599.9,5942599,518452,0.031610292953786256,-0.02452047801738455,0.023253125442251887,0.01526660134400104,0.22978678936085006,4.0,0.2762553271093944,0.374079528718704,0.3078055964653903,0.13696612665684832,0.9867452135493373,42.0765832106,45.1399116348,44.4256259205,0.2974963181148748,DEFEND,478,415,444,439
west bengal,paschim bardhaman,2026,2,8105,west bengal|paschim bardhaman,2026-Q2,77353246,80344969026.41,1737895,127430,1038.6761148512114,7332.433777644795,13.638036569096759,44.509735053038305,46231.198677946595,607.0253943341443,8104,74395636,81970905080.7,1692394,124670,0.03975515445556521,-0.01983552643086306,0.026885583380702238,0.02213844549610977,0.2515318649211924,4.0,0.2848093322546376,0.5066273932253313,0.4182621502209131,0.3269513991163476,0.8762886597938144,51.3549337261,53.2032400589,53.6156111929,0.5655375552282769,DEFEND,296,265,281,269
west bengal,paschim medinipur,2026,2,8105,west bengal|paschim medinipur,2026-Q2,83507774,101267331357.65,1918896,153294,1212.6695097590555,7988.655977186882,12.517750205487495,43.51865551858985,52773.746653101574,544.7556590603676,8104,80200547,104724705146.83,1877594,151557,0.041236963134428484,-0.033013927175374436,0.021997300800918662,0.011461034462281416,0.2405595189929437,4.0,0.30234286574454017,0.44624447717231225,0.34167893961708395,0.2106038291605302,0.8969072164948454,45.1325478645,47.3858615611,47.6435935199,0.3917525773195876,DEFEND,413,370,382,376
west bengal,purba bardhaman,2026,2,8105,west bengal|purba bardhaman,2026-Q2,65138355,86934831042.26,1848710,171963,1334.618153041476,9301.783405726155,10.750626588277711,35.23449053664447,47024.59068337381,378.79285078766947,8104,61792628,90619423152.71,1819445,169436,0.05414443612917719,-0.040660070239476265,0.016084575241350985,0.01491418588729676,0.2660069180065481,4.0,0.3368996944502573,0.6185567010309279,0.16053019145802652,0.06774668630338733,0.8910162002945509,42.0839469809,43.4462444772,49.3888070692,0.29896907216494845,DEFEND,477,453,349,438
west bengal,purba medinipur,2026,2,8105,west bengal|purba medinipur,2026-Q2,98690655,138073280768.42,2152939,166868,1399.0512148127907,7750.707288966385,12.902048325622648,45.8399680622628,64132.46300448829,591.4294831843133,8104,92189626,141547798377.63,2142141,165052,0.0705180103453289,-0.024546602978171794,0.0050407512857464365,0.011002593122167559,0.23758827209997713,4.0,0.31020339709737954,0.422680412371134,0.4005891016200295,0.2503681885125184,0.9116347569955817,47.1870397644,49.6318114875,48.4609720177,0.44477172312223856,DEFEND,378,328,365,342
west bengal,purulia,2026,2,8105,west bengal|purulia,2026-Q2,35421506,32741927784.59,998795,86277,924.351657566169,8638.108921250107,11.576607902453725,35.46424040969368,32781.42940702547,410.5556057813786,8104,33834853,34411911714.24,982594,85393,0.04689404147847198,-0.048529240209544744,0.01648798995312406,0.0103521365919923,0.2576099028699199,4.0,0.29588813517900314,0.5537555228276878,0.203240058910162,0.14138438880706922,0.6701030927835051,38.6303387334,39.2120765832,43.8512518409,0.22238586156111928,MONITOR,529,532,452,485
west bengal,south twenty four parganas,2026,2,8105,west bengal|south twenty four parganas,2026-Q2,118227823,154834767040.57,3352814,238625,1309.6305346041092,7117.155917387603,14.050556312205343,35.262267158273616,46180.541789842806,495.45447040335256,8104,113529625,165391055855.79,3301082,233893,0.0413830134645472,-0.06382623752293104,0.015671225373983466,0.020231473366026265,0.2951410142375459,4.0,0.3584470413906102,0.7673048600883653,0.28276877761413843,0.36524300441826213,0.9690721649484536,58.6008836524,59.6097201767,67.7025036819,0.7245949926362297,DEFEND,187,174,69,170
