state,year,quarter,period_id,period_label,transaction_count,transaction_amount,registered_users,registered_merchants,average_transaction_value,merchants_per_100k_users,users_per_merchant,transactions_per_registered_user,tpv_per_registered_user,transactions_per_merchant,prior_period_id,prior_transactions,prior_tpv,prior_users,prior_merchants,transaction_qoq,tpv_qoq,user_qoq,merchant_qoq,transaction_yoy
andaman & nicobar islands,2018,1,8072,2018-Q1,9089,18569126.2,9292,,2043.0329189129716,,,0.9781532501076194,1998.3992897115797,,,,,,,,,,,
andaman & nicobar islands,2018,2,8073,2018-Q2,15062,35517275.86,12739,,2358.071694330102,,,1.1823534029358662,2788.07409215794,,8072.0,9089.0,18569126.2,9292.0,,0.6571680052811091,0.9127058256516132,0.3709642703400775,,
andaman & nicobar islands,2018,3,8074,2018-Q3,21154,67343424.71,15949,,3183.484197314928,,,1.3263527493886764,4222.423017744059,,8073.0,15062.0,35517275.86,12739.0,,0.40446155888992164,0.8960751656588337,0.2519821022058246,,
andaman & nicobar islands,2018,4,8075,2018-Q4,31139,107983057.52,20050,,3467.775378785446,,,1.553067331670823,5385.688654364089,,8074.0,21154.0,67343424.71,15949.0,,0.4720147489836437,0.6034684601355791,0.2571321085961502,,
andaman & nicobar islands,2019,1,8076,2019-Q1,40726,126352730.02,24369,5.0,3102.5077351077935,20.517871065698223,4873.8,1.6712216340432517,5184.978046698674,8145.2,8075.0,31139.0,107983057.52,20050.0,,0.3078775811683099,0.17011624713995221,0.2154114713216957,,3.4808009682033223
andaman & nicobar islands,2019,2,8077,2019-Q2,46764,163354796.04,28099,9.0,3493.1741519117268,32.029609594647496,3122.1111111111113,1.6642585145378839,5813.544825082743,5196.0,8076.0,40726.0,126352730.02,24369.0,5.0,0.14825909738250753,0.29284738061570215,0.15306331815010865,0.8,2.104766963218696
andaman & nicobar islands,2019,3,8078,2019-Q3,40623,151428296.95,31181,22.0,3727.6492861187007,70.55578717808922,1417.3181818181818,1.3028126102434174,4856.428496520317,1846.5,8077.0,46764.0,163354796.04,28099.0,9.0,-0.1313189633051065,-0.0730097883816011,0.10968361863411502,1.4444444444444446,0.9203460338470266
andaman & nicobar islands,2019,4,8079,2019-Q4,41665,170840663.9,33871,34.0,4100.339947197888,100.3808567801364,996.2058823529412,1.2301083522777598,5043.86241622627,1225.4411764705883,8078.0,40623.0,151428296.95,31181.0,22.0,0.025650493562759946,0.12819510845063364,0.08627048523139091,0.5454545454545454,0.3380326921224188
andaman & nicobar islands,2020,1,8080,2020-Q1,49104,181027348.66,36875,55.0,3686.611043092212,149.15254237288136,670.4545454545455,1.3316338983050848,4909.216234847458,892.8,8079.0,41665.0,170840663.9,33871.0,34.0,0.1785431417256691,0.05962681558040939,0.08868943934339102,0.6176470588235294,0.20571625006138583
andaman & nicobar islands,2020,2,8081,2020-Q2,78685,197252557.32,41393,67.0,2506.8635358708775,161.86311695214167,617.8059701492538,1.900925277220786,4765.360261880028,1174.402985074627,8080.0,49104.0,181027348.66,36875.0,55.0,0.6024152818507658,0.08962849414799567,0.12252203389830507,0.21818181818181825,0.6825977247455308
andaman & nicobar islands,2020,3,8082,2020-Q3,143989,392083841.72,50005,76.0,2723.0124642854666,151.98480151984802,657.9605263157895,2.8794920507949207,7840.892745125488,1894.592105263158,8081.0,78685.0,197252557.32,41393.0,67.0,0.8299421744932325,0.987725011260199,0.20805450196893194,0.13432835820895517,2.5445191147871897
andaman & nicobar islands,2020,4,8083,2020-Q4,272005,732159322.5,61520,187.0,2691.712735060017,303.9661898569571,328.98395721925135,4.42140767230169,11901.159338426529,1454.572192513369,8082.0,143989.0,392083841.72,50005.0,76.0,0.8890679149101668,0.8673539804347741,0.23027697230276978,1.460526315789474,5.52838113524541
andaman & nicobar islands,2021,1,8084,2021-Q1,316270,962447873.37,69111,329.0,3043.1209832421664,476.0457814240859,210.06382978723406,4.576261376626007,13926.117020011287,961.306990881459,8083.0,272005.0,732159322.5,61520.0,187.0,0.16273597911803095,0.31453338609917103,0.12339076723016906,0.7593582887700534,5.440819485174324
andaman & nicobar islands,2021,2,8085,2021-Q2,457972,1105731027.18,77369,406.0,2414.4074903705905,524.7579780015252,190.564039408867,5.919321692150603,14291.654631441534,1128.0098522167489,8084.0,316270.0,962447873.37,69111.0,329.0,0.4480412305941126,0.14887367697982,0.11948893808510941,0.23404255319148937,4.820321535235433
andaman & nicobar islands,2021,3,8086,2021-Q3,587428,1530805193.85,85547,589.0,2605.945228776973,688.5104094825067,145.24108658743634,6.866728231264685,17894.31767157235,997.3310696095076,8085.0,457972.0,1105731027.18,77369.0,406.0,0.28267230311023384,0.3844281802909042,0.10570124985459284,0.4507389162561577,3.079672752779726
andaman & nicobar islands,2021,4,8087,2021-Q4,722741,2012194678.69,94375,1110.0,2784.1158571189403,1176.158940397351,85.02252252252252,7.658182781456953,21321.268118569536,651.118018018018,8086.0,587428.0,1530805193.85,85547.0,589.0,0.23034822991072956,0.3144681549121857,0.10319473505792143,0.8845500848896435,1.6570871858973182
andaman & nicobar islands,2022,1,8088,2022-Q1,998495,2453419279.59,102605,1618.0,2457.117241037762,1576.9212026704352,63.41470951792336,9.731445835972906,23911.303343794163,617.1168108776267,8087.0,722741.0,2012194678.69,94375.0,1110.0,0.3815391682497602,0.2192753045084339,0.08720529801324495,0.45765765765765765,2.1570967843930817
andaman & nicobar islands,2022,2,8089,2022-Q2,1419556,3229468164.91,111074,2036.0,2274.984688811149,1833.012226083512,54.55500982318271,12.78027261105209,29074.924508975997,697.2278978388998,8088.0,998495.0,2453419279.59,102605.0,1618.0,0.4216956519561941,0.316313192684166,0.08253983723990066,0.2583436341161929,2.0996567475740875
andaman & nicobar islands,2022,3,8090,2022-Q3,1876971,3727232315.1,119671,2469.0,1985.769793513059,2063.1564873695384,48.469420818145,15.68442646923649,31145.6603111865,760.2150668286756,8089.0,1419556.0,3229468164.91,111074.0,2036.0,0.32222399116343414,0.1541319266120933,0.07739885121630619,0.21267190569744598,2.1952358416691067
andaman & nicobar islands,2022,4,8091,2022-Q4,2263155,4313612056.4,127606,2740.0,1906.0170675009,2147.23445606006,46.57153284671533,17.73549049417739,33804.14758240208,825.9689781021898,8090.0,1876971.0,3727232315.1,119671.0,2469.0,0.20574851715876274,0.15732309975002656,0.06630679111898452,0.1097610368570272,2.1313499580070867
andaman & nicobar islands,2023,1,8092,2023-Q1,2449897,4656305779.67,134328,2880.0,1900.612874610647,2144.0057173485798,46.641666666666666,18.238170746233102,34663.7021296379,850.6586805555555,8091.0,2263155.0,4313612056.4,127606.0,2740.0,0.0825140125179229,0.07944472492874133,0.05267777377239313,0.051094890510948954,1.4535896524269023
andaman & nicobar islands,2023,2,8093,2023-Q2,2939168,5236683780.98,141172,3030.0,1781.689165430489,2146.3179667356135,46.591419141914194,20.819765959255378,37094.35143640381,970.0224422442244,8092.0,2449897.0,4656305779.67,134328.0,2880.0,0.19971084498654434,0.12464344670919192,0.050949913644214195,0.05208333333333326,1.0704840104934217
andaman & nicobar islands,2023,3,8094,2023-Q3,3294013,5429583227.21,148091,3143.0,1648.318700384607,2122.3436940799916,47.11772192173083,22.24316805207609,36663.82985603446,1048.0474069360484,8093.0,2939168.0,5236683780.98,141172.0,3030.0,0.12072974392753322,0.036836183794527466,0.04901113535261947,0.0372937293729374,0.7549621171557792
andaman & nicobar islands,2023,4,8095,2023-Q4,3921213,6538722461.52,155470,3205.0,1667.5254472327824,2061.4909628867304,48.50858034321373,25.22166977551939,42057.77617238052,1223.4673946957878,8094.0,3294013.0,5429583227.21,148091.0,3143.0,0.19040604879215706,0.20427704814462033,0.04982747094691775,0.01972637607381489,0.7326312161562067
andaman & nicobar islands,2024,1,8096,2024-Q1,4328346,7073085032.74,162750,3255.0,1634.1311514236615,2000.0,50.0,26.595059907834102,43459.8158693702,1329.752995391705,8095.0,3921213.0,6538722461.52,155470.0,3205.0,0.10382833067216701,0.08172277908485825,0.046825754164790734,0.015600624024961096,0.7667461121834918
andaman & nicobar islands,2024,2,8097,2024-Q2,4795590,7495263210.12,170651,3440.0,1562.9491282866134,2015.8100450627303,49.6078488372093,28.10173980814645,43921.58973647971,1394.0668604651162,8096.0,4328346.0,7073085032.74,162750.0,3255.0,0.10794978035489766,0.05968798274385434,0.0485468509984639,0.056835637480798784,0.6316147971126522
andaman & nicobar islands,2024,3,8098,2024-Q3,5294506,7666206641.66,178309,3739.0,1447.9550389894732,2096.921636036319,47.68895426584648,29.6928702421078,42993.94108912057,1416.021930997593,8097.0,4795590.0,7495263210.12,170651.0,3440.0,0.10403641679126041,0.02280686171356794,0.04487521315433263,0.08691860465116275,0.6073118108519913
andaman & nicobar islands,2024,4,8099,2024-Q4,6079801,8934732725.34,184669,4041.0,1469.576508398877,2188.239498778896,45.69883692155407,32.922694117583355,48382.41786840239,1504.528829497649,8098.0,5294506.0,7666206641.66,178309.0,3739.0,0.14832261971182947,0.16546985268914183,0.03566841830754486,0.08077025942765448,0.5504898611730604
andaman & nicobar islands,2025,1,8100,2025-Q1,6332082,9162142602.95,190713,4344.0,1446.9399800808014,2277.7681647292006,43.902624309392266,33.20215192461971,48041.52104444899,1457.6616022099447,8099.0,6079801.0,8934732725.34,184669.0,4041.0,0.04149494366674178,0.02545234251552242,0.03272882833610402,0.07498144023756503,0.46293341613632544
andaman & nicobar islands,2025,2,8101,2025-Q2,6375269,8893455438.41,196844,4589.0,1394.9929702432948,2331.287720225153,42.89474831117891,32.387418463351686,45180.2210807035,1389.2501634342993,8100.0,6332082.0,9162142602.95,190713.0,4344.0,0.006820347557090933,-0.029325800326824192,0.03214778226969317,0.056399631675874806,0.3294024301493663
andaman & nicobar islands,2025,3,8102,2025-Q3,6731822,8790337988.97,203056,4894.0,1305.7888323502907,2410.1725632337875,41.490805067429505,33.15253920100859,43290.21545273225,1375.5255414793626,8101.0,6375269.0,8893455438.41,196844.0,4589.0,0.05592752243081822,-0.01159475640870089,0.03155798500335294,0.06646328176073224,0.2714731081615547
andaman & nicobar islands,2025,4,8103,2025-Q4,7609535,10377697808.66,209295,5260.0,1363.7755537835098,2513.199073078669,39.789923954372625,36.357939750113474,49584.06941713849,1446.6796577946768,8102.0,6731822.0,8790337988.97,203056.0,4894.0,0.1303826809443267,0.1805800666233539,0.030725514143881583,0.07478545157335503,0.2516092220781567
andaman & nicobar islands,2026,1,8104,2026-Q1,7964501,10927506389.65,214818,5541.0,1372.0264947734954,2579.3927883138285,38.768814293448834,37.075575603534155,50868.67203702669,1437.376105396138,8103.0,7609535.0,10377697808.66,209295.0,5260.0,0.04664752839693875,0.052979821837864094,0.026388590267325984,0.05342205323193916,0.25780130453143224
andaman & nicobar islands,2026,2,8105,2026-Q2,7753095,10442295042.83,220759,5789.0,1346.85503567672,2622.3166439420365,38.13422007255139,35.12017630085297,47301.78630465802,1339.280532043531,8104.0,7964501.0,10927506389.65,214818.0,5541.0,-0.026543533612463643,-0.044402751141794594,0.02765596923907676,0.04475726403176328,0.21612044919202633
andhra pradesh,2018,1,8072,2018-Q1,10862829,14001071206.73,2979027,30.0,1288.897321934277,1.007040218165193,99300.9,3.646435228683728,4699.880600857259,362094.3,,,,,,,,,,
andhra pradesh,2018,2,8073,2018-Q2,14697368,26355488600.12,3941740,140.0,1793.2114512013306,3.5517309614535715,28155.285714285714,3.7286497841054964,6686.257490377346,104981.2,8072.0,10862829.0,14001071206.73,2979027.0,30.0,0.3529963511346814,0.8823908693108788,0.3231635698501558,3.666666666666667,
andhra pradesh,2018,3,8074,2018-Q3,29262730,40288693498.01,4841052,9605.0,1376.7920319809534,198.407288333197,504.01374284226966,6.044704745993227,8322.301329960927,3046.614263404477,8073.0,14697368.0,26355488600.12,3941740.0,140.0,0.9910183918644482,0.5286642607652725,0.228151019600481,67.60714285714286,
andhra pradesh,2018,4,8075,2018-Q4,35722329,57943164106.79,6134766,28877.0,1622.0432913763825,470.71070029402915,212.44471378605812,5.822932610632582,9445.048777213344,1237.051251861343,8074.0,29262730.0,40288693498.01,4841052.0,9605.0,0.22074492024496695,0.4381991341975886,0.2672381953344025,2.0064549713690787,
andhra pradesh,2019,1,8076,2019-Q1,67981444,98042197867.22,7399826,117391.0,1442.1905758168361,1586.4021667536506,63.035718240750995,9.186897637863376,13249.257194320515,579.1026910069767,8075.0,35722329.0,57943164106.79,6134766.0,28877.0,0.9030518418885847,0.6920408020267406,0.2062116142653201,3.0652076046680747,5.258171236977034
andhra pradesh,2019,2,8077,2019-Q2,73241659,144859083315.22,8379878,202343.0,1977.8236224171274,2414.6294253925894,41.41422238476251,8.740182016969698,17286.538457388044,361.9678417340852,8076.0,67981444.0,98042197867.22,7399826.0,117391.0,0.07737721781843887,0.47751770631870993,0.1324425736497048,0.7236670613590479,3.9833180335417877
andhra pradesh,2019,3,8078,2019-Q3,93033155,177040315932.1,9369779,282013.0,1902.9808881801332,3009.814852623525,33.22463503455514,9.929066096436213,18894.823018995434,329.8895972880683,8077.0,73241659.0,144859083315.22,8379878.0,202343.0,0.27022184191649723,0.2221554346499084,0.11812833074658124,0.3937373667485409,2.179237036325729
andhra pradesh,2019,4,8079,2019-Q4,130762980,254283893858.33,10528985,355373.0,1944.6168468960404,3375.187636795,29.627982429728764,12.41933386741457,24150.84586580093,367.95980561269425,8078.0,93033155.0,177040315932.1,9369779.0,282013.0,0.4055524613778818,0.4363050162871098,0.12371753912232086,0.26012985216993534,2.6605390426811195
andhra pradesh,2020,1,8080,2020-Q1,159186574,328528062231.59,11664133,413286.0,2063.7925295860064,3543.220914919266,28.222908591145114,13.647527338722904,28165.664968977122,385.17291657593046,8079.0,130762980.0,254283893858.33,10528985.0,355373.0,0.2173672854503621,0.2919735388928091,0.10781172164268438,0.16296398432069958,1.3416180156455635
andhra pradesh,2020,2,8081,2020-Q2,176284886,380612306331.31,12828761,443589.0,2159.0750912775925,3457.769616255225,28.92037674514021,13.741380480936545,29668.6723161582,397.40590050700087,8080.0,159186574.0,328528062231.59,11664133.0,413286.0,0.10741051566321169,0.15853818923694907,0.09984694104568259,0.07332210624119861,1.4068936778179753
andhra pradesh,2020,3,8082,2020-Q3,251377109,585395478652.13,14049378,523633.0,2328.754121570115,3727.0902669143074,26.83058172422288,17.892401286377233,41667.00324043741,480.06353495673494,8081.0,176284886.0,380612306331.31,12828761.0,443589.0,0.4259708515226881,0.5380361299788432,0.09514691247268536,0.1804463140429542,1.7020163832990507
andhra pradesh,2020,4,8083,2020-Q4,326093276,760638671029.07,15263807,669451.0,2332.5800530430747,4385.871755322902,22.800484277415375,21.363823324023947,49832.82814235465,487.1055178048879,8082.0,251377109.0,585395478652.13,14049378.0,523633.0,0.29722740983547546,0.2993586366270482,0.08644005449920988,0.27847366380652105,1.4937736659106422
andhra pradesh,2021,1,8084,2021-Q1,360571899,827396576580.57,16309736,778520.0,2294.67847848168,4773.345197003802,20.9496686019627,22.107770413941708,50730.22497608606,463.1504637003545,8083.0,326093276.0,760638671029.07,15263807.0,669451.0,0.10573239480105068,0.0877655950113383,0.06852346862090175,0.16292305187384892,1.2650898875429029
andhra pradesh,2021,2,8085,2021-Q2,450715706,1067722803488.4,17327874,835962.0,2368.9496267263426,4824.377185568178,20.72806419430548,26.01102166370785,61618.80006101153,539.1581268048069,8084.0,360571899.0,827396576580.57,16309736.0,778520.0,0.25000230813882696,0.2904607460439832,0.06242516739694626,0.07378358937471097,1.5567461637068534
andhra pradesh,2021,3,8086,2021-Q3,552469257,1229581784431.98,18380260,913133.0,2225.6112332997745,4968.009157650654,20.128787372704743,30.057749835965325,66896.86568263888,605.0260553500968,8085.0,450715706.0,1067722803488.4,17327874.0,835962.0,0.22575994056883397,0.1515926984183198,0.060733705704462126,0.0923140047035631,1.1977707484892748
andhra pradesh,2021,4,8087,2021-Q4,576560191,1241105876775.08,19405303,1003391.0,2152.604179318166,5170.705141785212,19.33972200268888,29.711475826994302,63957.0470388986,574.6116827836805,8086.0,552469257.0,1229581784431.98,18380260.0,913133.0,0.04360592683621478,0.00937236749032011,0.0557686887998321,0.0988443085508901,0.7680836540769396
andhra pradesh,2022,1,8088,2022-Q1,725554627,1565634867542.41,20341205,1087914.0,2157.8456111787846,5348.3262176454145,18.697438400461802,35.669205782056665,76968.6391510439,666.9227779034004,8087.0,576560191.0,1241105876775.08,19405303.0,1003391.0,0.2584195688945856,0.2614837274081676,0.048229187660713047,0.08423735114227648,1.0122328695392873
andhra pradesh,2022,2,8089,2022-Q2,840332341,1793485874297.86,21272937,1160039.0,2134.257824902469,5453.121024144433,18.338122252786327,39.50241290142494,84308.33383739444,724.4000770663745,8088.0,725554627.0,1565634867542.41,20341205.0,1087914.0,0.15819307014080963,0.1455326599318203,0.04580515264459506,0.06629660065041909,0.8644398892990874
andhra pradesh,2022,3,8090,2022-Q3,956418056,1959402519798.45,22199210,1223491.0,2048.6883403197166,5511.416847716653,18.144154717934175,43.083427563413295,88264.51571017392,781.7123754894806,8089.0,840332341.0,1793485874297.86,21272937.0,1160039.0,0.13814262445481673,0.09251070659563765,0.04354231858064539,0.05469816101010405,0.7311697327621616
andhra pradesh,2022,4,8091,2022-Q4,1030438279,2028666459424.06,23102641,1272711.0,1968.7413606109444,5508.941596763764,18.152307161641566,44.602618332683264,87811.0195030975,809.6404281883318,8090.0,956418056.0,1959402519798.45,22199210.0,1223491.0,0.07739316770071514,0.03534952054299434,0.040696538300236895,0.04022914757852725,0.7872171805909507
andhra pradesh,2023,1,8092,2023-Q1,1138724913,2251807395014.75,23903359,1291077.0,1977.4814525505599,5401.236704849724,18.514278389282747,47.63869851931689,94204.64274559697,881.9961264897446,8091.0,1030438279.0,2028666459424.06,23102641.0,1272711.0,0.10508793802292349,0.10999389996029207,0.03465915433651068,0.014430613077124343,0.5694544154564396
andhra pradesh,2023,2,8093,2023-Q2,1295037315,2509703988271.93,24687258,1318135.0,1937.9395166477734,5339.333351642374,18.728929889578836,52.457721914681656,101659.89225178148,982.476995907096,8092.0,1138724913.0,2251807395014.75,23903359.0,1291077.0,0.13726967787873456,0.1145287087288791,0.03279451226917529,0.02095769655876456,0.5411013617051781
andhra pradesh,2023,3,8094,2023-Q3,1467644978,2654560419251.27,25473637,1365791.0,1808.721086531916,5361.586176328099,18.651196998662314,57.61426913636243,104208.14347206369,1074.5750835962458,8093.0,1295037315.0,2509703988271.93,24687258.0,1318135.0,0.1332839301236659,0.05771853240711522,0.031853638828581055,0.03615411168051841,0.5345224494590679
andhra pradesh,2023,4,8095,2023-Q4,1588297806,2811855025318.73,26160960,1424574.0,1770.3575580703975,5445.419434149206,18.364058307957325,60.7125199533962,107482.86856899479,1114.9282564471905,8094.0,1467644978.0,2654560419251.27,25473637.0,1365791.0,0.0822084562742258,0.059254483313597284,0.02698173802194015,0.04303952800977595,0.5413808263619446
andhra pradesh,2024,1,8096,2024-Q1,1749727590,3018505887112.87,26931791,1500986.0,1725.1290454377931,5573.286975233099,17.942732976856547,64.96885372383886,112079.65660779375,1165.718794179293,8095.0,1588297806.0,2811855025318.73,26160960.0,1424574.0,0.10163697474754296,0.07349271563910587,0.02946493553753382,0.05363849122614894,0.5365674097621151
andhra pradesh,2024,2,8097,2024-Q2,1920885662,3185673985146.19,27773775,1563902.0,1658.4401915048445,5630.858606725229,17.75928095238704,69.16185005459286,114700.79184936832,1228.2647263063798,8096.0,1749727590.0,3018505887112.87,26931791.0,1500986.0,0.09781983948712836,0.05538107404296366,0.031263572482052915,0.04191644692222307,0.48326665166401006
andhra pradesh,2024,3,8098,2024-Q3,2086058265,3227507134129.85,28578957,1619870.0,1547.1797639985143,5668.051496770859,17.642747257495973,72.99280603557365,112932.99241570817,1287.7936285010526,8097.0,1920885662.0,3185673985146.19,27773775.0,1563902.0,0.08598773277740257,0.013131647864381257,0.02899072956413029,0.03578740867394514,0.42136436009390277
andhra pradesh,2024,4,8099,2024-Q4,2292770050,3454536571052.4,29497544,1683203.0,1506.7086954718377,5706.247950676843,17.524650324411258,77.72748978694634,117112.68473919049,1362.1470791104816,8098.0,2086058265.0,3227507134129.85,28578957.0,1619870.0,0.09909204765189039,0.07034204030776148,0.03214207572375716,0.03909758190472079,0.4435391406691902
andhra pradesh,2025,1,8100,2025-Q1,2422886250,3666795723272.43,30313656,1740695.0,1513.3998648398908,5742.279981009219,17.414685513544878,79.92721993018591,120961.8438393716,1391.9073990561242,8099.0,2292770050.0,3454536571052.4,29497544.0,1683203.0,0.05675065408325608,0.061443596805046186,0.02766711696404278,0.03415630794384272,0.38472197835092725
andhra pradesh,2025,2,8101,2025-Q2,2530918973,3781520939571.64,31181805,1794867.0,1494.1295947887463,5756.135669503417,17.372766338675792,81.16653198876716,121273.31755078452,1410.087194761506,8100.0,2422886250.0,3666795723272.43,30313656.0,1740695.0,0.04458844198731993,0.03128759411686666,0.02863887483581662,0.031120902857766586,0.3175791891563404
andhra pradesh,2025,3,8102,2025-Q3,2700328888,3814695548343.56,32097241,1846994.0,1412.678124244679,5754.369978404063,17.378097059329917,84.12962621927535,118848.08256085188,1462.012810003714,8101.0,2530918973.0,3781520939571.64,31181805.0,1794867.0,0.06693612747277777,0.008772821650877338,0.0293580182417279,0.029042263298617588,0.29446474880700424
andhra pradesh,2025,4,8103,2025-Q4,2862709581,4000106326747.97,32906085,1916104.0,1397.3147514847299,5822.947336336121,17.173433696709573,86.99635891051761,121561.29563112628,1494.0262016049232,8102.0,2700328888.0,3814695548343.56,32097241.0,1846994.0,0.060133672502488134,0.04860434497450794,0.025199798325345135,0.03741755522757528,0.24858120028216524
andhra pradesh,2026,1,8104,2026-Q1,3047429835,4349723573013.52,33598777,1971965.0,1427.3416644598547,5869.157082711671,17.038221773713023,90.70061791237222,129460.77093858267,1545.377243003806,8103.0,2862709581.0,4000106326747.97,32906085.0,1916104.0,0.06452636873331508,0.08740198827409262,0.021050574688541657,0.02915342799764531,0.2577684301109886
andhra pradesh,2026,2,8105,2026-Q2,3245956863,4623697374921.99,34327612,2031948.0,1424.4481889536405,5919.281539304277,16.89394216781138,94.558190153163,134693.242714407,1597.4605959404473,8104.0,3047429835.0,4349723573013.52,33598777.0,1971965.0,0.06514572566032517,0.06298648576388932,0.02169230743130912,0.03041788267033141,0.28252105169231756
arunachal pradesh,2018,1,8072,2018-Q1,56572,112009706.82,26660,,1979.9495655094393,,,2.121980495123781,4201.414359339835,,,,,,,,,,,
arunachal pradesh,2018,2,8073,2018-Q2,100858,239594007.45,39517,,2375.557788673184,,,2.552268643874788,6063.061655743098,,8072.0,56572.0,112009706.82,26660.0,,0.7828254260057979,1.1390468223886026,0.48225806451612896,,
arunachal pradesh,2018,3,8074,2018-Q3,160327,390349037.87,53503,,2434.7055572049626,,,2.9965983215894436,7295.834586284881,,8073.0,100858.0,239594007.45,39517.0,,0.5896309663090682,0.6292103547350221,0.3539236278057545,,
arunachal pradesh,2018,4,8075,2018-Q4,222216,597276469.62,71555,2.0,2687.8193722324227,2.7950527566207812,35777.5,3.105527216826218,8347.096214380546,111108.0,8074.0,160327.0,390349037.87,53503.0,,0.3860173270877645,0.5301087275099525,0.3374016410294749,,
arunachal pradesh,2019,1,8076,2019-Q1,293223,762934389.28,88991,27.0,2601.8913566807514,30.34014675641357,3295.962962962963,3.2949736490206876,8573.163457877763,10860.111111111111,8075.0,222216.0,597276469.62,71555.0,2.0,0.3195404471325196,0.2773555096945224,0.24367269932219981,12.5,4.1831824931061306
arunachal pradesh,2019,2,8077,2019-Q2,387295,1070406251.38,108855,81.0,2763.8008530448365,74.41091360066143,1343.888888888889,3.557898121354095,9833.321862845069,4781.419753086419,8076.0,293223.0,762934389.28,88991.0,27.0,0.32082067232106626,0.4030121939976632,0.22321358339607378,2.0,2.8400027761803726
arunachal pradesh,2019,3,8078,2019-Q3,456122,1290611112.93,128047,153.0,2829.5305048430027,119.48737572922442,836.9084967320262,3.5621451498277974,10079.198364116302,2981.1895424836603,8077.0,387295.0,1070406251.38,108855.0,81.0,0.17771207993906457,0.2057208291395023,0.1763079325708512,0.8888888888888888,1.8449481372445065
arunachal pradesh,2019,4,8079,2019-Q4,570808,1664821348.26,146946,195.0,2916.604792259394,132.70180882773263,753.5692307692308,3.8844745688892517,11329.477143032134,2927.220512820513,8078.0,456122.0,1290611112.93,128047.0,153.0,0.2514371155085702,0.289948096356037,0.14759424273899424,0.27450980392156854,1.5687079238218669
arunachal pradesh,2020,1,8080,2020-Q1,696142,1928569155.03,169049,245.0,2770.367475357039,144.92839354270063,689.9959183673469,4.117989458677662,11408.344060183734,2841.395918367347,8079.0,570808.0,1664821348.26,146946.0,195.0,0.21957295623046624,0.15842408979537526,0.15041579900099356,0.2564102564102564,1.3741043506136967
arunachal pradesh,2020,2,8081,2020-Q2,972129,2479742352.66,198449,290.0,2550.8367229657792,146.1332634581177,684.3068965517241,4.898633905940569,12495.615259638496,3352.1689655172413,8080.0,696142.0,1928569155.03,169049.0,245.0,0.39645216062240185,0.28579384679696695,0.17391407225124067,0.18367346938775508,1.5100478963064332
arunachal pradesh,2020,3,8082,2020-Q3,1160082,3346055621.91,228945,315.0,2884.326816475042,137.5876302168643,726.8095238095239,5.067077245626679,14615.106780711523,3682.8,8081.0,972129.0,2479742352.66,198449.0,290.0,0.1933416244140438,0.34935616126438007,0.15367172422133657,0.0862068965517242,1.5433590135972395
arunachal pradesh,2020,4,8083,2020-Q4,1393785,4195981781.2,257285,364.0,3010.4942879999426,141.4773500204054,706.8269230769231,5.417280447752493,16308.69184445265,3829.0796703296705,8082.0,1160082.0,3346055621.91,228945.0,315.0,0.2014538627441853,0.2540083774234583,0.12378518858241061,0.15555555555555545,1.4417755182127792
arunachal pradesh,2021,1,8084,2021-Q1,1511740,4824985661.33,279538,432.0,3191.6769162223663,154.54070645135903,647.0787037037037,5.407994619693923,17260.57159073185,3499.3981481481483,8083.0,1393785.0,4195981781.2,257285.0,364.0,0.08462926491532041,0.14990624672114583,0.08649163379132085,0.18681318681318682,1.1715971741397588
arunachal pradesh,2021,2,8085,2021-Q2,2126788,5874285594.84,303657,565.0,2762.045673964683,186.06519856285217,537.446017699115,7.003915602143207,19345.134789713393,3764.2265486725664,8084.0,1511740.0,4824985661.33,279538.0,432.0,0.4068477383677087,0.2174721350821096,0.08628165043750768,0.30787037037037046,1.187763146660577
arunachal pradesh,2021,3,8086,2021-Q3,2552879,7358989851.16,327708,863.0,2882.623834173104,263.34419666288284,379.73117033603705,7.790102774421131,22455.935928204377,2958.1448435689454,8085.0,2126788.0,5874285594.84,303657.0,565.0,0.2003448392599545,0.2527463522754445,0.07920449717938327,0.5274336283185841,1.200602198810084
arunachal pradesh,2021,4,8087,2021-Q4,2781103,7765536383.49,353110,1555.0,2792.2505507670876,440.37268839738323,227.08038585209005,7.876024468295999,21991.83365945456,1788.4906752411575,8086.0,2552879.0,7358989851.16,327708.0,863.0,0.08939867498616261,0.05524488286472029,0.07751412843140848,0.801853997682503,0.9953601165172534
arunachal pradesh,2022,1,8088,2022-Q1,3643158,9915850686.49,378277,2475.0,2721.7734411985425,654.2824438176257,152.83919191919193,9.630926543247408,26213.200079544884,1471.9830303030303,8087.0,2781103.0,7765536383.49,353110.0,1555.0,0.30996874261758744,0.2769048004941035,0.07127240803149171,0.5916398713826367,1.4099104343339461
arunachal pradesh,2022,2,8089,2022-Q2,4904907,12095132402.06,406742,3763.0,2465.9249200973636,925.1564874047922,108.08982195057135,12.059012838605307,29736.620270490876,1303.4565506245017,8088.0,3643158.0,9915850686.49,378277.0,2475.0,0.34633386748529715,0.21977758484596732,0.07524908995260082,0.5204040404040404,1.306251022668926
arunachal pradesh,2022,3,8090,2022-Q3,6325455,13636396793.29,436558,7280.0,2155.796981132583,1667.5905607044197,59.96675824175824,14.489380563407382,31236.162877074756,868.8811813186813,8089.0,4904907.0,12095132402.06,406742.0,3763.0,0.2896177236387969,0.12742848445110844,0.07330445343731418,0.9346266276906723,1.4777731337834656
arunachal pradesh,2022,4,8091,2022-Q4,7474281,14697638125.95,465208,9833.0,1966.4283595907086,2113.678182662379,47.3108918946405,16.066535829134494,31593.69169479029,760.1221397335503,8090.0,6325455.0,13636396793.29,436558.0,7280.0,0.1816195040514872,0.07782417516496731,0.0656270186321175,0.3506868131868133,1.6875239787954635
arunachal pradesh,2023,1,8092,2023-Q1,8416665,16792360774.76,493307,10591.0,1995.1323683145283,2146.9389244425884,46.57794353696535,17.061718159280122,34040.38615863955,794.6997450665659,8091.0,7474281.0,14697638125.95,465208.0,9833.0,0.12608356576371693,0.14252103847294872,0.06040093893484211,0.07708735889352192,1.3102662580102207
arunachal pradesh,2023,2,8093,2023-Q2,10917104,20359353648.83,521967,11544.0,1864.90425014088,2211.6340688204427,45.21543659043659,20.91531456969502,39005.05903405771,945.6950796950797,8092.0,8416665.0,16792360774.76,493307.0,10591.0,0.2970819202142416,0.21241759404260896,0.058097695755381595,0.08998206023982624,1.225751477041257
arunachal pradesh,2023,3,8094,2023-Q3,13227332,21637138207.62,552339,13508.0,1635.7900601285278,2445.599532171366,40.88976902576251,23.947850866949462,39173.65640959628,979.2220906129701,8093.0,10917104.0,20359353648.83,521967.0,11544.0,0.2116154613897605,0.06276154836887105,0.058187586571564864,0.1701316701316702,1.0911273576367235
arunachal pradesh,2023,4,8095,2023-Q4,15084363,24771952971.46,584620,15170.0,1642.2273165568874,2594.8479354110364,38.537903757415954,25.8019961684513,42372.742929526874,994.3548450889914,8094.0,13227332.0,21637138207.62,552339.0,13508.0,0.14039346710281397,0.14488120997147425,0.05844418011402408,0.12303819958543083,1.0181691054965687
arunachal pradesh,2024,1,8096,2024-Q1,16868525,26693314814.2,623413,16887.0,1582.433248562041,2708.7981803395182,36.916740688103275,27.05834655356882,42818.027237481416,998.9059631669331,8095.0,15084363.0,24771952971.46,584620.0,15170.0,0.11827890909281358,0.07756198491712052,0.06635592350586705,0.11318391562293995,1.0041815849864526
arunachal pradesh,2024,2,8097,2024-Q2,20110193,30367049709.01,670071,18807.0,1510.0327335998218,2806.7174971010536,35.62880842239591,30.012033053213763,45319.15231223258,1069.2929760195673,8096.0,16868525.0,26693314814.2,623413.0,16887.0,0.1921725817758222,0.1376275266066127,0.07484284094171922,0.11369692662995212,0.8420812882244229
arunachal pradesh,2024,3,8098,2024-Q3,24519045,31440191935.08,712965,20805.0,1282.276366599107,2918.095558688014,34.26892573900505,34.39025057331005,44097.805551576865,1178.5169430425378,8097.0,20110193.0,30367049709.01,670071.0,18807.0,0.2192346935705689,0.03533903478781464,0.06401411193739182,0.10623703940022322,0.8536651986961543
arunachal pradesh,2024,4,8099,2024-Q4,26790106,34929686801.96,743265,22873.0,1303.8278684660672,3077.368098861106,32.495300135530975,36.04381479014887,46994.93020922551,1171.254579635378,8098.0,24519045.0,31440191935.08,712965.0,20805.0,0.09262436607951074,0.11098834492121923,0.04249857987418748,0.09939918288872862,0.7760183840709747
arunachal pradesh,2025,1,8100,2025-Q1,28407442,36223848602.66,772957,24793.0,1275.1534827620171,3207.552295923318,31.1764207639253,36.75164595184467,46863.98933273132,1145.7847779615213,8099.0,26790106.0,34929686801.96,743265.0,22873.0,0.0603706457899047,0.037050483963325664,0.039948066974766716,0.08394176540025367,0.6840501466488622
arunachal pradesh,2025,2,8101,2025-Q2,31151454,38572901830.25,803428,26579.0,1238.2376061884625,3308.1993657178987,30.227924301139996,38.773174447492494,48010.402712190764,1172.0325821136987,8100.0,28407442.0,36223848602.66,772957.0,24793.0,0.0965948289184222,0.06484825103364367,0.03942133909130785,0.07203646190456992,0.5490380425488706
arunachal pradesh,2025,3,8102,2025-Q3,36334234,42295740825.89,834455,28636.0,1164.074102288492,3431.700930547483,29.14006844531359,43.54247263183755,50686.66474032752,1268.83063276994,8101.0,31151454.0,38572901830.25,803428.0,26579.0,0.1663736145349748,0.09651436161125004,0.03861827071000756,0.07739192595658229,0.4818780258366506
arunachal pradesh,2025,4,8103,2025-Q4,36103054,43631000044.52,865553,30529.0,1208.5127215143627,3527.1092584740622,28.35182940810377,41.710968594644115,50408.236173313475,1182.5822660421238,8102.0,36334234.0,42295740825.89,834455.0,28636.0,-0.006362594571279523,0.03156959052039254,0.0372674380284137,0.06610560134096932,0.34762639610309876
arunachal pradesh,2026,1,8104,2026-Q1,36174886,43929133553.2,894421,32620.0,1214.3544433892616,3647.0521152790466,27.41940527283875,40.4450320374857,49114.60436774181,1108.9787247087677,8103.0,36103054.0,43631000044.52,865553.0,30529.0,0.0019896377741339677,0.0068330661313238394,0.03335208820257107,0.06849225326738506,0.2734298991088322
arunachal pradesh,2026,2,8105,2026-Q2,40632514,47494947481.36,951240,35125.0,1168.8902016094796,3692.5486733106263,27.08156583629893,42.71531264454817,49929.51040889786,1156.7975516014235,8104.0,36174886.0,43929133553.2,894421.0,32620.0,0.1232243827941848,0.08117196128718662,0.06352601291785409,0.07679337829552413,0.30435369084216735
assam,2018,1,8072,2018-Q1,1295882,1391575090.92,449118,,1073.8439849615938,,,2.885393148348541,3098.4620766034764,,,,,,,,,,,
assam,2018,2,8073,2018-Q2,1996901,2752709124.02,669433,,1378.4905330910246,,,2.9829736508358566,4112.000938137199,,8072.0,1295882.0,1391575090.92,449118.0,,0.5409589762030802,0.9781247465417946,0.4905503676094034,,
assam,2018,3,8074,2018-Q3,2726534,4337172377.06,900297,12.0,1590.7274132873458,1.3328934784854332,75024.75,3.0284828228906684,4817.490647042032,227211.16666666666,8073.0,1996901.0,2752709124.02,669433.0,,0.3653826604323398,0.5756014099761049,0.34486498275406197,,
assam,2018,4,8075,2018-Q4,4296227,6693717176.15,1200972,58.0,1558.0455074068477,4.829421501916781,20706.41379310345,3.5772915605026596,5573.583044525601,74072.87931034483,8074.0,2726534.0,4337172377.06,900297.0,12.0,0.57571004065968,0.5433366705815388,0.33397312220300623,3.833333333333333,
assam,2019,1,8076,2019-Q1,4947555,8430938338.26,1461630,2157.0,1704.0615694540031,147.5749676730773,677.6216968011126,3.3849572053118777,5768.175487818395,2293.720445062587,8075.0,4296227.0,6693717176.15,1200972.0,58.0,0.15160465217503627,0.25953011105694657,0.21703919824941798,36.189655172413794,2.817905488308349
assam,2019,2,8077,2019-Q2,5585407,10669441203.4,1719942,6178.0,1910.2352260811074,359.1981590076875,278.3978633862091,3.2474391578320665,6203.372673845978,904.0801230171577,8076.0,4947555.0,8430938338.26,1461630.0,2157.0,0.1289226698844177,0.2655105250837344,0.1767287206748629,1.8641631896152062,1.7970375096211582
assam,2019,3,8078,2019-Q3,6054473,12546298666.06,1997575,8036.0,2072.236289774519,402.2877739258851,248.57827277252363,3.030911480169706,6280.764760301866,753.4187406669985,8077.0,5585407.0,10669441203.4,1719942.0,6178.0,0.08398063023876334,0.17590963077446897,0.1614199781155412,0.3007445775331823,1.2205749130581172
assam,2019,4,8079,2019-Q4,6891858,14599084294.49,2240183,9805.0,2118.308922570662,437.6874567836646,228.47353391126975,3.076470984736515,6516.915936997111,702.8921978582356,8078.0,6054473.0,12546298666.06,1997575.0,8036.0,0.1383084869649267,0.16361683099280544,0.1214512596523285,0.22013439522150313,0.6041652361479037
assam,2020,1,8080,2020-Q1,8674891,18864649389.35,2534072,11386.0,2174.626677078709,449.31635723057593,222.56033725627964,3.4233009164696186,7444.401496622826,761.8910064992095,8079.0,6891858.0,14599084294.49,2240183.0,9805.0,0.2587158644301726,0.2921803182183085,0.13118972869627177,0.16124426313105555,0.7533692904879279
assam,2020,2,8081,2020-Q2,11026960,19908371407.6,2938372,12767.0,1805.4270086769154,434.49229709512616,230.15367744967494,3.75274471714269,6775.306668999024,863.7079971802303,8080.0,8674891.0,18864649389.35,2534072.0,11386.0,0.2711352799706648,0.055326870736289946,0.15954558512938855,0.12128930265238003,0.9742446700840244
assam,2020,3,8082,2020-Q3,11961802,26368491655.52,3266212,14007.0,2204.391249371959,428.84540256419365,233.18426501035196,3.662285852847274,8073.110886715253,853.9874348540015,8081.0,11026960.0,19908371407.6,2938372.0,12767.0,0.08477785355165879,0.32449265264630633,0.11157198612020536,0.09712540142555026,0.9756966460995036
assam,2020,4,8083,2020-Q4,14784484,36013810212.35,3615153,18200.0,2435.9193200351124,503.436507389867,198.63478021978023,4.089587356330424,9961.904852256599,812.3342857142857,8082.0,11961802.0,26368491655.52,3266212.0,14007.0,0.23597464662932888,0.3657895446898207,0.10683354295434588,0.2993503248375813,1.145210188602261
assam,2021,1,8084,2021-Q1,17317732,44333318961.29,3929145,41335.0,2559.9956715631124,1052.0100428973733,95.05612676908189,4.40750646769208,11283.197479678149,418.9604935284868,8083.0,14784484.0,36013810212.35,3615153.0,18200.0,0.17134503984041638,0.23100884632548668,0.08685441529030724,1.271153846153846,0.9963054290826248
assam,2021,2,8085,2021-Q2,22621193,51853860554.97,4267940,70790.0,2292.269048540897,1658.6456229469018,60.29015397655036,5.300260312937858,12149.62266455714,319.5535103828224,8084.0,17317732.0,44333318961.29,3929145.0,41335.0,0.30624454749617325,0.1696363315421212,0.0862261382565419,0.7125922341841056,1.0514441876999645
assam,2021,3,8086,2021-Q3,28693230,64005741457.91,4661558,115235.0,2230.6914020453605,2472.027592491609,40.452622901028334,6.155287566946502,13730.547052704269,248.99752679307502,8085.0,22621193.0,51853860554.97,4267940.0,70790.0,0.26842249212939384,0.23434862463244865,0.09222669484575707,0.6278429156660545,1.398738083108214
assam,2021,4,8087,2021-Q4,35028733,77820924721.57,5099567,178337.0,2221.631159813003,3497.100832286349,28.595114866797132,6.868962207967853,15260.300476799306,196.4187633525292,8086.0,28693230.0,64005741457.91,4661558.0,115235.0,0.22080131794154934,0.2158428751699537,0.09396193289882904,0.547594046947542,1.3692901963977913
assam,2022,1,8088,2022-Q1,50025695,110373718442.03,5551092,254792.0,2206.3405304420057,4589.943744402002,21.7867593958994,9.011865593292274,19883.244313376537,196.339347389243,8087.0,35028733.0,77820924721.57,5099567.0,178337.0,0.42813315571533805,0.4183038666904606,0.08854183110056213,0.4287108115534073,1.8886978387239162
assam,2022,2,8089,2022-Q2,64800277,127094723035.48,6021618,312828.0,1961.3299343686447,5195.082119124793,19.24897387701868,10.761273298970476,21106.407453192813,207.14346861534133,8088.0,50025695.0,110373718442.03,5551092.0,254792.0,0.29533986484345687,0.15149443934184514,0.08476278180941699,0.22777795221200048,1.8645826504375784
assam,2022,3,8090,2022-Q3,84341513,150673177993.96,6517957,375732.0,1786.4652012344145,5764.5670261402465,17.347356626531678,12.939869502054094,23116.626573934132,224.47253095291325,8089.0,64800277.0,127094723035.48,6021618.0,312828.0,0.3015609948704385,0.1855187563680185,0.08242618512167321,0.20108174460086703,1.9394220518219805
assam,2022,4,8091,2022-Q4,97084626,172386294490.22,6999042,428380.0,1775.6291762427966,6120.551926963719,16.33839581679817,13.87113064902311,24629.984287881114,226.63202297026004,8090.0,84341513.0,150673177993.96,6517957.0,375732.0,0.15108945223688353,0.14410737720770994,0.07380917057292646,0.14012115018151228,1.7715711555996045
assam,2023,1,8092,2023-Q1,115216347,212425494987.13,7478158,468585.0,1843.7096863271495,6266.048403898393,15.959021308834043,15.407049035337312,28406.125544168764,245.88142386119915,8091.0,97084626.0,172386294490.22,6999042.0,428380.0,0.18676202141418363,0.2322644071868576,0.06845451134598135,0.09385358793594478,1.3031433546300555
assam,2023,2,8093,2023-Q2,139599202,235261543203.49,7935267,498188.0,1685.2642410054034,6278.150439046349,15.928258007017432,17.592250141047554,29647.590081529706,280.21389917059423,8092.0,115216347.0,212425494987.13,7478158.0,468585.0,0.21162669738175266,0.10750144759104141,0.06112588153392862,0.06317530437380614,1.1542994638742052
assam,2023,3,8094,2023-Q3,168278113,243468041626.97,8451423,538577.0,1446.8194186784706,6372.619143545412,15.692135015048915,19.91121648981479,28807.934666975016,312.4494974720421,8093.0,139599202.0,235261543203.49,7935267.0,498188.0,0.2054374995639301,0.03488244747413649,0.06504582643532975,0.0810718042184877,0.9951991257259043
assam,2023,4,8095,2023-Q4,194352109,285818446041.7,9011333,574112.0,1470.621788013116,6370.9997177997975,15.696123752856586,21.567520476715266,31717.665526476496,338.52647044479124,8094.0,168278113.0,243468041626.97,8451423.0,538577.0,0.15494585442611908,0.1739464618506985,0.06625038174044784,0.06597942355503483,1.0018834805008159
assam,2024,1,8096,2024-Q1,222628994,321206875230.36,9619049,611691.0,1442.789950487581,6359.162948437002,15.725340081838706,23.14459506339972,33392.7891655776,363.95662842840585,8095.0,194352109.0,285818446041.7,9011333.0,574112.0,0.14549307000316625,0.12381436425379255,0.067439079212809,0.06545586923805802,0.9322691596879042
assam,2024,2,8097,2024-Q2,274589008,345236981886.76,10259479,645880.0,1257.2862417229753,6295.446386702482,15.884497120208088,26.764420298535626,33650.53740903997,425.1393571561281,8096.0,222628994.0,321206875230.36,9619049.0,611691.0,0.2333928437012116,0.07481193121774354,0.06657934687722245,0.05589259936798152,0.9669812152651132
assam,2024,3,8098,2024-Q3,297749691,333320132729.01,10865707,683854.0,1119.4642439746815,6293.690783305679,15.888928046044915,27.40269832418636,30676.340962351554,435.39950194047265,8097.0,274589008.0,345236981886.76,10259479.0,645880.0,0.0843467230123065,-0.03451788129018807,0.05908955025883866,0.05879420325757101,0.7693904792003461
assam,2024,4,8099,2024-Q4,333086043,382282177286.44,11341543,725330.0,1147.6979757042536,6395.337918306178,15.63639033267616,29.368670823714197,33706.36405350136,459.2200005514731,8098.0,297749691.0,333320132729.01,10865707.0,683854.0,0.11867804759535416,0.14689195085985474,0.04379245639515217,0.06065037274038021,0.7138277773975688
assam,2025,1,8100,2025-Q1,381449165,449262511160.8,11808496,761966.0,1177.778200565205,6452.693044059125,15.497405396041293,32.30294230526902,38045.70126126138,500.6117923896867,8099.0,333086043.0,382282177286.44,11341543.0,725330.0,0.1451970835055374,0.17521176202826827,0.04117191108828844,0.05050942329698205,0.7133849376330561
assam,2025,2,8101,2025-Q2,412522853,444019860093.29,12266826,794454.0,1076.3521508305141,6476.443050549507,15.44057428120445,33.62914359427614,36196.801038287325,519.2532896807115,8100.0,381449165.0,449262511160.8,11808496.0,761966.0,0.08146219955678768,-0.011669460365086093,0.03881357964638332,0.04263707304525388,0.502328356129973
assam,2025,3,8102,2025-Q3,454562374,444477731627.22,12771675,832239.0,977.8146125821227,6516.287017951835,15.346162580700977,35.59144544470479,34801.83543875177,546.1921082765888,8101.0,412522853.0,444019860093.29,12266826.0,794454.0,0.10190834445722219,0.0010311960681979038,0.041155633902363986,0.047560966399565086,0.5266594315290154
assam,2025,4,8103,2025-Q4,468795161,468243373408.79,13282617,886076.0,998.8229665382361,6670.944438132938,14.990381186263932,35.293885308896584,35252.34322489235,529.0687943246403,8102.0,454562374.0,444477731627.22,12771675.0,832239.0,0.031310965918177835,0.05346868940894889,0.040005872369912376,0.06468935005449161,0.40742961421532753
assam,2026,1,8104,2026-Q1,503481347,522964731937.31,13764766,925132.0,1038.697332191951,6721.015090267426,14.878704876709486,36.57754494337208,37992.99835081177,544.2264963270106,8103.0,468795161.0,468243373408.79,13282617.0,886076.0,0.07399006834031718,0.11686520650607624,0.03629924735464396,0.044077483195572364,0.3199172870125433
assam,2026,2,8105,2026-Q2,549125066,519696079352.87,14095525,984328.0,946.4074971818351,6983.265965616747,14.319947212717713,38.95740428256486,36869.57948376311,557.8679728708316,8104.0,503481347.0,522964731937.31,13764766.0,925132.0,0.09065622643613058,-0.006250235216304856,0.024029395051103686,0.06398654462282138,0.33113853452380737
bihar,2018,1,8072,2018-Q1,7267806,7318769108.56,2173873,2.0,1007.0121723887512,0.09200169467121584,1086936.5,3.3432523427081526,3366.6958044743187,3633903.0,,,,,,,,,,
bihar,2018,2,8073,2018-Q2,10434579,15988264138.12,3075993,4.0,1532.2385443744306,0.13003930763171437,768998.25,3.3922635714710663,5197.756996885234,2608644.75,8072.0,7267806.0,7318769108.56,2173873.0,2.0,0.43572613248069647,1.1845564330510436,0.4149828439839862,1.0,
bihar,2018,3,8074,2018-Q3,16507213,23175783209.35,3846555,79.0,1403.9791701573124,2.053785790142088,48690.56962025316,4.291427784082121,6025.075219085649,208952.06329113923,8073.0,10434579.0,15988264138.12,3075993.0,4.0,0.5819721140642089,0.4495496827634442,0.25050837241827284,18.75,
bihar,2018,4,8075,2018-Q4,18324599,32563096733.83,4894391,780.0,1777.0155152552043,15.936609886705005,6274.860256410257,3.743999815298778,6653.145760898547,23493.07564102564,8074.0,16507213.0,23175783209.35,3846555.0,79.0,0.11009647721877713,0.4050483834648919,0.27240894774674995,8.873417721518987,
bihar,2019,1,8076,2019-Q1,28578223,44383537984.84,5903371,47091.0,1553.0545053427568,797.6967735891917,125.3609182221656,4.8410006757156205,7518.337909787475,606.8722898218343,8075.0,18324599.0,32563096733.83,4894391.0,780.0,0.559555164072076,0.36300114045141374,0.20615026466009767,59.37307692307692,2.93216646124016
bihar,2019,2,8077,2019-Q2,29212818,61070184415.58,6750778,136642.0,2090.526987693553,2024.0926305086614,49.40485355893503,4.327326124485207,9046.392047787678,213.79091348194552,8076.0,28578223.0,44383537984.84,5903371.0,47091.0,0.02220554441051137,0.37596476505409804,0.1435462890609449,1.9016584910067742,1.7996163525140783
bihar,2019,3,8078,2019-Q3,29692696,64038814257.19,7595450,192625.0,2156.719425450286,2536.0577714289475,39.43127839065542,3.9092741048917445,8431.207401429803,154.14767553536666,8077.0,29212818.0,61070184415.58,6750778.0,136642.0,0.016426967093691625,0.04861013389788704,0.12512217110383417,0.4097056541912443,0.7987709978662054
bihar,2019,4,8079,2019-Q4,40967886,89108176121.2,8557982,237558.0,2175.073815651606,2775.864683987417,36.024810783050874,4.787096537478111,10412.288331665104,172.45424696284698,8078.0,29692696.0,64038814257.19,7595450.0,192625.0,0.3797294122433341,0.3914713624041737,0.1267248155145515,0.23326670992861787,1.235677080846353
bihar,2020,1,8080,2020-Q1,44056833,106616037981.94,9579162,287792.0,2419.9660012316363,3004.3546606686473,33.28501834658364,4.599236655565487,11129.996338086776,153.08567646077722,8079.0,40967886.0,89108176121.2,8557982.0,237558.0,0.07539922855672865,0.19647873655192738,0.11932485952880012,0.21145993820456477,0.5416225494496281
bihar,2020,2,8081,2020-Q2,53954783,130329505836.33,10810307,310562.0,2415.5320175475454,2872.8323811710434,34.80885298265725,4.991050022908692,12056.041131517357,173.73272647651677,8080.0,44056833.0,106616037981.94,9579162.0,287792.0,0.22466322079937062,0.22241933111795897,0.1285232466054964,0.07911964196364041,0.8469557781108279
bihar,2020,3,8082,2020-Q3,72779613,175427345182.79,11972054,376344.0,2410.3912888735754,3143.520735873727,31.811465042620583,6.079125018981705,14653.06998972691,193.3858730310567,8081.0,53954783.0,130329505836.33,10810307.0,310562.0,0.3489001151204705,0.3460293895619817,0.10746660571249267,0.21181599809377838,1.4510948079622006
bihar,2020,4,8083,2020-Q4,97696608,239429081339.51,13128377,527212.0,2450.740985188657,4015.8200819492004,24.901514001957466,7.441636388107989,18237.52329320753,185.30801271594729,8082.0,72779613.0,175427345182.79,11972054.0,376344.0,0.3423622903848087,0.3648332937492278,0.09658518078852629,0.40087792020066737,1.3847119668317767
bihar,2021,1,8084,2021-Q1,111690707,277382314169.35,14274751,734157.0,2483.4860627155845,5143.0459277363225,19.443730700653948,7.824354134093127,19431.674441771345,152.13463468985518,8083.0,97696608.0,239429081339.51,13128377.0,527212.0,0.14324037739365525,0.15851555131693607,0.08732031385143801,0.3925271048458685,1.5351506087602802
bihar,2021,2,8085,2021-Q2,152928387,374306226227.05,15401467,873547.0,2447.591539869246,5671.8428186094225,17.630954029949162,9.929468861635064,24303.283981133096,175.06600904129942,8084.0,111690707.0,277382314169.35,14274751.0,734157.0,0.3692131700804795,0.34942354687590194,0.07893069378232931,0.18986402091105847,1.8343805404610745
bihar,2021,3,8086,2021-Q3,184812122,398169200251.48,16692841,1100249.0,2154.4539175383743,6591.142873762471,15.171875639059886,11.071340223033335,23852.692315914348,167.9729970215833,8085.0,152928387.0,374306226227.05,15401467.0,873547.0,0.20848800948904267,0.06375254364578753,0.08384746725750225,0.25951894975313294,1.5393391690609843
bihar,2021,4,8087,2021-Q4,211595139,455873110665.51,17989043,1305682.0,2154.459279263074,7258.207120856846,13.777507080590834,11.76244556200127,25341.7099878804,162.0571770155367,8086.0,184812122.0,398169200251.48,16692841.0,1100249.0,0.14492023959337463,0.1449230889219577,0.07765017350851178,0.18671500723927048,1.165839155848686
bihar,2022,1,8088,2022-Q1,279365074,607780285452.84,19351497,1548974.0,2175.5771999360236,8004.414335490427,12.493106404626547,14.436354665481435,31407.40406041145,180.35491493078644,8087.0,211595139.0,455873110665.51,17989043.0,1305682.0,0.3202811525835667,0.3332224937890438,0.07573799228786093,0.1863332725732605,1.501238299082483
bihar,2022,2,8089,2022-Q2,350987405,741819444963.23,20671708,1703453.0,2113.521552043242,8240.504364709486,12.135179544137701,16.97911972247286,35885.73546816886,206.04466633361767,8088.0,279365074.0,607780285452.84,19351497.0,1548974.0,0.2563753942985729,0.22053884062810836,0.06822268065359482,0.09972988571790098,1.2951095730840345
bihar,2022,3,8090,2022-Q3,398081452,747732795859.9,22066926,1848624.0,1878.3412090747197,8377.351698193033,11.936946615428557,18.039732946945126,33884.773794949964,215.33932914427163,8089.0,350987405.0,741819444963.23,20671708.0,1703453.0,0.1341758887331015,0.007971415331345488,0.06749408418501268,0.08522160576194349,1.153979120482151
bihar,2022,4,8091,2022-Q4,478561642,881147256455.31,23466284,1983316.0,1841.2408749953888,8451.76850327048,11.831843236277022,20.393584344244704,37549.50108228938,241.2936929868967,8090.0,398081452.0,747732795859.9,22066926.0,1848624.0,0.20217015788015158,0.17842531628157632,0.06341426984438159,0.07286067907806015,1.2616854255805943
bihar,2023,1,8092,2023-Q1,557298485,1037888852800.07,24855994,1998018.0,1862.3572120424299,8038.3749690316145,12.440325362434173,22.42109026096482,41756.07914936212,278.92565782690644,8091.0,478561642.0,881147256455.31,23466284.0,1983316.0,0.16452811109336674,0.17788354352404379,0.05922156230615805,0.007412837893709279,0.9948752971174915
bihar,2023,2,8093,2023-Q2,698546493,1224912261750.18,26174400,2036559.0,1753.5157273349591,7780.728498074454,12.852266985636065,26.68815686319457,46798.10279319411,343.00331736031217,8092.0,557298485.0,1037888852800.07,24855994.0,1998018.0,0.2534512685782737,0.18019598962408034,0.053041773344489895,0.019289616009465327,0.9902323646057898
bihar,2023,3,8094,2023-Q3,743992914,1148004167584.62,27578408,2114351.0,1543.0310504067786,7666.689824880392,13.043438861381105,26.97736990474577,41626.91942133208,351.8776749934141,8093.0,698546493.0,1224912261750.18,26174400.0,2036559.0,0.06505854865124916,-0.06278661465570767,0.053640503698270114,0.03819776397344743,0.8689464436539485
bihar,2023,4,8095,2023-Q4,939309620,1436863360578.11,29113524,2194129.0,1529.701527573102,7536.459687944338,13.268829681390656,32.26368680067724,49353.81098413611,428.1013650519181,8094.0,743992914.0,1148004167584.62,27578408.0,2114351.0,0.2625249546395545,0.25161859264086517,0.055663691682275473,0.03773167274496991,0.9627766573067718
bihar,2024,1,8096,2024-Q1,1086107837,1633842288997.52,30849769,2272717.0,1504.3094555973819,7367.047059574417,13.573959714297908,35.20635233929953,52961.248721101285,477.8896083410297,8095.0,939309620.0,1436863360578.11,29113524.0,2194129.0,0.15628309757968828,0.13708953392767786,0.05963706076942121,0.03581740180271997,0.9488799381896758
bihar,2024,2,8097,2024-Q2,1321734729,1878213500138.2,32631512,2362109.0,1421.0215249161392,7238.7359801163975,13.81456655895219,40.50485705351318,57558.27373669353,559.5570437266019,8096.0,1086107837.0,1633842288997.52,30849769.0,2272717.0,0.21694613000016494,0.14956842088511446,0.05775547298263395,0.03933265778361328,0.8921213437399649
bihar,2024,3,8098,2024-Q3,1354611186,1774925561306.62,34194093,2458579.0,1310.2841462189285,7190.069349112433,13.90807169507264,39.61535654710888,51907.373630487,550.9732190830557,8097.0,1321734729.0,1878213500138.2,32631512.0,2362109.0,0.02487371806056249,-0.05499265063528713,0.047885645017000655,0.040840621664791854,0.8207313006747265
bihar,2024,4,8099,2024-Q4,1559808519,2092918508999.37,35663071,2553973.0,1341.779124492248,7161.393924824926,13.963761950498302,43.73735842883525,58685.87450024621,610.7380614438758,8098.0,1354611186.0,1774925561306.62,34194093.0,2458579.0,0.15148061312406735,0.1791584698676929,0.04295999311927945,0.038800461567433775,0.6605903801985973
bihar,2025,1,8100,2025-Q1,1530666231,2084046921423.79,37257833,2640021.0,1361.5292996058722,7085.814679560134,14.112703270163381,41.083071873772155,55935.80607395471,579.7932027813415,8099.0,1559808519.0,2092918508999.37,35663071.0,2553973.0,-0.018683247106948242,-0.004238859533915451,0.04471746137622312,0.03369182054782871,0.409313310203101
bihar,2025,2,8101,2025-Q2,1793785807,2356277702190.09,38792069,2722198.0,1313.5780721394067,7017.408635770368,14.250274594280063,46.24104496720709,60741.222701735496,658.9475883091532,8100.0,1530666231.0,2084046921423.79,37257833.0,2640021.0,0.17189872662709837,0.1306260324409183,0.04117888445095552,0.031127403910802265,0.3571450970022896
bihar,2025,3,8102,2025-Q3,1804002017,2130102112192.27,40492727,2811281.0,1180.7648174000185,6942.681336329855,14.403656909430255,44.551260205320325,52604.56062127577,641.7010668801873,8101.0,1793785807.0,2356277702190.09,38792069.0,2722198.0,0.005695334392842533,-0.09598851179026835,0.04384035303711187,0.03272465852961459,0.33174894437937996
bihar,2025,4,8103,2025-Q4,2022586363,2442715459709.96,42344157,2921494.0,1207.718742890565,6899.402909355357,14.494007860361856,47.76541809534666,57687.19069575432,692.312345327425,8102.0,1804002017.0,2130102112192.27,40492727.0,2811281.0,0.12116635344094528,0.1467597941565124,0.04572253185121378,0.03920383625827517,0.2966888809510342
bihar,2026,1,8104,2026-Q1,2098602814,2537338892793.64,43855409,2994241.0,1209.0610361650074,6827.529530051812,14.64658623003292,47.852770316199766,57856.920061870595,700.8797267821795,8103.0,2022586363.0,2442715459709.96,42344157.0,2921494.0,0.03758378499459902,0.03873698539367143,0.0356897410898982,0.024900615917746283,0.3710388140130074
bihar,2026,2,8105,2026-Q2,2289051873,2678141315406.16,44813491,3076811.0,1169.9784294954509,6865.814136193942,14.564915102032591,51.07952587313495,59761.94346042267,743.9689577942877,8104.0,2098602814.0,2537338892793.64,43855409.0,2994241.0,0.09075040676086688,0.05549216267973378,0.021846381594571307,0.02757627058075829,0.2761010060773661
chandigarh,2018,1,8072,2018-Q1,223975,393507115.85,84504,,1756.9242810581538,,,2.650466250118338,4656.668510958061,,,,,,,,,,,
chandigarh,2018,2,8073,2018-Q2,319560,664062457.55,113150,2.0,2078.0525020340465,1.7675651789659743,56575.0,2.8242156429518337,5868.868383119752,159780.0,8072.0,223975.0,393507115.85,84504.0,,0.42676638017635904,0.6875487908664204,0.33898987030199756,,
chandigarh,2018,3,8074,2018-Q3,417919,971597704.09,141119,6.0,2324.846929883542,4.251730808750062,23519.833333333332,2.9614651464366952,6884.9531536504655,69653.16666666667,8073.0,319560.0,664062457.55,113150.0,2.0,0.3077950932532232,0.46311193027629405,0.24718515245249661,2.0,
chandigarh,2018,4,8075,2018-Q4,603259,1354040230.17,175644,17.0,2244.5421123762762,9.67866821525358,10332.0,3.434555122862153,7709.0036105417785,35485.82352941176,8074.0,417919.0,971597704.09,141119.0,6.0,0.4434830672929444,0.3936223032126207,0.2446516769534932,1.8333333333333335,
chandigarh,2019,1,8076,2019-Q1,876820,1678862941.03,207673,6750.0,1914.7178908213773,3250.3021577191066,30.76637037037037,4.2221184265648395,8084.165688510302,129.89925925925925,8075.0,603259.0,1354040230.17,175644.0,17.0,0.45347189184081804,0.23989147709386627,0.1823518025096218,396.05882352941177,2.9148119209733228
chandigarh,2019,2,8077,2019-Q2,1081281,2214484682.8,240155,15994.0,2048.019601565181,6659.865503528971,15.015318244341628,4.5024296808311295,9221.064241011014,67.60541453044893,8076.0,876820.0,1678862941.03,207673.0,6750.0,0.23318469013024345,0.3190383971674249,0.15640935509189924,1.3694814814814813,2.3836556515208414
chandigarh,2019,3,8078,2019-Q3,1428205,2696336857.27,268117,18880.0,1887.9200515822308,7041.701943554493,14.201112288135594,5.3267976293931385,10056.568055251999,75.64645127118644,8077.0,1081281.0,2214484682.8,240155.0,15994.0,0.3208453676703835,0.2175911074086747,0.11643313693239787,0.18044266599975,2.4174206006427084
chandigarh,2019,4,8079,2019-Q4,1663318,3246646185.73,292017,21146.0,1951.909487981252,7241.359235934894,13.80956209212144,5.6959629062691555,11118.004039936031,78.6587534285444,8078.0,1428205.0,2696336857.27,268117.0,18880.0,0.16462132536995733,0.20409516970263875,0.08914018879817398,0.12002118644067794,1.7572203647189681
chandigarh,2020,1,8080,2020-Q1,1776530,3334833902.53,316683,24121.0,1877.161602973212,7616.765030014241,13.128933294639525,5.609805388985199,10530.51127635522,73.65076074789603,8079.0,1663318.0,3246646185.73,292017.0,21146.0,0.06806395409657084,0.02716271245927948,0.08446768510052505,0.1406885462971721,1.026105700143701
chandigarh,2020,2,8081,2020-Q2,1098495,2233114743.33,341687,25176.0,2032.8856693294006,7368.146871259369,13.571933587543693,3.2149159903654514,6535.556644911863,43.63262631077217,8080.0,1776530.0,3334833902.53,316683.0,24121.0,-0.3816625669141529,-0.33036702618507374,0.07895592753636915,0.043737821815015954,0.015920005992891673
chandigarh,2020,3,8082,2020-Q3,1787111,3631987949.81,368783,28162.0,2032.323649627807,7636.469143100414,13.09505716923514,4.845969038702977,9848.57748272019,63.458241602158935,8081.0,1098495.0,2233114743.33,341687.0,25176.0,0.6268722206291335,0.6264224490292036,0.07930064649811075,0.11860502065459166,0.2512986581058041
chandigarh,2020,4,8083,2020-Q4,2610842,4860838678.86,396747,31497.0,1861.7896750780014,7938.8123917761195,12.596342508810363,6.580621907664078,12251.733923281083,82.89176746991777,8082.0,1787111.0,3631987949.81,368783.0,28162.0,0.4609288398985849,0.33834108098136295,0.0758277903265605,0.11842198707478158,0.5696589587799807
chandigarh,2021,1,8084,2021-Q1,3291014,5639239470.44,420246,34879.0,1713.5264299817622,8299.662578584925,12.04868258837696,7.831160796295503,13418.901001889368,94.35517073310588,8083.0,2610842.0,4860838678.86,396747.0,31497.0,0.26051825426433317,0.16013713743788682,0.0592291813170609,0.10737530558465891,0.8524955953459834
chandigarh,2021,2,8085,2021-Q2,3336924,5688419002.54,442163,37747.0,1704.6894093302694,8536.897026662113,11.713858054944764,7.5468187071283666,12864.981924177282,88.40236310170344,8084.0,3291014.0,5639239470.44,420246.0,34879.0,0.013950107778332166,0.008720951177511038,0.052152786701122666,0.08222712807133226,2.037723430693813
chandigarh,2021,3,8086,2021-Q3,4795459,7498822383.4,465065,39808.0,1563.7340207475447,8559.663702923248,11.682701969453376,10.311373678948105,16124.24582241192,120.46470558681672,8085.0,3336924.0,5688419002.54,442163.0,37747.0,0.43708966701069607,0.31826125678358363,0.05179537862733885,0.05460036559196757,1.683358224531101
chandigarh,2021,4,8087,2021-Q4,5012587,7760737879.59,487572,41069.0,1548.250011339454,8423.166219553215,11.872020258589204,10.28071136160403,15917.111482181093,122.05281355767124,8086.0,4795459.0,7498822383.4,465065.0,39808.0,0.04527783471821989,0.034927550327075174,0.04839538559126133,0.031677049839228255,0.9199120437008443
chandigarh,2022,1,8088,2022-Q1,6026078,9061038154.15,509170,42930.0,1503.637714969836,8431.368698077264,11.860470533426508,11.83510026120942,17795.70311320384,140.36985790822268,8087.0,5012587.0,7760737879.59,487572.0,41069.0,0.20218920888555147,0.16754853658692226,0.04429704741043383,0.04531398378338891,0.8310703023445054
chandigarh,2022,2,8089,2022-Q2,7761882,10624481178.15,529517,44644.0,1368.8022026294652,8431.079644279598,11.860877161544664,14.658418898732242,20064.476075650073,173.86170594032794,8088.0,6026078.0,9061038154.15,509170.0,42930.0,0.2880487109526295,0.17254568377288382,0.0399611131842017,0.0399254600512462,1.3260589692782934
chandigarh,2022,3,8090,2022-Q3,9175146,12189515329.98,550651,46291.0,1328.5363884106039,8406.59510288731,11.895422436326715,16.662361459436195,22136.553515711403,198.20582834676287,8089.0,7761882.0,10624481178.15,529517.0,44644.0,0.1820774910002496,0.14730452485986834,0.03991184419008276,0.03689185556849739,0.9132988103954178
chandigarh,2022,4,8091,2022-Q4,9744704,12720512772.54,569949,47980.0,1305.377030696879,8418.297075703265,11.87888703626511,17.09750170629302,22318.686009695604,203.09929137140475,8090.0,9175146.0,12189515329.98,550651.0,46291.0,0.06207617840631641,0.04356181752805366,0.03504579125435159,0.03648657406407296,0.9440468564435889
chandigarh,2023,1,8092,2023-Q1,10182795,13320740709.15,587987,47270.0,1308.1615321873808,8039.29338573812,12.438904167548127,17.318061453739624,22654.821805839245,215.41770679077638,8091.0,9744704.0,12720512772.54,569949.0,47980.0,0.04495682988421201,0.0471858286959721,0.03164844573812742,-0.014797832430179292,0.6897881175782989
chandigarh,2023,2,8093,2023-Q2,12002645,15001734621.1,605280,48825.0,1249.8690597864054,8066.514670896114,12.396927803379416,19.8299051678562,24784.78492780201,245.8299027137737,8092.0,10182795.0,13320740709.15,587987.0,47270.0,0.1787181220873051,0.12619372665930872,0.02941051417803453,0.03289612862280511,0.5463575715271116
chandigarh,2023,3,8094,2023-Q3,13514642,15978579212.55,622265,49865.0,1182.31612887341,8013.466931291331,12.478993281861024,21.718467212521997,25678.094079773087,271.02460643738095,8093.0,12002645.0,15001734621.1,605280.0,48825.0,0.12597198367526485,0.06511544272194114,0.028061393074279684,0.02130056323604701,0.47296206512681116
chandigarh,2023,4,8095,2023-Q4,13784981,16915170140.24,639168,50833.0,1227.072430512599,7952.995143686793,12.573879172978183,21.567070003504554,26464.357008235707,271.18173233922846,8094.0,13514642.0,15978579212.55,622265.0,49865.0,0.020003415554773918,0.05861540724186409,0.027163668212096148,0.019412413516494587,0.41461259367139314
chandigarh,2024,1,8096,2024-Q1,13667061,16541090390.05,660057,52271.0,1210.2887658180496,7919.16455700038,12.627594650953684,20.705879946731873,25060.093885906823,261.46545885864055,8095.0,13784981.0,16915170140.24,639168.0,50833.0,-0.008554237397933262,-0.022115045080160933,0.03268154851306693,0.028288710089902303,0.342171869314859
chandigarh,2024,2,8097,2024-Q2,16570280,18298504093.43,682073,53545.0,1104.2966137826277,7850.332735645598,12.738313568026893,24.293997856534418,26827.779568213373,309.4645625175086,8096.0,13667061.0,16541090390.05,660057.0,52271.0,0.2124245293117517,0.10624533582363727,0.033354695124814926,0.02437297928105453,0.3805523699151312
chandigarh,2024,3,8098,2024-Q3,17830482,19398464952.3,703169,54821.0,1087.9383379708972,7796.276570781704,12.826635778260156,25.357320928539227,27587.201586389616,325.24911986282626,8097.0,16570280.0,18298504093.43,682073.0,53545.0,0.07605194360022893,0.06011206453017848,0.03092924071177139,0.02383042300868432,0.3193454920966461
chandigarh,2024,4,8099,2024-Q4,18645893,20631840726.07,721374,56177.0,1106.5085874980618,7787.499965343914,12.841091549922567,25.847747492978677,28600.754568462406,331.91329191662066,8098.0,17830482.0,19398464952.3,703169.0,54821.0,0.04573129318657787,0.0635811017419583,0.0258899354209301,0.02473504678863936,0.35262377220541685
chandigarh,2025,1,8100,2025-Q1,19931215,21239542165.22,739749,57875.0,1065.6421179150393,7823.599626359752,12.781840172786177,26.943213170953932,28711.82274693173,344.38384449244063,8099.0,18645893.0,20631840726.07,721374.0,56177.0,0.06893324980466198,0.029454542966790287,0.025472223839506203,0.030225893159122164,0.45833950693569014
chandigarh,2025,2,8101,2025-Q2,20255468,21185658828.05,757963,59143.0,1045.9229492031484,7802.8874760377485,12.815768560945505,26.72355774622244,27950.78233112962,342.48293120064926,8100.0,19931215.0,21239542165.22,739749.0,57875.0,0.01626860178870171,-0.0025369349654926765,0.024621864983933817,0.02190928725701946,0.2223974489266325
chandigarh,2025,3,8102,2025-Q3,22149566,22397711070.19,776162,60176.0,1011.2031572171662,7753.0206322906815,12.898198617388992,28.537297626011064,28857.00545786833,368.07973278383406,8101.0,20255468.0,21185658828.05,757963.0,59143.0,0.093510453572339,0.05721097710377698,0.024010406840439424,0.017466141386131895,0.24223035585914054
chandigarh,2025,4,8103,2025-Q4,22627910,23861736668.23,794106,61497.0,1054.5267622254994,7744.18024797697,12.912922581589346,28.494823109257453,30048.5535535936,367.95144478592454,8102.0,22149566.0,22397711070.19,776162.0,60176.0,0.021596089061067802,0.06536496490431687,0.023118884975043885,0.02195227333156069,0.2135600048761408
chandigarh,2026,1,8104,2026-Q1,22820289,23784456763.0,811491,62840.0,1042.2504624284118,7743.770417663289,12.913605983450031,28.12143203066947,29309.575538114408,363.1490929344367,8103.0,22627910.0,23861736668.23,794106.0,61497.0,0.008501845729455448,-0.003238653845882511,0.021892543312857393,0.02183846366489428,0.14495222694652576
chandigarh,2026,2,8105,2026-Q2,25137055,25233291728.69,829123,64346.0,1003.8284806509752,7760.730313837633,12.88538526093308,30.3176428587797,30433.71336784771,390.654508438753,8104.0,22820289.0,23784456763.0,811491.0,62840.0,0.10152220245764632,0.06091520105449133,0.021727905793163416,0.023965626989178812,0.2410009484846265
chhattisgarh,2018,1,8072,2018-Q1,2308574,2600414470.84,686395,10.0,1126.415904727334,1.4568870693988156,68639.5,3.3633316093503014,3788.5102176443597,230857.4,,,,,,,,,,
chhattisgarh,2018,2,8073,2018-Q2,3380470,5020388075.2,967619,17.0,1485.1154056092792,1.7568898502406423,56918.76470588235,3.493596136495873,5188.393443287078,198851.17647058822,8072.0,2308574.0,2600414470.84,686395.0,10.0,0.46431086896066587,0.930610728211448,0.40971160920461247,0.7,
chhattisgarh,2018,3,8074,2018-Q3,4512546,7219788715.08,1229445,27.0,1599.9368682513152,2.196112880202042,45535.0,3.670392738186743,5872.396662786868,167131.33333333334,8073.0,3380470.0,5020388075.2,967619.0,17.0,0.3348871606610915,0.43809375031080267,0.2705879070171213,0.588235294117647,
chhattisgarh,2018,4,8075,2018-Q4,6353226,10755271064.36,1584333,828.0,1692.8834365974074,52.26174042956878,1913.445652173913,4.010031981912893,6788.516722406212,7672.978260869565,8074.0,4512546.0,7219788715.08,1229445.0,27.0,0.4079027670853661,0.4896933260519696,0.2886570769737564,29.666666666666668,
chhattisgarh,2019,1,8076,2019-Q1,8806110,13924157587.5,1925189,23858.0,1581.1927840442602,1239.2549510723363,80.6936457372789,4.574153498695453,7232.618505248056,369.1051219716657,8075.0,6353226.0,10755271064.36,1584333.0,828.0,0.38608480164250425,0.2946356725160386,0.21514164004663172,27.814009661835748,2.8145235976841114
chhattisgarh,2019,2,8077,2019-Q2,10141906,18246258174.34,2212185,48515.0,1799.0955718126356,2193.0805967855313,45.597959394001855,4.584565034117852,8248.070651568472,209.04681026486654,8076.0,8806110.0,13924157587.5,1925189.0,23858.0,0.15168967909780817,0.31040302148835464,0.14907419479334227,1.033489814737195,2.000146725159519
chhattisgarh,2019,3,8078,2019-Q3,12460140,21416627955.84,2488075,65116.0,1718.811181562968,2617.1236799533776,38.20988697094416,5.007943892366589,8607.709958839665,191.3529700841575,8077.0,10141906.0,18246258174.34,2212185.0,48515.0,0.22857971667258603,0.17375451729377267,0.1247138010609421,0.3421828300525611,1.7612217138617536
chhattisgarh,2019,4,8079,2019-Q4,16357293,28463127103.1,2780915,82700.0,1740.0878680292637,2973.841343586553,33.62654171704958,5.8819823691123245,10235.166160454382,197.79072551390567,8078.0,12460140.0,21416627955.84,2488075.0,65116.0,0.3127695996995219,0.32902001014303095,0.11769741667755196,0.2700411573192456,1.5746436534762025
chhattisgarh,2020,1,8080,2020-Q1,19093394,32590895619.61,3094859,99397.0,1706.9199755480875,3211.681049120493,31.13634214312303,6.169390592592425,10530.656039454463,192.0922563055223,8079.0,16357293.0,28463127103.1,2780915.0,82700.0,0.1672710148311216,0.145021609943218,0.1128923393918908,0.20189842805320435,1.1681984440348803
chhattisgarh,2020,2,8081,2020-Q2,21009112,37624391296.13,3484888,105658.0,1790.8606178181162,3031.8908383856237,32.98271782543679,6.028633344887985,10796.442036624992,198.84071248745954,8080.0,19093394.0,32590895619.61,3094859.0,99397.0,0.10033407365919333,0.15444484052446028,0.1260248043610388,0.06298982866686109,1.0715151570128927
chhattisgarh,2020,3,8082,2020-Q3,28282693,50717527358.69,3897665,120657.0,1793.2354376116166,3095.622635603624,32.30367902401021,7.256317051362803,13012.284883049211,234.40573692367622,8081.0,21009112.0,37624391296.13,3484888.0,105658.0,0.34621077749502227,0.34799595718394394,0.1184477090798901,0.14195801548391973,1.269853548997042
chhattisgarh,2020,4,8083,2020-Q4,39804658,71088111288.63,4302482,153533.0,1785.9244334828854,3568.4751266826916,28.023174171025122,9.251557124469086,16522.581916352003,259.2579966521855,8082.0,28282693.0,50717527358.69,3897665.0,120657.0,0.40738571111315314,0.40164781271517724,0.1038614144622485,0.272474866771095,1.433450204749649
chhattisgarh,2021,1,8084,2021-Q1,48630460,85037921799.07,4682835,185878.0,1748.6555093056904,3969.347628092811,25.193056736138757,10.384833119253615,18159.49564720303,261.62568996868913,8083.0,39804658.0,71088111288.63,4302482.0,153533.0,0.22172786913531572,0.19623267882025108,0.08840315892082762,0.21067132147486212,1.5469782899781985
chhattisgarh,2021,2,8085,2021-Q2,57474912,98787017765.86,5078626,198995.0,1718.7850199032928,3918.284197339989,25.52137490891731,11.317019997140958,19451.524441031885,288.8259101987487,8084.0,48630460.0,85037921799.07,4682835.0,185878.0,0.18187062182837677,0.16168193760986704,0.0845195271667698,0.07056779177740236,1.7357135322996995
chhattisgarh,2021,3,8086,2021-Q3,80717872,128856725337.3,5517110,234841.0,1596.3840738678048,4256.594485156178,23.492959065921198,14.630462687892756,23355.83762826915,343.7128610421519,8085.0,57474912.0,98787017765.86,5078626.0,198995.0,0.40440183710068145,0.30438926340209704,0.08633910037872439,0.1801351792758612,1.8539669825642133
chhattisgarh,2021,4,8087,2021-Q4,90986070,142897547581.3,5951381,278371.0,1570.543134584228,4677.418568900227,21.37931393715581,15.288228060008256,24010.821619603917,326.8518272377511,8086.0,80717872.0,128856725337.3,5517110.0,234841.0,0.12721096017001043,0.10896460551241094,0.07871349311505482,0.18535945597233883,1.28581464008559
chhattisgarh,2022,1,8088,2022-Q1,118651612,188186021689.87,6380734,321437.0,1586.0384744698622,5037.617929222562,19.85065191623864,18.595292014993888,29492.848579782512,369.1286690704555,8087.0,90986070.0,142897547581.3,5951381.0,278371.0,0.3040634901584385,0.3169296805657469,0.07214342351800362,0.1547072072881155,1.4398620124095065
chhattisgarh,2022,2,8089,2022-Q2,143649650,217141086234.93,6782654,353970.0,1511.601916433002,5218.753602940677,19.16166341780377,21.178973599419933,32014.177080967125,405.8243636466367,8088.0,118651612.0,188186021689.87,6380734.0,321437.0,0.2106843521013435,0.1538640558158877,0.06298961843574746,0.10121112379719821,1.499345279554321
chhattisgarh,2022,3,8090,2022-Q3,168777635,232335130975.74,7211969,390945.0,1376.5753440954425,5420.780372184074,18.447528424714474,23.40243489676675,32215.21487068788,431.7170829656346,8089.0,143649650.0,217141086234.93,6782654.0,353970.0,0.17492548711396094,0.06997314513003405,0.06329601952274144,0.10445800491567092,1.0909574400078337
chhattisgarh,2022,4,8091,2022-Q4,192641774,267162792319.19,7618238,425290.0,1386.8372719573792,5582.5244630057505,17.91304286486868,25.286919888824688,35068.84299482242,452.9656798890169,8090.0,168777635.0,232335130975.74,7211969.0,390945.0,0.14139396490536194,0.1499026909842862,0.05633260486837921,0.08785123227052405,1.1172666760966816
chhattisgarh,2023,1,8092,2023-Q1,214685457,299544060546.13,8004123,443733.0,1395.269454819802,5543.805361311914,18.03815132072665,26.821858809516044,37423.720318407155,483.8167479092157,8091.0,192641774.0,267162792319.19,7618238.0,425290.0,0.11442836380856836,0.12120425881854402,0.05065278874196366,0.043365703402384215,0.8093766564250302
chhattisgarh,2023,2,8093,2023-Q2,250168113,331458751118.98,8375641,457643.0,1324.9440432041793,5463.9758318199165,18.301691493150773,29.86853340538354,39574.13541470796,546.6446837381977,8092.0,214685457.0,299544060546.13,8004123.0,443733.0,0.16527740861366302,0.10654422763269933,0.04641582844241654,0.03134767979843733,0.7415156458787056
chhattisgarh,2023,3,8094,2023-Q3,283570782,349234131102.08,8766380,476302.0,1231.5589379094777,5433.280327797791,18.405087528500825,32.3475347863086,39837.8955854161,595.3592090732351,8093.0,250168113.0,331458751118.98,8375641.0,457643.0,0.13352088961073938,0.0536277287086,0.0466518323791576,0.040771955432509666,0.6801443034795458
chhattisgarh,2023,4,8095,2023-Q4,322561838,404263598492.01,9160798,494172.0,1253.2902249025813,5394.420879054423,18.537671094274867,35.21110693631712,44129.736131285725,652.7319192507872,8094.0,283570782.0,349234131102.08,8766380.0,476302.0,0.1375002591063843,0.1575718479069419,0.04499211761297128,0.037518213234460474,0.6744127262864597
chhattisgarh,2024,1,8096,2024-Q1,366651062,463030150974.66,9676480,518348.0,1262.8632478218758,5356.782631700784,18.66792193661401,37.89095435530275,47851.09368020809,707.3453780085965,8095.0,322561838.0,404263598492.01,9160798.0,494172.0,0.13668456341075297,0.1453669157991513,0.0562922575085707,0.04892223760148284,0.7078523488435455
chhattisgarh,2024,2,8097,2024-Q2,412497773,495339525982.1,10160209,542535.0,1200.8295763141004,5339.801572979453,18.727287640428727,40.59933934429892,48752.88746344686,760.315505912061,8096.0,366651062.0,463030150974.66,9676480.0,518348.0,0.12504180609737325,0.06977812338879019,0.049990182380369674,0.04666170217691579,0.6488822978010791
chhattisgarh,2024,3,8098,2024-Q3,443141845,495927695118.55,10587536,566499.0,1119.1172774905742,5350.621712171746,18.68941692747913,41.85504965461274,46840.70921870301,782.246473515399,8097.0,412497773.0,495339525982.1,10160209.0,542535.0,0.07428906046481853,0.00118740602273526,0.04205887890692006,0.044170422184743874,0.5627203969131065
chhattisgarh,2024,4,8099,2024-Q4,500033921,575372077008.47,10962228,593346.0,1150.6660905280264,5412.640569052203,18.475270752646853,45.614260258042435,52486.78252344961,842.7358084490331,8098.0,443141845.0,495927695118.55,10587536.0,566499.0,0.12838344345477015,0.1601934771376885,0.03538991508505851,0.04739108100808642,0.5501955349101155
chhattisgarh,2025,1,8100,2025-Q1,498714795,585636844581.98,11341270,617762.0,1174.2921013241246,5447.026655744903,18.358639735043592,43.973452267691364,51637.67766590338,807.2927680886814,8099.0,500033921.0,575372077008.47,10962228.0,593346.0,-0.0026380730278496856,0.017840225453552794,0.034577095094172394,0.04114968332136737,0.360189146267903
chhattisgarh,2025,2,8101,2025-Q2,530238048,584957150370.39,11716582,639801.0,1103.1972386304312,5460.645433967005,18.31285352789383,45.25535245688546,49925.57986368294,828.7546408961537,8100.0,498714795.0,585636844581.98,11341270.0,617762.0,0.06320897899169009,-0.0011606069834542154,0.03309259015965593,0.03567555142595369,0.2854325106865485
chhattisgarh,2025,3,8102,2025-Q3,567750078,579430366109.49,12105416,662495.0,1020.572939682608,5472.715683624586,18.272463943124098,46.900501230193164,47865.38241308601,856.987717643152,8101.0,530238048.0,584957150370.39,11716582.0,639801.0,0.07074563989040628,-0.009448186516568757,0.03318664095040691,0.035470404078768336,0.28119265739844534
chhattisgarh,2025,4,8103,2025-Q4,605701118,639303988608.6,12478219,687021.0,1055.477643362382,5505.76167961149,18.162791239277983,48.54067058768563,51233.592599120115,881.6340664986951,8102.0,567750078.0,579430366109.49,12105416.0,662495.0,0.06684462313715445,0.10333186867841193,0.03079638072743629,0.03702065675967359,0.21132005762465056
chhattisgarh,2026,1,8104,2026-Q1,625441700,681983078745.75,12825130,701882.0,1090.4023168678232,5472.708658703655,18.272487398166643,48.7668896923462,53175.529506971856,891.0923773511787,8103.0,605701118.0,639303988608.6,12478219.0,687021.0,0.03259129199758215,0.06675867959159465,0.027801323249736276,0.021631070957074172,0.25410696909443
chhattisgarh,2026,2,8105,2026-Q2,646201571,678401352461.27,13192734,715816.0,1049.8293147313782,5425.835160475455,18.430342434368608,48.98162662871851,51422.34751805577,902.7481517596701,8104.0,625441700.0,681983078745.75,12825130.0,701882.0,0.033192335912364035,-0.005251928377852488,0.028662789383031573,0.019852339851997858,0.21870087112269987
dadra & nagar haveli & daman & diu,2018,1,8072,2018-Q1,175749,203738508.33,46505,,1159.2584215557415,,,3.7791420277389527,4381.002221911623,,,,,,,,,,,
dadra & nagar haveli & daman & diu,2018,2,8073,2018-Q2,233330,339720413.43,62632,1.0,1455.9654284918356,1.5966279218290969,62632.0,3.725411930003832,5424.070976976625,233330.0,8072.0,175749.0,203738508.33,46505.0,,0.32763202066583585,0.6674334970576448,0.3467799161380496,,
dadra & nagar haveli & daman & diu,2018,3,8074,2018-Q3,327117,494728286.08,79851,5.0,1512.389408315679,6.261662346119648,15970.2,4.0965924033512415,6195.64296101489,65423.4,8073.0,233330.0,339720413.43,62632.0,1.0,0.40195002785754075,0.45628071355782573,0.2749233618597522,4.0,
dadra & nagar haveli & daman & diu,2018,4,8075,2018-Q4,460719,718948346.74,101702,9.0,1560.49207160981,8.849383492949991,11300.222222222223,4.53008790387603,7069.166257694047,51191.0,8074.0,327117.0,494728286.08,79851.0,5.0,0.4084226744559285,0.4532185989133892,0.2736471678501209,0.8,
dadra & nagar haveli & daman & diu,2019,1,8076,2019-Q1,765460,972578611.62,122413,139.0,1270.5805811146238,113.550031450908,880.6690647482014,6.253094034130362,7945.059851649743,5506.906474820144,8075.0,460719.0,718948346.74,101702.0,9.0,0.6614465650429002,0.3527795369862958,0.20364397946943025,14.444444444444445,3.3554159625374824
dadra & nagar haveli & daman & diu,2019,2,8077,2019-Q2,660479,1087297036.72,139004,1779.0,1646.2249923464638,1279.8192857759489,78.13603147835863,4.751510747892147,7822.05574458289,371.26419336706016,8076.0,765460.0,972578611.62,122413.0,139.0,-0.13714759752305805,0.11795285617983753,0.13553299077712344,11.798561151079136,1.8306647237817684
dadra & nagar haveli & daman & diu,2019,3,8078,2019-Q3,754087,1278812027.14,155873,3393.0,1695.8414972542957,2176.772115760908,45.93958149130563,4.837829515053922,8204.192048270066,222.24786324786325,8077.0,660479.0,1087297036.72,139004.0,1779.0,0.1417274432646609,0.17613861157732447,0.12135621996489299,0.9072512647554807,1.3052516377932055
dadra & nagar haveli & daman & diu,2019,4,8079,2019-Q4,916877,1615369595.52,174634,4426.0,1761.817119984469,2534.4434646174286,39.45639403524627,5.250277723696416,9250.029178281435,207.15702666064166,8078.0,754087.0,1278812027.14,155873.0,3393.0,0.21587694788532352,0.2631798585228309,0.12036080655405357,0.3044503389330975,0.9901002563384622
dadra & nagar haveli & daman & diu,2020,1,8080,2020-Q1,1059367,1783068099.61,193453,5118.0,1683.1448398996758,2645.603841760014,37.79855412270418,5.4760949688037925,9217.060989542679,206.9884720593982,8079.0,916877.0,1615369595.52,174634.0,4426.0,0.15540797729684575,0.10381432494154152,0.1077625204713859,0.15634884771802993,0.38396127818566606
dadra & nagar haveli & daman & diu,2020,2,8081,2020-Q2,1128692,1665874471.91,217392,5435.0,1475.9336222016282,2500.0919997056008,39.998528058877646,5.1919665857069255,7662.998049192243,207.67102115915364,8080.0,1059367.0,1783068099.61,193453.0,5118.0,0.06544002220193756,-0.06572582826513074,0.12374581939799323,0.06193825713169199,0.7088991474369359
dadra & nagar haveli & daman & diu,2020,3,8082,2020-Q3,1381590,2246553945.81,239161,7224.0,1626.0641332160772,3020.559372138434,33.10645071982281,5.7768197992147545,9393.479479555614,191.25,8081.0,1128692.0,1665874471.91,217392.0,5435.0,0.22406289758410614,0.3485733671362552,0.10013707956134543,0.32916283348666053,0.8321360797892021
dadra & nagar haveli & daman & diu,2020,4,8083,2020-Q4,2074476,3117756826.2,264058,9628.0,1502.9129410029327,3646.1686447674374,27.426049023680932,7.8561376667247345,11807.090965621188,215.4628167843789,8082.0,1381590.0,2246553945.81,239161.0,7224.0,0.5015134736064968,0.38779521943591067,0.10410142121834243,0.33277962347729795,1.2625455759060378
dadra & nagar haveli & daman & diu,2021,1,8084,2021-Q1,2468208,3719731952.63,284780,11346.0,1507.0577328288377,3984.1280988833487,25.099594570773842,8.667069316665495,13061.773834644287,217.53992596509784,8083.0,2074476.0,3117756826.2,264058.0,9628.0,0.1897982912311349,0.19307956328451148,0.07847518348241667,0.17843788948899042,1.3298894528525054
dadra & nagar haveli & daman & diu,2021,2,8085,2021-Q2,2814882,4058213192.36,304287,11960.0,1441.699223043808,3930.499824179147,25.442056856187293,9.250746827830305,13336.794514257921,235.35802675585285,8084.0,2468208.0,3719731952.63,284780.0,11346.0,0.14045574765173763,0.0909961373670165,0.0684984900625043,0.05411598801339679,1.4939328000907244
dadra & nagar haveli & daman & diu,2021,3,8086,2021-Q3,4130800,5487801996.99,326668,13043.0,1328.508278539266,3992.738805147734,25.04546500038335,12.64525450916527,16799.325299662043,316.70627923023847,8085.0,2814882.0,4058213192.36,304287.0,11960.0,0.4674860260572202,0.3522705035115814,0.07355227137537912,0.09055183946488299,1.9898884618446862
dadra & nagar haveli & daman & diu,2021,4,8087,2021-Q4,4718714,6073199177.99,349265,14300.0,1287.045406437008,4094.312341631712,24.424125874125874,13.510411864916325,17388.513529812604,329.98,8086.0,4130800.0,5487801996.99,326668.0,13043.0,0.14232448920305996,0.1066724312067171,0.06917420745221459,0.09637353369623547,1.274653454655537
dadra & nagar haveli & daman & diu,2022,1,8088,2022-Q1,6099780,7630083652.34,369790,15792.0,1250.8784992803019,4270.531923524162,23.41628672745694,16.495254063116903,20633.558647718975,386.25759878419456,8087.0,4718714.0,6073199177.99,349265.0,14300.0,0.2926784712953572,0.2563532709403531,0.058766266302091585,0.10433566433566432,1.4713395305419965
dadra & nagar haveli & daman & diu,2022,2,8089,2022-Q2,7431344,8548899697.36,390083,16607.0,1150.3840620700644,4257.299087630068,23.489070873727947,19.050673830953926,21915.59154682465,447.482627807551,8088.0,6099780.0,7630083652.34,369790.0,15792.0,0.21829705333634974,0.12042017976280195,0.05487709240379668,0.051608409321175275,1.6400197237397518
dadra & nagar haveli & daman & diu,2022,3,8090,2022-Q3,9167713,10016928620.57,410533,17115.0,1092.63113063967,4168.97058214565,23.986736780601813,22.33124499126745,24399.81346340002,535.653695588665,8089.0,7431344.0,8548899697.36,390083.0,16607.0,0.23365477361833875,0.1717213881528339,0.05242474037576628,0.030589510447401658,1.2193553306865499
dadra & nagar haveli & daman & diu,2022,4,8091,2022-Q4,10667542,11210383267.66,431261,17526.0,1050.8871929128566,4063.8963411947752,24.606926851534862,24.735698335810564,25994.428588859184,608.6695195709232,8090.0,9167713.0,10016928620.57,410533.0,17115.0,0.1635990350046952,0.11914377074018612,0.05049045996302359,0.02401402278702891,1.2606883994240805
dadra & nagar haveli & daman & diu,2023,1,8092,2023-Q1,11627938,12184562485.61,449889,17162.0,1047.8695780464259,3814.7187417340724,26.214252418133086,25.846237627503672,27083.486116819928,677.5397972264304,8091.0,10667542.0,11210383267.66,431261.0,17526.0,0.09002973693471272,0.08689972454022499,0.04319426055219466,-0.020769142987561384,0.906288095636236
dadra & nagar haveli & daman & diu,2023,2,8093,2023-Q2,13139339,13293978308.32,467310,17453.0,1011.7691847603597,3734.779910551882,26.77533948318341,28.116965183711027,28447.878941858722,752.8412880307111,8092.0,11627938.0,12184562485.61,449889.0,17162.0,0.12998013921298868,0.0910509362991263,0.03872288497829457,0.01695606572660524,0.7680972647747164
dadra & nagar haveli & daman & diu,2023,3,8094,2023-Q3,14946369,14582297017.6,484521,18026.0,975.6414429216888,3720.3753810464355,26.879008099411962,30.84772177057341,30096.31577908904,829.1561633196494,8093.0,13139339.0,13293978308.32,467310.0,17453.0,0.13752822725709413,0.09690994519478857,0.03682994158053532,0.03283103191428416,0.6303268874145602
dadra & nagar haveli & daman & diu,2023,4,8095,2023-Q4,17850712,16983535180.43,502992,18911.0,951.4206033031063,3759.701943569679,26.597853101369573,35.48905748003944,33765.02047831775,943.9327375601501,8094.0,14946369.0,14582297017.6,484521.0,18026.0,0.19431762992068502,0.16466803274764197,0.03812218665444833,0.04909575058249205,0.6733669293263622
dadra & nagar haveli & daman & diu,2024,1,8096,2024-Q1,20353556,18765466590.84,522738,20267.0,921.9748426682787,3877.0856528509503,25.792569201164454,38.93643852178338,35898.416780184336,1004.2707850199832,8095.0,17850712.0,16983535180.43,502992.0,18911.0,0.14020975745953446,0.10492111280007865,0.039257085599770924,0.0717042990851886,0.7504011459297426
dadra & nagar haveli & daman & diu,2024,2,8097,2024-Q2,22527545,19470526075.94,542235,21337.0,864.2986209078707,3935.0097282543547,25.412897783193515,41.54572279546691,35907.91091674274,1055.7972067300932,8096.0,20353556.0,18765466590.84,522738.0,20267.0,0.10681126187482914,0.03757217981694949,0.037297843279042286,0.05279518428973207,0.7145112855372708
dadra & nagar haveli & daman & diu,2024,3,8098,2024-Q3,24452181,20598707213.19,560853,22497.0,842.407767764765,4011.211493920867,24.930124016535537,43.59819952821862,36727.46194312948,1086.9085211361514,8097.0,22527545.0,19470526075.94,542235.0,21337.0,0.08543478661345483,0.0579430228464195,0.034335666270159715,0.054365655902891774,0.6359947355775841
dadra & nagar haveli & daman & diu,2024,4,8099,2024-Q4,27354023,22905248328.84,579259,23494.0,837.3630573038562,4055.8713805050934,24.655614199370053,47.22243935786928,39542.32619405137,1164.298246360773,8098.0,24452181.0,20598707213.19,560853.0,22497.0,0.11867415835012829,0.11197504250038803,0.03281786849673618,0.04431702004711746,0.5323771399146431
dadra & nagar haveli & daman & diu,2025,1,8100,2025-Q1,27107809,22346971352.22,597015,24269.0,824.3739415538896,4065.056991867876,24.599901108409906,45.4055743993032,37431.17233607196,1116.9726399934073,8099.0,27354023.0,22905248328.84,579259.0,23494.0,-0.009001016047986754,-0.024373321284496763,0.03065295489582387,0.03298714565420968,0.3318463368268425
dadra & nagar haveli & daman & diu,2025,2,8101,2025-Q2,28225351,23146137014.55,613335,24909.0,820.0478008067995,4061.238964024554,24.62302782126942,46.019468968834325,37738.16432218934,1133.1386647396523,8100.0,27107809.0,22346971352.22,597015.0,24269.0,0.04122583274804681,0.035761698967346156,0.027335996583000455,0.02637109069182908,0.2529261843667385
dadra & nagar haveli & daman & diu,2025,3,8102,2025-Q3,31444001,24673354040.59,630853,25741.0,784.6760353617213,4080.3483537369243,24.507711433122257,49.84362601113096,39111.09884646661,1221.5532030612642,8101.0,28225351.0,23146137014.55,613335.0,24909.0,0.1140340114813807,0.06598150806244552,0.02856187890793782,0.033401581757597665,0.2859385017639122
dadra & nagar haveli & daman & diu,2025,4,8103,2025-Q4,32546677,26195111187.06,647249,26635.0,804.8474867975001,4115.108713957071,24.300694574807583,50.284630798966084,40471.45872308803,1221.9514548526374,8102.0,31444001.0,24673354040.59,630853.0,25741.0,0.035067929173516976,0.06167613628720958,0.025990206910326163,0.034730585447340756,0.18983145550473512
dadra & nagar haveli & daman & diu,2026,1,8104,2026-Q1,33719156,26943767275.15,661947,27377.0,799.0641069174449,4135.829605693507,24.178945830441613,50.93935919340974,40703.813560828894,1231.660006574862,8103.0,32546677.0,26195111187.06,647249.0,26635.0,0.036024537927481726,0.02857999276062717,0.022708416698982825,0.02785808147174773,0.2438908655435783
dadra & nagar haveli & daman & diu,2026,2,8105,2026-Q2,33036223,26552512651.74,685445,27992.0,803.7393576057409,4083.7703973331195,24.48717490711632,48.19675247466974,38737.62687267396,1180.2023078022291,8104.0,33719156.0,26943767275.15,661947.0,27377.0,-0.020253561506699658,-0.014521155093662474,0.03549831028768158,0.022464112210980103,0.1704450725874056
delhi,2018,1,8072,2018-Q1,4861388,8271371793.39,1954765,35.0,1701.4424261939184,1.7904965558519823,55850.42857142857,2.486942420188616,4231.389345210294,138896.8,,,,,,,,,,
delhi,2018,2,8073,2018-Q2,6889986,13364589444.29,2581867,1582.0,1939.7121335645677,61.27348930057203,1632.027180783818,2.6686060900890713,5176.327612650071,4355.237673830594,8072.0,4861388.0,8271371793.39,1954765.0,35.0,0.4172878198572094,0.615764564587727,0.32080684890511146,44.2,
delhi,2018,3,8074,2018-Q3,12574966,19957898704.19,3271387,20830.0,1587.1135320914584,636.7329820654053,157.05170427268362,3.8439249162511193,6100.745250925677,603.6949591934709,8073.0,6889986.0,13364589444.29,2581867.0,1582.0,0.825107627214337,0.49334169877676093,0.2670625558946298,12.166877370417193,
delhi,2018,4,8075,2018-Q4,24850974,31024643827.81,4336314,122312.0,1248.4276804526858,2820.6444459511004,35.45289096736216,5.7308981775766235,7154.611918742508,203.17690823467854,8074.0,12574966.0,19957898704.19,3271387.0,20830.0,0.9762259396963777,0.5545045241309212,0.3255276737359414,4.871915506481037,
delhi,2019,1,8076,2019-Q1,36894345,44300658315.16,5182927,291072.0,1200.743862376741,5615.977226767809,17.806340012093226,7.118438094922039,8547.42085218642,126.75332907321899,8075.0,24850974.0,31024643827.81,4336314.0,122312.0,0.48462370126820775,0.4279183529401098,0.19523793710510806,1.379750147164628,6.589261544233869
delhi,2019,2,8077,2019-Q2,43013774,58968863487.08,5845734,377636.0,1370.9297744271405,6460.027089840215,15.479811246809097,7.358147668025948,10087.503722728403,113.9027370271902,8076.0,36894345.0,44300658315.16,5182927.0,291072.0,0.1658636032161569,0.3311058058679104,0.12788275814033256,0.2973972075637643,5.242940696831605
delhi,2019,3,8078,2019-Q3,55742193,76468995159.52,6463153,457771.0,1371.833274652829,7082.781422627625,14.118747146499013,8.624612940464198,11831.531012730165,121.76872934283736,8077.0,43013774.0,58968863487.08,5845734.0,377636.0,0.2959149550560247,0.296769017369213,0.10561872982930809,0.21220169687212032,3.4327907526747987
delhi,2019,4,8079,2019-Q4,62548835,93652030961.81,6975942,535746.0,1497.262594288287,7679.909035940953,13.020987557536595,8.966363969195845,13425.001377851191,116.75091367924352,8078.0,55742193.0,76468995159.52,6463153.0,457771.0,0.12210933287106229,0.2247059186072069,0.07934037767634461,0.17033625983297318,1.5169570818431501
delhi,2020,1,8080,2020-Q1,64918068,101297919304.47,7506500,620971.0,1560.3963954144476,8272.44388196896,12.088326185924947,8.64824725238127,13494.693839268633,104.54283372331398,8079.0,62548835.0,93652030961.81,6975942.0,535746.0,0.03787813154313735,0.08164145789617616,0.07605539151558305,0.15907724929350842,0.7595668929750616
delhi,2020,2,8081,2020-Q2,52441310,81000333616.01,8071753,662128.0,1544.590202190029,8203.026034121709,12.1906232631757,6.4968923107533145,10035.036207873307,79.20116654181669,8080.0,64918068.0,101297919304.47,7506500.0,620971.0,-0.19219238009362816,-0.20037514914251875,0.07530180510224471,0.06627845744809346,0.21917481595546584
delhi,2020,3,8082,2020-Q3,73862510,129779470523.63,8702719,806650.0,1757.041163692244,9268.942269651589,10.78871753548627,8.487291155787059,14912.519928958984,91.56698692121738,8081.0,52441310.0,81000333616.01,8071753.0,662128.0,0.40847949831916863,0.6022090864324372,0.07816963675672439,0.21826897518304622,0.32507362959329567
delhi,2020,4,8083,2020-Q4,101260942,177739597368.57,9361847,956264.0,1755.2631237478515,10214.480112738438,9.790023466323108,10.816342330738795,18985.526826978694,105.89224523771678,8082.0,73862510.0,129779470523.63,8702719.0,806650.0,0.3709382743695009,0.36955095171395014,0.07573816872634853,0.18547573296968944,0.6189101203883334
delhi,2021,1,8084,2021-Q1,120153276,205668430518.45,9968730,1076714.0,1711.717211259808,10800.914459514903,9.258475323995045,12.053017385364033,20631.357306141304,111.59256404207616,8083.0,101260942.0,177739597368.57,9361847.0,956264.0,0.18657079054231995,0.1571334331987111,0.06482513546739233,0.12595894020898002,0.8508449142386678
delhi,2021,2,8085,2021-Q2,121471283,202501475643.45,10538375,1126168.0,1667.0728310612312,10686.353446333045,9.357729042203294,11.526566761953337,19215.62628426584,107.86248854522593,8084.0,120153276.0,205668430518.45,9968730.0,1076714.0,0.010969380476983481,-0.015398351934794885,0.057143186744951446,0.04593048850483972,1.3163281580875839
delhi,2021,3,8086,2021-Q3,172751582,288115773262.44,11160288,1228686.0,1667.8039640901234,11009.447068032652,9.083108296179821,15.479132975779837,25816.15933768376,140.5986411499765,8085.0,121471283.0,202501475643.45,10538375.0,1126168.0,0.4221598532057984,0.4227835740305097,0.05901412694082331,0.0910325990438372,1.3388263139175747
delhi,2021,4,8087,2021-Q4,180172118,312145482478.9,11796958,1313333.0,1732.4849479701406,11132.81067882076,8.982457609760814,15.272760825290723,26459.8282437642,137.1869266971895,8086.0,172751582.0,288115773262.44,11160288.0,1228686.0,0.04295495250515269,0.08340296313652962,0.05704781095254896,0.06889229632306382,0.7792854228039869
delhi,2022,1,8088,2022-Q1,223152158,376375724015.03,12414526,1422784.0,1686.6326877064305,11460.638932167043,8.725517014529261,17.97508483207494,30317.36564207365,156.84190853987675,8087.0,180172118.0,312145482478.9,11796958.0,1313333.0,0.2385498959389487,0.2057702101790686,0.0523497667788595,0.08333834602496082,0.8572290779653815
delhi,2022,2,8089,2022-Q2,280662698,443015534922.17,12974749,1511233.0,1578.4624678630075,11647.493142256548,8.585538431201542,21.631454912923555,34144.43970532069,185.7176874777086,8088.0,223152158.0,376375724015.03,12414526.0,1422784.0,0.2577189506722135,0.17705661299366593,0.04512641078684765,0.062166147496738766,1.3105271556240994
delhi,2022,3,8090,2022-Q3,336144494,507114703182.28,13539000,1557751.0,1508.6211799806545,11505.657729522121,8.691376221231764,24.827867198463696,37455.84630934929,215.78833459262745,8089.0,280662698.0,443015534922.17,12974749.0,1511233.0,0.19768140331922557,0.14468830821332523,0.04348839426489093,0.03078148769911726,0.9458258506715151
delhi,2022,4,8091,2022-Q4,365023307,556037697335.61,14081903,1593056.0,1523.2936819993524,11312.789187654538,8.83955303517265,25.921447335633545,39485.97695464952,229.13400847176746,8090.0,336144494.0,507114703182.28,13539000.0,1557751.0,0.0859119025165409,0.09647323149245146,0.040099194918383985,0.02266408431129241,1.0259700060805192
delhi,2023,1,8092,2023-Q1,408284405,611515329918.74,14595060,1500599.0,1497.7680323566117,10281.554169698515,9.726156021695337,27.97415050023775,41898.788351588824,272.080952339699,8091.0,365023307.0,556037697335.61,14081903.0,1593056.0,0.11851598835029997,0.09977315000217546,0.036440884445802624,-0.05803750778378158,0.8296233774266257
delhi,2023,2,8093,2023-Q2,479877785,661524275756.0,15072030,1518643.0,1378.5265674592542,10075.902184377286,9.92466958989045,31.838961639540262,43890.854500422305,315.9911743576338,8092.0,408284405.0,611515329918.74,14595060.0,1500599.0,0.1753517379631484,0.0817787280065494,0.032680235641374455,0.012024531537072836,0.7098025082050625
delhi,2023,3,8094,2023-Q3,544463265,707384902988.86,15541397,1545075.0,1299.233480864609,9941.673840517684,10.058668349432875,35.03309676729833,45516.17225844369,352.3863016358429,8093.0,479877785.0,661524275756.0,15072030.0,1518643.0,0.1345873512356901,0.06932569055073556,0.031141591411375957,0.017405012237899253,0.6197298326118053
delhi,2023,4,8095,2023-Q4,595978737,800033234390.39,16011335,1569273.0,1342.3855327751232,9801.012844962646,10.20302713422075,37.22230138836019,49966.678880330095,379.7801510635817,8094.0,544463265.0,707384902988.86,15541397.0,1545075.0,0.09461698393921947,0.13097301201943945,0.030237822249827406,0.01566137566137571,0.6327142009044371
delhi,2024,1,8096,2024-Q1,648689028,833026878275.85,16600851,1610556.0,1284.1698291771477,9701.64722278394,10.307527959288594,39.07564907365291,50179.76959589903,402.7733453540268,8095.0,595978737.0,800033234390.39,16011335.0,1569273.0,0.08844324088696465,0.04124034160980883,0.03681866627611008,0.02630708614753452,0.5888165701553063
delhi,2024,2,8097,2024-Q2,774314356,895745968493.42,17177363,1648369.0,1156.8246947153593,9596.170261989573,10.4208238567942,45.077603355066785,52146.88473972519,469.7457644495862,8096.0,648689028.0,833026878275.85,16600851.0,1610556.0,0.19366032502094366,0.07529059608182442,0.034727858228472686,0.02347822739476313,0.6135657457033565
delhi,2024,3,8098,2024-Q3,844711512,960894810351.47,17734636,1677600.0,1137.5419852825091,9459.4554971413,10.571432999523129,47.630608939478655,54181.81745322937,503.523791130186,8097.0,774314356.0,895745968493.42,17177363.0,1648369.0,0.09091547309501258,0.07273138160769577,0.03244229047264113,0.017733286660935654,0.5514573090619805
delhi,2024,4,8099,2024-Q4,910091437,1058824541586.68,18256126,1707724.0,1163.4265509375186,9354.251827578315,10.690325837196175,49.8512903011296,57998.31473482819,532.9265367237329,8098.0,844711512.0,960894810351.47,17734636.0,1677600.0,0.07739911682415901,0.10191514219895725,0.02940517076301985,0.017956604673342813,0.5270535347975007
delhi,2025,1,8100,2025-Q1,946994561,1075695710049.57,18767127,1736526.0,1135.9048450221985,9253.01992148292,10.807282470864243,50.46028414471752,57318.081241181455,545.3385443120345,8099.0,910091437.0,1058824541586.68,18256126.0,1707724.0,0.040548809163226895,0.015933866094195226,0.027990659135459506,0.016865723032527535,0.4598590697914502
delhi,2025,2,8101,2025-Q2,988353361,1059397596251.98,19263783,1766050.0,1071.8814121096311,9167.721625601784,10.907835565244472,51.30629643201442,54994.26546966294,559.6406449421024,8100.0,946994561.0,1075695710049.57,18767127.0,1736526.0,0.04367374608395447,-0.01515123063643986,0.026464146589938897,0.017001760987166437,0.2764239140621074
delhi,2025,3,8102,2025-Q3,1069317276,1110313539978.99,19764135,1796474.0,1038.3387278024206,9089.565518551659,11.001625962858355,54.103924912474035,56178.20056273598,595.2311450096133,8101.0,988353361.0,1059397596251.98,19263783.0,1766050.0,0.08191798418946239,0.048061222629864675,0.025973714508723544,0.017227145324311355,0.26589641647976014
delhi,2025,4,8103,2025-Q4,1087983371,1170618652301.99,20229290,1835425.0,1075.9527061760487,9073.106371998227,11.021583556941852,53.78257818242756,57867.51054050785,592.7691793453832,8102.0,1069317276.0,1110313539978.99,19764135.0,1796474.0,0.017456086625500244,0.05431358814568821,0.023535307768338898,0.02168191691057042,0.1954660012914724
delhi,2026,1,8104,2026-Q1,1087780733,1157725625834.73,20688029,1864615.0,1064.300543954137,9013.014241231003,11.095067346342274,52.58020147786916,55961.13703411427,583.3808764812039,8103.0,1087983371.0,1170618652301.99,20229290.0,1835425.0,-0.00018625100842650788,-0.011013857025006568,0.022676969878824282,0.015903673536102003,0.14866629418793464
delhi,2026,2,8105,2026-Q2,1171904826,1176560966476.9,21250201,1893905.0,1003.9731387512008,8912.40981673538,11.22030988882758,55.14794076536029,55367.051185864075,618.7769851180498,8104.0,1087780733.0,1157725625834.73,20688029.0,1864615.0,0.0773355240150222,0.01626926123241801,0.02717378248067992,0.01570833657350179,0.1857144137338549
goa,2018,1,8072,2018-Q1,183383,349066357.9,97236,,1903.4826450652458,,,1.885957875683903,3589.888085688428,,,,,,,,,,,
goa,2018,2,8073,2018-Q2,257510,535602446.42,128359,1.0,2079.9287267290592,0.7790649662275337,128359.0,2.006170194532522,4172.691018315818,257510.0,8072.0,183383.0,349066357.9,97236.0,,0.4042195841490215,0.5343857530190252,0.3200769262413099,,
goa,2018,3,8074,2018-Q3,376513,784750606.07,160129,4.0,2084.258992571306,2.4979859987884767,40032.25,2.3513105059046144,4900.740066259079,94128.25,8073.0,257510.0,535602446.42,128359.0,1.0,0.4621296260339405,0.4651736774455042,0.2475089397704875,3.0,
goa,2018,4,8075,2018-Q4,579647,1267443769.85,204229,231.0,2186.578676073541,113.10832447889379,884.1082251082252,2.83822082074534,6205.993124629705,2509.2943722943724,8074.0,376513.0,784750606.07,160129.0,4.0,0.5395139078863147,0.6150911640544097,0.27540295636642953,56.75,
goa,2019,1,8076,2019-Q1,869079,1729283766.11,248825,766.0,1989.7889215019577,307.84688033758664,324.8368146214099,3.492731839646338,6949.799120305435,1134.5678851174935,8075.0,579647.0,1267443769.85,204229.0,231.0,0.4993245889308493,0.3643869710406624,0.21836272027968606,2.316017316017316,3.739147031077035
goa,2019,2,8077,2019-Q2,1066466,2165028896.67,290801,1863.0,2030.096502532664,640.6442893937779,156.09286097691896,3.6673395208407125,7445.053134858546,572.4455179817498,8076.0,869079.0,1729283766.11,248825.0,766.0,0.22712204529162472,0.2519801198042835,0.1686968753139757,1.4321148825065273,3.1414547007883193
goa,2019,3,8078,2019-Q3,1351959,2683370624.35,331094,3458.0,1984.8017760523803,1044.4163893033399,95.74725274725274,4.083308667629132,8104.55829568038,390.9655870445344,8077.0,1066466.0,2165028896.67,290801.0,1863.0,0.26770004857163765,0.23941561633530806,0.13855867070608419,0.8561460010735373,2.5907365748327416
goa,2019,4,8079,2019-Q4,1901461,3915138021.18,370015,4792.0,2059.015683824175,1295.082631785198,77.21515025041737,5.13887545099523,10581.02515081821,396.799040066778,8078.0,1351959.0,2683370624.35,331094.0,3458.0,0.4064487162702419,0.4590373710036326,0.11755271916736643,0.3857721226142279,2.280377540123558
goa,2020,1,8080,2020-Q1,2308644,4491991521.59,410941,5584.0,1945.7272414412964,1358.8325331373603,73.59258595988538,5.617945155143926,10930.988929286686,413.43911174785103,8079.0,1901461.0,3915138021.18,370015.0,4792.0,0.21414217804099067,0.1473392501846309,0.11060632677053639,0.1652754590984975,1.6564259405646666
goa,2020,2,8081,2020-Q2,1740286,2715145069.55,451839,6457.0,1560.1717588660715,1429.0488426187203,69.97661452687007,3.8515621714814348,6009.098527462216,269.519281400031,8080.0,2308644.0,4491991521.59,410941.0,5584.0,-0.24618693917295176,-0.3955587279049586,0.09952280254343071,0.15633954154727792,0.6318251120992138
goa,2020,3,8082,2020-Q3,2133105,3765761100.71,499358,7492.0,1765.389467799288,1500.3264191221529,66.65216230646023,4.271694856195355,7541.2051087796735,284.7176988788041,8081.0,1740286.0,2715145069.55,451839.0,6457.0,0.22572094471828197,0.38694655506349274,0.10516799125352172,0.16029115688400175,0.5777882317437142
goa,2020,4,8083,2020-Q4,4146283,7565195670.72,553679,9461.0,1824.572917651786,1708.7518219040273,58.52224923369623,7.488604407969238,13663.50479378846,438.24997357573193,8082.0,2133105.0,3765761100.71,499358.0,7492.0,0.9437782012606037,1.0089420089058891,0.10878167567156227,0.26281366791244,1.1805774612258677
goa,2021,1,8084,2021-Q1,6169621,11178477599.49,596406,11748.0,1811.8580702915137,1969.7990965885656,50.766598569969354,10.344666217308344,18743.06697030211,525.163517194416,8083.0,4146283.0,7565195670.72,553679.0,9461.0,0.4879883982834745,0.4776190975145147,0.07716926233431276,0.24172920410104637,1.6724003354349999
goa,2021,2,8085,2021-Q2,5343431,8784725625.07,634949,12752.0,1644.0234046383307,2008.3502769513773,49.79211104140527,8.415527861292796,13835.324766351312,419.0268977415307,8084.0,6169621.0,11178477599.49,596406.0,11748.0,-0.1339126017627339,-0.2141393542291672,0.06462543971723966,0.08546135512427644,2.0704326760084264
goa,2021,3,8086,2021-Q3,7417529,11618809271.82,677726,14847.0,1566.3989007417429,2190.708339358384,45.64733616218765,10.944731351608173,17143.81515807273,499.5978312116926,8085.0,5343431.0,8784725625.07,634949.0,12752.0,0.3881584697173033,0.3226149304722783,0.06737076521106422,0.16428795483061487,2.4773389026794272
goa,2021,4,8087,2021-Q4,11465988,18743523947.17,720435,17696.0,1634.7063983644496,2456.2937669602393,40.71174276672694,15.915367798621666,26016.953572730363,647.9423598553345,8086.0,7417529.0,11618809271.82,677726.0,14847.0,0.5457961809114598,0.6132052354650595,0.06301809285758542,0.19189061763319182,1.7653655093007399
goa,2022,1,8088,2022-Q1,13928876,21935946828.8,759279,20221.0,1574.8540534641847,2663.184415741776,37.54903318332427,18.344871911379084,28890.495889916616,688.8322041442066,8087.0,11465988.0,18743523947.17,720435.0,17696.0,0.214799457316718,0.17032138090084237,0.05391742488912943,0.14268761301989152,1.2576550488271483
goa,2022,2,8089,2022-Q2,16022094,24878187518.78,796871,21786.0,1552.7425765184,2733.9431350871096,36.57720554484531,20.106258102001455,31219.843009445693,735.4307353346186,8088.0,13928876.0,21935946828.8,759279.0,20221.0,0.15027903184722158,0.13412873002213388,0.04951012737083471,0.07739478759705265,1.9984655926126864
goa,2022,3,8090,2022-Q3,17781281,25811794705.68,835257,23829.0,1451.62739994267,2852.894378616402,35.052121364723654,21.288395068823128,30902.817582708078,746.203407612573,8089.0,16022094.0,24878187518.78,796871.0,21786.0,0.10979757077944985,0.037527138429808815,0.048170908465736684,0.09377581933351697,1.3971973685576424
goa,2022,4,8091,2022-Q4,23220664,33502458362.18,871837,25200.0,1442.786406201821,2890.4485586181822,34.59670634920635,26.634180471808378,38427.43352505113,921.4549206349207,8090.0,17781281.0,25811794705.68,835257.0,23829.0,0.3059050132552317,0.2979515273615452,0.04379490384396667,0.0575349364220068,1.0251777692423887
goa,2023,1,8092,2023-Q1,24526280,35270734819.25,904953,25609.0,1438.0792692267232,2829.8707225679123,35.33730329181147,27.10226939962628,38975.21177260034,957.721113670975,8091.0,23220664.0,33502458362.18,871837.0,25200.0,0.056226471387726074,0.052780498611593174,0.03798416447111097,0.01623015873015876,0.7608226248837306
goa,2023,2,8093,2023-Q2,26864800,38615163972.77,935702,26285.0,1437.3888498246774,2809.120852579133,35.59832604146852,28.710850249331518,41268.656017375186,1022.0582081034811,8092.0,24526280.0,35270734819.25,904953.0,25609.0,0.09534752110797062,0.09482164663308001,0.033978560212519326,0.026396969815299265,0.6767346390552946
goa,2023,3,8094,2023-Q3,27248674,37450380521.63,967033,27362.0,1374.3927694107242,2829.4794489950186,35.34218989839924,28.177605107581645,38727.096719170906,995.8582705942548,8093.0,26864800.0,38615163972.77,935702.0,26285.0,0.014289106935469365,-0.0301638872221639,0.033483951086991315,0.0409739395092259,0.5324359364210036
goa,2023,4,8095,2023-Q4,33643920,44395207299.53,1001527,28389.0,1319.5610766976617,2834.571609152824,35.27869949628377,33.592624063055716,44327.519177745584,1185.1040896121738,8094.0,27248674.0,37450380521.63,967033.0,27362.0,0.2346993472049319,0.18544075336935273,0.035669930602161504,0.03753380600833278,0.44887846445734714
goa,2024,1,8096,2024-Q1,35146111,45445685425.66,1039130,29320.0,1293.050187705263,2821.5911387410624,35.44099590723056,33.82263143206336,43734.35992191545,1198.7077421555252,8095.0,33643920.0,44395207299.53,1001527.0,28389.0,0.04464970193722961,0.02366197141602555,0.03754566776532231,0.032794392194159805,0.43299803313017704
goa,2024,2,8097,2024-Q2,37182439,47519409391.05,1078255,30281.0,1278.0067867804478,2808.3338356882186,35.608302235725375,34.483901303494996,44070.659900533734,1227.913179881774,8096.0,35146111.0,45445685425.66,1039130.0,29320.0,0.05793892815054269,0.04563082162732912,0.0376516893940122,0.032776261937244255,0.38405791221226293
goa,2024,3,8098,2024-Q3,36966358,45991002795.09,1117049,31250.0,1244.1312935153092,2797.549615101934,35.745568,33.092870590278494,41171.875893617915,1182.923456,8097.0,37182439.0,47519409391.05,1078255.0,30281.0,-0.005811372406204995,-0.032163838219922636,0.03597850230233113,0.032000264192067585,0.3566296106738993
goa,2024,4,8099,2024-Q4,46318894,56637741193.08,1151724,32281.0,1222.778358936636,2802.8416530349286,35.678076887333106,40.2170085888633,49176.487763630874,1434.8655246120009,8098.0,36966358.0,45991002795.09,1117049.0,31250.0,0.25300128295029767,0.23149611339039233,0.031041610529171093,0.03299199999999991,0.3767389174626501
goa,2025,1,8100,2025-Q1,49193973,58807211950.65,1185550,33494.0,1195.4149739166219,2825.1866222428407,35.39589180151669,41.49464214921345,49603.31656248155,1468.739863856213,8099.0,46318894.0,56637741193.08,1151724.0,32281.0,0.062071408699871045,0.03830433050241533,0.029369883756872328,0.03757628326260032,0.3996989026751778
goa,2025,2,8101,2025-Q2,45771675,55369449580.35,1218114,34446.0,1209.6880784972366,2827.814145474069,35.363002961156596,37.57585496923933,45455.06379562996,1328.7950705452013,8100.0,49193973.0,58807211950.65,1185550.0,33494.0,-0.06956742444851938,-0.05845817640844653,0.027467420184724478,0.028423001134531667,0.2310024901809158
goa,2025,3,8102,2025-Q3,46150727,54338864093.72,1252705,35183.0,1177.4216274798878,2808.562271245026,35.60540601995282,36.840857983324085,43377.22296448086,1311.7337066196742,8101.0,45771675.0,55369449580.35,1218114.0,34446.0,0.008281366150572289,-0.01861289022088708,0.028397177932443007,0.021395807931254618,0.24845209257563328
goa,2025,4,8103,2025-Q4,52951592,63813316867.88,1289056,35734.0,1205.125558224576,2772.106099347119,36.07365534225108,41.077805774147905,49503.91361421071,1481.8266077125427,8102.0,46150727.0,54338864093.72,1252705.0,35183.0,0.14736203397185932,0.1743586829091439,0.029018005037099615,0.015660972628826375,0.14319638115711486
goa,2026,1,8104,2026-Q1,55169116,67324007480.51,1325289,36079.0,1220.3205771959442,2722.349615819644,36.7329748607223,41.62798906502657,50799.49164333968,1529.119875828044,8103.0,52951592.0,63813316867.88,1289056.0,35734.0,0.04187832539576908,0.05501501543789966,0.028108165975721855,0.009654670621816797,0.12146087489213353
goa,2026,2,8105,2026-Q2,55208797,69089808304.25,1347940,36404.0,1251.427527106776,2700.7136816178763,37.02724975277442,40.957903912637065,51255.84840886835,1516.558537523349,8104.0,55169116.0,67324007480.51,1325289.0,36079.0,0.0007192611170350194,0.02622839741456562,0.01709136648685683,0.009008010199839322,0.20617820955864086
gujarat,2018,1,8072,2018-Q1,6635512,8197590210.36,2813458,23.0,1235.4118582499736,0.817499319342958,122324.26086956522,2.358489801518274,2913.7062683573026,288500.52173913043,,,,,,,,,,
gujarat,2018,2,8073,2018-Q2,8576111,13039616415.95,3729318,112.0,1520.4579810067758,3.003230081210559,33297.482142857145,2.299645940625069,3496.51502391322,76572.41964285714,8072.0,6635512.0,8197590210.36,2813458.0,23.0,0.29245655798678394,0.5906645832906745,0.325528228962366,3.8695652173913047,
gujarat,2018,3,8074,2018-Q3,12242103,18865469253.16,4601012,274.0,1541.031737207243,5.955211592580067,16792.014598540147,2.6607413760277088,4100.28690495917,44679.20802919708,8073.0,8576111.0,13039616415.95,3729318.0,112.0,0.4274655493614763,0.44678099810388905,0.23374086092953195,1.4464285714285716,
gujarat,2018,4,8075,2018-Q4,16308079,26472137603.71,5796205,1087.0,1623.252965828164,18.75365001755459,5332.295308187672,2.8135787122781197,4567.149989296445,15002.832566697332,8074.0,12242103.0,18865469253.16,4601012.0,274.0,0.33213051711785146,0.4032058915934926,0.2597674163857864,2.9671532846715327,
gujarat,2019,1,8076,2019-Q1,26455226,36847763352.85,6920980,50733.0,1392.8349488622778,733.0320272562557,136.41968738296572,3.8224682053697596,5324.067307353872,521.4599176078686,8075.0,16308079.0,26472137603.71,5796205.0,1087.0,0.6222159581149931,0.3919451426425753,0.1940536954783345,45.672493100275986,2.9869155537658587
gujarat,2019,2,8077,2019-Q2,27791578,46130544795.75,7878532,218360.0,1659.8749734811747,2771.5823201581206,36.080472614031876,3.527507154886215,5855.2208451714105,127.27412529767356,8076.0,26455226.0,36847763352.85,6920980.0,50733.0,0.05051372458507819,0.2519225211584524,0.13835497285066567,3.304101866635129,2.2405804915538057
gujarat,2019,3,8078,2019-Q3,36868399,55866174464.9,8815169,379073.0,1515.2861523740155,4300.235196852153,23.254542001144898,4.182381415489595,6337.504642837817,97.25936429131065,8077.0,27791578.0,46130544795.75,7878532.0,218360.0,0.3266032968692889,0.2110451916892806,0.11888471100961451,0.7360001831837333,2.011606665946202
gujarat,2019,4,8079,2019-Q4,41410517,73077071811.67,9739656,479820.0,1764.6983690561024,4926.457361533097,20.298561960735277,4.251743285389135,7503.04444137144,86.30427451961152,8078.0,36868399.0,55866174464.9,8815169.0,379073.0,0.1231981350749729,0.3080736691140966,0.10487456338046375,0.26577202807902434,1.5392639439629892
gujarat,2020,1,8080,2020-Q1,47012185,84177281289.14,10722212,575783.0,1790.541777395371,5370.002010779119,18.621966956301247,4.384560294088571,7850.73838207452,81.64913691442783,8079.0,41410517.0,73077071811.67,9739656.0,479820.0,0.1352716267705616,0.15189729421667053,0.10088200240337031,0.1999979158851235,0.777047189088462
gujarat,2020,2,8081,2020-Q2,44779825,70966369720.57,11915415,623195.0,1584.784436307422,5230.1577410438495,19.11988221985093,3.758142288791452,5955.845408705446,71.85523792713356,8080.0,47012185.0,84177281289.14,10722212.0,575783.0,-0.04748471061279114,-0.1569415329914483,0.11128328744106164,0.08234352177816984,0.6112732065807851
gujarat,2020,3,8082,2020-Q3,58773255,107948689525.48,13038677,757523.0,1836.6974829874573,5809.814906834489,17.21225230125026,4.507608785768679,8279.113711113481,77.58609969598282,8081.0,44779825.0,70966369720.57,11915415.0,623195.0,0.31249407517782846,0.5211245826794837,0.0942696498611253,0.21554730060414484,0.5941363496689942
gujarat,2020,4,8083,2020-Q4,77350802,145043226247.83,14183614,915535.0,1875.1353896476728,6454.87814318692,15.492159229303086,5.453532646898033,10226.112064797448,84.48699612794705,8082.0,58773255.0,107948689525.48,13038677.0,757523.0,0.3160884487340372,0.34363119075747806,0.08781082620575686,0.20859036623310456,0.8679023495408182
gujarat,2021,1,8084,2021-Q1,92994867,178693454967.37,15212633,1057340.0,1921.5410563184093,6950.407598737181,14.387645412071803,6.11300272608956,11746.385715567449,87.95171562600488,8083.0,77350802.0,145043226247.83,14183614.0,915535.0,0.20224825852484374,0.23200138048531205,0.07254984519460272,0.15488757939346942,0.9781013581904352
gujarat,2021,2,8085,2021-Q2,108741359,203060508004.0,16194721,1139225.0,1867.371438718179,7034.545392909208,14.215559700673703,6.7146176213841535,12538.685168086564,95.4520476639821,8084.0,92994867.0,178693454967.37,15212633.0,1057340.0,0.16932646400795437,0.1363623141154191,0.06455739778906122,0.07744434146064649,1.4283560509671487
gujarat,2021,3,8086,2021-Q3,146565806,266874951666.12,17323185,1237105.0,1820.8541197263978,7141.325339422283,14.003002978728563,8.460673138340322,15405.651539605447,118.47483115822828,8085.0,108741359.0,203060508004.0,16194721.0,1139225.0,0.3478386452757134,0.314263193219545,0.0696809781409633,0.08591805832912724,1.4937500228632903
gujarat,2021,4,8087,2021-Q4,155616570,290763968555.84,18430583,1293971.0,1868.4640623799896,7020.781708316009,14.24342817574737,8.443388361616124,15776.16771839719,120.26279568862053,8086.0,146565806.0,266874951666.12,17323185.0,1237105.0,0.06175222070555808,0.08951389682912958,0.06392577346486794,0.0459669955258446,1.0118287849168004
gujarat,2022,1,8088,2022-Q1,202167410,375175981366.96,19483483,1418981.0,1855.7688470508674,7282.99452413103,13.730615843341102,10.376348520436515,19256.104330368446,142.47365539073462,8087.0,155616570.0,290763968555.84,18430583.0,1293971.0,0.2991380673664765,0.2903111180878968,0.05712787273196951,0.09660958398603992,1.1739631070175087
gujarat,2022,2,8089,2022-Q2,242865983,425192027731.08,20492610,1508860.0,1750.7269749303673,7362.946935505043,13.58151849740864,11.851393404744442,20748.554124197944,160.9599187466034,8088.0,202167410.0,375175981366.96,19483483.0,1418981.0,0.20131124497266883,0.1333135617634309,0.05179397338761249,0.06334052393936207,1.233427880922474
gujarat,2022,3,8090,2022-Q3,298170347,492460968385.96,21579615,1575338.0,1651.6094686838862,7300.12097064753,13.698403136342804,13.817222735438051,22820.655900763755,189.2738872546717,8089.0,242865983.0,425192027731.08,20492610.0,1508860.0,0.2277155627842702,0.15820837708045032,0.053043755773422685,0.04405842821732975,1.0343786530945698
gujarat,2022,4,8091,2022-Q4,329074518,548039488289.37,22608675,1624532.0,1665.396310902961,7185.436563619938,13.91703887642718,14.55523236102956,24240.230278394025,202.56573462387937,8090.0,298170347.0,492460968385.96,21579615.0,1575338.0,0.10364602419703384,0.11285873088697462,0.04768667096238732,0.031227584175586465,1.1146496031881439
gujarat,2023,1,8092,2023-Q1,369002002,602862655965.18,23551635,1582606.0,1633.7652714555734,6719.728800144873,14.881552957590202,15.667787055972973,25597.4863726098,233.16100280170807,8091.0,329074518.0,548039488289.37,22608675.0,1624532.0,0.12133265207730237,0.10003506836146614,0.041707884252394356,-0.02580804810246895,0.8252299022874161
gujarat,2023,2,8093,2023-Q2,425451706,650588973801.56,24442139,1606526.0,1529.172323501178,6572.771720183737,15.214281623826816,17.4064841870018,26617.513868224058,264.82715250173356,8092.0,369002002.0,602862655965.18,23551635.0,1582606.0,0.15297939765649282,0.07916615395586324,0.0378107082586836,0.015114311458442664,0.7517961994702238
gujarat,2023,3,8094,2023-Q3,485612014,713336692583.18,25381367,1639176.0,1468.9436669974561,6458.186432590491,15.484223170666237,19.132618585909892,28104.73890485016,296.2537360234654,8093.0,425451706.0,650588973801.56,24442139.0,1606526.0,0.1414033770498031,0.09644755953204798,0.03842658778759089,0.020323356111261237,0.6286395306774084
gujarat,2023,4,8095,2023-Q4,542379120,803395243183.75,26346004,1672361.0,1481.242941623103,6347.683694271055,15.753778041941901,20.58676981905871,30494.007485300237,324.3194023299993,8094.0,485612014.0,713336692583.18,25381367.0,1639176.0,0.11689806751774467,0.12624971004147323,0.038005714979811867,0.02024492793940369,0.64819544003708
gujarat,2024,1,8096,2024-Q1,614098314,881020106441.82,27405423,1734621.0,1434.6564489050527,6329.480847640994,15.799084065049367,22.40791225882556,32147.655828622675,354.02448949943533,8095.0,542379120.0,803395243183.75,26346004.0,1672361.0,0.1322307429533791,0.09662101427244307,0.040211752795604294,0.03722880406802109,0.6642140440202815
gujarat,2024,2,8097,2024-Q2,701921455,919028632147.89,28470147,1790863.0,1309.3040903670483,6290.318767936112,15.89744553324291,24.654648077510803,32280.43157444498,391.9459249535001,8096.0,614098314.0,881020106441.82,27405423.0,1734621.0,0.14301153251497123,0.04314149634969766,0.03885085079693895,0.03242322098026018,0.6498263965123223
gujarat,2024,3,8098,2024-Q3,763687586,970256325961.42,29515495,1845568.0,1270.488539748792,6252.878361010039,15.992634787772653,25.874124286243546,32872.77838170832,413.7954201633318,8097.0,701921455.0,919028632147.89,28470147.0,1790863.0,0.08799578722095047,0.05574112929844666,0.036717337637912406,0.030546725238055572,0.5726291030353297
gujarat,2024,4,8099,2024-Q4,831355510,1082230469473.02,30455926,1897442.0,1301.766159549505,6230.12414726776,16.05104451150549,27.297003217042228,35534.31504505954,438.14541366745334,8098.0,763687586.0,970256325961.42,29515495.0,1845568.0,0.0886068141482137,0.11540676470276612,0.03186228115096834,0.028107336061310217,0.5327940905984729
gujarat,2025,1,8100,2025-Q1,902261206,1110857728436.59,31378561,1942361.0,1231.193052576606,6190.089469048628,16.154855353870882,28.754065745717273,35401.80597945808,464.51777295775605,8099.0,831355510.0,1082230469473.02,30455926.0,1897442.0,0.08528925970551393,0.026452091094339547,0.030294104339497085,0.023673450888090475,0.4692455351701226
gujarat,2025,2,8101,2025-Q2,919508876,1074252324352.92,32256294,1982430.0,1168.2892383008602,6145.870322238507,16.27108851258304,28.50633975496379,33303.64995907217,463.82917732278065,8100.0,902261206.0,1110857728436.59,31378561.0,1942361.0,0.0191160496376257,-0.03295237828086961,0.02797237897556859,0.020629017983783582,0.30998827497016745
gujarat,2025,3,8102,2025-Q3,1045353791,1155632518250.88,33195778,2020150.0,1105.4941668555923,6085.563049614321,16.432333242580995,31.490564583243085,34812.63545776453,517.4634512288692,8101.0,919508876.0,1074252324352.92,32256294.0,1982430.0,0.13686101166031595,0.07575519461592006,0.029125602587823707,0.01902715354388307,0.3688238622226341
gujarat,2025,4,8103,2025-Q4,1048194862,1234864382391.22,34132806,2064443.0,1178.086658462575,6048.2662925515115,16.5336635596139,30.70930828247757,36178.22637820108,507.7373712909487,8102.0,1045353791.0,1155632518250.88,33195778.0,2020150.0,0.0027178080994780807,0.06856146992147849,0.028227324571215018,0.02192559958418938,0.26082626432583567
gujarat,2026,1,8104,2026-Q1,1127537297,1294388577019.76,34953549,2100808.0,1147.9785018763419,6010.285250290321,16.63814541833428,32.25816345573378,37031.67815719543,536.7160145048953,8103.0,1048194862.0,1234864382391.22,34132806.0,2064443.0,0.07569435596031382,0.04820302170613755,0.024045576563497262,0.017614920828523672,0.24967946034022437
gujarat,2026,2,8105,2026-Q2,1157902686,1297688887688.37,36083882,2136458.0,1120.723618123095,5920.809739927649,16.889581728262385,32.08919389549051,35963.117485207666,541.9730628919455,8104.0,1127537297.0,1294388577019.76,34953549.0,2100808.0,0.02693071801774738,0.002549706268428986,0.032338146835962256,0.016969661197025143,0.2592621085258562
haryana,2018,1,8072,2018-Q1,5044397,7580699902.53,1988481,4.0,1502.7960532309412,0.20115857280004185,497120.25,2.5368092528920316,3812.3069330458775,1261099.25,,,,,,,,,,
haryana,2018,2,8073,2018-Q2,6867153,12521529537.94,2621706,168.0,1823.3945767540058,6.4080411762417295,15605.392857142857,2.6193451897352333,4776.099813609917,40875.91071428572,8072.0,5044397.0,7580699902.53,1988481.0,4.0,0.3613426936856874,0.6517643092244079,0.3184465931532663,41.0,
haryana,2018,3,8074,2018-Q3,9035319,17864845143.18,3194626,3949.0,1977.2235095606475,123.61384399926627,808.9708787034692,2.8282869418830248,5592.155433274505,2288.0017726006586,8073.0,6867153.0,12521529537.94,2621706.0,168.0,0.31572996844543866,0.4267302639865085,0.2185294613507387,22.50595238095238,
haryana,2018,4,8075,2018-Q4,14526062,27650255494.45,3994128,29642.0,1903.4928733231347,742.1394607283493,134.74556372714392,3.6368544022625215,6922.726436020578,490.0499966264085,8074.0,9035319.0,17864845143.18,3194626.0,3949.0,0.6076977470302931,0.5477467211634708,0.25026466321879304,6.506204102304381,
haryana,2019,1,8076,2019-Q1,25636840,38591994904.58,4759566,120132.0,1505.3335319243713,2524.0116430783814,39.61946858455699,5.3863818675904485,8108.301241033321,213.40558718742716,8075.0,14526062.0,27650255494.45,3994128.0,29642.0,0.7648857618809557,0.39571928774134624,0.1916408287365854,3.0527629714594156,4.082240751471385
haryana,2019,2,8077,2019-Q2,28298601,51094727148.56,5414773,192408.0,1805.55664743144,3553.3899574368124,28.14214065943204,5.226184181682224,9436.17158993738,147.07601035299987,8076.0,25636840.0,38591994904.58,4759566.0,120132.0,0.10382562749543234,0.3239721676708711,0.13766108086325524,0.6016381979822196,3.120863624270495
haryana,2019,3,8078,2019-Q3,36134187,62880149756.33,6054463,260991.0,1740.1844341019766,4310.720868225638,23.197976175423673,5.96819024247072,10385.751759706847,138.44993505523178,8077.0,28298601.0,51094727148.56,5414773.0,192408.0,0.27688951831929787,0.23065829422091655,0.11813791640018878,0.3564456779343894,2.999215412316931
haryana,2019,4,8079,2019-Q4,44740993,82429204420.12,6642686,318003.0,1842.36421440445,4787.265271909586,20.888752621830612,6.735376773793011,12409.017138567138,140.69361924258575,8078.0,36134187.0,62880149756.33,6054463.0,260991.0,0.23819011065614948,0.3108938948069544,0.0971552720695461,0.21844431417175314,2.0800497065205974
haryana,2020,1,8080,2020-Q1,51339201,94252119542.41,7305629,376341.0,1835.870401302311,5151.383953387176,19.41225909481029,7.027348500724578,12901.301112116425,136.41670984559215,8079.0,44740993.0,82429204420.12,6642686.0,318003.0,0.14747567180728427,0.1434311444040115,0.09980044217053163,0.18345109951792904,1.002555736198377
haryana,2020,2,8081,2020-Q2,46499694,89232924843.01,7982067,404251.0,1919.0002592922438,5064.490187817266,19.745324068462416,5.825520382126585,11179.175123813167,115.02678781252241,8080.0,51339201.0,94252119542.41,7305629.0,376341.0,-0.09426533537208726,-0.0532528575884339,0.09259134292201265,0.07416146526687228,0.643179957906753
haryana,2020,3,8082,2020-Q3,67366856,128348575809.32,8695590,495270.0,1905.2184327753102,5695.645723866925,17.557271791144224,7.747243832793404,14760.191753442838,136.02046560461972,8081.0,46499694.0,89232924843.01,7982067.0,404251.0,0.44875912516757643,0.4383544642868906,0.08939075555241516,0.2251546687577768,0.8643523375799211
haryana,2020,4,8083,2020-Q4,91338622,176138927815.98,9406195,596567.0,1928.416741561746,6342.277615975429,15.767206365756067,9.710475064571806,18725.842683038147,153.10706425263214,8082.0,67366856.0,128348575809.32,8695590.0,495270.0,0.3558391681511752,0.3723481285655974,0.081720159299139,0.20452884285339312,1.0414974249677473
haryana,2021,1,8084,2021-Q1,105784676,194682830151.45,10053988,689584.0,1840.368922162696,6858.810653046334,14.579787234042554,10.521663244475725,19363.742044594645,153.4036114527019,8083.0,91338622.0,176138927815.98,9406195.0,596567.0,0.15815931622003232,0.10527997737583372,0.06886876149176158,0.15592045822179235,1.0605049151427193
haryana,2021,2,8085,2021-Q2,124382433,232312577411.72,10686682,752220.0,1867.7281976926758,7038.854529403981,14.206857036505278,11.63901321289433,21738.513171040366,165.3537967615857,8084.0,105784676.0,194682830151.45,10053988.0,689584.0,0.17580766613115117,0.1932874472340298,0.06292965537655304,0.090831573818418,1.6749086348826294
haryana,2021,3,8086,2021-Q3,165765789,279337569622.52,11374312,835658.0,1685.1340153336466,7346.8883216848635,13.611204583693329,14.573698083892898,24558.63437037071,198.3655861608457,8085.0,124382433.0,232312577411.72,10686682.0,752220.0,0.33271061677978264,0.20242120652580575,0.06434457392855886,0.11092233655047723,1.460643094283634
haryana,2021,4,8087,2021-Q4,172725358,309594718962.42,12047369,918155.0,1792.4103475438735,7621.2075848261975,13.121280176005142,14.337184990349344,25698.11873135288,188.12222119358933,8086.0,165765789.0,279337569622.52,11374312.0,835658.0,0.04198435058273686,0.10831750766926063,0.0591734251706828,0.09872100787642801,0.8910440536315514
haryana,2022,1,8088,2022-Q1,220541832,382682595071.28,12718254,1026068.0,1735.1927822531193,8067.679730252282,12.395137554236172,17.34057457886908,30089.239849375554,214.9388071745732,8087.0,172725358.0,309594718962.42,12047369.0,918155.0,0.2768352866867412,0.23607597814913572,0.055687262505199175,0.11753244277926922,1.0848183341791393
haryana,2022,2,8089,2022-Q2,271267385,444207427107.71,13329477,1106393.0,1637.5261150827623,8300.348168198947,12.047687394985326,20.350939875585517,33325.195512750426,245.18176181519587,8088.0,220541832.0,382682595071.28,12718254.0,1026068.0,0.23000422432330203,0.16077248568090785,0.048058719380820625,0.07828428525204956,1.1809139639518067
haryana,2022,3,8090,2022-Q3,325918974,499123302373.11,13974131,1171324.0,1531.4337065049485,8382.088303022207,11.930201208205416,23.323022662375212,35717.66304274019,278.24835314567105,8089.0,271267385.0,444207427107.71,13329477.0,1106393.0,0.20146759994755725,0.12362664807962376,0.0483630377996076,0.058687103045662825,0.9661413610500778
haryana,2022,4,8091,2022-Q4,346421564,550189071738.42,14567786,1231301.0,1588.2067657266857,8452.217790678693,11.831214300971087,23.779973429044055,37767.51468880859,281.34596171041846,8090.0,325918974.0,499123302373.11,13974131.0,1171324.0,0.06290701565598322,0.1023109302300953,0.04248242699313476,0.05120444898251897,1.0056207612549861
haryana,2023,1,8092,2023-Q1,382428292,593038018688.34,15150515,1205359.0,1550.7169084873562,7955.894568600474,12.569296782120514,25.24193349202981,39143.093069003924,317.2733534158703,8091.0,346421564.0,550189071738.42,14567786.0,1231301.0,0.1039390492446366,0.07788040357568549,0.04000120539936547,-0.021068771973709155,0.7340396990988993
haryana,2023,2,8093,2023-Q2,458437725,663139120171.87,15685619,1231314.0,1446.5195249188316,7849.954789798222,12.738926869994168,29.226626312930335,42276.885609160214,372.31585525706686,8092.0,382428292.0,593038018688.34,15150515.0,1205359.0,0.1987547328219117,0.1182067578712358,0.035319195420089766,0.021533003860260802,0.6899846806131891
haryana,2023,3,8094,2023-Q3,502016327,679488272348.9,16228788,1272783.0,1353.5182738168196,7842.748330928964,12.750632275886778,30.933691844394048,41869.31718800566,394.4241296434663,8093.0,458437725.0,663139120171.87,15685619.0,1231314.0,0.0950589352130653,0.024654181422433252,0.03462847083051046,0.03367865548511584,0.54031022139877
haryana,2023,4,8095,2023-Q4,555795275,786452421039.64,16779114,1309518.0,1415.0037908106362,7804.452606973169,12.813198444007643,33.124232602508094,46870.91470024222,424.4273656414039,8094.0,502016327.0,679488272348.9,16228788.0,1272783.0,0.10712589433371167,0.15741868262270264,0.03391048056084034,0.02886195054459395,0.6043899478497823
haryana,2024,1,8096,2024-Q1,606097991,811854562422.36,17427671,1349876.0,1339.4774021324217,7745.590331605411,12.910571785852923,34.777911001418374,46584.22587977246,449.00271654581604,8095.0,555795275.0,786452421039.64,16779114.0,1309518.0,0.09050583598430206,0.03229965437596327,0.038652636843637955,0.0308189730878079,0.5848670291370597
haryana,2024,2,8097,2024-Q2,740372930,909199344753.51,18087186,1395864.0,1228.028886406625,7717.41939293376,12.957699317412011,40.9335609198689,50267.59523308435,530.4047743906283,8096.0,606097991.0,811854562422.36,17427671.0,1349876.0,0.2215399836228793,0.11990421294264686,0.03784297970738604,0.03406831442295433,0.614991283712526
haryana,2024,3,8098,2024-Q3,797331124,927213659244.73,18729218,1436920.0,1162.8966076140907,7672.076858734838,13.034280266124767,42.57151174170753,49506.26658543512,554.8890153940373,8097.0,740372930.0,909199344753.51,18087186.0,1395864.0,0.07693176194326834,0.01981338261534238,0.03549651117647601,0.02941260753196584,0.5882573556218222
haryana,2024,4,8099,2024-Q4,844101306,1035939449839.39,19313789,1480933.0,1227.2690996634828,7667.749709805777,13.041635914656503,43.70459395616262,53637.297675737784,569.9794021741699,8098.0,797331124.0,927213659244.73,18729218.0,1436920.0,0.05865841755350809,0.11726077318923833,0.03121171423174207,0.030630097708988613,0.5187270276811906
haryana,2025,1,8100,2025-Q1,857633744,1042384562755.81,19907909,1522080.0,1215.419250989511,7645.60456851596,13.079410412067697,43.08005145090828,52360.32386705254,563.4616734994219,8099.0,844101306.0,1035939449839.39,19313789.0,1480933.0,0.01603177000652578,0.006221515087024843,0.03076144199359332,0.027784511520777766,0.4150083925950516
haryana,2025,2,8101,2025-Q2,941499109,1093601683082.22,20473762,1559622.0,1161.553603851812,7617.662059371404,13.127387277173572,45.985642941438904,53414.789284071,603.6713440820917,8100.0,857633744.0,1042384562755.81,19907909.0,1522080.0,0.09778692313207293,0.04913457293631085,0.028423527553797845,0.024664932198044776,0.271655230560631
haryana,2025,3,8102,2025-Q3,1011816347,1098443930838.64,21056009,1596852.0,1085.6159164610137,7583.8303450573185,13.185948979617397,48.053567368820936,52167.7175783236,633.6318876138803,8101.0,941499109.0,1093601683082.22,20473762.0,1559622.0,0.0746864626082191,0.0044277983760709905,0.02843869143345512,0.023871168783205166,0.26900395148753775
haryana,2025,4,8103,2025-Q4,1025189236,1197344182785.43,21615414,1643434.0,1167.9250432409242,7603.065109000457,13.152590247007181,47.428619040097956,55393.07194326373,623.8091922158115,8102.0,1011816347.0,1098443930838.64,21056009.0,1596852.0,0.013216715701075632,0.09003668659836062,0.026567475346348957,0.02917114422626521,0.21453340814994548
haryana,2026,1,8104,2026-Q1,1030869286,1183521834050.41,22159437,1672054.0,1148.0813815326048,7545.5617396777725,13.25282377243797,46.52055401949066,53409.381928359006,616.5287042164906,8103.0,1025189236.0,1197344182785.43,21615414.0,1643434.0,0.005540489307283458,-0.011544173290978454,0.025168289628873186,0.017414754714822678,0.20199245098732965
haryana,2026,2,8105,2026-Q2,1130714938,1263508678455.99,22839223,1706826.0,1117.4422800948173,7473.222709896917,13.381107974685175,49.50759218034694,55321.87668801123,662.4664365319019,8104.0,1030869286.0,1183521834050.41,22159437.0,1672054.0,0.0968557831298118,0.06758375055222943,0.030677042923066944,0.020795979077230742,0.20097292412838597
himachal pradesh,2018,1,8072,2018-Q1,532148,653574896.66,232961,,1228.1825669926411,,,2.2842793428943042,2805.5120670841898,,,,,,,,,,,
himachal pradesh,2018,2,8073,2018-Q2,752625,1221455463.84,321663,2.0,1622.9270404783258,0.6217687455504675,160831.5,2.339793510599603,3797.3141574878055,376312.5,8072.0,532148.0,653574896.66,232961.0,,0.4143151905109106,0.8688836888963629,0.380759011164959,,
himachal pradesh,2018,3,8074,2018-Q3,983069,1754538049.24,411528,1.0,1784.7557488233278,0.24299683132131958,411528.0,2.388826519702183,4263.471863980094,983069.0,8073.0,752625.0,1221455463.84,321663.0,2.0,0.3061870121242318,0.4364322737761557,0.27937624159446384,-0.5,
himachal pradesh,2018,4,8075,2018-Q4,1486465,2782592809.74,536663,17.0,1871.9531302385187,3.167723506185446,31568.41176470588,2.7698294833070287,5184.990971503532,87439.11764705883,8074.0,983069.0,1754538049.24,411528.0,1.0,0.5120657858197135,0.5859404194427784,0.30407408487393317,16.0,
himachal pradesh,2019,1,8076,2019-Q1,2315161,3423445243.37,664582,358.0,1478.7072015164388,53.868446632620206,1856.3743016759777,3.4836348261012184,5151.2759048093385,6466.930167597765,8075.0,1486465.0,2782592809.74,536663.0,17.0,0.5574944583289885,0.23030765816212972,0.23836001363984471,20.058823529411764,3.35059607477619
himachal pradesh,2019,2,8077,2019-Q2,2594858,4771816578.54,782863,3990.0,1838.950947812944,509.6677196393239,196.2062656641604,3.3145748362101672,6095.34053664562,650.340350877193,8076.0,2315161.0,3423445243.37,664582.0,358.0,0.12081103646787406,0.3938638533159884,0.177978037322708,10.145251396648044,2.447743564191995
himachal pradesh,2019,3,8078,2019-Q3,2800215,5428453807.34,895546,7828.0,1938.5846470146043,874.1036194679,114.40291262135922,3.1268243060657968,6061.613593651247,357.71780786918754,8077.0,2594858.0,4771816578.54,782863.0,3990.0,0.07913997606034706,0.13760739081067253,0.14393706178475663,0.9619047619047618,1.8484419710111903
himachal pradesh,2019,4,8079,2019-Q4,3593015,6985396691.33,1005852,11892.0,1944.1601806087644,1182.2812898915547,84.58224016145307,3.5721110063906023,6944.755979338908,302.13715102589975,8078.0,2800215.0,5428453807.34,895546.0,7828.0,0.28312111748562163,0.2868114824675865,0.12317178570391696,0.5191619826264691,1.41715412068229
himachal pradesh,2020,1,8080,2020-Q1,4235511,7195985019.6,1132310,14466.0,1698.9650173497366,1277.5653310489176,78.2738835891055,3.740593123791188,6355.1368614602015,292.7907507258399,8079.0,3593015.0,6985396691.33,1005852.0,11892.0,0.17881806783439536,0.030146939046622023,0.12572227325690055,0.2164480322906155,0.8294671515285545
himachal pradesh,2020,2,8081,2020-Q2,4848448,7841832501.07,1275538,15575.0,1617.3902455115533,1221.0533908045077,81.89650080256821,3.8011003984201177,6147.862706614777,311.29682182985556,8080.0,4235511.0,7195985019.6,1132310.0,14466.0,0.14471382555729395,0.08975108754546857,0.12649186176930338,0.07666251901009269,0.8684829767178011
himachal pradesh,2020,3,8082,2020-Q3,5877958,10905705832.23,1408247,18895.0,1855.3562023120953,1341.7390557196288,74.53014024874305,4.17395385894662,7744.171180361115,311.0853664990738,8081.0,4848448.0,7841832501.07,1275538.0,15575.0,0.2123380512691897,0.39070884652814786,0.10404158872569846,0.21316211878009628,1.099109532660885
himachal pradesh,2020,4,8083,2020-Q4,7648490,14312857828.54,1534598,24496.0,1871.3311815194895,1596.2486592579946,62.64688112344873,4.984034906861601,9326.7799309917,312.2342423252776,8082.0,5877958.0,10905705832.23,1408247.0,18895.0,0.3012154901413042,0.3124192096068399,0.08972218651983632,0.2964276263561789,1.12871084590518
himachal pradesh,2021,1,8084,2021-Q1,8416756,15284058641.69,1638990,31399.0,1815.9084856077568,1915.7529942220515,52.19879614000446,5.135330905008573,9325.290966808827,268.0580910220071,8083.0,7648490.0,14312857828.54,1534598.0,24496.0,0.10044675484965015,0.06785512891865753,0.06802563277157936,0.28180111038536904,0.987187850533265
himachal pradesh,2021,2,8085,2021-Q2,10673405,18003833831.48,1741024,38403.0,1686.793842403619,2205.7708566912347,45.33562482097753,6.130532950723253,10340.945231932472,277.9315418066297,8084.0,8416756.0,15284058641.69,1638990.0,31399.0,0.26811386714786556,0.17794849218723408,0.06225419313113556,0.2230644288034651,1.2014065119394908
himachal pradesh,2021,3,8086,2021-Q3,12997641,22459107257.73,1846491,50357.0,1727.9371893507443,2727.1727834037642,36.66801040570328,7.0391033587491085,12163.128473266319,258.1099152054332,8085.0,10673405.0,18003833831.48,1741024.0,38403.0,0.21775956220156556,0.24746248315510888,0.060577568143804994,0.31127776475796165,1.2112510841350006
himachal pradesh,2021,4,8087,2021-Q4,13750261,23742042055.62,1950122,63178.0,1726.6611925126365,3239.694747302989,30.86710563803856,7.050974759527866,12174.644486662884,217.64318275349015,8086.0,12997641.0,22459107257.73,1846491.0,50357.0,0.057904353566928135,0.057123143104828245,0.05612320883232025,0.25460214071529275,0.7977745934164784
himachal pradesh,2022,1,8088,2022-Q1,16563694,26739954514.57,2050007,75280.0,1614.3714387968046,3672.1825827911807,27.231761424017,8.079823142067319,13043.835711082938,220.02781615302868,8087.0,13750261.0,23742042055.62,1950122.0,63178.0,0.20460942523200099,0.1262702025346789,0.05121987239772685,0.19155402196967297,0.9679427560927274
himachal pradesh,2022,2,8089,2022-Q2,22234130,33881003865.98,2145736,86078.0,1523.8286303975015,4011.5839040776686,24.927809661005135,10.362006323238273,15789.921903710429,258.30212133181533,8088.0,16563694.0,26739954514.57,2050007.0,75280.0,0.3423412675940525,0.26705540383469994,0.04669691371785567,0.14343783209351746,1.0831337328621933
himachal pradesh,2022,3,8090,2022-Q3,24383236,35641730907.87,2243636,94578.0,1461.730957608334,4215.389662137709,23.7225993359978,10.867732555548226,15885.701115452775,257.81086510605,8089.0,22234130.0,33881003865.98,2145736.0,86078.0,0.09665797582365498,0.05196797145842402,0.04562537050224269,0.09874764748251597,0.8759739555816322
himachal pradesh,2022,4,8091,2022-Q4,27607097,38681552816.71,2334678,103146.0,1401.14524959687,4417.996828684726,22.63469257169449,11.824798537528515,16568.260298298093,267.65067961918055,8090.0,24383236.0,35641730907.87,2243636.0,94578.0,0.13221628991328305,0.08528827953663654,0.04057788339998103,0.09059189240626786,1.0077507619673547
himachal pradesh,2023,1,8092,2023-Q1,28591197,38288728155.0,2420834,105878.0,1339.1789142301388,4373.616695733785,22.864372201968305,11.810473993673254,15816.33773939064,270.0390732730123,8091.0,27607097.0,38681552816.71,2334678.0,103146.0,0.035646631009410346,-0.010155348818889798,0.03690273348187634,0.026486727551238154,0.7261365127851311
himachal pradesh,2023,2,8093,2023-Q2,36965811,47592612549.7,2502650,109661.0,1287.4764887398248,4381.795296985196,22.821695953894274,14.770667492457994,19016.887119533294,337.0916825489463,8092.0,28591197.0,38288728155.0,2420834.0,105878.0,0.29290882784655703,0.2429927773269489,0.033796617198866175,0.03572980222520261,0.6625706065404853
himachal pradesh,2023,3,8094,2023-Q3,34725152,42559427469.1,2584543,113340.0,1225.6080972402942,4385.301385970363,22.803449797070762,13.435702946323586,16466.906323129464,306.3803776248456,8093.0,36965811.0,47592612549.7,2502650.0,109661.0,-0.06061436065882608,-0.10575559547910818,0.03272251413501692,0.03354884598900254,0.4241404217225311
himachal pradesh,2023,4,8095,2023-Q4,40615274,49155662459.06,2677484,116857.0,1210.2752885296304,4364.4331768182365,22.912482778096305,15.169193914884271,18358.900542098476,347.56389433238917,8094.0,34725152.0,42559427469.1,2584543.0,113340.0,0.16962120137011927,0.15498880934780312,0.035960322579272175,0.03103052761602254,0.47118960026836576
himachal pradesh,2024,1,8096,2024-Q1,40811785,48667221254.53,2783894,120041.0,1192.47960496043,4311.98170620002,23.19119300905524,14.659963705514649,17481.70772828635,339.9820478003349,8095.0,40615274.0,49155662459.06,2677484.0,116857.0,0.0048383521923303086,-0.009936621339134755,0.039742534409169306,0.027246977074544043,0.42742484688556415
himachal pradesh,2024,2,8097,2024-Q2,54506909,60644407062.34,2904980,126235.0,1112.6003689246072,4345.468815620073,23.012476729908503,18.76326480733086,20876.015346866414,431.78919475581256,8096.0,40811785.0,48667221254.53,2783894.0,120041.0,0.33556787579862046,0.24610375318469924,0.04349519054964013,0.051599036995693126,0.47452220106844134
himachal pradesh,2024,3,8098,2024-Q3,50250250,56752036636.13,3013084,130210.0,1129.3881450565916,4321.485892859277,23.140188925581754,16.677347860199053,18835.198964293726,385.91698026265266,8097.0,54506909.0,60644407062.34,2904980.0,126235.0,-0.07809393484411309,-0.06418350206984136,0.037213337096985155,0.031488889769081485,0.4470850984323984
himachal pradesh,2024,4,8099,2024-Q4,54095801,63783710820.25,3099424,133259.0,1179.0880186846664,4299.476289788038,23.25864669553276,17.453501360252744,20579.214337970538,405.944821738119,8098.0,50250250.0,56752036636.13,3013084.0,130210.0,0.07652799737314742,0.12390170645688214,0.028655025880460094,0.023416020274940497,0.3319078187186426
himachal pradesh,2025,1,8100,2025-Q1,57676428,63527597457.04,3187150,136228.0,1101.4481940011958,4274.288941530835,23.39570426050445,18.0965527195143,19932.415310556455,423.3815955603841,8099.0,54095801.0,63783710820.25,3099424.0,133259.0,0.06619047936825995,-0.00401534121982583,0.028303968737416918,0.02227992105598875,0.4132297325392653
himachal pradesh,2025,2,8101,2025-Q2,63902910,68743474561.78,3270465,139315.0,1075.7487344751592,4259.791803306258,23.475325700750098,19.53939577399544,21019.48027628487,458.69367979040305,8100.0,57676428.0,63527597457.04,3187150.0,136228.0,0.10795540250862978,0.08210411401544326,0.026140909590072647,0.022660539683471814,0.17238183511745264
himachal pradesh,2025,3,8102,2025-Q3,60321591,63475574844.57,3355425,142979.0,1052.2861514804872,4261.129365132584,23.467956832821603,17.977332528666263,18917.2980604752,421.89126375201954,8101.0,63902910.0,68743474561.78,3270465.0,139315.0,-0.05604312855236171,-0.07663126937925901,0.02597795726295793,0.0263001112586585,0.20042369938458027
himachal pradesh,2025,4,8103,2025-Q4,62902497,71816498201.72,3444065,147497.0,1141.7114045841456,4282.642749193177,23.350068136979058,18.26402724687252,20852.248201389928,426.46628067011534,8102.0,60321591.0,63475574844.57,3355425.0,142979.0,0.04278577466565836,0.13140366790807456,0.026416921850436204,0.0315990460137503,0.16279814398163728
himachal pradesh,2026,1,8104,2026-Q1,62733321,69091806359.41,3529338,150358.0,1101.357384848317,4260.232372189912,23.472898016733396,17.77481244358007,19576.420949030668,417.2263597547187,8103.0,62902497.0,71816498201.72,3444065.0,147497.0,-0.0026894957762964022,-0.03793963658123256,0.024759404947351404,0.019397004684841068,0.0876769449037309
himachal pradesh,2026,2,8105,2026-Q2,74853009,82068147069.83,3592809,154191.0,1096.3907552444552,4291.655916025595,23.301029242951923,20.834118652007383,22842.335083726968,485.4564079615542,8104.0,62733321.0,69091806359.41,3529338.0,150358.0,0.19319378931014985,0.187813018564287,0.017983825861960456,0.025492491254206717,0.1713552481412819
jammu & kashmir,2018,1,8072,2018-Q1,656163,592623090.2,256997,2.0,903.1644426765911,0.7782192010023463,128498.5,2.553193227936513,2305.9533387549272,328081.5,,,,,,,,,,
jammu & kashmir,2018,2,8073,2018-Q2,1086777,1213266618.94,380192,2.0,1116.3896723430842,0.5260499957916001,190096.0,2.8584951813820387,3191.194498937379,543388.5,8072.0,656163.0,592623090.2,256997.0,2.0,0.6562607157063107,1.0472820566787964,0.47936357233742033,0.0,
jammu & kashmir,2018,3,8074,2018-Q3,1277209,2141341083.78,476825,8.0,1676.5784486172583,1.6777643789650292,59603.125,2.6785697058669324,4490.832241975568,159651.125,8073.0,1086777.0,1213266618.94,380192.0,2.0,0.17522638038898508,0.7649385966382516,0.25416894621664854,3.0,
jammu & kashmir,2018,4,8075,2018-Q4,1268516,3101815416.74,601895,21.0,2445.231606649029,3.488980636157469,28661.666666666668,2.1075370288837756,5153.416155209796,60405.52380952381,8074.0,1277209.0,2141341083.78,476825.0,8.0,-0.006806247059017001,0.44853869392190604,0.2622974885964453,1.625,
jammu & kashmir,2019,1,8076,2019-Q1,1828165,3498272585.79,740329,1545.0,1913.5431352148191,208.6910008928463,479.17734627831715,2.469395363412753,4725.294545789777,1183.2783171521035,8075.0,1268516.0,3101815416.74,601895.0,21.0,0.4411840292120872,0.12781455882590054,0.22999692637420144,72.57142857142857,1.7861446012652342
jammu & kashmir,2019,2,8077,2019-Q2,2119162,5403213176.76,864680,5604.0,2549.6933112050897,648.1010315955035,154.2969307637402,2.4508049220520887,6248.800916824722,378.1516773733048,8076.0,1828165.0,3498272585.79,740329.0,1545.0,0.1591743633643572,0.544537495079108,0.1679672145762221,2.6271844660194175,0.9499510939226723
jammu & kashmir,2019,3,8078,2019-Q3,947784,3026506976.76,911309,6323.0,3193.245482894837,693.8371068430138,144.12604776213823,1.0400248433846258,3321.054633236367,149.8946702514629,8077.0,2119162.0,5403213176.76,864680.0,5604.0,-0.5527552872314623,-0.4398690412998244,0.053926307998334755,0.12830121341898648,-0.25792568013535766
jammu & kashmir,2019,4,8079,2019-Q4,272081,1153430776.56,934260,6435.0,4239.2918894005825,688.780425149316,145.1841491841492,0.29122621111896047,1234.592914777471,42.28142968142968,8078.0,947784.0,3026506976.76,911309.0,6323.0,-0.712929317228398,-0.618890428663477,0.025184651967664173,0.017713110865095638,-0.7855123624770992
jammu & kashmir,2020,1,8080,2020-Q1,852425,2717731573.1,1010260,6711.0,3188.235414376631,664.2844416288876,150.5379228132916,0.8437679409260982,2690.1308307762356,127.01907316346298,8079.0,272081.0,1153430776.56,934260.0,6435.0,2.1329824574299567,1.356215585997611,0.08134780467963942,0.04289044289044286,-0.5337264415411082
jammu & kashmir,2020,2,8081,2020-Q2,2478234,7385817104.09,1132400,7274.0,2980.2743018173423,642.3525256093253,155.6777563926313,2.188479335923702,6522.2687249116925,340.69755292823754,8080.0,852425.0,2717731573.1,1010260.0,6711.0,1.907275126844004,1.7176403943621685,0.1208995704076179,0.08389211741916247,0.1694405618824799
jammu & kashmir,2020,3,8082,2020-Q3,3263787,10448451928.0,1249897,13647.0,3201.3277606657543,1091.8499684373992,91.58767494687477,2.6112447665687655,8359.450361109755,239.15783688722797,8081.0,2478234.0,7385817104.09,1132400.0,7274.0,0.31698096305675727,0.41466431956648675,0.10375927234192872,0.8761341765191091,2.4435979083841888
jammu & kashmir,2020,4,8083,2020-Q4,5697218,13861828201.92,1396218,21742.0,2433.0872018448304,1557.2066826240602,64.21755128323062,4.080464511988816,9928.125981701998,262.03743905804436,8082.0,3263787.0,10448451928.0,1249897.0,13647.0,0.745585113244216,0.326687273621153,0.11706644627517315,0.5931706602183631,19.93941877602626
jammu & kashmir,2021,1,8084,2021-Q1,6819001,14689457308.72,1549842,37358.0,2154.1949192733655,2410.4392576791697,41.48621446544247,4.399803980018608,9478.035379554818,182.53121152095937,8083.0,5697218.0,13861828201.92,1396218.0,21742.0,0.19690013617172442,0.05970562430469051,0.11002866314572657,0.7182411921626346,6.999531923629645
jammu & kashmir,2021,2,8085,2021-Q2,9759120,19030309332.02,1701193,45615.0,1950.0025957278935,2681.3536147867994,37.29459607585224,5.736633056919468,11186.449351731402,213.94541269319302,8084.0,6819001.0,14689457308.72,1549842.0,37358.0,0.4311656502176786,0.29550799134854167,0.09765576103886708,0.22102360940093146,2.9379332218022993
jammu & kashmir,2021,3,8086,2021-Q3,12146768,25141751151.75,1855715,60539.0,2069.8305221397163,3262.3005148958755,30.65321528271032,6.545599943956912,13548.282549718033,200.6436842366078,8085.0,9759120.0,19030309332.02,1701193.0,45615.0,0.24465812491290206,0.3211425370499372,0.09083155174045499,0.32717307903102055,2.7216791414390706
jammu & kashmir,2021,4,8087,2021-Q4,13451800,27038608302.85,2040417,89313.0,2010.0364488655791,4377.193485449297,22.845688757515703,6.5926719881279165,13251.510991552217,150.61413232116266,8086.0,12146768.0,25141751151.75,1855715.0,60539.0,0.10743862070964072,0.07544650090803118,0.09953144744747977,0.4752969160375955,1.3611173032171142
jammu & kashmir,2022,1,8088,2022-Q1,16932419,31916535500.42,2232542,122511.0,1884.9365527996915,5487.511545135545,18.223196284415277,7.584367505740094,14296.051541435725,138.21141775024284,8087.0,13451800.0,27038608302.85,2040417.0,89313.0,0.2587474538723442,0.1804060010387385,0.09415967422345539,0.3717040072553828,1.4831231143682189
jammu & kashmir,2022,2,8089,2022-Q2,24566238,43852978538.41,2422700,147683.0,1785.0913330079275,6095.802204152392,16.404731756532573,10.140024765757213,18100.870325838943,166.34438628684413,8088.0,16932419.0,31916535500.42,2232542.0,122511.0,0.45084042628522236,0.37398930838946876,0.08517555324827031,0.20546726416403427,1.5172595479920319
jammu & kashmir,2022,3,8090,2022-Q3,30956037,52238599727.46,2603073,167970.0,1687.509280579423,6452.757951851523,15.497249508840865,11.892112514708577,20068.050234265425,184.29503482764778,8089.0,24566238.0,43852978538.41,2422700.0,147683.0,0.2601049049512587,0.19122124582039923,0.07445123209642124,0.13736855291401184,1.5484998972566202
jammu & kashmir,2022,4,8091,2022-Q4,37429141,54950573837.61,2801460,191336.0,1468.1227612893922,6829.867283487895,14.641572939749969,13.36058376703576,19614.97713249877,195.61996174269348,8090.0,30956037.0,52238599727.46,2603073.0,167970.0,0.20910635298697966,0.05191513793055247,0.07621261485943731,0.13910817407870457,1.7824633877994023
jammu & kashmir,2023,1,8092,2023-Q1,42238384,56989379844.37,2995581,211380.0,1349.232012388779,7056.394068462846,14.171544138518309,14.100230973557384,19024.48301159942,199.82204560507142,8091.0,37429141.0,54950573837.61,2801460.0,191336.0,0.12848926989801868,0.03710254260101231,0.06929279732710802,0.10475812183802313,1.4945274505668684
jammu & kashmir,2023,2,8093,2023-Q2,59065448,77930824657.74,3178196,227949.0,1319.397842504132,7172.276347965953,13.942574874204318,18.584583203804925,24520.45898293875,259.11694282493016,8092.0,42238384.0,56989379844.37,2995581.0,211380.0,0.3983832336009825,0.3674622336750839,0.06096146290152071,0.07838489923360781,1.4043342737296611
jammu & kashmir,2023,3,8094,2023-Q3,67501820,87600579308.04,3356452,242043.0,1297.7513688970164,7211.275477796196,13.867172361935689,20.111063706556806,26099.160455159195,278.88358680069246,8093.0,59065448.0,77930824657.74,3178196.0,227949.0,0.1428309152924736,0.1240812565857996,0.05608716391311308,0.061829619783372536,1.1805704651406121
jammu & kashmir,2023,4,8095,2023-Q4,73674593,94888368455.39,3588585,250758.0,1287.9388211264363,6987.656694769666,14.310949202019478,20.530262763735568,26441.722421341557,293.8075475159317,8094.0,67501820.0,87600579308.04,3356452.0,242043.0,0.09144602323315132,0.08319338987157976,0.06916023229290924,0.036005998934073746,0.9683752026262105
jammu & kashmir,2024,1,8096,2024-Q1,77789259,94972171992.32,3840608,264241.0,1220.8905601263023,6880.186678775861,14.534489348738463,20.25441258259109,24728.42112298886,294.3875439466245,8095.0,73674593.0,94888368455.39,3588585.0,250758.0,0.05584918534941896,0.0008831802916857701,0.070229073576354,0.053768972475454424,0.841672233483175
jammu & kashmir,2024,2,8097,2024-Q2,112089466,130230163165.34,4103216,276715.0,1161.8412310514532,6743.8565261979875,14.828310716802486,27.317466592058523,31738.559014524217,405.07188262291527,8096.0,77789259.0,94972171992.32,3840608.0,264241.0,0.4409375721139084,0.37124549679532604,0.06837667369333178,0.047206905817038125,0.8977163434026607
jammu & kashmir,2024,3,8098,2024-Q3,121217339,144846888446.57,4334950,287841.0,1194.9353915991342,6640.007381861383,15.060224221010905,27.962799801612476,33413.739131147995,421.12603485952314,8097.0,112089466.0,130230163165.34,4103216.0,276715.0,0.08143381644801484,0.11223763317160751,0.05647618843365798,0.0402074336411109,0.7957640105111239
jammu & kashmir,2024,4,8099,2024-Q4,127341972,160964790491.8,4516651,298282.0,1264.0356354132791,6604.052427340523,15.142217767079476,28.193892333058276,35638.084609990896,426.91805740876083,8098.0,121217339.0,144846888446.57,4334950.0,287841.0,0.050526047267874796,0.11127544552795432,0.04191536234558635,0.0362734982160291,0.7284380790539284
jammu & kashmir,2025,1,8100,2025-Q1,132457102,150194823534.54,4699442,309405.0,1133.9129519422825,6583.866765458537,15.188642717473861,28.18570843091584,31960.13984948426,428.1026550960715,8099.0,127341972.0,160964790491.8,4516651.0,298282.0,0.040168452864857374,-0.06690883717087581,0.04047047248060576,0.03729021529961574,0.702768527464698
jammu & kashmir,2025,2,8101,2025-Q2,155749073,166352644525.11,4865971,321443.0,1068.0811212604135,6605.9374377693575,15.137896921071542,32.007809540993975,34186.937103634606,484.53092150085706,8100.0,132457102.0,150194823534.54,4699442.0,309405.0,0.1758453918159859,0.10757908035927888,0.035435909199432514,0.03890693427708025,0.3895067802357093
jammu & kashmir,2025,3,8102,2025-Q3,163198940,177365135331.55,5026228,333554.0,1086.8032312682299,6636.268788443342,15.068708514963095,32.469466168267736,35287.92074922785,489.27292132608216,8101.0,155749073.0,166352644525.11,4865971.0,321443.0,0.0478324965696586,0.0661996738186974,0.03293422833798232,0.03767697538910486,0.3463332997270301
jammu & kashmir,2025,4,8103,2025-Q4,161467965,188185882406.3,5205677,348390.0,1165.4688433479669,6692.501282734215,14.942096501047676,31.017668787364258,36150.126564959755,463.46900025833116,8102.0,163198940.0,177365135331.55,5026228.0,333554.0,-0.010606533351258274,0.06100830952217695,0.03570251886703102,0.044478555196459935,0.2679869996044981
jammu & kashmir,2026,1,8104,2026-Q1,154466958,172634617938.56,5380456,355982.0,1117.615185627984,6616.20502054101,15.114404660909821,28.70889716410654,32085.49943323763,433.91788910675257,8103.0,161467965.0,188185882406.3,5205677.0,348390.0,-0.043358489097202635,-0.08263778487997442,0.033574691629926434,0.021791670254599715,0.16616591838163575
jammu & kashmir,2026,2,8105,2026-Q2,187742125,203028380125.52,5645686,365134.0,1081.42155163909,6467.4868563359705,15.461956432433025,33.25408550882922,35961.68474929707,514.1732213379198,8104.0,154466958.0,172634617938.56,5380456.0,355982.0,0.21541931964504668,0.17605832798713061,0.04929507833536784,0.02570916507014398,0.2054140765255148
jharkhand,2018,1,8072,2018-Q1,2678000,2859566816.58,880343,,1067.7994087303957,,,3.0419961310534642,3248.2416700990407,,,,,,,,,,,
jharkhand,2018,2,8073,2018-Q2,3756004,5562125948.33,1238359,,1480.8626264322402,,,3.033049382287366,4491.529474352752,,8072.0,2678000.0,2859566816.58,880343.0,,0.4025407020164302,0.9450938918721337,0.4066778517009848,,
jharkhand,2018,3,8074,2018-Q3,9200318,9973432389.38,1545612,16.0,1084.0312681996427,1.0351886501916392,96600.75,5.952540482346151,6452.74000808741,575019.875,8073.0,3756004.0,5562125948.33,1238359.0,,1.4494963264149878,0.7930971865846497,0.24811302699782534,,
jharkhand,2018,4,8075,2018-Q4,7195365,11735730522.0,1954512,227.0,1631.0125368205781,11.614152279443667,8610.185022026431,3.6814125469682457,6004.430017313784,31697.64317180617,8074.0,9200318.0,9973432389.38,1545612.0,16.0,-0.21792214138685206,0.1766992609782514,0.2645553994146008,13.1875,
jharkhand,2019,1,8076,2019-Q1,10723720,15422660565.06,2344245,39115.0,1438.1819522572391,1668.554268005264,59.93212322638374,4.5744877348570645,6578.945701093528,274.15876262303465,8075.0,7195365.0,11735730522.0,1954512.0,227.0,0.49036497801014955,0.31416280700621213,0.1994016920847761,171.31277533039648,3.0043764002987308
jharkhand,2019,2,8077,2019-Q2,11813006,21079454312.57,2680159,103275.0,1784.4276310847551,3853.3161651976616,25.951672718470103,4.407576565420186,7865.0014094574235,114.3839845073832,8076.0,10723720.0,15422660565.06,2344245.0,39115.0,0.10157725117776284,0.36678455858164005,0.14329304317594782,1.6402914482934934,2.145099419489436
jharkhand,2019,3,8078,2019-Q3,15944483,23997376549.45,3022018,147954.0,1505.0583044586645,4895.86759575886,20.425388972248133,5.2761045764783665,7940.8450080211305,107.76648823282912,8077.0,11813006.0,21079454312.57,2680159.0,103275.0,0.34973968522491217,0.13842494182309073,0.12755176092164677,0.4326216412490922,0.7330360754921732
jharkhand,2019,4,8079,2019-Q4,20545968,31768782167.63,3396614,175728.0,1546.2295165469936,5173.622907990134,19.328814986797777,6.048955813053824,9353.07402243234,116.9191477738323,8078.0,15944483.0,23997376549.45,3022018.0,147954.0,0.28859418019386385,0.3238439669505504,0.12395558199851897,0.18772050772537408,1.8554448592948378
jharkhand,2020,1,8080,2020-Q1,20690673,38005984652.32,3782690,208858.0,1836.8655602608962,5521.414654650526,18.11130050081874,5.469830464563578,10047.343200822696,99.06574323224392,8079.0,20545968.0,31768782167.63,3396614.0,175728.0,0.007042987704448889,0.19633117982864445,0.11366496163532269,0.18853000091049799,0.9294305520845378
jharkhand,2020,2,8081,2020-Q2,22126359,41175811278.05,4198053,223796.0,1860.9393112554128,5330.947465408369,18.758391570894922,5.270624024994444,9808.311442959392,98.86842928381205,8080.0,20690673.0,38005984652.32,3782690.0,208858.0,0.0693880764535788,0.083403354885492,0.10980624899211944,0.07152227829434343,0.8730506866753476
jharkhand,2020,3,8082,2020-Q3,31367125,59164756770.2,4625467,268769.0,1886.2027288187871,5810.6349045404495,17.209823305515144,6.781396343331387,12791.088287993407,116.70663283339968,8081.0,22126359.0,41175811278.05,4198053.0,223796.0,0.41763608734722246,0.43688138578922286,0.10181243543137741,0.20095533432232937,0.9672713753089393
jharkhand,2020,4,8083,2020-Q4,43790272,80715425964.23,5079848,344805.0,1843.227326019578,6787.703096628088,14.732524180333812,8.620390216400176,15889.338807820626,127.00010730702861,8082.0,31367125.0,59164756770.2,4625467.0,268769.0,0.3960562850436564,0.36424842035156657,0.09823462149875883,0.2829046504619208,1.1313316559239261
jharkhand,2021,1,8084,2021-Q1,52349920,96054296641.16,5505298,414090.0,1834.8508773491917,7521.66367742491,13.294931053635683,9.509007505134145,17447.610763515437,126.42159916926272,8083.0,43790272.0,80715425964.23,5079848.0,344805.0,0.19546916721595142,0.1900364210891683,0.083752505980494,0.20093966154783138,1.5301216639980728
jharkhand,2021,2,8085,2021-Q2,65088355,122250011704.14,5909431,450674.0,1878.216336918332,7626.351843350062,13.112429383545534,11.014318468224776,20687.272887041072,144.4244731224788,8084.0,52349920.0,96054296641.16,5505298.0,414090.0,0.24333246354531202,0.2727177854504734,0.0734080153335932,0.08834794368374022,1.9416658655859287
jharkhand,2021,3,8086,2021-Q3,85440030,143139149140.78,6377290,512007.0,1675.3171685541308,8028.598354473452,12.455474241563104,13.397545038723345,22445.13721985044,166.87277713000017,8085.0,65088355.0,122250011704.14,5909431.0,450674.0,0.31267766714952305,0.17087227351105927,0.07917158183249784,0.13609172040099948,1.7238718881631643
jharkhand,2021,4,8087,2021-Q4,100429690,168572076881.31,6872363,571098.0,1678.5083861287433,8310.067439685592,12.033596685682667,14.61356013935818,24528.983245109433,175.85368885900493,8086.0,85440030.0,143139149140.78,6377290.0,512007.0,0.1754407155521831,0.17767974654869745,0.07763062366616547,0.1154105314966396,1.293424667469524
jharkhand,2022,1,8088,2022-Q1,130487443,222356236530.36,7352042,638840.0,1704.0431739501553,8689.286595479189,11.508424644668462,17.748462672003235,30244.146664336247,204.25684521946027,8087.0,100429690.0,168572076881.31,6872363.0,571098.0,0.29929150433502283,0.3190573471246896,0.06979826298465319,0.11861712000392233,1.4926006190649383
jharkhand,2022,2,8089,2022-Q2,158327616,259653640097.4,7783514,682752.0,1639.9769456353085,8771.770693802311,11.400206810086239,20.341405694137634,33359.43638020051,231.89623172103487,8088.0,130487443.0,222356236530.36,7352042.0,638840.0,0.21335518851419288,0.16773715974432535,0.05868736876095104,0.06873708596831762,1.4325029569421441
jharkhand,2022,3,8090,2022-Q3,184873084,273793546041.37,8271861,717981.0,1480.9811148137173,8679.800107859646,11.521002644916788,22.34963619432193,33099.3891267479,257.49021770771094,8089.0,158327616.0,259653640097.4,7783514.0,682752.0,0.1676616415420542,0.05445679844374962,0.06274119889808127,0.051598530652418484,1.1637759724569383
jharkhand,2022,4,8091,2022-Q4,213455622,317476716109.85,8761666,747878.0,1487.319533377528,8535.7967308957,11.715368014569222,24.36244682232808,36234.74303971984,285.415030258946,8090.0,184873084.0,273793546041.37,8271861.0,717981.0,0.15460627032110308,0.15954784435232638,0.05921339829090444,0.041640377670161266,1.125423487815207
jharkhand,2023,1,8092,2023-Q1,242977596,367883618513.01,9222109,732754.0,1514.0639489782836,7945.622850478128,12.585545762970929,26.34729170952111,39891.48453060032,331.59504554052245,8091.0,213455622.0,317476716109.85,8761666.0,747878.0,0.1383049728247494,0.15877354100424412,0.05255199182438597,-0.020222549667191725,0.862076460491298
jharkhand,2023,2,8093,2023-Q2,292499192,422886248541.15,9650559,745398.0,1445.7689460596869,7723.88418121686,12.946853895502805,30.309041372629295,43819.8708013857,392.40673036418127,8092.0,242977596.0,367883618513.01,9222109.0,732754.0,0.20381136703649005,0.14951095199743136,0.04645900411717108,0.017255449987308102,0.8474300276207027
jharkhand,2023,3,8094,2023-Q3,321102668,419546015678.47,10115548,766786.0,1306.5790399426703,7580.271479113144,13.192139658261889,31.743477268853848,41475.36205438103,418.7643853695816,8093.0,292499192.0,422886248541.15,9650559.0,745398.0,0.09778993167270023,-0.007898655664976162,0.0481825975054917,0.02869339601125831,0.7368816544435424
jharkhand,2023,4,8095,2023-Q4,379383888,501952800000.81,10617881,786962.0,1323.0735829266687,7411.6671678652265,13.49224104848773,35.730659253009144,47274.291358210736,482.08666746297786,8094.0,321102668.0,419546015678.47,10115548.0,766786.0,0.18150338134219424,0.19641894152915662,0.04965949447326046,0.026312426152798718,0.7773431519175447
jharkhand,2024,1,8096,2024-Q1,429954770,561811929005.29,11202660,810224.0,1306.6768139478718,7232.425156168267,13.826620786350441,38.37970357040203,50149.86878163669,530.661607160489,8095.0,379383888.0,501952800000.81,10617881.0,786962.0,0.13329738979321126,0.11925250542358445,0.05507492502505906,0.02955924174229496,0.7695243391905153
jharkhand,2024,2,8097,2024-Q2,502445409,621011595298.25,11765547,838391.0,1235.9782459436306,7125.814039925215,14.03348437662141,42.704806584853216,52782.21193610888,599.2972360151767,8096.0,429954770.0,561811929005.29,11202660.0,810224.0,0.16860061582756725,0.10537274706461863,0.05024583447145581,0.034764460198661196,0.7177668271986202
jharkhand,2024,3,8098,2024-Q3,522434285,608392838021.01,12330147,866641.0,1164.534670654339,7028.634776211508,14.227514045608274,42.37048309318616,49341.896574388775,602.8266433275139,8097.0,502445409.0,621011595298.25,11765547.0,838391.0,0.039783179708583916,-0.020319680619135028,0.047987569128745244,0.03369549529992577,0.6270007603923116
jharkhand,2024,4,8099,2024-Q4,586522767,702617568253.41,12847879,894994.0,1197.9374165596712,6966.083662525153,14.35526830347466,45.651330231238944,54687.43659972281,655.337093879959,8098.0,522434285.0,608392838021.01,12330147.0,866641.0,0.12267281041863476,0.15487481828171368,0.04198911821570328,0.032715968896001923,0.5459875486330616
jharkhand,2025,1,8100,2025-Q1,599394968,738251651951.27,13390825,920006.0,1231.6614108633457,6870.4206051531555,14.555149640328432,44.76161610655057,55131.15524631754,651.5120205737788,8099.0,586522767.0,702617568253.41,12847879.0,894994.0,0.021946634852454183,0.05071618659698518,0.0422595823014833,0.0279465560662977,0.39408842469639316
jharkhand,2025,2,8101,2025-Q2,665832499,788657303063.19,13882870,945687.0,1184.4680219839945,6811.898404292484,14.68019545579034,47.96072418743387,56807.94411120971,704.0728052727806,8100.0,599394968.0,738251651951.27,13390825.0,920006.0,0.110840988908669,0.06827705834276565,0.03674493543153612,0.02791394838729322,0.32518376538693783
jharkhand,2025,3,8102,2025-Q3,695043900,751683222013.42,14421897,973596.0,1081.4902799857966,6750.817870908383,14.813019979539767,48.19365302636678,52120.96730502375,713.8935451665783,8101.0,665832499.0,788657303063.19,13882870.0,945687.0,0.043871996401305235,-0.046882316192547124,0.03882676996903367,0.02951187866598559,0.33039488401876227
jharkhand,2025,4,8103,2025-Q4,739371210,826388939131.5,14935840,1007283.0,1117.6915302551474,6744.066620960053,14.827848777354527,49.503155497112985,55329.25762002673,734.0253037130578,8102.0,695043900.0,751683222013.42,14421897.0,973596.0,0.06377627370012173,0.099384574419497,0.03563629666749102,0.03460059408625349,0.26060103989109096
jharkhand,2026,1,8104,2026-Q1,764591317,875924845949.53,15393721,1030825.0,1145.6118144087295,6696.399135725534,14.933398976547911,49.66903823968227,56901.43701769897,741.7275648145902,8103.0,739371210.0,826388939131.5,14935840.0,1007283.0,0.03411020967397427,0.05994260628668413,0.030656528189910937,0.023371783302210014,0.2756051649068898
jharkhand,2026,2,8105,2026-Q2,815309961,908972692433.12,15790280,1055747.0,1114.879905696528,6686.056232061749,14.956499994790418,51.633660771056626,57565.33085120213,772.2588470533186,8104.0,764591317.0,875924845949.53,15393721.0,1030825.0,0.0663343185729639,0.03772908901535388,0.02576108791370202,0.024176751630975213,0.2244970953272738
karnataka,2018,1,8072,2018-Q1,11259403,17637623160.25,3901200,11162.0,1566.4794270397817,286.1170921767661,349.5072567640208,2.886138367681739,4521.076376563621,1008.7263035298333,,,,,,,,,,
karnataka,2018,2,8073,2018-Q2,16008698,30747418632.82,5226252,18604.0,1920.6695405722564,355.97211921660113,280.92087723070307,3.063131666823567,5883.26369123035,860.4976349172221,8072.0,11259403.0,17637623160.25,3901200.0,11162.0,0.42180699989155723,0.7432858358214394,0.33965241464164864,0.6667263931195127,
karnataka,2018,3,8074,2018-Q3,23401492,43888971406.79,6536115,65096.0,1875.4774869392943,995.9433088310104,100.40732149440827,3.580336637283769,6714.840758889646,359.49201179795995,8073.0,16008698.0,30747418632.82,5226252.0,18604.0,0.46179857974708494,0.4274034490798724,0.2506314276464281,2.4990324661363146,
karnataka,2018,4,8075,2018-Q4,42808188,67783584568.18,8476930,230749.0,1583.4256887532824,2722.08216889841,36.7365839071892,5.049963607107762,7996.242102763618,185.51841178076612,8074.0,23401492.0,43888971406.79,6536115.0,65096.0,0.8292931066104674,0.5444332003117598,0.29693709489505626,2.544749293351358,
karnataka,2019,1,8076,2019-Q1,84657050,114709621136.24,10393952,386773.0,1354.991948529272,3721.13513704893,26.87352012679272,8.144837497806417,11036.189231606997,218.88045442675678,8075.0,42808188.0,67783584568.18,8476930.0,230749.0,0.9775901283184423,0.6922920478019208,0.22614578626932147,0.6761632769806154,6.518786742067941
karnataka,2019,2,8077,2019-Q2,119618345,168764960519.16,12052561,596683.0,1410.8618583475636,4950.6739687938525,20.1992699641183,9.924724297184639,14002.414965513139,200.47218539827682,8076.0,84657050.0,114709621136.24,10393952.0,386773.0,0.41297558797524836,0.4712363169495499,0.15957443328581844,0.5427214412588262,6.472084550536215
karnataka,2019,3,8078,2019-Q3,179767497,222928023150.41,13733198,786775.0,1240.0908221490674,5729.000630443106,17.45505131708557,13.089995280050575,16232.78300876533,228.4865393536907,8077.0,119618345.0,168764960519.16,12052561.0,596683.0,0.502842202005052,0.3209378443524764,0.13944231437617294,0.31858122319556625,6.681881864626409
karnataka,2019,4,8079,2019-Q4,246189422,306446917780.67,15440057,938176.0,1244.760702109573,6076.246998310952,16.457527159083156,15.944851887528653,19847.52503055332,262.41283298656117,8078.0,179767497.0,222928023150.41,13733198.0,786775.0,0.3694879558789206,0.3746451139249982,0.12428707428524666,0.19243239808077273,4.750989086480372
karnataka,2020,1,8080,2020-Q1,278198437,365544124508.55,17044952,1076061.0,1313.9690087782556,6313.077326354453,15.840135457004761,16.321456170718463,21445.88758645668,258.53407659974664,8079.0,246189422.0,306446917780.67,15440057.0,938176.0,0.13001783236649378,0.19284647127753796,0.1039435929543524,0.14697135718671128,2.2861815643233494
karnataka,2020,2,8081,2020-Q2,212551929,323323995220.13,18659833,1155989.0,1521.1529565564658,6195.066161631778,16.141877647624675,11.390880561471263,17327.271643863587,183.87020032197537,8080.0,278198437.0,365544124508.55,17044952.0,1076061.0,-0.23597008203176928,-0.11549940611186726,0.094742478594249,0.07427831693556408,0.7769174870292679
karnataka,2020,3,8082,2020-Q3,300996207,475946166041.83,20469767,1360600.0,1581.2364241580958,6646.875853545377,15.044661913861532,14.704427607798369,23251.176529846678,221.22314199617816,8081.0,212551929.0,323323995220.13,18659833.0,1155989.0,0.4161066823345556,0.4720409653412505,0.09699625929128097,0.17700081921194744,0.6743638979409052
karnataka,2020,4,8083,2020-Q4,428937584,656829679389.37,22376108,1559103.0,1531.2943045563711,6967.713062521865,14.351911323369912,19.16944555326601,29354.062797219696,275.1181826986415,8082.0,300996207.0,475946166041.83,20469767.0,1360600.0,0.4250597649557757,0.38005036336744524,0.09312958960402429,0.1458937233573423,0.742307124795963
karnataka,2021,1,8084,2021-Q1,521967299,752831794629.57,24058436,1724839.0,1442.2968566649038,7169.372938457013,13.948221254273587,21.695811772635594,31291.80112246573,302.6179828957949,8083.0,428937584.0,656829679389.37,22376108.0,1559103.0,0.21688403737547035,0.1461598314641468,0.07518412049137413,0.1063021493769174,0.8762409473925261
karnataka,2021,2,8085,2021-Q2,527810680,831158630288.72,25647896,1777995.0,1574.7287081965071,6932.323025639218,14.425178923450291,20.579102472966984,32406.50345309884,296.8572352565671,8084.0,521967299.0,752831794629.57,24058436.0,1724839.0,0.011194917787368919,0.10404294321507845,0.06606663874576046,0.03081794880565658,1.483208138750884
karnataka,2021,3,8086,2021-Q3,746649773,1121937537110.15,27447523,1911755.0,1502.6289134225049,6965.127600038809,14.357238767519897,27.20281072357604,40875.729919605124,390.5572487060319,8085.0,527810680.0,831158630288.72,25647896.0,1777995.0,0.4146166443619519,0.34984766592680616,0.07016665226652519,0.0752308077356798,1.480595288697442
karnataka,2021,4,8087,2021-Q4,801331486,1182460315270.1,29180661,2036736.0,1475.6194358124849,6979.745935158905,14.327169058729261,27.461046410155,40522.05381057338,393.43905444790096,8086.0,746649773.0,1121937537110.15,27447523.0,1911755.0,0.073236094052894,0.05394487318415497,0.0631436942415533,0.06537500882696778,0.8681773663368235
karnataka,2022,1,8088,2022-Q1,1035726006,1526632375838.83,30809500,2174104.0,1473.973200436207,7056.602671253996,14.171125208361698,33.61709881692335,49550.70273256074,476.3921164764887,8087.0,801331486.0,1182460315270.1,29180661.0,2036736.0,0.2925063149209639,0.2910643648029012,0.05581912623569418,0.06744516716943183,0.9842737427886263
karnataka,2022,2,8089,2022-Q2,1261631220,1828098602933.22,32374488,2291533.0,1448.99600925635,7078.206148001475,14.127873349412816,38.969920389165694,56467.25912493875,550.5620996948331,8088.0,1035726006.0,1526632375838.83,30809500.0,2174104.0,0.21811291083869921,0.19747139643147227,0.050795631217643855,0.054012595533608376,1.390310139234015
karnataka,2022,3,8090,2022-Q3,1499846853,2033196715924.19,33953647,2383894.0,1355.6028816258015,7021.024869581756,14.242934878815921,44.1733653236131,59881.541323799174,629.1583656823667,8089.0,1261631220.0,1828098602933.22,32374488.0,2291533.0,0.1888155819416073,0.11219204076951095,0.0487778833753294,0.0403053327183156,1.0087689131327173
karnataka,2022,4,8091,2022-Q4,1636914664,2207804195613.22,35452134,2456318.0,1348.759495023511,6928.547658090201,14.43303920746418,46.17252840125224,62275.63609043168,666.4099127230269,8090.0,1499846853.0,2033196715924.19,33953647.0,2383894.0,0.09138787118553893,0.08587830106230632,0.04413331504565621,0.030380545443715157,1.0427434745775108
karnataka,2023,1,8092,2023-Q1,1832273719,2470385672596.3,36773789,2448968.0,1348.2623512957234,6659.547646830736,15.016034917565277,49.82553522020807,67177.89327056562,748.1819766530228,8091.0,1636914664.0,2207804195613.22,35452134.0,2456318.0,0.11934590073413864,0.11893331732262036,0.037279984330421456,-0.0029922835724038865,0.7690718475596527
karnataka,2023,2,8093,2023-Q2,2052780671,2779793686048.24,38043386,2486882.0,1354.160103570188,6536.962824497273,15.297624093141533,53.958937067273666,73069.03980755656,825.4435357206333,8092.0,1832273719.0,2470385672596.3,36773789.0,2448968.0,0.12034607586924628,0.12524684582013546,0.034524508747249216,0.015481623279683498,0.6270845540743673
karnataka,2023,3,8094,2023-Q3,2357608666,2985013622701.88,39411658,2549956.0,1266.119210431287,6470.055129373141,15.455818845501648,59.82008333676294,75739.35668227609,924.5683713758198,8093.0,2052780671.0,2779793686048.24,38043386.0,2486882.0,0.14849516039699684,0.07382559996579485,0.03596609408005902,0.025362683070608183,0.5718995984718716
karnataka,2023,4,8095,2023-Q4,2550471370,3249475283077.74,40600790,2616609.0,1274.0685197645407,6444.724351422718,15.516567435180418,62.81826954598667,80034.77969462516,974.7239155716426,8094.0,2357608666.0,2985013622701.88,39411658.0,2549956.0,0.0818043752474058,0.08859646681829325,0.03017208765995072,0.026138882396402163,0.5580967206730332
karnataka,2024,1,8096,2024-Q1,2786714019,3491284543661.43,41888288,2702444.0,1252.8320164385802,6451.550371311428,15.500150234380435,66.52728368846203,83347.51097159737,1031.1828918564086,8095.0,2550471370.0,3249475283077.74,40600790.0,2616609.0,0.09262705387671133,0.07441486379138129,0.03171115635927291,0.03280390765299668,0.5209048681443211
karnataka,2024,2,8097,2024-Q2,3029221824,3786672027453.25,43157465,2776153.0,1250.047783708708,6432.613685720419,15.545780437893733,70.18998506979035,87740.83527503874,1091.1580968340002,8096.0,2786714019.0,3491284543661.43,41888288.0,2702444.0,0.08702285320508873,0.08460710666740345,0.030299089807633184,0.02727494075732939,0.4756675502621195
karnataka,2024,3,8098,2024-Q3,3259303462,3911831838299.79,44350489,2853759.0,1200.2048547818804,6434.560394587757,15.541077224811206,73.4896849051653,88202.67659957007,1142.1088683382163,8097.0,3029221824.0,3786672027453.25,43157465.0,2776153.0,0.07595404079592427,0.03305272015615168,0.02764351427962697,0.02795451115266334,0.38246160569550613
karnataka,2024,4,8099,2024-Q4,3457573836,4158667439552.83,45668243,2925825.0,1202.770392421731,6406.694910509257,15.608672083942135,75.7106822787117,91062.56703488308,1181.7432129399401,8098.0,3259303462.0,3911831838299.79,44350489.0,2853759.0,0.060832130641292226,0.06309974749843095,0.029712276678617977,0.025253008400499155,0.3556607130234126
karnataka,2025,1,8100,2025-Q1,3729923285,4428287746523.69,46870457,2990287.0,1187.2329289806535,6379.897255962322,15.67423361035245,79.57940937081112,94479.29527385854,1247.3462530519646,8099.0,3457573836.0,4158667439552.83,45668243.0,2925825.0,0.07876894664238776,0.06483334166288901,0.026324945323602744,0.02203207642288918,0.3384664732617473
karnataka,2025,2,8101,2025-Q2,3730080830,4479122979444.31,48100388,3049279.0,1200.8112380353725,6339.406243458992,15.774347968814924,77.54783246239094,93120.30870612332,1223.2664934891166,8100.0,3729923285.0,4428287746523.69,46870457.0,2990287.0,4.2238134128291804e-05,0.011479658917947777,0.026241071214645917,0.019727872274467373,0.23136602293275965
karnataka,2025,3,8102,2025-Q3,3852915704,4385483377903.04,49293465,3108462.0,1138.224584916338,6306.032655647154,15.857830978792729,78.16280928922323,88966.831159121,1239.492618536112,8101.0,3730080830.0,4479122979444.31,48100388.0,3049279.0,0.03293088798829058,-0.020905789363454108,0.024803895552776067,0.019408850420050028,0.18212855873068756
karnataka,2025,4,8103,2025-Q4,4064289183,4658806848239.62,50339561,3182349.0,1146.2783868151787,6321.765499703106,15.818365930323795,80.73747768678396,92547.62567833319,1277.134966340901,8102.0,3852915704.0,4385483377903.04,49293465.0,3108462.0,0.054860654952963994,0.062324593843808396,0.021221798873339415,0.023769632699386367,0.1754742995458045
karnataka,2026,1,8104,2026-Q1,4228148988,4953796605453.97,51308731,3241683.0,1171.6230008718817,6317.994884730242,15.827806420306983,82.40603315642322,96548.80385667636,1304.3067406652656,8103.0,4064289183.0,4658806848239.62,50339561.0,3182349.0,0.04031696506375293,0.06331873520916931,0.019252651011398392,0.01864471809974333,0.13357532177769715
karnataka,2026,2,8105,2026-Q2,4491711923,5292341222754.3,52534800,3305459.0,1178.2459145820646,6291.941722439221,15.893344918209543,85.49974346528397,100739.72343578542,1358.8769133121905,8104.0,4228148988.0,4953796605453.97,51308731.0,3241683.0,0.06233529985533237,0.06834043548085988,0.023895913543447334,0.019673731206907075,0.20418621679037452
kerala,2018,1,8072,2018-Q1,1825372,2419982815.16,776998,3.0,1325.74774630048,0.38610137992633187,258999.33333333334,2.3492621602629606,3114.529014437617,608457.3333333334,,,,,,,,,,
kerala,2018,2,8073,2018-Q2,2318135,3784132744.67,1053063,8.0,1632.403956055191,0.7596886416102361,131632.875,2.201326036523931,3593.453330588958,289766.875,8072.0,1825372.0,2419982815.16,776998.0,3.0,0.26995209743548165,0.5637023209273526,0.35529692483120945,1.6666666666666665,
kerala,2018,3,8074,2018-Q3,3089723,5223931290.2,1311720,97.0,1690.7442156465158,7.394870856585247,13522.886597938144,2.355474491507334,3982.504871618943,31852.81443298969,8073.0,2318135.0,3784132744.67,1053063.0,8.0,0.3328486045894652,0.38048309683585346,0.24562348121622346,11.125,
kerala,2018,4,8075,2018-Q4,4444604,7775997131.86,1712592,172.0,1749.5365463064875,10.04325607033082,9956.93023255814,2.5952497734428284,4540.484325431859,25840.720930232557,8074.0,3089723.0,5223931290.2,1311720.0,97.0,0.43851212552063723,0.48853357747021464,0.30560790412588057,0.7731958762886597,
kerala,2019,1,8076,2019-Q1,6612793,10360769392.46,2073323,6922.0,1566.7766089850384,333.8601848337186,299.52658191274196,3.1894658960518933,4997.180561089613,955.3298179716845,8075.0,4444604.0,7775997131.86,1712592.0,172.0,0.4878250120820662,0.33240396270333084,0.2106345235759597,39.24418604651163,2.622709781896512
kerala,2019,2,8077,2019-Q2,7662538,13417623455.49,2457611,36394.0,1751.0677866119554,1480.8690228030391,67.52791668956421,3.1178807386522926,5459.6205239519195,210.54399076770898,8076.0,6612793.0,10360769392.46,2073323.0,6922.0,0.1587445728302701,0.2950412220596872,0.18534883373212963,4.257728980063566,2.305475306658154
kerala,2019,3,8078,2019-Q3,9633567,17115421520.8,2881087,55423.0,1776.644260718797,1923.6836652277423,51.983598866896415,3.343726517109688,5940.61252603618,173.81893798603468,8077.0,7662538.0,13417623455.49,2457611.0,36394.0,0.25722926268032853,0.2755926246981537,0.1723120542673353,0.5228609111391989,2.117938727840651
kerala,2019,4,8079,2019-Q4,12974136,22014232923.56,3357041,69452.0,1696.778338346384,2068.84574838377,48.336131428900536,3.864753513585327,6557.630044899661,186.8072337729655,8078.0,9633567.0,17115421520.8,2881087.0,55423.0,0.3467634573984901,0.2862220715281001,0.1651994542337667,0.25312595853706954,1.9190758051785939
kerala,2020,1,8080,2020-Q1,15435048,25568200637.84,3898086,83256.0,1656.5028264142748,2135.8174242435903,46.82048140674546,3.959647888733086,6559.167919291673,185.39262035168636,8079.0,12974136.0,22014232923.56,3357041.0,69452.0,0.1896782953408227,0.16143954352715517,0.16116723030788127,0.19875597534988199,1.334119335052526
kerala,2020,2,8081,2020-Q2,15681152,22928754785.61,4520490,91350.0,1462.185608915085,2020.7986302369875,49.485385878489325,3.4689053620293375,5072.18349904767,171.66012041598248,8080.0,15435048.0,25568200637.84,3898086.0,83256.0,0.015944492041748193,-0.10323158401392218,0.15966912992684112,0.09721821850677426,1.046469720606932
kerala,2020,3,8082,2020-Q3,22302087,39547903350.25,5337146,113135.0,1773.2826237405495,2119.7658823648444,47.17502099261944,4.1786540971522985,7409.934701102425,197.1280947540549,8081.0,15681152.0,22928754785.61,4520490.0,91350.0,0.4222224872254283,0.7248168825578838,0.18065652174874858,0.23847837985769016,1.315039382608747
kerala,2020,4,8083,2020-Q4,34407413,57569923779.03,6108425,168782.0,1673.183734535055,2763.101781555802,36.19121114810821,5.632779808215702,9424.675555323998,203.85712338993494,8082.0,22302087.0,39547903350.25,5337146.0,113135.0,0.5427889327128892,0.4557010334826277,0.14451150483797903,0.4918637026561188,1.6520003335867606
kerala,2021,1,8084,2021-Q1,43831729,71423214754.65,6650208,233096.0,1629.4865930260244,3505.0933745230222,28.529910423173284,6.591031288043923,10739.997118082621,188.04153224422555,8083.0,34407413.0,57569923779.03,6108425.0,168782.0,0.2739036497745413,0.24063417260708775,0.08869438521386441,0.38104774205780245,1.8397533328046665
kerala,2021,2,8085,2021-Q2,49530478,76654377740.95,7167573,257555.0,1547.62039124577,3593.3362659857107,27.829290831084624,6.910355569451473,10694.607190041874,192.31029488847042,8084.0,43831729.0,71423214754.65,6650208.0,233096.0,0.1300142415098433,0.073241774460445,0.07779681477631972,0.10493101554724227,2.1585994447346724
kerala,2021,3,8086,2021-Q3,66171196,105680340079.38,7726125,341400.0,1597.0746558575124,4418.77396495656,22.630711775043938,8.56460334255529,13678.310935867592,193.82306971294668,8085.0,49530478.0,76654377740.95,7167573.0,257555.0,0.33596925917008114,0.37866020433329894,0.07792763324489327,0.32554211721768156,1.9670405285388761
kerala,2021,4,8087,2021-Q4,74793487,111505022241.01,8323308,474428.0,1490.8386640806036,5699.993319963649,17.543880209431148,8.98602899231892,13396.71945829831,157.6498161997184,8086.0,66171196.0,105680340079.38,7726125.0,341400.0,0.13030278310218235,0.055116042939064025,0.07729398631267292,0.38965436438195655,1.1737608404328452
kerala,2022,1,8088,2022-Q1,96434007,139999474580.0,8855141,572466.0,1451.7645686961862,6464.786952573651,15.46841384466501,10.89017182222169,15809.965598515033,168.4536845856348,8087.0,74793487.0,111505022241.01,8323308.0,474428.0,0.2893369579091827,0.25554411600762994,0.06389683044289596,0.20664463311608916,1.20009589400409
kerala,2022,2,8089,2022-Q2,109257505,155452076681.61,9344928,632138.0,1422.804563234443,6764.503696550685,14.7830505364335,11.691636896506854,16634.914328030136,172.83805909469135,8088.0,96434007.0,139999474580.0,8855141.0,572466.0,0.13297692794202765,0.11037614353888081,0.055311033443736335,0.10423675816555034,1.2058641348060481
kerala,2022,3,8090,2022-Q3,133133217,179785817262.18,9864268,684116.0,1350.4204383657311,6935.294134344282,14.418999117108795,13.496512564338277,18225.96641354229,194.60620274924136,8089.0,109257505.0,155452076681.61,9344928.0,632138.0,0.21852697441699775,0.15653532008073,0.05557453198141271,0.08222571653657895,1.0119511970132744
kerala,2022,4,8091,2022-Q4,145153196,188993126385.91,10342101,727331.0,1302.0252505215938,7032.7199473298515,14.219249557629196,14.035174864372335,18274.152068898766,199.56965398147474,8090.0,133133217.0,179785817262.18,9864268.0,684116.0,0.0902853492979141,0.051212655502759,0.048440796620691895,0.06316911167112016,0.9407197313851672
kerala,2023,1,8092,2023-Q1,148764769,194875581991.66,10759741,749862.0,1309.9578838566274,6969.145446902486,14.34896154225711,13.826054827899668,18111.549524441154,198.38952900667056,8091.0,145153196.0,188993126385.91,10342101.0,727331.0,0.024881112504060887,0.031125235706924492,0.04038251028490247,0.030977642916361292,0.5426587946304047
kerala,2023,2,8093,2023-Q2,157861037,209357724479.31,11135396,763613.0,1326.215312264229,6857.528910512028,14.58251234591344,14.176508585774588,18801.10276089957,206.7291114740058,8092.0,148764769.0,194875581991.66,10759741.0,749862.0,0.061145310554006294,0.074314813275425,0.034913015099526934,0.018338040866185956,0.4448530286317631
kerala,2023,3,8094,2023-Q3,171587063,220873954649.32,11534779,788966.0,1287.2413035551522,6839.888306485976,14.620121779645764,14.875626399084023,19148.52071715635,217.4834695031218,8093.0,157861037.0,209357724479.31,11135396.0,763613.0,0.08695005595332561,0.05500742902442135,0.03586607966164834,0.033201372946767505,0.2888373530401507
kerala,2023,4,8095,2023-Q4,181170722,226951463919.48,11984795,817185.0,1252.6939309734605,6818.514626241,14.665950794495739,15.116714303415286,18936.616264148033,221.7009881483385,8094.0,171587063.0,220873954649.32,11534779.0,788966.0,0.05585303945671005,0.027515735297125588,0.039013838063130635,0.0357670672753958,0.2481345708709024
kerala,2024,1,8096,2024-Q1,182097703,228424493895.03,12400955,847785.0,1254.4062343006601,6836.449289591003,14.627476305903029,14.684167711277075,18419.911522542418,214.79231526861173,8095.0,181170722.0,226951463919.48,11984795.0,817185.0,0.0051166159176647685,0.006490506604851065,0.03472399819938521,0.03744562124855455,0.2240647044596964
kerala,2024,2,8097,2024-Q2,195529557,242690651335.99,12860951,876516.0,1241.1967533685456,6815.328042226426,14.672808026322395,15.203351369583789,18870.35036024863,223.0758560026286,8096.0,182097703.0,228424493895.03,12400955.0,847785.0,0.07376179808264793,0.06245458706156026,0.03709359480781926,0.03388948849059603,0.23861822217726858
kerala,2024,3,8098,2024-Q3,215505960,258924474745.4,13360448,908337.0,1201.4724546151763,6798.701660303606,14.708690717211784,16.130144737661492,19379.924591256222,237.25331017012408,8097.0,195529557.0,242690651335.99,12860951.0,876516.0,0.10216564342750489,0.06689101257112418,0.03883826320464179,0.03630395794258168,0.25595692491105804
kerala,2024,4,8099,2024-Q4,233271669,274488300829.12,13798127,940307.0,1176.6894025571532,6814.743769208676,14.674066023117982,16.90603869641148,19893.156573288532,248.08032802052946,8098.0,215505960.0,258924474745.4,13360448.0,908337.0,0.08243720498495732,0.06010952073582021,0.0327593056759774,0.03519618819887338,0.2875792866796656
kerala,2025,1,8100,2025-Q1,247777357,291529845374.06,14209056,969176.0,1176.5798493607308,6820.833136275907,14.660965603770626,17.43798863203861,20517.18603783812,255.65775153326123,8099.0,233271669.0,274488300829.12,13798127.0,940307.0,0.06218366791897045,0.06208477553857228,0.02978150585220729,0.030701675091220126,0.36068359412529216
kerala,2025,2,8101,2025-Q2,237505468,282921500230.21,14603026,995224.0,1191.2209963528503,6815.190221533537,14.673104748277774,16.26412690082179,19374.16945160613,238.64523765504046,8100.0,247777357.0,291529845374.06,14209056.0,969176.0,-0.0414561246611409,-0.02952817792224549,0.02772668360234487,0.026876439367049976,0.2146780857279802
kerala,2025,3,8102,2025-Q3,260965876,301251443344.17,15022652,1020975.0,1154.3710157115331,6796.236776302879,14.714025318935331,17.371491797853004,20053.146631112137,255.6045701412865,8101.0,237505468.0,282921500230.21,14603026.0,995224.0,0.09877839107266362,0.06478808821190718,0.028735551111118918,0.025874576979654895,0.2109450522853289
kerala,2025,4,8103,2025-Q4,281159658,316856950664.98,15459282,1050542.0,1126.9644902789717,6795.541992183078,14.715529698003508,18.187109724759534,20496.226840611354,267.63295327554727,8102.0,260965876.0,301251443344.17,15022652.0,1020975.0,0.07738092929820439,0.051802265733814856,0.029064774981141905,0.02895957295722229,0.20528849133411042
kerala,2026,1,8104,2026-Q1,284616383,327358436194.98,15839220,1070637.0,1150.1742547089427,6759.4048191767015,14.794201956405391,17.969090839069096,20667.585663623588,265.83835884618225,8103.0,281159658.0,316856950664.98,15459282.0,1050542.0,0.012294526976555087,0.03314267055830955,0.024576691207263135,0.019128221432365367,0.1486779358938759
kerala,2026,2,8105,2026-Q2,294649816,335501492227.26,16304760,1091604.0,1138.6448387507562,6695.001950350696,14.936515439664934,18.071398536378332,20576.904672455163,269.92372325495325,8104.0,284616383.0,327358436194.98,15839220.0,1070637.0,0.03525247877245352,0.024875045613395708,0.029391598828730103,0.01958366841422432,0.24060224162923283
ladakh,2018,1,8072,2018-Q1,7733,15241000.35,14795,,1970.903963532911,,,0.5226765799256505,1030.145343021291,,,,,,,,,,,
ladakh,2018,2,8073,2018-Q2,18412,56386931.46,21011,,3062.509855529003,,,0.8763028889629242,2683.6862338774927,,8072.0,7733.0,15241000.35,14795.0,,1.3809646967541704,2.6996870392434578,0.42014193984454207,,
ladakh,2018,3,8074,2018-Q3,30349,97489777.85,27274,,3212.289625687831,,,1.1127447385788662,3574.4583797756104,,8073.0,18412.0,56386931.46,21011.0,,0.6483271779274387,0.7289427767346712,0.2980819570701061,,
ladakh,2018,4,8075,2018-Q4,44498,157126695.55,35989,3.0,3531.095679581105,8.335880407902415,11996.333333333334,1.2364333546361388,4365.964476645642,14832.666666666666,8074.0,30349.0,97489777.85,27274.0,,0.46620975979439194,0.6117248291585888,0.3195350883625432,,
ladakh,2019,1,8076,2019-Q1,60270,187343278.24,44058,12.0,3108.4001699021073,27.236824186299877,3671.5,1.3679694947569114,4252.196609923283,5022.5,8075.0,44498.0,157126695.55,35989.0,3.0,0.3544428963099464,0.19230712250538384,0.2242073967045486,3.0,6.793870425449373
ladakh,2019,2,8077,2019-Q2,103394,370592586.91,51485,30.0,3584.2755567054182,58.26939885403515,1716.1666666666667,2.0082354083713705,7198.069086335827,3446.4666666666667,8076.0,60270.0,187343278.24,44058.0,12.0,0.7155135224821636,0.9781472300022671,0.16857324435970766,1.5,4.615576797740604
ladakh,2019,3,8078,2019-Q3,121018,472038870.34,56993,47.0,3900.5674390586523,82.46626778727212,1212.6170212765958,2.123383573421297,8282.40082711912,2574.851063829787,8077.0,103394.0,370592586.91,51485.0,30.0,0.17045476526684333,0.27374072502598823,0.10698261629600858,0.5666666666666667,2.9875448943952025
ladakh,2019,4,8079,2019-Q4,113210,464502753.7,62146,64.0,4103.018758943556,102.98329739645351,971.03125,1.8216779841019535,7474.378941524797,1768.90625,8078.0,121018.0,472038870.34,56993.0,47.0,-0.06451932770331681,-0.01596503405444527,0.09041461232081138,0.36170212765957444,1.54415928805789
ladakh,2020,1,8080,2020-Q1,149508,528768954.06,68423,71.0,3536.7268243839794,103.76627742133493,963.7042253521126,2.185054733057598,7727.941687151981,2105.7464788732395,8079.0,113210.0,464502753.7,62146.0,64.0,0.3206253864499602,0.13835483180258268,0.1010040871496154,0.109375,1.4806371329019412
ladakh,2020,2,8081,2020-Q2,196402,704881827.16,74807,79.0,3588.974792313724,105.60509043271351,946.9240506329114,2.6254494900209875,9422.672038178245,2486.1012658227846,8080.0,149508.0,528768954.06,68423.0,71.0,0.31365545656419713,0.33306205242907705,0.09330195986729617,0.11267605633802824,0.8995492968644216
ladakh,2020,3,8082,2020-Q3,291625,1137269183.63,81517,89.0,3899.7657389798546,109.17968031208214,915.9213483146067,3.577474637192242,13951.31302219169,3276.6853932584268,8081.0,196402.0,704881827.16,74807.0,79.0,0.4848372216168879,0.613418221054312,0.08969748820297574,0.12658227848101267,1.409765489431324
ladakh,2020,4,8083,2020-Q4,400254,1364250617.51,89518,109.0,3408.4621702968616,121.76322080475435,821.2660550458716,4.471212493576711,15239.958639714918,3672.0550458715597,8082.0,291625.0,1137269183.63,81517.0,89.0,0.37249549935705106,0.19958461650698012,0.09815130586258092,0.2247191011235956,2.5355003974913877
ladakh,2021,1,8084,2021-Q1,400146,1350829015.22,96146,257.0,3375.840356319943,267.30181182784514,374.1089494163424,4.1618580076134215,14049.7682193747,1556.988326848249,8083.0,400254.0,1364250617.51,89518.0,109.0,-0.00026982865880165186,-0.009838076756378378,0.07404097499944151,1.3577981651376145,1.6764186531824383
ladakh,2021,2,8085,2021-Q2,650578,2108362311.06,102914,504.0,3240.7525478267016,489.7292885321725,204.19444444444446,6.321569465767534,20486.642352449617,1290.829365079365,8084.0,400146.0,1350829015.22,96146.0,257.0,0.6258515641790747,0.5607914009136277,0.07039294406423569,0.961089494163424,2.312481542957811
ladakh,2021,3,8086,2021-Q3,929963,3194633089.42,109859,561.0,3435.226013744633,510.6545663077217,195.82709447415328,8.465059758417608,29079.393490019025,1657.6880570409983,8085.0,650578.0,2108362311.06,102914.0,504.0,0.4294412045903797,0.5152201652731436,0.06748352993761775,0.11309523809523814,2.1889001285897987
ladakh,2021,4,8087,2021-Q4,857639,2662955792.65,117697,612.0,3104.984489569621,519.9792688003943,192.3153594771242,7.286838237168322,22625.51970441048,1401.3709150326797,8086.0,929963.0,3194633089.42,109859.0,561.0,-0.07777083604401469,-0.1664282820242522,0.07134599805204855,0.09090909090909083,1.1427368620925713
ladakh,2022,1,8088,2022-Q1,991962,2920273909.81,125119,683.0,2943.9372776477326,545.8803219335193,183.19033674963396,7.92814840272061,23339.97162549253,1452.3601756954613,8087.0,857639.0,2662955792.65,117697.0,612.0,0.15661951007358565,0.09662876036854273,0.06306023093196944,0.11601307189542487,1.479000164939797
ladakh,2022,2,8089,2022-Q2,1690971,4971962008.29,131845,785.0,2940.2999863924338,595.3961090674655,167.95541401273886,12.8254465470818,37710.6603078615,2154.103184713376,8088.0,991962.0,2920273909.81,125119.0,683.0,0.7046731628832557,0.7025670063304055,0.05375682350402422,0.14934114202049775,1.5991825730350548
ladakh,2022,3,8090,2022-Q3,2078286,5792916606.52,138524,856.0,2787.3529468610195,617.9434610608992,161.8271028037383,15.003075279373972,41818.86609194075,2427.904205607477,8089.0,1690971.0,4971962008.29,131845.0,785.0,0.22904887192033452,0.16511682849973153,0.050657969585498064,0.09044585987261144,1.2348050406306488
ladakh,2022,4,8091,2022-Q4,1936688,4657431512.9,146028,891.0,2404.8434817069137,610.1569562001808,163.8922558922559,13.262442819185361,31894.099165228585,2173.611672278339,8090.0,2078286.0,5792916606.52,138524.0,856.0,-0.06813210501345823,-0.19601267733459138,0.05417111836216115,0.04088785046728982,1.2581622337603582
ladakh,2023,1,8092,2023-Q1,1882925,4287184387.04,152636,899.0,2276.874749148267,588.9829398045022,169.78420467185762,12.336047852407034,28087.63585943028,2094.4660734149056,8091.0,1936688.0,4657431512.9,146028.0,891.0,-0.027760279404839605,-0.079495989331137,0.04525159558440839,0.008978675645342271,0.8981825916718584
ladakh,2023,2,8093,2023-Q2,3396028,7790389777.21,158956,922.0,2293.9710088403276,580.0347265910063,172.40347071583514,21.364578877173557,49009.72456031858,3683.3275488069416,8092.0,1882925.0,4287184387.04,152636.0,899.0,0.8035917521940599,0.8171342946573654,0.04140569721428755,0.025583982202447064,1.0083301251174621
ladakh,2023,3,8094,2023-Q3,4065626,8966210701.85,164962,972.0,2205.3702681579666,589.2266097646731,169.71399176954733,24.64583358591676,54353.18862434985,4182.742798353909,8093.0,3396028.0,7790389777.21,158956.0,922.0,0.1971709302750153,0.15093223295190517,0.03778404086665499,0.054229934924078016,0.9562399015342451
ladakh,2023,4,8095,2023-Q4,3523487,7515335519.66,173131,1038.0,2132.9255705101223,599.5460085137844,166.79287090558768,20.35156615510798,43408.37585215819,3394.496146435453,8094.0,4065626.0,8966210701.85,164962.0,972.0,-0.13334699256645843,-0.16181586965055827,0.0495204956292965,0.06790123456790131,0.8193364135059442
ladakh,2024,1,8096,2024-Q1,3253441,6588273640.86,180765,1091.0,2025.0170944732054,603.5460404392443,165.68744271310723,17.99817995740326,36446.62208314663,2982.0724106324474,8095.0,3523487.0,7515335519.66,173131.0,1038.0,-0.07664169046174996,-0.12335602001731272,0.04409377869936648,0.051059730250481605,0.7278654221490499
ladakh,2024,2,8097,2024-Q2,5691939,10732962147.42,190668,1640.0,1885.6425108245187,860.1338452178657,116.2609756097561,29.852618163509344,56291.3658685254,3470.694512195122,8096.0,3253441.0,6588273640.86,180765.0,1091.0,0.7495135150752696,0.6291008437862902,0.05478383536635967,0.5032080659945004,0.6760577356841582
ladakh,2024,3,8098,2024-Q3,6963228,12732979334.11,199266,2060.0,1828.6029603095003,1033.7940240683308,96.73106796116505,34.9443858962392,63899.40749606054,3380.2077669902915,8097.0,5691939.0,10732962147.42,190668.0,1640.0,0.223349020430472,0.18634344920062595,0.045094090251117214,0.25609756097560976,0.7127074649758733
ladakh,2024,4,8099,2024-Q4,5732422,10928747032.73,206450,2363.0,1906.4798496569163,1144.5870670864615,87.3677528565383,27.766635989343666,52936.532006442234,2425.9085907744393,8098.0,6963228.0,12732979334.11,199266.0,2060.0,-0.17675796340432914,-0.14169757556636386,0.03605231198498493,0.1470873786407767,0.6269173123102199
ladakh,2025,1,8100,2025-Q1,4829929,8573236123.0,213189,2454.0,1775.0232193889392,1151.0912851976416,86.87408312958435,22.655620130494537,40214.251781283274,1968.1862265688671,8099.0,5732422.0,10928747032.73,206450.0,2363.0,-0.1574365948633928,-0.21553348271998507,0.032642286267861476,0.03851036817604747,0.4845601933460604
ladakh,2025,2,8101,2025-Q2,7653712,12456512178.72,219995,2479.0,1627.512529700621,1126.8437919043615,88.74344493747479,34.790390690697514,56621.79676229005,3087.4191206131504,8100.0,4829929.0,8573236123.0,213189.0,2454.0,0.5846427556181468,0.4529533539035595,0.03192472407112934,0.010187449062754705,0.3446581208969386
ladakh,2025,3,8102,2025-Q3,8782266,14123088628.17,225152,2530.0,1608.137196956913,1123.6853325753268,88.99288537549407,39.00594265207504,62726.90728117005,3471.2513833992093,8101.0,7653712.0,12456512178.72,219995.0,2479.0,0.14745185081434986,0.1337915803026377,0.023441441850951206,0.02057281161758784,0.26123487554909874
ladakh,2025,4,8103,2025-Q4,6343728,11502761378.19,231656,2624.0,1813.249461230053,1132.714024242843,88.28353658536585,27.384259419138722,49654.49363793729,2417.579268292683,8102.0,8782266.0,14123088628.17,225152.0,2530.0,-0.2776661513099239,-0.18553500009576362,0.028887151790790266,0.037154150197628466,0.10664009034924504
ladakh,2026,1,8104,2026-Q1,5780356,9734397006.13,237706,2639.0,1684.0480077922534,1110.1949466988633,90.07427055702918,24.317249038728512,40951.41479865884,2190.35846911709,8103.0,6343728.0,11502761378.19,231656.0,2624.0,-0.08880771685040723,-0.15373390040177115,0.026116310391269826,0.005716463414634054,0.19677866900320895
ladakh,2026,2,8105,2026-Q2,9257425,15460287202.18,250921,2676.0,1670.0418531265443,1066.4711203924742,93.76718983557548,36.893783302314276,61614.16223504609,3459.4263826606875,8104.0,5780356.0,9734397006.13,237706.0,2639.0,0.6015319817672129,0.5882121093319146,0.05559388488300665,0.014020462296324476,0.2095340143449349
lakshadweep,2018,1,8072,2018-Q1,1124,3053772.21,862,,2716.879190391459,,,1.3039443155452437,3542.6591763341066,,,,,,,,,,,
lakshadweep,2018,2,8073,2018-Q2,2875,8629831.45,1172,,3001.6805043478257,,,2.4530716723549486,7363.337414675767,,8072.0,1124.0,3053772.21,862.0,,1.5578291814946619,1.8259578175937357,0.3596287703016241,,
lakshadweep,2018,3,8074,2018-Q3,2676,7647500.45,1491,,2857.8103325859493,,,1.79476861167002,5129.108283031523,,8073.0,2875.0,8629831.45,1172.0,,-0.06921739130434779,-0.11382968551488903,0.2721843003412969,,
lakshadweep,2018,4,8075,2018-Q4,3019,9506907.55,1903,,3149.0253560781716,,,1.5864424592748292,4995.74753021545,,8074.0,2676.0,7647500.45,1491.0,,0.12817638266068765,0.2431391945848138,0.2763246143527833,,
lakshadweep,2019,1,8076,2019-Q1,4622,15684901.4,2320,,3393.5312418866292,,,1.9922413793103448,6760.733362068966,,8075.0,3019.0,9506907.55,1903.0,,0.5309705200397483,0.6498426346851347,0.21912769311613234,,3.112099644128114
lakshadweep,2019,2,8077,2019-Q2,5608,16590874.57,2763,,2958.4298448644795,,,2.029677886355411,6004.659634455303,,8076.0,4622.0,15684901.4,2320.0,,0.21332756382518392,0.05776084572645135,0.19094827586206886,,0.950608695652174
lakshadweep,2019,3,8078,2019-Q3,5310,16856067.0,3275,1.0,3174.4005649717515,30.53435114503817,3275.0,1.6213740458015267,5146.890687022901,5310.0,8077.0,5608.0,16590874.57,2763.0,,-0.05313837375178321,0.01598423451886788,0.18530582699963816,,0.9843049327354261
lakshadweep,2019,4,8079,2019-Q4,6097,19723480.78,3708,1.0,3234.9484631786127,26.968716289104638,3708.0,1.6442826321467099,5319.169573894283,6097.0,8078.0,5310.0,16856067.0,3275.0,1.0,0.14821092278719394,0.17011167433067276,0.13221374045801526,0.0,1.0195428949983438
lakshadweep,2020,1,8080,2020-Q1,8729,26322589.5,4140,2.0,3015.533222591362,48.309178743961354,2070.0,2.108454106280193,6358.113405797101,4364.5,8079.0,6097.0,19723480.78,3708.0,1.0,0.4316877152698049,0.33458134462207223,0.11650485436893199,1.0,0.8885763738641281
lakshadweep,2020,2,8081,2020-Q2,11502,30917214.41,4578,3.0,2687.9859511389323,65.53079947575361,1526.0,2.512450851900393,6753.432592835299,3834.0,8080.0,8729.0,26322589.5,4140.0,2.0,0.31767670981784857,0.17455064251942232,0.10579710144927534,0.5,1.0509985734664764
lakshadweep,2020,3,8082,2020-Q3,13906,37809773.97,5137,4.0,2718.9539745433626,77.86645902277594,1284.25,2.7070274479268055,7360.283038738563,3476.5,8081.0,11502.0,30917214.41,4578.0,3.0,0.2090071291949227,0.22293598215532118,0.12210572302315414,0.33333333333333326,1.6188323917137475
lakshadweep,2020,4,8083,2020-Q4,17672,47628614.57,5775,7.0,2695.1456863965595,121.21212121212122,825.0,3.06008658008658,8247.379146320347,2524.5714285714284,8082.0,13906.0,37809773.97,5137.0,4.0,0.270818351790594,0.2596905394830109,0.12419700214132767,0.75,1.8984746596686897
lakshadweep,2021,1,8084,2021-Q1,16065,49159946.34,6336,10.0,3060.0651316526614,157.82828282828282,633.6,2.5355113636363638,7758.8299147727275,1606.5,8083.0,17672.0,47628614.57,5775.0,7.0,-0.09093481213218646,0.03215150774015063,0.0971428571428572,0.4285714285714286,0.8404170008019247
lakshadweep,2021,2,8085,2021-Q2,20788,49741657.91,6816,12.0,2392.806326245911,176.05633802816902,568.0,3.049882629107981,7297.778449237088,1732.3333333333333,8084.0,16065.0,49159946.34,6336.0,10.0,0.29399315281668215,0.011833039157056024,0.07575757575757569,0.19999999999999996,0.8073378542862111
lakshadweep,2021,3,8086,2021-Q3,24627,71786359.45,7374,16.0,2914.945362813173,216.97857336588012,460.875,3.339707078925956,9735.063662869543,1539.1875,8085.0,20788.0,49741657.91,6816.0,12.0,0.184673850298249,0.44318389185753637,0.08186619718309851,0.33333333333333326,0.7709621746008917
lakshadweep,2021,4,8087,2021-Q4,25317,80761077.71,7965,19.0,3189.993984674329,238.54362837413686,419.2105263157895,3.1785310734463277,10139.495004394224,1332.4736842105262,8086.0,24627.0,71786359.45,7374.0,16.0,0.02801802899256911,0.1250198272869789,0.0801464605370219,0.1875,0.43260525124490723
lakshadweep,2022,1,8088,2022-Q1,30348,100573065.28,8435,23.0,3313.993188348491,272.6733847065797,366.7391304347826,3.5978660343805573,11923.303530527564,1319.4782608695652,8087.0,25317.0,80761077.71,7965.0,19.0,0.19872022751510832,0.2453160375241854,0.05900816070307591,0.21052631578947367,0.8890756302521008
lakshadweep,2022,2,8089,2022-Q2,33079,98136938.13,8885,27.0,2966.744403700233,303.88294879009567,329.0740740740741,3.7230163196398425,11045.237831176139,1225.148148148148,8088.0,30348.0,100573065.28,8435.0,23.0,0.08998945564781868,-0.024222460986127015,0.05334914048606998,0.17391304347826098,0.5912545699441987
lakshadweep,2022,3,8090,2022-Q3,34974,100075631.86,9374,31.0,2861.429400697661,330.701941540431,302.38709677419354,3.7309579688500105,10675.872824834649,1128.1935483870968,8089.0,33079.0,98136938.13,8885.0,27.0,0.0572871005774056,0.019754984890927085,0.05503657850309507,0.14814814814814814,0.4201486173711779
lakshadweep,2022,4,8091,2022-Q4,37014,107487767.58,9808,34.0,2903.9759977305885,346.6557911908646,288.47058823529414,3.773858075040783,10959.193268760195,1088.6470588235295,8090.0,34974.0,100075631.86,9374.0,31.0,0.05832904443300735,0.07406534020558708,0.046298271815660375,0.09677419354838701,0.46202156653631943
lakshadweep,2023,1,8092,2023-Q1,43520,120064282.07,10183,34.0,2758.830010799632,333.889816360601,299.5,4.273789649415693,11790.659144652853,1280.0,8091.0,37014.0,107487767.58,9808.0,34.0,0.17577132976711507,0.11700414636148859,0.038234094616639513,0.0,0.4340318966653487
lakshadweep,2023,2,8093,2023-Q2,50557,135198933.55,10584,34.0,2674.188214292779,321.2396069538927,311.29411764705884,4.776738473167045,12773.897727702193,1486.9705882352941,8092.0,43520.0,120064282.07,10183.0,34.0,0.16169577205882346,0.12605457026075584,0.03937935775311785,0.0,0.5283714743492851
lakshadweep,2023,3,8094,2023-Q3,61690,127653819.4,11059,34.0,2069.2789657967255,307.4419025228321,325.2647058823529,5.578262049009856,11542.980323718239,1814.4117647058824,8093.0,50557.0,135198933.55,10584.0,34.0,0.22020689518760994,-0.055807497528888694,0.04487906273620568,0.0,0.7638817407216789
lakshadweep,2023,4,8095,2023-Q4,96514,176451021.55,11676,36.0,1828.242758045465,308.32476875642345,324.3333333333333,8.266015758821514,15112.283448955122,2680.9444444444443,8094.0,61690.0,127653819.4,11059.0,34.0,0.5644999189495867,0.3822619830676215,0.055791662898996286,0.05882352941176472,1.6074998649159777
lakshadweep,2024,1,8096,2024-Q1,120325,194003286.42,12330,56.0,1612.3273336380635,454.17680454176804,220.17857142857142,9.758718572587187,15734.248695863746,2148.660714285714,8095.0,96514.0,176451021.55,11676.0,36.0,0.2467103218185962,0.09947386371478895,0.05601233299075026,0.5555555555555556,1.7648207720588234
lakshadweep,2024,2,8097,2024-Q2,161844,213925009.2,13251,121.0,1321.797590272114,913.1386310467135,109.51239669421487,12.21371971926647,16144.065293185418,1337.5537190082644,8096.0,120325.0,194003286.42,12330.0,56.0,0.3450571369208395,0.10268755312150346,0.07469586374695858,1.1607142857142856,2.2012184267262693
lakshadweep,2024,3,8098,2024-Q3,183660,214944305.44,14065,183.0,1170.3381544157683,1301.1020263064345,76.85792349726776,13.057945254177035,15282.211549235692,1003.6065573770492,8097.0,161844.0,213925009.2,13251.0,121.0,0.13479647067546519,0.004764736221406718,0.06142932608859719,0.5123966942148761,1.9771437834332954
lakshadweep,2024,4,8099,2024-Q4,228820,279685503.7,14725,226.0,1222.294833056551,1534.804753820034,65.15486725663717,15.53955857385399,18993.92215280136,1012.4778761061947,8098.0,183660.0,214944305.44,14065.0,183.0,0.24588914298159636,0.3011998765330026,0.046924991112690995,0.23497267759562845,1.3708477526576455
lakshadweep,2025,1,8100,2025-Q1,286444,330371406.8,15368,271.0,1153.3542570275517,1763.4044768349818,56.708487084870846,18.638990109318062,21497.35858927642,1056.9889298892988,8099.0,228820.0,279685503.7,14725.0,226.0,0.25183113364216414,0.1812246342033066,0.04366723259762306,0.1991150442477876,1.3805859131518803
lakshadweep,2025,2,8101,2025-Q2,282186,285436602.33,15987,305.0,1011.519360740788,1907.8000875711516,52.41639344262295,17.650966410208294,17854.294259711016,925.2,8100.0,286444.0,330371406.8,15368.0,271.0,-0.014865034701372681,-0.13601299490546592,0.040278500780843274,0.1254612546125462,0.7435678801809149
lakshadweep,2025,3,8102,2025-Q3,295580,269362417.0,16553,330.0,911.3012280939171,1993.5963269497977,50.160606060606064,17.85658188847943,16272.725004530901,895.6969696969697,8101.0,282186.0,285436602.33,15987.0,305.0,0.047465147101557026,-0.056314380141816,0.035403765559517186,0.08196721311475419,0.609386910595666
lakshadweep,2025,4,8103,2025-Q4,326937,328386753.16,17251,369.0,1004.4343502264963,2139.0064344095995,46.75067750677507,18.951770911831197,19035.809701466584,886.0081300813008,8102.0,295580.0,269362417.0,16553.0,330.0,0.10608633872386486,0.21912610087694606,0.042167582915483504,0.11818181818181817,0.42879555982868633
lakshadweep,2026,1,8104,2026-Q1,351993,352164967.77,17882,369.0,1000.4885545167091,2063.5275696230847,48.46070460704607,19.6842075830444,19693.824391566937,953.910569105691,8103.0,326937.0,328386753.16,17251.0,369.0,0.0766386184494261,0.07240917723138018,0.036577589704944735,0.0,0.22883705017385592
lakshadweep,2026,2,8105,2026-Q2,371196,370577513.73,18419,374.0,998.3338013610061,2030.5119713339486,49.24866310160428,20.15288560725338,20119.306896682774,992.5026737967914,8104.0,351993.0,352164967.77,17882.0,369.0,0.054555062174531876,0.05228386592963252,0.030030197964433514,0.013550135501354976,0.3154302481342093
madhya pradesh,2018,1,8072,2018-Q1,8614129,9240858109.53,2501837,8.0,1072.7559466000569,0.3197650366510688,312729.625,3.4431215942525433,3693.6291651014835,1076766.125,,,,,,,,,,
madhya pradesh,2018,2,8073,2018-Q2,11249274,16791412396.44,3390239,23.0,1492.6663175276913,0.67841824720912,147401.69565217392,3.3181359780239683,4952.869811373181,489098.8695652174,8072.0,8614129.0,9240858109.53,2501837.0,8.0,0.30590962823983703,0.8170836731194036,0.35509987261360343,1.875,
madhya pradesh,2018,3,8074,2018-Q3,18062698,25331787718.83,4233736,76.0,1402.4365418073203,1.7951048435707848,55707.05263157895,4.2663732457574115,5983.317740839297,237667.07894736843,8073.0,11249274.0,16791412396.44,3390239.0,23.0,0.6056767752301171,0.5086156614318325,0.24880163315919623,2.3043478260869565,
madhya pradesh,2018,4,8075,2018-Q4,22807607,35619617648.66,5311159,498.0,1561.7428715191386,9.376484492367862,10664.977911646587,4.2942805892273235,6706.562098528778,45798.40763052209,8074.0,18062698.0,25331787718.83,4233736.0,76.0,0.2626910442725665,0.40612332789220007,0.25448516393086384,5.552631578947368,
madhya pradesh,2019,1,8076,2019-Q1,38928866,49298676966.63,6383958,66408.0,1266.3784495194388,1040.2324075440347,96.13236357065414,6.097920130426923,7722.274640063421,586.2074750030117,8075.0,22807607.0,35619617648.66,5311159.0,498.0,0.7068369338352769,0.3840316157488175,0.20198962222746486,132.34939759036143,3.5191877205460935
madhya pradesh,2019,2,8077,2019-Q2,41244464,67755802214.79,7278165,225653.0,1642.7853739301838,3100.410611740734,32.253792327157186,5.666876747092158,9309.462235988054,182.77826574430654,8076.0,38928866.0,49298676966.63,6383958.0,66408.0,0.0594828012714268,0.37439392664946225,0.1400709403163367,2.3979791591374533,2.6664111835128206
madhya pradesh,2019,3,8078,2019-Q3,54896351,79071968085.57,8231531,358087.0,1440.3865948315947,4350.187103711327,22.987517000058645,6.669032893151955,9605.985579787042,153.30450700528084,8077.0,41244464.0,67755802214.79,7278165.0,225653.0,0.3309992584701791,0.167013975200339,0.13098988549998514,0.5868922637855469,2.03921103037874
madhya pradesh,2019,4,8079,2019-Q4,71003068,108819575634.97,9219787,440884.0,1532.603853610523,4781.932597792118,20.912047159797133,7.701161425963528,11802.829678708413,161.04705092495985,8078.0,54896351.0,79071968085.57,8231531.0,358087.0,0.2934023246827462,0.37620927200405285,0.12005737450299336,0.23122034589359575,2.113130983009309
madhya pradesh,2020,1,8080,2020-Q1,80393376,128103419316.96,10260896,513846.0,1593.4573927702702,5007.808284968486,19.968815559525616,7.834927476119044,12484.623108640806,156.45422169288074,8079.0,71003068.0,108819575634.97,9219787.0,440884.0,0.13225214437212762,0.1772093262583263,0.11292115533688585,0.16549024233131626,1.0651353162971664
madhya pradesh,2020,2,8081,2020-Q2,75708003,145115611014.97,11514232,550154.0,1916.7803305414093,4778.034696539031,20.92910712273291,6.575167410210251,12603.151561907907,137.61238307819266,8080.0,80393376.0,128103419316.96,10260896.0,513846.0,-0.058280585206422986,0.13280044973598693,0.12214683785899405,0.07065930259260567,0.8355918748271283
madhya pradesh,2020,3,8082,2020-Q3,105895534,198051918982.33,12744642,654441.0,1870.257521741474,5135.028508450845,19.47408857330149,8.309023823501672,15540.014304233104,161.81066589654378,8081.0,75708003.0,145115611014.97,11514232.0,550154.0,0.39873632646207824,0.36478713487206504,0.10685992778328601,0.18955965057056745,0.9290086147984591
madhya pradesh,2020,4,8083,2020-Q4,147699496,269845055092.31,13925932,839834.0,1826.9869728757233,6030.720241919895,16.581767349261877,10.60607620373272,19377.163057546884,175.86748809883858,8082.0,105895534.0,198051918982.33,12744642.0,654441.0,0.39476605311797197,0.3624965437289469,0.09268914732952083,0.28328451304242863,1.0801847041313763
madhya pradesh,2021,1,8084,2021-Q1,187447068,319696045419.15,15131202,1038097.0,1705.5270526778793,6860.6380378769645,14.57590379319081,12.388114837142481,21128.264986426726,180.56797004518845,8083.0,147699496.0,269845055092.31,13925932.0,839834.0,0.26911108755577606,0.18473931386212272,0.08654860586709745,0.236074033678084,1.3316232919488291
madhya pradesh,2021,2,8085,2021-Q2,203308974,393063852579.45,16251687,1117867.0,1933.332527561966,6878.46744771789,14.538122155855751,12.51002274410035,24186.033891709212,181.87223882626466,8084.0,187447068.0,319696045419.15,15131202.0,1038097.0,0.08462072076795568,0.22949238256641014,0.07405128819243845,0.0768425301296507,1.6854356995785507
madhya pradesh,2021,3,8086,2021-Q3,286544938,471043596822.2,17570524,1314899.0,1643.8733837350148,7483.550291385732,13.362641541289483,16.308275040630548,26808.739273922623,217.9216335247042,8085.0,203308974.0,393063852579.45,16251687.0,1117867.0,0.4094062468683748,0.19838950778865616,0.0811507753010503,0.1762571039309686,1.7059208936988788
madhya pradesh,2021,4,8087,2021-Q4,321167679,527428491137.57,18846562,1523277.0,1642.2215734154556,8082.519241440428,12.372380072698531,17.041181250988906,27985.395486856967,210.839971324979,8086.0,286544938.0,471043596822.2,17570524.0,1314899.0,0.12082831140433536,0.11970207151898293,0.07262378742944708,0.15847452922239658,1.1744669934418734
madhya pradesh,2022,1,8088,2022-Q1,418657344,670680907516.04,20115633,1697225.0,1601.9805149197146,8437.34323448832,11.852072058801868,20.812536398929133,33341.27777714179,246.6716811265448,8087.0,321167679.0,527428491137.57,18846562.0,1523277.0,0.3035475590306831,0.2716053811759389,0.06733700289739852,0.1141932819835132,1.2334696854260745
madhya pradesh,2022,2,8089,2022-Q2,490063972,789356451377.28,21283425,1812068.0,1610.721245546449,8513.986823079462,11.745378760620463,23.025616036892558,37087.84894241787,270.44458154991975,8088.0,418657344.0,670680907516.04,20115633.0,1697225.0,0.17056103045453797,0.17694784886716297,0.05805395236630129,0.06766515930415817,1.4104394526136361
madhya pradesh,2022,3,8090,2022-Q3,564992533,805308274469.2,22575200,1923099.0,1425.3432168265488,8518.635493816224,11.738969236633164,25.027133004358767,35672.25426437861,293.7927444192941,8089.0,490063972.0,789356451377.28,21283425.0,1812068.0,0.15289546932864506,0.020208643464035836,0.06069394376140114,0.061273086881949324,0.9717414550872296
madhya pradesh,2022,4,8091,2022-Q4,640668697,939572408725.76,23793582,2040575.0,1466.5495803453623,8576.157217521935,11.660234002670816,26.92611381506156,39488.48091580999,313.9647878661652,8090.0,564992533.0,805308274469.2,22575200.0,1923099.0,0.13394188344078528,0.1667238975596732,0.05396993160636443,0.06108681872332111,0.9948106204049256
madhya pradesh,2023,1,8092,2023-Q1,730638617,1058319171944.05,24981019,2083024.0,1448.485129747871,8338.426867214665,11.992669791610659,29.247750742273563,42364.93202875552,350.7586167994224,8091.0,640668697.0,939572408725.76,23793582.0,2040575.0,0.14043127192149996,0.1263838338753831,0.049905768706872244,0.0208024698920648,0.7451947934776944
madhya pradesh,2023,2,8093,2023-Q2,843782510,1197411249860.08,26193021,2142311.0,1419.0993954829428,8178.93819884312,12.22652593390969,32.21402029189378,45714.89672230172,393.8655545343323,8092.0,730638617.0,1058319171944.05,24981019.0,2083024.0,0.15485616331719299,0.13142734404076672,0.04851691598329122,0.028461986035686504,0.7217803352416203
madhya pradesh,2023,3,8094,2023-Q3,974634662,1234399612492.15,27512164,2210798.0,1266.5254588412636,8035.711040396532,12.444449470281771,35.42559073143065,44867.41255584802,440.85197381217097,8093.0,843782510.0,1197411249860.08,26193021.0,2142311.0,0.15507805678503583,0.030890274862869438,0.05036238469781695,0.03196874776818115,0.7250398988901328
madhya pradesh,2023,4,8095,2023-Q4,1098779303,1426823070181.17,28703519,2279592.0,1298.5529180295907,7941.855491655919,12.591515937939771,38.280299464327,49708.99457244841,482.0070008141808,8094.0,974634662.0,1234399612492.15,27512164.0,2210798.0,0.12737556526591098,0.15588424991525485,0.0433028459702407,0.03111727077733928,0.7150507089626075
madhya pradesh,2024,1,8096,2024-Q1,1283443129,1626171196855.55,30087710,2371698.0,1267.037985643032,7882.613864597871,12.68614722447799,42.656723592456856,54047.68913471813,541.1494756077714,8095.0,1098779303.0,1426823070181.17,28703519.0,2279592.0,0.1680627087676405,0.1397146786034711,0.04822373869907737,0.04040459871766533,0.7566045636484611
madhya pradesh,2024,2,8097,2024-Q2,1432136665,1777347668076.45,31399806,2466722.0,1241.0461316388753,7855.851083920709,12.729365530448911,45.609729722533956,56603.7786372454,580.5829213831149,8096.0,1283443129.0,1626171196855.55,30087710.0,2371698.0,0.11585518098948033,0.09296467156300814,0.04360903505118863,0.040065809390571694,0.6972817616236202
madhya pradesh,2024,3,8098,2024-Q3,1534489500,1759428066717.69,32634553,2568230.0,1146.588534309091,7869.665014256515,12.707021178009757,47.02039277204134,53913.04323113266,597.4891267526663,8097.0,1432136665.0,1777347668076.45,31399806.0,2466722.0,0.0714686227239354,-0.010082215022204188,0.039323395819706564,0.041150968775565344,0.5744253306681597
madhya pradesh,2024,4,8099,2024-Q4,1681877662,2001212724870.64,33718050,2674535.0,1189.8681872562024,7932.057162261756,12.607070014039824,49.88063253954484,59351.37781902096,628.848626770635,8098.0,1534489500.0,1759428066717.69,32634553.0,2568230.0,0.09605029034085932,0.13742230371714625,0.033200914380534075,0.041392320781238334,0.5306783240346491
madhya pradesh,2025,1,8100,2025-Q1,1723435663,2033055917651.6,34868747,2763468.0,1179.6529231109453,7925.343574863759,12.617749508950348,49.426372074683385,58305.96429666945,623.6495819745335,8099.0,1681877662.0,2001212724870.64,33718050.0,2674535.0,0.02470928887335444,0.01591194798295037,0.034127032850357564,0.033251761521161605,0.3428219950367586
madhya pradesh,2025,2,8101,2025-Q2,1837319230,2168370196643.18,35961457,2838187.0,1180.1815173094226,7892.302583846923,12.670573503437229,51.091345659326315,60297.061841603914,647.3566505660127,8100.0,1723435663.0,2033055917651.6,34868747.0,2763468.0,0.06607938401469649,0.06655708670712923,0.03133780516976992,0.02703812745434364,0.28292171753035866
madhya pradesh,2025,3,8102,2025-Q3,1980337761,2098642107160.68,37166358,2916083.0,1059.7394790376266,7846.028389437566,12.745301831257889,53.28307285314316,56466.175866913836,679.108846010213,8101.0,1837319230.0,2168370196643.18,35961457.0,2838187.0,0.07784087199696921,-0.0321569119472519,0.033505344346865584,0.027445689801270934,0.2905515228354447
madhya pradesh,2025,4,8103,2025-Q4,2101082439,2331864870681.18,38249438,3018653.0,1109.8397794381738,7892.01922391644,12.671028435530681,54.93106693489196,60964.68321132405,696.0331111260552,8102.0,1980337761.0,2098642107160.68,37166358.0,2916083.0,0.060971759655296554,0.11113031742036039,0.029141407936715158,0.03517389594191944,0.2492480793766556
madhya pradesh,2026,1,8104,2026-Q1,2186611174,2424177486736.08,39250624,3081980.0,1108.645888011949,7852.053511302139,12.735521969642893,55.70895316212043,61761.50184863507,709.4825969019915,8103.0,2101082439.0,2331864870681.18,38249438.0,3018653.0,0.040706986747605756,0.03958746375725175,0.026175181972608375,0.020978562292519154,0.26875126292428364
madhya pradesh,2026,2,8105,2026-Q2,2283838085,2568376073176.97,40093377,3144386.0,1124.5876360700809,7842.656905653021,12.750780915574614,56.96297632898321,64059.8588933272,726.3224314699277,8104.0,2186611174.0,2424177486736.08,39250624.0,3081980.0,0.044464654784573066,0.05948351027508281,0.021471072663711066,0.020248671308704225,0.24302736710593287
maharashtra,2018,1,8072,2018-Q1,15771297,20616284599.6,6133954,1643.0,1307.2028635057725,26.785332919027432,3733.3864881314666,2.571146930674733,3361.0106302720887,9599.08520998174,,,,,,,,,,
maharashtra,2018,2,8073,2018-Q2,21707384,34569981679.04,8236836,6629.0,1592.5448077502108,80.47993185732969,1242.5457836777794,2.6354032057940695,4196.9976917156055,3274.6091416503245,8072.0,15771297.0,20616284599.6,6133954.0,1643.0,0.3763854678534049,0.6768288928117889,0.34282650310061014,3.0346926354230064,
maharashtra,2018,3,8074,2018-Q3,30786153,50334957437.1,10390459,38653.0,1634.9869188625157,372.0047401178331,268.8137790080977,2.962925218221832,4844.343973360561,796.4751248286032,8073.0,21707384.0,34569981679.04,8236836.0,6629.0,0.4182341363657638,0.4560307813995286,0.26146241105201073,4.830894554231407,
maharashtra,2018,4,8075,2018-Q4,45715147,76570396171.73,13355155,229210.0,1674.9458592297647,1716.266115967954,58.266022424850576,3.4230338023033053,5733.396293171438,199.4465642860259,8074.0,30786153.0,50334957437.1,10390459.0,38653.0,0.48492560925036665,0.5212170640536362,0.28532868470969386,4.929940754921998,
maharashtra,2019,1,8076,2019-Q1,73874732,107583453017.91,16274312,698175.0,1456.2956792575574,4290.043105969702,23.309789092992446,4.539345933640697,6610.629869816309,105.81119633329753,8075.0,45715147.0,76570396171.73,13355155.0,229210.0,0.6159793164396912,0.40502672568945286,0.21857904307362963,2.04600584616727,3.6841253449224878
maharashtra,2019,2,8077,2019-Q2,99331337,147421594256.61,18737804,1019256.0,1484.1398365211774,5439.570186559748,18.383805442401123,5.301119437475171,7867.602535313636,97.45474836547443,8076.0,73874732.0,107583453017.91,16274312.0,698175.0,0.344591503898789,0.37029989390717843,0.1513730350014182,0.45988613170050496,3.5759238883874724
maharashtra,2019,3,8078,2019-Q3,148759948,194352348539.17,21322044,1309633.0,1306.483036275127,6142.155039169791,16.280930611858437,6.97681460557909,9115.089929425621,113.58903448523365,8077.0,99331337.0,147421594256.61,18737804.0,1019256.0,0.49761346713776744,0.3183438255379998,0.13791584115193012,0.28489113627979634,3.832040820429886
maharashtra,2019,4,8079,2019-Q4,196478271,260156648249.88,23734339,1597195.0,1324.0988274468275,6729.4690616831585,14.860013335879463,8.278228055982515,10961.192062263879,123.0145793093517,8078.0,148759948.0,194352348539.17,21322044.0,1309633.0,0.3207739962372129,0.338582477676866,0.11313619838698386,0.219574491479674,3.297881203356953
maharashtra,2020,1,8080,2020-Q1,233758463,308295755638.3,26163809,1861784.0,1318.8645736359927,7115.8752152639545,14.053085105468734,8.934420175594463,11783.290255570204,125.55616709564589,8079.0,196478271.0,260156648249.88,23734339.0,1597195.0,0.18974206058643506,0.18503892832360935,0.10236097158635848,0.16565854513694322,2.164254633099718
maharashtra,2020,2,8081,2020-Q2,180429884,281354616792.98,28790127,1925780.0,1559.35707852575,6689.029193931656,14.949852527287645,6.267074959412302,9772.60769961105,93.6918464206711,8080.0,233758463.0,308295755638.3,26163809.0,1861784.0,-0.2281353937547066,-0.08738731673272859,0.10037980326182638,0.03437348263815787,0.8164447338507081
maharashtra,2020,3,8082,2020-Q3,259184002,417445438172.21,31432433,2160587.0,1610.6142159661924,6873.750434781807,14.548098734279156,8.245750559621014,13280.723072636789,119.9599932796041,8081.0,180429884.0,281354616792.98,28790127.0,1925780.0,0.4364804557542141,0.4836985542674259,0.0917781988248958,0.12192825764105963,0.742296938689438
maharashtra,2020,4,8083,2020-Q4,397059155,598117839589.42,34404572,2544284.0,1506.3695977225864,7395.191546053821,13.522300183470085,11.540883432585646,17384.8359337073,156.05929015785975,8082.0,259184002.0,417445438172.21,31432433.0,2160587.0,0.5319585774433717,0.4328048288377191,0.09455644111291028,0.17758923848009833,1.0208807466551861
maharashtra,2021,1,8084,2021-Q1,488141386,712800108227.84,36994904,2884303.0,1460.2328929099242,7796.487321605159,12.826289054929388,13.194827752492614,19267.52150047044,169.24067478347456,8083.0,397059155.0,598117839589.42,34404572.0,2544284.0,0.22939209398156302,0.19173858568930813,0.07529034222544606,0.13364034832589433,1.0882297895670199
maharashtra,2021,2,8085,2021-Q2,533231187,829232878614.53,39429859,3023504.0,1555.109488775138,7668.056839868486,13.04111355566257,13.523537758529645,21030.581890098314,176.36199158327557,8084.0,488141386.0,712800108227.84,36994904.0,2884303.0,0.09237037115308233,0.16334561266575087,0.06581865978081747,0.04826157307328671,1.9553374151700944
maharashtra,2021,3,8086,2021-Q3,734586580,1040338295534.05,42170156,3290552.0,1416.2228440574697,7803.034923560634,12.815526391924516,17.41958412484886,24670.01297159181,223.2411400883499,8085.0,533231187.0,829232878614.53,39429859.0,3023504.0,0.37761368409983875,0.2545791687278871,0.06949801671875111,0.08832401081658903,1.8342280940626883
maharashtra,2021,4,8087,2021-Q4,821255563,1161752565942.64,44928344,3607998.0,1414.6054142985938,8030.5608415035285,12.45243040600355,18.279230656709714,25857.898656194404,227.6208476279643,8086.0,734586580.0,1040338295534.05,42170156.0,3290552.0,0.11798334649674658,0.11670652799170744,0.06540616069810135,0.09647195971982825,1.0683456171662886
maharashtra,2022,1,8088,2022-Q1,1069812670,1484934108466.9,47511322,3932588.0,1388.0318957775103,8277.159705217211,12.081438991320729,22.517004894117658,31254.32099041361,272.0378208955527,8087.0,821255563.0,1161752565942.64,44928344.0,3607998.0,0.3026550055771129,0.27818448781478033,0.05749105731562243,0.0899640188270614,1.1916041144685896
maharashtra,2022,2,8089,2022-Q2,1272760072,1740994209212.3,49858004,4180983.0,1367.8887698578746,8385.78094702708,11.924947793377777,25.527698060275338,34919.05149697328,304.41646665389453,8088.0,1069812670.0,1484934108466.9,47511322.0,3932588.0,0.18970368148659156,0.17243869561981162,0.04939205859184459,0.06316324008515517,1.3868822811370936
maharashtra,2022,3,8090,2022-Q3,1481906141,1915987311841.34,52289467,4352350.0,1292.9208259764814,8323.56925726552,12.014076763127965,28.340433093341723,36641.93616357459,340.4841386836996,8089.0,1272760072.0,1740994209212.3,49858004.0,4180983.0,0.16432481942283927,0.10051331687554232,0.04876775652711651,0.040987251084254606,1.0173335333732885
maharashtra,2022,4,8091,2022-Q4,1659335577,2150909817409.16,54629272,4508736.0,1296.2476350310665,8253.33348758519,12.116316413291885,30.374477203357205,39372.84424015682,368.0267766841971,8090.0,1481906141.0,1915987311841.34,52289467.0,4352350.0,0.11973054911579584,0.12261172300877599,0.044747157204719556,0.03593139338518281,1.020486255141507
maharashtra,2023,1,8092,2023-Q1,1843209645,2363317566724.52,56723036,4522908.0,1282.1751302872117,7973.670520738699,12.5412756571657,32.49490462746035,41664.15857438449,407.5275563862895,8091.0,1659335577.0,2150909817409.16,54629272.0,4508736.0,0.1108118638259028,0.09875251281860442,0.03832677836160814,0.00314323127368743,0.7229274775741812
maharashtra,2023,2,8093,2023-Q2,2058432368,2604704587837.53,58661548,4608963.0,1265.3826418248052,7856.872443938915,12.72771076704239,35.089976964126485,44402.24775243793,446.61507762158215,8092.0,1843209645.0,2363317566724.52,56723036.0,4522908.0,0.11676518923597534,0.10213905423110958,0.03417503957298762,0.019026475886752436,0.6172980385575766
maharashtra,2023,3,8094,2023-Q3,2288748568,2753519460899.4,60617867,4734743.0,1203.067693584855,7810.80436235079,12.802778735825788,37.75699610149595,45424.2222165191,483.3944668168895,8093.0,2058432368.0,2604704587837.53,58661548.0,4608963.0,0.11188912668711004,0.057133109741791754,0.03334925631352248,0.027290303697382612,0.5444625706561532
maharashtra,2023,4,8095,2023-Q4,2568566942,3105786845149.35,62581750,4866495.0,1209.1516068220699,7776.2207033200575,12.859717311946278,41.04338632268992,49627.67652149948,527.8063456347946,8094.0,2288748568.0,2753519460899.4,60617867.0,4734743.0,0.12225824099346849,0.12793350083492294,0.032397758238507546,0.02782664233306864,0.5479490572026708
maharashtra,2024,1,8096,2024-Q1,2831435504,3382002942775.57,64700862,5039829.0,1194.4481652496684,7789.430997070796,12.83790819093267,43.7619440680713,52271.37379986637,561.8118202026299,8095.0,2568566942.0,3105786845149.35,62581750.0,4866495.0,0.102340553287398,0.08893594808594707,0.03386150115648734,0.035617831724886084,0.5361440363990717
maharashtra,2024,2,8097,2024-Q2,3056537192,3575026518542.91,66770730,5168187.0,1169.6329192067328,7740.198437249375,12.919565410462122,45.77660289171617,53541.82167160536,591.4138153282767,8096.0,2831435504.0,3382002942775.57,64700862.0,5039829.0,0.07950090605348281,0.05707374565704204,0.03199135121260044,0.025468721260185623,0.48488589643087066
maharashtra,2024,3,8098,2024-Q3,3286087251,3690379263272.15,69582864,5298716.0,1123.0314295973483,7614.972559910728,13.132023682718605,47.22552453431638,53035.748331257964,620.1667066134513,8097.0,3056537192.0,3575026518542.91,66770730.0,5168187.0,0.07510134658292755,0.032266262678312785,0.04211626861051232,0.025256245565417723,0.4357572067741431
maharashtra,2024,4,8099,2024-Q4,3634900999,4152526918695.74,72020866,5428259.0,1142.4044065679216,7537.064327996278,13.267765226382897,50.470109579076706,57657.2755831031,669.6255648450083,8098.0,3286087251.0,3690379263272.15,69582864.0,5298716.0,0.10614865685439456,0.12523039570025585,0.035037390815071845,0.02444799834525946,0.4151474659133101
maharashtra,2025,1,8100,2025-Q1,3904534550,4335348832646.41,74177131,5550838.0,1110.336911385868,7483.220131552405,13.363231101321999,52.63798285754675,58445.89530763073,703.413529632823,8099.0,3634900999.0,4152526918695.74,72020866.0,5428259.0,0.07417906321910261,0.044026665577424406,0.029939448381528733,0.022581641738170566,0.3789946987964308
maharashtra,2025,2,8101,2025-Q2,4035923246,4459847561600.48,76247239,5653784.0,1105.0377546254458,7415.0671868918425,13.486054472544406,52.93205759227557,58491.922069472974,713.844612033286,8100.0,3904534550.0,4335348832646.41,74177131.0,5550838.0,0.03365028387314428,0.02871711914311481,0.027907630992091148,0.018546028545599835,0.3204234048135868
maharashtra,2025,3,8102,2025-Q3,4306180488,4500210515384.95,78365134,5758748.0,1045.058498575629,7348.609906032956,13.608015839554014,54.950208953895235,57426.18286577485,747.7633138314092,8101.0,4035923246.0,4459847561600.48,76247239.0,5653784.0,0.06696292905665424,0.009050298968062753,0.02777667792010141,0.01856526531611391,0.3104279220491093
maharashtra,2025,4,8103,2025-Q4,4618105060,4956544899176.13,80321622,5890201.0,1073.2854352118463,7333.269490001086,13.636482354337314,57.49516686801967,61708.72519452022,784.0318284554296,8102.0,4306180488.0,4500210515384.95,78365134.0,5758748.0,0.07243648353087795,0.10140289709361405,0.02496630708243286,0.0228266630177254,0.27048991465530703
maharashtra,2026,1,8104,2026-Q1,4829477429,5179476090387.98,82017557,6005973.0,1072.4713318435472,7322.789436412986,13.655998287038587,58.88345868433999,63150.821358748595,804.1124109282542,8103.0,4618105060.0,4956544899176.13,80321622.0,5890201.0,0.0457703682037931,0.04497713543337545,0.02111430219872812,0.01965501686614779,0.23688940823945326
maharashtra,2026,2,8105,2026-Q2,5064451991,5465176553156.58,84075442,6113793.0,1079.1249601869472,7271.79406324144,13.751764575607973,60.23699513824739,65003.24498034253,828.3649758832202,8104.0,4829477429.0,5179476090387.98,82017557.0,6005973.0,0.04865424167613397,0.055160108432356525,0.025090786354438732,0.017952128655922994,0.2548434849496639
manipur,2018,1,8072,2018-Q1,104908,152517177.3,35579,,1453.8183675220193,,,2.948593271311729,4286.719056184828,,,,,,,,,,,
manipur,2018,2,8073,2018-Q2,184930,296675858.09,54326,,1604.260304385443,,,3.404079078157788,5461.028938077531,,8072.0,104908.0,152517177.3,35579.0,,0.7627826285888588,0.9451963597938942,0.5269119424379549,,
manipur,2018,3,8074,2018-Q3,219782,436231935.4,71019,,1984.839228872246,,,3.094692969487039,6142.468007153015,,8073.0,184930.0,296675858.09,54326.0,,0.1884604985670253,0.470399169681222,0.30727460147995433,,
manipur,2018,4,8075,2018-Q4,285294,690125762.2,93713,3.0,2418.9985145148516,3.2012634319678166,31237.666666666668,3.0443374985327543,7364.247886632592,95098.0,8074.0,219782.0,436231935.4,71019.0,,0.2980771855747968,0.5820156806428989,0.31954828989425366,,
manipur,2019,1,8076,2019-Q1,322920,790454446.37,112463,59.0,2447.833662733804,52.461698514177996,1906.1525423728813,2.871344353253959,7028.573365195664,5473.220338983051,8075.0,285294.0,690125762.2,93713.0,3.0,0.13188500283917648,0.1453773930278588,0.20007896449798857,18.666666666666668,2.0781255957600946
manipur,2019,2,8077,2019-Q2,367371,985994013.92,130880,165.0,2683.919018975368,126.06968215158925,793.2121212121212,2.8069300122249388,7533.572844743276,2226.490909090909,8076.0,322920.0,790454446.37,112463.0,59.0,0.1376532887402453,0.24737613716764484,0.16376052568400268,1.7966101694915255,0.9865408532958417
manipur,2019,3,8078,2019-Q3,412093,1155501039.94,150811,269.0,2803.9812370993927,178.36895186690626,560.635687732342,2.732512880360186,7661.914846662379,1531.9442379182155,8077.0,367371.0,985994013.92,130880.0,165.0,0.12173524856344131,0.17191486320093752,0.1522845354523228,0.6303030303030304,0.8750079624355043
manipur,2019,4,8079,2019-Q4,511743,1456426016.72,170399,358.0,2846.010627834675,210.0951296662539,475.97486033519556,3.0032042441563624,8547.151196427209,1429.4497206703911,8078.0,412093.0,1155501039.94,150811.0,269.0,0.24181434773218657,0.26042813150183375,0.12988442487616947,0.33085501858736066,0.7937390902016868
manipur,2020,1,8080,2020-Q1,606999,1627281632.67,193166,441.0,2680.8637784741,228.30104676806477,438.01814058956916,3.1423697752192417,8424.265308957063,1376.4149659863945,8079.0,511743.0,1456426016.72,170399.0,358.0,0.18614030870964537,0.11731156542697718,0.1336099390254637,0.23184357541899447,0.8797194351542177
manipur,2020,2,8081,2020-Q2,879294,2154620599.91,232085,523.0,2450.398387695128,225.34847146519593,443.7571701720841,3.788672253700153,9283.756381972122,1681.2504780114723,8080.0,606999.0,1627281632.67,193166.0,441.0,0.4485921723100037,0.3240612790391766,0.20147955644368065,0.18594104308390014,1.393476893930114
manipur,2020,3,8082,2020-Q3,1043328,2794156258.24,275979,557.0,2678.1187299104404,201.82695060131385,495.47396768402155,3.780461556857587,10124.524903126687,1873.120287253142,8081.0,879294.0,2154620599.91,232085.0,523.0,0.18655193825955818,0.2968205438844842,0.1891289829157421,0.0650095602294456,1.5317780209807008
manipur,2020,4,8083,2020-Q4,1186202,3644196614.14,306249,638.0,3072.155176049273,208.327210864362,480.0141065830721,3.873325300654043,11899.456370926924,1859.2507836990596,8082.0,1043328.0,2794156258.24,275979.0,557.0,0.13694063611826768,0.3042207655327869,0.10968225843270685,0.1454219030520647,1.31796429066934
manipur,2021,1,8084,2021-Q1,1151135,3880846919.52,326912,714.0,3371.3221468550605,218.40740015661706,457.85994397759106,3.5212381313625687,11871.228096613157,1612.233893557423,8083.0,1186202.0,3644196614.14,306249.0,638.0,-0.029562418542541713,0.06493895100548719,0.06747124072241872,0.11912225705329149,0.8964364026958858
manipur,2021,2,8085,2021-Q2,1435977,4129039191.34,346378,988.0,2875.4215362363047,285.23751508467626,350.585020242915,4.14569343318571,11920.616180415616,1453.418016194332,8084.0,1151135.0,3880846919.52,326912.0,714.0,0.24744447871014263,0.06395312079217441,0.05954507635082229,0.3837535014005602,0.6331022388416161
manipur,2021,3,8086,2021-Q3,1772255,5444167085.19,367233,1154.0,3071.886994360292,314.24191181075776,318.2261698440208,4.825968799100298,14824.830789144766,1535.7495667244368,8085.0,1435977.0,4129039191.34,346378.0,988.0,0.23418063102681996,0.3185070019699183,0.060208789241811056,0.16801619433198378,0.6986556480799901
manipur,2021,4,8087,2021-Q4,1782570,5545169786.4,388184,1356.0,3110.772528652451,349.31887970653094,286.2713864306785,4.592074892319107,14284.900424540938,1314.5796460176991,8086.0,1772255.0,5444167085.19,367233.0,1154.0,0.005820268527948924,0.018552461676784704,0.0570509730879305,0.1750433275563259,0.5027541683456949
manipur,2022,1,8088,2022-Q1,2257271,6964838004.51,406492,1592.0,3085.5125523297825,391.64362398275983,255.33417085427135,5.5530514745677655,17134.010028512246,1417.8837939698492,8087.0,1782570.0,5545169786.4,388184.0,1356.0,0.266301463617137,0.256018890817709,0.047163200956247486,0.17404129793510315,0.9609090158843228
manipur,2022,2,8089,2022-Q2,2451327,7208227925.01,426522,1799.0,2940.541153836269,421.783636014086,237.08838243468594,5.74724633195943,16900.01436036125,1362.6053362979433,8088.0,2257271.0,6964838004.51,406492.0,1592.0,0.08596929655322727,0.03494552498455761,0.04927526248979075,0.13002512562814061,0.7070795702159576
manipur,2022,3,8090,2022-Q3,2976452,8100189981.03,448114,1996.0,2721.4246965951406,445.42237020044007,224.5060120240481,6.642175874888979,18076.181465051304,1491.2084168336673,8089.0,2451327.0,7208227925.01,426522.0,1799.0,0.21422070576467367,0.12374221033233512,0.05062341450147945,0.10950528071150645,0.6794716335967455
manipur,2022,4,8091,2022-Q4,3217150,8403643887.51,467306,2742.0,2612.139280888364,586.7675570183135,170.4252370532458,6.884461145373695,17983.17138558033,1173.2859226841722,8090.0,2976452.0,8100189981.03,448114.0,1996.0,0.08086742201789243,0.037462566580619194,0.04282838741927275,0.37374749498997994,0.80478185989891
manipur,2023,1,8092,2023-Q1,3435277,8751539696.44,486209,5900.0,2547.5499345292974,1213.4699275414482,82.40830508474576,7.065432766567464,17999.542781890093,582.2503389830508,8091.0,3217150.0,8403643887.51,467306.0,2742.0,0.06780131482834184,0.04139820934666982,0.04045101068678769,1.1517140773158276,0.5218717646219706
manipur,2023,2,8093,2023-Q2,1700053,4552576250.75,496881,6848.0,2677.902542303093,1378.1971940967758,72.55855724299066,3.4214489988548564,9162.306972393793,248.2554030373832,8092.0,3435277.0,8751539696.44,486209.0,5900.0,-0.5051190922886277,-0.47979710900449646,0.02194940858766503,0.16067796610169482,-0.3064764513261593
manipur,2023,3,8094,2023-Q3,904737,3670828688.58,506910,6862.0,4057.3433921460046,1353.6919768795249,73.87204896531624,1.7848079540746877,7241.578758714564,131.8474205770912,8093.0,1700053.0,4552576250.75,496881.0,6848.0,-0.46781835625124624,-0.19368100908243746,0.020183907213195962,0.0020443925233644133,-0.6960350780056255
manipur,2023,4,8095,2023-Q4,2203468,6907044662.76,528770,7555.0,3134.624447806821,1428.7875635909752,69.98941098610192,4.167157743442329,13062.474540461826,291.6569159497022,8094.0,904737.0,3670828688.58,506910.0,6862.0,1.4354790397651471,0.8816036510360492,0.043124025961216006,0.10099096473331381,-0.31508695584601276
manipur,2024,1,8096,2024-Q1,3974022,9381643367.64,564185,10474.0,2360.742685279548,1856.4832457438606,53.86528546877984,7.043827822434131,16628.66500817994,379.41779644834827,8095.0,2203468.0,6907044662.76,528770.0,7555.0,0.8035306162830593,0.35827171036290495,0.06697619002590915,0.38636664460622105,0.1568272369302388
manipur,2024,2,8097,2024-Q2,5268375,11040117731.12,603425,12042.0,2095.545159773175,1995.6084020383644,50.110031556219894,8.730786758917844,18295.757933662015,437.5,8096.0,3974022.0,9381643367.64,564185.0,10474.0,0.3257035315858845,0.1767786621692058,0.06955165415599485,0.14970402902425062,2.0989475034013645
manipur,2024,3,8098,2024-Q3,5806055,11771760861.08,644220,14222.0,2027.4973042935349,2207.6309335320234,45.29742652228941,9.012534537890783,18272.88948042594,408.2446210097033,8097.0,5268375.0,11040117731.12,603425.0,12042.0,0.10205803497283328,0.06627131592062963,0.0676057505075196,0.18103305098820788,5.417395331460966
manipur,2024,4,8099,2024-Q4,5798310,12139401338.36,668293,16334.0,2093.6102654670067,2444.1375265040933,40.91422799069426,8.676299168179227,18164.789004762883,354.9840822823558,8098.0,5806055.0,11771760861.08,644220.0,14222.0,-0.0013339522274591342,0.031230712347844136,0.037367669429697825,0.14850232034875543,1.6314473366529487
manipur,2025,1,8100,2025-Q1,7775142,14315138066.17,694042,18944.0,1841.1416879807468,2729.5178101613446,36.636507601351354,11.202696666772328,20625.75185099749,410.4276815878378,8099.0,5798310.0,12139401338.36,668293.0,16334.0,0.3409324441087145,0.17922932665013414,0.0385295072670222,0.1597893963511694,0.9564919368840938
manipur,2025,2,8101,2025-Q2,8600635,14869751104.22,719620,21382.0,1728.9131679486457,2971.290403268392,33.655411093443085,11.951634195825575,20663.337739668157,402.23716209896173,8100.0,7775142.0,14315138066.17,694042.0,18944.0,0.10617079405109253,0.03874311484013404,0.03685367744315182,0.12869510135135132,0.6325024319643153
manipur,2025,3,8102,2025-Q3,9804471,16224673451.81,749966,25620.0,1654.8239524406772,3416.1548656872446,29.272677595628416,13.073220652669587,21633.878671579776,382.6881733021077,8101.0,8600635.0,14869751104.22,719620.0,21382.0,0.13997059519442456,0.09111936965814293,0.042169478335788435,0.1982040969039378,0.6886631284064653
manipur,2025,4,8103,2025-Q4,9815029,16462749477.21,783532,29734.0,1677.3001360678606,3794.867344282046,26.35138225600323,12.52664728434831,21010.94719451152,330.09447097598706,8102.0,9804471.0,16224673451.81,749966.0,25620.0,0.0010768556508555793,0.01467370213071617,0.04475669563686879,0.1605776736924278,0.692739608610095
manipur,2026,1,8104,2026-Q1,10234367,17003536000.67,814173,32712.0,1661.4155033398745,4017.819308672727,24.889123257520176,12.570260865933898,20884.426283689092,312.8627720714111,8103.0,9815029.0,16462749477.21,783532.0,29734.0,0.042724071421490484,0.03284910119106366,0.03910625220156927,0.10015470505145618,0.3162932586954681
manipur,2026,2,8105,2026-Q2,10459691,16979159239.83,854036,34456.0,1623.2945351664787,4034.4903493529546,24.78627815184583,12.24736545063674,19881.081406205358,303.56660668678893,8104.0,10234367.0,17003536000.67,814173.0,32712.0,0.02201640804946714,-0.0014336289133648483,0.048961338683547684,0.053313768647591075,0.21615334216601445
meghalaya,2018,1,8072,2018-Q1,57738,76092836.2,22306,,1317.8987183484014,,,2.58845153770286,3411.3169640455485,,,,,,,,,,,
meghalaya,2018,2,8073,2018-Q2,79675,131316474.46,31651,,1648.1515464072795,,,2.5172980316577673,4148.88864364475,,8072.0,57738.0,76092836.2,22306.0,,0.3799404205202812,0.7257403064179646,0.4189455751815654,,
meghalaya,2018,3,8074,2018-Q3,123884,233167830.81,42882,,1882.1464499854703,,,2.8889510750431415,5437.429010074157,,8073.0,79675.0,131316474.46,31651.0,,0.5548666457483526,0.7756175054869046,0.35483870967741926,,
meghalaya,2018,4,8075,2018-Q4,182356,368078549.99,56903,3.0,2018.4614160762465,5.272129764687275,18967.666666666668,3.2046816512310423,6468.526263817374,60785.333333333336,8074.0,123884.0,233167830.81,42882.0,,0.47198992605986234,0.5785991948860811,0.32696702579170744,,
meghalaya,2019,1,8076,2019-Q1,233798,446378841.01,69850,28.0,1909.2500406761392,40.08589835361489,2494.6428571428573,3.3471438797423048,6390.534588546886,8349.92857142857,8075.0,182356.0,368078549.99,56903.0,3.0,0.282096558380311,0.21272712311577857,0.22752754687802046,8.333333333333334,3.0492916276975306
meghalaya,2019,2,8077,2019-Q2,280284,589604772.23,83645,90.0,2103.597680317107,107.59758503198039,929.3888888888889,3.350875724789288,7048.894401697651,3114.266666666667,8076.0,233798.0,446378841.01,69850.0,28.0,0.19882975902274613,0.3208618287012206,0.19749463135289913,2.2142857142857144,2.517841229996862
meghalaya,2019,3,8078,2019-Q3,326183,724948653.24,98774,145.0,2222.521263339904,146.7997651203758,681.2,3.302316399052382,7339.468415169984,2249.537931034483,8077.0,280284.0,589604772.23,83645.0,90.0,0.16375890168543328,0.2295501790090726,0.18087154043875908,0.6111111111111112,1.6329711665751834
meghalaya,2019,4,8079,2019-Q4,373215,841717696.74,112925,199.0,2255.3158279811905,176.2231569625858,567.4623115577889,3.3049811822005757,7453.776371396945,1875.4522613065326,8078.0,326183.0,724948653.24,98774.0,145.0,0.14418899820039677,0.16107215728745228,0.14326644663575427,0.37241379310344835,1.0466285726820068
meghalaya,2020,1,8080,2020-Q1,440231,985286898.59,129019,251.0,2238.1133963532784,194.54498949767088,514.0199203187251,3.412140847472078,7636.758140971485,1753.9083665338646,8079.0,373215.0,841717696.74,112925.0,199.0,0.17956405825060617,0.17056692808770468,0.1425193712641133,0.2613065326633166,0.8829545162918417
meghalaya,2020,2,8081,2020-Q2,628610,1103805615.64,152632,295.0,1755.94663724726,193.27532889564444,517.3966101694915,4.118467949053934,7231.809945751875,2130.8813559322034,8080.0,440231.0,985286898.59,129019.0,251.0,0.4279094384539026,0.12028853445591015,0.1830195552593028,0.17529880478087656,1.2427609139301565
meghalaya,2020,3,8082,2020-Q3,692059,1513957555.37,176427,308.0,2187.613419332745,174.57645371740153,572.8149350649351,3.922636557896467,8581.212373219518,2246.944805194805,8081.0,628610.0,1103805615.64,152632.0,295.0,0.10093539714608424,0.3715798632644105,0.1558978457990461,0.04406779661016946,1.121689358427631
meghalaya,2020,4,8083,2020-Q4,836361,2026601308.78,197575,383.0,2423.117898586854,193.8504365430849,515.8616187989556,4.233131722130836,10257.377242971024,2183.7101827676242,8082.0,692059.0,1513957555.37,176427.0,308.0,0.20851112405156202,0.3386117078326636,0.11986827413037693,0.24350649350649345,1.240962983802902
meghalaya,2021,1,8084,2021-Q1,895045,2367708528.68,213559,720.0,2645.35138309247,337.14336553364643,296.6097222222222,4.191090050056425,11086.905860581852,1243.1180555555557,8083.0,836361.0,2026601308.78,197575.0,383.0,0.07016587334894853,0.16831491148367217,0.0809009236998608,0.8798955613577024,1.0331257907780231
meghalaya,2021,2,8085,2021-Q2,1126432,2534515849.85,230094,1115.0,2250.038928093307,484.5845610924231,206.362331838565,4.895529653098299,11015.132293106295,1010.2529147982062,8084.0,895045.0,2367708528.68,213559.0,720.0,0.25851996268344046,0.07045095253468348,0.07742591040415059,0.5486111111111112,0.7919409490781248
meghalaya,2021,3,8086,2021-Q3,1354216,3204114778.5,247942,1444.0,2366.0293324698573,582.3942696275742,171.7049861495845,5.461825749570464,12922.839932322882,937.8227146814404,8085.0,1126432.0,2534515849.85,230094.0,1115.0,0.20221726655492733,0.2641920462598917,0.07756829817378974,0.29506726457399113,0.9567927012003312
meghalaya,2021,4,8087,2021-Q4,1558644,3952050835.09,267949,2117.0,2535.569915317417,790.0757233652673,126.5701464336325,5.816942776423872,14749.265103023337,736.2512990080303,8086.0,1354216.0,3204114778.5,247942.0,1444.0,0.150956715915334,0.23342985763454616,0.08069225867339935,0.46606648199445977,0.8636019613540087
meghalaya,2022,1,8088,2022-Q1,2011337,5366114455.58,287587,3093.0,2667.9340436634934,1075.5006311133675,92.97995473650178,6.993838386297016,18659.09952668236,650.2867765923052,8087.0,1558644.0,3952050835.09,267949.0,2117.0,0.2904402801409429,0.35780501807684795,0.07329006639323166,0.4610297590930561,1.2471909233613951
meghalaya,2022,2,8089,2022-Q2,2495929,6101621809.72,307758,3790.0,2444.629558661324,1231.4870775089519,81.20263852242743,8.110037756938894,19826.038022472203,658.5564643799472,8088.0,2011337.0,5366114455.58,287587.0,3093.0,0.24093028667001115,0.13706516329989515,0.07013877539666247,0.2253475590042031,1.2157831098548337
meghalaya,2022,3,8090,2022-Q3,3224648,7207201086.19,330639,4307.0,2235.0349824818086,1302.629151431017,76.76781982818667,9.752775685868878,21797.794834214958,748.6993266775017,8089.0,2495929.0,6101621809.72,307758.0,3790.0,0.2919630326022895,0.1811943301219998,0.07434737683504578,0.1364116094986807,1.3811917744288946
meghalaya,2022,4,8091,2022-Q4,3625736,8280326984.29,352648,5034.0,2283.7644506632582,1427.4857648419954,70.05323798172428,10.281459132052358,23480.430866728297,720.2495033770361,8090.0,3224648.0,7207201086.19,330639.0,4307.0,0.12438194804518199,0.14889634481772118,0.0665650452608435,0.16879498490828881,1.3262117584259139
meghalaya,2023,1,8092,2023-Q1,4171750,9672439462.99,373661,6230.0,2318.5568317828247,1667.286658227645,59.9776886035313,11.164531487096593,25885.600753062266,669.6227929373997,8091.0,3625736.0,8280326984.29,352648.0,5034.0,0.1505939759541235,0.16812288709627166,0.05958632971121336,0.23758442590385376,1.0741178628941843
meghalaya,2023,2,8093,2023-Q2,5103808,10680548971.43,394558,6637.0,2092.662766983006,1682.1354528358315,59.44824468886545,12.935507580634534,27069.655086020306,768.9932198282356,8092.0,4171750.0,9672439462.99,373661.0,6230.0,0.22342134595793128,0.10422494886604006,0.05592502294860857,0.06532905296950231,1.0448530386882
meghalaya,2023,3,8094,2023-Q3,5927576,11034725792.03,419409,7310.0,1861.5916172192478,1742.9287402034768,57.37469220246238,14.133163570643452,26310.178827898308,810.8859097127223,8093.0,5103808.0,10680548971.43,394558.0,6637.0,0.16140262329617405,0.03316091912011343,0.06298440280009521,0.10140123549796587,0.838208697507449
meghalaya,2023,4,8095,2023-Q4,7120043,13509073095.12,450369,7883.0,1897.3302682469755,1750.3424969302948,57.13167575796017,15.809354107409701,29995.566069423076,903.2148928073069,8094.0,5927576.0,11034725792.03,419409.0,7310.0,0.2011727896867117,0.22423278563724125,0.07381815840861794,0.07838577291381665,0.9637510839178582
meghalaya,2024,1,8096,2024-Q1,8252199,14955862694.89,488538,8557.0,1812.3487684785594,1751.5525916100692,57.09220521210705,16.891621531999558,30613.509481125315,964.3799228701648,8095.0,7120043.0,13509073095.12,450369.0,7883.0,0.1590097138458293,0.10709762169342585,0.08475050458623934,0.08550044399340351,0.9781144603583627
meghalaya,2024,2,8097,2024-Q2,10990422,16079921304.58,536952,9226.0,1463.0849756797327,1718.216898344731,58.19986993279861,20.468164752156618,29946.66432861783,1191.2445263386082,8096.0,8252199.0,14955862694.89,488538.0,8557.0,0.3318173737691008,0.07515839324160556,0.09909976296623801,0.0781816057029332,1.153376851166815
meghalaya,2024,3,8098,2024-Q3,12096435,16187154478.95,582628,10529.0,1338.1756260377542,1807.15653899229,55.335549434894105,20.761849756620006,27783.001295766768,1148.8683635672903,8097.0,10990422.0,16079921304.58,536952.0,9226.0,0.10063426135957299,0.006668762386259797,0.0850653317242509,0.14123130283980045,1.0407051718948859
meghalaya,2024,4,8099,2024-Q4,13993116,19537014744.84,611334,11765.0,1396.1875785807822,1924.479907873601,51.96209094772631,22.889477765018796,31958.004535720243,1189.3851253718658,8098.0,12096435.0,16187154478.95,582628.0,10529.0,0.15679669257925988,0.20694559196591378,0.04926986001359368,0.1173900655332889,0.9653134117308
meghalaya,2025,1,8100,2025-Q1,15566407,21882492467.99,640474,12654.0,1405.7510167882674,1975.724229242717,50.61435119329856,24.30451040947798,34166.0902206647,1230.1570254464991,8099.0,13993116.0,19537014744.84,611334.0,11765.0,0.11243321358873892,0.12005302518233885,0.04766625118184176,0.075563110922227,0.8863344182562733
meghalaya,2025,2,8101,2025-Q2,17304246,21913728757.24,670920,13470.0,1266.3787117473944,2007.6909318547666,49.80846325167038,25.791817206224287,32662.208247242594,1284.6507795100222,8100.0,15566407.0,21882492467.99,640474.0,12654.0,0.1116403419234766,0.00142745572953773,0.04753666815514768,0.06448553816974867,0.5744842190773021
meghalaya,2025,3,8102,2025-Q3,19876141,25631760302.72,704327,14795.0,1289.5742841993324,2100.5868013011004,47.605745184183846,28.220046938424908,36391.84683069086,1343.4363636363637,8101.0,17304246.0,21913728757.24,670920.0,13470.0,0.14862797257967775,0.16966676856633134,0.04979282179693545,0.09836674090571651,0.6431403963233795
meghalaya,2025,4,8103,2025-Q4,19837650,25907174026.51,742750,16581.0,1305.9598302475342,2232.3796701447322,44.79524757252277,26.708381016492762,34880.07273848535,1196.4085398950606,8102.0,19876141.0,25631760302.72,704327.0,14795.0,-0.0019365429134358125,0.010745017920629207,0.054552785850890295,0.12071645826292676,0.4176720896189241
meghalaya,2026,1,8104,2026-Q1,19926435,23441855945.13,778471,17977.0,1176.4199639890428,2309.2703517536297,43.30372142181677,25.596888002250566,30112.69006183917,1108.4405073149023,8103.0,19837650.0,25907174026.51,742750.0,16581.0,0.004475580524911038,-0.09515966808488319,0.04809289801413663,0.0841927507387974,0.28009212402065553
meghalaya,2026,2,8105,2026-Q2,22400813,24333710508.63,821275,21772.0,1086.286935596043,2650.9999695595266,37.72161491824362,27.27565431798119,29629.18694545676,1028.881728826015,8104.0,19926435.0,23441855945.13,778471.0,17977.0,0.12417564908123313,0.03804539050097189,0.05498470720168114,0.21110307615286206,0.29452696176418214
mizoram,2018,1,8072,2018-Q1,22181,53160735.46,9312,,2396.678935124656,,,2.381980240549828,5708.841866408935,,,,,,,,,,,
mizoram,2018,2,8073,2018-Q2,31560,94300176.91,12467,,2987.9650478453736,,,2.5314831154247215,7563.983068099783,,8072.0,22181.0,53160735.46,9312.0,,0.422839367025833,0.7738689296530661,0.3388101374570447,,
mizoram,2018,3,8074,2018-Q3,45614,129714622.13,16728,,2843.7458265006358,,,2.726805356288857,7754.341351626016,,8073.0,31560.0,94300176.91,12467.0,,0.44531051964512036,0.37555014614447124,0.341782305285955,,
mizoram,2018,4,8075,2018-Q4,66234,213839671.52,22190,,3228.5483516018967,,,2.9848580441640378,9636.758518251465,,8074.0,45614.0,129714622.13,16728.0,,0.4520541938878415,0.648539447662962,0.32651841224294587,,
mizoram,2019,1,8076,2019-Q1,85219,256961523.22,27134,8.0,3015.307891667351,29.4833050784993,3391.75,3.14067221935579,9470.093728163927,10652.375,8075.0,66234.0,213839671.52,22190.0,,0.286635262855935,0.20165505957563568,0.2228030644434429,,2.8419818763806863
mizoram,2019,2,8077,2019-Q2,100958,321899390.51,32162,21.0,3188.448567820282,65.2944468627573,1531.5238095238096,3.1390460792239288,10008.686975623406,4807.523809523809,8076.0,85219.0,256961523.22,27134.0,8.0,0.18468886046538913,0.2527143615754599,0.18530257241836812,1.625,2.1989226869455005
mizoram,2019,3,8078,2019-Q3,114147,356730288.31,38565,48.0,3125.183213838296,124.46518864255154,803.4375,2.959859976662777,9250.104714378322,2378.0625,8077.0,100958.0,321899390.51,32162.0,21.0,0.1306384833297014,0.10820429869350123,0.1990858777439215,1.2857142857142856,1.5024553865041437
mizoram,2019,4,8079,2019-Q4,144316,463491574.7,44755,63.0,3211.6437172593473,140.76639481622166,710.3968253968254,3.224578259412356,10356.196507652776,2290.7301587301586,8078.0,114147.0,356730288.31,38565.0,48.0,0.2642995435710094,0.29927732488255665,0.1605082328536238,0.3125,1.1788809372829663
mizoram,2020,1,8080,2020-Q1,179537,512023794.87,52556,82.0,2851.9123905935826,156.0240505365705,640.9268292682926,3.416108531851739,9742.442249600426,2189.4756097560976,8079.0,144316.0,463491574.7,44755.0,63.0,0.24405471326810613,0.10471003750480912,0.17430454697799136,0.3015873015873016,1.1067719639986389
mizoram,2020,2,8081,2020-Q2,227158,577686076.91,62148,98.0,2543.1024965442552,157.68809937568386,634.1632653061224,3.65511359979404,9295.328520789084,2317.938775510204,8080.0,179537.0,512023794.87,52556.0,82.0,0.2652433760171997,0.1282406847062083,0.18251008448131523,0.19512195121951215,1.2500247627726382
mizoram,2020,3,8082,2020-Q3,282613,817121389.32,75962,101.0,2891.3085715094494,132.96121745083067,752.0990099009902,3.720452331428872,10756.975715752615,2798.1485148514853,8081.0,227158.0,577686076.91,62148.0,98.0,0.24412523441833445,0.41447305375736576,0.2222758576301731,0.030612244897959107,1.4758688357994516
mizoram,2020,4,8083,2020-Q4,352855,1096221440.28,87194,116.0,3106.7193047569112,133.03667683556208,751.6724137931035,4.04678074179416,12572.211852650411,3041.853448275862,8082.0,282613.0,817121389.32,75962.0,101.0,0.24854482985566828,0.34156497995024226,0.1478634053869039,0.14851485148514842,1.4450164915879045
mizoram,2021,1,8084,2021-Q1,384386,1265644701.42,94488,126.0,3292.6399541606615,133.3502667005334,749.9047619047619,4.068093302853272,13394.766546228093,3050.6825396825398,8083.0,352855.0,1096221440.28,87194.0,116.0,0.08935965198169216,0.15455204114300614,0.08365254489987839,0.0862068965517242,1.1409848666291627
mizoram,2021,2,8085,2021-Q2,469489,1293398978.72,101851,142.0,2754.907950388614,139.41934787090946,717.2605633802817,4.609566916377846,12698.932545777656,3306.260563380282,8084.0,384386.0,1265644701.42,94488.0,126.0,0.22139984286628556,0.021928964162581277,0.07792523918381167,0.12698412698412698,1.066794918074644
mizoram,2021,3,8086,2021-Q3,555934,1666750165.86,109595,176.0,2998.1079873869917,160.59126784981066,622.6988636363636,5.072621926182764,15208.268313882932,3158.715909090909,8085.0,469489.0,1293398978.72,101851.0,142.0,0.18412571966542357,0.28865894691635163,0.07603263590931841,0.23943661971830976,0.9671211161553077
mizoram,2021,4,8087,2021-Q4,565002,1762778939.62,116803,211.0,3119.951680914404,180.64604505021276,553.568720379147,4.83722164670428,15091.897807590558,2677.734597156398,8086.0,555934.0,1666750165.86,109595.0,176.0,0.016311288750103348,0.05761437780355738,0.06576942378758166,0.19886363636363646,0.6012299669836052
mizoram,2022,1,8088,2022-Q1,676714,2163424217.02,123574,253.0,3196.9550164766797,204.73562399857576,488.4347826086956,5.476184310615501,17507.114902973117,2674.7588932806325,8087.0,565002.0,1762778939.62,116803.0,211.0,0.19771965408972014,0.2272804992135693,0.05796940147085272,0.19905213270142186,0.7605063659966804
mizoram,2022,2,8089,2022-Q2,735958,2227243030.25,130454,289.0,3026.318119036684,221.53402731997485,451.3979238754325,5.641513483680071,17073.014474450763,2546.567474048443,8088.0,676714.0,2163424217.02,123574.0,253.0,0.0875465854112667,0.029498982551793285,0.05567514202016599,0.14229249011857714,0.5675724031872951
mizoram,2022,3,8090,2022-Q3,872923,2421358158.9,138370,349.0,2773.8507965765593,252.22230252222303,396.4756446991404,6.308614584086146,17499.155589361857,2501.2120343839542,8089.0,735958.0,2227243030.25,130454.0,289.0,0.1861043700863365,0.08715489329793136,0.060680393088751616,0.20761245674740492,0.5701917853558156
mizoram,2022,4,8091,2022-Q4,1018730,2778304892.25,146161,988.0,2727.2239869739774,675.9669131984592,147.93623481781376,6.969916735654518,19008.524108688365,1031.1032388663969,8090.0,872923.0,2421358158.9,138370.0,349.0,0.1670330601897303,0.14741591698774426,0.05630555756305555,1.8309455587392551,0.8030555644050819
mizoram,2023,1,8092,2023-Q1,1116672,3027223072.0,153259,1784.0,2710.933086886749,1164.0425684625372,85.90751121076234,7.286175689519049,19752.334753587063,625.9372197309417,8091.0,1018730.0,2778304892.25,146161.0,988.0,0.09614127393912031,0.08959354333080927,0.04856288613241566,0.8056680161943319,0.6501387587666281
mizoram,2023,2,8093,2023-Q2,1286147,3263852337.2,160684,2544.0,2537.697741548983,1583.231684548555,63.161949685534594,8.004200791615842,20312.242271788105,505.560927672956,8092.0,1116672.0,3027223072.0,153259.0,1784.0,0.15176793185465387,0.07816710548643702,0.04844739950019239,0.42600896860986537,0.7475820631068621
mizoram,2023,3,8094,2023-Q3,1371224,3167055400.84,169046,3510.0,2309.655753429053,2076.357914413828,48.16125356125356,8.111543603516203,18734.873353051833,390.66210826210823,8093.0,1286147.0,3263852337.2,160684.0,2544.0,0.06614873727497717,-0.02965726581951933,0.05204002887655279,0.3797169811320755,0.5708418726508524
mizoram,2023,4,8095,2023-Q4,1576249,3621619372.13,179480,4699.0,2297.6188229968743,2618.1190104747047,38.19536071504575,8.782310006685982,20178.400780755517,335.44349861672697,8094.0,1371224.0,3167055400.84,169046.0,3510.0,0.1495196991884622,0.14352889790605983,0.06172284466949818,0.3387464387464387,0.5472686580350044
mizoram,2024,1,8096,2024-Q1,1688924,3701436431.55,194379,6017.0,2191.594430270397,3095.498999377505,32.30496925378095,8.688819265455631,19042.36790779868,280.69203922220373,8095.0,1576249.0,3621619372.13,179480.0,4699.0,0.07148299538968783,0.022039052484153387,0.08301203476710506,0.280485209619068,0.5124620300320955
mizoram,2024,2,8097,2024-Q2,2072275,3870351855.01,213479,7999.0,1867.6825493768927,3746.9727701553784,26.688211026378298,9.707160891703634,18129.895001428715,259.0667583447931,8096.0,1688924.0,3701436431.55,194379.0,6017.0,0.22697942595403942,0.04563510047618613,0.09826164349029476,0.3294000332391558,0.6112271769867674
mizoram,2024,3,8098,2024-Q3,2395117,3942297215.93,246580,11489.0,1645.9727086108944,4659.339768026604,21.462268256593262,9.713346581231244,15987.903381985561,208.470449995648,8097.0,2072275.0,3870351855.01,213479.0,7999.0,0.155791099154311,0.018588842465800504,0.15505506396413704,0.43630453806725833,0.7467000285875975
mizoram,2024,4,8099,2024-Q4,2686856,4470132241.85,258269,13962.0,1663.7036900563337,5405.991427542601,18.497994556653776,10.403323666409829,17308.04797265642,192.44062455235638,8098.0,2395117.0,3942297215.93,246580.0,11489.0,0.12180574059638838,0.1338902160362565,0.04740449347067899,0.2152493689616155,0.7045885516818726
mizoram,2025,1,8100,2025-Q1,3214911,4988579857.5,270295,16138.0,1551.7007648112187,5970.513697996634,16.74897756847193,11.89408239146118,18456.056743557965,199.2137191721403,8099.0,2686856.0,4470132241.85,258269.0,13962.0,0.19653267610917746,0.1159803754341362,0.04656385396621343,0.1558515971923793,0.9035261503774001
mizoram,2025,2,8101,2025-Q2,3398805,4779116210.28,282032,17514.0,1406.116623424998,6209.933624553242,16.103231700354,12.051132495603335,16945.29773316503,194.0621788283659,8100.0,3214911.0,4988579857.5,270295.0,16138.0,0.05720033929399593,-0.04198863267771202,0.0434229268021975,0.08526459288635513,0.6401322218334922
mizoram,2025,3,8102,2025-Q3,3951837,5101955955.17,295734,19563.0,1291.0340065063413,6615.066241960681,15.117006594080662,13.362809146056929,17251.84103001346,202.005673976384,8101.0,3398805.0,4779116210.28,282032.0,17514.0,0.16271365965390783,0.06755218552659681,0.04858313950190052,0.1169921205892428,0.6499557224135606
mizoram,2025,4,8103,2025-Q4,4103095,5608639114.97,312483,21331.0,1366.9288951316018,6826.291350249454,14.64924288594065,13.130618305635826,17948.621572917567,192.3536168018377,8102.0,3951837.0,5101955955.17,295734.0,19563.0,0.03827536409016874,0.0993115511486451,0.05663535474446624,0.09037468690896078,0.5270989587830535
mizoram,2026,1,8104,2026-Q1,4151140,5847542175.1,327659,22918.0,1408.6593502266849,6994.466808480768,14.29701544637403,12.669085848397266,17846.42623916938,181.13011606597433,8103.0,4103095.0,5608639114.97,312483.0,21331.0,0.011709453473536469,0.04259554862289949,0.0485658419818038,0.07439876236463361,0.2912145934988557
mizoram,2026,2,8105,2026-Q2,4630626,6078019513.26,349070,24387.0,1312.5697288573942,6986.277823932162,14.313773731906343,13.2656086171828,17412.036305783942,189.88092016238159,8104.0,4151140.0,5847542175.1,327659.0,22918.0,0.11550706552898715,0.03941439518665102,0.06534537430682508,0.06409808883846768,0.36242767678639987
nagaland,2018,1,8072,2018-Q1,52459,93045812.19,16047,,1773.686349148859,,,3.269084564092977,5798.330665544961,,,,,,,,,,,
nagaland,2018,2,8073,2018-Q2,82859,188284254.36,23866,,2272.3452414342437,,,3.471842788904718,7889.2254403754305,,8072.0,52459.0,93045812.19,16047.0,,0.5795001810938065,1.02356505820512,0.48725618495668965,,
nagaland,2018,3,8074,2018-Q3,117956,289452939.44,33223,1.0,2453.9060280104445,3.0099629774553773,33223.0,3.550431929687265,8712.426314300334,117956.0,8073.0,82859.0,188284254.36,23866.0,,0.42357498883645706,0.5373188821544534,0.3920640241347524,,
nagaland,2018,4,8075,2018-Q4,173326,459578755.86,44601,15.0,2651.528079226429,33.63153292527073,2973.4,3.8861460505369836,10304.2253729737,11555.066666666668,8074.0,117956.0,289452939.44,33223.0,1.0,0.46941232323917403,0.5877494861483865,0.3424735875748728,14.0,
nagaland,2019,1,8076,2019-Q1,214053,552573719.19,55915,32.0,2581.480844417037,57.22972368774032,1747.34375,3.828185638916212,9882.387895734599,6689.15625,8075.0,173326.0,459578755.86,44601.0,15.0,0.2349734027208843,0.20234826380514592,0.253671442344342,1.1333333333333333,3.0803865876208087
nagaland,2019,2,8077,2019-Q2,269720,724857602.93,68483,75.0,2687.444768389441,109.51623030533125,913.1066666666667,3.938495685060526,10584.489624140297,3596.266666666667,8076.0,214053.0,552573719.19,55915.0,32.0,0.2600617604051334,0.3117844330210733,0.22476973978360015,1.34375,2.2551684186388927
nagaland,2019,3,8078,2019-Q3,318274,885863908.28,82418,151.0,2783.3373391480295,183.21240505714772,545.8145695364238,3.8617049673614985,10748.427628430682,2107.774834437086,8077.0,269720.0,724857602.93,68483.0,75.0,0.18001631321370315,0.22212128933901587,0.20348115590730553,1.0133333333333332,1.6982434127979924
nagaland,2019,4,8079,2019-Q4,387002,1129891007.14,95667,201.0,2919.599917158051,210.10379754774374,475.95522388059703,4.045302978038404,11810.666239560142,1925.3830845771145,8078.0,318274.0,885863908.28,82418.0,151.0,0.21593972489113145,0.2754679320143034,0.16075371884782452,0.33112582781456945,1.2327983106977602
nagaland,2020,1,8080,2020-Q1,457785,1216640719.37,110228,237.0,2657.6683800692463,215.00889066298944,465.0970464135021,4.153073629204921,11037.492464437348,1931.5822784810127,8079.0,387002.0,1129891007.14,95667.0,201.0,0.18290086356142865,0.07677706228460224,0.15220504458172623,0.17910447761194037,1.1386525766982944
nagaland,2020,2,8081,2020-Q2,613591,1494171970.23,132841,283.0,2435.1269334621925,213.03663778502118,469.4028268551237,4.618988113609503,11247.822360792225,2168.166077738516,8080.0,457785.0,1216640719.37,110228.0,237.0,0.3403475430606071,0.2281127422758884,0.20514751242878404,0.19409282700421948,1.2749184339314845
nagaland,2020,3,8082,2020-Q3,767214,2071980086.11,175583,304.0,2700.6546884050604,173.13749053154348,577.5756578947369,4.369523245416698,11800.573438829499,2523.7302631578946,8081.0,613591.0,1494171970.23,132841.0,283.0,0.25036710121237116,0.38670790738435357,0.3217530732228755,0.07420494699646651,1.4105456304944797
nagaland,2020,4,8083,2020-Q4,851689,2766834171.79,194444,348.0,3248.6437793490345,178.97183764991462,558.7471264367816,4.380124868856843,14229.46540798379,2447.382183908046,8082.0,767214.0,2071980086.11,175583.0,304.0,0.1101061763732154,0.33535751156013327,0.10741928318800786,0.14473684210526305,1.2007353967162961
nagaland,2021,1,8084,2021-Q1,877753,2906783684.01,208308,390.0,3311.619195844389,187.22276628838065,534.123076923077,4.213726789177564,13954.258521084164,2250.648717948718,8083.0,851689.0,2766834171.79,194444.0,348.0,0.030602720006950968,0.05058109866030036,0.07130073440167872,0.1206896551724137,0.9173913518354686
nagaland,2021,2,8085,2021-Q2,1107351,3195473116.11,222211,434.0,2885.6912723337045,195.30986314808897,512.0069124423964,4.98333115822349,14380.355230434137,2551.5,8084.0,877753.0,2906783684.01,208308.0,390.0,0.2615747254637695,0.09931576047026103,0.06674251588993219,0.11282051282051286,0.8047054145187917
nagaland,2021,3,8086,2021-Q3,1316726,4091491954.33,236840,553.0,3107.32221762918,233.49096436412768,428.28209764918626,5.559559196081743,17275.341810209422,2381.0596745027124,8085.0,1107351.0,3195473116.11,222211.0,434.0,0.18907735668275016,0.28040255876437037,0.06583382460814269,0.27419354838709675,0.7162434470695269
nagaland,2021,4,8087,2021-Q4,1369793,4397011067.66,251384,924.0,3209.982141579056,367.5651592782357,272.06060606060606,5.4490063011170164,17491.21291593737,1482.4599567099567,8086.0,1316726.0,4091491954.33,236840.0,553.0,0.04030223448158532,0.07467181085537056,0.061408545853741,0.6708860759493671,0.6083253394138002
nagaland,2022,1,8088,2022-Q1,1709875,5276073879.48,266042,1826.0,3085.6488804620217,686.357793130408,145.69660460021905,6.4270867005961465,19831.732882326847,936.4047097480833,8087.0,1369793.0,4397011067.66,251384.0,924.0,0.2482725492099902,0.19992281081244112,0.058309200267320005,0.9761904761904763,0.9480138489985224
nagaland,2022,2,8089,2022-Q2,1974012,5909718802.43,281398,3123.0,2993.7603228501143,1109.8159901633985,90.10502721741915,7.015017875038202,21001.28217837369,632.088376560999,8088.0,1709875.0,5276073879.48,266042.0,1826.0,0.15447737407705242,0.12009781087683558,0.0577202095909668,0.7102957283680176,0.7826434436777499
nagaland,2022,3,8090,2022-Q3,2397145,6778968160.65,297083,3410.0,2827.9341302466055,1147.8273748413742,87.12111436950147,8.068940329806821,22818.431753584013,702.975073313783,8089.0,1974012.0,5909718802.43,281398.0,3123.0,0.21435178712186143,0.1470881081283555,0.055739557495078085,0.0918988152417548,0.8205344164237662
nagaland,2022,4,8091,2022-Q4,2580507,7441611698.79,311555,4561.0,2883.778923595247,1463.9469756543788,68.30848498136373,8.282669191635506,23885.386845950154,565.776584082438,8090.0,2397145.0,6778968160.65,297083.0,3410.0,0.0764918267355541,0.09774991155533952,0.048713659145760646,0.3375366568914957,0.8838663944114185
nagaland,2023,1,8092,2023-Q1,2834148,8050868360.06,325241,4886.0,2840.6661755349405,1502.2706239373265,66.56590257879657,8.713993623190188,24753.54693922353,580.0548505935326,8091.0,2580507.0,7441611698.79,311555.0,4561.0,0.09829114976243036,0.081871600659984,0.043928038388085566,0.07125630344222755,0.6575176547993273
nagaland,2023,2,8093,2023-Q2,3091461,8263465628.27,339039,4988.0,2672.9968866726767,1471.2171756051664,67.97093023255815,9.118304973764081,24373.20080660337,619.7796712109061,8092.0,2834148.0,8050868360.06,325241.0,4886.0,0.09079024807455371,0.026406750017760272,0.04242392564283093,0.020875972165370404,0.5660801454094504
nagaland,2023,3,8094,2023-Q3,3581630,8858677977.63,353878,5053.0,2473.3649141954916,1427.8932287398482,70.0332475756976,10.121086928263413,25033.14130188935,708.8125865822284,8093.0,3091461.0,8263465628.27,339039.0,4988.0,0.15855577670234244,0.07202938526466762,0.04376782612029895,0.013031275060144454,0.4941232174107115
nagaland,2023,4,8095,2023-Q4,3953388,9905355331.48,370492,5764.0,2505.53584203726,1555.7690854323441,64.27689104788341,10.670643360720339,26735.679397881733,685.8757807078417,8094.0,3581630.0,8858677977.63,353878.0,5053.0,0.10379575779742733,0.1181527713833912,0.04694838334115148,0.140708490005937,0.5320198705138177
nagaland,2024,1,8096,2024-Q1,4412466,10241734675.1,391270,7149.0,2321.090899080016,1827.1270478186418,54.730731570849066,11.27729189562195,26175.619585196924,617.2144355853966,8095.0,3953388.0,9905355331.48,370492.0,5764.0,0.11612267756162553,0.03395934142321577,0.05608218261123055,0.24028452463566974,0.5568932885650291
nagaland,2024,2,8097,2024-Q2,5897170,11252050159.14,423165,8484.0,1908.0423591553235,2004.8917089078727,49.87800565770863,13.935864260985667,26590.219321399454,695.0931164545026,8096.0,4412466.0,10241734675.1,391270.0,7149.0,0.3364794198980796,0.09864691051763996,0.08151659979042614,0.18673940411246326,0.9075673281985444
nagaland,2024,3,8098,2024-Q3,7127882,12302746336.82,456203,9915.0,1726.0030871470656,2173.3745722847066,46.011396873424104,15.624364592078527,26967.70152063884,718.8988401412003,8097.0,5897170.0,11252050159.14,423165.0,8484.0,0.2086953572645862,0.0933781988899618,0.07807356468517002,0.1686704384724187,0.9901223744496221
nagaland,2024,4,8099,2024-Q4,7952281,13952768833.68,475258,11424.0,1754.5618463029664,2403.7470174094915,41.60171568627451,16.732555790749444,29358.30398158474,696.1030287114846,8098.0,7127882.0,12302746336.82,456203.0,9915.0,0.11565834002302511,0.13411822463751588,0.041768686308507386,0.15219364599092278,1.0115103804635415
nagaland,2025,1,8100,2025-Q1,8417655,13854930060.29,493342,12681.0,1645.9370288150324,2570.4278168086234,38.904029650658465,17.06251444231385,28083.824325295638,663.8005677785663,8099.0,7952281.0,13952768833.68,475258.0,11424.0,0.058520819372454236,-0.007012140354094476,0.03805091129449689,0.11003151260504196,0.9076985522381362
nagaland,2025,2,8101,2025-Q2,9457413,14024796338.65,512198,13867.0,1482.9421469327817,2707.3514539299254,36.93646787336843,18.46436924782994,27381.591374136562,682.0085815244826,8100.0,8417655.0,13854930060.29,493342.0,12681.0,0.12352109940357492,0.01226034903249773,0.03822095017249705,0.09352574718082174,0.6037205981852312
nagaland,2025,3,8102,2025-Q3,11180872,15195878604.31,533473,15356.0,1359.096017225669,2878.496193809246,34.74036207345663,20.95864645445974,28484.812922697118,728.1109663974994,8101.0,9457413.0,14024796338.65,512198.0,13867.0,0.18223366157320187,0.08350083932646446,0.041536671365370426,0.10737722650897807,0.5686107037125474
nagaland,2025,4,8103,2025-Q4,11172635,16432361934.49,555336,16637.0,1470.768707157264,2995.8439575320167,33.379575644647474,20.118693907832377,29589.945428515348,671.5534651679991,8102.0,11180872.0,15195878604.31,533473.0,15356.0,-0.0007367046148100131,0.08136965044122535,0.04098239273590232,0.08342016150039067,0.40495978449453696
nagaland,2026,1,8104,2026-Q1,11029965,16014395834.15,575983,17757.0,1451.899061705998,3082.903488471014,32.43695444050234,19.14980997703057,27803.59113749885,621.1615137692178,8103.0,11172635.0,16432361934.49,555336.0,16637.0,-0.012769592848956401,-0.025435546150108124,0.037179293256695,0.06731982929614722,0.31033702379106765
nagaland,2026,2,8105,2026-Q2,12358326,16371304304.89,602471,19236.0,1324.7185990149474,3192.8507762199342,31.31997296735288,20.51273173314566,27173.597243502176,642.4582033686837,8104.0,11029965.0,16014395834.15,575983.0,17757.0,0.12043202312971979,0.02228672716949509,0.045987468380143115,0.08329109646899813,0.30673430461374585
odisha,2018,1,8072,2018-Q1,7048986,5532172856.32,1573698,12.0,784.8182499326853,0.7625351242741619,131141.5,4.479249512930689,3515.396763750097,587415.5,,,,,,,,,,
odisha,2018,2,8073,2018-Q2,9547287,9915788853.37,2160851,7.0,1038.5975464412038,0.3239464451736839,308693.0,4.418299549575607,4588.835071631501,1363898.142857143,8072.0,7048986.0,5532172856.32,1573698.0,12.0,0.35441991231079184,0.792385941455557,0.37310398818578916,-0.41666666666666663,
odisha,2018,3,8074,2018-Q3,33773146,26439174825.05,2740899,41.0,782.8460761413817,1.4958595701629283,66851.19512195123,12.321922843563371,9646.168948600442,823735.268292683,8073.0,9547287.0,9915788853.37,2160851.0,7.0,2.537460013509597,1.6663713009645549,0.2684349823287213,4.857142857142857,
odisha,2018,4,8075,2018-Q4,23730246,26644806732.25,3565892,448.0,1122.8205022505877,12.56347640366001,7959.580357142857,6.654785394509985,7472.129479033577,52969.299107142855,8074.0,33773146.0,26439174825.05,2740899.0,41.0,-0.29736347333470203,0.00777754633269323,0.3009935791140059,9.926829268292684,
odisha,2019,1,8076,2019-Q1,37193760,38343233060.51,4265066,56750.0,1030.90499751867,1330.5772993899743,75.15534801762115,8.720559072239444,8990.067928728418,655.3966519823789,8075.0,23730246.0,26644806732.25,3565892.0,448.0,0.5673566974400519,0.43905089820376175,0.19607267971099507,125.67410714285714,4.2764695517908535
odisha,2019,2,8077,2019-Q2,30088286,44732976144.56,4786497,149542.0,1486.7239743918944,3124.2472313259573,32.0077102085033,6.286076435439111,9345.660541427269,201.20291289403644,8076.0,37193760.0,38343233060.51,4265066.0,56750.0,-0.19103941091193788,0.16664591308631316,0.12225625582347388,1.635101321585903,2.1515011542022355
odisha,2019,3,8078,2019-Q3,40800846,56988076003.73,5361369,205674.0,1396.7376069537872,3836.2216814399458,26.06731526590624,7.610154421380062,10629.38887506717,198.37629452434436,8077.0,30088286.0,44732976144.56,4786497.0,149542.0,0.3560375622592793,0.2739612007832024,0.12010286437033169,0.3753594307953618,0.2080854416109177
odisha,2019,4,8079,2019-Q4,65679564,80400377264.46,6075390,251989.0,1224.1308006316851,4147.700806038789,24.10974288560215,10.810756840301611,13233.780426352878,260.64456781843654,8078.0,40800846.0,56988076003.73,5361369.0,205674.0,0.6097598564500353,0.41082806970352204,0.1331788578626094,0.22518646012621923,1.7677574012507078
odisha,2020,1,8080,2020-Q1,54421577,92843181623.99,6631513,289381.0,1705.9994719372062,4363.7251408539805,22.916200441632313,8.20650988695943,14000.301533600252,188.06202549579965,8079.0,65679564.0,80400377264.46,6075390.0,251989.0,-0.17140776086759646,0.15476052206324886,0.0915370042087833,0.14838742961002271,0.46319105677941685
odisha,2020,2,8081,2020-Q2,50392152,90886955389.32,7239140,304562.0,1803.5934521970803,4207.157203756247,23.769019115976384,6.9610688562453555,12554.938209417141,165.45777871172373,8080.0,54421577.0,92843181623.99,6631513.0,289381.0,-0.07404094519348459,-0.021070219702213677,0.0916272048324418,0.05246025136411858,0.674809658483039
odisha,2020,3,8082,2020-Q3,69038595,127503888471.3,7888711,355640.0,1846.8494104102206,4508.214333114751,22.181731526262514,8.751568538890574,16162.829196214692,194.1249437633562,8081.0,50392152.0,90886955389.32,7239140.0,304562.0,0.3700267255901275,0.4028843625042675,0.08973040996582471,0.16770969457778717,0.6920873405419095
odisha,2020,4,8083,2020-Q4,94873191,182755800341.01,8592754,464756.0,1926.3165749427571,5408.696676292607,18.48874247992495,11.041069138020244,21268.594485657337,204.13548399590323,8082.0,69038595.0,127503888471.3,7888711.0,355640.0,0.37420512396001104,0.4333351126161671,0.08924689977868372,0.30681588122820824,0.4444857003009337
odisha,2021,1,8084,2021-Q1,115094652,220742131430.68,9201367,548595.0,1917.918231601934,5962.103239659933,16.772604562564368,12.508429671373829,23990.145315438454,209.79894457660023,8083.0,94873191.0,182755800341.01,8592754.0,464756.0,0.2131419928734135,0.20785294375768126,0.07082863072770373,0.18039358286929064,1.1148716803998533
odisha,2021,2,8085,2021-Q2,138225698,259055016593.6,9843480,597443.0,1874.145114417147,6069.428697980796,16.47601528514017,14.04236083173837,26317.42194768517,231.36215170317504,8084.0,115094652.0,220742131430.68,9201367.0,548595.0,0.2009741165036929,0.1735639903203139,0.06978452223457676,0.08904200730958167,1.7430004973790365
odisha,2021,3,8086,2021-Q3,183365656,315250260342.66,10591026,672683.0,1719.2437625432974,6351.443193511186,15.744453182256724,17.313304301207456,29765.790428864962,272.58850900052477,8085.0,138225698.0,259055016593.6,9843480.0,597443.0,0.3265670468887776,0.21692397425068144,0.07594326396762119,0.12593670023751224,1.655987654441693
odisha,2021,4,8087,2021-Q4,212268637,349960811331.7,11358268,756259.0,1648.6694232257214,6658.224651857132,15.01901861663795,18.688468787670796,30811.107057141107,280.68246063848494,8086.0,183365656.0,315250260342.66,10591026.0,672683.0,0.15762483351844248,0.11010474964021144,0.07244265097640201,0.1242427711120988,1.23739324842568
odisha,2022,1,8088,2022-Q1,268911728,461602495894.72,12011836,839004.0,1716.5576947046354,6984.810648430432,14.316780372918364,22.38722939607234,38428.97088294579,320.51304642170953,8087.0,212268637.0,349960811331.7,11358268.0,756259.0,0.26684625576598964,0.3190119606197954,0.057541167368123425,0.10941357392110374,1.3364398199839904
odisha,2022,2,8089,2022-Q2,322378227,525877207233.3,12652044,897828.0,1631.2429413333177,7096.307916728712,14.091834961707587,25.480327684601793,41564.604678366595,359.06457250163726,8088.0,268911728.0,461602495894.72,12011836.0,839004.0,0.1988254636480562,0.13924255590082302,0.05329809697701493,0.0701117038774548,1.3322597148324764
odisha,2022,3,8090,2022-Q3,380594298,559830322281.82,13324247,959371.0,1470.9372295478267,7200.189248968441,13.88852383488765,28.564038027815005,42015.90696133297,396.71232296994594,8089.0,322378227.0,525877207233.3,12652044.0,897828.0,0.18058313534927417,0.06456472077797626,0.05312999227634685,0.06854653675314193,1.0756029580588415
odisha,2022,4,8091,2022-Q4,425780932,632323496876.24,13990026,1013277.0,1485.091156868058,7242.852872467857,13.806714254838509,30.434606197300848,45198.164526373286,420.20191122467,8090.0,380594298.0,559830322281.82,13324247.0,959371.0,0.11872651334361284,0.1294913328362497,0.04996747658610645,0.056188898768047,1.0058588871986776
odisha,2023,1,8092,2023-Q1,480048713,753356890534.17,14605734,1002402.0,1569.3342574051856,6863.071722379717,14.570735094303483,32.86714060382039,51579.5296925283,478.89839904549274,8091.0,425780932.0,632323496876.24,13990026.0,1013277.0,0.12745470010855264,0.19141055844967125,0.044010497192785714,-0.010732504537258825,0.7851535021187324
odisha,2023,2,8093,2023-Q2,540567279,798613320310.55,15180768,1021368.0,1477.3615631858288,6728.039055731568,14.863171746128721,35.60869114131775,52606.91160753857,529.2580920882581,8092.0,480048713.0,753356890534.17,14605734.0,1002402.0,0.12606755181530915,0.060073028261931505,0.039370428079821274,0.01892055283209726,0.6768107574460975
odisha,2023,3,8094,2023-Q3,620854881,840399944380.95,15773057,1051651.0,1353.6173590635747,6667.388572804879,14.998375887057588,39.361734443741625,53280.72702589929,590.3620887537786,8093.0,540567279.0,798613320310.55,15180768.0,1021368.0,0.1485247167540824,0.0523239758311953,0.03901574676590802,0.029649450540843336,0.631277410782439
odisha,2023,4,8095,2023-Q4,730012056,981621827380.33,16349232,1079039.0,1344.6652275292422,6599.9369267009,15.151659949269675,44.651152788094265,60040.85252324574,676.5390833880889,8094.0,620854881.0,840399944380.95,15773057.0,1051651.0,0.17581753537023403,0.1680412807540177,0.03652906345295026,0.026042860226443976,0.7145250083674484
odisha,2024,1,8096,2024-Q1,862406808,1157247753533.87,17002272,1106573.0,1341.88151438372,6508.383114915466,15.36479924957504,50.7230332510855,68064.3006731024,779.3492232324483,8095.0,730012056.0,981621827380.33,16349232.0,1079039.0,0.1813596788050853,0.17891403925097693,0.039943160632866404,0.02551714998253085,0.7964985315979798
odisha,2024,2,8097,2024-Q2,941735991,1163541947521.44,17662149,1142368.0,1235.5288091792172,6467.887911035062,15.4609976820079,53.31944549895938,65877.71100342546,824.3718232653575,8096.0,862406808.0,1157247753533.87,17002272.0,1106573.0,0.0919858032938905,0.005438933856945827,0.038811107127329825,0.032347617373639226,0.742125407113293
odisha,2024,3,8098,2024-Q3,1022988856,1175753144610.86,18360257,1175562.0,1149.3313321204548,6402.753512655079,15.618280447989983,55.71756735213456,64037.94590733997,870.2125927854082,8097.0,941735991.0,1163541947521.44,17662149.0,1142368.0,0.08627987650097158,0.010494849038689358,0.039525654550870426,0.02905718647581157,0.6477100966852187
odisha,2024,4,8099,2024-Q4,1141695660,1304112411134.08,19085969,1212893.0,1142.2592349471488,6354.893482222464,15.735904980901037,59.81858505585962,68328.33120152715,941.2995705309537,8098.0,1022988856.0,1175753144610.86,18360257.0,1175562.0,0.11603919564105203,0.10917195255786716,0.039526244104317376,0.03175587506231059,0.5639408289443373
odisha,2025,1,8100,2025-Q1,1174428178,1414655279863.24,19731478,1247790.0,1204.5481421199688,6323.854705663712,15.813140031575825,59.52053758973352,71695.35297169528,941.2065956611289,8099.0,1141695660.0,1304112411134.08,19085969.0,1212893.0,0.028670090591392805,0.0847648314557714,0.0338211279710241,0.028771705335919995,0.36180299958856543
odisha,2025,2,8101,2025-Q2,1253470101,1383287521722.95,20349791,1280523.0,1103.5664278066015,6292.560940797869,15.891780936383025,61.59621496849771,67975.51491919253,978.8735547897227,8100.0,1174428178.0,1414655279863.24,19731478.0,1247790.0,0.06730247492409869,-0.022173428811096962,0.03133637530852984,0.02623277955425185,0.3310207032323138
odisha,2025,3,8102,2025-Q3,1314272318,1387578878544.61,20979927,1316523.0,1055.777299377472,6275.15529486828,15.935860596434699,62.64427507302575,66138.40355805862,998.2904347284476,8101.0,1253470101.0,1383287521722.95,20349791.0,1280523.0,0.048507113932348966,0.0031022883921594246,0.030965232026215928,0.028113512994299983,0.2847376687356602
odisha,2025,4,8103,2025-Q4,1405458809,1488758944141.99,21533027,1362649.0,1059.2689978593246,6328.181356016505,15.802328405921115,65.26991346827364,69138.39582990306,1031.4166076517138,8102.0,1314272318.0,1387578878544.61,20979927.0,1316523.0,0.06938173295680716,0.07291842443112473,0.026363294781721613,0.0350362280036125,0.2310275480945596
odisha,2026,1,8104,2026-Q1,1487851895,1697499511605.23,22049893,1397254.0,1140.9062402714687,6336.783584391997,15.78087663374018,67.47660385472166,76984.47841017778,1064.8399610951194,8103.0,1405458809.0,1488758944141.99,21533027.0,1362649.0,0.05862362203174332,0.1402111257061449,0.024003406488089185,0.02539538795390439,0.2668734647815987
odisha,2026,2,8105,2026-Q2,1523130010,1666312139398.43,22586814,1434708.0,1094.0051922412256,6351.971552960059,15.743143552555642,67.4344779214988,73773.66898219599,1061.6306663097996,8104.0,1487851895.0,1697499511605.23,22049893.0,1397254.0,0.023710770620754662,-0.01837253677752637,0.024350276892500133,0.026805434087145308,0.21513070697487668
puducherry,2018,1,8072,2018-Q1,106212,167573456.07,47701,,1577.7262086204948,,,2.226619987002369,3512.996710131863,,,,,,,,,,,
puducherry,2018,2,8073,2018-Q2,128321,287317471.58,63878,,2239.052622563727,,,2.0088449857540938,4497.909633676696,,8072.0,106212.0,167573456.07,47701.0,,0.2081591533913305,0.7145762719125377,0.3391333515020649,,
puducherry,2018,3,8074,2018-Q3,186869,415949662.45,79099,2.0,2225.889058377794,2.5284769718959783,39549.5,2.362469816306148,5258.595714863652,93434.5,8073.0,128321.0,287317471.58,63878.0,,0.45626203037694535,0.44770055285059107,0.23828235073108117,,
puducherry,2018,4,8075,2018-Q4,317336,629583184.67,106491,193.0,1983.9639519941009,181.2359729930229,551.7668393782384,2.9799325764618607,5912.078811073236,1644.2279792746115,8074.0,186869.0,415949662.45,79099.0,2.0,0.6981735868442598,0.5136042687513425,0.3463002060708733,95.5,
puducherry,2019,1,8076,2019-Q1,497729,890540067.51,129946,4824.0,1789.2067119054745,3712.3112677573763,26.937396351575455,3.8302756529635387,6853.154906730488,103.17765339966833,8075.0,317336.0,629583184.67,106491.0,193.0,0.5684605591549652,0.4144915067526498,0.22025335474359342,23.99481865284974,3.686184235302979
puducherry,2019,2,8077,2019-Q2,579081,1156468427.4,152917,9678.0,1997.075413284152,6328.92353368167,15.800475304815045,3.7868974672534774,7562.719824479947,59.83477991320521,8076.0,497729.0,890540067.51,129946.0,4824.0,0.16344637342811041,0.2986147053815902,0.17677342896280002,1.006218905472637,3.5127531736816264
puducherry,2019,3,8078,2019-Q3,765031,1462124362.84,173965,11936.0,1911.1962297475527,6861.150231368379,14.574815683646113,4.397614462679274,8404.70418095594,64.09442024128687,8077.0,579081.0,1156468427.4,152917.0,9678.0,0.32111224509179204,0.26430115012061584,0.13764329669036135,0.23331266790659222,3.093942815555282
puducherry,2019,4,8079,2019-Q4,1092326,1963177051.39,199364,13809.0,1797.2446425243015,6926.5263538051,14.437251068143963,5.479053389779499,9847.199350885818,79.10246940401187,8078.0,765031.0,1462124362.84,173965.0,11936.0,0.42781926484024835,0.34268814697592886,0.14600063231109717,0.15692024128686333,2.442174855673482
puducherry,2020,1,8080,2020-Q1,1319437,2300219163.04,225275,15161.0,1743.3338333243648,6729.996670735767,14.85884836092606,5.857005881700144,10210.716515547663,87.02836224523449,8079.0,1092326.0,1963177051.39,199364.0,13809.0,0.20791503635361597,0.17168197407939445,0.12996829919142883,0.09790716199579985,1.6509144534475588
puducherry,2020,2,8081,2020-Q2,1040762,1827425177.49,249567,15759.0,1755.8530936852037,6314.536777698974,15.836474395583476,4.17027090921476,7322.383077450144,66.04238847642617,8080.0,1319437.0,2300219163.04,225275.0,15161.0,-0.21120750744446304,-0.20554301657288565,0.10783264898457445,0.039443308488885886,0.7972649767476399
puducherry,2020,3,8082,2020-Q3,1545591,2884349251.87,278348,17736.0,1866.1788609470423,6371.879805136017,15.693955796120884,5.552728957995027,10362.385401978818,87.14428281461434,8081.0,1040762.0,1827425177.49,249567.0,15759.0,0.4850571023922856,0.578367906603817,0.11532374071892515,0.12545212259661143,1.0202985238506677
puducherry,2020,4,8083,2020-Q4,2534435,4357050361.95,312159,21019.0,1719.1407007676266,6733.427516105575,14.851277415671536,8.119051509006628,13957.791900762111,120.57828631238404,8082.0,1545591.0,2884349251.87,278348.0,17736.0,0.6397837461527662,0.5105834909296123,0.12147024587925914,0.18510374379792505,1.320218506196868
puducherry,2021,1,8084,2021-Q1,3128221,5316493350.24,338921,24614.0,1699.5261364973894,7262.4593931919235,13.769440156008775,9.229941490789889,15686.526801939095,127.0911270008938,8083.0,2534435.0,4357050361.95,312159.0,21019.0,0.23428732636662608,0.22020470469398035,0.08573195070460882,0.17103572957800095,1.3708756083086953
puducherry,2021,2,8085,2021-Q2,3236303,5392106422.86,362487,25656.0,1666.1315157635115,7077.771064893362,14.128741814780168,8.928052592230895,14875.309798310007,126.1421499844091,8084.0,3128221.0,5316493350.24,338921.0,24614.0,0.03455062797673181,0.014222358167077731,0.06953242791092906,0.04233363126675882,2.1095514632548076
puducherry,2021,3,8086,2021-Q3,4590304,7468860247.68,386770,28079.0,1627.0949043200626,7259.870207099827,13.774350938423733,11.868304160095146,19310.857221811413,163.47818654510488,8085.0,3236303.0,5392106422.86,362487.0,25656.0,0.4183789342345263,0.3851470393862293,0.06698998860648797,0.09444184596195826,1.969934478138136
puducherry,2021,4,8087,2021-Q4,4932923,7719396424.9,411329,30615.0,1564.8726779031417,7442.947129913038,13.435538134901192,11.992645789623392,18766.963731951793,161.1276498448473,8086.0,4590304.0,7468860247.68,386770.0,28079.0,0.07463971885086473,0.03354409761486998,0.06349768596323391,0.09031660671676334,0.946360036852395
puducherry,2022,1,8088,2022-Q1,6354587,9877119182.39,433835,33226.0,1554.3290511861746,7658.672075789183,13.057093842171794,14.64747427017184,22766.9947846301,191.2534460964305,8087.0,4932923.0,7719396424.9,411329.0,30615.0,0.28819910629053,0.27951962028144606,0.0547153252019672,0.08528499101747511,1.0313740621266847
puducherry,2022,2,8089,2022-Q2,7489973,11295663383.73,453527,35254.0,1508.1046865896578,7773.296848919689,12.864554376808305,16.514943983489406,24906.26442026605,212.45739490554263,8088.0,6354587.0,9877119182.39,433835.0,33226.0,0.17867187906940285,0.14361922491217216,0.045390528657208495,0.061036537651236955,1.3143608617610898
puducherry,2022,3,8090,2022-Q3,8848397,12834141844.97,473286,36822.0,1450.4482388131996,7780.07378202609,12.85334854163272,18.695666045477786,27117.095889102995,240.30191190049428,8089.0,7489973.0,11295663383.73,453527.0,35254.0,0.18136567381484547,0.1362008063604292,0.04356741715487722,0.044477222442843356,0.9276276691042684
puducherry,2022,4,8091,2022-Q4,9748055,13613642032.37,493378,38131.0,1396.54957141399,7728.557009027561,12.939025989352496,19.757782065677837,27592.7220759134,255.64645563976816,8090.0,8848397.0,12834141844.97,473286.0,36822.0,0.10167468751684616,0.06073644789156707,0.04245213253719737,0.03554939981532779,0.9761214598322334
puducherry,2023,1,8092,2023-Q1,10217489,14216402974.75,511080,38372.0,1391.3793276165993,7508.022227439931,13.319086834149902,19.99195624951084,27816.394644184864,266.2746012717607,8091.0,9748055.0,13613642032.37,493378.0,38131.0,0.04815668356405456,0.044276244442653656,0.03587918391172695,0.006320316802601589,0.607891905484967
puducherry,2023,2,8093,2023-Q2,11193638,15361823627.27,527197,38895.0,1372.3709510053836,7377.697521040522,13.5543643141792,21.232362854872086,29138.678003232188,287.79118138578224,8092.0,10217489.0,14216402974.75,511080.0,38372.0,0.09553707373700138,0.08057035626764386,0.03153518040228542,0.013629730011466723,0.49448309092703013
puducherry,2023,3,8094,2023-Q3,12464709,16421645570.86,544090,39645.0,1317.4511792341082,7286.478339980518,13.724050952200782,22.90927787682185,30181.85515422081,314.4080968596292,8093.0,11193638.0,15361823627.27,527197.0,38895.0,0.11355298429339955,0.068990633488893,0.032043050320847755,0.019282684149633633,0.4086968520964871
puducherry,2023,4,8095,2023-Q4,13074652,17039512522.58,561059,40430.0,1303.247881670579,7206.015766612781,13.877294088548108,23.303524228289717,30370.26858597759,323.3898590155825,8094.0,12464709.0,16421645570.86,544090.0,39645.0,0.04893359323510871,0.03762515449830417,0.03118785495046783,0.019800731491991463,0.3412575123960626
puducherry,2024,1,8096,2024-Q1,13519970,17400403122.86,578039,41484.0,1287.0149211026355,7176.678390212425,13.934022755761257,23.389373381380842,30102.47253707795,325.9080609391573,8095.0,13074652.0,17039512522.58,561059.0,40430.0,0.03405964457027233,0.02117963174132864,0.030264196813525768,0.026069750185505836,0.32321845416227024
puducherry,2024,2,8097,2024-Q2,14610867,18221014500.62,594818,42724.0,1247.0864665745023,7182.701263243547,13.922338732328434,24.563592561085912,30632.92385338036,341.98265611834097,8096.0,13519970.0,17400403122.86,578039.0,41484.0,0.08068782697003019,0.047160480821384576,0.029027453164924832,0.029891042329572848,0.30528314387154554
puducherry,2024,3,8098,2024-Q3,15821171,19306627903.41,612094,44051.0,1220.3033456505843,7196.770430685483,13.895121563642142,25.84761654255719,31541.932943975924,359.1557739892397,8097.0,14610867.0,18221014500.62,594818.0,42724.0,0.08283587825417893,0.059580294102343334,0.029044178219219896,0.03105982585900202,0.2692772049471832
puducherry,2024,4,8099,2024-Q4,16376815,19752651111.94,629389,45073.0,1206.1350825505447,7161.389855876096,13.963769884409736,26.020179888749247,31383.851818096595,363.3398043174406,8098.0,15821171.0,19306627903.41,612094.0,44051.0,0.03512028281598112,0.02310207721210711,0.02825546403003454,0.023200381376132118,0.2525622096863458
puducherry,2025,1,8100,2025-Q1,17612711,21168624734.75,645855,46196.0,1201.8947415165105,7152.6890710763255,13.980755909602562,27.270379574362668,32776.12580958574,381.26052039137585,8099.0,16376815.0,19752651111.94,629389.0,45073.0,0.07546620023490536,0.07168524441532198,0.026161880808212468,0.024915137665564746,0.30271820129778404
puducherry,2025,2,8101,2025-Q2,17496015,20741481980.75,661400,47524.0,1185.4974964727683,7185.364378590868,13.91717868866257,26.453001209555488,31359.96670811914,368.15114468479084,8100.0,17612711.0,21168624734.75,645855.0,46196.0,-0.006625669381618793,-0.020178106010770303,0.024068869947588833,0.02874707766906215,0.19746589986754381
puducherry,2025,3,8102,2025-Q3,18401595,21280880580.34,677573,48779.0,1156.4693484635436,7199.076704650274,13.890670165440046,27.158099570083223,31407.509715322187,377.24420344820516,8101.0,17496015.0,20741481980.75,661400.0,47524.0,0.05175921488407509,0.026005788790338658,0.024452676141518026,0.0264077097887383,0.16309943176772435
puducherry,2025,4,8103,2025-Q4,18857093,21817658916.47,693418,49890.0,1157.0001227904004,7194.7944818277,13.898937662858287,27.194409432694275,31463.935052839704,377.97340148326316,8102.0,18401595.0,21280880580.34,677573.0,48779.0,0.024753180362897975,0.025223502105730322,0.023384934169454752,0.022776194673937544,0.15145057204346513
puducherry,2026,1,8104,2026-Q1,19790951,23200917884.88,707787,50591.0,1172.2992939995659,7147.771857917707,13.990373781897967,27.961732837703998,32779.519664644875,391.19509398904944,8103.0,18857093.0,21817658916.47,693418.0,49890.0,0.04952290366282863,0.06340088887198547,0.02072198875714215,0.014050912006414062,0.12367431680449426
puducherry,2026,2,8105,2026-Q2,20671909,23907680131.68,723563,51299.0,1156.5298653201307,7089.776564031052,14.104816858028421,28.569604858180973,33041.6012588814,402.9690442308817,8104.0,19790951.0,23200917884.88,707787.0,50591.0,0.04451317170155189,0.030462684722512456,0.022289191522308238,0.013994584016919998,0.18152099206590755
punjab,2018,1,8072,2018-Q1,2152570,3144283659.55,902434,12.0,1460.7114563289465,1.3297371331310655,75202.83333333333,2.3852935505532815,3484.2256160007273,179380.83333333334,,,,,,,,,,
punjab,2018,2,8073,2018-Q2,2932771,5247370432.12,1225027,12.0,1789.2192851470504,0.9795702462068183,102085.58333333333,2.394046008781847,4283.473288441805,244397.58333333334,8072.0,2152570.0,3144283659.55,902434.0,12.0,0.3624509307478967,0.6688603829309048,0.35746990915679144,0.0,
punjab,2018,3,8074,2018-Q3,3874407,7787076149.22,1542608,17.0,2009.875614312074,1.1020298092580876,90741.64705882352,2.511595298351882,5047.994143178306,227906.29411764705,8073.0,2932771.0,5247370432.12,1225027.0,12.0,0.3210738240387674,0.4839958889797549,0.2592440819671731,0.41666666666666674,
punjab,2018,4,8075,2018-Q4,5490558,11861935853.58,1950642,113.0,2160.424469349017,5.792964572689402,17262.318584070796,2.8147440688757857,6081.041961354262,48589.008849557526,8074.0,3874407.0,7787076149.22,1542608.0,17.0,0.417135060926743,0.5232849437035698,0.2645091948181262,5.647058823529412,
punjab,2019,1,8076,2019-Q1,7829874,14541052478.29,2322582,19290.0,1857.1247095789793,830.5411821843104,120.40342146189735,3.371193783470293,6260.727276061728,405.90326594090203,8075.0,5490558.0,11861935853.58,1950642.0,113.0,0.42606161340978455,0.22585829646865174,0.1906756852359377,169.7079646017699,2.637453834253938
punjab,2019,2,8077,2019-Q2,8907341,18919188553.26,2699641,62954.0,2123.9995811612016,2331.9396912404277,42.88275566286495,3.299453890350606,7008.038681165384,141.48967500079422,8076.0,7829874.0,14541052478.29,2322582.0,19290.0,0.13760974953109084,0.3010879770571364,0.16234475252111658,2.2635562467599795,2.0371757631264082
punjab,2019,3,8078,2019-Q3,11034661,23019351919.05,3084133,91197.0,2086.095070709467,2956.973645429688,33.8183602530785,3.5778810446890583,7463.800010910683,120.99807011195544,8077.0,8907341.0,18919188553.26,2699641.0,62954.0,0.2388277264786427,0.21671983205027545,0.14242338147924105,0.448629157797757,1.848090301302883
punjab,2019,4,8079,2019-Q4,13980727,29882043953.98,3442072,116388.0,2137.3741118026264,3381.3354281955753,29.57411416984569,4.061718348715541,8681.41164797831,120.12172217067051,8078.0,11034661.0,23019351919.05,3084133.0,91197.0,0.2669829186415422,0.29812707408372696,0.11605822446697345,0.2762261916510411,1.5463217035499852
punjab,2020,1,8080,2020-Q1,15697948,31954421122.47,3875890,140707.0,2035.5794988281273,3630.314585811259,27.545822169472736,4.05015312612071,8244.408670645968,111.56479777125516,8079.0,13980727.0,29882043953.98,3442072.0,116388.0,0.12282773277813086,0.06935192156472225,0.12603397023653184,0.20894765783414093,1.0048787502838485
punjab,2020,2,8081,2020-Q2,14203459,29836650185.54,4373346,149795.0,2100.6608450476747,3425.180628287814,29.195540572115224,3.247732742847239,6822.385008078483,94.81931306118362,8080.0,15697948.0,31954421122.47,3875890.0,140707.0,-0.09520282523550216,-0.06627473953645824,0.1283462636968542,0.06458811572985002,0.594579010728342
punjab,2020,3,8082,2020-Q3,17887958,41042955723.14,4858229,181331.0,2294.4461141478528,3732.4506522850197,26.792048794745522,3.6819915240718375,8448.131144731959,98.6480965747721,8081.0,14203459.0,29836650185.54,4373346.0,149795.0,0.25940857082771185,0.375588595499605,0.11087231607103587,0.21052772121899932,0.6210700084035206
punjab,2020,4,8083,2020-Q4,23593701,54527944550.72,5310103,228303.0,2311.122979422347,4299.40812824158,23.25901543124707,4.4431720062680515,10268.716925212186,103.34380625747362,8082.0,17887958.0,41042955723.14,4858229.0,181331.0,0.3189711760280296,0.32855793619115925,0.09301208320974585,0.25904009794243676,0.687587562506585
punjab,2021,1,8084,2021-Q1,27470162,59753193346.68,5679863,284376.0,2175.2035298037194,5006.740479479875,19.973074380397783,4.836412779674439,10520.18214993566,96.59803218274398,8083.0,23593701.0,54527944550.72,5310103.0,228303.0,0.16430067499795808,0.0958269899775821,0.06963330089830655,0.2456078106726587,0.7499205628659236
punjab,2021,2,8085,2021-Q2,32681997,70282984186.28,6043827,338480.0,2150.5106981767362,5600.425028711113,17.85578763885606,5.40750041323155,11628.88748904957,96.55517903568897,8084.0,27470162.0,59753193346.68,5679863.0,284376.0,0.18972713011302944,0.17622139085534005,0.06407971459874995,0.1902551551467071,1.3009885831331651
punjab,2021,3,8086,2021-Q3,41656204,84329568328.41,6430939,402314.0,2024.4179793341227,6255.913794237514,15.984874998135785,6.477468375924573,13113.103440789908,103.54152229353191,8085.0,32681997.0,70282984186.28,6043827.0,338480.0,0.27459175765789334,0.19985753742186785,0.0640508075429691,0.1885901678090287,1.3287288577041605
punjab,2021,4,8087,2021-Q4,44390425,94107319933.46,6814717,466703.0,2119.9914155690108,6848.457536828015,14.601828143380265,6.513905859920522,13809.424504856182,95.1149339087171,8086.0,41656204.0,84329568328.41,6430939.0,402314.0,0.06563778591059322,0.11594689500806976,0.0596768216896475,0.1600466302440382,0.8814523842613755
punjab,2022,1,8088,2022-Q1,55588571,113838148481.78,7199914,542139.0,2047.8696687810161,7529.7982725904785,13.280568267547622,7.7207270809068,15811.04280992523,102.53564307308642,8087.0,44390425.0,94107319933.46,6814717.0,466703.0,0.25226489721601,0.20966305875325086,0.05652428413388266,0.16163598691244752,1.0235982226824873
punjab,2022,2,8089,2022-Q2,69470142,131238733411.73,7570961,604578.0,1889.1386951782824,7985.485594233018,12.522719979886798,9.175868426742655,17334.488106824218,114.90683088038269,8088.0,55588571.0,113838148481.78,7199914.0,542139.0,0.2497198749721412,0.15285372401093644,0.05153492111155766,0.11517157039061932,1.125639446084032
punjab,2022,3,8090,2022-Q3,85348374,152008684618.78,7964871,654993.0,1781.037851040724,8223.523017510264,12.16023835369233,10.715600290324852,19084.889713691533,130.30425363324494,8089.0,69470142.0,131238733411.73,7570961.0,604578.0,0.22856196263424944,0.15826083250810763,0.0520290620966084,0.08338874388416384,1.04887545682271
punjab,2022,4,8091,2022-Q4,94706019,172026389446.47,8329482,703167.0,1816.4250938102466,8441.905511050987,11.845666818835355,11.36997702858353,20652.71159076519,134.68495961841214,8090.0,85348374.0,152008684618.78,7964871.0,654993.0,0.10964057733542765,0.1316879024240758,0.04577738923831909,0.0735488776215929,1.1334785373197036
punjab,2023,1,8092,2023-Q1,98153837,175864657816.95,8680448,681611.0,1791.7247373319701,7852.2560125928985,12.735193534141908,11.30746212637873,20259.859608277133,144.00271855941293,8091.0,94706019.0,172026389446.47,8329482.0,703167.0,0.036405479149113074,0.022312090504430282,0.042135393293364354,-0.030655591061582776,0.7657197376057752
punjab,2023,2,8093,2023-Q2,119012408,194504179995.89,9022142,700473.0,1634.3184989239946,7763.932334472235,12.880071037713089,13.191147734096848,21558.536763873813,169.90291988413543,8092.0,98153837.0,175864657816.95,8680448.0,681611.0,0.21250897201298402,0.10598787960194422,0.039363636531202006,0.027672675470319597,0.7131447348992033
punjab,2023,3,8094,2023-Q3,132850814,205330761365.5,9396198,723574.0,1545.5739801902907,7700.710436284974,12.985814857913635,14.138784006041593,21852.536671268528,183.60363141848657,8093.0,119012408.0,194504179995.89,9022142.0,700473.0,0.11627700197444968,0.05566246118638052,0.041459777511814844,0.03297914409263458,0.5565711187421098
punjab,2023,4,8095,2023-Q4,143440826,231847076209.31,9790268,746968.0,1616.3255795062837,7629.699207416998,13.106676591232825,14.651368685719328,23681.38198150551,192.03075098263915,8094.0,132850814.0,205330761365.5,9396198.0,723574.0,0.07971356502188987,0.1291395145445815,0.04193930353532349,0.032331178289988216,0.5145903873332487
punjab,2024,1,8096,2024-Q1,143173269,224139049661.7,10263130,770732.0,1565.5090592483434,7509.716821281617,13.316081335665315,13.950253869920775,21839.248812175236,185.76271518504487,8095.0,143440826.0,231847076209.31,9790268.0,746968.0,-0.0018652778812079385,-0.033246166713145175,0.04829918854111037,0.03181394651444247,0.4586619675397916
punjab,2024,2,8097,2024-Q2,172858419,244763570598.06,10766796,798969.0,1415.9771448451115,7420.6755658786515,13.475862017174634,16.054768660983267,22733.185489727864,216.35184719307006,8096.0,143173269.0,224139049661.7,10263130.0,770732.0,0.20733723695307948,0.09201663417190886,0.04907528210204881,0.036636600011417775,0.4524403119378948
punjab,2024,3,8098,2024-Q3,188314209,257089702260.87,11264065,827225.0,1365.216696212605,7343.929567167803,13.616688325425368,16.718139410594667,22823.883052953795,227.6456937350781,8097.0,172858419.0,244763570598.06,10766796.0,798969.0,0.08941300105261285,0.050359339147946214,0.046185420435197244,0.035365577387858504,0.4174863015893904
punjab,2024,4,8099,2024-Q4,200012060,289869668332.56,11622811,854323.0,1449.260951227441,7350.399141825502,13.604703373314308,17.208578888532216,24939.721409266658,234.11761125475962,8098.0,188314209.0,257089702260.87,11264065.0,827225.0,0.062118791046723354,0.1275040026240648,0.03184871536163891,0.03275771404394212,0.39438725764169824
punjab,2025,1,8100,2025-Q1,214700898,303581644145.83,11997032,877203.0,1413.9747293736518,7311.833460142475,13.676460294823434,17.896167818840528,25304.72904847049,244.75622860386935,8099.0,200012060.0,289869668332.56,11622811.0,854323.0,0.07343976158237653,0.04730393453080661,0.032197116515101154,0.026781439806724094,0.4995878734877528
punjab,2025,2,8101,2025-Q2,219581044,296629559177.73,12360971,895586.0,1350.888736906315,7245.272236299235,13.802103873888159,17.764061091964376,23997.270050850373,245.18141641338744,8100.0,214700898.0,303581644145.83,11997032.0,877203.0,0.022729974794982066,-0.022900215155170933,0.030335753042919356,0.020956380678132547,0.2702941822000582
punjab,2025,3,8102,2025-Q3,238293965,304307748393.4,12758339,912817.0,1277.0266691118259,7154.669585123895,13.976885838015725,18.67750692311907,23851.67445334381,261.0533820031836,8101.0,219581044.0,296629559177.73,12360971.0,895586.0,0.08522102208421956,0.025884774386458087,0.03214698909980451,0.01923991665792002,0.26540618610462907
punjab,2025,4,8103,2025-Q4,250577223,346479689165.02,13172691,931000.0,1382.726191218984,7067.65231189284,14.14896992481203,19.0224778672786,26302.878368969563,269.1484672395274,8102.0,238293965.0,304307748393.4,12758339.0,912817.0,0.051546660025569624,0.13858319741862557,0.03247695487633617,0.019919655308785922,0.2528105705225976
punjab,2026,1,8104,2026-Q1,256961583,349778644051.6,13581016,943590.0,1361.209874129706,6947.860160094061,14.392920654097649,18.92064503863334,25754.968851490932,272.323342765396,8103.0,250577223.0,346479689165.02,13172691.0,931000.0,0.02547861263511564,0.009521351437742576,0.030997842430221745,0.013523093447905588,0.19683515715896083
punjab,2026,2,8105,2026-Q2,282364073,369629734686.84,14095349,958812.0,1309.0537006343582,6802.328910053948,14.700847507123399,20.032428640113842,26223.524844034724,294.4936786356449,8104.0,256961583.0,349778644051.6,13581016.0,943590.0,0.09885715095396197,0.0567532951849159,0.0378714670537168,0.016132006485867878,0.285921898613434
rajasthan,2018,1,8072,2018-Q1,9272437,10593171156.52,3184469,33.0,1142.4365737421565,1.0362795178725244,96499.06060606061,2.9117686496555626,3326.5109996423266,280982.9393939394,,,,,,,,,,
rajasthan,2018,2,8073,2018-Q2,11883013,18090200568.26,4262966,139.0,1522.3580558449273,3.2606405962421467,30668.820143884892,2.7874988916167758,4243.571393311605,85489.30215827338,8072.0,9272437.0,10593171156.52,3184469.0,33.0,0.28154151923598936,0.7077228623013085,0.33867404581423144,3.212121212121212,
rajasthan,2018,3,8074,2018-Q3,16464948,27314548840.2,5199376,8587.0,1658.951418504328,165.15443391668538,605.4938861069057,3.166716159785328,5253.428265276449,1917.4272737859555,8073.0,11883013.0,18090200568.26,4262966.0,139.0,0.3855869719237033,0.5099085682955058,0.21966161587964805,60.776978417266186,
rajasthan,2018,4,8075,2018-Q4,24362909,42987736624.7,6407477,45801.0,1764.4747031111924,714.8055311006189,139.89818999585162,3.8022624193578847,6708.995853547347,531.9296303574158,8074.0,16464948.0,27314548840.2,5199376.0,8587.0,0.4796833248425685,0.5738036486047717,0.23235499798437353,4.333760335390707,
rajasthan,2019,1,8076,2019-Q1,48143566,65499410518.33,7779148,198786.0,1360.5018481250434,2555.369816848837,39.13327900355156,6.188796767975105,8419.869440500424,242.1879106174479,8075.0,24362909.0,42987736624.7,6407477.0,45801.0,0.9761008835192875,0.5236766496958389,0.21407349569885303,3.3402109124254933,4.1921157296620075
rajasthan,2019,2,8077,2019-Q2,50086588,86638751323.83,8846756,329767.0,1729.7794635927287,3727.547137052271,26.82729321005437,5.661576740671948,9793.279177568591,151.8847792532303,8076.0,48143566.0,65499410518.33,7779148.0,198786.0,0.040358913172322985,0.3227409321429566,0.13723970799887075,0.6589045506222773,3.2149737612842806
rajasthan,2019,3,8078,2019-Q3,65929301,108541401685.52,9930100,452793.0,1646.330236164949,4559.803023131691,21.930771897975454,6.639339080170391,10930.544675836094,145.60583092053102,8077.0,50086588.0,86638751323.83,8846756.0,329767.0,0.3163064930675654,0.2528043170869856,0.12245663834291354,0.3730694702623367,3.00422163495445
rajasthan,2019,4,8079,2019-Q4,83291120,153381418752.17,11033683,542233.0,1841.5098602608539,4914.342744847754,20.348601062642814,7.548804873223202,13901.198607225711,153.60761886495288,8078.0,65929301.0,108541401685.52,9930100.0,452793.0,0.2633399525955842,0.41311440952795353,0.11113513459078961,0.1975295554480745,2.4187674386502858
rajasthan,2020,1,8080,2020-Q1,99812994,183459625889.91,12268753,628462.0,1838.0334918107958,5122.460285898656,19.52186926178512,8.135545152795887,14953.404464977819,158.82104884623095,8079.0,83291120.0,153381418752.17,11033683.0,542233.0,0.19836297074646136,0.19610072316738458,0.11193633168544004,0.15902573248031748,1.073236411278716
rajasthan,2020,2,8081,2020-Q2,98305260,184398456319.78,13697342,671680.0,1875.7740564419441,4903.725116887641,20.39266019533111,7.176958858149267,13462.353230267596,146.35728323010957,8080.0,99812994.0,183459625889.91,12268753.0,628462.0,-0.01510558835656206,0.005117368060225669,0.116441255276718,0.06876788095382058,0.9627062638006008
rajasthan,2020,3,8082,2020-Q3,143008603,280234259657.32,15099115,808116.0,1959.5622485545152,5352.075270636723,18.684341109444684,9.471323517967775,18559.648009656197,176.96543936761555,8081.0,98305260.0,184398456319.78,13697342.0,671680.0,0.45474009223921485,0.519721288617208,0.10233905235044882,0.20312648880419237,1.169120570533578
rajasthan,2020,4,8083,2020-Q4,184672061,370817106324.82,16423105,981664.0,2007.9762164175988,5977.334980200151,16.72986378231248,11.244649595798116,22578.98895031238,188.12145601753758,8082.0,143008603.0,280234259657.32,15099115.0,808116.0,0.2913353261691536,0.32323973085327884,0.08768659620116814,0.21475629736324975,1.2171878706877757
rajasthan,2021,1,8084,2021-Q1,240954777,468471366342.28,17806048,1160473.0,1944.2294200387653,6517.296819597476,15.343784818776482,13.532187321970602,26309.67670885084,207.6349703956921,8083.0,184672061.0,370817106324.82,16423105.0,981664.0,0.3047711478132038,0.2633488540626252,0.08420715814701296,0.18214888189849066,1.4140622111786367
rajasthan,2021,2,8085,2021-Q2,274437184,536307861093.09,19130821,1273446.0,1954.2098970564064,6656.515159490542,15.02287572460866,14.345290460874628,28033.708594790052,215.50751582713363,8084.0,240954777.0,468471366342.28,17806048.0,1160473.0,0.13895722432595714,0.14480392959864807,0.07440017009950783,0.09735082160463882,1.791683618964031
rajasthan,2021,3,8086,2021-Q3,384071639,686772090114.51,20647987,1461773.0,1788.135390321049,7079.493996194399,14.125303313168324,18.600924099768175,33260.97067547117,262.7436948144479,8085.0,274437184.0,536307861093.09,19130821.0,1273446.0,0.3994883397433491,0.2805557030522494,0.0793048034896151,0.1478876999888492,1.6856540861391394
rajasthan,2021,4,8087,2021-Q4,410190115,765489774059.78,22032956,1643349.0,1866.1828895115623,7458.595206199296,13.407350477591796,18.61711678632681,34742.94479868158,249.606209636541,8086.0,384071639.0,686772090114.51,20647987.0,1461773.0,0.06800417773101963,0.11461980630596802,0.06707525532634251,0.12421627708269334,1.221181226758497
rajasthan,2022,1,8088,2022-Q1,535528877,971889889959.47,23412998,1863349.0,1814.822564571938,7958.6091452277915,12.565009560742512,22.87314409713784,41510.698030191175,287.4012742647781,8087.0,410190115.0,765489774059.78,22032956.0,1643349.0,0.3055626096694213,0.26963144759602153,0.0626353540578033,0.13387296307722818,1.222528574314175
rajasthan,2022,2,8089,2022-Q2,620679225,1085864980526.71,24647652,2003276.0,1749.4785338218949,8127.654512486625,12.303672584306906,25.182083266998415,44055.51411252926,309.83210750790204,8088.0,535528877.0,971889889959.47,23412998.0,1863349.0,0.15900234638514177,0.11727160838353101,0.05273369946044504,0.07509435967175238,1.2616440525785309
rajasthan,2022,3,8090,2022-Q3,737030782,1197697051891.49,25962683,2112900.0,1625.0298917521873,8138.218996857913,12.287700790382885,28.388082310291274,46131.482323744814,348.82426144162054,8089.0,620679225.0,1085864980526.71,24647652.0,2003276.0,0.18745843636058535,0.10298892898317313,0.053353195671538955,0.05472236476651249,0.918992987659784
rajasthan,2022,4,8091,2022-Q4,820996227,1381577028127.76,27182742,2221707.0,1682.8055753388498,8173.226233026822,12.235070601118869,30.202848079123143,50825.5211386607,369.5339786029391,8090.0,737030782.0,1197697051891.49,25962683.0,2112900.0,0.11392393241996235,0.1535279526203004,0.04699279346437346,0.05149652136873484,1.0015017353599562
rajasthan,2023,1,8092,2023-Q1,919098766,1551787489613.53,28357153,2212283.0,1688.379472390163,7801.498972763591,12.818049499092114,32.41153179234883,54722.96494692292,415.45261885572506,8091.0,820996227.0,1381577028127.76,27182742.0,2221707.0,0.11949207045503263,0.12320012422067417,0.043204287485052006,-0.004241783457494597,0.7162450158593408
rajasthan,2023,2,8093,2023-Q2,1073092744,1694556785190.16,29493668,2257614.0,1579.133578774958,7654.571821992436,13.064088015045973,36.383834794641345,57454.93524881883,475.32162008208667,8092.0,919098766.0,1551787489613.53,28357153.0,2212283.0,0.1675488899524864,0.09200312319323212,0.04007860027415311,0.02049059726987923,0.7289006958465543
rajasthan,2023,3,8094,2023-Q3,1237044429,1798770149235.03,30792255,2324919.0,1454.086940668022,7550.336927256545,13.244442064433212,40.17388232852709,58416.31764984507,532.0806570035343,8093.0,1073092744.0,1694556785190.16,29493668.0,2257614.0,0.1527842639107435,0.06149889160142563,0.04402934894364452,0.029812448009269854,0.6784162333670345
rajasthan,2023,4,8095,2023-Q4,1350966019,2070058351728.42,32021284,2406772.0,1532.280103729552,7516.163311877188,13.304660350045621,42.189626718279,64646.325604195634,561.3186537819121,8094.0,1237044429.0,1798770149235.03,30792255.0,2324919.0,0.09209175299555872,0.15081871500300448,0.03991357567024556,0.03520681795795899,0.64552037460216
rajasthan,2024,1,8096,2024-Q1,1600558212,2352706512651.68,33414280,2513905.0,1469.9287379943669,7523.445066001721,13.291783102384537,47.90042496800769,70410.2112226174,636.682059186803,8095.0,1350966019.0,2070058351728.42,32021284.0,2406772.0,0.18475090379012715,0.13654115628540597,0.043502190605473556,0.04451314873199452,0.7414431084112674
rajasthan,2024,2,8097,2024-Q2,1818703650,2493535347251.07,34754315,2630384.0,1371.0509390856887,7568.510557609897,13.212639295251188,52.33029769109246,71747.50379200597,691.4213476055207,8096.0,1600558212.0,2352706512651.68,33414280.0,2513905.0,0.1362933483858817,0.059858224492550294,0.04010366226655182,0.04633389089882067,0.6948242919066836
rajasthan,2024,3,8098,2024-Q3,1932844563,2470834793957.13,35974844,2738128.0,1278.341177172626,7611.229669265556,13.138481473473847,53.72767045216374,68682.2934925619,705.9000028486615,8097.0,1818703650.0,2493535347251.07,34754315.0,2630384.0,0.06275948970575818,-0.009103762382580816,0.035118775898762555,0.040961319716056765,0.5624698011553795
rajasthan,2024,4,8099,2024-Q4,2040641000,2791321648381.93,37075516,2840940.0,1367.8651209996908,7662.577103444764,13.050439643216682,55.0401240538365,75287.46594873906,718.2978169197519,8098.0,1932844563.0,2470834793957.13,35974844.0,2738128.0,0.05577087731911945,0.1297079251144626,0.030595601748822032,0.037548281161435826,0.5105050543836069
rajasthan,2025,1,8100,2025-Q1,2035097242,2747039392692.47,38208545,2927213.0,1349.8320060582491,7661.147526031154,13.052874867664226,53.26288247825192,71895.94350406356,695.2337400797277,8099.0,2040641000.0,2791321648381.93,37075516.0,2840940.0,-0.0027166748095328597,-0.01586426118793205,0.030560033203583803,0.03036776559871024,0.27149217488129707
rajasthan,2025,2,8101,2025-Q2,2180404184,2831640614175.03,39315591,3005610.0,1298.6769310726245,7644.829757232951,13.0807360236358,55.4590209263292,72023.35109689766,725.4448128666061,8100.0,2035097242.0,2747039392692.47,38208545.0,2927213.0,0.07140049084691347,0.030797236365671,0.028973780603265498,0.026782130306199026,0.1988782141609493
rajasthan,2025,3,8102,2025-Q3,2323608156,2778203819923.99,40494453,3082538.0,1195.6421364549515,7612.247534248703,13.136724672980511,57.380899946963105,68607.02180429478,753.7970840910964,8101.0,2180404184.0,2831640614175.03,39315591.0,3005610.0,0.06567771840232361,-0.01887131932757924,0.029984593135074622,0.025594804382471414,0.20217021093175203
rajasthan,2025,4,8103,2025-Q4,2359791146,3062398766099.9,41560104,3178588.0,1297.7414426233718,7648.171429022411,13.075020732476181,56.78020310055047,73686.02268415641,742.4023327339057,8102.0,2323608156.0,2778203819923.99,40494453.0,3082538.0,0.015571898345497104,0.10229449118808165,0.0263159746842363,0.031159388789367748,0.15639700760692343
rajasthan,2026,1,8104,2026-Q1,2435127309,3091642766729.34,42603158,3240632.0,1269.6021088108703,7606.55348601153,13.146558449092646,57.158375653748486,72568.39426620299,751.4359263871985,8103.0,2359791146.0,3062398766099.9,41560104.0,3178588.0,0.03192492824108606,0.00954937709391901,0.025097482912939784,0.01951935891030865,0.1965655786584768
rajasthan,2026,2,8105,2026-Q2,2553428529,3189512812270.48,43692290,3314270.0,1249.109883455242,7585.480184261342,13.18308104047045,58.44116957476937,72999.4425165282,770.4346746040607,8104.0,2435127309.0,3091642766729.34,42603158.0,3240632.0,0.04858112327957964,0.03165632413756425,0.025564583733440616,0.02272334532276421,0.17108036562087237
sikkim,2018,1,8072,2018-Q1,52422,76553394.47,23332,,1460.3295271069398,,,2.246785530601749,3281.0472514143667,,,,,,,,,,,
sikkim,2018,2,8073,2018-Q2,87348,165371421.67,32306,,1893.2479469478408,,,2.703770197486535,5118.90737541014,,8072.0,52422.0,76553394.47,23332.0,,0.6662469955362254,1.1602101750668457,0.38462197839876566,,
sikkim,2018,3,8074,2018-Q3,124034,264307338.56,41742,,2130.9265085379816,,,2.97144362991711,6331.927999616693,,8073.0,87348.0,165371421.67,32306.0,,0.4199981682465541,0.5982648990430006,0.29208196619822946,,
sikkim,2018,4,8075,2018-Q4,181845,431701308.03,53799,1.0,2374.007028128351,1.8587706091191285,53799.0,3.3800814141526794,8024.337032844476,181845.0,8074.0,124034.0,264307338.56,41742.0,,0.4660899430801231,0.6333307670607871,0.2888457668535289,,
sikkim,2019,1,8076,2019-Q1,233031,479741568.5,64728,15.0,2058.702784178929,23.17389692250649,4315.2,3.6001575824990732,7411.654438573724,15535.4,8075.0,181845.0,431701308.03,53799.0,1.0,0.28148148148148144,0.11128124834558428,0.2031450398706296,14.0,3.445290145358819
sikkim,2019,2,8077,2019-Q2,298432,708397197.3,76521,57.0,2373.73069007345,74.4893558630964,1342.4736842105262,3.900001306830805,9257.552793350844,5235.649122807017,8076.0,233031.0,479741568.5,64728.0,15.0,0.28065364693967765,0.47662250639429415,0.18219317760474607,2.8,2.4165865274534046
sikkim,2019,3,8078,2019-Q3,333701,791314969.27,88720,111.0,2371.3293315572923,125.11271415689811,799.2792792792793,3.7612826871055005,8919.239960211902,3006.3153153153153,8077.0,298432.0,708397197.3,76521.0,57.0,0.1181810261634142,0.11704983064026031,0.1594202898550725,0.9473684210526316,1.6903994066143153
sikkim,2019,4,8079,2019-Q4,409087,1004355162.76,100028,153.0,2455.1138578346413,152.95717199184227,653.7777777777778,4.08972487703443,10040.740220338304,2673.7712418300653,8078.0,333701.0,791314969.27,88720.0,111.0,0.2259088225687067,0.26922300444604597,0.1274571686203787,0.3783783783783783,1.2496466771151256
sikkim,2020,1,8080,2020-Q1,459577,1060247749.22,112394,197.0,2307.0078555280184,175.27626029859246,570.5279187817259,4.088981618235849,9433.312714379772,2332.8781725888325,8079.0,409087.0,1004355162.76,100028.0,153.0,0.12342117935793606,0.05565022069125969,0.12362538489223018,0.2875816993464053,0.9721710845338174
sikkim,2020,2,8081,2020-Q2,547369,1206404024.71,127647,221.0,2204.0050216764193,173.13372033811999,577.5882352941177,4.288146215735583,9451.09579316396,2476.7828054298643,8080.0,459577.0,1060247749.22,112394.0,197.0,0.19102783646701216,0.13785105943165066,0.13571009128601164,0.12182741116751261,0.8341498230752735
sikkim,2020,3,8082,2020-Q3,639577,1543361489.52,143462,242.0,2413.097233827983,168.68578438889742,592.8181818181819,4.45816313727677,10757.981134516458,2642.880165289256,8081.0,547369.0,1206404024.71,127647.0,221.0,0.16845674490151974,0.2793073115708471,0.12389637045915691,0.09502262443438925,0.9166169714804571
sikkim,2020,4,8083,2020-Q4,778335,2085958059.26,157981,291.0,2680.026028972101,184.19936574651382,542.8900343642612,4.926763344959204,13203.85400307632,2674.6907216494847,8082.0,639577.0,1543361489.52,143462.0,242.0,0.21695276721958412,0.3515680373162302,0.10120450014638016,0.2024793388429753,0.90261484720854
sikkim,2021,1,8084,2021-Q1,879693,2440814120.19,169708,399.0,2774.620373459832,235.10971786833855,425.3333333333333,5.183568246635398,14382.434064334033,2204.7443609022557,8083.0,778335.0,2085958059.26,157981.0,291.0,0.13022413228237206,0.17011658472936242,0.07423044543331159,0.3711340206185567,0.9141362600826413
sikkim,2021,2,8085,2021-Q2,1064819,2607900949.03,181725,455.0,2449.1495259100375,250.37831888843033,399.3956043956044,5.859507497592516,14350.810009795021,2340.2615384615383,8084.0,879693.0,2440814120.19,169708.0,399.0,0.21044387075945803,0.06845536800934005,0.07080986164470748,0.14035087719298245,0.9453403462746337
sikkim,2021,3,8086,2021-Q3,1295143,3285177951.99,193942,792.0,2536.536854995935,408.3695125346753,244.87626262626262,6.677991358241123,16938.97119752297,1635.2815656565656,8085.0,1064819.0,2607900949.03,181725.0,455.0,0.2163034280943521,0.2597019657559887,0.06722795432659234,0.7406593406593407,1.0249993354983058
sikkim,2021,4,8087,2021-Q4,1498091,3929709746.24,206238,952.0,2623.1448865522852,461.6026144551441,216.63655462184875,7.263894141719761,19054.246774309293,1573.625,8086.0,1295143.0,3285177951.99,193942.0,792.0,0.15669929884190403,0.1961938755432029,0.06340039805715114,0.202020202020202,0.9247380626593948
sikkim,2022,1,8088,2022-Q1,1834534,4527630666.27,217994,1219.0,2468.0004111507337,559.1897024688753,178.83018867924528,8.415525197941228,20769.519648568312,1504.9499589827728,8087.0,1498091.0,3929709746.24,206238.0,952.0,0.22458115027725278,0.15215396521386837,0.057002104364860084,0.28046218487394947,1.0854252563110083
sikkim,2022,2,8089,2022-Q2,2512240,5966964957.63,229640,1350.0,2375.1572133355094,587.8766765371886,170.1037037037037,10.939905939731753,25983.99650596586,1860.9185185185186,8088.0,1834534.0,4527630666.27,217994.0,1219.0,0.36941588436082395,0.31790011099685533,0.053423488719873014,0.10746513535684987,1.3593117703572157
sikkim,2022,3,8090,2022-Q3,2904465,6064289653.49,241620,1493.0,2087.919686926852,617.9124244681732,161.8352310783657,12.020797119443754,25098.45895824021,1945.388479571333,8089.0,2512240.0,5966964957.63,229640.0,1350.0,0.15612560901824657,0.016310586127299187,0.052168611740115,0.10592592592592598,1.2425824793092346
sikkim,2022,4,8091,2022-Q4,3192928,6611574174.83,252358,1585.0,2070.693161521337,628.0759872879005,159.21640378548895,12.652374800878118,26199.185977183206,2014.4656151419558,8090.0,2904465.0,6064289653.49,241620.0,1493.0,0.09931708593493127,0.09024709448451862,0.044441685290952826,0.06162089752176825,1.131331140765147
sikkim,2023,1,8092,2023-Q1,3401499,6708361128.24,262655,1831.0,1972.1778922292788,697.1121813786145,143.44893500819225,12.950444499438428,25540.580336334733,1857.7274713271436,8091.0,3192928.0,6611574174.83,252358.0,1585.0,0.06532280088996689,0.014639018008519633,0.040803144738823516,0.15520504731861196,0.8541487920093058
sikkim,2023,2,8093,2023-Q2,4437602,8547336154.63,272768,2524.0,1926.115986659011,925.3284842796809,108.06973058637084,16.268777862505864,31335.553124376762,1758.162440570523,8092.0,3401499.0,6708361128.24,262655.0,1831.0,0.30460188287575574,0.27413178736733745,0.03850297919323831,0.3784817039868924,0.7663925421138107
sikkim,2023,3,8094,2023-Q3,4740161,8003122189.83,282679,3235.0,1688.3650554970602,1144.4076142904141,87.38145285935084,16.76870584656094,28311.696977242736,1465.2738794435859,8093.0,4437602.0,8547336154.63,272768.0,2524.0,0.06818074266236596,-0.0636705933819165,0.036334907320506815,0.2816957210776545,0.6320255193297217
sikkim,2023,4,8095,2023-Q4,4842501,8557427285.09,292795,3496.0,1767.1503392750978,1194.0094605440668,83.75143020594966,16.538878737683362,29226.685172526853,1385.154748283753,8094.0,4740161.0,8003122189.83,282679.0,3235.0,0.021589983968898885,0.06926110611735825,0.035786174423993344,0.08068006182380216,0.5166333221419337
sikkim,2024,1,8096,2024-Q1,5735877,9346992815.65,304915,4068.0,1629.5664665839242,1334.1423019530032,74.95452310717798,18.81139661872981,30654.421119492315,1409.9992625368732,8095.0,4842501.0,8557427285.09,292795.0,3496.0,0.18448648745761753,0.09226669468003501,0.04139414949025766,0.16361556064073235,0.6862791963190347
sikkim,2024,2,8097,2024-Q2,7126004,11164052278.03,319071,4805.0,1566.663768085171,1505.9344158510175,66.40395421436004,22.333599731721154,34989.241510604224,1483.0393340270552,8096.0,5735877.0,9346992815.65,304915.0,4068.0,0.24235648707250879,0.19440043425920206,0.04642605316235682,0.18117010816125867,0.6058231450229201
sikkim,2024,3,8098,2024-Q3,7837835,10648114552.76,333732,6355.0,1358.553038276514,1904.2225498304028,52.514870180959875,23.485416441935445,31906.183862380592,1233.3335955940204,8097.0,7126004.0,11164052278.03,319071.0,4805.0,0.09989202924949248,-0.046214198251769756,0.045949020750867264,0.32258064516129026,0.6534955247300671
sikkim,2024,4,8099,2024-Q4,9021976,12713819912.91,345323,7123.0,1409.205689852201,2062.7065095577186,48.4799943843886,26.126194895793216,36817.182501339325,1266.597781833497,8098.0,7837835.0,10648114552.76,333732.0,6355.0,0.15108011332211002,0.19399728937125005,0.03473146117243786,0.12084972462627852,0.8630819074688885
sikkim,2025,1,8100,2025-Q1,9852470,12680467274.81,357215,7607.0,1287.0343451753722,2129.5298349733353,46.958722229525435,27.581344568397185,35498.13774564338,1295.1846983041935,8099.0,9021976.0,12713819912.91,345323.0,7123.0,0.09205233975350846,-0.002623337307627982,0.034437323896757466,0.0679488979362628,0.7176919937439383
sikkim,2025,2,8101,2025-Q2,11156835,14199545657.21,368764,8059.0,1272.7216685744656,2185.4085539803236,45.758034495594984,30.25467507674285,38505.78054585046,1384.3944658146172,8100.0,9852470.0,12680467274.81,357215.0,7607.0,0.1323896444241901,0.11979671959074256,0.03233066920482064,0.05941895622452997,0.5656509594998824
sikkim,2025,3,8102,2025-Q3,11881826,13872661117.52,379914,8403.0,1167.552960085428,2211.816358439015,45.21171010353445,31.275041193533273,36515.26692230347,1413.9980959181246,8101.0,11156835.0,14199545657.21,368764.0,8059.0,0.06498178022709844,-0.0230207745783767,0.030236140187219984,0.042685196674525416,0.5159576592260491
sikkim,2025,4,8103,2025-Q4,12122190,14542438211.1,391051,8877.0,1199.654370299426,2270.036389115486,44.0521572603357,30.999000130417773,37188.08598136816,1365.5728286583305,8102.0,11881826.0,13872661117.52,379914.0,8403.0,0.020229550575812105,0.04828036148984616,0.029314529077633322,0.05640842556229919,0.34362915618485346
sikkim,2026,1,8104,2026-Q1,13287804,15967341009.51,402651,9257.0,1201.6538631597816,2299.01328942434,43.4969212487847,33.00079721644799,39655.5354624973,1435.4330776709517,8103.0,12122190.0,14542438211.1,391051.0,8877.0,0.09615539766329362,0.09798238629079381,0.029663650009845277,0.04280725470316549,0.3486774382464499
sikkim,2026,2,8105,2026-Q2,14956244,18254633450.46,407103,9576.0,1220.5359480936522,2352.230270963368,42.51284461152882,36.73823086540752,44840.331440593654,1561.8467000835421,8104.0,13287804.0,15967341009.51,402651.0,9257.0,0.1255617557272819,0.14324817385610467,0.011056721577743511,0.03446040833963493,0.34054541453736653
tamil nadu,2018,1,8072,2018-Q1,4923891,8755842361.47,2155558,48.0,1778.2364316086605,2.2268015984724143,44907.458333333336,2.2842767394799863,4061.9841180195567,102581.0625,,,,,,,,,,
tamil nadu,2018,2,8073,2018-Q2,7129251,15152943528.93,3061794,58.0,2125.4607993083705,1.8943142484438862,52789.55172413793,2.32845547414359,4949.040833227186,122918.12068965517,8072.0,4923891.0,8755842361.47,2155558.0,48.0,0.4478896872412488,0.7306094494814552,0.420418286123593,0.20833333333333326,
tamil nadu,2018,3,8074,2018-Q3,10812101,22361948450.28,3937412,211.0,2068.233403505942,5.3588499247729215,18660.72037914692,2.745991783435414,5679.351932253978,51242.184834123225,8073.0,7129251.0,15152943528.93,3061794.0,58.0,0.5165830183282929,0.4757494745220008,0.28598200924033423,2.6379310344827585,
tamil nadu,2018,4,8075,2018-Q4,17123273,33652624050.34,5262463,12417.0,1965.3149284216868,235.95415302682414,423.8111460095031,3.253851476010378,6394.842880670135,1379.0185229926713,8074.0,10812101.0,22361948450.28,3937412.0,211.0,0.5837137481420123,0.5049057162958726,0.33652841003176714,57.84834123222749,
tamil nadu,2019,1,8076,2019-Q1,25178515,46065559235.42,6377974,89054.0,1829.5582259485914,1396.2741146326405,71.61917488265547,3.9477293259583686,7222.600662125621,282.7331169852,8075.0,17123273.0,33652624050.34,5262463.0,12417.0,0.4704265358614559,0.36885489721431064,0.21197507706942553,6.171941692840461,4.1135402875490135
tamil nadu,2019,2,8077,2019-Q2,30904172,60589725794.41,7498284,230529.0,1960.5678415978919,3074.423428080345,32.5264240073917,4.121499265698659,8080.478919498115,134.05763266226808,8076.0,25178515.0,46065559235.42,6377974.0,89054.0,0.22740248978146638,0.31529339489321373,0.17565295813372717,1.5886428459137152,3.334841345886125
tamil nadu,2019,3,8078,2019-Q3,40615165,75113047933.87,8534286,318903.0,1849.3842862356953,3736.727360672,26.761385123376073,4.759058344189543,8801.32771902301,127.35899317347281,8077.0,30904172.0,60589725794.41,7498284.0,230529.0,0.3142291920974294,0.2396994201416225,0.13816521220055145,0.38335307054643875,2.756454457833866
tamil nadu,2019,4,8079,2019-Q4,54273375,95902389590.05,9717126,406910.0,1767.024615477663,4187.5550445677045,23.880283109287067,5.585332021011151,9869.419166742307,133.37930992111276,8078.0,40615165.0,75113047933.87,8534286.0,318903.0,0.3362835039572041,0.27677403897233765,0.1385985892668702,0.275967927551638,2.1695678156857046
tamil nadu,2020,1,8080,2020-Q1,65118379,110698166875.73,10970688,484793.0,1699.952741079903,4418.9844793690245,22.629633678704106,5.935669576967278,10090.357767510113,134.3220281645981,8079.0,54273375.0,95902389590.05,9717126.0,406910.0,0.19982180949682982,0.15427954766223118,0.12900542814819937,0.19140104691455107,1.5862676571672316
tamil nadu,2020,2,8081,2020-Q2,50385378,87932439310.77,12255108,516057.0,1745.1975712233418,4210.954322067174,23.747586022474263,4.111377721028652,7175.166413120962,97.6352961010121,8080.0,65118379.0,110698166875.73,10970688.0,484793.0,-0.22624950476730998,-0.20565586773010291,0.11707743397679349,0.06448938000342408,0.6303746303249931
tamil nadu,2020,3,8082,2020-Q3,70529798,138538123385.73,13765652,620844.0,1964.2495415303758,4510.095126623861,22.172481331864365,5.123607512379363,10064.043707172752,113.60309192003145,8081.0,50385378.0,87932439310.77,12255108.0,516057.0,0.3998068646026631,0.5755064282489637,0.12325831808254972,0.20305315110540123,0.7365385072299966
tamil nadu,2020,4,8083,2020-Q4,112119794,204191947116.83,15495864,769374.0,1821.1944548955378,4965.028087494831,20.14087296945309,7.235465799131949,13177.190191965416,145.72859753513896,8082.0,70529798.0,138538123385.73,13765652.0,620844.0,0.5896797832881926,0.4739043818884483,0.1256905230496892,0.23923884260780492,1.0658341958649156
tamil nadu,2021,1,8084,2021-Q1,135702280,245293582891.25,16872782,912668.0,1807.5863050440273,5409.113920869718,18.4873163077921,8.042673697793287,14537.82683206895,148.6874526114644,8083.0,112119794.0,204191947116.83,15495864.0,769374.0,0.2103329408543151,0.20128921024933177,0.08885712987672068,0.1862475207116434,1.083932095422707
tamil nadu,2021,2,8085,2021-Q2,142941858,255693504471.96,18151670,975536.0,1788.7937658677977,5374.3594941953,18.60686842925325,7.874859888924821,14086.500276391098,146.526481852028,8084.0,135702280.0,245293582891.25,16872782.0,912668.0,0.05334897836646513,0.04239785426967635,0.07579591794643004,0.06888375619611953,1.8369710355254258
tamil nadu,2021,3,8086,2021-Q3,200552172,356208315248.42,19501393,1089153.0,1776.1379081370408,5585.00103043921,17.90509965082959,10.283992123024237,18265.78825668607,184.1359037710955,8085.0,142941858.0,255693504471.96,18151670.0,975536.0,0.40303319689604145,0.3931066257785314,0.0743580618202071,0.11646622984697652,1.8435098027644998
tamil nadu,2021,4,8087,2021-Q4,218792102,374419414326.71,20870525,1209788.0,1711.302240364737,5796.634248539507,17.251390326238976,10.483306097953932,17940.105211857874,180.85160540524456,8086.0,200552172.0,356208315248.42,19501393.0,1089153.0,0.09094855377582256,0.05112485671646838,0.07020688214426518,0.11076037985480469,0.9514136995292732
tamil nadu,2022,1,8088,2022-Q1,278047655,483121547982.56,22131653,1356884.0,1737.549442675789,6130.96545477195,16.310644830361326,12.56334784392291,21829.438044350325,204.91630456251235,8087.0,218792102.0,374419414326.71,20870525.0,1209788.0,0.27083040227841493,0.29032184095293445,0.06042627102097331,0.12158824521321088,1.0489534516295524
tamil nadu,2022,2,8089,2022-Q2,338126426,560768519721.75,23307037,1467182.0,1658.4581286815778,6295.017251656656,15.885579975763061,14.507482268123571,24060.05189427339,230.4597698172415,8088.0,278047655.0,483121547982.56,22131653.0,1356884.0,0.21607364751916358,0.16071933049443077,0.0531087307396334,0.08128771508839372,1.36548223684066
tamil nadu,2022,3,8090,2022-Q3,403676932,647127117674.85,24513100,1553055.0,1603.0817378359632,6335.612386846217,15.783793877229074,16.46780423528644,26399.23623184542,259.9244276603211,8089.0,338126426.0,560768519721.75,23307037.0,1467182.0,0.19386389515736924,0.15400043853380097,0.05174673211356717,0.05852920769202452,1.0128275249993304
tamil nadu,2022,4,8091,2022-Q4,435288054,674950927795.23,25708338,1632127.0,1550.5845418749534,6348.628993441738,15.751432333390722,16.93178508855765,26254.164224666332,266.69986710592985,8090.0,403676932.0,647127117674.85,24513100.0,1553055.0,0.0783079722771971,0.04299589579919316,0.04875915326906832,0.05091384400423671,0.9895053341550692
tamil nadu,2023,1,8092,2023-Q1,468044832,720402614621.34,26767037,1653481.0,1539.1743811014667,6177.3030761679,16.188294271297945,17.485866366157747,26913.797542153807,283.0663503239529,8091.0,435288054.0,674950927795.23,25708338.0,1632127.0,0.07525310584333189,0.06734072797644841,0.04118115297846159,0.013083540680351557,0.6833259464101575
tamil nadu,2023,2,8093,2023-Q2,504160429,781360465422.68,27769575,1683247.0,1549.8250566243469,6061.4791547944105,16.497623343454645,18.155136655854474,28137.285695682418,299.51660629723386,8092.0,468044832.0,720402614621.34,26767037.0,1653481.0,0.07716268727009457,0.0846163652992582,0.03745420159877977,0.018002021190446138,0.49104119120225165
tamil nadu,2023,3,8094,2023-Q3,558715546,835710063992.0,28891897,1731234.0,1495.7702000151612,5992.109137035896,16.688614595138496,19.33813989437938,28925.41337773702,322.7267636841698,8093.0,504160429.0,781360465422.68,27769575.0,1683247.0,0.10820983532604855,0.06955765101312017,0.0404155267050359,0.028508590836638925,0.3840660729159524
tamil nadu,2023,4,8095,2023-Q4,597821132,878172648141.26,30002865,1783632.0,1468.955513839648,5944.872264698722,16.821219287386636,19.925468184455053,29269.626355391727,335.17066973456406,8094.0,558715546.0,835710063992.0,28891897.0,1731234.0,0.06999194183868296,0.05081018642569135,0.0384525806664755,0.0302662724969589,0.373392002161401
tamil nadu,2024,1,8096,2024-Q1,643084591,917459762316.25,31080814,1856637.0,1426.6548680471337,5973.579070355107,16.740382745792527,20.69072550673866,29518.524267615707,346.3706642709372,8095.0,597821132.0,878172648141.26,30002865.0,1783632.0,0.07571404986734387,0.04473734664606677,0.03592820219002424,0.04093052827040555,0.3739807536214821
tamil nadu,2024,2,8097,2024-Q2,707377354,987216265047.39,32173286,1925501.0,1395.600607603548,5984.781908817147,16.70904663253875,21.986481393290074,30684.346791539727,367.37314288592944,8096.0,643084591.0,917459762316.25,31080814.0,1856637.0,0.09997559248002563,0.0760322202632957,0.03514940117076737,0.0370907183256608,0.40307987955952806
tamil nadu,2024,3,8098,2024-Q3,781508176,1053834607664.43,33289377,1991578.0,1348.4626777141102,5982.623225421131,16.71507568370408,23.476203114284775,31656.78371404878,392.4065118212794,8097.0,707377354.0,987216265047.39,32173286.0,1925501.0,0.10479671363638254,0.06748100185914385,0.03468999094466141,0.034316783008681906,0.3987586019308651
tamil nadu,2024,4,8099,2024-Q4,822940769,1091410271995.08,34331442,2054574.0,1326.2318663848819,5984.525788342942,16.709761731629037,23.970469081957,31790.39994868494,400.5408269548821,8098.0,781508176.0,1053834607664.43,33289377.0,1991578.0,0.05301619902694399,0.035656130532595975,0.031303229255386755,0.03163119897890021,0.3765668775321913
tamil nadu,2025,1,8100,2025-Q1,875704481,1133708906375.87,35340007,2114180.0,1294.6249916195989,5982.398362286685,16.715703960873718,24.779408815623608,32080.041930265324,414.2052620874287,8099.0,822940769.0,1091410271995.08,34331442.0,2054574.0,0.06411605061700376,0.038755943082218636,0.02937729792998489,0.02901136683322192,0.3617251808790425
tamil nadu,2025,2,8101,2025-Q2,880043623,1133253062425.9,36318119,2173347.0,1287.7237364242567,5984.194831235615,16.71068586838641,24.231530906102268,31203.517517685865,404.92550108197173,8100.0,875704481.0,1133708906375.87,35340007.0,2114180.0,0.004955030029131446,-0.00040208200483082823,0.027677187500274147,0.027985791181450947,0.24409357752778726
tamil nadu,2025,3,8102,2025-Q3,954438805,1187233386639.07,37334630,2227787.0,1243.9072892044346,5967.079357690166,16.758617408217212,25.564437226242767,31799.789810132577,428.4246227309882,8101.0,880043623.0,1133253062425.9,36318119.0,2173347.0,0.0845357889719065,0.047633071555630346,0.027989087210160912,0.025048922238372517,0.22127808039720365
tamil nadu,2025,4,8103,2025-Q4,982036878,1229082839335.56,38313127,2282219.0,1251.5648514531244,5956.754717514966,16.787664549282958,25.63186445209758,32079.94062545613,430.29914219450455,8102.0,954438805.0,1187233386639.07,37334630.0,2227787.0,0.02891549762585366,0.03524955848399891,0.026208830782573633,0.0244332155632474,0.19332631823955726
tamil nadu,2026,1,8104,2026-Q1,1015223360,1291277296711.42,39201469,2318838.0,1271.9144846227928,5915.181392819743,16.9056523137882,25.89758460327086,32939.51297364443,437.8155610698117,8103.0,982036878.0,1229082839335.56,38313127.0,2282219.0,0.03379351910651973,0.05060233158041827,0.02318636116545636,0.016045348846889906,0.15932187401927878
tamil nadu,2026,2,8105,2026-Q2,1049292967,1316704395266.62,40264046,2358819.0,1254.8491571721552,5858.375484669375,17.069578462781585,26.06029625040663,32701.740785479436,444.8382716096487,8104.0,1015223360.0,1291277296711.42,39201469.0,2318838.0,0.03355873036648793,0.019691431592545605,0.027105540356153535,0.017241825431530744,0.19231926642800068
telangana,2018,1,8072,2018-Q1,9340974,14059023660.62,3449556,36.0,1505.0918309610968,1.0436125692697842,95821.0,2.7078771876728482,4075.603834412313,259471.5,,,,,,,,,,
telangana,2018,2,8073,2018-Q2,11544276,24401325668.78,4414688,395.0,2113.7164139855977,8.947404663704434,11176.425316455696,2.6149698461137003,5527.304685807921,29226.01518987342,8072.0,9340974.0,14059023660.62,3449556.0,36.0,0.23587497406587365,0.7356344407563151,0.2797844128345792,9.972222222222221,
telangana,2018,3,8074,2018-Q3,19955785,33180363175.15,5290796,31579.0,1662.6939594283062,596.8667096595673,167.54159409734316,3.7717925620265835,6271.336709098216,631.9321384464359,8073.0,11544276.0,24401325668.78,4414688.0,395.0,0.7286302752983382,0.3597770721777729,0.19845298240781672,78.94683544303797,
telangana,2018,4,8075,2018-Q4,30393583,51158381363.16,6687832,116006.0,1683.1967906896664,1734.5830457463644,57.6507422029895,4.544609224633633,7649.471661841984,262.0000948226816,8074.0,19955785.0,33180363175.15,5290796.0,31579.0,0.5230462244406822,0.5418270467116044,0.2640502487716405,2.6735172108046488,
telangana,2019,1,8076,2019-Q1,64813405,93511348877.09,8100506,280921.0,1442.7779080128562,3467.9438543715664,28.835530273635648,8.001155113026273,11543.889835658414,230.71755048572373,8075.0,30393583.0,51158381363.16,6687832.0,116006.0,1.1324700348754537,0.8278793500771129,0.21123048545477818,1.4216075030601867,5.938613146766065
telangana,2019,2,8077,2019-Q2,81454985,137682802492.51,9164840,388096.0,1690.2931415739627,4234.618389409962,23.614878792875988,8.887769453694773,15022.935751470839,209.8835983880277,8076.0,64813405.0,93511348877.09,8100506.0,280921.0,0.2567613906413342,0.47236462895512665,0.13139105137382767,0.38151295203989743,6.055876436079664
telangana,2019,3,8078,2019-Q3,114112049,178114733596.8,10225604,490375.0,1560.8757809335277,4795.560242700578,20.852620953352027,11.159443393270461,17418.504921254527,232.70364313025746,8077.0,81454985.0,137682802492.51,9164840.0,388096.0,0.4009216133303566,0.2936599950926295,0.11574277346904038,0.2635404642150396,4.718244058051337
telangana,2019,4,8079,2019-Q4,152510054,249883165634.61,11330987,571643.0,1638.4701144660928,5044.953277238779,19.82178912363136,13.459555994548401,22053.080251050502,266.79248062164675,8078.0,114112049.0,178114733596.8,10225604.0,490375.0,0.3364938701608977,0.40293371911766096,0.10809953133330796,0.16572622992607688,4.017837284929519
telangana,2020,1,8080,2020-Q1,177329550,318131593325.4,12385312,640815.0,1794.0134248657373,5173.991579703442,19.32743771603349,14.317729743102152,25686.199372724725,276.725029844807,8079.0,152510054.0,249883165634.61,11330987.0,571643.0,0.16274006433700428,0.2731213506018484,0.09304794013089945,0.12100559265135757,1.7360011405048077
telangana,2020,2,8081,2020-Q2,138326729,285827211219.72,13431777,673726.0,2066.3194545699116,5015.911148614216,19.936557294805308,10.298468251818058,21279.92530100224,205.31600235110415,8080.0,177329550.0,318131593325.4,12385312.0,640815.0,-0.21994541236923004,-0.10154408673469162,0.08449242134554225,0.051358036250712,0.698198446663516
telangana,2020,3,8082,2020-Q3,207472326,428781682179.97,14605692,802189.0,2066.693377602418,5492.303959305728,18.207295288267478,14.204895324370801,29357.163096412685,258.6327237097492,8081.0,138326729.0,285827211219.72,13431777.0,673726.0,0.49987155410867845,0.5001429722181301,0.0873983390284101,0.19067543778924967,0.818145654364685
telangana,2020,4,8083,2020-Q4,321839483,640618169487.15,15891633,986977.0,1990.4896798729633,6210.670734719333,16.10132049683022,20.252134126178223,40311.663973560804,326.0861023103882,8082.0,207472326.0,428781682179.97,14605692.0,802189.0,0.5512405399069946,0.49404276374443445,0.0880438256537246,0.23035469197408598,1.110283712836401
telangana,2021,1,8084,2021-Q1,392460349,745675476381.93,17082180,1156920.0,1900.0020722652164,6772.671872091267,14.765221450057048,22.974839803818952,43652.243237217386,339.228597482972,8083.0,321839483.0,640618169487.15,15891633.0,986977.0,0.21942884490651515,0.16399364223291424,0.07491659290143438,0.17218537007447998,1.2131694858527529
telangana,2021,2,8085,2021-Q2,461066776,943090363047.59,18184140,1230127.0,2045.4528761091863,6764.83463061767,14.782327353191988,25.355434790977192,51863.347018203225,374.8123372627379,8084.0,392460349.0,745675476381.93,17082180.0,1156920.0,0.17481110429323898,0.2647463848798284,0.06450933077628274,0.06327749541887084,2.333171971412698
telangana,2021,3,8086,2021-Q3,592741458,1102647432922.42,19355996,1326576.0,1860.250228898988,6853.566202431536,14.590943903703971,30.623144270126943,56966.711138110375,446.82058020045594,8085.0,461066776.0,943090363047.59,18184140.0,1230127.0,0.2855870100690143,0.169185346523129,0.06444385052028845,0.07840572558768333,1.856966369577406
telangana,2021,4,8087,2021-Q4,642408303,1206831019294.75,20513162,1434453.0,1878.6043294567287,6992.841961663443,14.300337480558792,31.316883423433207,58832.03278435329,447.8420017944122,8086.0,592741458.0,1102647432922.42,19355996.0,1326576.0,0.08379175158016361,0.09448494891626913,0.059783335355101386,0.08131987914751959,0.9960518734738335
telangana,2022,1,8088,2022-Q1,820292794,1529608338617.97,21608530,1545651.0,1864.7101983660361,7152.966907050132,13.980212868234808,37.961526952550685,70787.24645396842,530.7102275998916,8087.0,642408303.0,1206831019294.75,20513162.0,1434453.0,0.2769025402836365,0.26745858712833304,0.05339830105178334,0.07751944469424932,1.090129094799332
telangana,2022,2,8089,2022-Q2,993209224,1792476811489.94,22613597,1632694.0,1804.7323445819509,7219.96593465427,13.850480861692393,43.92088635876902,79265.44421437863,608.3253959406968,8088.0,820292794.0,1529608338617.97,21608530.0,1545651.0,0.21079842620194955,0.1718534517858843,0.046512511494303466,0.05631478257381528,1.1541548333120408
telangana,2022,3,8090,2022-Q3,1161232661,2003594734268.49,23635593,1698591.0,1725.4033593432403,7186.580848637899,13.914822932654182,49.13067596823147,84770.23336239078,683.644656659549,8089.0,993209224.0,1792476811489.94,22613597.0,1632694.0,0.16917224784050133,0.11778000218762386,0.045193871633955496,0.04036090045042129,0.9590879722133423
telangana,2022,4,8091,2022-Q4,1298732509,2182810144779.99,24652313,1755424.0,1680.7234204530025,7120.727373532861,14.043509146508194,52.6819738577877,88543.82729847662,739.8397817279472,8090.0,1161232661.0,2003594734268.49,23635593.0,1698591.0,0.11840852623073106,0.08944693627223543,0.04301647942575415,0.03345890800080764,1.0216620845885922
telangana,2023,1,8092,2023-Q1,1424621673,2371715741378.49,25533334,1767962.0,1664.8039169473525,6924.132978482167,14.442241405641072,55.794581036695014,92887.03705432633,805.7988084585528,8091.0,1298732509.0,2182810144779.99,24652313.0,1755424.0,0.09693232680910735,0.08654238530558978,0.035737863623587884,0.007142433964671735,0.73672337904263
telangana,2023,2,8093,2023-Q2,1644044462,2696606763836.35,26347321,1798270.0,1640.227394188534,6825.248001495104,14.651482257947917,62.39892329091068,102348.42334962063,914.2367175118308,8092.0,1424621673.0,2371715741378.49,25533334.0,1767962.0,0.15402179621340073,0.1369856500041724,0.03187938559061654,0.017142902392698556,0.6552851325512861
telangana,2023,3,8094,2023-Q3,1861859423,2865813600979.77,27152426,1844528.0,1539.2212567596034,6793.234608207753,14.720527961624871,68.57064716795472,105545.3977106786,1009.3961289825907,8093.0,1644044462.0,2696606763836.35,26347321.0,1798270.0,0.1324872690699772,0.0627480578231201,0.030557376212936305,0.025723612138332852,0.6033474475275717
telangana,2023,4,8095,2023-Q4,2006013823,3121625949371.09,27926155,1893687.0,1556.1338180126238,6781.051670020453,14.746975080887179,71.83279699622092,111781.44464825501,1059.3164672936973,8094.0,1861859423.0,2865813600979.77,27152426.0,1844528.0,0.07742496464514237,0.08926342882309668,0.02849575945810523,0.026651262545214882,0.5445935241465492
telangana,2024,1,8096,2024-Q1,2170233621,3207009337042.48,28813177,1974451.0,1477.7253960173903,6852.597337669497,14.59300686621243,75.32087214818415,111303.56562355065,1099.15800442756,8095.0,2006013823.0,3121625949371.09,27926155.0,1893687.0,0.08186374197282897,0.027352216138705643,0.031763126717587964,0.04264907558640885,0.5233754070509637
telangana,2024,2,8097,2024-Q2,2403883290,3461907722592.3,29668981,2034941.0,1440.1313645273933,6858.816620631494,14.57977454874613,81.02345308050856,116684.41604355404,1181.303679074725,8096.0,2170233621.0,3207009337042.48,28813177.0,1974451.0,0.10766106779432305,0.07948164746688535,0.02970182704947799,0.030636364234919,0.4621765685556014
telangana,2024,3,8098,2024-Q3,2607828990,3549548031458.42,30496407,2090746.0,1361.112268124,6855.712543448151,14.586375867752468,85.51266350819623,116392.33538096536,1247.3198513831906,8097.0,2403883290.0,3461907722592.3,29668981.0,2034941.0,0.08484010053582924,0.025315610896900154,0.02788858842169195,0.027423399499051815,0.40065837290659934
telangana,2024,4,8099,2024-Q4,2824258573,3859512144223.8,31420121,2147214.0,1366.5576449411737,6833.882021014496,14.632971375931788,89.88694133291212,122835.68685886983,1315.313039594563,8098.0,2607828990.0,3549548031458.42,30496407.0,2090746.0,0.08299224520853254,0.08732495236527993,0.03028927309371232,0.027008541448841683,0.4078958682230376
telangana,2025,1,8100,2025-Q1,2957671238,4011827575951.19,32290034,2196581.0,1356.4143047433556,6802.659297292781,14.700133525692884,91.59703077426305,124243.52281422776,1346.488582938667,8099.0,2824258573.0,3859512144223.8,31420121.0,2147214.0,0.04723811986460058,0.039464944281973,0.02768649426907044,0.022991187650602152,0.36283541522002816
telangana,2025,2,8101,2025-Q2,3044459287,4177136892219.81,33161493,2246001.0,1372.0455747450467,6772.91881882399,14.764683096757304,91.80706330079892,125963.47493219953,1355.5021956802334,8100.0,2957671238.0,4011827575951.19,32290034.0,2196581.0,0.029343372544234025,0.041205488805043045,0.02698848195700254,0.022498601235283466,0.26647549806796156
telangana,2025,3,8102,2025-Q3,3228865085,4188712492031.47,34013239,2298730.0,1297.270831008249,6758.339010289494,14.796535043263018,94.92965621415826,123149.47400426846,1404.6299848177036,8101.0,3044459287.0,4177136892219.81,33161493.0,2246001.0,0.060570952217171126,0.0027711803827210613,0.02568479048877559,0.02347683727656391,0.23814295238738037
telangana,2025,4,8103,2025-Q4,3485116309,4541925564459.14,34807525,2374216.0,1303.23500329961,6820.984830148079,14.660639554278127,100.12536970094828,130486.88651259,1467.9019554244433,8102.0,3228865085.0,4188712492031.47,34013239.0,2298730.0,0.07936262967147178,0.08432497410591333,0.023352259983237644,0.03283813236004218,0.23399335397892407
telangana,2026,1,8104,2026-Q1,3571187698,4713863651916.88,35513627,2425675.0,1319.9708473897415,6830.2654640147,14.640719387387016,100.55823636374848,132733.940465075,1472.2449206921785,8103.0,3485116309.0,4541925564459.14,34807525.0,2374216.0,0.02469684835990371,0.037855769544786755,0.020285900821733316,0.02167410210359977,0.20743227040165046
telangana,2026,2,8105,2026-Q2,3878232440,5128045744092.11,36479877,2481953.0,1322.2636403124177,6803.622172300636,14.69805310575986,106.31155472371796,140571.9033562561,1562.572877085102,8104.0,3571187698.0,4713863651916.88,35513627.0,2425675.0,0.08597832653040238,0.08786467381312657,0.02720786587075441,0.023200964679934488,0.27386575887555953
tripura,2018,1,8072,2018-Q1,184069,166034070.6,55908,,902.0208215397487,,,3.292355297989554,2969.7730306932817,,,,,,,,,,,
tripura,2018,2,8073,2018-Q2,262983,281717097.51,84393,,1071.2369145914374,,,3.1161707724574312,3338.1571636273147,,8072.0,184069.0,166034070.6,55908.0,,0.42871966490826807,0.6967427016151226,0.5094977462974888,,
tripura,2018,3,8074,2018-Q3,446745,527779192.52,116340,,1181.3880234138041,,,3.8399948427024237,4536.523917139419,,8073.0,262983.0,281717097.51,84393.0,,0.6987599958932706,0.8734368527322542,0.3785503537023214,,
tripura,2018,4,8075,2018-Q4,538364,726298399.88,155407,6.0,1349.0842624692586,3.8608299497448635,25901.166666666668,3.4642197584407395,4673.524357847458,89727.33333333333,8074.0,446745.0,527779192.52,116340.0,,0.20508119844654105,0.3761406477813678,0.3358002406738869,,
tripura,2019,1,8076,2019-Q1,722617,930951274.78,187484,389.0,1288.3052499180062,207.48437199974398,481.96401028277637,3.8542862324251668,4965.497187920036,1857.6272493573265,8075.0,538364.0,726298399.88,155407.0,6.0,0.3422461383004807,0.28177519726576983,0.20640640382994335,63.83333333333333,2.9257941315484954
tripura,2019,2,8077,2019-Q2,787181,1193045264.99,222378,882.0,1515.592049338081,396.6219680004317,252.12925170068027,3.539833077013014,5364.942867504879,892.4954648526077,8076.0,722617.0,930951274.78,187484.0,389.0,0.08934746899118062,0.2815335209374277,0.18611721533570869,1.2673521850899743,1.9932771319819151
tripura,2019,3,8078,2019-Q3,880275,1426665779.11,254600,1187.0,1620.7046424242424,466.2215239591516,214.49031171019377,3.457482325216025,5603.557655577376,741.5964616680708,8077.0,787181.0,1193045264.99,222378.0,882.0,0.1182625088766116,0.19581865078854155,0.1448974269037404,0.3458049886621315,0.9704193667528456
tripura,2019,4,8079,2019-Q4,1017662,1684739442.05,283407,1413.0,1655.5000010317767,498.57625252728405,200.5711252653928,3.5908146234920095,5944.593612895941,720.2137296532201,8078.0,880275.0,1426665779.11,254600.0,1187.0,0.1560728181534179,0.18089286693411455,0.11314611154752563,0.19039595619208094,0.8902861261154162
tripura,2020,1,8080,2020-Q1,1129990,2057977801.94,314602,1614.0,1821.2354108797424,513.0291606537784,194.92069392812888,3.591808062250081,6541.528032053197,700.1177199504338,8079.0,1017662.0,1684739442.05,283407.0,1413.0,0.1103784950209401,0.22154070271889736,0.1100713814408254,0.1422505307855626,0.5637467704191848
tripura,2020,2,8081,2020-Q2,1253367,2215013181.24,351939,1741.0,1767.2502796387648,494.68799990907513,202.1476163124641,3.561318864916932,6293.741759907256,719.9121194715681,8080.0,1129990.0,2057977801.94,314602.0,1614.0,0.10918415207214216,0.07630567207866212,0.11868011010737378,0.0786864931846345,0.5922221191822465
tripura,2020,3,8082,2020-Q3,1676998,3165287940.75,395067,1801.0,1887.472698685389,455.8720419574401,219.35980011104942,4.244844545355598,8012.028189522283,931.1482509716824,8081.0,1253367.0,2215013181.24,351939.0,1741.0,0.33799437834249657,0.429015397090333,0.1225439635845984,0.034462952326249185,0.9050842066399705
tripura,2020,4,8083,2020-Q4,1967767,3877627429.55,431153,1980.0,1970.5724455944226,459.23372909384835,217.7540404040404,4.563964532312196,8993.622750044648,993.8217171717172,8082.0,1676998.0,3165287940.75,395067.0,1801.0,0.17338661107526665,0.22504729494884912,0.09134146866227755,0.09938922820655183,0.9336154833333661
tripura,2021,1,8084,2021-Q1,2012544,4367162381.68,458876,2294.0,2169.971131900719,499.9171889573654,200.03312990409765,4.385812289158727,9517.086057409846,877.3077593722755,8083.0,1967767.0,3877627429.55,431153.0,1980.0,0.022755234740698516,0.12624599991206753,0.06429968015994314,0.1585858585858586,0.781028150691599
tripura,2021,2,8085,2021-Q2,2428946,4660359423.35,485926,4022.0,1918.6755997663186,827.6980445582249,120.81700646444556,4.998592378263357,9590.677229351795,603.9149676777722,8084.0,2012544.0,4367162381.68,458876.0,2294.0,0.20690330248680278,0.0671367391558293,0.05894838692805893,0.7532693984306889,0.9379367735068818
tripura,2021,3,8086,2021-Q3,2876416,5802800784.25,514890,6525.0,2017.3718906618515,1267.2609683621745,78.9103448275862,5.586467012371575,11269.981518868108,440.83003831417625,8085.0,2428946.0,4660359423.35,485926.0,4022.0,0.1842239391077447,0.2451401827884725,0.05960578359667923,0.622327200397812,0.7152173109329887
tripura,2021,4,8087,2021-Q4,2997566,6336990350.01,544397,9671.0,2114.0453120998836,1776.4609283298769,56.291696825560955,5.506213296546454,11640.384406986079,309.9540895460656,8086.0,2876416.0,5802800784.25,514890.0,6525.0,0.04211838621395514,0.09205719541672042,0.05730738604362107,0.4821455938697319,0.5233338093381992
tripura,2022,1,8088,2022-Q1,3841505,8167021603.85,573074,12351.0,2125.9953075292105,2155.2190467548694,46.3989960327099,6.7033315069258075,14251.251328536979,311.02785199578983,8087.0,2997566.0,6336990350.01,544397.0,9671.0,0.28154142394195825,0.2887855516202755,0.05267663120847477,0.27711715437907136,0.9087806279017998
tripura,2022,2,8089,2022-Q2,4598026,8963681349.51,603260,15494.0,1949.462954213395,2568.3784769419485,38.93507164063509,7.621963995623777,14858.736447816862,296.761714211953,8088.0,3841505.0,8167021603.85,573074.0,12351.0,0.19693349351361,0.0975459334262625,0.052673825718842604,0.2544733219982187,0.8930128541350857
tripura,2022,3,8090,2022-Q3,5814252,11009012067.58,636726,20339.0,1893.4528581802097,3194.3096402534215,31.305668911942572,9.131481987542521,17290.03066873349,285.8671517773735,8089.0,4598026.0,8963681349.51,603260.0,15494.0,0.26451046601302375,0.22817976658460837,0.05547525113549723,0.3127016909771525,1.0213529614631542
tripura,2022,4,8091,2022-Q4,6360774,11623038234.73,668667,23805.0,1827.299356136533,3560.0680159182375,28.08935097668557,9.51261838852523,17382.401456524698,267.2032766225583,8090.0,5814252.0,11009012067.58,636726.0,20339.0,0.09399695782019779,0.05577486548118338,0.05016443493747702,0.17041152465706277,1.1219796328087521
tripura,2023,1,8092,2023-Q1,7564973,13869349810.24,699295,26411.0,1833.3640860634928,3776.8037809508146,26.47741471356632,10.817999556696387,19833.33187029794,286.4326606338268,8091.0,6360774.0,11623038234.73,668667.0,23805.0,0.18931642595696685,0.1932637172953584,0.045804563407495724,0.109472799831968,0.9692732405658719
tripura,2023,2,8093,2023-Q2,8518239,14533054884.91,731619,28521.0,1706.1102517680004,3898.340529701935,25.65194067529189,11.642998609932219,19864.239289725938,298.66550962448724,8092.0,7564973.0,13869349810.24,699295.0,26411.0,0.126010496005736,0.047854087159873604,0.046223696723128205,0.07989095452652295,0.8525860880299503
tripura,2023,3,8094,2023-Q3,9631541,15862091659.47,768145,32375.0,1646.890322064766,4214.699047705837,23.726486486486486,12.538701677417675,20649.866443796418,297.49933590733593,8093.0,8518239.0,14533054884.91,731619.0,28521.0,0.13069626245518595,0.09144923659099158,0.049924892601203696,0.13512850180568714,0.6565399986103113
tripura,2023,4,8095,2023-Q4,10707618,17538263497.05,809084,35430.0,1637.9239058630967,4379.026157976181,22.83612757550099,13.234247618294269,21676.69055011593,302.218966977138,8094.0,9631541.0,15862091659.47,768145.0,32375.0,0.11172428171151427,0.10567155161906339,0.05329592720124454,0.09436293436293441,0.6833828713298098
tripura,2024,1,8096,2024-Q1,11581499,18535441026.61,858086,37140.0,1600.4354036217592,4328.237496008559,23.104092622509423,13.496897746845887,21600.91299311491,311.8335756596661,8095.0,10707618.0,17538263497.05,809084.0,35430.0,0.08161301607883287,0.05685725555028465,0.06056478684537092,0.04826418289585099,0.5309372551627085
tripura,2024,2,8097,2024-Q2,13492767,18847582110.32,910150,38797.0,1396.865602905616,4262.703949898369,23.459288089285256,14.824772839641817,20708.215250585068,347.7786169033688,8096.0,11581499.0,18535441026.61,858086.0,37140.0,0.1650276876939678,0.016840229658516392,0.060674571080288064,0.04461497038233708,0.5839854927761476
tripura,2024,3,8098,2024-Q3,14575406,20044092205.04,958718,40877.0,1375.1995796919825,4263.7146689641795,23.453727034762824,15.20301694554603,20907.182513564992,356.5674095457103,8097.0,13492767.0,18847582110.32,910150.0,38797.0,0.08023847147141883,0.06348347961645717,0.05336263253309892,0.05361239271077656,0.5132994813602516
tripura,2024,4,8099,2024-Q4,16034582,22499864071.52,995320,43371.0,1403.2086443862397,4357.493067556163,22.94897512162505,16.109976690913474,22605.658553550616,369.70745428973277,8098.0,14575406.0,20044092205.04,958718.0,40877.0,0.10011220270639454,0.12251848780971519,0.038178066960253165,0.061012305208307804,0.49749290645221
tripura,2025,1,8100,2025-Q1,18622077,25016887005.83,1032353,45840.0,1343.3993966317507,4440.341627330961,22.52078970331588,18.038478117465633,24232.88061915837,406.2407722513089,8099.0,16034582.0,22499864071.52,995320.0,43371.0,0.16136965715726181,0.11186836179583914,0.037207129365430136,0.05692743999446637,0.6079159528485907
tripura,2025,2,8101,2025-Q2,18753226,23151519446.56,1069043,47515.0,1234.5352979034114,4444.629448955749,22.499063453646215,17.542068934551743,21656.303297959017,394.6801220667158,8100.0,18622077.0,25016887005.83,1032353.0,45840.0,0.007042662319568294,-0.0745643356359762,0.03554016891509004,0.036540139616055844,0.3898725146591504
tripura,2025,3,8102,2025-Q3,20791893,25461605416.51,1109299,49397.0,1224.5929418985563,4452.992385281155,22.456809117962628,18.74327210247192,22952.878724771228,420.914083851246,8101.0,18753226.0,23151519446.56,1069043.0,47515.0,0.1087102027139224,0.09978118176140893,0.037656109249113445,0.03960854467010422,0.42650523765855985
tripura,2025,4,8103,2025-Q4,20913736,25744145782.64,1151875,51531.0,1230.96828718886,4473.66250678242,22.353049620616716,18.156254801953338,22349.773875325012,405.84766451262345,8102.0,20791893.0,25461605416.51,1109299.0,49397.0,0.005860120576803629,0.011096722359337008,0.038380995565667986,0.0432010041095614,0.3042894414085755
tripura,2026,1,8104,2026-Q1,22097250,27676418661.49,1191907,52868.0,1252.482488159839,4435.580963951046,22.544961035030642,18.539407856485447,23220.28368110096,417.97022773700536,8103.0,20913736.0,25744145782.64,1151875.0,51531.0,0.05659027158036234,0.07505678747954381,0.03475377102550192,0.02594554734043575,0.18661575720044543
tripura,2026,2,8105,2026-Q2,22862994,26743110330.74,1242083,55157.0,1169.7116454100458,4440.685525846501,22.519045633373825,18.40697763353979,21530.856094753733,414.5075693021738,8104.0,22097250.0,27676418661.49,1191907.0,52868.0,0.03465336184366841,-0.033722149609213714,0.04209724416418403,0.043296512067791504,0.21914992119222587
uttar pradesh,2018,1,8072,2018-Q1,14786466,15841767520.71,4921602,24.0,1071.3694212471053,0.48764609572249035,205066.75,3.0044010060138953,3218.8233670073278,616102.75,,,,,,,,,,
uttar pradesh,2018,2,8073,2018-Q2,20337966,28765798204.42,6777728,342.0,1414.3891382461745,5.045938698041586,19817.918128654972,3.0007055461653227,4244.165331571287,59467.73684210526,8072.0,14786466.0,15841767520.71,4921602.0,24.0,0.37544468029074696,0.8158199940009452,0.37713858211208473,13.25,
uttar pradesh,2018,3,8074,2018-Q3,29327534,40693763120.76,8443146,5805.0,1387.5617063732668,68.75399288369525,1454.4609819121447,3.473531548548373,4819.739362645157,5052.1161068044785,8073.0,20337966.0,28765798204.42,6777728.0,342.0,0.44200919600317956,0.41465788056968345,0.24571921446242762,15.973684210526315,
uttar pradesh,2018,4,8075,2018-Q4,40312896,60754036465.71,10830097,44207.0,1507.0620693117655,408.18655640849755,244.98602031352502,3.7223023948908307,5609.740749848316,911.9120501278078,8074.0,29327534.0,40693763120.76,8443146.0,5805.0,0.3745750324592583,0.4929569498259603,0.28270872018558,6.615331610680448,
uttar pradesh,2019,1,8076,2019-Q1,64046373,84430169656.88,13103108,234825.0,1318.2662140271395,1792.1320651558394,55.799459171723626,4.88787644885473,6443.522380864143,272.74086234429893,8075.0,40312896.0,60754036465.71,10830097.0,44207.0,0.5887316306920742,0.38970469401704655,0.20987909895913215,4.311941547718687,3.331418541793556
uttar pradesh,2019,2,8077,2019-Q2,67580108,110293020020.75,15042257,480618.0,1632.0337934462905,3195.118923975305,31.29773957696133,4.492684043358653,7332.212182038241,140.61085519060876,8076.0,64046373.0,84430169656.88,13103108.0,234825.0,0.055174631044290434,0.3063223782325124,0.1479915299484671,1.0467071223251359,2.3228548026877416
uttar pradesh,2019,3,8078,2019-Q3,76672707,123828842522.57,16953678,671645.0,1615.0315720895312,3961.6477321322254,25.24202219922727,4.522482201207313,7303.951539162771,114.15659611848521,8077.0,67580108.0,110293020020.75,15042257.0,480618.0,0.13454549377162883,0.12272601202935096,0.12707009327124252,0.39746118539047637,1.6143591547792595
uttar pradesh,2019,4,8079,2019-Q4,97385189,162877433940.0,18919521,828695.0,1672.5072427594714,4380.105606267727,22.830499761673476,5.147339036754683,8608.961819910768,117.51632265188037,8078.0,76672707.0,123828842522.57,16953678.0,671645.0,0.270141525067062,0.3153432643151186,0.1159537771096042,0.23382888281755987,1.4157328959943736
uttar pradesh,2020,1,8080,2020-Q1,108112889,190863464183.67,21194763,979673.0,1765.4089715766454,4622.2408809194985,21.63452805170705,5.100924648225602,9005.218137313921,110.35609739168069,8079.0,97385189.0,162877433940.0,18919521.0,828695.0,0.11015740802228158,0.17182263722290325,0.12025896427293281,0.18218765649605695,0.6880407732066265
uttar pradesh,2020,2,8081,2020-Q2,110306561,195404454299.57,23606047,1043964.0,1771.4671958594558,4422.443113834349,22.611935852194136,4.672809513596241,8277.72876583572,105.66126897096069,8080.0,108112889.0,190863464183.67,21194763.0,979673.0,0.02029056868510848,0.023791824880272205,0.11376791521565965,0.06562495853208161,0.632234162750968
uttar pradesh,2020,3,8082,2020-Q3,141565257,273741446015.28,26045233,1242714.0,1933.6767496228258,4771.368334466426,20.958348421277943,5.435361511260045,10510.232180118335,113.91620034859187,8081.0,110306561.0,195404454299.57,23606047.0,1043964.0,0.2833802061873727,0.40089665302927724,0.10332886315103917,0.1903801280503925,0.8463578832556413
uttar pradesh,2020,4,8083,2020-Q4,191598396,380442192615.84,28545839,1586664.0,1985.6230561337268,5558.302209999853,17.991105237151658,6.711955322104913,13327.413239310992,120.75549454704966,8082.0,141565257.0,273741446015.28,26045233.0,1242714.0,0.3534280942957635,0.38978659663617066,0.09601012208260906,0.27677325595430635,0.9674284967501579
uttar pradesh,2021,1,8084,2021-Q1,227417493,433880828404.02,30976739,2059413.0,1907.8603966671114,6648.256293214079,15.04153804992005,7.341556934059457,14006.665724368857,110.4283079693097,8083.0,191598396.0,380442192615.84,28545839.0,1586664.0,0.18694883541718177,0.1404645352839211,0.08515777027958427,0.29795155117907757,1.1035187858128555
uttar pradesh,2021,2,8085,2021-Q2,273728175,536955159535.71,33211904,2328409.0,1961.6364283132712,7010.766380632679,14.263775822890222,8.241869391167697,16167.551235114675,117.56017735715676,8084.0,227417493.0,433880828404.02,30976739.0,2059413.0,0.2036372901182233,0.2375636911887462,0.07215623955768868,0.13061780225724506,1.4815221553321747
uttar pradesh,2021,3,8086,2021-Q3,350675338,627645749576.75,35903262,2857565.0,1789.8200459615725,7959.067897507474,12.56428532684296,9.76722778002734,17481.580074165686,122.71823668053045,8085.0,273728175.0,536955159535.71,33211904.0,2328409.0,0.2811079385598505,0.16889788361370361,0.08103594422048199,0.22726076045918053,1.4771285372653264
uttar pradesh,2021,4,8087,2021-Q4,400725104,752059552950.35,38739893,3413744.0,1876.7467908632696,8811.960322141313,11.348212695503822,10.343990986242527,19413.05188814925,117.38580983225455,8086.0,350675338.0,627645749576.75,35903262.0,2857565.0,0.14272394028461743,0.19822296806358985,0.0790076121774117,0.19463389284233257,1.0914846489633452
uttar pradesh,2022,1,8088,2022-Q1,521369445,955324276610.65,41701425,4069314.0,1832.3365240758403,9758.213298466419,10.247777635247612,12.50243714693203,22908.6722242861,128.12219578041902,8087.0,400725104.0,752059552950.35,38739893.0,3413744.0,0.3010650937406707,0.27027743064081444,0.07644657149672551,0.1920384188152362,1.2925652645374996
uttar pradesh,2022,2,8089,2022-Q2,655438792,1150071386489.69,44364283,4486248.0,1754.6587118842517,10112.296867279474,9.88895018732803,14.774019722126468,25923.362414978958,146.09954509871054,8088.0,521369445.0,955324276610.65,41701425.0,4069314.0,0.25714845448988677,0.20385445512802636,0.06385532388881199,0.10245805558381593,1.3944878600823607
uttar pradesh,2022,3,8090,2022-Q3,775761504,1224796014974.34,47337748,4865043.0,1578.830618249317,10277.301319868448,9.730180802101852,16.38779909851225,25873.558982449696,159.45624817704592,8089.0,655438792.0,1150071386489.69,44364283.0,4486248.0,0.18357581740447237,0.06497390454407248,0.06702384889213686,0.08443469910713808,1.212192931571367
uttar pradesh,2022,4,8091,2022-Q4,890097755,1446927383901.77,50213564,5262234.0,1625.582556268519,10479.706240329804,9.542252206952408,17.726241359804693,28815.468742704063,169.1482657365674,8090.0,775761504.0,1224796014974.34,47337748.0,4865043.0,0.14738582722970484,0.1813619298329312,0.06075100995509963,0.08164182721509339,1.2212178526254744
uttar pradesh,2023,1,8092,2023-Q1,1011060339,1635880038405.16,53046420,5259389.0,1617.9845804486254,9914.691698327615,10.086042314040661,19.059916559873407,30838.651098512582,192.2391249249675,8091.0,890097755.0,1446927383901.77,50213564.0,5262234.0,0.13589808908123802,0.13058889935019558,0.05641615082331142,-0.000540644904806542,0.9392397247214976
uttar pradesh,2023,2,8093,2023-Q2,1220844008,1835097474392.21,55590099,5399393.0,1503.1383717879623,9712.86811343869,10.295620081738818,21.961536855690795,33011.228751224386,226.10763987729732,8092.0,1011060339.0,1635880038405.16,53046420.0,5259389.0,0.20748877283376466,0.12177997854981437,0.04795194473067177,0.026619822188471032,0.8626361803742615
uttar pradesh,2023,3,8094,2023-Q3,1361433436,1863230615478.42,58422771,5617414.0,1368.580032052643,9615.110519150145,10.400296470938407,23.303130144237766,31892.198599727835,242.35946220093444,8093.0,1220844008.0,1835097474392.21,55590099.0,5399393.0,0.11515756892669282,0.015330597681481706,0.05095641222009695,0.0403787981352719,0.7549639018952918
uttar pradesh,2023,4,8095,2023-Q4,1577265501,2264890592908.51,61516010,5820508.0,1435.9602688783527,9461.777511252762,10.568838664941273,25.639918795123418,36817.90468706455,270.9841651278548,8094.0,1361433436.0,1863230615478.42,58422771.0,5617414.0,0.15853295452632032,0.21557179991214137,0.05294577691290958,0.03615435857139948,0.7720137952712847
uttar pradesh,2024,1,8096,2024-Q1,1794266530,2483961606826.37,64960422,6019346.0,1384.3883087014783,9266.1744100123,10.791940187522034,27.620918626421485,38238.076822012794,298.0833017407539,8095.0,1577265501.0,2264890592908.51,61516010.0,5820508.0,0.13758053343740761,0.09672476657538476,0.055992123026184615,0.03416162300610193,0.7746384273906328
uttar pradesh,2024,2,8097,2024-Q2,2144136082,2705836943014.72,68189228,6248571.0,1261.97071432648,9163.57492711312,10.912771576093158,31.44391196216505,39681.29604011238,343.1402287018904,8096.0,1794266530.0,2483961606826.37,64960422.0,6019346.0,0.19499307719907133,0.08932317455253624,0.04970420296838585,0.03808137960502678,0.7562735844627253
uttar pradesh,2024,3,8098,2024-Q3,2285132385,2715325163720.84,71327157,6485244.0,1188.2572675196845,9092.25079586447,10.998376776571552,32.03734006950536,38068.60216958934,352.358737003573,8097.0,2144136082.0,2705836943014.72,68189228.0,6248571.0,0.06575902722950389,0.0035065751950109636,0.04601795755775395,0.03787634004638818,0.6784752927134661
uttar pradesh,2024,4,8099,2024-Q4,2542936824,3210878904579.13,74136023,6724830.0,1262.665621212118,9070.934382331245,11.024222619753957,34.300960870264106,43310.644065424574,378.141428705261,8098.0,2285132385.0,2715325163720.84,71327157.0,6485244.0,0.11281816348683882,0.18250254057205706,0.03938003585366512,0.036943251479820916,0.6122439896059071
uttar pradesh,2025,1,8100,2025-Q1,2618333992,3288600991414.5,77043398,6931337.0,1255.9898780913431,8996.66574934818,11.1152289955026,33.985183156121956,42685.046049169585,377.7530932343933,8099.0,2542936824.0,3210878904579.13,74136023.0,6724830.0,0.029649642605513726,0.02420586049649165,0.039216765107564555,0.030708136859965318,0.45927817758490996
uttar pradesh,2025,2,8101,2025-Q2,2874104324,3364968247717.47,79721010,7118781.0,1170.7884851703352,8929.6171736911,11.198688370944408,36.05203100161425,42209.302763693915,403.7354603267048,8100.0,2618333992.0,3288600991414.5,77043398.0,6931337.0,0.09768437975501798,0.02322180662912321,0.03475459376804735,0.027042978865404965,0.34044865348243314
uttar pradesh,2025,3,8102,2025-Q3,2995994617,3220415579009.78,82795120,7328300.0,1074.9069977417053,8851.125525272504,11.297998171472237,36.185642547531785,38896.2003921219,408.82532333556213,8101.0,2874104324.0,3364968247717.47,79721010.0,7118781.0,0.04240983599035153,-0.04295810779366005,0.03856085114827312,0.02943186480943849,0.3110814220945015
uttar pradesh,2025,4,8103,2025-Q4,3206270064,3696522346306.78,85800260,7586405.0,1152.9042384206284,8841.937075715156,11.309738934317375,37.3690017256358,43082.88047503329,422.63365375299634,8102.0,2995994617.0,3220415579009.78,82795120.0,7328300.0,0.07018552229928798,0.14784016398386512,0.03629610054312371,0.03522031030389039,0.2608532126081635
uttar pradesh,2026,1,8104,2026-Q1,3294478040,3761378430097.71,88629936,7724417.0,1141.7221133147118,8715.358882804563,11.473996807784976,37.17116573343797,42439.141895552195,426.5018369671135,8103.0,3206270064.0,3696522346306.78,85800260.0,7586405.0,0.027511087412878554,0.017545162105060186,0.032979806821098245,0.01819201584940422,0.2582344536892067
uttar pradesh,2026,2,8105,2026-Q2,3665306240,3938705461574.02,90563992,7866204.0,1074.5910992621507,8685.796447665425,11.5130489877964,40.472003928448736,43490.8551908138,465.9561638625187,8104.0,3294478040.0,3761378430097.71,88629936.0,7724417.0,0.11256053174359604,0.04714416131527166,0.021821701417002126,0.01835568949734334,0.27528642902525347
uttarakhand,2018,1,8072,2018-Q1,1451113,1711189177.22,499946,,1179.2253099655231,,,2.9025394742632202,3422.7480112252124,,,,,,,,,,,
uttarakhand,2018,2,8073,2018-Q2,1963467,3023055876.68,673206,,1539.6519914416692,,,2.9165916524808155,4490.536145964236,,8072.0,1451113.0,1711189177.22,499946.0,,0.35307656950216826,0.7666403673679494,0.3465574282022459,,
uttarakhand,2018,3,8074,2018-Q3,2523526,4119317467.98,835826,10.0,1632.3657723280837,1.1964212647129906,83582.6,3.019200168456114,4928.439014794945,252352.6,8073.0,1963467.0,3023055876.68,673206.0,,0.2852398334171138,0.3626335853586484,0.24156053273440814,,
uttarakhand,2018,4,8075,2018-Q4,3625698,6268906600.52,1050477,102.0,1729.0206190697627,9.709874656941562,10298.79411764706,3.451477757247422,5967.676208541454,35546.05882352941,8074.0,2523526.0,4119317467.98,835826.0,10.0,0.4367587256877876,0.5218313832932375,0.25681302089190816,9.2,
uttarakhand,2019,1,8076,2019-Q1,6519708,8342691139.59,1272751,7020.0,1279.6111635045618,551.5611458957801,181.30356125356124,5.122532215649408,6554.849408556741,928.7333333333333,8075.0,3625698.0,6268906600.52,1050477.0,102.0,0.7981938925966807,0.33080482310870307,0.21159339995068915,67.82352941176471,3.4929016554878913
uttarakhand,2019,2,8077,2019-Q2,6345096,10996460352.93,1468181,19747.0,1733.0644568545536,1344.9976535590638,74.34957208689927,4.32173962202208,7489.8533307065,321.3194915683395,8076.0,6519708.0,8342691139.59,1272751.0,7020.0,-0.026782181042463882,0.3180951049172389,0.1535492802598466,1.8129629629629629,2.2315776124579636
uttarakhand,2019,3,8078,2019-Q3,6691016,12093509975.5,1653220,28981.0,1807.425057046643,1753.0032300601251,57.044960491356406,4.047262917216099,7315.124409032071,230.87595321072428,8077.0,6345096.0,10996460352.93,1468181.0,19747.0,0.054517693664524636,0.0997638865016861,0.12603282565296792,0.46761533397478106,1.6514551464894756
uttarakhand,2019,4,8079,2019-Q4,8590151,15233913544.56,1825409,39058.0,1773.4162699305284,2139.6848596670666,46.735854370423475,4.705877422539277,8345.479585429895,219.93320190485943,8078.0,6691016.0,12093509975.5,1653220.0,28981.0,0.2838335762461186,0.2596767667469644,0.10415371214962321,0.3477105689934785,1.3692406262187307
uttarakhand,2020,1,8080,2020-Q1,9726841,16698596159.68,2023901,48320.0,1716.7543048848029,2387.4685570094584,41.885368377483445,4.805986557642889,8250.698112051923,201.30051738410597,8079.0,8590151.0,15233913544.56,1825409.0,39058.0,0.13232479848142376,0.09614618140215425,0.10873837041452084,0.23713451789646167,0.49191359490333
uttarakhand,2020,2,8081,2020-Q2,9154035,15661272266.92,2234769,52918.0,1710.85999419054,2367.9404895987013,42.23079103518651,4.096188465116529,7008.004973632622,172.98527911107752,8080.0,9726841.0,16698596159.68,2023901.0,48320.0,-0.05888921182118634,-0.06212042514476135,0.10418889066214199,0.09515728476821184,0.4426944840550875
uttarakhand,2020,3,8082,2020-Q3,12900421,23631778724.12,2456247,65658.0,1831.8610473348117,2673.1025014992383,37.40971397240245,5.252086211199444,9621.092147540536,196.47904291937007,8081.0,9154035.0,15661272266.92,2234769.0,52918.0,0.4092606156738532,0.5089309681458916,0.09910554513687986,0.24074983937412608,0.9280212452040169
uttarakhand,2020,4,8083,2020-Q4,18918942,33134968485.44,2685323,85892.0,1751.4176260723248,3198.5723877537266,31.26394774833512,7.045313357089631,12339.285994809563,220.2643086666977,8082.0,12900421.0,23631778724.12,2456247.0,65658.0,0.4665367897683339,0.4021360335276192,0.09326260754720517,0.3081726522282129,1.2023992360553382
uttarakhand,2021,1,8084,2021-Q1,21980872,37055782980.03,2888932,124324.0,1685.8195152599042,4303.458856075533,23.237122357710497,7.608649840148539,12826.810385301558,176.80312731250604,8083.0,18918942.0,33134968485.44,2685323.0,85892.0,0.16184467397806923,0.11832860189116712,0.07582290845458806,0.44744562939505417,1.259816110903838
uttarakhand,2021,2,8085,2021-Q2,25376378,41298099649.73,3083983,148562.0,1627.4229383614163,4817.212027433355,20.758895276046363,8.228442893491955,13391.156711865793,170.81338431092743,8084.0,21980872.0,37055782980.03,2888932.0,124324.0,0.15447549123619853,0.11448460479127531,0.06751664629004761,0.19495833467391654,1.7721521711463852
uttarakhand,2021,3,8086,2021-Q3,33180604,52164580069.14,3295762,185660.0,1572.140762390582,5633.295122645385,17.751599698373372,10.067657798105568,15827.775206201175,178.71703113217708,8085.0,25376378.0,41298099649.73,3083983.0,148562.0,0.3075390033991454,0.26312301320336995,0.06867061199753688,0.24971392415287896,1.5720559042220406
uttarakhand,2021,4,8087,2021-Q4,36913646,57949052739.96,3503291,226561.0,1569.854485248084,6467.0905157464795,15.462904030261166,10.536848352021,16541.31864579905,162.93027484871624,8086.0,33180604.0,52164580069.14,3295762.0,185660.0,0.11250675243886454,0.11088889555236792,0.0629684425028263,0.22030054939136057,0.951147479600075
uttarakhand,2022,1,8088,2022-Q1,45265588,69248100029.0,3709608,269957.0,1529.8177509369812,7277.237918400004,13.741477346392204,12.202256410919968,18667.228458909944,167.67703004552578,8087.0,36913646.0,57949052739.96,3503291.0,226561.0,0.226256219718854,0.19498243292678552,0.05889233866099053,0.1915422336589263,1.0593172099814785
uttarakhand,2022,2,8089,2022-Q2,60660502,88219812501.76,3904801,302643.0,1454.3205148839684,7750.53581475727,12.902333772795009,15.534851071795977,22592.652609380093,200.43583363897397,8088.0,45265588.0,69248100029.0,3709608.0,269957.0,0.34010193350410023,0.27396726357567847,0.05261822812545147,0.12107854213819236,1.3904318417703267
uttarakhand,2022,3,8090,2022-Q3,68009292,92527276762.6,4107474,329037.0,1360.509336909433,8010.689781603,12.48331950510125,16.557449176793327,22526.56420043073,206.69192826338679,8089.0,60660502.0,88219812501.76,3904801.0,302643.0,0.12114621141776905,0.04882649530403471,0.05190354130722663,0.08721166522932955,1.0496701024490092
uttarakhand,2022,4,8091,2022-Q4,75301900,102012862486.52,4296902,351700.0,1354.718307061575,8184.9667504634735,12.217520614159795,17.52469569936666,23741.026089615265,214.10833096388967,8090.0,68009292.0,92527276762.6,4107474.0,329037.0,0.10722958268702465,0.10251664218171519,0.04611788169566022,0.06887675246248892,1.0399475034246142
uttarakhand,2023,1,8092,2023-Q1,80316638,106914144085.76,4480029,354593.0,1331.158110549398,7914.971086124666,12.634284940763072,17.92770493226718,23864.609824123905,226.50373244818707,8091.0,75301900.0,102012862486.52,4296902.0,351700.0,0.06659510583398287,0.04804572168424004,0.04261837947432823,0.008225760591413112,0.7743420896244626
uttarakhand,2023,2,8093,2023-Q2,104119321,133676491393.39,4650851,367202.0,1283.8778634888524,7895.37226627987,12.665647245930034,22.387154737917857,28742.372394512317,283.54780475051876,8092.0,80316638.0,106914144085.76,4480029.0,354593.0,0.29636054985269666,0.2503162470829199,0.03812966389280059,0.03555907759036425,0.7164269593416817
uttarakhand,2023,3,8094,2023-Q3,106784950,128515385224.72,4823928,379354.0,1203.4971709470296,7864.006262116682,12.716164848663782,22.13651406074054,26641.232046730383,281.4915619711404,8093.0,104119321.0,133676491393.39,4650851.0,367202.0,0.02560167483228204,-0.03860892902613389,0.037214049643817804,0.033093501669380965,0.5701523550634817
uttarakhand,2023,4,8095,2023-Q4,119107620,148205383109.24,4999454,391364.0,1244.2980819299385,7828.13483232369,12.77443505278973,23.82412559451492,29644.313780912875,304.33974509663636,8094.0,106784950.0,128515385224.72,4823928.0,379354.0,0.11539706672148098,0.15321121163890505,0.03638652981553614,0.03165908360001479,0.5817345910262557
uttarakhand,2024,1,8096,2024-Q1,123880004,150315536371.21,5206546,403865.0,1213.3962828352023,7756.869909533115,12.891798001807535,23.79312580739707,28870.49041172593,306.73617174055687,8095.0,119107620.0,148205383109.24,4999454.0,391364.0,0.0400678310925866,0.014238033853430476,0.0414229233832335,0.031942130599646346,0.542395288009939
uttarakhand,2024,2,8097,2024-Q2,159360860,180260957246.19,5419938,417986.0,1131.1495008635748,7712.007037718881,12.96679314618193,29.402709034678995,33258.85964861406,381.25884599005707,8096.0,123880004.0,150315536371.21,5206546.0,403865.0,0.2864131002126864,0.19921707095551744,0.04098532885333195,0.03496465403043092,0.5305599236476004
uttarakhand,2024,3,8098,2024-Q3,159497485,173415603155.37,5624430,430448.0,1087.262304828004,7653.184411575929,13.066456343158755,28.35798205329251,30832.56492753399,370.5383344794261,8097.0,159360860.0,180260957246.19,5419938.0,417986.0,0.0008573309657089467,-0.037974690667325284,0.037729582884527435,0.02981439569746347,0.49363262332379243
uttarakhand,2024,4,8099,2024-Q4,171212380,194796895719.51,5801849,441710.0,1137.7500605943917,7613.262599560933,13.134973172443459,29.50996828769587,33574.96820746455,387.61264177854247,8098.0,159497485.0,173415603155.37,5624430.0,430448.0,0.07344877569699615,0.12329509095547575,0.031544352049896585,0.02616343902167051,0.4374595009118645
uttarakhand,2025,1,8100,2025-Q1,175355250,193302070369.78,5979871,450722.0,1102.3454978951586,7537.319784992017,13.267315551492938,29.324252981377022,32325.458253159642,389.0541176157365,8099.0,171212380.0,194796895719.51,5801849.0,441710.0,0.024197257231048264,-0.007673763712756632,0.030683666534582432,0.020402526544565536,0.4155250592339341
uttarakhand,2025,2,8101,2025-Q2,202578174,215937765623.94,6152816,459615.0,1065.9478331754535,7469.994227033605,13.386891202419417,32.92446483041261,35095.76194443975,440.75622858261806,8100.0,175355250.0,193302070369.78,5979871.0,450722.0,0.15524441954261414,0.11710011802180254,0.028921192447127986,0.01973056562581821,0.2711915209292921
uttarakhand,2025,3,8102,2025-Q3,197711630,198250402920.42,6335256,468380.0,1002.7250441484905,7393.2292554555015,13.525889235236347,31.208151651645963,31293.195242689486,422.11800247662154,8101.0,202578174.0,215937765623.94,6152816.0,459615.0,-0.02402304208744621,-0.08190953839136639,0.02965146365501581,0.019070308845446693,0.23959089386268384
uttarakhand,2025,4,8103,2025-Q4,203745180,220079294173.83,6515385,477700.0,1080.1693280490365,7331.876780880945,13.63907263973205,31.271395320460726,33778.40207045784,426.5128323215407,8102.0,197711630.0,198250402920.42,6335256.0,468380.0,0.030516920021346206,0.11010767661426812,0.028432789456337648,0.01989837311584619,0.19001429686334603
uttarakhand,2026,1,8104,2026-Q1,204739014,217602962797.85,6690656,484584.0,1062.8309599940244,7242.697875963134,13.807009723804335,30.600738402930894,32523.412173313052,422.5046926848596,8103.0,203745180.0,220079294173.83,6515385.0,477700.0,0.004877828275495988,-0.01125199617381567,0.02690109640489391,0.0144107180238644,0.16756706172184743
uttarakhand,2026,2,8105,2026-Q2,247026782,255234602776.52,6755122,493992.0,1033.2264409148963,7312.850900398246,13.67455748271227,36.56881134049097,37783.86278982378,500.062312750004,8104.0,204739014.0,217602962797.85,6690656.0,484584.0,0.20654474774407183,0.17293716728310016,0.009635228593429357,0.0194145906592047,0.21941459498001015
west bengal,2018,1,8072,2018-Q1,10151521,7623652076.7,2576622,29.0,750.9861898231802,1.125504633586145,88849.03448275862,3.939856525326571,2958.7778404049955,350052.4482758621,,,,,,,,,,
west bengal,2018,2,8073,2018-Q2,16783697,14426440347.68,3795442,153.0,859.5508097935752,4.0311510490741265,24806.81045751634,4.422066520842632,3800.990858951342,109697.36601307189,8072.0,10151521.0,7623652076.7,2576622.0,29.0,0.653318453461309,0.892326696252471,0.4730301922439535,4.275862068965517,
west bengal,2018,3,8074,2018-Q3,54031451,38668036734.0,4790914,387.0,715.6579365969646,8.077790584427104,12379.622739018088,11.27790041733164,8071.118941813608,139616.15245478036,8073.0,16783697.0,14426440347.68,3795442.0,153.0,2.2192818423735843,1.6803588274094539,0.2622809148447005,1.5294117647058822,
west bengal,2018,4,8075,2018-Q4,33555072,33751269225.91,6251947,2273.0,1005.8470214550575,36.35667416886292,2750.5266168059834,5.367139548687793,5398.5213287812585,14762.460184777827,8074.0,54031451.0,38668036734.0,4790914.0,387.0,-0.378971480888048,-0.1271532749881451,0.30495913723352164,4.873385012919897,
west bengal,2019,1,8076,2019-Q1,43101342,42921381534.94,7438601,160231.0,995.8247131827126,2154.047515117426,46.42423126610955,5.794280671862895,5770.087888158002,268.99502593131166,8075.0,33555072.0,33751269225.91,6251947.0,2273.0,0.28449558981724143,0.27169681375983146,0.18980551178696814,69.49318081830181,3.2458013927174063
west bengal,2019,2,8077,2019-Q2,44580900,54718845209.55,8602074,408272.0,1227.4055752474715,4746.204229352131,21.06946839361994,5.182575736967619,6361.12235369633,109.19411568758083,8076.0,43101342.0,42921381534.94,7438601.0,160231.0,0.03432742303012293,0.27486216083250525,0.15641019057212513,1.5480212942564173,1.6562026232956897
west bengal,2019,3,8078,2019-Q3,60043951,66423789032.74,9692554,557605.0,1106.2528019307058,5752.92126306441,17.382473256158033,6.194853389519419,6853.0739197057865,107.68187336914124,8077.0,44580900.0,54718845209.55,8602074.0,408272.0,0.34685371986657954,0.21391065141022292,0.126769427930985,0.3657684092957636,0.11127778152765133
west bengal,2019,4,8079,2019-Q4,90948911,82930838431.0,10931174,667857.0,911.8398177521884,6109.654827560151,16.367536763109467,8.32014118520115,7586.636021986294,136.180216723041,8078.0,60043951.0,66423789032.74,9692554.0,557605.0,0.5147056362097158,0.2485111078219846,0.12779087947304713,0.19772419544301068,1.7104370689474306
west bengal,2020,1,8080,2020-Q1,63993554,91566525988.35,12052575,775932.0,1430.871084114972,6437.893977013211,15.533029956233278,5.309533771828842,7597.258344241791,82.47314713144966,8079.0,90948911.0,82930838431.0,10931174.0,667857.0,-0.2963791067272922,0.10413119800464887,0.10258742565071244,0.16182356402643072,0.4847230046804576
west bengal,2020,2,8081,2020-Q2,58763095,99278377224.58,13339774,813620.0,1689.468147050117,6099.203779614258,16.395582704456626,4.40510423939716,7442.283296896934,72.22425087878862,8080.0,63993554.0,91566525988.35,12052575.0,775932.0,-0.08173415403682693,0.08422129323996819,0.10679867165315304,0.048571266554285675,0.3181226713682317
west bengal,2020,3,8082,2020-Q3,78767654,147424950291.98,14612656,922488.0,1871.6432800192324,6312.93859240921,15.84048356184579,5.390372154110793,10088.85381904426,85.3861014994233,8081.0,58763095.0,99278377224.58,13339774.0,813620.0,0.34042725285317266,0.48496535110043637,0.09542005734130132,0.13380693689928957,0.3118332935818964
west bengal,2020,4,8083,2020-Q4,101265149,194248152966.42,15870777,1136123.0,1918.2132736151902,7158.584611200825,13.96924188666192,6.38060436486506,12239.359986371179,89.13220575589087,8082.0,78767654.0,147424950291.98,14612656.0,922488.0,0.28561844688176197,0.3176070440024237,0.08609803720829401,0.23158566832305683,0.11342893374501206
west bengal,2021,1,8084,2021-Q1,115001959,231129225939.19,16981214,1344929.0,2009.7851197403515,7920.0992343656935,12.626104426330311,6.772304912946742,13610.877640384839,85.50782903781538,8083.0,101265149.0,194248152966.42,15870777.0,1136123.0,0.13565190132688199,0.18986575887362833,0.06996739983177891,0.183788198989018,0.79708660969197
west bengal,2021,2,8085,2021-Q2,138748743,266671675321.52,18090085,1467960.0,1921.9754323937912,8114.72140678167,12.323281969535955,7.669877891673809,14741.316877257348,94.5180679310063,8084.0,115001959.0,231129225939.19,16981214.0,1344929.0,0.20649025639641505,0.15377739114516475,0.06529986607553506,0.09147769138742645,1.3611544456601545
west bengal,2021,3,8086,2021-Q3,175901327,344476718379.31,19374188,1640034.0,1958.3520161806966,8465.046380266363,11.813284358738905,9.079158672353133,17780.188691227213,107.25468313461793,8085.0,138748743.0,266671675321.52,18090085.0,1467960.0,0.2677687970117322,0.29176343143298666,0.07098380134753368,0.11721981525382152,1.233167018024937
west bengal,2021,4,8087,2021-Q4,189761882,385851696670.89,20723757,1841977.0,2033.3467006344827,8888.238749373484,11.25082289301115,9.156731667911373,18618.810125542874,103.02076627449746,8086.0,175901327.0,344476718379.31,19374188.0,1640034.0,0.07879733050564197,0.12010965062092005,0.06965809354177832,0.12313342284367268,0.8739110530514305
west bengal,2022,1,8088,2022-Q1,244077613,512176281443.31,21954680,2052296.0,2098.4156438931986,9347.874803914245,10.697618667092856,11.117338672210208,23328.797388224742,118.92904970822923,8087.0,189761882.0,385851696670.89,20723757.0,1841977.0,0.28623098816020387,0.32739154929819536,0.059396710741203895,0.11418112169695926,1.1223778718412962
west bengal,2022,2,8089,2022-Q2,298813188,605707035569.9,23181627,2198980.0,2027.0425131634418,9485.874308994791,10.54199083211307,12.890086964128963,26128.754274663293,135.88717860098774,8088.0,244077613.0,512176281443.31,21954680.0,2052296.0,0.22425479472384047,0.18261438007832154,0.05588544219273528,0.07147312083637058,1.1536280728683792
west bengal,2022,3,8090,2022-Q3,364129324,695665215498.29,24486749,2336122.0,1910.4894048530132,9540.35180415334,10.481793759058815,14.870464184526904,28409.864269784855,155.86913868368177,8089.0,298813188.0,605707035569.9,23181627.0,2198980.0,0.21858518506887314,0.14851764078280816,0.056299844700287816,0.062366187959872255,1.07007718594414
west bengal,2022,4,8091,2022-Q4,400458936,749746367003.58,25739668,2460123.0,1872.2178470842762,9557.710689974712,10.4627565369699,15.558045892433423,29128.051185570068,162.7800463635355,8090.0,364129324.0,695665215498.29,24486749.0,2336122.0,0.09977117909899502,0.0777401978716914,0.051167225179626685,0.05307984771343288,1.1103233788543476
west bengal,2023,1,8092,2023-Q1,468933668,898862460705.07,26980199,2476853.0,1916.82219052156,9180.262161891393,10.892935107574006,17.38066009075767,33315.63494787677,189.32640249542465,8091.0,400458936.0,749746367003.58,25739668.0,2460123.0,0.17099064559268573,0.19888871792396157,0.0481952991779071,0.006800472984480832,0.9212481728096873
west bengal,2023,2,8093,2023-Q2,557201653,1011853593979.14,28151830,2540990.0,1815.9558366908507,9026.020688530727,11.079079413929216,19.79273294133987,35942.7289088894,219.28526007579723,8092.0,468933668.0,898862460705.07,26980199.0,2476853.0,0.18823128093246666,0.1257045857554664,0.04342558778013461,0.025894552482525146,0.8647157333631472
west bengal,2023,3,8094,2023-Q3,642154264,1073507229812.27,29423200,2645684.0,1671.7279476201843,8991.829576660595,11.121207219002724,21.824759509502705,36485.06042212506,242.7176730100798,8093.0,557201653.0,1011853593979.14,28151830.0,2540990.0,0.15246295581251612,0.06093137999409137,0.04516118490343257,0.04120205116903253,0.7635335076721259
west bengal,2023,4,8095,2023-Q4,747788359,1253569329663.21,30766242,2741155.0,1676.3691418512842,8909.619185859618,11.223824263859578,24.30548258055046,40744.96097583871,272.8004651323986,8094.0,642154264.0,1073507229812.27,29423200.0,2645684.0,0.16449956174393643,0.16773254511050517,0.04564568095924315,0.03608556426239873,0.8673284368912173
west bengal,2024,1,8096,2024-Q1,843082236,1422966170005.29,32233492,2845547.0,1687.8142003756916,8827.920350671284,11.327696221499767,26.155473195395647,44145.57907673454,296.2812548870217,8095.0,747788359.0,1253569329663.21,30766242.0,2741155.0,0.1274342878611192,0.13513160886569486,0.047690257393151914,0.0380832167462255,0.7978709858810991
west bengal,2024,2,8097,2024-Q2,988799648,1545997993108.29,33696097,2941809.0,1563.5098538266168,8730.414682745008,11.454209637675321,29.344634424574455,45880.62507976191,336.11959444001974,8096.0,843082236.0,1422966170005.29,32233492.0,2845547.0,0.17283890678488922,0.08646152360919634,0.045375319558923266,0.03382899667445316,0.7745813255869864
west bengal,2024,3,8098,2024-Q3,1091000362,1608053446947.1,35120561,3036684.0,1473.9256767974382,8646.456416228659,11.565431569435608,31.064434363676593,45786.667443811624,359.2735898763256,8097.0,988799648.0,1545997993108.29,33696097.0,2941809.0,0.10335836405961185,0.04013941422656386,0.042273857414406146,0.032250564193664566,0.6989692713463007
west bengal,2024,4,8099,2024-Q4,1230402184,1810747542010.68,36468735,3131480.0,1471.6712677833477,8586.752460703668,11.645846372961028,33.73854848543554,49652.05242273086,392.91395250807926,8098.0,1091000362.0,1608053446947.1,35120561.0,3036684.0,0.12777431324078692,0.1260493520587862,0.038387029182136434,0.0312169458527789,0.6453882561710218
west bengal,2025,1,8100,2025-Q1,1304050364,1913847338922.79,37781664,3221457.0,1467.6176563091624,8526.509049469076,11.72812922848264,34.51542960098317,50655.453897498795,404.80141873692554,8099.0,1230402184.0,1810747542010.68,36468735.0,3131480.0,0.05985699713289838,0.05693769811645111,0.03600149552760734,0.028733059128591032,0.5467653193442448
west bengal,2025,2,8101,2025-Q2,1410547289,1934976510104.0,39021346,3307755.0,1371.7913076673888,8476.783450781017,11.79692752335043,36.14809414826439,49587.64134133149,426.43644677432275,8100.0,1304050364.0,1913847338922.79,37781664.0,3221457.0,0.08166626684059564,0.011040154954627956,0.03281173640208124,0.02678849973785158,0.426524869677138
west bengal,2025,3,8102,2025-Q3,1534941462,1981771949298.07,40328474,3397402.0,1291.1058814685077,8424.325700992305,11.870386253967002,38.06098544665985,49140.76216466981,451.79859845846914,8101.0,1410547289.0,1934976510104.0,39021346.0,3307755.0,0.08818858748662617,0.024183983086985883,0.03349776811901872,0.0271020677166236,0.40691196397604856
west bengal,2025,4,8103,2025-Q4,1595670079,2082769866475.07,41514118,3501166.0,1305.263471368927,8433.675502873504,11.857226421140842,38.436805498312644,50170.15817305983,455.75390569884433,8102.0,1534941462.0,1981771949298.07,40328474.0,3397402.0,0.03956412573602108,0.05096344067881908,0.029399674284724897,0.030542161333866336,0.2968686985035456
west bengal,2026,1,8104,2026-Q1,1691843395,2280769839448.36,42771072,3567960.0,1348.0974930592556,8341.993392169361,11.987542461238355,39.55578656059871,53325.05669833012,474.1766709828585,8103.0,1595670079.0,2082769866475.07,41514118.0,3501166.0,0.06027142907904337,0.0950656988851053,0.030277747921803266,0.019077644419030593,0.2973758082552094
west bengal,2026,2,8105,2026-Q2,1782353009,2211838113700.3,43272502,3631496.0,1240.9652310914912,8392.156293620368,11.915888658558346,41.18904446523568,51114.17208323891,490.80406780015727,8104.0,1691843395.0,2280769839448.36,42771072.0,3567960.0,0.05349763120362572,-0.03022300828247193,0.011723578029561699,0.017807374522135877,0.26358968812991
