state,district,year,quarter,period_id,registered_merchants
andaman & nicobar islands,nicobar,2019,2,8077,1
andaman & nicobar islands,nicobar,2019,3,8078,2
andaman & nicobar islands,nicobar,2019,4,8079,2
andaman & nicobar islands,nicobar,2020,1,8080,2
andaman & nicobar islands,nicobar,2020,2,8081,3
andaman & nicobar islands,nicobar,2020,3,8082,3
andaman & nicobar islands,nicobar,2020,4,8083,4
andaman & nicobar islands,nicobar,2021,1,8084,4
andaman & nicobar islands,nicobar,2021,2,8085,7
andaman & nicobar islands,nicobar,2021,3,8086,8
andaman & nicobar islands,nicobar,2021,4,8087,11
andaman & nicobar islands,nicobar,2022,1,8088,15
andaman & nicobar islands,nicobar,2022,2,8089,17
andaman & nicobar islands,nicobar,2022,3,8090,22
andaman & nicobar islands,nicobar,2022,4,8091,27
andaman & nicobar islands,nicobar,2023,1,8092,28
andaman & nicobar islands,nicobar,2023,2,8093,28
andaman & nicobar islands,nicobar,2023,3,8094,29
andaman & nicobar islands,nicobar,2023,4,8095,29
andaman & nicobar islands,nicobar,2024,1,8096,26
andaman & nicobar islands,nicobar,2024,2,8097,26
andaman & nicobar islands,nicobar,2024,3,8098,26
andaman & nicobar islands,nicobar,2024,4,8099,26
andaman & nicobar islands,nicobar,2025,1,8100,26
andaman & nicobar islands,nicobar,2025,2,8101,26
andaman & nicobar islands,nicobar,2025,3,8102,26
andaman & nicobar islands,nicobar,2025,4,8103,26
andaman & nicobar islands,nicobar,2026,1,8104,28
andaman & nicobar islands,nicobar,2026,2,8105,28
andaman & nicobar islands,north and middle andaman,2019,1,8076,2
andaman & nicobar islands,north and middle andaman,2019,2,8077,3
andaman & nicobar islands,north and middle andaman,2019,3,8078,5
andaman & nicobar islands,north and middle andaman,2019,4,8079,8
andaman & nicobar islands,north and middle andaman,2020,1,8080,14
andaman & nicobar islands,north and middle andaman,2020,2,8081,19
andaman & nicobar islands,north and middle andaman,2020,3,8082,20
andaman & nicobar islands,north and middle andaman,2020,4,8083,23
andaman & nicobar islands,north and middle andaman,2021,1,8084,24
andaman & nicobar islands,north and middle andaman,2021,2,8085,29
andaman & nicobar islands,north and middle andaman,2021,3,8086,32
andaman & nicobar islands,north and middle andaman,2021,4,8087,44
andaman & nicobar islands,north and middle andaman,2022,1,8088,53
andaman & nicobar islands,north and middle andaman,2022,2,8089,64
andaman & nicobar islands,north and middle andaman,2022,3,8090,85
andaman & nicobar islands,north and middle andaman,2022,4,8091,94
andaman & nicobar islands,north and middle andaman,2023,1,8092,95
andaman & nicobar islands,north and middle andaman,2023,2,8093,96
andaman & nicobar islands,north and middle andaman,2023,3,8094,101
andaman & nicobar islands,north and middle andaman,2023,4,8095,101
andaman & nicobar islands,north and middle andaman,2024,1,8096,112
andaman & nicobar islands,north and middle andaman,2024,2,8097,114
andaman & nicobar islands,north and middle andaman,2024,3,8098,116
andaman & nicobar islands,north and middle andaman,2024,4,8099,116
andaman & nicobar islands,north and middle andaman,2025,1,8100,119
andaman & nicobar islands,north and middle andaman,2025,2,8101,137
andaman & nicobar islands,north and middle andaman,2025,3,8102,210
andaman & nicobar islands,north and middle andaman,2025,4,8103,326
andaman & nicobar islands,north and middle andaman,2026,1,8104,399
andaman & nicobar islands,north and middle andaman,2026,2,8105,444
andaman & nicobar islands,south andaman,2019,1,8076,3
andaman & nicobar islands,south andaman,2019,2,8077,5
andaman & nicobar islands,south andaman,2019,3,8078,15
andaman & nicobar islands,south andaman,2019,4,8079,24
andaman & nicobar islands,south andaman,2020,1,8080,39
andaman & nicobar islands,south andaman,2020,2,8081,45
andaman & nicobar islands,south andaman,2020,3,8082,53
andaman & nicobar islands,south andaman,2020,4,8083,160
andaman & nicobar islands,south andaman,2021,1,8084,301
andaman & nicobar islands,south andaman,2021,2,8085,370
andaman & nicobar islands,south andaman,2021,3,8086,549
andaman & nicobar islands,south andaman,2021,4,8087,1055
andaman & nicobar islands,south andaman,2022,1,8088,1550
andaman & nicobar islands,south andaman,2022,2,8089,1955
andaman & nicobar islands,south andaman,2022,3,8090,2362
andaman & nicobar islands,south andaman,2022,4,8091,2619
andaman & nicobar islands,south andaman,2023,1,8092,2757
andaman & nicobar islands,south andaman,2023,2,8093,2906
andaman & nicobar islands,south andaman,2023,3,8094,3013
andaman & nicobar islands,south andaman,2023,4,8095,3075
andaman & nicobar islands,south andaman,2024,1,8096,3117
andaman & nicobar islands,south andaman,2024,2,8097,3300
andaman & nicobar islands,south andaman,2024,3,8098,3597
andaman & nicobar islands,south andaman,2024,4,8099,3899
andaman & nicobar islands,south andaman,2025,1,8100,4199
andaman & nicobar islands,south andaman,2025,2,8101,4426
andaman & nicobar islands,south andaman,2025,3,8102,4658
andaman & nicobar islands,south andaman,2025,4,8103,4908
andaman & nicobar islands,south andaman,2026,1,8104,5114
andaman & nicobar islands,south andaman,2026,2,8105,5317
andhra pradesh,alluri sitharama raju,2018,1,8072,4
andhra pradesh,alluri sitharama raju,2018,2,8073,3
andhra pradesh,alluri sitharama raju,2018,3,8074,17
andhra pradesh,alluri sitharama raju,2018,4,8075,38
andhra pradesh,alluri sitharama raju,2019,1,8076,648
andhra pradesh,alluri sitharama raju,2019,2,8077,862
andhra pradesh,alluri sitharama raju,2019,3,8078,1026
andhra pradesh,alluri sitharama raju,2019,4,8079,1431
andhra pradesh,alluri sitharama raju,2020,1,8080,1654
andhra pradesh,alluri sitharama raju,2020,2,8081,1837
andhra pradesh,alluri sitharama raju,2020,3,8082,2226
andhra pradesh,alluri sitharama raju,2020,4,8083,2951
andhra pradesh,alluri sitharama raju,2021,1,8084,3566
andhra pradesh,alluri sitharama raju,2021,2,8085,3934
andhra pradesh,alluri sitharama raju,2021,3,8086,4437
andhra pradesh,alluri sitharama raju,2021,4,8087,5036
andhra pradesh,alluri sitharama raju,2022,1,8088,5607
andhra pradesh,alluri sitharama raju,2022,2,8089,6005
andhra pradesh,alluri sitharama raju,2022,3,8090,6521
andhra pradesh,alluri sitharama raju,2022,4,8091,6805
andhra pradesh,alluri sitharama raju,2023,1,8092,6911
andhra pradesh,alluri sitharama raju,2023,2,8093,7150
andhra pradesh,alluri sitharama raju,2023,3,8094,7528
andhra pradesh,alluri sitharama raju,2023,4,8095,7973
andhra pradesh,alluri sitharama raju,2024,1,8096,8690
andhra pradesh,alluri sitharama raju,2024,2,8097,9198
andhra pradesh,alluri sitharama raju,2024,3,8098,9440
andhra pradesh,alluri sitharama raju,2024,4,8099,9731
andhra pradesh,alluri sitharama raju,2025,1,8100,10031
andhra pradesh,alluri sitharama raju,2025,2,8101,10217
andhra pradesh,alluri sitharama raju,2025,3,8102,10333
andhra pradesh,alluri sitharama raju,2025,4,8103,10685
andhra pradesh,alluri sitharama raju,2026,1,8104,10865
andhra pradesh,alluri sitharama raju,2026,2,8105,11247
andhra pradesh,anakapalli,2018,3,8074,844
andhra pradesh,anakapalli,2018,4,8075,2766
andhra pradesh,anakapalli,2019,1,8076,7412
andhra pradesh,anakapalli,2019,2,8077,10242
andhra pradesh,anakapalli,2019,3,8078,13116
andhra pradesh,anakapalli,2019,4,8079,15341
andhra pradesh,anakapalli,2020,1,8080,16887
andhra pradesh,anakapalli,2020,2,8081,18109
andhra pradesh,anakapalli,2020,3,8082,21257
andhra pradesh,anakapalli,2020,4,8083,25822
andhra pradesh,anakapalli,2021,1,8084,28678
andhra pradesh,anakapalli,2021,2,8085,30647
andhra pradesh,anakapalli,2021,3,8086,32705
andhra pradesh,anakapalli,2021,4,8087,34792
andhra pradesh,anakapalli,2022,1,8088,37343
andhra pradesh,anakapalli,2022,2,8089,38929
andhra pradesh,anakapalli,2022,3,8090,40288
andhra pradesh,anakapalli,2022,4,8091,41234
andhra pradesh,anakapalli,2023,1,8092,41744
andhra pradesh,anakapalli,2023,2,8093,42625
andhra pradesh,anakapalli,2023,3,8094,43881
andhra pradesh,anakapalli,2023,4,8095,46043
andhra pradesh,anakapalli,2024,1,8096,48444
andhra pradesh,anakapalli,2024,2,8097,50624
andhra pradesh,anakapalli,2024,3,8098,52058
andhra pradesh,anakapalli,2024,4,8099,53468
andhra pradesh,anakapalli,2025,1,8100,54902
andhra pradesh,anakapalli,2025,2,8101,55830
andhra pradesh,anakapalli,2025,3,8102,56595
andhra pradesh,anakapalli,2025,4,8103,57956
andhra pradesh,anakapalli,2026,1,8104,59202
andhra pradesh,anakapalli,2026,2,8105,60549
andhra pradesh,ananthapuramu,2018,2,8073,1
andhra pradesh,ananthapuramu,2018,3,8074,55
andhra pradesh,ananthapuramu,2018,4,8075,232
andhra pradesh,ananthapuramu,2019,1,8076,2732
andhra pradesh,ananthapuramu,2019,2,8077,10040
andhra pradesh,ananthapuramu,2019,3,8078,16876
andhra pradesh,ananthapuramu,2019,4,8079,21234
andhra pradesh,ananthapuramu,2020,1,8080,24712
andhra pradesh,ananthapuramu,2020,2,8081,26244
andhra pradesh,ananthapuramu,2020,3,8082,31712
andhra pradesh,ananthapuramu,2020,4,8083,42105
andhra pradesh,ananthapuramu,2021,1,8084,48028
andhra pradesh,ananthapuramu,2021,2,8085,52586
andhra pradesh,ananthapuramu,2021,3,8086,57327
andhra pradesh,ananthapuramu,2021,4,8087,62018
andhra pradesh,ananthapuramu,2022,1,8088,66133
andhra pradesh,ananthapuramu,2022,2,8089,69991
andhra pradesh,ananthapuramu,2022,3,8090,73399
andhra pradesh,ananthapuramu,2022,4,8091,75932
andhra pradesh,ananthapuramu,2023,1,8092,75750
andhra pradesh,ananthapuramu,2023,2,8093,76919
andhra pradesh,ananthapuramu,2023,3,8094,78633
andhra pradesh,ananthapuramu,2023,4,8095,80641
andhra pradesh,ananthapuramu,2024,1,8096,83231
andhra pradesh,ananthapuramu,2024,2,8097,86094
andhra pradesh,ananthapuramu,2024,3,8098,89565
andhra pradesh,ananthapuramu,2024,4,8099,93040
andhra pradesh,ananthapuramu,2025,1,8100,95816
andhra pradesh,ananthapuramu,2025,2,8101,98547
andhra pradesh,ananthapuramu,2025,3,8102,101081
andhra pradesh,ananthapuramu,2025,4,8103,104215
andhra pradesh,ananthapuramu,2026,1,8104,106385
andhra pradesh,ananthapuramu,2026,2,8105,108540
andhra pradesh,annamayya,2018,1,8072,1
andhra pradesh,annamayya,2018,2,8073,1
andhra pradesh,annamayya,2018,3,8074,38
andhra pradesh,annamayya,2018,4,8075,476
andhra pradesh,annamayya,2019,1,8076,3012
andhra pradesh,annamayya,2019,2,8077,4534
andhra pradesh,annamayya,2019,3,8078,5818
andhra pradesh,annamayya,2019,4,8079,6950
andhra pradesh,annamayya,2020,1,8080,7802
andhra pradesh,annamayya,2020,2,8081,8528
andhra pradesh,annamayya,2020,3,8082,9701
andhra pradesh,annamayya,2020,4,8083,13907
andhra pradesh,annamayya,2021,1,8084,17801
andhra pradesh,annamayya,2021,2,8085,19545
andhra pradesh,annamayya,2021,3,8086,22478
andhra pradesh,annamayya,2021,4,8087,26258
andhra pradesh,annamayya,2022,1,8088,29137
andhra pradesh,annamayya,2022,2,8089,31360
andhra pradesh,annamayya,2022,3,8090,33489
andhra pradesh,annamayya,2022,4,8091,35246
andhra pradesh,annamayya,2023,1,8092,35413
andhra pradesh,annamayya,2023,2,8093,35537
andhra pradesh,annamayya,2023,3,8094,36014
andhra pradesh,annamayya,2023,4,8095,37096
andhra pradesh,annamayya,2024,1,8096,38811
andhra pradesh,annamayya,2024,2,8097,40020
andhra pradesh,annamayya,2024,3,8098,40991
andhra pradesh,annamayya,2024,4,8099,42166
andhra pradesh,annamayya,2025,1,8100,43233
andhra pradesh,annamayya,2025,2,8101,44251
andhra pradesh,annamayya,2025,3,8102,45148
andhra pradesh,annamayya,2025,4,8103,46820
andhra pradesh,annamayya,2026,1,8104,48188
andhra pradesh,annamayya,2026,2,8105,50051
andhra pradesh,bapatla,2018,3,8074,4
andhra pradesh,bapatla,2018,4,8075,49
andhra pradesh,bapatla,2019,1,8076,289
andhra pradesh,bapatla,2019,2,8077,1344
andhra pradesh,bapatla,2019,3,8078,2122
andhra pradesh,bapatla,2019,4,8079,3438
andhra pradesh,bapatla,2020,1,8080,4788
andhra pradesh,bapatla,2020,2,8081,5354
andhra pradesh,bapatla,2020,3,8082,6266
andhra pradesh,bapatla,2020,4,8083,10616
andhra pradesh,bapatla,2021,1,8084,14486
andhra pradesh,bapatla,2021,2,8085,16450
andhra pradesh,bapatla,2021,3,8086,19322
andhra pradesh,bapatla,2021,4,8087,22320
andhra pradesh,bapatla,2022,1,8088,24596
andhra pradesh,bapatla,2022,2,8089,27091
andhra pradesh,bapatla,2022,3,8090,29338
andhra pradesh,bapatla,2022,4,8091,32071
andhra pradesh,bapatla,2023,1,8092,33356
andhra pradesh,bapatla,2023,2,8093,34438
andhra pradesh,bapatla,2023,3,8094,36558
andhra pradesh,bapatla,2023,4,8095,38664
andhra pradesh,bapatla,2024,1,8096,41401
andhra pradesh,bapatla,2024,2,8097,43246
andhra pradesh,bapatla,2024,3,8098,44891
andhra pradesh,bapatla,2024,4,8099,46926
andhra pradesh,bapatla,2025,1,8100,48682
andhra pradesh,bapatla,2025,2,8101,50434
andhra pradesh,bapatla,2025,3,8102,52230
andhra pradesh,bapatla,2025,4,8103,54186
andhra pradesh,bapatla,2026,1,8104,56499
andhra pradesh,bapatla,2026,2,8105,59133
andhra pradesh,chittoor,2018,1,8072,4
andhra pradesh,chittoor,2018,2,8073,4
andhra pradesh,chittoor,2018,3,8074,28
andhra pradesh,chittoor,2018,4,8075,196
andhra pradesh,chittoor,2019,1,8076,2812
andhra pradesh,chittoor,2019,2,8077,4899
andhra pradesh,chittoor,2019,3,8078,6378
andhra pradesh,chittoor,2019,4,8079,7673
andhra pradesh,chittoor,2020,1,8080,8609
andhra pradesh,chittoor,2020,2,8081,9104
andhra pradesh,chittoor,2020,3,8082,10528
andhra pradesh,chittoor,2020,4,8083,14335
andhra pradesh,chittoor,2021,1,8084,16912
andhra pradesh,chittoor,2021,2,8085,18409
andhra pradesh,chittoor,2021,3,8086,20702
andhra pradesh,chittoor,2021,4,8087,24135
andhra pradesh,chittoor,2022,1,8088,26469
andhra pradesh,chittoor,2022,2,8089,28139
andhra pradesh,chittoor,2022,3,8090,30044
andhra pradesh,chittoor,2022,4,8091,31936
andhra pradesh,chittoor,2023,1,8092,32547
andhra pradesh,chittoor,2023,2,8093,33329
andhra pradesh,chittoor,2023,3,8094,34747
andhra pradesh,chittoor,2023,4,8095,36239
andhra pradesh,chittoor,2024,1,8096,38215
andhra pradesh,chittoor,2024,2,8097,39770
andhra pradesh,chittoor,2024,3,8098,41192
andhra pradesh,chittoor,2024,4,8099,42781
andhra pradesh,chittoor,2025,1,8100,44181
andhra pradesh,chittoor,2025,2,8101,45499
andhra pradesh,chittoor,2025,3,8102,46790
andhra pradesh,chittoor,2025,4,8103,48235
andhra pradesh,chittoor,2026,1,8104,49320
andhra pradesh,chittoor,2026,2,8105,50979
andhra pradesh,dr br ambedkar konaseema,2018,3,8074,8
andhra pradesh,dr br ambedkar konaseema,2018,4,8075,288
andhra pradesh,dr br ambedkar konaseema,2019,1,8076,3412
andhra pradesh,dr br ambedkar konaseema,2019,2,8077,5324
andhra pradesh,dr br ambedkar konaseema,2019,3,8078,7222
andhra pradesh,dr br ambedkar konaseema,2019,4,8079,8782
andhra pradesh,dr br ambedkar konaseema,2020,1,8080,10272
andhra pradesh,dr br ambedkar konaseema,2020,2,8081,10885
andhra pradesh,dr br ambedkar konaseema,2020,3,8082,12718
andhra pradesh,dr br ambedkar konaseema,2020,4,8083,16955
andhra pradesh,dr br ambedkar konaseema,2021,1,8084,21071
andhra pradesh,dr br ambedkar konaseema,2021,2,8085,22792
andhra pradesh,dr br ambedkar konaseema,2021,3,8086,24966
andhra pradesh,dr br ambedkar konaseema,2021,4,8087,27748
andhra pradesh,dr br ambedkar konaseema,2022,1,8088,30195
andhra pradesh,dr br ambedkar konaseema,2022,2,8089,31390
andhra pradesh,dr br ambedkar konaseema,2022,3,8090,32653
andhra pradesh,dr br ambedkar konaseema,2022,4,8091,33473
andhra pradesh,dr br ambedkar konaseema,2023,1,8092,33515
andhra pradesh,dr br ambedkar konaseema,2023,2,8093,33887
andhra pradesh,dr br ambedkar konaseema,2023,3,8094,34647
andhra pradesh,dr br ambedkar konaseema,2023,4,8095,35542
andhra pradesh,dr br ambedkar konaseema,2024,1,8096,36711
andhra pradesh,dr br ambedkar konaseema,2024,2,8097,37908
andhra pradesh,dr br ambedkar konaseema,2024,3,8098,38481
andhra pradesh,dr br ambedkar konaseema,2024,4,8099,39278
andhra pradesh,dr br ambedkar konaseema,2025,1,8100,40081
andhra pradesh,dr br ambedkar konaseema,2025,2,8101,40734
andhra pradesh,dr br ambedkar konaseema,2025,3,8102,41439
andhra pradesh,dr br ambedkar konaseema,2025,4,8103,42558
andhra pradesh,dr br ambedkar konaseema,2026,1,8104,43914
andhra pradesh,dr br ambedkar konaseema,2026,2,8105,45653
andhra pradesh,east godavari,2018,3,8074,16
andhra pradesh,east godavari,2018,4,8075,623
andhra pradesh,east godavari,2019,1,8076,4873
andhra pradesh,east godavari,2019,2,8077,8599
andhra pradesh,east godavari,2019,3,8078,11399
andhra pradesh,east godavari,2019,4,8079,13698
andhra pradesh,east godavari,2020,1,8080,15732
andhra pradesh,east godavari,2020,2,8081,16915
andhra pradesh,east godavari,2020,3,8082,19232
andhra pradesh,east godavari,2020,4,8083,24552
andhra pradesh,east godavari,2021,1,8084,28692
andhra pradesh,east godavari,2021,2,8085,30692
andhra pradesh,east godavari,2021,3,8086,33390
andhra pradesh,east godavari,2021,4,8087,36771
andhra pradesh,east godavari,2022,1,8088,40506
andhra pradesh,east godavari,2022,2,8089,43073
andhra pradesh,east godavari,2022,3,8090,45697
andhra pradesh,east godavari,2022,4,8091,47844
andhra pradesh,east godavari,2023,1,8092,48766
andhra pradesh,east godavari,2023,2,8093,49848
andhra pradesh,east godavari,2023,3,8094,51872
andhra pradesh,east godavari,2023,4,8095,54818
andhra pradesh,east godavari,2024,1,8096,57834
andhra pradesh,east godavari,2024,2,8097,60090
andhra pradesh,east godavari,2024,3,8098,62056
andhra pradesh,east godavari,2024,4,8099,64029
andhra pradesh,east godavari,2025,1,8100,65887
andhra pradesh,east godavari,2025,2,8101,67607
andhra pradesh,east godavari,2025,3,8102,69274
andhra pradesh,east godavari,2025,4,8103,71280
andhra pradesh,east godavari,2026,1,8104,73104
andhra pradesh,east godavari,2026,2,8105,74989
andhra pradesh,eluru,2018,3,8074,20
andhra pradesh,eluru,2018,4,8075,110
andhra pradesh,eluru,2019,1,8076,956
andhra pradesh,eluru,2019,2,8077,4088
andhra pradesh,eluru,2019,3,8078,6344
andhra pradesh,eluru,2019,4,8079,9057
andhra pradesh,eluru,2020,1,8080,11199
andhra pradesh,eluru,2020,2,8081,12335
andhra pradesh,eluru,2020,3,8082,15345
andhra pradesh,eluru,2020,4,8083,20119
andhra pradesh,eluru,2021,1,8084,24636
andhra pradesh,eluru,2021,2,8085,26697
andhra pradesh,eluru,2021,3,8086,30097
andhra pradesh,eluru,2021,4,8087,33553
andhra pradesh,eluru,2022,1,8088,36640
andhra pradesh,eluru,2022,2,8089,39411
andhra pradesh,eluru,2022,3,8090,42113
andhra pradesh,eluru,2022,4,8091,43641
andhra pradesh,eluru,2023,1,8092,43915
andhra pradesh,eluru,2023,2,8093,44628
andhra pradesh,eluru,2023,3,8094,46542
andhra pradesh,eluru,2023,4,8095,48460
andhra pradesh,eluru,2024,1,8096,50611
andhra pradesh,eluru,2024,2,8097,52254
andhra pradesh,eluru,2024,3,8098,53818
andhra pradesh,eluru,2024,4,8099,55774
andhra pradesh,eluru,2025,1,8100,57537
andhra pradesh,eluru,2025,2,8101,59047
andhra pradesh,eluru,2025,3,8102,60720
andhra pradesh,eluru,2025,4,8103,63263
andhra pradesh,eluru,2026,1,8104,65450
andhra pradesh,eluru,2026,2,8105,67639
andhra pradesh,guntur,2018,1,8072,1
andhra pradesh,guntur,2018,2,8073,3
andhra pradesh,guntur,2018,3,8074,22
andhra pradesh,guntur,2018,4,8075,179
andhra pradesh,guntur,2019,1,8076,3394
andhra pradesh,guntur,2019,2,8077,9689
andhra pradesh,guntur,2019,3,8078,13764
andhra pradesh,guntur,2019,4,8079,17989
andhra pradesh,guntur,2020,1,8080,21630
andhra pradesh,guntur,2020,2,8081,23554
andhra pradesh,guntur,2020,3,8082,28737
andhra pradesh,guntur,2020,4,8083,36880
andhra pradesh,guntur,2021,1,8084,43015
andhra pradesh,guntur,2021,2,8085,45893
andhra pradesh,guntur,2021,3,8086,50836
andhra pradesh,guntur,2021,4,8087,57359
andhra pradesh,guntur,2022,1,8088,63328
andhra pradesh,guntur,2022,2,8089,67715
andhra pradesh,guntur,2022,3,8090,71121
andhra pradesh,guntur,2022,4,8091,74018
andhra pradesh,guntur,2023,1,8092,75398
andhra pradesh,guntur,2023,2,8093,77700
andhra pradesh,guntur,2023,3,8094,81198
andhra pradesh,guntur,2023,4,8095,85405
andhra pradesh,guntur,2024,1,8096,91191
andhra pradesh,guntur,2024,2,8097,95285
andhra pradesh,guntur,2024,3,8098,99892
andhra pradesh,guntur,2024,4,8099,105279
andhra pradesh,guntur,2025,1,8100,110196
andhra pradesh,guntur,2025,2,8101,114454
andhra pradesh,guntur,2025,3,8102,118362
andhra pradesh,guntur,2025,4,8103,123111
andhra pradesh,guntur,2026,1,8104,127784
andhra pradesh,guntur,2026,2,8105,132072
andhra pradesh,kakinada,2018,1,8072,2
andhra pradesh,kakinada,2018,2,8073,2
andhra pradesh,kakinada,2018,3,8074,18
andhra pradesh,kakinada,2018,4,8075,584
andhra pradesh,kakinada,2019,1,8076,6335
andhra pradesh,kakinada,2019,2,8077,9810
andhra pradesh,kakinada,2019,3,8078,13882
andhra pradesh,kakinada,2019,4,8079,16837
andhra pradesh,kakinada,2020,1,8080,19094
andhra pradesh,kakinada,2020,2,8081,20420
andhra pradesh,kakinada,2020,3,8082,23960
andhra pradesh,kakinada,2020,4,8083,31588
andhra pradesh,kakinada,2021,1,8084,36915
andhra pradesh,kakinada,2021,2,8085,39407
andhra pradesh,kakinada,2021,3,8086,42440
andhra pradesh,kakinada,2021,4,8087,46193
andhra pradesh,kakinada,2022,1,8088,49610
andhra pradesh,kakinada,2022,2,8089,51788
andhra pradesh,kakinada,2022,3,8090,53771
andhra pradesh,kakinada,2022,4,8091,55246
andhra pradesh,kakinada,2023,1,8092,56111
andhra pradesh,kakinada,2023,2,8093,57295
andhra pradesh,kakinada,2023,3,8094,59309
andhra pradesh,kakinada,2023,4,8095,62478
andhra pradesh,kakinada,2024,1,8096,67139
andhra pradesh,kakinada,2024,2,8097,70887
andhra pradesh,kakinada,2024,3,8098,73700
andhra pradesh,kakinada,2024,4,8099,76564
andhra pradesh,kakinada,2025,1,8100,79460
andhra pradesh,kakinada,2025,2,8101,82025
andhra pradesh,kakinada,2025,3,8102,84520
andhra pradesh,kakinada,2025,4,8103,88186
andhra pradesh,kakinada,2026,1,8104,90998
andhra pradesh,kakinada,2026,2,8105,94093
andhra pradesh,krishna,2018,3,8074,9
andhra pradesh,krishna,2018,4,8075,97
andhra pradesh,krishna,2019,1,8076,1580
andhra pradesh,krishna,2019,2,8077,3933
andhra pradesh,krishna,2019,3,8078,5951
andhra pradesh,krishna,2019,4,8079,8222
andhra pradesh,krishna,2020,1,8080,9442
andhra pradesh,krishna,2020,2,8081,9976
andhra pradesh,krishna,2020,3,8082,11678
andhra pradesh,krishna,2020,4,8083,15796
andhra pradesh,krishna,2021,1,8084,18228
andhra pradesh,krishna,2021,2,8085,19344
andhra pradesh,krishna,2021,3,8086,21497
andhra pradesh,krishna,2021,4,8087,24476
andhra pradesh,krishna,2022,1,8088,26565
andhra pradesh,krishna,2022,2,8089,28414
andhra pradesh,krishna,2022,3,8090,30208
andhra pradesh,krishna,2022,4,8091,31042
andhra pradesh,krishna,2023,1,8092,31310
andhra pradesh,krishna,2023,2,8093,31721
andhra pradesh,krishna,2023,3,8094,33311
andhra pradesh,krishna,2023,4,8095,35015
andhra pradesh,krishna,2024,1,8096,37211
andhra pradesh,krishna,2024,2,8097,39259
andhra pradesh,krishna,2024,3,8098,40998
andhra pradesh,krishna,2024,4,8099,42985
andhra pradesh,krishna,2025,1,8100,44700
andhra pradesh,krishna,2025,2,8101,46950
andhra pradesh,krishna,2025,3,8102,49057
andhra pradesh,krishna,2025,4,8103,52038
andhra pradesh,krishna,2026,1,8104,54565
andhra pradesh,krishna,2026,2,8105,57805
andhra pradesh,kurnool,2018,1,8072,1
andhra pradesh,kurnool,2018,2,8073,1
andhra pradesh,kurnool,2018,3,8074,20
andhra pradesh,kurnool,2018,4,8075,101
andhra pradesh,kurnool,2019,1,8076,7083
andhra pradesh,kurnool,2019,2,8077,13429
andhra pradesh,kurnool,2019,3,8078,17518
andhra pradesh,kurnool,2019,4,8079,20729
andhra pradesh,kurnool,2020,1,8080,23880
andhra pradesh,kurnool,2020,2,8081,24824
andhra pradesh,kurnool,2020,3,8082,28886
andhra pradesh,kurnool,2020,4,8083,36966
andhra pradesh,kurnool,2021,1,8084,41102
andhra pradesh,kurnool,2021,2,8085,44250
andhra pradesh,kurnool,2021,3,8086,47234
andhra pradesh,kurnool,2021,4,8087,51361
andhra pradesh,kurnool,2022,1,8088,55022
andhra pradesh,kurnool,2022,2,8089,58388
andhra pradesh,kurnool,2022,3,8090,60981
andhra pradesh,kurnool,2022,4,8091,62848
andhra pradesh,kurnool,2023,1,8092,63192
andhra pradesh,kurnool,2023,2,8093,64154
andhra pradesh,kurnool,2023,3,8094,65861
andhra pradesh,kurnool,2023,4,8095,68906
andhra pradesh,kurnool,2024,1,8096,72680
andhra pradesh,kurnool,2024,2,8097,75494
andhra pradesh,kurnool,2024,3,8098,77968
andhra pradesh,kurnool,2024,4,8099,81208
andhra pradesh,kurnool,2025,1,8100,84062
andhra pradesh,kurnool,2025,2,8101,87138
andhra pradesh,kurnool,2025,3,8102,89654
andhra pradesh,kurnool,2025,4,8103,92688
andhra pradesh,kurnool,2026,1,8104,94882
andhra pradesh,kurnool,2026,2,8105,96636
andhra pradesh,nandyal,2018,3,8074,490
andhra pradesh,nandyal,2018,4,8075,651
andhra pradesh,nandyal,2019,1,8076,4692
andhra pradesh,nandyal,2019,2,8077,6847
andhra pradesh,nandyal,2019,3,8078,8467
andhra pradesh,nandyal,2019,4,8079,11162
andhra pradesh,nandyal,2020,1,8080,13609
andhra pradesh,nandyal,2020,2,8081,14795
andhra pradesh,nandyal,2020,3,8082,18543
andhra pradesh,nandyal,2020,4,8083,24563
andhra pradesh,nandyal,2021,1,8084,27175
andhra pradesh,nandyal,2021,2,8085,30388
andhra pradesh,nandyal,2021,3,8086,32959
andhra pradesh,nandyal,2021,4,8087,36082
andhra pradesh,nandyal,2022,1,8088,38611
andhra pradesh,nandyal,2022,2,8089,41809
andhra pradesh,nandyal,2022,3,8090,43930
andhra pradesh,nandyal,2022,4,8091,44965
andhra pradesh,nandyal,2023,1,8092,45375
andhra pradesh,nandyal,2023,2,8093,45860
andhra pradesh,nandyal,2023,3,8094,46602
andhra pradesh,nandyal,2023,4,8095,48120
andhra pradesh,nandyal,2024,1,8096,50167
andhra pradesh,nandyal,2024,2,8097,52167
andhra pradesh,nandyal,2024,3,8098,53560
andhra pradesh,nandyal,2024,4,8099,55131
andhra pradesh,nandyal,2025,1,8100,56468
andhra pradesh,nandyal,2025,2,8101,57562
andhra pradesh,nandyal,2025,3,8102,58864
andhra pradesh,nandyal,2025,4,8103,60830
andhra pradesh,nandyal,2026,1,8104,62510
andhra pradesh,nandyal,2026,2,8105,64306
andhra pradesh,ntr,2018,1,8072,9
andhra pradesh,ntr,2018,2,8073,8
andhra pradesh,ntr,2018,3,8074,37
andhra pradesh,ntr,2018,4,8075,2314
andhra pradesh,ntr,2019,1,8076,14739
andhra pradesh,ntr,2019,2,8077,21437
andhra pradesh,ntr,2019,3,8078,27925
andhra pradesh,ntr,2019,4,8079,34698
andhra pradesh,ntr,2020,1,8080,40288
andhra pradesh,ntr,2020,2,8081,42511
andhra pradesh,ntr,2020,3,8082,49242
andhra pradesh,ntr,2020,4,8083,57053
andhra pradesh,ntr,2021,1,8084,64033
andhra pradesh,ntr,2021,2,8085,66612
andhra pradesh,ntr,2021,3,8086,71495
andhra pradesh,ntr,2021,4,8087,77288
andhra pradesh,ntr,2022,1,8088,83367
andhra pradesh,ntr,2022,2,8089,88279
andhra pradesh,ntr,2022,3,8090,92470
andhra pradesh,ntr,2022,4,8091,95215
andhra pradesh,ntr,2023,1,8092,96152
andhra pradesh,ntr,2023,2,8093,98173
andhra pradesh,ntr,2023,3,8094,101635
andhra pradesh,ntr,2023,4,8095,106383
andhra pradesh,ntr,2024,1,8096,113022
andhra pradesh,ntr,2024,2,8097,117807
andhra pradesh,ntr,2024,3,8098,122446
andhra pradesh,ntr,2024,4,8099,128208
andhra pradesh,ntr,2025,1,8100,133425
andhra pradesh,ntr,2025,2,8101,138204
andhra pradesh,ntr,2025,3,8102,142394
andhra pradesh,ntr,2025,4,8103,147413
andhra pradesh,ntr,2026,1,8104,151376
andhra pradesh,ntr,2026,2,8105,155490
andhra pradesh,palnadu,2018,3,8074,18
andhra pradesh,palnadu,2018,4,8075,69
andhra pradesh,palnadu,2019,1,8076,478
andhra pradesh,palnadu,2019,2,8077,2464
andhra pradesh,palnadu,2019,3,8078,3601
andhra pradesh,palnadu,2019,4,8079,5637
andhra pradesh,palnadu,2020,1,8080,7445
andhra pradesh,palnadu,2020,2,8081,8297
andhra pradesh,palnadu,2020,3,8082,10492
andhra pradesh,palnadu,2020,4,8083,16131
andhra pradesh,palnadu,2021,1,8084,21374
andhra pradesh,palnadu,2021,2,8085,23198
andhra pradesh,palnadu,2021,3,8086,26097
andhra pradesh,palnadu,2021,4,8087,29767
andhra pradesh,palnadu,2022,1,8088,32748
andhra pradesh,palnadu,2022,2,8089,36061
andhra pradesh,palnadu,2022,3,8090,38437
andhra pradesh,palnadu,2022,4,8091,40506
andhra pradesh,palnadu,2023,1,8092,41455
andhra pradesh,palnadu,2023,2,8093,42336
andhra pradesh,palnadu,2023,3,8094,44538
andhra pradesh,palnadu,2023,4,8095,47393
andhra pradesh,palnadu,2024,1,8096,51299
andhra pradesh,palnadu,2024,2,8097,54122
andhra pradesh,palnadu,2024,3,8098,56653
andhra pradesh,palnadu,2024,4,8099,59276
andhra pradesh,palnadu,2025,1,8100,61769
andhra pradesh,palnadu,2025,2,8101,64200
andhra pradesh,palnadu,2025,3,8102,66771
andhra pradesh,palnadu,2025,4,8103,70192
andhra pradesh,palnadu,2026,1,8104,73145
andhra pradesh,palnadu,2026,2,8105,76084
andhra pradesh,parvathipuram manyam,2018,3,8074,15
andhra pradesh,parvathipuram manyam,2018,4,8075,600
andhra pradesh,parvathipuram manyam,2019,1,8076,1984
andhra pradesh,parvathipuram manyam,2019,2,8077,2519
andhra pradesh,parvathipuram manyam,2019,3,8078,2949
andhra pradesh,parvathipuram manyam,2019,4,8079,3765
andhra pradesh,parvathipuram manyam,2020,1,8080,4206
andhra pradesh,parvathipuram manyam,2020,2,8081,4449
andhra pradesh,parvathipuram manyam,2020,3,8082,5212
andhra pradesh,parvathipuram manyam,2020,4,8083,6205
andhra pradesh,parvathipuram manyam,2021,1,8084,7057
andhra pradesh,parvathipuram manyam,2021,2,8085,7489
andhra pradesh,parvathipuram manyam,2021,3,8086,8075
andhra pradesh,parvathipuram manyam,2021,4,8087,9030
andhra pradesh,parvathipuram manyam,2022,1,8088,9870
andhra pradesh,parvathipuram manyam,2022,2,8089,10453
andhra pradesh,parvathipuram manyam,2022,3,8090,11214
andhra pradesh,parvathipuram manyam,2022,4,8091,11534
andhra pradesh,parvathipuram manyam,2023,1,8092,11762
andhra pradesh,parvathipuram manyam,2023,2,8093,11941
andhra pradesh,parvathipuram manyam,2023,3,8094,12186
andhra pradesh,parvathipuram manyam,2023,4,8095,12562
andhra pradesh,parvathipuram manyam,2024,1,8096,12866
andhra pradesh,parvathipuram manyam,2024,2,8097,13264
andhra pradesh,parvathipuram manyam,2024,3,8098,13579
andhra pradesh,parvathipuram manyam,2024,4,8099,13892
andhra pradesh,parvathipuram manyam,2025,1,8100,14152
andhra pradesh,parvathipuram manyam,2025,2,8101,14361
andhra pradesh,parvathipuram manyam,2025,3,8102,14527
andhra pradesh,parvathipuram manyam,2025,4,8103,14883
andhra pradesh,parvathipuram manyam,2026,1,8104,15261
andhra pradesh,parvathipuram manyam,2026,2,8105,15686
andhra pradesh,prakasam,2018,3,8074,23
andhra pradesh,prakasam,2018,4,8075,126
andhra pradesh,prakasam,2019,1,8076,480
andhra pradesh,prakasam,2019,2,8077,3090
andhra pradesh,prakasam,2019,3,8078,6111
andhra pradesh,prakasam,2019,4,8079,8473
andhra pradesh,prakasam,2020,1,8080,10307
andhra pradesh,prakasam,2020,2,8081,11290
andhra pradesh,prakasam,2020,3,8082,13864
andhra pradesh,prakasam,2020,4,8083,19568
andhra pradesh,prakasam,2021,1,8084,24139
andhra pradesh,prakasam,2021,2,8085,26711
andhra pradesh,prakasam,2021,3,8086,30684
andhra pradesh,prakasam,2021,4,8087,34377
andhra pradesh,prakasam,2022,1,8088,37847
andhra pradesh,prakasam,2022,2,8089,41327
andhra pradesh,prakasam,2022,3,8090,44926
andhra pradesh,prakasam,2022,4,8091,47832
andhra pradesh,prakasam,2023,1,8092,50026
andhra pradesh,prakasam,2023,2,8093,51651
andhra pradesh,prakasam,2023,3,8094,55051
andhra pradesh,prakasam,2023,4,8095,58196
andhra pradesh,prakasam,2024,1,8096,62054
andhra pradesh,prakasam,2024,2,8097,65109
andhra pradesh,prakasam,2024,3,8098,68105
andhra pradesh,prakasam,2024,4,8099,71423
andhra pradesh,prakasam,2025,1,8100,74043
andhra pradesh,prakasam,2025,2,8101,76440
andhra pradesh,prakasam,2025,3,8102,79510
andhra pradesh,prakasam,2025,4,8103,82473
andhra pradesh,prakasam,2026,1,8104,84604
andhra pradesh,prakasam,2026,2,8105,87194
andhra pradesh,sri potti sriramulu nellore,2018,3,8074,19
andhra pradesh,sri potti sriramulu nellore,2018,4,8075,219
andhra pradesh,sri potti sriramulu nellore,2019,1,8076,783
andhra pradesh,sri potti sriramulu nellore,2019,2,8077,3968
andhra pradesh,sri potti sriramulu nellore,2019,3,8078,9165
andhra pradesh,sri potti sriramulu nellore,2019,4,8079,13035
andhra pradesh,sri potti sriramulu nellore,2020,1,8080,15944
andhra pradesh,sri potti sriramulu nellore,2020,2,8081,17596
andhra pradesh,sri potti sriramulu nellore,2020,3,8082,21514
andhra pradesh,sri potti sriramulu nellore,2020,4,8083,28422
andhra pradesh,sri potti sriramulu nellore,2021,1,8084,34055
andhra pradesh,sri potti sriramulu nellore,2021,2,8085,36874
andhra pradesh,sri potti sriramulu nellore,2021,3,8086,39518
andhra pradesh,sri potti sriramulu nellore,2021,4,8087,42224
andhra pradesh,sri potti sriramulu nellore,2022,1,8088,45055
andhra pradesh,sri potti sriramulu nellore,2022,2,8089,47820
andhra pradesh,sri potti sriramulu nellore,2022,3,8090,50494
andhra pradesh,sri potti sriramulu nellore,2022,4,8091,52742
andhra pradesh,sri potti sriramulu nellore,2023,1,8092,53989
andhra pradesh,sri potti sriramulu nellore,2023,2,8093,55819
andhra pradesh,sri potti sriramulu nellore,2023,3,8094,58400
andhra pradesh,sri potti sriramulu nellore,2023,4,8095,61264
andhra pradesh,sri potti sriramulu nellore,2024,1,8096,64874
andhra pradesh,sri potti sriramulu nellore,2024,2,8097,68464
andhra pradesh,sri potti sriramulu nellore,2024,3,8098,71356
andhra pradesh,sri potti sriramulu nellore,2024,4,8099,74416
andhra pradesh,sri potti sriramulu nellore,2025,1,8100,77574
andhra pradesh,sri potti sriramulu nellore,2025,2,8101,81115
andhra pradesh,sri potti sriramulu nellore,2025,3,8102,84072
andhra pradesh,sri potti sriramulu nellore,2025,4,8103,87608
andhra pradesh,sri potti sriramulu nellore,2026,1,8104,90460
andhra pradesh,sri potti sriramulu nellore,2026,2,8105,93583
andhra pradesh,sri sathyasai,2018,1,8072,3
andhra pradesh,sri sathyasai,2018,2,8073,4
andhra pradesh,sri sathyasai,2018,3,8074,33
andhra pradesh,sri sathyasai,2018,4,8075,132
andhra pradesh,sri sathyasai,2019,1,8076,634
andhra pradesh,sri sathyasai,2019,2,8077,2357
andhra pradesh,sri sathyasai,2019,3,8078,4599
andhra pradesh,sri sathyasai,2019,4,8079,6106
andhra pradesh,sri sathyasai,2020,1,8080,7750
andhra pradesh,sri sathyasai,2020,2,8081,8662
andhra pradesh,sri sathyasai,2020,3,8082,11379
andhra pradesh,sri sathyasai,2020,4,8083,18590
andhra pradesh,sri sathyasai,2021,1,8084,21566
andhra pradesh,sri sathyasai,2021,2,8085,23323
andhra pradesh,sri sathyasai,2021,3,8086,25757
andhra pradesh,sri sathyasai,2021,4,8087,28576
andhra pradesh,sri sathyasai,2022,1,8088,31325
andhra pradesh,sri sathyasai,2022,2,8089,34185
andhra pradesh,sri sathyasai,2022,3,8090,36349
andhra pradesh,sri sathyasai,2022,4,8091,37917
andhra pradesh,sri sathyasai,2023,1,8092,37959
andhra pradesh,sri sathyasai,2023,2,8093,38126
andhra pradesh,sri sathyasai,2023,3,8094,38829
andhra pradesh,sri sathyasai,2023,4,8095,39421
andhra pradesh,sri sathyasai,2024,1,8096,40242
andhra pradesh,sri sathyasai,2024,2,8097,41555
andhra pradesh,sri sathyasai,2024,3,8098,42579
andhra pradesh,sri sathyasai,2024,4,8099,43539
andhra pradesh,sri sathyasai,2025,1,8100,44436
andhra pradesh,sri sathyasai,2025,2,8101,45907
andhra pradesh,sri sathyasai,2025,3,8102,47918
andhra pradesh,sri sathyasai,2025,4,8103,51108
andhra pradesh,sri sathyasai,2026,1,8104,53365
andhra pradesh,sri sathyasai,2026,2,8105,55634
andhra pradesh,srikakulam,2018,3,8074,43
andhra pradesh,srikakulam,2018,4,8075,359
andhra pradesh,srikakulam,2019,1,8076,3406
andhra pradesh,srikakulam,2019,2,8077,5097
andhra pradesh,srikakulam,2019,3,8078,6870
andhra pradesh,srikakulam,2019,4,8079,8981
andhra pradesh,srikakulam,2020,1,8080,10365
andhra pradesh,srikakulam,2020,2,8081,11205
andhra pradesh,srikakulam,2020,3,8082,13091
andhra pradesh,srikakulam,2020,4,8083,18816
andhra pradesh,srikakulam,2021,1,8084,23383
andhra pradesh,srikakulam,2021,2,8085,25388
andhra pradesh,srikakulam,2021,3,8086,28253
andhra pradesh,srikakulam,2021,4,8087,31053
andhra pradesh,srikakulam,2022,1,8088,33863
andhra pradesh,srikakulam,2022,2,8089,36061
andhra pradesh,srikakulam,2022,3,8090,38180
andhra pradesh,srikakulam,2022,4,8091,39760
andhra pradesh,srikakulam,2023,1,8092,40260
andhra pradesh,srikakulam,2023,2,8093,41374
andhra pradesh,srikakulam,2023,3,8094,42708
andhra pradesh,srikakulam,2023,4,8095,44501
andhra pradesh,srikakulam,2024,1,8096,46515
andhra pradesh,srikakulam,2024,2,8097,48092
andhra pradesh,srikakulam,2024,3,8098,49537
andhra pradesh,srikakulam,2024,4,8099,51046
andhra pradesh,srikakulam,2025,1,8100,52218
andhra pradesh,srikakulam,2025,2,8101,53530
andhra pradesh,srikakulam,2025,3,8102,54744
andhra pradesh,srikakulam,2025,4,8103,56550
andhra pradesh,srikakulam,2026,1,8104,58081
andhra pradesh,srikakulam,2026,2,8105,59392
andhra pradesh,tirupati,2018,1,8072,2
andhra pradesh,tirupati,2018,2,8073,3
andhra pradesh,tirupati,2018,3,8074,21
andhra pradesh,tirupati,2018,4,8075,1255
andhra pradesh,tirupati,2019,1,8076,10271
andhra pradesh,tirupati,2019,2,8077,16774
andhra pradesh,tirupati,2019,3,8078,22542
andhra pradesh,tirupati,2019,4,8079,28155
andhra pradesh,tirupati,2020,1,8080,31669
andhra pradesh,tirupati,2020,2,8081,33431
andhra pradesh,tirupati,2020,3,8082,36814
andhra pradesh,tirupati,2020,4,8083,42177
andhra pradesh,tirupati,2021,1,8084,46183
andhra pradesh,tirupati,2021,2,8085,48803
andhra pradesh,tirupati,2021,3,8086,53211
andhra pradesh,tirupati,2021,4,8087,57580
andhra pradesh,tirupati,2022,1,8088,62171
andhra pradesh,tirupati,2022,2,8089,66050
andhra pradesh,tirupati,2022,3,8090,69298
andhra pradesh,tirupati,2022,4,8091,72780
andhra pradesh,tirupati,2023,1,8092,74444
andhra pradesh,tirupati,2023,2,8093,76186
andhra pradesh,tirupati,2023,3,8094,79288
andhra pradesh,tirupati,2023,4,8095,82773
andhra pradesh,tirupati,2024,1,8096,87591
andhra pradesh,tirupati,2024,2,8097,91624
andhra pradesh,tirupati,2024,3,8098,95378
andhra pradesh,tirupati,2024,4,8099,98916
andhra pradesh,tirupati,2025,1,8100,102390
andhra pradesh,tirupati,2025,2,8101,105934
andhra pradesh,tirupati,2025,3,8102,109169
andhra pradesh,tirupati,2025,4,8103,112985
andhra pradesh,tirupati,2026,1,8104,115731
andhra pradesh,tirupati,2026,2,8105,118910
andhra pradesh,visakhapatnam,2018,1,8072,2
andhra pradesh,visakhapatnam,2018,2,8073,108
andhra pradesh,visakhapatnam,2018,3,8074,7638
andhra pradesh,visakhapatnam,2018,4,8075,15395
andhra pradesh,visakhapatnam,2019,1,8076,29516
andhra pradesh,visakhapatnam,2019,2,8077,38859
andhra pradesh,visakhapatnam,2019,3,8078,50671
andhra pradesh,visakhapatnam,2019,4,8079,59313
andhra pradesh,visakhapatnam,2020,1,8080,66775
andhra pradesh,visakhapatnam,2020,2,8081,71580
andhra pradesh,visakhapatnam,2020,3,8082,83211
andhra pradesh,visakhapatnam,2020,4,8083,95703
andhra pradesh,visakhapatnam,2021,1,8084,104658
andhra pradesh,visakhapatnam,2021,2,8085,108849
andhra pradesh,visakhapatnam,2021,3,8086,113336
andhra pradesh,visakhapatnam,2021,4,8087,119590
andhra pradesh,visakhapatnam,2022,1,8088,127413
andhra pradesh,visakhapatnam,2022,2,8089,134320
andhra pradesh,visakhapatnam,2022,3,8090,139614
andhra pradesh,visakhapatnam,2022,4,8091,144022
andhra pradesh,visakhapatnam,2023,1,8092,145520
andhra pradesh,visakhapatnam,2023,2,8093,148687
andhra pradesh,visakhapatnam,2023,3,8094,152792
andhra pradesh,visakhapatnam,2023,4,8095,157177
andhra pradesh,visakhapatnam,2024,1,8096,164791
andhra pradesh,visakhapatnam,2024,2,8097,171005
andhra pradesh,visakhapatnam,2024,3,8098,176698
andhra pradesh,visakhapatnam,2024,4,8099,184013
andhra pradesh,visakhapatnam,2025,1,8100,190513
andhra pradesh,visakhapatnam,2025,2,8101,195430
andhra pradesh,visakhapatnam,2025,3,8102,199715
andhra pradesh,visakhapatnam,2025,4,8103,205089
andhra pradesh,visakhapatnam,2026,1,8104,209298
andhra pradesh,visakhapatnam,2026,2,8105,213703
andhra pradesh,vizianagaram,2018,2,8073,1
andhra pradesh,vizianagaram,2018,3,8074,130
andhra pradesh,vizianagaram,2018,4,8075,1775
andhra pradesh,vizianagaram,2019,1,8076,4673
andhra pradesh,vizianagaram,2019,2,8077,7194
andhra pradesh,vizianagaram,2019,3,8078,9243
andhra pradesh,vizianagaram,2019,4,8079,11294
andhra pradesh,vizianagaram,2020,1,8080,12676
andhra pradesh,vizianagaram,2020,2,8081,13618
andhra pradesh,vizianagaram,2020,3,8082,16142
andhra pradesh,vizianagaram,2020,4,8083,18807
andhra pradesh,vizianagaram,2021,1,8084,21792
andhra pradesh,vizianagaram,2021,2,8085,22735
andhra pradesh,vizianagaram,2021,3,8086,24167
andhra pradesh,vizianagaram,2021,4,8087,25967
andhra pradesh,vizianagaram,2022,1,8088,28068
andhra pradesh,vizianagaram,2022,2,8089,29508
andhra pradesh,vizianagaram,2022,3,8090,31481
andhra pradesh,vizianagaram,2022,4,8091,32370
andhra pradesh,vizianagaram,2023,1,8092,32980
andhra pradesh,vizianagaram,2023,2,8093,33857
andhra pradesh,vizianagaram,2023,3,8094,35796
andhra pradesh,vizianagaram,2023,4,8095,38260
andhra pradesh,vizianagaram,2024,1,8096,40434
andhra pradesh,vizianagaram,2024,2,8097,42024
andhra pradesh,vizianagaram,2024,3,8098,42974
andhra pradesh,vizianagaram,2024,4,8099,44066
andhra pradesh,vizianagaram,2025,1,8100,45640
andhra pradesh,vizianagaram,2025,2,8101,47322
andhra pradesh,vizianagaram,2025,3,8102,48676
andhra pradesh,vizianagaram,2025,4,8103,51259
andhra pradesh,vizianagaram,2026,1,8104,52970
andhra pradesh,vizianagaram,2026,2,8105,54937
andhra pradesh,west godavari,2018,3,8074,4
andhra pradesh,west godavari,2018,4,8075,45
andhra pradesh,west godavari,2019,1,8076,357
andhra pradesh,west godavari,2019,2,8077,2021
andhra pradesh,west godavari,2019,3,8078,2882
andhra pradesh,west godavari,2019,4,8079,4082
andhra pradesh,west godavari,2020,1,8080,5314
andhra pradesh,west godavari,2020,2,8081,5814
andhra pradesh,west godavari,2020,3,8082,7319
andhra pradesh,west godavari,2020,4,8083,10099
andhra pradesh,west godavari,2021,1,8084,14183
andhra pradesh,west godavari,2021,2,8085,16321
andhra pradesh,west godavari,2021,3,8086,19431
andhra pradesh,west godavari,2021,4,8087,22362
andhra pradesh,west godavari,2022,1,8088,25125
andhra pradesh,west godavari,2022,2,8089,27277
andhra pradesh,west godavari,2022,3,8090,29290
andhra pradesh,west godavari,2022,4,8091,30938
andhra pradesh,west godavari,2023,1,8092,31567
andhra pradesh,west godavari,2023,2,8093,32326
andhra pradesh,west godavari,2023,3,8094,33610
andhra pradesh,west godavari,2023,4,8095,35076
andhra pradesh,west godavari,2024,1,8096,36608
andhra pradesh,west godavari,2024,2,8097,38066
andhra pradesh,west godavari,2024,3,8098,39430
andhra pradesh,west godavari,2024,4,8099,40824
andhra pradesh,west godavari,2025,1,8100,41921
andhra pradesh,west godavari,2025,2,8101,42877
andhra pradesh,west godavari,2025,3,8102,43957
andhra pradesh,west godavari,2025,4,8103,45556
andhra pradesh,west godavari,2026,1,8104,47124
andhra pradesh,west godavari,2026,2,8105,48583
andhra pradesh,ysr kadapa,2018,1,8072,1
andhra pradesh,ysr kadapa,2018,2,8073,1
andhra pradesh,ysr kadapa,2018,3,8074,35
andhra pradesh,ysr kadapa,2018,4,8075,198
andhra pradesh,ysr kadapa,2019,1,8076,840
andhra pradesh,ysr kadapa,2019,2,8077,2923
andhra pradesh,ysr kadapa,2019,3,8078,5572
andhra pradesh,ysr kadapa,2019,4,8079,9291
andhra pradesh,ysr kadapa,2020,1,8080,11237
andhra pradesh,ysr kadapa,2020,2,8081,12256
andhra pradesh,ysr kadapa,2020,3,8082,14564
andhra pradesh,ysr kadapa,2020,4,8083,20725
andhra pradesh,ysr kadapa,2021,1,8084,25792
andhra pradesh,ysr kadapa,2021,2,8085,28625
andhra pradesh,ysr kadapa,2021,3,8086,32719
andhra pradesh,ysr kadapa,2021,4,8087,37475
andhra pradesh,ysr kadapa,2022,1,8088,41300
andhra pradesh,ysr kadapa,2022,2,8089,45195
andhra pradesh,ysr kadapa,2022,3,8090,48185
andhra pradesh,ysr kadapa,2022,4,8091,50794
andhra pradesh,ysr kadapa,2023,1,8092,51660
andhra pradesh,ysr kadapa,2023,2,8093,52568
andhra pradesh,ysr kadapa,2023,3,8094,54255
andhra pradesh,ysr kadapa,2023,4,8095,56168
andhra pradesh,ysr kadapa,2024,1,8096,58354
andhra pradesh,ysr kadapa,2024,2,8097,60474
andhra pradesh,ysr kadapa,2024,3,8098,62525
andhra pradesh,ysr kadapa,2024,4,8099,65224
andhra pradesh,ysr kadapa,2025,1,8100,67378
andhra pradesh,ysr kadapa,2025,2,8101,69252
andhra pradesh,ysr kadapa,2025,3,8102,71474
andhra pradesh,ysr kadapa,2025,4,8103,74937
andhra pradesh,ysr kadapa,2026,1,8104,76884
andhra pradesh,ysr kadapa,2026,2,8105,79060
arunachal pradesh,anjaw,2019,4,8079,1
arunachal pradesh,anjaw,2020,1,8080,1
arunachal pradesh,anjaw,2020,2,8081,1
arunachal pradesh,anjaw,2020,3,8082,1
arunachal pradesh,anjaw,2020,4,8083,1
arunachal pradesh,anjaw,2021,1,8084,1
arunachal pradesh,anjaw,2021,2,8085,2
arunachal pradesh,anjaw,2021,3,8086,2
arunachal pradesh,anjaw,2021,4,8087,2
arunachal pradesh,anjaw,2022,1,8088,2
arunachal pradesh,anjaw,2022,2,8089,2
arunachal pradesh,anjaw,2022,3,8090,6
arunachal pradesh,anjaw,2022,4,8091,8
arunachal pradesh,anjaw,2023,1,8092,7
arunachal pradesh,anjaw,2023,2,8093,7
arunachal pradesh,anjaw,2023,3,8094,7
arunachal pradesh,anjaw,2023,4,8095,7
arunachal pradesh,anjaw,2024,1,8096,8
arunachal pradesh,anjaw,2024,2,8097,8
arunachal pradesh,anjaw,2024,3,8098,16
arunachal pradesh,anjaw,2024,4,8099,16
arunachal pradesh,anjaw,2025,1,8100,16
arunachal pradesh,anjaw,2025,2,8101,16
arunachal pradesh,anjaw,2025,3,8102,16
arunachal pradesh,anjaw,2025,4,8103,16
arunachal pradesh,anjaw,2026,1,8104,16
arunachal pradesh,anjaw,2026,2,8105,16
arunachal pradesh,bichom,2019,2,8077,1
arunachal pradesh,bichom,2019,3,8078,2
arunachal pradesh,bichom,2019,4,8079,2
arunachal pradesh,bichom,2020,1,8080,2
arunachal pradesh,bichom,2020,2,8081,2
arunachal pradesh,bichom,2020,3,8082,2
arunachal pradesh,bichom,2020,4,8083,2
arunachal pradesh,bichom,2021,1,8084,2
arunachal pradesh,bichom,2021,2,8085,3
arunachal pradesh,bichom,2021,3,8086,3
arunachal pradesh,bichom,2021,4,8087,3
arunachal pradesh,bichom,2022,1,8088,6
arunachal pradesh,bichom,2022,2,8089,7
arunachal pradesh,bichom,2022,3,8090,25
arunachal pradesh,bichom,2022,4,8091,27
arunachal pradesh,bichom,2023,1,8092,27
arunachal pradesh,bichom,2023,2,8093,28
arunachal pradesh,bichom,2023,3,8094,31
arunachal pradesh,bichom,2023,4,8095,33
arunachal pradesh,bichom,2024,1,8096,33
arunachal pradesh,bichom,2024,2,8097,34
arunachal pradesh,bichom,2024,3,8098,34
arunachal pradesh,bichom,2024,4,8099,34
arunachal pradesh,bichom,2025,1,8100,34
arunachal pradesh,bichom,2025,2,8101,34
arunachal pradesh,bichom,2025,3,8102,42
arunachal pradesh,bichom,2025,4,8103,44
arunachal pradesh,bichom,2026,1,8104,44
arunachal pradesh,bichom,2026,2,8105,43
arunachal pradesh,changlang,2019,1,8076,1
arunachal pradesh,changlang,2019,2,8077,4
arunachal pradesh,changlang,2019,3,8078,9
arunachal pradesh,changlang,2019,4,8079,10
arunachal pradesh,changlang,2020,1,8080,12
arunachal pradesh,changlang,2020,2,8081,15
arunachal pradesh,changlang,2020,3,8082,16
arunachal pradesh,changlang,2020,4,8083,19
arunachal pradesh,changlang,2021,1,8084,23
arunachal pradesh,changlang,2021,2,8085,29
arunachal pradesh,changlang,2021,3,8086,50
arunachal pradesh,changlang,2021,4,8087,74
arunachal pradesh,changlang,2022,1,8088,122
arunachal pradesh,changlang,2022,2,8089,225
arunachal pradesh,changlang,2022,3,8090,440
arunachal pradesh,changlang,2022,4,8091,496
arunachal pradesh,changlang,2023,1,8092,572
arunachal pradesh,changlang,2023,2,8093,615
arunachal pradesh,changlang,2023,3,8094,663
arunachal pradesh,changlang,2023,4,8095,767
arunachal pradesh,changlang,2024,1,8096,834
arunachal pradesh,changlang,2024,2,8097,921
arunachal pradesh,changlang,2024,3,8098,993
arunachal pradesh,changlang,2024,4,8099,1076
arunachal pradesh,changlang,2025,1,8100,1139
arunachal pradesh,changlang,2025,2,8101,1146
arunachal pradesh,changlang,2025,3,8102,1229
arunachal pradesh,changlang,2025,4,8103,1246
arunachal pradesh,changlang,2026,1,8104,1247
arunachal pradesh,changlang,2026,2,8105,1255
arunachal pradesh,dibang valley,2021,4,8087,1
arunachal pradesh,dibang valley,2022,1,8088,2
arunachal pradesh,dibang valley,2022,2,8089,2
arunachal pradesh,dibang valley,2022,3,8090,3
arunachal pradesh,dibang valley,2022,4,8091,3
arunachal pradesh,dibang valley,2023,1,8092,4
arunachal pradesh,dibang valley,2023,2,8093,4
arunachal pradesh,dibang valley,2023,3,8094,4
arunachal pradesh,dibang valley,2023,4,8095,4
arunachal pradesh,dibang valley,2024,1,8096,5
arunachal pradesh,dibang valley,2024,2,8097,5
arunachal pradesh,dibang valley,2024,3,8098,26
arunachal pradesh,dibang valley,2024,4,8099,26
arunachal pradesh,dibang valley,2025,1,8100,26
arunachal pradesh,dibang valley,2025,2,8101,26
arunachal pradesh,dibang valley,2025,3,8102,26
arunachal pradesh,dibang valley,2025,4,8103,26
arunachal pradesh,dibang valley,2026,1,8104,26
arunachal pradesh,dibang valley,2026,2,8105,26
arunachal pradesh,east kameng,2019,3,8078,2
arunachal pradesh,east kameng,2019,4,8079,2
arunachal pradesh,east kameng,2020,1,8080,3
arunachal pradesh,east kameng,2020,2,8081,3
arunachal pradesh,east kameng,2020,3,8082,3
arunachal pradesh,east kameng,2020,4,8083,3
arunachal pradesh,east kameng,2021,1,8084,4
arunachal pradesh,east kameng,2021,2,8085,7
arunachal pradesh,east kameng,2021,3,8086,9
arunachal pradesh,east kameng,2021,4,8087,12
arunachal pradesh,east kameng,2022,1,8088,18
arunachal pradesh,east kameng,2022,2,8089,23
arunachal pradesh,east kameng,2022,3,8090,166
arunachal pradesh,east kameng,2022,4,8091,340
arunachal pradesh,east kameng,2023,1,8092,447
arunachal pradesh,east kameng,2023,2,8093,540
arunachal pradesh,east kameng,2023,3,8094,639
arunachal pradesh,east kameng,2023,4,8095,743
arunachal pradesh,east kameng,2024,1,8096,844
arunachal pradesh,east kameng,2024,2,8097,939
arunachal pradesh,east kameng,2024,3,8098,1011
arunachal pradesh,east kameng,2024,4,8099,1098
arunachal pradesh,east kameng,2025,1,8100,1187
arunachal pradesh,east kameng,2025,2,8101,1286
arunachal pradesh,east kameng,2025,3,8102,1393
arunachal pradesh,east kameng,2025,4,8103,1452
arunachal pradesh,east kameng,2026,1,8104,1481
arunachal pradesh,east kameng,2026,2,8105,1481
arunachal pradesh,east siang,2019,1,8076,3
arunachal pradesh,east siang,2019,2,8077,7
arunachal pradesh,east siang,2019,3,8078,13
arunachal pradesh,east siang,2019,4,8079,16
arunachal pradesh,east siang,2020,1,8080,19
arunachal pradesh,east siang,2020,2,8081,22
arunachal pradesh,east siang,2020,3,8082,25
arunachal pradesh,east siang,2020,4,8083,32
arunachal pradesh,east siang,2021,1,8084,38
arunachal pradesh,east siang,2021,2,8085,56
arunachal pradesh,east siang,2021,3,8086,81
arunachal pradesh,east siang,2021,4,8087,109
arunachal pradesh,east siang,2022,1,8088,229
arunachal pradesh,east siang,2022,2,8089,459
arunachal pradesh,east siang,2022,3,8090,581
arunachal pradesh,east siang,2022,4,8091,808
arunachal pradesh,east siang,2023,1,8092,891
arunachal pradesh,east siang,2023,2,8093,941
arunachal pradesh,east siang,2023,3,8094,953
arunachal pradesh,east siang,2023,4,8095,1126
arunachal pradesh,east siang,2024,1,8096,1293
arunachal pradesh,east siang,2024,2,8097,1437
arunachal pradesh,east siang,2024,3,8098,1547
arunachal pradesh,east siang,2024,4,8099,1642
arunachal pradesh,east siang,2025,1,8100,1700
arunachal pradesh,east siang,2025,2,8101,1907
arunachal pradesh,east siang,2025,3,8102,2246
arunachal pradesh,east siang,2025,4,8103,2456
arunachal pradesh,east siang,2026,1,8104,2747
arunachal pradesh,east siang,2026,2,8105,3200
arunachal pradesh,itanagar capital complex,2018,4,8075,1
arunachal pradesh,itanagar capital complex,2019,1,8076,10
arunachal pradesh,itanagar capital complex,2019,2,8077,23
arunachal pradesh,itanagar capital complex,2019,3,8078,38
arunachal pradesh,itanagar capital complex,2019,4,8079,45
arunachal pradesh,itanagar capital complex,2020,1,8080,60
arunachal pradesh,itanagar capital complex,2020,2,8081,72
arunachal pradesh,itanagar capital complex,2020,3,8082,78
arunachal pradesh,itanagar capital complex,2020,4,8083,91
arunachal pradesh,itanagar capital complex,2021,1,8084,119
arunachal pradesh,itanagar capital complex,2021,2,8085,168
arunachal pradesh,itanagar capital complex,2021,3,8086,245
arunachal pradesh,itanagar capital complex,2021,4,8087,369
arunachal pradesh,itanagar capital complex,2022,1,8088,684
arunachal pradesh,itanagar capital complex,2022,2,8089,903
arunachal pradesh,itanagar capital complex,2022,3,8090,2186
arunachal pradesh,itanagar capital complex,2022,4,8091,2893
arunachal pradesh,itanagar capital complex,2023,1,8092,3020
arunachal pradesh,itanagar capital complex,2023,2,8093,3358
arunachal pradesh,itanagar capital complex,2023,3,8094,4346
arunachal pradesh,itanagar capital complex,2023,4,8095,4881
arunachal pradesh,itanagar capital complex,2024,1,8096,5685
arunachal pradesh,itanagar capital complex,2024,2,8097,6435
arunachal pradesh,itanagar capital complex,2024,3,8098,7147
arunachal pradesh,itanagar capital complex,2024,4,8099,7987
arunachal pradesh,itanagar capital complex,2025,1,8100,8889
arunachal pradesh,itanagar capital complex,2025,2,8101,9582
arunachal pradesh,itanagar capital complex,2025,3,8102,10369
arunachal pradesh,itanagar capital complex,2025,4,8103,11201
arunachal pradesh,itanagar capital complex,2026,1,8104,12294
arunachal pradesh,itanagar capital complex,2026,2,8105,13506
arunachal pradesh,kamle,2019,2,8077,1
arunachal pradesh,kamle,2019,3,8078,1
arunachal pradesh,kamle,2019,4,8079,2
arunachal pradesh,kamle,2020,1,8080,2
arunachal pradesh,kamle,2020,2,8081,2
arunachal pradesh,kamle,2020,3,8082,2
arunachal pradesh,kamle,2020,4,8083,3
arunachal pradesh,kamle,2021,1,8084,3
arunachal pradesh,kamle,2021,2,8085,3
arunachal pradesh,kamle,2021,3,8086,3
arunachal pradesh,kamle,2021,4,8087,4
arunachal pradesh,kamle,2022,1,8088,11
arunachal pradesh,kamle,2022,2,8089,12
arunachal pradesh,kamle,2022,3,8090,12
arunachal pradesh,kamle,2022,4,8091,17
arunachal pradesh,kamle,2023,1,8092,17
arunachal pradesh,kamle,2023,2,8093,17
arunachal pradesh,kamle,2023,3,8094,18
arunachal pradesh,kamle,2023,4,8095,22
arunachal pradesh,kamle,2024,1,8096,75
arunachal pradesh,kamle,2024,2,8097,88
arunachal pradesh,kamle,2024,3,8098,96
arunachal pradesh,kamle,2024,4,8099,113
arunachal pradesh,kamle,2025,1,8100,125
arunachal pradesh,kamle,2025,2,8101,126
arunachal pradesh,kamle,2025,3,8102,129
arunachal pradesh,kamle,2025,4,8103,158
arunachal pradesh,kamle,2026,1,8104,160
arunachal pradesh,kamle,2026,2,8105,193
arunachal pradesh,keyi panyor,2019,1,8076,1
arunachal pradesh,keyi panyor,2019,2,8077,2
arunachal pradesh,keyi panyor,2019,3,8078,2
arunachal pradesh,keyi panyor,2019,4,8079,3
arunachal pradesh,keyi panyor,2020,1,8080,4
arunachal pradesh,keyi panyor,2020,2,8081,4
arunachal pradesh,keyi panyor,2020,3,8082,5
arunachal pradesh,keyi panyor,2020,4,8083,5
arunachal pradesh,keyi panyor,2021,1,8084,6
arunachal pradesh,keyi panyor,2021,2,8085,6
arunachal pradesh,keyi panyor,2021,3,8086,6
arunachal pradesh,keyi panyor,2021,4,8087,8
arunachal pradesh,keyi panyor,2022,1,8088,10
arunachal pradesh,keyi panyor,2022,2,8089,13
arunachal pradesh,keyi panyor,2022,3,8090,30
arunachal pradesh,keyi panyor,2022,4,8091,105
arunachal pradesh,keyi panyor,2023,1,8092,107
arunachal pradesh,keyi panyor,2023,2,8093,108
arunachal pradesh,keyi panyor,2023,3,8094,122
arunachal pradesh,keyi panyor,2023,4,8095,143
arunachal pradesh,keyi panyor,2024,1,8096,151
arunachal pradesh,keyi panyor,2024,2,8097,174
arunachal pradesh,keyi panyor,2024,3,8098,191
arunachal pradesh,keyi panyor,2024,4,8099,215
arunachal pradesh,keyi panyor,2025,1,8100,259
arunachal pradesh,keyi panyor,2025,2,8101,273
arunachal pradesh,keyi panyor,2025,3,8102,313
arunachal pradesh,keyi panyor,2025,4,8103,348
arunachal pradesh,keyi panyor,2026,1,8104,367
arunachal pradesh,keyi panyor,2026,2,8105,424
arunachal pradesh,kra daadi,2019,4,8079,1
arunachal pradesh,kra daadi,2020,1,8080,1
arunachal pradesh,kra daadi,2020,2,8081,1
arunachal pradesh,kra daadi,2020,3,8082,1
arunachal pradesh,kra daadi,2020,4,8083,1
arunachal pradesh,kra daadi,2021,1,8084,1
arunachal pradesh,kra daadi,2021,2,8085,1
arunachal pradesh,kra daadi,2021,3,8086,2
arunachal pradesh,kra daadi,2021,4,8087,2
arunachal pradesh,kra daadi,2022,1,8088,4
arunachal pradesh,kra daadi,2022,2,8089,5
arunachal pradesh,kra daadi,2022,3,8090,6
arunachal pradesh,kra daadi,2022,4,8091,9
arunachal pradesh,kra daadi,2023,1,8092,9
arunachal pradesh,kra daadi,2023,2,8093,9
arunachal pradesh,kra daadi,2023,3,8094,9
arunachal pradesh,kra daadi,2023,4,8095,92
arunachal pradesh,kra daadi,2024,1,8096,102
arunachal pradesh,kra daadi,2024,2,8097,119
arunachal pradesh,kra daadi,2024,3,8098,134
arunachal pradesh,kra daadi,2024,4,8099,139
arunachal pradesh,kra daadi,2025,1,8100,141
arunachal pradesh,kra daadi,2025,2,8101,157
arunachal pradesh,kra daadi,2025,3,8102,182
arunachal pradesh,kra daadi,2025,4,8103,201
arunachal pradesh,kra daadi,2026,1,8104,201
arunachal pradesh,kra daadi,2026,2,8105,207
arunachal pradesh,kurung kumey,2019,1,8076,1
arunachal pradesh,kurung kumey,2019,2,8077,1
arunachal pradesh,kurung kumey,2019,3,8078,1
arunachal pradesh,kurung kumey,2019,4,8079,2
arunachal pradesh,kurung kumey,2020,1,8080,3
arunachal pradesh,kurung kumey,2020,2,8081,3
arunachal pradesh,kurung kumey,2020,3,8082,3
arunachal pradesh,kurung kumey,2020,4,8083,3
arunachal pradesh,kurung kumey,2021,1,8084,3
arunachal pradesh,kurung kumey,2021,2,8085,4
arunachal pradesh,kurung kumey,2021,3,8086,6
arunachal pradesh,kurung kumey,2021,4,8087,9
arunachal pradesh,kurung kumey,2022,1,8088,11
arunachal pradesh,kurung kumey,2022,2,8089,11
arunachal pradesh,kurung kumey,2022,3,8090,15
arunachal pradesh,kurung kumey,2022,4,8091,14
arunachal pradesh,kurung kumey,2023,1,8092,16
arunachal pradesh,kurung kumey,2023,2,8093,17
arunachal pradesh,kurung kumey,2023,3,8094,46
arunachal pradesh,kurung kumey,2023,4,8095,94
arunachal pradesh,kurung kumey,2024,1,8096,97
arunachal pradesh,kurung kumey,2024,2,8097,98
arunachal pradesh,kurung kumey,2024,3,8098,100
arunachal pradesh,kurung kumey,2024,4,8099,109
arunachal pradesh,kurung kumey,2025,1,8100,119
arunachal pradesh,kurung kumey,2025,2,8101,175
arunachal pradesh,kurung kumey,2025,3,8102,188
arunachal pradesh,kurung kumey,2025,4,8103,215
arunachal pradesh,kurung kumey,2026,1,8104,216
arunachal pradesh,kurung kumey,2026,2,8105,218
arunachal pradesh,lepa rada,2019,1,8076,2
arunachal pradesh,lepa rada,2019,2,8077,5
arunachal pradesh,lepa rada,2019,3,8078,7
arunachal pradesh,lepa rada,2019,4,8079,8
arunachal pradesh,lepa rada,2020,1,8080,9
arunachal pradesh,lepa rada,2020,2,8081,10
arunachal pradesh,lepa rada,2020,3,8082,10
arunachal pradesh,lepa rada,2020,4,8083,10
arunachal pradesh,lepa rada,2021,1,8084,12
arunachal pradesh,lepa rada,2021,2,8085,14
arunachal pradesh,lepa rada,2021,3,8086,33
arunachal pradesh,lepa rada,2021,4,8087,37
arunachal pradesh,lepa rada,2022,1,8088,46
arunachal pradesh,lepa rada,2022,2,8089,51
arunachal pradesh,lepa rada,2022,3,8090,55
arunachal pradesh,lepa rada,2022,4,8091,58
arunachal pradesh,lepa rada,2023,1,8092,58
arunachal pradesh,lepa rada,2023,2,8093,60
arunachal pradesh,lepa rada,2023,3,8094,67
arunachal pradesh,lepa rada,2023,4,8095,71
arunachal pradesh,lepa rada,2024,1,8096,73
arunachal pradesh,lepa rada,2024,2,8097,106
arunachal pradesh,lepa rada,2024,3,8098,133
arunachal pradesh,lepa rada,2024,4,8099,141
arunachal pradesh,lepa rada,2025,1,8100,142
arunachal pradesh,lepa rada,2025,2,8101,142
arunachal pradesh,lepa rada,2025,3,8102,142
arunachal pradesh,lepa rada,2025,4,8103,167
arunachal pradesh,lepa rada,2026,1,8104,173
arunachal pradesh,lepa rada,2026,2,8105,176
arunachal pradesh,lohit,2019,2,8077,2
arunachal pradesh,lohit,2019,3,8078,5
arunachal pradesh,lohit,2019,4,8079,7
arunachal pradesh,lohit,2020,1,8080,7
arunachal pradesh,lohit,2020,2,8081,8
arunachal pradesh,lohit,2020,3,8082,8
arunachal pradesh,lohit,2020,4,8083,10
arunachal pradesh,lohit,2021,1,8084,11
arunachal pradesh,lohit,2021,2,8085,17
arunachal pradesh,lohit,2021,3,8086,27
arunachal pradesh,lohit,2021,4,8087,128
arunachal pradesh,lohit,2022,1,8088,139
arunachal pradesh,lohit,2022,2,8089,160
arunachal pradesh,lohit,2022,3,8090,190
arunachal pradesh,lohit,2022,4,8091,332
arunachal pradesh,lohit,2023,1,8092,334
arunachal pradesh,lohit,2023,2,8093,333
arunachal pradesh,lohit,2023,3,8094,371
arunachal pradesh,lohit,2023,4,8095,422
arunachal pradesh,lohit,2024,1,8096,428
arunachal pradesh,lohit,2024,2,8097,450
arunachal pradesh,lohit,2024,3,8098,476
arunachal pradesh,lohit,2024,4,8099,508
arunachal pradesh,lohit,2025,1,8100,519
arunachal pradesh,lohit,2025,2,8101,519
arunachal pradesh,lohit,2025,3,8102,519
arunachal pradesh,lohit,2025,4,8103,523
arunachal pradesh,lohit,2026,1,8104,524
arunachal pradesh,lohit,2026,2,8105,524
arunachal pradesh,longding,2019,1,8076,1
arunachal pradesh,longding,2019,2,8077,1
arunachal pradesh,longding,2019,3,8078,4
arunachal pradesh,longding,2019,4,8079,5
arunachal pradesh,longding,2020,1,8080,6
arunachal pradesh,longding,2020,2,8081,6
arunachal pradesh,longding,2020,3,8082,6
arunachal pradesh,longding,2020,4,8083,6
arunachal pradesh,longding,2021,1,8084,6
arunachal pradesh,longding,2021,2,8085,6
arunachal pradesh,longding,2021,3,8086,7
arunachal pradesh,longding,2021,4,8087,8
arunachal pradesh,longding,2022,1,8088,10
arunachal pradesh,longding,2022,2,8089,20
arunachal pradesh,longding,2022,3,8090,26
arunachal pradesh,longding,2022,4,8091,54
arunachal pradesh,longding,2023,1,8092,54
arunachal pradesh,longding,2023,2,8093,56
arunachal pradesh,longding,2023,3,8094,59
arunachal pradesh,longding,2023,4,8095,59
arunachal pradesh,longding,2024,1,8096,59
arunachal pradesh,longding,2024,2,8097,90
arunachal pradesh,longding,2024,3,8098,123
arunachal pradesh,longding,2024,4,8099,135
arunachal pradesh,longding,2025,1,8100,137
arunachal pradesh,longding,2025,2,8101,170
arunachal pradesh,longding,2025,3,8102,174
arunachal pradesh,longding,2025,4,8103,174
arunachal pradesh,longding,2026,1,8104,176
arunachal pradesh,longding,2026,2,8105,198
arunachal pradesh,lower dibang valley,2018,4,8075,1
arunachal pradesh,lower dibang valley,2019,1,8076,1
arunachal pradesh,lower dibang valley,2019,2,8077,2
arunachal pradesh,lower dibang valley,2019,3,8078,2
arunachal pradesh,lower dibang valley,2019,4,8079,4
arunachal pradesh,lower dibang valley,2020,1,8080,5
arunachal pradesh,lower dibang valley,2020,2,8081,8
arunachal pradesh,lower dibang valley,2020,3,8082,9
arunachal pradesh,lower dibang valley,2020,4,8083,13
arunachal pradesh,lower dibang valley,2021,1,8084,16
arunachal pradesh,lower dibang valley,2021,2,8085,23
arunachal pradesh,lower dibang valley,2021,3,8086,42
arunachal pradesh,lower dibang valley,2021,4,8087,126
arunachal pradesh,lower dibang valley,2022,1,8088,146
arunachal pradesh,lower dibang valley,2022,2,8089,184
arunachal pradesh,lower dibang valley,2022,3,8090,232
arunachal pradesh,lower dibang valley,2022,4,8091,326
arunachal pradesh,lower dibang valley,2023,1,8092,325
arunachal pradesh,lower dibang valley,2023,2,8093,326
arunachal pradesh,lower dibang valley,2023,3,8094,390
arunachal pradesh,lower dibang valley,2023,4,8095,435
arunachal pradesh,lower dibang valley,2024,1,8096,456
arunachal pradesh,lower dibang valley,2024,2,8097,484
arunachal pradesh,lower dibang valley,2024,3,8098,569
arunachal pradesh,lower dibang valley,2024,4,8099,619
arunachal pradesh,lower dibang valley,2025,1,8100,628
arunachal pradesh,lower dibang valley,2025,2,8101,636
arunachal pradesh,lower dibang valley,2025,3,8102,651
arunachal pradesh,lower dibang valley,2025,4,8103,667
arunachal pradesh,lower dibang valley,2026,1,8104,690
arunachal pradesh,lower dibang valley,2026,2,8105,710
arunachal pradesh,lower siang,2019,2,8077,1
arunachal pradesh,lower siang,2019,3,8078,1
arunachal pradesh,lower siang,2019,4,8079,1
arunachal pradesh,lower siang,2020,1,8080,1
arunachal pradesh,lower siang,2020,2,8081,1
arunachal pradesh,lower siang,2020,3,8082,2
arunachal pradesh,lower siang,2020,4,8083,3
arunachal pradesh,lower siang,2021,1,8084,5
arunachal pradesh,lower siang,2021,2,8085,7
arunachal pradesh,lower siang,2021,3,8086,11
arunachal pradesh,lower siang,2021,4,8087,32
arunachal pradesh,lower siang,2022,1,8088,60
arunachal pradesh,lower siang,2022,2,8089,77
arunachal pradesh,lower siang,2022,3,8090,147
arunachal pradesh,lower siang,2022,4,8091,160
arunachal pradesh,lower siang,2023,1,8092,168
arunachal pradesh,lower siang,2023,2,8093,173
arunachal pradesh,lower siang,2023,3,8094,218
arunachal pradesh,lower siang,2023,4,8095,272
arunachal pradesh,lower siang,2024,1,8096,309
arunachal pradesh,lower siang,2024,2,8097,338
arunachal pradesh,lower siang,2024,3,8098,377
arunachal pradesh,lower siang,2024,4,8099,400
arunachal pradesh,lower siang,2025,1,8100,417
arunachal pradesh,lower siang,2025,2,8101,430
arunachal pradesh,lower siang,2025,3,8102,442
arunachal pradesh,lower siang,2025,4,8103,455
arunachal pradesh,lower siang,2026,1,8104,477
arunachal pradesh,lower siang,2026,2,8105,497
arunachal pradesh,lower subansiri,2019,2,8077,1
arunachal pradesh,lower subansiri,2019,3,8078,4
arunachal pradesh,lower subansiri,2019,4,8079,5
arunachal pradesh,lower subansiri,2020,1,8080,6
arunachal pradesh,lower subansiri,2020,2,8081,6
arunachal pradesh,lower subansiri,2020,3,8082,7
arunachal pradesh,lower subansiri,2020,4,8083,7
arunachal pradesh,lower subansiri,2021,1,8084,8
arunachal pradesh,lower subansiri,2021,2,8085,9
arunachal pradesh,lower subansiri,2021,3,8086,16
arunachal pradesh,lower subansiri,2021,4,8087,27
arunachal pradesh,lower subansiri,2022,1,8088,36
arunachal pradesh,lower subansiri,2022,2,8089,52
arunachal pradesh,lower subansiri,2022,3,8090,69
arunachal pradesh,lower subansiri,2022,4,8091,319
arunachal pradesh,lower subansiri,2023,1,8092,315
arunachal pradesh,lower subansiri,2023,2,8093,319
arunachal pradesh,lower subansiri,2023,3,8094,355
arunachal pradesh,lower subansiri,2023,4,8095,360
arunachal pradesh,lower subansiri,2024,1,8096,362
arunachal pradesh,lower subansiri,2024,2,8097,369
arunachal pradesh,lower subansiri,2024,3,8098,394
arunachal pradesh,lower subansiri,2024,4,8099,439
arunachal pradesh,lower subansiri,2025,1,8100,578
arunachal pradesh,lower subansiri,2025,2,8101,640
arunachal pradesh,lower subansiri,2025,3,8102,716
arunachal pradesh,lower subansiri,2025,4,8103,774
arunachal pradesh,lower subansiri,2026,1,8104,826
arunachal pradesh,lower subansiri,2026,2,8105,866
arunachal pradesh,namsai,2019,2,8077,2
arunachal pradesh,namsai,2019,3,8078,8
arunachal pradesh,namsai,2019,4,8079,15
arunachal pradesh,namsai,2020,1,8080,20
arunachal pradesh,namsai,2020,2,8081,23
arunachal pradesh,namsai,2020,3,8082,25
arunachal pradesh,namsai,2020,4,8083,27
arunachal pradesh,namsai,2021,1,8084,30
arunachal pradesh,namsai,2021,2,8085,37
arunachal pradesh,namsai,2021,3,8086,57
arunachal pradesh,namsai,2021,4,8087,111
arunachal pradesh,namsai,2022,1,8088,135
arunachal pradesh,namsai,2022,2,8089,176
arunachal pradesh,namsai,2022,3,8090,307
arunachal pradesh,namsai,2022,4,8091,404
arunachal pradesh,namsai,2023,1,8092,403
arunachal pradesh,namsai,2023,2,8093,403
arunachal pradesh,namsai,2023,3,8094,415
arunachal pradesh,namsai,2023,4,8095,452
arunachal pradesh,namsai,2024,1,8096,494
arunachal pradesh,namsai,2024,2,8097,557
arunachal pradesh,namsai,2024,3,8098,595
arunachal pradesh,namsai,2024,4,8099,612
arunachal pradesh,namsai,2025,1,8100,617
arunachal pradesh,namsai,2025,2,8101,621
arunachal pradesh,namsai,2025,3,8102,624
arunachal pradesh,namsai,2025,4,8103,657
arunachal pradesh,namsai,2026,1,8104,661
arunachal pradesh,namsai,2026,2,8105,668
arunachal pradesh,pakke kessang,2019,3,8078,1
arunachal pradesh,pakke kessang,2019,4,8079,1
arunachal pradesh,pakke kessang,2020,1,8080,1
arunachal pradesh,pakke kessang,2020,2,8081,1
arunachal pradesh,pakke kessang,2020,3,8082,1
arunachal pradesh,pakke kessang,2020,4,8083,2
arunachal pradesh,pakke kessang,2021,1,8084,2
arunachal pradesh,pakke kessang,2021,2,8085,2
arunachal pradesh,pakke kessang,2021,3,8086,3
arunachal pradesh,pakke kessang,2021,4,8087,4
arunachal pradesh,pakke kessang,2022,1,8088,13
arunachal pradesh,pakke kessang,2022,2,8089,18
arunachal pradesh,pakke kessang,2022,3,8090,20
arunachal pradesh,pakke kessang,2022,4,8091,35
arunachal pradesh,pakke kessang,2023,1,8092,35
arunachal pradesh,pakke kessang,2023,2,8093,35
arunachal pradesh,pakke kessang,2023,3,8094,47
arunachal pradesh,pakke kessang,2023,4,8095,65
arunachal pradesh,pakke kessang,2024,1,8096,65
arunachal pradesh,pakke kessang,2024,2,8097,80
arunachal pradesh,pakke kessang,2024,3,8098,90
arunachal pradesh,pakke kessang,2024,4,8099,96
arunachal pradesh,pakke kessang,2025,1,8100,106
arunachal pradesh,pakke kessang,2025,2,8101,113
arunachal pradesh,pakke kessang,2025,3,8102,119
arunachal pradesh,pakke kessang,2025,4,8103,128
arunachal pradesh,pakke kessang,2026,1,8104,128
arunachal pradesh,pakke kessang,2026,2,8105,139
arunachal pradesh,papum pare,2019,1,8076,4
arunachal pradesh,papum pare,2019,2,8077,8
arunachal pradesh,papum pare,2019,3,8078,15
arunachal pradesh,papum pare,2019,4,8079,20
arunachal pradesh,papum pare,2020,1,8080,24
arunachal pradesh,papum pare,2020,2,8081,27
arunachal pradesh,papum pare,2020,3,8082,29
arunachal pradesh,papum pare,2020,4,8083,33
arunachal pradesh,papum pare,2021,1,8084,34
arunachal pradesh,papum pare,2021,2,8085,40
arunachal pradesh,papum pare,2021,3,8086,89
arunachal pradesh,papum pare,2021,4,8087,169
arunachal pradesh,papum pare,2022,1,8088,257
arunachal pradesh,papum pare,2022,2,8089,603
arunachal pradesh,papum pare,2022,3,8090,1140
arunachal pradesh,papum pare,2022,4,8091,1403
arunachal pradesh,papum pare,2023,1,8092,1600
arunachal pradesh,papum pare,2023,2,8093,1768
arunachal pradesh,papum pare,2023,3,8094,2090
arunachal pradesh,papum pare,2023,4,8095,2264
arunachal pradesh,papum pare,2024,1,8096,2383
arunachal pradesh,papum pare,2024,2,8097,2594
arunachal pradesh,papum pare,2024,3,8098,2829
arunachal pradesh,papum pare,2024,4,8099,3114
arunachal pradesh,papum pare,2025,1,8100,3451
arunachal pradesh,papum pare,2025,2,8101,3700
arunachal pradesh,papum pare,2025,3,8102,3973
arunachal pradesh,papum pare,2025,4,8103,4304
arunachal pradesh,papum pare,2026,1,8104,4661
arunachal pradesh,papum pare,2026,2,8105,5026
arunachal pradesh,shi yomi,2019,2,8077,1
arunachal pradesh,shi yomi,2019,3,8078,4
arunachal pradesh,shi yomi,2019,4,8079,5
arunachal pradesh,shi yomi,2020,1,8080,5
arunachal pradesh,shi yomi,2020,2,8081,6
arunachal pradesh,shi yomi,2020,3,8082,8
arunachal pradesh,shi yomi,2020,4,8083,8
arunachal pradesh,shi yomi,2021,1,8084,8
arunachal pradesh,shi yomi,2021,2,8085,8
arunachal pradesh,shi yomi,2021,3,8086,9
arunachal pradesh,shi yomi,2021,4,8087,10
arunachal pradesh,shi yomi,2022,1,8088,10
arunachal pradesh,shi yomi,2022,2,8089,10
arunachal pradesh,shi yomi,2022,3,8090,11
arunachal pradesh,shi yomi,2022,4,8091,11
arunachal pradesh,shi yomi,2023,1,8092,11
arunachal pradesh,shi yomi,2023,2,8093,11
arunachal pradesh,shi yomi,2023,3,8094,11
arunachal pradesh,shi yomi,2023,4,8095,11
arunachal pradesh,shi yomi,2024,1,8096,10
arunachal pradesh,shi yomi,2024,2,8097,11
arunachal pradesh,shi yomi,2024,3,8098,11
arunachal pradesh,shi yomi,2024,4,8099,14
arunachal pradesh,shi yomi,2025,1,8100,15
arunachal pradesh,shi yomi,2025,2,8101,15
arunachal pradesh,shi yomi,2025,3,8102,15
arunachal pradesh,shi yomi,2025,4,8103,15
arunachal pradesh,shi yomi,2026,1,8104,15
arunachal pradesh,shi yomi,2026,2,8105,15
arunachal pradesh,siang,2019,2,8077,1
arunachal pradesh,siang,2019,3,8078,1
arunachal pradesh,siang,2019,4,8079,1
arunachal pradesh,siang,2020,1,8080,1
arunachal pradesh,siang,2020,2,8081,2
arunachal pradesh,siang,2020,3,8082,2
arunachal pradesh,siang,2020,4,8083,3
arunachal pradesh,siang,2021,1,8084,3
arunachal pradesh,siang,2021,2,8085,3
arunachal pradesh,siang,2021,3,8086,6
arunachal pradesh,siang,2021,4,8087,9
arunachal pradesh,siang,2022,1,8088,11
arunachal pradesh,siang,2022,2,8089,16
arunachal pradesh,siang,2022,3,8090,19
arunachal pradesh,siang,2022,4,8091,20
arunachal pradesh,siang,2023,1,8092,19
arunachal pradesh,siang,2023,2,8093,19
arunachal pradesh,siang,2023,3,8094,19
arunachal pradesh,siang,2023,4,8095,19
arunachal pradesh,siang,2024,1,8096,21
arunachal pradesh,siang,2024,2,8097,25
arunachal pradesh,siang,2024,3,8098,48
arunachal pradesh,siang,2024,4,8099,63
arunachal pradesh,siang,2025,1,8100,72
arunachal pradesh,siang,2025,2,8101,96
arunachal pradesh,siang,2025,3,8102,116
arunachal pradesh,siang,2025,4,8103,129
arunachal pradesh,siang,2026,1,8104,130
arunachal pradesh,siang,2026,2,8105,133
arunachal pradesh,tawang,2019,1,8076,1
arunachal pradesh,tawang,2019,2,8077,1
arunachal pradesh,tawang,2019,3,8078,1
arunachal pradesh,tawang,2019,4,8079,2
arunachal pradesh,tawang,2020,1,8080,4
arunachal pradesh,tawang,2020,2,8081,6
arunachal pradesh,tawang,2020,3,8082,6
arunachal pradesh,tawang,2020,4,8083,8
arunachal pradesh,tawang,2021,1,8084,8
arunachal pradesh,tawang,2021,2,8085,12
arunachal pradesh,tawang,2021,3,8086,17
arunachal pradesh,tawang,2021,4,8087,24
arunachal pradesh,tawang,2022,1,8088,35
arunachal pradesh,tawang,2022,2,8089,41
arunachal pradesh,tawang,2022,3,8090,64
arunachal pradesh,tawang,2022,4,8091,69
arunachal pradesh,tawang,2023,1,8092,67
arunachal pradesh,tawang,2023,2,8093,105
arunachal pradesh,tawang,2023,3,8094,162
arunachal pradesh,tawang,2023,4,8095,164
arunachal pradesh,tawang,2024,1,8096,168
arunachal pradesh,tawang,2024,2,8097,172
arunachal pradesh,tawang,2024,3,8098,186
arunachal pradesh,tawang,2024,4,8099,201
arunachal pradesh,tawang,2025,1,8100,226
arunachal pradesh,tawang,2025,2,8101,234
arunachal pradesh,tawang,2025,3,8102,234
arunachal pradesh,tawang,2025,4,8103,237
arunachal pradesh,tawang,2026,1,8104,236
arunachal pradesh,tawang,2026,2,8105,237
arunachal pradesh,tirap,2019,1,8076,1
arunachal pradesh,tirap,2019,2,8077,4
arunachal pradesh,tirap,2019,3,8078,9
arunachal pradesh,tirap,2019,4,8079,10
arunachal pradesh,tirap,2020,1,8080,11
arunachal pradesh,tirap,2020,2,8081,11
arunachal pradesh,tirap,2020,3,8082,11
arunachal pradesh,tirap,2020,4,8083,12
arunachal pradesh,tirap,2021,1,8084,12
arunachal pradesh,tirap,2021,2,8085,16
arunachal pradesh,tirap,2021,3,8086,19
arunachal pradesh,tirap,2021,4,8087,27
arunachal pradesh,tirap,2022,1,8088,37
arunachal pradesh,tirap,2022,2,8089,48
arunachal pradesh,tirap,2022,3,8090,119
arunachal pradesh,tirap,2022,4,8091,128
arunachal pradesh,tirap,2023,1,8092,128
arunachal pradesh,tirap,2023,2,8093,129
arunachal pradesh,tirap,2023,3,8094,134
arunachal pradesh,tirap,2023,4,8095,195
arunachal pradesh,tirap,2024,1,8096,211
arunachal pradesh,tirap,2024,2,8097,233
arunachal pradesh,tirap,2024,3,8098,247
arunachal pradesh,tirap,2024,4,8099,317
arunachal pradesh,tirap,2025,1,8100,327
arunachal pradesh,tirap,2025,2,8101,382
arunachal pradesh,tirap,2025,3,8102,406
arunachal pradesh,tirap,2025,4,8103,426
arunachal pradesh,tirap,2026,1,8104,442
arunachal pradesh,tirap,2026,2,8105,489
arunachal pradesh,upper siang,2020,3,8082,1
arunachal pradesh,upper siang,2020,4,8083,1
arunachal pradesh,upper siang,2021,1,8084,2
arunachal pradesh,upper siang,2021,2,8085,3
arunachal pradesh,upper siang,2021,3,8086,5
arunachal pradesh,upper siang,2021,4,8087,8
arunachal pradesh,upper siang,2022,1,8088,10
arunachal pradesh,upper siang,2022,2,8089,12
arunachal pradesh,upper siang,2022,3,8090,52
arunachal pradesh,upper siang,2022,4,8091,61
arunachal pradesh,upper siang,2023,1,8092,61
arunachal pradesh,upper siang,2023,2,8093,62
arunachal pradesh,upper siang,2023,3,8094,63
arunachal pradesh,upper siang,2023,4,8095,63
arunachal pradesh,upper siang,2024,1,8096,71
arunachal pradesh,upper siang,2024,2,8097,71
arunachal pradesh,upper siang,2024,3,8098,71
arunachal pradesh,upper siang,2024,4,8099,78
arunachal pradesh,upper siang,2025,1,8100,84
arunachal pradesh,upper siang,2025,2,8101,96
arunachal pradesh,upper siang,2025,3,8102,109
arunachal pradesh,upper siang,2025,4,8103,138
arunachal pradesh,upper siang,2026,1,8104,141
arunachal pradesh,upper siang,2026,2,8105,149
arunachal pradesh,upper subansiri,2019,2,8077,4
arunachal pradesh,upper subansiri,2019,3,8078,5
arunachal pradesh,upper subansiri,2019,4,8079,5
arunachal pradesh,upper subansiri,2020,1,8080,6
arunachal pradesh,upper subansiri,2020,2,8081,6
arunachal pradesh,upper subansiri,2020,3,8082,6
arunachal pradesh,upper subansiri,2020,4,8083,7
arunachal pradesh,upper subansiri,2021,1,8084,8
arunachal pradesh,upper subansiri,2021,2,8085,10
arunachal pradesh,upper subansiri,2021,3,8086,14
arunachal pradesh,upper subansiri,2021,4,8087,21
arunachal pradesh,upper subansiri,2022,1,8088,26
arunachal pradesh,upper subansiri,2022,2,8089,102
arunachal pradesh,upper subansiri,2022,3,8090,116
arunachal pradesh,upper subansiri,2022,4,8091,124
arunachal pradesh,upper subansiri,2023,1,8092,124
arunachal pradesh,upper subansiri,2023,2,8093,126
arunachal pradesh,upper subansiri,2023,3,8094,127
arunachal pradesh,upper subansiri,2023,4,8095,173
arunachal pradesh,upper subansiri,2024,1,8096,348
arunachal pradesh,upper subansiri,2024,2,8097,503
arunachal pradesh,upper subansiri,2024,3,8098,665
arunachal pradesh,upper subansiri,2024,4,8099,824
arunachal pradesh,upper subansiri,2025,1,8100,875
arunachal pradesh,upper subansiri,2025,2,8101,879
arunachal pradesh,upper subansiri,2025,3,8102,939
arunachal pradesh,upper subansiri,2025,4,8103,953
arunachal pradesh,upper subansiri,2026,1,8104,1001
arunachal pradesh,upper subansiri,2026,2,8105,1035
arunachal pradesh,west kameng,2019,2,8077,7
arunachal pradesh,west kameng,2019,3,8078,10
arunachal pradesh,west kameng,2019,4,8079,11
arunachal pradesh,west kameng,2020,1,8080,18
arunachal pradesh,west kameng,2020,2,8081,25
arunachal pradesh,west kameng,2020,3,8082,26
arunachal pradesh,west kameng,2020,4,8083,28
arunachal pradesh,west kameng,2021,1,8084,35
arunachal pradesh,west kameng,2021,2,8085,44
arunachal pradesh,west kameng,2021,3,8086,64
arunachal pradesh,west kameng,2021,4,8087,121
arunachal pradesh,west kameng,2022,1,8088,270
arunachal pradesh,west kameng,2022,2,8089,372
arunachal pradesh,west kameng,2022,3,8090,1061
arunachal pradesh,west kameng,2022,4,8091,1256
arunachal pradesh,west kameng,2023,1,8092,1416
arunachal pradesh,west kameng,2023,2,8093,1619
arunachal pradesh,west kameng,2023,3,8094,1787
arunachal pradesh,west kameng,2023,4,8095,1876
arunachal pradesh,west kameng,2024,1,8096,1936
arunachal pradesh,west kameng,2024,2,8097,2027
arunachal pradesh,west kameng,2024,3,8098,2129
arunachal pradesh,west kameng,2024,4,8099,2270
arunachal pradesh,west kameng,2025,1,8100,2357
arunachal pradesh,west kameng,2025,2,8101,2518
arunachal pradesh,west kameng,2025,3,8102,2627
arunachal pradesh,west kameng,2025,4,8103,2679
arunachal pradesh,west kameng,2026,1,8104,2724
arunachal pradesh,west kameng,2026,2,8105,2834
arunachal pradesh,west siang,2019,1,8076,1
arunachal pradesh,west siang,2019,2,8077,2
arunachal pradesh,west siang,2019,3,8078,8
arunachal pradesh,west siang,2019,4,8079,11
arunachal pradesh,west siang,2020,1,8080,14
arunachal pradesh,west siang,2020,2,8081,19
arunachal pradesh,west siang,2020,3,8082,22
arunachal pradesh,west siang,2020,4,8083,26
arunachal pradesh,west siang,2021,1,8084,32
arunachal pradesh,west siang,2021,2,8085,35
arunachal pradesh,west siang,2021,3,8086,37
arunachal pradesh,west siang,2021,4,8087,100
arunachal pradesh,west siang,2022,1,8088,135
arunachal pradesh,west siang,2022,2,8089,159
arunachal pradesh,west siang,2022,3,8090,182
arunachal pradesh,west siang,2022,4,8091,353
arunachal pradesh,west siang,2023,1,8092,356
arunachal pradesh,west siang,2023,2,8093,356
arunachal pradesh,west siang,2023,3,8094,355
arunachal pradesh,west siang,2023,4,8095,357
arunachal pradesh,west siang,2024,1,8096,366
arunachal pradesh,west siang,2024,2,8097,439
arunachal pradesh,west siang,2024,3,8098,567
arunachal pradesh,west siang,2024,4,8099,587
arunachal pradesh,west siang,2025,1,8100,607
arunachal pradesh,west siang,2025,2,8101,660
arunachal pradesh,west siang,2025,3,8102,697
arunachal pradesh,west siang,2025,4,8103,740
arunachal pradesh,west siang,2026,1,8104,816
arunachal pradesh,west siang,2026,2,8105,860
assam,bajali,2018,4,8075,1
assam,bajali,2019,1,8076,12
assam,bajali,2019,2,8077,40
assam,bajali,2019,3,8078,52
assam,bajali,2019,4,8079,61
assam,bajali,2020,1,8080,80
assam,bajali,2020,2,8081,90
assam,bajali,2020,3,8082,95
assam,bajali,2020,4,8083,105
assam,bajali,2021,1,8084,438
assam,bajali,2021,2,8085,1125
assam,bajali,2021,3,8086,1663
assam,bajali,2021,4,8087,2403
assam,bajali,2022,1,8088,3025
assam,bajali,2022,2,8089,3561
assam,bajali,2022,3,8090,4289
assam,bajali,2022,4,8091,4805
assam,bajali,2023,1,8092,5119
assam,bajali,2023,2,8093,5282
assam,bajali,2023,3,8094,5507
assam,bajali,2023,4,8095,5873
assam,bajali,2024,1,8096,6215
assam,bajali,2024,2,8097,6725
assam,bajali,2024,3,8098,7240
assam,bajali,2024,4,8099,7878
assam,bajali,2025,1,8100,8335
assam,bajali,2025,2,8101,8695
assam,bajali,2025,3,8102,9213
assam,bajali,2025,4,8103,9881
assam,bajali,2026,1,8104,10337
assam,bajali,2026,2,8105,10703
assam,baksa,2019,1,8076,16
assam,baksa,2019,2,8077,46
assam,baksa,2019,3,8078,68
assam,baksa,2019,4,8079,80
assam,baksa,2020,1,8080,100
assam,baksa,2020,2,8081,113
assam,baksa,2020,3,8082,119
assam,baksa,2020,4,8083,132
assam,baksa,2021,1,8084,521
assam,baksa,2021,2,8085,1078
assam,baksa,2021,3,8086,1949
assam,baksa,2021,4,8087,2756
assam,baksa,2022,1,8088,3588
assam,baksa,2022,2,8089,4217
assam,baksa,2022,3,8090,4866
assam,baksa,2022,4,8091,5493
assam,baksa,2023,1,8092,6180
assam,baksa,2023,2,8093,6347
assam,baksa,2023,3,8094,6816
assam,baksa,2023,4,8095,7601
assam,baksa,2024,1,8096,8266
assam,baksa,2024,2,8097,8808
assam,baksa,2024,3,8098,9391
assam,baksa,2024,4,8099,10135
assam,baksa,2025,1,8100,10714
assam,baksa,2025,2,8101,11182
assam,baksa,2025,3,8102,11720
assam,baksa,2025,4,8103,12348
assam,baksa,2026,1,8104,12831
assam,baksa,2026,2,8105,13259
assam,barpeta,2018,4,8075,1
assam,barpeta,2019,1,8076,124
assam,barpeta,2019,2,8077,297
assam,barpeta,2019,3,8078,412
assam,barpeta,2019,4,8079,491
assam,barpeta,2020,1,8080,623
assam,barpeta,2020,2,8081,703
assam,barpeta,2020,3,8082,733
assam,barpeta,2020,4,8083,797
assam,barpeta,2021,1,8084,6645
assam,barpeta,2021,2,8085,10124
assam,barpeta,2021,3,8086,15318
assam,barpeta,2021,4,8087,18937
assam,barpeta,2022,1,8088,23568
assam,barpeta,2022,2,8089,26981
assam,barpeta,2022,3,8090,30218
assam,barpeta,2022,4,8091,33817
assam,barpeta,2023,1,8092,35493
assam,barpeta,2023,2,8093,36647
assam,barpeta,2023,3,8094,38821
assam,barpeta,2023,4,8095,40873
assam,barpeta,2024,1,8096,43139
assam,barpeta,2024,2,8097,44975
assam,barpeta,2024,3,8098,46806
assam,barpeta,2024,4,8099,49464
assam,barpeta,2025,1,8100,52000
assam,barpeta,2025,2,8101,53520
assam,barpeta,2025,3,8102,56000
assam,barpeta,2025,4,8103,60400
assam,barpeta,2026,1,8104,63666
assam,barpeta,2026,2,8105,67370
assam,biswanath,2018,4,8075,1
assam,biswanath,2019,1,8076,14
assam,biswanath,2019,2,8077,34
assam,biswanath,2019,3,8078,58
assam,biswanath,2019,4,8079,79
assam,biswanath,2020,1,8080,102
assam,biswanath,2020,2,8081,120
assam,biswanath,2020,3,8082,129
assam,biswanath,2020,4,8083,154
assam,biswanath,2021,1,8084,210
assam,biswanath,2021,2,8085,262
assam,biswanath,2021,3,8086,661
assam,biswanath,2021,4,8087,1970
assam,biswanath,2022,1,8088,3636
assam,biswanath,2022,2,8089,4726
assam,biswanath,2022,3,8090,5572
assam,biswanath,2022,4,8091,6068
assam,biswanath,2023,1,8092,6774
assam,biswanath,2023,2,8093,7628
assam,biswanath,2023,3,8094,8441
assam,biswanath,2023,4,8095,9138
assam,biswanath,2024,1,8096,9673
assam,biswanath,2024,2,8097,9972
assam,biswanath,2024,3,8098,10444
assam,biswanath,2024,4,8099,11175
assam,biswanath,2025,1,8100,11852
assam,biswanath,2025,2,8101,12478
assam,biswanath,2025,3,8102,13236
assam,biswanath,2025,4,8103,14685
assam,biswanath,2026,1,8104,15815
assam,biswanath,2026,2,8105,16764
assam,bongaigaon,2019,1,8076,48
assam,bongaigaon,2019,2,8077,108
assam,bongaigaon,2019,3,8078,150
assam,bongaigaon,2019,4,8079,178
assam,bongaigaon,2020,1,8080,216
assam,bongaigaon,2020,2,8081,233
assam,bongaigaon,2020,3,8082,244
assam,bongaigaon,2020,4,8083,276
assam,bongaigaon,2021,1,8084,3022
assam,bongaigaon,2021,2,8085,4596
assam,bongaigaon,2021,3,8086,6485
assam,bongaigaon,2021,4,8087,7346
assam,bongaigaon,2022,1,8088,9818
assam,bongaigaon,2022,2,8089,11812
assam,bongaigaon,2022,3,8090,14466
assam,bongaigaon,2022,4,8091,16428
assam,bongaigaon,2023,1,8092,17515
assam,bongaigaon,2023,2,8093,18139
assam,bongaigaon,2023,3,8094,19517
assam,bongaigaon,2023,4,8095,20809
assam,bongaigaon,2024,1,8096,22113
assam,bongaigaon,2024,2,8097,23195
assam,bongaigaon,2024,3,8098,24175
assam,bongaigaon,2024,4,8099,25553
assam,bongaigaon,2025,1,8100,27303
assam,bongaigaon,2025,2,8101,29108
assam,bongaigaon,2025,3,8102,30799
assam,bongaigaon,2025,4,8103,33360
assam,bongaigaon,2026,1,8104,35021
assam,bongaigaon,2026,2,8105,36579
assam,cachar,2018,3,8074,4
assam,cachar,2018,4,8075,7
assam,cachar,2019,1,8076,81
assam,cachar,2019,2,8077,149
assam,cachar,2019,3,8078,231
assam,cachar,2019,4,8079,293
assam,cachar,2020,1,8080,383
assam,cachar,2020,2,8081,494
assam,cachar,2020,3,8082,526
assam,cachar,2020,4,8083,591
assam,cachar,2021,1,8084,1002
assam,cachar,2021,2,8085,3051
assam,cachar,2021,3,8086,5627
assam,cachar,2021,4,8087,8204
assam,cachar,2022,1,8088,10617
assam,cachar,2022,2,8089,12700
assam,cachar,2022,3,8090,14341
assam,cachar,2022,4,8091,15580
assam,cachar,2023,1,8092,16708
assam,cachar,2023,2,8093,17427
assam,cachar,2023,3,8094,19121
assam,cachar,2023,4,8095,20880
assam,cachar,2024,1,8096,23607
assam,cachar,2024,2,8097,25759
assam,cachar,2024,3,8098,28349
assam,cachar,2024,4,8099,31035
assam,cachar,2025,1,8100,33638
assam,cachar,2025,2,8101,35737
assam,cachar,2025,3,8102,38221
assam,cachar,2025,4,8103,40654
assam,cachar,2026,1,8104,41813
assam,cachar,2026,2,8105,43480
assam,charaideo,2018,4,8075,1
assam,charaideo,2019,1,8076,8
assam,charaideo,2019,2,8077,17
assam,charaideo,2019,3,8078,30
assam,charaideo,2019,4,8079,41
assam,charaideo,2020,1,8080,54
assam,charaideo,2020,2,8081,62
assam,charaideo,2020,3,8082,68
assam,charaideo,2020,4,8083,79
assam,charaideo,2021,1,8084,127
assam,charaideo,2021,2,8085,186
assam,charaideo,2021,3,8086,576
assam,charaideo,2021,4,8087,1157
assam,charaideo,2022,1,8088,1893
assam,charaideo,2022,2,8089,2329
assam,charaideo,2022,3,8090,2824
assam,charaideo,2022,4,8091,3150
assam,charaideo,2023,1,8092,3482
assam,charaideo,2023,2,8093,3616
assam,charaideo,2023,3,8094,3824
assam,charaideo,2023,4,8095,4035
assam,charaideo,2024,1,8096,4174
assam,charaideo,2024,2,8097,4415
assam,charaideo,2024,3,8098,4703
assam,charaideo,2024,4,8099,4943
assam,charaideo,2025,1,8100,5085
assam,charaideo,2025,2,8101,5202
assam,charaideo,2025,3,8102,5361
assam,charaideo,2025,4,8103,5578
assam,charaideo,2026,1,8104,5873
assam,charaideo,2026,2,8105,6174
assam,chirang,2019,1,8076,14
assam,chirang,2019,2,8077,26
assam,chirang,2019,3,8078,42
assam,chirang,2019,4,8079,54
assam,chirang,2020,1,8080,59
assam,chirang,2020,2,8081,73
assam,chirang,2020,3,8082,76
assam,chirang,2020,4,8083,85
assam,chirang,2021,1,8084,423
assam,chirang,2021,2,8085,546
assam,chirang,2021,3,8086,1078
assam,chirang,2021,4,8087,1847
assam,chirang,2022,1,8088,2754
assam,chirang,2022,2,8089,3448
assam,chirang,2022,3,8090,4091
assam,chirang,2022,4,8091,4591
assam,chirang,2023,1,8092,5138
assam,chirang,2023,2,8093,5456
assam,chirang,2023,3,8094,5931
assam,chirang,2023,4,8095,6657
assam,chirang,2024,1,8096,7270
assam,chirang,2024,2,8097,7693
assam,chirang,2024,3,8098,8313
assam,chirang,2024,4,8099,9113
assam,chirang,2025,1,8100,10042
assam,chirang,2025,2,8101,10623
assam,chirang,2025,3,8102,11199
assam,chirang,2025,4,8103,12286
assam,chirang,2026,1,8104,12872
assam,chirang,2026,2,8105,13494
assam,darrang,2018,3,8074,1
assam,darrang,2018,4,8075,2
assam,darrang,2019,1,8076,40
assam,darrang,2019,2,8077,110
assam,darrang,2019,3,8078,154
assam,darrang,2019,4,8079,202
assam,darrang,2020,1,8080,233
assam,darrang,2020,2,8081,265
assam,darrang,2020,3,8082,282
assam,darrang,2020,4,8083,670
assam,darrang,2021,1,8084,2240
assam,darrang,2021,2,8085,3544
assam,darrang,2021,3,8086,5069
assam,darrang,2021,4,8087,7428
assam,darrang,2022,1,8088,10802
assam,darrang,2022,2,8089,13012
assam,darrang,2022,3,8090,15280
assam,darrang,2022,4,8091,17749
assam,darrang,2023,1,8092,19272
assam,darrang,2023,2,8093,20968
assam,darrang,2023,3,8094,22729
assam,darrang,2023,4,8095,24071
assam,darrang,2024,1,8096,25445
assam,darrang,2024,2,8097,26698
assam,darrang,2024,3,8098,27829
assam,darrang,2024,4,8099,29038
assam,darrang,2025,1,8100,30027
assam,darrang,2025,2,8101,30993
assam,darrang,2025,3,8102,32151
assam,darrang,2025,4,8103,33347
assam,darrang,2026,1,8104,34490
assam,darrang,2026,2,8105,35618
assam,dhemaji,2019,1,8076,9
assam,dhemaji,2019,2,8077,26
assam,dhemaji,2019,3,8078,47
assam,dhemaji,2019,4,8079,63
assam,dhemaji,2020,1,8080,80
assam,dhemaji,2020,2,8081,93
assam,dhemaji,2020,3,8082,97
assam,dhemaji,2020,4,8083,135
assam,dhemaji,2021,1,8084,149
assam,dhemaji,2021,2,8085,221
assam,dhemaji,2021,3,8086,687
assam,dhemaji,2021,4,8087,1408
assam,dhemaji,2022,1,8088,3967
assam,dhemaji,2022,2,8089,5777
assam,dhemaji,2022,3,8090,7622
assam,dhemaji,2022,4,8091,9201
assam,dhemaji,2023,1,8092,10130
assam,dhemaji,2023,2,8093,10672
assam,dhemaji,2023,3,8094,11521
assam,dhemaji,2023,4,8095,12467
assam,dhemaji,2024,1,8096,13292
assam,dhemaji,2024,2,8097,14170
assam,dhemaji,2024,3,8098,14881
assam,dhemaji,2024,4,8099,15744
assam,dhemaji,2025,1,8100,16206
assam,dhemaji,2025,2,8101,16578
assam,dhemaji,2025,3,8102,17171
assam,dhemaji,2025,4,8103,18011
assam,dhemaji,2026,1,8104,18918
assam,dhemaji,2026,2,8105,19750
assam,dhubri,2018,4,8075,2
assam,dhubri,2019,1,8076,103
assam,dhubri,2019,2,8077,294
assam,dhubri,2019,3,8078,375
assam,dhubri,2019,4,8079,443
assam,dhubri,2020,1,8080,509
assam,dhubri,2020,2,8081,567
assam,dhubri,2020,3,8082,578
assam,dhubri,2020,4,8083,1161
assam,dhubri,2021,1,8084,3415
assam,dhubri,2021,2,8085,6639
assam,dhubri,2021,3,8086,9064
assam,dhubri,2021,4,8087,11146
assam,dhubri,2022,1,8088,15342
assam,dhubri,2022,2,8089,18624
assam,dhubri,2022,3,8090,22362
assam,dhubri,2022,4,8091,24879
assam,dhubri,2023,1,8092,25895
assam,dhubri,2023,2,8093,26411
assam,dhubri,2023,3,8094,27909
assam,dhubri,2023,4,8095,29612
assam,dhubri,2024,1,8096,31485
assam,dhubri,2024,2,8097,33142
assam,dhubri,2024,3,8098,34948
assam,dhubri,2024,4,8099,38225
assam,dhubri,2025,1,8100,40394
assam,dhubri,2025,2,8101,42831
assam,dhubri,2025,3,8102,45077
assam,dhubri,2025,4,8103,48910
assam,dhubri,2026,1,8104,52187
assam,dhubri,2026,2,8105,63485
assam,dibrugarh,2018,4,8075,1
assam,dibrugarh,2019,1,8076,17
assam,dibrugarh,2019,2,8077,57
assam,dibrugarh,2019,3,8078,97
assam,dibrugarh,2019,4,8079,131
assam,dibrugarh,2020,1,8080,171
assam,dibrugarh,2020,2,8081,207
assam,dibrugarh,2020,3,8082,215
assam,dibrugarh,2020,4,8083,254
assam,dibrugarh,2021,1,8084,592
assam,dibrugarh,2021,2,8085,946
assam,dibrugarh,2021,3,8086,2091
assam,dibrugarh,2021,4,8087,3842
assam,dibrugarh,2022,1,8088,5838
assam,dibrugarh,2022,2,8089,7337
assam,dibrugarh,2022,3,8090,9523
assam,dibrugarh,2022,4,8091,10667
assam,dibrugarh,2023,1,8092,12268
assam,dibrugarh,2023,2,8093,13396
assam,dibrugarh,2023,3,8094,14489
assam,dibrugarh,2023,4,8095,15370
assam,dibrugarh,2024,1,8096,15890
assam,dibrugarh,2024,2,8097,16626
assam,dibrugarh,2024,3,8098,17187
assam,dibrugarh,2024,4,8099,17700
assam,dibrugarh,2025,1,8100,18306
assam,dibrugarh,2025,2,8101,18749
assam,dibrugarh,2025,3,8102,19495
assam,dibrugarh,2025,4,8103,20262
assam,dibrugarh,2026,1,8104,20781
assam,dibrugarh,2026,2,8105,21703
assam,dima hasao,2019,1,8076,7
assam,dima hasao,2019,2,8077,15
assam,dima hasao,2019,3,8078,26
assam,dima hasao,2019,4,8079,30
assam,dima hasao,2020,1,8080,36
assam,dima hasao,2020,2,8081,45
assam,dima hasao,2020,3,8082,47
assam,dima hasao,2020,4,8083,54
assam,dima hasao,2021,1,8084,58
assam,dima hasao,2021,2,8085,70
assam,dima hasao,2021,3,8086,89
assam,dima hasao,2021,4,8087,416
assam,dima hasao,2022,1,8088,594
assam,dima hasao,2022,2,8089,671
assam,dima hasao,2022,3,8090,872
assam,dima hasao,2022,4,8091,990
assam,dima hasao,2023,1,8092,1356
assam,dima hasao,2023,2,8093,1513
assam,dima hasao,2023,3,8094,1665
assam,dima hasao,2023,4,8095,1784
assam,dima hasao,2024,1,8096,2062
assam,dima hasao,2024,2,8097,2314
assam,dima hasao,2024,3,8098,2513
assam,dima hasao,2024,4,8099,2674
assam,dima hasao,2025,1,8100,2777
assam,dima hasao,2025,2,8101,2851
assam,dima hasao,2025,3,8102,3224
assam,dima hasao,2025,4,8103,3830
assam,dima hasao,2026,1,8104,4273
assam,dima hasao,2026,2,8105,4743
assam,goalpara,2018,3,8074,1
assam,goalpara,2018,4,8075,2
assam,goalpara,2019,1,8076,75
assam,goalpara,2019,2,8077,138
assam,goalpara,2019,3,8078,211
assam,goalpara,2019,4,8079,247
assam,goalpara,2020,1,8080,318
assam,goalpara,2020,2,8081,364
assam,goalpara,2020,3,8082,381
assam,goalpara,2020,4,8083,422
assam,goalpara,2021,1,8084,2176
assam,goalpara,2021,2,8085,2951
assam,goalpara,2021,3,8086,4130
assam,goalpara,2021,4,8087,5879
assam,goalpara,2022,1,8088,8522
assam,goalpara,2022,2,8089,10498
assam,goalpara,2022,3,8090,12087
assam,goalpara,2022,4,8091,14086
assam,goalpara,2023,1,8092,15753
assam,goalpara,2023,2,8093,16125
assam,goalpara,2023,3,8094,17289
assam,goalpara,2023,4,8095,18003
assam,goalpara,2024,1,8096,18883
assam,goalpara,2024,2,8097,19462
assam,goalpara,2024,3,8098,20190
assam,goalpara,2024,4,8099,21360
assam,goalpara,2025,1,8100,22537
assam,goalpara,2025,2,8101,23211
assam,goalpara,2025,3,8102,24742
assam,goalpara,2025,4,8103,28885
assam,goalpara,2026,1,8104,31486
assam,goalpara,2026,2,8105,37138
assam,golaghat,2018,4,8075,1
assam,golaghat,2019,1,8076,15
assam,golaghat,2019,2,8077,35
assam,golaghat,2019,3,8078,74
assam,golaghat,2019,4,8079,117
assam,golaghat,2020,1,8080,178
assam,golaghat,2020,2,8081,212
assam,golaghat,2020,3,8082,228
assam,golaghat,2020,4,8083,260
assam,golaghat,2021,1,8084,470
assam,golaghat,2021,2,8085,1024
assam,golaghat,2021,3,8086,1852
assam,golaghat,2021,4,8087,4132
assam,golaghat,2022,1,8088,5395
assam,golaghat,2022,2,8089,6635
assam,golaghat,2022,3,8090,7548
assam,golaghat,2022,4,8091,8126
assam,golaghat,2023,1,8092,8760
assam,golaghat,2023,2,8093,9173
assam,golaghat,2023,3,8094,9636
assam,golaghat,2023,4,8095,10209
assam,golaghat,2024,1,8096,11103
assam,golaghat,2024,2,8097,12009
assam,golaghat,2024,3,8098,12916
assam,golaghat,2024,4,8099,13686
assam,golaghat,2025,1,8100,14258
assam,golaghat,2025,2,8101,14945
assam,golaghat,2025,3,8102,15703
assam,golaghat,2025,4,8103,16557
assam,golaghat,2026,1,8104,17324
assam,golaghat,2026,2,8105,18623
assam,hailakandi,2018,4,8075,8
assam,hailakandi,2019,1,8076,42
assam,hailakandi,2019,2,8077,100
assam,hailakandi,2019,3,8078,137
assam,hailakandi,2019,4,8079,165
assam,hailakandi,2020,1,8080,198
assam,hailakandi,2020,2,8081,226
assam,hailakandi,2020,3,8082,235
assam,hailakandi,2020,4,8083,273
assam,hailakandi,2021,1,8084,468
assam,hailakandi,2021,2,8085,1072
assam,hailakandi,2021,3,8086,2176
assam,hailakandi,2021,4,8087,3020
assam,hailakandi,2022,1,8088,3734
assam,hailakandi,2022,2,8089,4271
assam,hailakandi,2022,3,8090,4948
assam,hailakandi,2022,4,8091,6239
assam,hailakandi,2023,1,8092,7193
assam,hailakandi,2023,2,8093,7631
assam,hailakandi,2023,3,8094,8427
assam,hailakandi,2023,4,8095,9462
assam,hailakandi,2024,1,8096,10145
assam,hailakandi,2024,2,8097,10794
assam,hailakandi,2024,3,8098,11457
assam,hailakandi,2024,4,8099,12524
assam,hailakandi,2025,1,8100,13273
assam,hailakandi,2025,2,8101,13780
assam,hailakandi,2025,3,8102,14386
assam,hailakandi,2025,4,8103,15128
assam,hailakandi,2026,1,8104,15672
assam,hailakandi,2026,2,8105,16305
assam,hojai,2018,4,8075,2
assam,hojai,2019,1,8076,50
assam,hojai,2019,2,8077,105
assam,hojai,2019,3,8078,166
assam,hojai,2019,4,8079,221
assam,hojai,2020,1,8080,290
assam,hojai,2020,2,8081,329
assam,hojai,2020,3,8082,348
assam,hojai,2020,4,8083,440
assam,hojai,2021,1,8084,512
assam,hojai,2021,2,8085,1485
assam,hojai,2021,3,8086,2818
assam,hojai,2021,4,8087,4947
assam,hojai,2022,1,8088,7320
assam,hojai,2022,2,8089,8170
assam,hojai,2022,3,8090,9765
assam,hojai,2022,4,8091,11502
assam,hojai,2023,1,8092,13467
assam,hojai,2023,2,8093,14535
assam,hojai,2023,3,8094,16023
assam,hojai,2023,4,8095,17295
assam,hojai,2024,1,8096,18626
assam,hojai,2024,2,8097,19802
assam,hojai,2024,3,8098,20995
assam,hojai,2024,4,8099,21850
assam,hojai,2025,1,8100,22700
assam,hojai,2025,2,8101,23391
assam,hojai,2025,3,8102,24089
assam,hojai,2025,4,8103,25001
assam,hojai,2026,1,8104,26028
assam,hojai,2026,2,8105,27188
assam,jorhat,2019,1,8076,13
assam,jorhat,2019,2,8077,40
assam,jorhat,2019,3,8078,91
assam,jorhat,2019,4,8079,124
assam,jorhat,2020,1,8080,153
assam,jorhat,2020,2,8081,178
assam,jorhat,2020,3,8082,193
assam,jorhat,2020,4,8083,224
assam,jorhat,2021,1,8084,401
assam,jorhat,2021,2,8085,560
assam,jorhat,2021,3,8086,1620
assam,jorhat,2021,4,8087,3425
assam,jorhat,2022,1,8088,4876
assam,jorhat,2022,2,8089,6281
assam,jorhat,2022,3,8090,7659
assam,jorhat,2022,4,8091,8943
assam,jorhat,2023,1,8092,9473
assam,jorhat,2023,2,8093,9701
assam,jorhat,2023,3,8094,10745
assam,jorhat,2023,4,8095,11210
assam,jorhat,2024,1,8096,11846
assam,jorhat,2024,2,8097,12502
assam,jorhat,2024,3,8098,13509
assam,jorhat,2024,4,8099,14271
assam,jorhat,2025,1,8100,14893
assam,jorhat,2025,2,8101,15523
assam,jorhat,2025,3,8102,16318
assam,jorhat,2025,4,8103,17486
assam,jorhat,2026,1,8104,18103
assam,jorhat,2026,2,8105,19001
assam,kamrup,2018,4,8075,3
assam,kamrup,2019,1,8076,134
assam,kamrup,2019,2,8077,288
assam,kamrup,2019,3,8078,373
assam,kamrup,2019,4,8079,464
assam,kamrup,2020,1,8080,542
assam,kamrup,2020,2,8081,596
assam,kamrup,2020,3,8082,618
assam,kamrup,2020,4,8083,882
assam,kamrup,2021,1,8084,1659
assam,kamrup,2021,2,8085,4378
assam,kamrup,2021,3,8086,6798
assam,kamrup,2021,4,8087,9532
assam,kamrup,2022,1,8088,14064
assam,kamrup,2022,2,8089,17394
assam,kamrup,2022,3,8090,21074
assam,kamrup,2022,4,8091,24024
assam,kamrup,2023,1,8092,26132
assam,kamrup,2023,2,8093,27954
assam,kamrup,2023,3,8094,30781
assam,kamrup,2023,4,8095,32620
assam,kamrup,2024,1,8096,34671
assam,kamrup,2024,2,8097,36322
assam,kamrup,2024,3,8098,38157
assam,kamrup,2024,4,8099,39725
assam,kamrup,2025,1,8100,40957
assam,kamrup,2025,2,8101,42842
assam,kamrup,2025,3,8102,44851
assam,kamrup,2025,4,8103,48100
assam,kamrup,2026,1,8104,50610
assam,kamrup,2026,2,8105,53444
assam,kamrup metropolitan,2018,3,8074,3
assam,kamrup metropolitan,2018,4,8075,9
assam,kamrup metropolitan,2019,1,8076,712
assam,kamrup metropolitan,2019,2,8077,2937
assam,kamrup metropolitan,2019,3,8078,3255
assam,kamrup metropolitan,2019,4,8079,3647
assam,kamrup metropolitan,2020,1,8080,3859
assam,kamrup metropolitan,2020,2,8081,4214
assam,kamrup metropolitan,2020,3,8082,5024
assam,kamrup metropolitan,2020,4,8083,6577
assam,kamrup metropolitan,2021,1,8084,8071
assam,kamrup metropolitan,2021,2,8085,11295
assam,kamrup metropolitan,2021,3,8086,15607
assam,kamrup metropolitan,2021,4,8087,25238
assam,kamrup metropolitan,2022,1,8088,33848
assam,kamrup metropolitan,2022,2,8089,41843
assam,kamrup metropolitan,2022,3,8090,52264
assam,kamrup metropolitan,2022,4,8091,60430
assam,kamrup metropolitan,2023,1,8092,67215
assam,kamrup metropolitan,2023,2,8093,73277
assam,kamrup metropolitan,2023,3,8094,78904
assam,kamrup metropolitan,2023,4,8095,82864
assam,kamrup metropolitan,2024,1,8096,88178
assam,kamrup metropolitan,2024,2,8097,92556
assam,kamrup metropolitan,2024,3,8098,97958
assam,kamrup metropolitan,2024,4,8099,102781
assam,kamrup metropolitan,2025,1,8100,107855
assam,kamrup metropolitan,2025,2,8101,112749
assam,kamrup metropolitan,2025,3,8102,117707
assam,kamrup metropolitan,2025,4,8103,123267
assam,kamrup metropolitan,2026,1,8104,127064
assam,kamrup metropolitan,2026,2,8105,132725
assam,karbi anglong,2019,1,8076,6
assam,karbi anglong,2019,2,8077,20
assam,karbi anglong,2019,3,8078,34
assam,karbi anglong,2019,4,8079,57
assam,karbi anglong,2020,1,8080,78
assam,karbi anglong,2020,2,8081,99
assam,karbi anglong,2020,3,8082,111
assam,karbi anglong,2020,4,8083,136
assam,karbi anglong,2021,1,8084,154
assam,karbi anglong,2021,2,8085,181
assam,karbi anglong,2021,3,8086,479
assam,karbi anglong,2021,4,8087,1448
assam,karbi anglong,2022,1,8088,2537
assam,karbi anglong,2022,2,8089,2914
assam,karbi anglong,2022,3,8090,3184
assam,karbi anglong,2022,4,8091,4183
assam,karbi anglong,2023,1,8092,4981
assam,karbi anglong,2023,2,8093,5645
assam,karbi anglong,2023,3,8094,5986
assam,karbi anglong,2023,4,8095,6455
assam,karbi anglong,2024,1,8096,7103
assam,karbi anglong,2024,2,8097,7749
assam,karbi anglong,2024,3,8098,8348
assam,karbi anglong,2024,4,8099,8947
assam,karbi anglong,2025,1,8100,9374
assam,karbi anglong,2025,2,8101,9787
assam,karbi anglong,2025,3,8102,10264
assam,karbi anglong,2025,4,8103,11520
assam,karbi anglong,2026,1,8104,11886
assam,karbi anglong,2026,2,8105,12381
assam,kokrajhar,2018,4,8075,2
assam,kokrajhar,2019,1,8076,22
assam,kokrajhar,2019,2,8077,50
assam,kokrajhar,2019,3,8078,68
assam,kokrajhar,2019,4,8079,89
assam,kokrajhar,2020,1,8080,109
assam,kokrajhar,2020,2,8081,133
assam,kokrajhar,2020,3,8082,147
assam,kokrajhar,2020,4,8083,187
assam,kokrajhar,2021,1,8084,467
assam,kokrajhar,2021,2,8085,979
assam,kokrajhar,2021,3,8086,1999
assam,kokrajhar,2021,4,8087,4609
assam,kokrajhar,2022,1,8088,6952
assam,kokrajhar,2022,2,8089,8365
assam,kokrajhar,2022,3,8090,9786
assam,kokrajhar,2022,4,8091,11089
assam,kokrajhar,2023,1,8092,11687
assam,kokrajhar,2023,2,8093,12244
assam,kokrajhar,2023,3,8094,14210
assam,kokrajhar,2023,4,8095,15369
assam,kokrajhar,2024,1,8096,16376
assam,kokrajhar,2024,2,8097,17320
assam,kokrajhar,2024,3,8098,18793
assam,kokrajhar,2024,4,8099,20607
assam,kokrajhar,2025,1,8100,21886
assam,kokrajhar,2025,2,8101,22984
assam,kokrajhar,2025,3,8102,23932
assam,kokrajhar,2025,4,8103,25758
assam,kokrajhar,2026,1,8104,26533
assam,kokrajhar,2026,2,8105,27744
assam,lakhimpur,2018,4,8075,1
assam,lakhimpur,2019,1,8076,32
assam,lakhimpur,2019,2,8077,75
assam,lakhimpur,2019,3,8078,113
assam,lakhimpur,2019,4,8079,143
assam,lakhimpur,2020,1,8080,171
assam,lakhimpur,2020,2,8081,191
assam,lakhimpur,2020,3,8082,204
assam,lakhimpur,2020,4,8083,232
assam,lakhimpur,2021,1,8084,337
assam,lakhimpur,2021,2,8085,425
assam,lakhimpur,2021,3,8086,1450
assam,lakhimpur,2021,4,8087,3499
assam,lakhimpur,2022,1,8088,7008
assam,lakhimpur,2022,2,8089,9198
assam,lakhimpur,2022,3,8090,12407
assam,lakhimpur,2022,4,8091,13999
assam,lakhimpur,2023,1,8092,15315
assam,lakhimpur,2023,2,8093,16202
assam,lakhimpur,2023,3,8094,17362
assam,lakhimpur,2023,4,8095,18417
assam,lakhimpur,2024,1,8096,19577
assam,lakhimpur,2024,2,8097,21006
assam,lakhimpur,2024,3,8098,22597
assam,lakhimpur,2024,4,8099,23900
assam,lakhimpur,2025,1,8100,24827
assam,lakhimpur,2025,2,8101,25909
assam,lakhimpur,2025,3,8102,27534
assam,lakhimpur,2025,4,8103,28868
assam,lakhimpur,2026,1,8104,29503
assam,lakhimpur,2026,2,8105,30576
assam,majuli,2019,2,8077,6
assam,majuli,2019,3,8078,17
assam,majuli,2019,4,8079,22
assam,majuli,2020,1,8080,27
assam,majuli,2020,2,8081,28
assam,majuli,2020,3,8082,31
assam,majuli,2020,4,8083,36
assam,majuli,2021,1,8084,41
assam,majuli,2021,2,8085,45
assam,majuli,2021,3,8086,179
assam,majuli,2021,4,8087,378
assam,majuli,2022,1,8088,901
assam,majuli,2022,2,8089,1084
assam,majuli,2022,3,8090,1344
assam,majuli,2022,4,8091,1619
assam,majuli,2023,1,8092,1662
assam,majuli,2023,2,8093,1706
assam,majuli,2023,3,8094,1750
assam,majuli,2023,4,8095,1826
assam,majuli,2024,1,8096,1853
assam,majuli,2024,2,8097,1974
assam,majuli,2024,3,8098,2117
assam,majuli,2024,4,8099,2216
assam,majuli,2025,1,8100,2282
assam,majuli,2025,2,8101,2328
assam,majuli,2025,3,8102,2474
assam,majuli,2025,4,8103,2620
assam,majuli,2026,1,8104,2775
assam,majuli,2026,2,8105,2914
assam,morigaon,2018,3,8074,2
assam,morigaon,2018,4,8075,4
assam,morigaon,2019,1,8076,126
assam,morigaon,2019,2,8077,226
assam,morigaon,2019,3,8078,356
assam,morigaon,2019,4,8079,449
assam,morigaon,2020,1,8080,543
assam,morigaon,2020,2,8081,581
assam,morigaon,2020,3,8082,611
assam,morigaon,2020,4,8083,658
assam,morigaon,2021,1,8084,1883
assam,morigaon,2021,2,8085,2668
assam,morigaon,2021,3,8086,3844
assam,morigaon,2021,4,8087,4559
assam,morigaon,2022,1,8088,7107
assam,morigaon,2022,2,8089,9953
assam,morigaon,2022,3,8090,12492
assam,morigaon,2022,4,8091,13882
assam,morigaon,2023,1,8092,15919
assam,morigaon,2023,2,8093,17057
assam,morigaon,2023,3,8094,18408
assam,morigaon,2023,4,8095,19421
assam,morigaon,2024,1,8096,20769
assam,morigaon,2024,2,8097,21931
assam,morigaon,2024,3,8098,23507
assam,morigaon,2024,4,8099,25078
assam,morigaon,2025,1,8100,26292
assam,morigaon,2025,2,8101,27141
assam,morigaon,2025,3,8102,27834
assam,morigaon,2025,4,8103,28991
assam,morigaon,2026,1,8104,30571
assam,morigaon,2026,2,8105,32830
assam,nagaon,2018,4,8075,4
assam,nagaon,2019,1,8076,248
assam,nagaon,2019,2,8077,414
assam,nagaon,2019,3,8078,598
assam,nagaon,2019,4,8079,731
assam,nagaon,2020,1,8080,876
assam,nagaon,2020,2,8081,954
assam,nagaon,2020,3,8082,983
assam,nagaon,2020,4,8083,1272
assam,nagaon,2021,1,8084,2026
assam,nagaon,2021,2,8085,3845
assam,nagaon,2021,3,8086,6020
assam,nagaon,2021,4,8087,9002
assam,nagaon,2022,1,8088,14580
assam,nagaon,2022,2,8089,18501
assam,nagaon,2022,3,8090,20975
assam,nagaon,2022,4,8091,23704
assam,nagaon,2023,1,8092,25749
assam,nagaon,2023,2,8093,27957
assam,nagaon,2023,3,8094,29748
assam,nagaon,2023,4,8095,32127
assam,nagaon,2024,1,8096,34335
assam,nagaon,2024,2,8097,36332
assam,nagaon,2024,3,8098,38396
assam,nagaon,2024,4,8099,40509
assam,nagaon,2025,1,8100,42704
assam,nagaon,2025,2,8101,44489
assam,nagaon,2025,3,8102,46321
assam,nagaon,2025,4,8103,49091
assam,nagaon,2026,1,8104,52134
assam,nagaon,2026,2,8105,55055
assam,nalbari,2019,1,8076,21
assam,nalbari,2019,2,8077,51
assam,nalbari,2019,3,8078,79
assam,nalbari,2019,4,8079,252
assam,nalbari,2020,1,8080,280
assam,nalbari,2020,2,8081,298
assam,nalbari,2020,3,8082,308
assam,nalbari,2020,4,8083,327
assam,nalbari,2021,1,8084,606
assam,nalbari,2021,2,8085,1404
assam,nalbari,2021,3,8086,2655
assam,nalbari,2021,4,8087,4411
assam,nalbari,2022,1,8088,6253
assam,nalbari,2022,2,8089,7997
assam,nalbari,2022,3,8090,9956
assam,nalbari,2022,4,8091,11553
assam,nalbari,2023,1,8092,12384
assam,nalbari,2023,2,8093,12948
assam,nalbari,2023,3,8094,13996
assam,nalbari,2023,4,8095,14594
assam,nalbari,2024,1,8096,15353
assam,nalbari,2024,2,8097,16110
assam,nalbari,2024,3,8098,17062
assam,nalbari,2024,4,8099,18036
assam,nalbari,2025,1,8100,18637
assam,nalbari,2025,2,8101,19264
assam,nalbari,2025,3,8102,20117
assam,nalbari,2025,4,8103,20855
assam,nalbari,2026,1,8104,21538
assam,nalbari,2026,2,8105,22097
assam,sivasagar,2019,1,8076,22
assam,sivasagar,2019,2,8077,102
assam,sivasagar,2019,3,8078,133
assam,sivasagar,2019,4,8079,160
assam,sivasagar,2020,1,8080,188
assam,sivasagar,2020,2,8081,209
assam,sivasagar,2020,3,8082,219
assam,sivasagar,2020,4,8083,238
assam,sivasagar,2021,1,8084,666
assam,sivasagar,2021,2,8085,997
assam,sivasagar,2021,3,8086,1669
assam,sivasagar,2021,4,8087,2808
assam,sivasagar,2022,1,8088,3760
assam,sivasagar,2022,2,8089,4612
assam,sivasagar,2022,3,8090,5874
assam,sivasagar,2022,4,8091,6521
assam,sivasagar,2023,1,8092,6923
assam,sivasagar,2023,2,8093,7299
assam,sivasagar,2023,3,8094,7678
assam,sivasagar,2023,4,8095,8009
assam,sivasagar,2024,1,8096,8871
assam,sivasagar,2024,2,8097,9455
assam,sivasagar,2024,3,8098,10327
assam,sivasagar,2024,4,8099,11097
assam,sivasagar,2025,1,8100,11706
assam,sivasagar,2025,2,8101,12389
assam,sivasagar,2025,3,8102,13051
assam,sivasagar,2025,4,8103,13617
assam,sivasagar,2026,1,8104,14119
assam,sivasagar,2026,2,8105,14775
assam,sonitpur,2019,1,8076,40
assam,sonitpur,2019,2,8077,100
assam,sonitpur,2019,3,8078,161
assam,sonitpur,2019,4,8079,214
assam,sonitpur,2020,1,8080,246
assam,sonitpur,2020,2,8081,284
assam,sonitpur,2020,3,8082,299
assam,sonitpur,2020,4,8083,451
assam,sonitpur,2021,1,8084,527
assam,sonitpur,2021,2,8085,716
assam,sonitpur,2021,3,8086,2354
assam,sonitpur,2021,4,8087,7251
assam,sonitpur,2022,1,8088,10411
assam,sonitpur,2022,2,8089,13390
assam,sonitpur,2022,3,8090,15822
assam,sonitpur,2022,4,8091,17797
assam,sonitpur,2023,1,8092,19453
assam,sonitpur,2023,2,8093,20732
assam,sonitpur,2023,3,8094,22602
assam,sonitpur,2023,4,8095,23910
assam,sonitpur,2024,1,8096,25037
assam,sonitpur,2024,2,8097,26397
assam,sonitpur,2024,3,8098,27900
assam,sonitpur,2024,4,8099,29348
assam,sonitpur,2025,1,8100,30502
assam,sonitpur,2025,2,8101,31692
assam,sonitpur,2025,3,8102,32890
assam,sonitpur,2025,4,8103,34498
assam,sonitpur,2026,1,8104,35603
assam,sonitpur,2026,2,8105,37276
assam,south salmara mankachar,2019,1,8076,26
assam,south salmara mankachar,2019,2,8077,66
assam,south salmara mankachar,2019,3,8078,82
assam,south salmara mankachar,2019,4,8079,103
assam,south salmara mankachar,2020,1,8080,110
assam,south salmara mankachar,2020,2,8081,120
assam,south salmara mankachar,2020,3,8082,126
assam,south salmara mankachar,2020,4,8083,175
assam,south salmara mankachar,2021,1,8084,512
assam,south salmara mankachar,2021,2,8085,1197
assam,south salmara mankachar,2021,3,8086,1659
assam,south salmara mankachar,2021,4,8087,1930
assam,south salmara mankachar,2022,1,8088,2680
assam,south salmara mankachar,2022,2,8089,2896
assam,south salmara mankachar,2022,3,8090,3336
assam,south salmara mankachar,2022,4,8091,3550
assam,south salmara mankachar,2023,1,8092,3567
assam,south salmara mankachar,2023,2,8093,3612
assam,south salmara mankachar,2023,3,8094,3881
assam,south salmara mankachar,2023,4,8095,4635
assam,south salmara mankachar,2024,1,8096,4994
assam,south salmara mankachar,2024,2,8097,5154
assam,south salmara mankachar,2024,3,8098,5512
assam,south salmara mankachar,2024,4,8099,6108
assam,south salmara mankachar,2025,1,8100,6770
assam,south salmara mankachar,2025,2,8101,6869
assam,south salmara mankachar,2025,3,8102,7476
assam,south salmara mankachar,2025,4,8103,8747
assam,south salmara mankachar,2026,1,8104,9522
assam,south salmara mankachar,2026,2,8105,12553
assam,sribhumi,2018,3,8074,1
assam,sribhumi,2018,4,8075,4
assam,sribhumi,2019,1,8076,35
assam,sribhumi,2019,2,8077,76
assam,sribhumi,2019,3,8078,133
assam,sribhumi,2019,4,8079,165
assam,sribhumi,2020,1,8080,213
assam,sribhumi,2020,2,8081,250
assam,sribhumi,2020,3,8082,267
assam,sribhumi,2020,4,8083,314
assam,sribhumi,2021,1,8084,371
assam,sribhumi,2021,2,8085,1267
assam,sribhumi,2021,3,8086,2508
assam,sribhumi,2021,4,8087,3870
assam,sribhumi,2022,1,8088,5080
assam,sribhumi,2022,2,8089,5972
assam,sribhumi,2022,3,8090,7039
assam,sribhumi,2022,4,8091,8470
assam,sribhumi,2023,1,8092,9220
assam,sribhumi,2023,2,8093,9886
assam,sribhumi,2023,3,8094,11141
assam,sribhumi,2023,4,8095,12287
assam,sribhumi,2024,1,8096,13212
assam,sribhumi,2024,2,8097,14065
assam,sribhumi,2024,3,8098,14927
assam,sribhumi,2024,4,8099,15952
assam,sribhumi,2025,1,8100,17180
assam,sribhumi,2025,2,8101,18105
assam,sribhumi,2025,3,8102,19109
assam,sribhumi,2025,4,8103,20170
assam,sribhumi,2026,1,8104,20845
assam,sribhumi,2026,2,8105,21520
assam,tamulpur,2019,1,8076,7
assam,tamulpur,2019,2,8077,21
assam,tamulpur,2019,3,8078,34
assam,tamulpur,2019,4,8079,40
assam,tamulpur,2020,1,8080,48
assam,tamulpur,2020,2,8081,57
assam,tamulpur,2020,3,8082,61
assam,tamulpur,2020,4,8083,70
assam,tamulpur,2021,1,8084,81
assam,tamulpur,2021,2,8085,385
assam,tamulpur,2021,3,8086,1218
assam,tamulpur,2021,4,8087,1913
assam,tamulpur,2022,1,8088,2686
assam,tamulpur,2022,2,8089,3236
assam,tamulpur,2022,3,8090,3907
assam,tamulpur,2022,4,8091,4609
assam,tamulpur,2023,1,8092,4814
assam,tamulpur,2023,2,8093,5048
assam,tamulpur,2023,3,8094,5464
assam,tamulpur,2023,4,8095,5748
assam,tamulpur,2024,1,8096,6012
assam,tamulpur,2024,2,8097,6501
assam,tamulpur,2024,3,8098,6883
assam,tamulpur,2024,4,8099,7300
assam,tamulpur,2025,1,8100,7658
assam,tamulpur,2025,2,8101,7977
assam,tamulpur,2025,3,8102,8285
assam,tamulpur,2025,4,8103,8637
assam,tamulpur,2026,1,8104,8784
assam,tamulpur,2026,2,8105,8979
assam,tinsukia,2018,4,8075,1
assam,tinsukia,2019,1,8076,20
assam,tinsukia,2019,2,8077,61
assam,tinsukia,2019,3,8078,99
assam,tinsukia,2019,4,8079,147
assam,tinsukia,2020,1,8080,183
assam,tinsukia,2020,2,8081,224
assam,tinsukia,2020,3,8082,242
assam,tinsukia,2020,4,8083,277
assam,tinsukia,2021,1,8084,473
assam,tinsukia,2021,2,8085,616
assam,tinsukia,2021,3,8086,1458
assam,tinsukia,2021,4,8087,3621
assam,tinsukia,2022,1,8088,5907
assam,tinsukia,2022,2,8089,7526
assam,tinsukia,2022,3,8090,9349
assam,tinsukia,2022,4,8091,10762
assam,tinsukia,2023,1,8092,12516
assam,tinsukia,2023,2,8093,13885
assam,tinsukia,2023,3,8094,14866
assam,tinsukia,2023,4,8095,15829
assam,tinsukia,2024,1,8096,16682
assam,tinsukia,2024,2,8097,17583
assam,tinsukia,2024,3,8098,18504
assam,tinsukia,2024,4,8099,19373
assam,tinsukia,2025,1,8100,20093
assam,tinsukia,2025,2,8101,20952
assam,tinsukia,2025,3,8102,22060
assam,tinsukia,2025,4,8103,23718
assam,tinsukia,2026,1,8104,24612
assam,tinsukia,2026,2,8105,25687
assam,udalguri,2018,4,8075,1
assam,udalguri,2019,1,8076,8
assam,udalguri,2019,2,8077,31
assam,udalguri,2019,3,8078,54
assam,udalguri,2019,4,8079,70
assam,udalguri,2020,1,8080,87
assam,udalguri,2020,2,8081,105
assam,udalguri,2020,3,8082,109
assam,udalguri,2020,4,8083,196
assam,udalguri,2021,1,8084,521
assam,udalguri,2021,2,8085,800
assam,udalguri,2021,3,8086,2204
assam,udalguri,2021,4,8087,3777
assam,udalguri,2022,1,8088,5427
assam,udalguri,2022,2,8089,6501
assam,udalguri,2022,3,8090,7994
assam,udalguri,2022,4,8091,9044
assam,udalguri,2023,1,8092,9723
assam,udalguri,2023,2,8093,10511
assam,udalguri,2023,3,8094,11687
assam,udalguri,2023,4,8095,12760
assam,udalguri,2024,1,8096,13387
assam,udalguri,2024,2,8097,14144
assam,udalguri,2024,3,8098,14666
assam,udalguri,2024,4,8099,15484
assam,udalguri,2025,1,8100,16183
assam,udalguri,2025,2,8101,16756
assam,udalguri,2025,3,8102,17321
assam,udalguri,2025,4,8103,17908
assam,udalguri,2026,1,8104,18422
assam,udalguri,2026,2,8105,19161
assam,west karbi anglong,2019,1,8076,10
assam,west karbi anglong,2019,2,8077,17
assam,west karbi anglong,2019,3,8078,26
assam,west karbi anglong,2019,4,8079,32
assam,west karbi anglong,2020,1,8080,43
assam,west karbi anglong,2020,2,8081,50
assam,west karbi anglong,2020,3,8082,53
assam,west karbi anglong,2020,4,8083,60
assam,west karbi anglong,2021,1,8084,71
assam,west karbi anglong,2021,2,8085,112
assam,west karbi anglong,2021,3,8086,181
assam,west karbi anglong,2021,4,8087,228
assam,west karbi anglong,2022,1,8088,302
assam,west karbi anglong,2022,2,8089,396
assam,west karbi anglong,2022,3,8090,596
assam,west karbi anglong,2022,4,8091,830
assam,west karbi anglong,2023,1,8092,1349
assam,west karbi anglong,2023,2,8093,1558
assam,west karbi anglong,2023,3,8094,1702
assam,west karbi anglong,2023,4,8095,1892
assam,west karbi anglong,2024,1,8096,2047
assam,west karbi anglong,2024,2,8097,2220
assam,west karbi anglong,2024,3,8098,2354
assam,west karbi anglong,2024,4,8099,2501
assam,west karbi anglong,2025,1,8100,2720
assam,west karbi anglong,2025,2,8101,2824
assam,west karbi anglong,2025,3,8102,2908
assam,west karbi anglong,2025,4,8103,3102
assam,west karbi anglong,2026,1,8104,3121
assam,west karbi anglong,2026,2,8105,3234
bihar,araria,2018,3,8074,2
bihar,araria,2018,4,8075,14
bihar,araria,2019,1,8076,155
bihar,araria,2019,2,8077,722
bihar,araria,2019,3,8078,1072
bihar,araria,2019,4,8079,1615
bihar,araria,2020,1,8080,2128
bihar,araria,2020,2,8081,2527
bihar,araria,2020,3,8082,3159
bihar,araria,2020,4,8083,7828
bihar,araria,2021,1,8084,11867
bihar,araria,2021,2,8085,16299
bihar,araria,2021,3,8086,23519
bihar,araria,2021,4,8087,31250
bihar,araria,2022,1,8088,41912
bihar,araria,2022,2,8089,48977
bihar,araria,2022,3,8090,52991
bihar,araria,2022,4,8091,56342
bihar,araria,2023,1,8092,56147
bihar,araria,2023,2,8093,56713
bihar,araria,2023,3,8094,57807
bihar,araria,2023,4,8095,59368
bihar,araria,2024,1,8096,61207
bihar,araria,2024,2,8097,63956
bihar,araria,2024,3,8098,68013
bihar,araria,2024,4,8099,72427
bihar,araria,2025,1,8100,76045
bihar,araria,2025,2,8101,79659
bihar,araria,2025,3,8102,83693
bihar,araria,2025,4,8103,87410
bihar,araria,2026,1,8104,90252
bihar,araria,2026,2,8105,92877
bihar,arwal,2018,4,8075,2
bihar,arwal,2019,1,8076,354
bihar,arwal,2019,2,8077,880
bihar,arwal,2019,3,8078,1256
bihar,arwal,2019,4,8079,1509
bihar,arwal,2020,1,8080,1694
bihar,arwal,2020,2,8081,1762
bihar,arwal,2020,3,8082,2607
bihar,arwal,2020,4,8083,3226
bihar,arwal,2021,1,8084,3545
bihar,arwal,2021,2,8085,3940
bihar,arwal,2021,3,8086,4556
bihar,arwal,2021,4,8087,5074
bihar,arwal,2022,1,8088,5842
bihar,arwal,2022,2,8089,6497
bihar,arwal,2022,3,8090,7190
bihar,arwal,2022,4,8091,7449
bihar,arwal,2023,1,8092,7343
bihar,arwal,2023,2,8093,7398
bihar,arwal,2023,3,8094,7926
bihar,arwal,2023,4,8095,8553
bihar,arwal,2024,1,8096,8973
bihar,arwal,2024,2,8097,9504
bihar,arwal,2024,3,8098,9951
bihar,arwal,2024,4,8099,10445
bihar,arwal,2025,1,8100,10808
bihar,arwal,2025,2,8101,11105
bihar,arwal,2025,3,8102,11737
bihar,arwal,2025,4,8103,12768
bihar,arwal,2026,1,8104,13490
bihar,arwal,2026,2,8105,14113
bihar,aurangabad,2018,4,8075,12
bihar,aurangabad,2019,1,8076,770
bihar,aurangabad,2019,2,8077,2113
bihar,aurangabad,2019,3,8078,3070
bihar,aurangabad,2019,4,8079,3881
bihar,aurangabad,2020,1,8080,4702
bihar,aurangabad,2020,2,8081,5089
bihar,aurangabad,2020,3,8082,6875
bihar,aurangabad,2020,4,8083,10337
bihar,aurangabad,2021,1,8084,14371
bihar,aurangabad,2021,2,8085,16925
bihar,aurangabad,2021,3,8086,21345
bihar,aurangabad,2021,4,8087,25483
bihar,aurangabad,2022,1,8088,30064
bihar,aurangabad,2022,2,8089,32335
bihar,aurangabad,2022,3,8090,34764
bihar,aurangabad,2022,4,8091,36985
bihar,aurangabad,2023,1,8092,37549
bihar,aurangabad,2023,2,8093,38272
bihar,aurangabad,2023,3,8094,39589
bihar,aurangabad,2023,4,8095,41213
bihar,aurangabad,2024,1,8096,42424
bihar,aurangabad,2024,2,8097,43811
bihar,aurangabad,2024,3,8098,45896
bihar,aurangabad,2024,4,8099,48069
bihar,aurangabad,2025,1,8100,49781
bihar,aurangabad,2025,2,8101,51586
bihar,aurangabad,2025,3,8102,53527
bihar,aurangabad,2025,4,8103,56300
bihar,aurangabad,2026,1,8104,58336
bihar,aurangabad,2026,2,8105,60210
bihar,banka,2018,3,8074,1
bihar,banka,2018,4,8075,7
bihar,banka,2019,1,8076,172
bihar,banka,2019,2,8077,581
bihar,banka,2019,3,8078,1085
bihar,banka,2019,4,8079,1593
bihar,banka,2020,1,8080,1990
bihar,banka,2020,2,8081,2079
bihar,banka,2020,3,8082,2417
bihar,banka,2020,4,8083,4045
bihar,banka,2021,1,8084,6329
bihar,banka,2021,2,8085,7665
bihar,banka,2021,3,8086,10823
bihar,banka,2021,4,8087,14266
bihar,banka,2022,1,8088,17766
bihar,banka,2022,2,8089,19651
bihar,banka,2022,3,8090,22209
bihar,banka,2022,4,8091,24311
bihar,banka,2023,1,8092,24655
bihar,banka,2023,2,8093,25211
bihar,banka,2023,3,8094,26089
bihar,banka,2023,4,8095,26791
bihar,banka,2024,1,8096,27412
bihar,banka,2024,2,8097,28333
bihar,banka,2024,3,8098,29404
bihar,banka,2024,4,8099,30125
bihar,banka,2025,1,8100,31112
bihar,banka,2025,2,8101,32468
bihar,banka,2025,3,8102,34241
bihar,banka,2025,4,8103,36021
bihar,banka,2026,1,8104,37166
bihar,banka,2026,2,8105,38472
bihar,begusarai,2018,3,8074,1
bihar,begusarai,2018,4,8075,20
bihar,begusarai,2019,1,8076,722
bihar,begusarai,2019,2,8077,3181
bihar,begusarai,2019,3,8078,3947
bihar,begusarai,2019,4,8079,4567
bihar,begusarai,2020,1,8080,5375
bihar,begusarai,2020,2,8081,5824
bihar,begusarai,2020,3,8082,6468
bihar,begusarai,2020,4,8083,9719
bihar,begusarai,2021,1,8084,17773
bihar,begusarai,2021,2,8085,21586
bihar,begusarai,2021,3,8086,28746
bihar,begusarai,2021,4,8087,35892
bihar,begusarai,2022,1,8088,47280
bihar,begusarai,2022,2,8089,55473
bihar,begusarai,2022,3,8090,62809
bihar,begusarai,2022,4,8091,69754
bihar,begusarai,2023,1,8092,65785
bihar,begusarai,2023,2,8093,66371
bihar,begusarai,2023,3,8094,68333
bihar,begusarai,2023,4,8095,70177
bihar,begusarai,2024,1,8096,71737
bihar,begusarai,2024,2,8097,74806
bihar,begusarai,2024,3,8098,77551
bihar,begusarai,2024,4,8099,80402
bihar,begusarai,2025,1,8100,82684
bihar,begusarai,2025,2,8101,85269
bihar,begusarai,2025,3,8102,87958
bihar,begusarai,2025,4,8103,91016
bihar,begusarai,2026,1,8104,93057
bihar,begusarai,2026,2,8105,95483
bihar,bhagalpur,2018,3,8074,1
bihar,bhagalpur,2018,4,8075,20
bihar,bhagalpur,2019,1,8076,1785
bihar,bhagalpur,2019,2,8077,4450
bihar,bhagalpur,2019,3,8078,5786
bihar,bhagalpur,2019,4,8079,6664
bihar,bhagalpur,2020,1,8080,7731
bihar,bhagalpur,2020,2,8081,8189
bihar,bhagalpur,2020,3,8082,9287
bihar,bhagalpur,2020,4,8083,13242
bihar,bhagalpur,2021,1,8084,17525
bihar,bhagalpur,2021,2,8085,19925
bihar,bhagalpur,2021,3,8086,26281
bihar,bhagalpur,2021,4,8087,33396
bihar,bhagalpur,2022,1,8088,40208
bihar,bhagalpur,2022,2,8089,43742
bihar,bhagalpur,2022,3,8090,47405
bihar,bhagalpur,2022,4,8091,50134
bihar,bhagalpur,2023,1,8092,50401
bihar,bhagalpur,2023,2,8093,51508
bihar,bhagalpur,2023,3,8094,53663
bihar,bhagalpur,2023,4,8095,55556
bihar,bhagalpur,2024,1,8096,57498
bihar,bhagalpur,2024,2,8097,60028
bihar,bhagalpur,2024,3,8098,62722
bihar,bhagalpur,2024,4,8099,65380
bihar,bhagalpur,2025,1,8100,67837
bihar,bhagalpur,2025,2,8101,70351
bihar,bhagalpur,2025,3,8102,73223
bihar,bhagalpur,2025,4,8103,76154
bihar,bhagalpur,2026,1,8104,78242
bihar,bhagalpur,2026,2,8105,80820
bihar,bhojpur,2018,3,8074,1
bihar,bhojpur,2018,4,8075,4
bihar,bhojpur,2019,1,8076,871
bihar,bhojpur,2019,2,8077,2850
bihar,bhojpur,2019,3,8078,3750
bihar,bhojpur,2019,4,8079,5200
bihar,bhojpur,2020,1,8080,6180
bihar,bhojpur,2020,2,8081,6627
bihar,bhojpur,2020,3,8082,10136
bihar,bhojpur,2020,4,8083,13903
bihar,bhojpur,2021,1,8084,17682
bihar,bhojpur,2021,2,8085,19570
bihar,bhojpur,2021,3,8086,23142
bihar,bhojpur,2021,4,8087,26848
bihar,bhojpur,2022,1,8088,31142
bihar,bhojpur,2022,2,8089,33746
bihar,bhojpur,2022,3,8090,36518
bihar,bhojpur,2022,4,8091,39637
bihar,bhojpur,2023,1,8092,40130
bihar,bhojpur,2023,2,8093,41256
bihar,bhojpur,2023,3,8094,43537
bihar,bhojpur,2023,4,8095,46016
bihar,bhojpur,2024,1,8096,48946
bihar,bhojpur,2024,2,8097,51554
bihar,bhojpur,2024,3,8098,54209
bihar,bhojpur,2024,4,8099,56751
bihar,bhojpur,2025,1,8100,59359
bihar,bhojpur,2025,2,8101,61682
bihar,bhojpur,2025,3,8102,63869
bihar,bhojpur,2025,4,8103,66600
bihar,bhojpur,2026,1,8104,68294
bihar,bhojpur,2026,2,8105,70550
bihar,buxar,2018,4,8075,6
bihar,buxar,2019,1,8076,166
bihar,buxar,2019,2,8077,757
bihar,buxar,2019,3,8078,1114
bihar,buxar,2019,4,8079,1666
bihar,buxar,2020,1,8080,2179
bihar,buxar,2020,2,8081,2404
bihar,buxar,2020,3,8082,3735
bihar,buxar,2020,4,8083,6586
bihar,buxar,2021,1,8084,8341
bihar,buxar,2021,2,8085,9506
bihar,buxar,2021,3,8086,11897
bihar,buxar,2021,4,8087,14774
bihar,buxar,2022,1,8088,18754
bihar,buxar,2022,2,8089,20474
bihar,buxar,2022,3,8090,22396
bihar,buxar,2022,4,8091,24445
bihar,buxar,2023,1,8092,25113
bihar,buxar,2023,2,8093,25751
bihar,buxar,2023,3,8094,27439
bihar,buxar,2023,4,8095,28799
bihar,buxar,2024,1,8096,30184
bihar,buxar,2024,2,8097,31442
bihar,buxar,2024,3,8098,33214
bihar,buxar,2024,4,8099,35058
bihar,buxar,2025,1,8100,36621
bihar,buxar,2025,2,8101,37952
bihar,buxar,2025,3,8102,39513
bihar,buxar,2025,4,8103,41539
bihar,buxar,2026,1,8104,42756
bihar,buxar,2026,2,8105,43975
bihar,darbhanga,2018,3,8074,10
bihar,darbhanga,2018,4,8075,67
bihar,darbhanga,2019,1,8076,533
bihar,darbhanga,2019,2,8077,2472
bihar,darbhanga,2019,3,8078,3187
bihar,darbhanga,2019,4,8079,4046
bihar,darbhanga,2020,1,8080,7483
bihar,darbhanga,2020,2,8081,8853
bihar,darbhanga,2020,3,8082,11419
bihar,darbhanga,2020,4,8083,17638
bihar,darbhanga,2021,1,8084,25248
bihar,darbhanga,2021,2,8085,32132
bihar,darbhanga,2021,3,8086,41599
bihar,darbhanga,2021,4,8087,49596
bihar,darbhanga,2022,1,8088,57746
bihar,darbhanga,2022,2,8089,62871
bihar,darbhanga,2022,3,8090,67246
bihar,darbhanga,2022,4,8091,71725
bihar,darbhanga,2023,1,8092,71952
bihar,darbhanga,2023,2,8093,72485
bihar,darbhanga,2023,3,8094,74432
bihar,darbhanga,2023,4,8095,77178
bihar,darbhanga,2024,1,8096,80046
bihar,darbhanga,2024,2,8097,83554
bihar,darbhanga,2024,3,8098,86972
bihar,darbhanga,2024,4,8099,89958
bihar,darbhanga,2025,1,8100,92486
bihar,darbhanga,2025,2,8101,95310
bihar,darbhanga,2025,3,8102,98374
bihar,darbhanga,2025,4,8103,102125
bihar,darbhanga,2026,1,8104,105083
bihar,darbhanga,2026,2,8105,108685
bihar,gaya,2018,3,8074,2
bihar,gaya,2018,4,8075,34
bihar,gaya,2019,1,8076,2785
bihar,gaya,2019,2,8077,10139
bihar,gaya,2019,3,8078,14234
bihar,gaya,2019,4,8079,16835
bihar,gaya,2020,1,8080,19382
bihar,gaya,2020,2,8081,20565
bihar,gaya,2020,3,8082,23672
bihar,gaya,2020,4,8083,29541
bihar,gaya,2021,1,8084,35705
bihar,gaya,2021,2,8085,38748
bihar,gaya,2021,3,8086,42990
bihar,gaya,2021,4,8087,48104
bihar,gaya,2022,1,8088,54938
bihar,gaya,2022,2,8089,59356
bihar,gaya,2022,3,8090,62952
bihar,gaya,2022,4,8091,66028
bihar,gaya,2023,1,8092,66134
bihar,gaya,2023,2,8093,67409
bihar,gaya,2023,3,8094,70083
bihar,gaya,2023,4,8095,73032
bihar,gaya,2024,1,8096,76810
bihar,gaya,2024,2,8097,80231
bihar,gaya,2024,3,8098,83621
bihar,gaya,2024,4,8099,86694
bihar,gaya,2025,1,8100,89678
bihar,gaya,2025,2,8101,92579
bihar,gaya,2025,3,8102,95531
bihar,gaya,2025,4,8103,99124
bihar,gaya,2026,1,8104,102131
bihar,gaya,2026,2,8105,104785
bihar,gopalganj,2018,3,8074,2
bihar,gopalganj,2018,4,8075,27
bihar,gopalganj,2019,1,8076,266
bihar,gopalganj,2019,2,8077,3015
bihar,gopalganj,2019,3,8078,4681
bihar,gopalganj,2019,4,8079,6216
bihar,gopalganj,2020,1,8080,8059
bihar,gopalganj,2020,2,8081,8694
bihar,gopalganj,2020,3,8082,10657
bihar,gopalganj,2020,4,8083,16518
bihar,gopalganj,2021,1,8084,22436
bihar,gopalganj,2021,2,8085,25155
bihar,gopalganj,2021,3,8086,31697
bihar,gopalganj,2021,4,8087,36893
bihar,gopalganj,2022,1,8088,42090
bihar,gopalganj,2022,2,8089,46487
bihar,gopalganj,2022,3,8090,50677
bihar,gopalganj,2022,4,8091,54178
bihar,gopalganj,2023,1,8092,54515
bihar,gopalganj,2023,2,8093,55309
bihar,gopalganj,2023,3,8094,56501
bihar,gopalganj,2023,4,8095,57524
bihar,gopalganj,2024,1,8096,58570
bihar,gopalganj,2024,2,8097,59957
bihar,gopalganj,2024,3,8098,62013
bihar,gopalganj,2024,4,8099,64256
bihar,gopalganj,2025,1,8100,65960
bihar,gopalganj,2025,2,8101,67376
bihar,gopalganj,2025,3,8102,68728
bihar,gopalganj,2025,4,8103,70386
bihar,gopalganj,2026,1,8104,71341
bihar,gopalganj,2026,2,8105,72440
bihar,jamui,2018,3,8074,1
bihar,jamui,2018,4,8075,7
bihar,jamui,2019,1,8076,235
bihar,jamui,2019,2,8077,1129
bihar,jamui,2019,3,8078,1702
bihar,jamui,2019,4,8079,2085
bihar,jamui,2020,1,8080,2657
bihar,jamui,2020,2,8081,2833
bihar,jamui,2020,3,8082,3602
bihar,jamui,2020,4,8083,7073
bihar,jamui,2021,1,8084,9563
bihar,jamui,2021,2,8085,11091
bihar,jamui,2021,3,8086,14113
bihar,jamui,2021,4,8087,16600
bihar,jamui,2022,1,8088,19363
bihar,jamui,2022,2,8089,21159
bihar,jamui,2022,3,8090,23741
bihar,jamui,2022,4,8091,24692
bihar,jamui,2023,1,8092,24350
bihar,jamui,2023,2,8093,24526
bihar,jamui,2023,3,8094,25570
bihar,jamui,2023,4,8095,26645
bihar,jamui,2024,1,8096,27392
bihar,jamui,2024,2,8097,28332
bihar,jamui,2024,3,8098,29871
bihar,jamui,2024,4,8099,31505
bihar,jamui,2025,1,8100,32961
bihar,jamui,2025,2,8101,34486
bihar,jamui,2025,3,8102,36345
bihar,jamui,2025,4,8103,38494
bihar,jamui,2026,1,8104,39897
bihar,jamui,2026,2,8105,41271
bihar,jehanabad,2018,4,8075,3
bihar,jehanabad,2019,1,8076,520
bihar,jehanabad,2019,2,8077,1627
bihar,jehanabad,2019,3,8078,2215
bihar,jehanabad,2019,4,8079,2573
bihar,jehanabad,2020,1,8080,2939
bihar,jehanabad,2020,2,8081,3104
bihar,jehanabad,2020,3,8082,3848
bihar,jehanabad,2020,4,8083,5267
bihar,jehanabad,2021,1,8084,6405
bihar,jehanabad,2021,2,8085,7303
bihar,jehanabad,2021,3,8086,8125
bihar,jehanabad,2021,4,8087,8842
bihar,jehanabad,2022,1,8088,10078
bihar,jehanabad,2022,2,8089,10784
bihar,jehanabad,2022,3,8090,11619
bihar,jehanabad,2022,4,8091,12184
bihar,jehanabad,2023,1,8092,11855
bihar,jehanabad,2023,2,8093,11977
bihar,jehanabad,2023,3,8094,12164
bihar,jehanabad,2023,4,8095,12868
bihar,jehanabad,2024,1,8096,13241
bihar,jehanabad,2024,2,8097,13804
bihar,jehanabad,2024,3,8098,14219
bihar,jehanabad,2024,4,8099,14627
bihar,jehanabad,2025,1,8100,14966
bihar,jehanabad,2025,2,8101,15318
bihar,jehanabad,2025,3,8102,15831
bihar,jehanabad,2025,4,8103,16481
bihar,jehanabad,2026,1,8104,16989
bihar,jehanabad,2026,2,8105,17868
bihar,kaimur,2018,4,8075,3
bihar,kaimur,2019,1,8076,143
bihar,kaimur,2019,2,8077,480
bihar,kaimur,2019,3,8078,658
bihar,kaimur,2019,4,8079,818
bihar,kaimur,2020,1,8080,969
bihar,kaimur,2020,2,8081,1042
bihar,kaimur,2020,3,8082,1509
bihar,kaimur,2020,4,8083,3532
bihar,kaimur,2021,1,8084,6403
bihar,kaimur,2021,2,8085,7448
bihar,kaimur,2021,3,8086,9351
bihar,kaimur,2021,4,8087,11507
bihar,kaimur,2022,1,8088,15217
bihar,kaimur,2022,2,8089,17622
bihar,kaimur,2022,3,8090,19582
bihar,kaimur,2022,4,8091,22428
bihar,kaimur,2023,1,8092,23992
bihar,kaimur,2023,2,8093,25136
bihar,kaimur,2023,3,8094,28208
bihar,kaimur,2023,4,8095,30883
bihar,kaimur,2024,1,8096,32702
bihar,kaimur,2024,2,8097,34042
bihar,kaimur,2024,3,8098,35324
bihar,kaimur,2024,4,8099,37529
bihar,kaimur,2025,1,8100,39214
bihar,kaimur,2025,2,8101,40659
bihar,kaimur,2025,3,8102,42391
bihar,kaimur,2025,4,8103,44992
bihar,kaimur,2026,1,8104,45831
bihar,kaimur,2026,2,8105,46633
bihar,katihar,2018,3,8074,2
bihar,katihar,2018,4,8075,14
bihar,katihar,2019,1,8076,1288
bihar,katihar,2019,2,8077,3775
bihar,katihar,2019,3,8078,5396
bihar,katihar,2019,4,8079,6057
bihar,katihar,2020,1,8080,7086
bihar,katihar,2020,2,8081,7707
bihar,katihar,2020,3,8082,9364
bihar,katihar,2020,4,8083,14435
bihar,katihar,2021,1,8084,20464
bihar,katihar,2021,2,8085,24935
bihar,katihar,2021,3,8086,31268
bihar,katihar,2021,4,8087,36989
bihar,katihar,2022,1,8088,44784
bihar,katihar,2022,2,8089,50754
bihar,katihar,2022,3,8090,55448
bihar,katihar,2022,4,8091,59926
bihar,katihar,2023,1,8092,61992
bihar,katihar,2023,2,8093,63486
bihar,katihar,2023,3,8094,65758
bihar,katihar,2023,4,8095,67823
bihar,katihar,2024,1,8096,69565
bihar,katihar,2024,2,8097,71608
bihar,katihar,2024,3,8098,73406
bihar,katihar,2024,4,8099,74723
bihar,katihar,2025,1,8100,76557
bihar,katihar,2025,2,8101,78179
bihar,katihar,2025,3,8102,79933
bihar,katihar,2025,4,8103,82495
bihar,katihar,2026,1,8104,84148
bihar,katihar,2026,2,8105,86038
bihar,khagaria,2018,3,8074,1
bihar,khagaria,2018,4,8075,5
bihar,khagaria,2019,1,8076,298
bihar,khagaria,2019,2,8077,1664
bihar,khagaria,2019,3,8078,2342
bihar,khagaria,2019,4,8079,2797
bihar,khagaria,2020,1,8080,3596
bihar,khagaria,2020,2,8081,3923
bihar,khagaria,2020,3,8082,4363
bihar,khagaria,2020,4,8083,5999
bihar,khagaria,2021,1,8084,9123
bihar,khagaria,2021,2,8085,11115
bihar,khagaria,2021,3,8086,15366
bihar,khagaria,2021,4,8087,19306
bihar,khagaria,2022,1,8088,23238
bihar,khagaria,2022,2,8089,26736
bihar,khagaria,2022,3,8090,28944
bihar,khagaria,2022,4,8091,30866
bihar,khagaria,2023,1,8092,31443
bihar,khagaria,2023,2,8093,32388
bihar,khagaria,2023,3,8094,33931
bihar,khagaria,2023,4,8095,35858
bihar,khagaria,2024,1,8096,37837
bihar,khagaria,2024,2,8097,40144
bihar,khagaria,2024,3,8098,42736
bihar,khagaria,2024,4,8099,45478
bihar,khagaria,2025,1,8100,47935
bihar,khagaria,2025,2,8101,50565
bihar,khagaria,2025,3,8102,52970
bihar,khagaria,2025,4,8103,55750
bihar,khagaria,2026,1,8104,57668
bihar,khagaria,2026,2,8105,59965
bihar,kishanganj,2018,4,8075,14
bihar,kishanganj,2019,1,8076,97
bihar,kishanganj,2019,2,8077,222
bihar,kishanganj,2019,3,8078,350
bihar,kishanganj,2019,4,8079,477
bihar,kishanganj,2020,1,8080,586
bihar,kishanganj,2020,2,8081,675
bihar,kishanganj,2020,3,8082,731
bihar,kishanganj,2020,4,8083,1487
bihar,kishanganj,2021,1,8084,3700
bihar,kishanganj,2021,2,8085,5847
bihar,kishanganj,2021,3,8086,9266
bihar,kishanganj,2021,4,8087,12792
bihar,kishanganj,2022,1,8088,17014
bihar,kishanganj,2022,2,8089,20448
bihar,kishanganj,2022,3,8090,24486
bihar,kishanganj,2022,4,8091,27318
bihar,kishanganj,2023,1,8092,27394
bihar,kishanganj,2023,2,8093,27888
bihar,kishanganj,2023,3,8094,28689
bihar,kishanganj,2023,4,8095,30005
bihar,kishanganj,2024,1,8096,31439
bihar,kishanganj,2024,2,8097,32906
bihar,kishanganj,2024,3,8098,34589
bihar,kishanganj,2024,4,8099,36436
bihar,kishanganj,2025,1,8100,38148
bihar,kishanganj,2025,2,8101,39428
bihar,kishanganj,2025,3,8102,41011
bihar,kishanganj,2025,4,8103,42636
bihar,kishanganj,2026,1,8104,43917
bihar,kishanganj,2026,2,8105,45364
bihar,lakhisarai,2018,4,8075,10
bihar,lakhisarai,2019,1,8076,295
bihar,lakhisarai,2019,2,8077,932
bihar,lakhisarai,2019,3,8078,1465
bihar,lakhisarai,2019,4,8079,1916
bihar,lakhisarai,2020,1,8080,2341
bihar,lakhisarai,2020,2,8081,2529
bihar,lakhisarai,2020,3,8082,2965
bihar,lakhisarai,2020,4,8083,3747
bihar,lakhisarai,2021,1,8084,5597
bihar,lakhisarai,2021,2,8085,6898
bihar,lakhisarai,2021,3,8086,8524
bihar,lakhisarai,2021,4,8087,9965
bihar,lakhisarai,2022,1,8088,12426
bihar,lakhisarai,2022,2,8089,13651
bihar,lakhisarai,2022,3,8090,14820
bihar,lakhisarai,2022,4,8091,16646
bihar,lakhisarai,2023,1,8092,17319
bihar,lakhisarai,2023,2,8093,17697
bihar,lakhisarai,2023,3,8094,18279
bihar,lakhisarai,2023,4,8095,19029
bihar,lakhisarai,2024,1,8096,19566
bihar,lakhisarai,2024,2,8097,20239
bihar,lakhisarai,2024,3,8098,21057
bihar,lakhisarai,2024,4,8099,22001
bihar,lakhisarai,2025,1,8100,22741
bihar,lakhisarai,2025,2,8101,23491
bihar,lakhisarai,2025,3,8102,24460
bihar,lakhisarai,2025,4,8103,25666
bihar,lakhisarai,2026,1,8104,26396
bihar,lakhisarai,2026,2,8105,27074
bihar,madhepura,2018,4,8075,11
bihar,madhepura,2019,1,8076,359
bihar,madhepura,2019,2,8077,1262
bihar,madhepura,2019,3,8078,1817
bihar,madhepura,2019,4,8079,2222
bihar,madhepura,2020,1,8080,2635
bihar,madhepura,2020,2,8081,2798
bihar,madhepura,2020,3,8082,3148
bihar,madhepura,2020,4,8083,4588
bihar,madhepura,2021,1,8084,10527
bihar,madhepura,2021,2,8085,15315
bihar,madhepura,2021,3,8086,21849
bihar,madhepura,2021,4,8087,29644
bihar,madhepura,2022,1,8088,36939
bihar,madhepura,2022,2,8089,40457
bihar,madhepura,2022,3,8090,43519
bihar,madhepura,2022,4,8091,47294
bihar,madhepura,2023,1,8092,46783
bihar,madhepura,2023,2,8093,47039
bihar,madhepura,2023,3,8094,48632
bihar,madhepura,2023,4,8095,50370
bihar,madhepura,2024,1,8096,51802
bihar,madhepura,2024,2,8097,54766
bihar,madhepura,2024,3,8098,58092
bihar,madhepura,2024,4,8099,60781
bihar,madhepura,2025,1,8100,63116
bihar,madhepura,2025,2,8101,65621
bihar,madhepura,2025,3,8102,68814
bihar,madhepura,2025,4,8103,72237
bihar,madhepura,2026,1,8104,74292
bihar,madhepura,2026,2,8105,77228
bihar,madhubani,2018,3,8074,6
bihar,madhubani,2018,4,8075,65
bihar,madhubani,2019,1,8076,627
bihar,madhubani,2019,2,8077,1726
bihar,madhubani,2019,3,8078,3673
bihar,madhubani,2019,4,8079,4780
bihar,madhubani,2020,1,8080,8006
bihar,madhubani,2020,2,8081,9363
bihar,madhubani,2020,3,8082,12374
bihar,madhubani,2020,4,8083,19209
bihar,madhubani,2021,1,8084,27940
bihar,madhubani,2021,2,8085,34329
bihar,madhubani,2021,3,8086,44162
bihar,madhubani,2021,4,8087,53150
bihar,madhubani,2022,1,8088,62494
bihar,madhubani,2022,2,8089,68544
bihar,madhubani,2022,3,8090,73828
bihar,madhubani,2022,4,8091,78311
bihar,madhubani,2023,1,8092,79146
bihar,madhubani,2023,2,8093,80368
bihar,madhubani,2023,3,8094,82658
bihar,madhubani,2023,4,8095,84840
bihar,madhubani,2024,1,8096,85852
bihar,madhubani,2024,2,8097,87921
bihar,madhubani,2024,3,8098,91139
bihar,madhubani,2024,4,8099,93780
bihar,madhubani,2025,1,8100,95989
bihar,madhubani,2025,2,8101,98246
bihar,madhubani,2025,3,8102,101210
bihar,madhubani,2025,4,8103,105712
bihar,madhubani,2026,1,8104,108978
bihar,madhubani,2026,2,8105,112605
bihar,munger,2018,4,8075,6
bihar,munger,2019,1,8076,646
bihar,munger,2019,2,8077,2206
bihar,munger,2019,3,8078,3206
bihar,munger,2019,4,8079,3834
bihar,munger,2020,1,8080,4468
bihar,munger,2020,2,8081,4750
bihar,munger,2020,3,8082,5675
bihar,munger,2020,4,8083,7563
bihar,munger,2021,1,8084,10462
bihar,munger,2021,2,8085,12341
bihar,munger,2021,3,8086,16473
bihar,munger,2021,4,8087,19386
bihar,munger,2022,1,8088,23135
bihar,munger,2022,2,8089,25487
bihar,munger,2022,3,8090,28376
bihar,munger,2022,4,8091,30329
bihar,munger,2023,1,8092,30282
bihar,munger,2023,2,8093,31024
bihar,munger,2023,3,8094,32204
bihar,munger,2023,4,8095,33347
bihar,munger,2024,1,8096,34578
bihar,munger,2024,2,8097,36518
bihar,munger,2024,3,8098,38502
bihar,munger,2024,4,8099,39995
bihar,munger,2025,1,8100,41599
bihar,munger,2025,2,8101,42877
bihar,munger,2025,3,8102,44410
bihar,munger,2025,4,8103,45658
bihar,munger,2026,1,8104,46408
bihar,munger,2026,2,8105,47318
bihar,muzaffarpur,2018,3,8074,6
bihar,muzaffarpur,2018,4,8075,55
bihar,muzaffarpur,2019,1,8076,4019
bihar,muzaffarpur,2019,2,8077,11752
bihar,muzaffarpur,2019,3,8078,16568
bihar,muzaffarpur,2019,4,8079,19570
bihar,muzaffarpur,2020,1,8080,22377
bihar,muzaffarpur,2020,2,8081,23491
bihar,muzaffarpur,2020,3,8082,26306
bihar,muzaffarpur,2020,4,8083,32169
bihar,muzaffarpur,2021,1,8084,40591
bihar,muzaffarpur,2021,2,8085,46690
bihar,muzaffarpur,2021,3,8086,57428
bihar,muzaffarpur,2021,4,8087,66207
bihar,muzaffarpur,2022,1,8088,77658
bihar,muzaffarpur,2022,2,8089,84048
bihar,muzaffarpur,2022,3,8090,90697
bihar,muzaffarpur,2022,4,8091,96232
bihar,muzaffarpur,2023,1,8092,98078
bihar,muzaffarpur,2023,2,8093,99800
bihar,muzaffarpur,2023,3,8094,104017
bihar,muzaffarpur,2023,4,8095,108384
bihar,muzaffarpur,2024,1,8096,113744
bihar,muzaffarpur,2024,2,8097,120895
bihar,muzaffarpur,2024,3,8098,126864
bihar,muzaffarpur,2024,4,8099,131528
bihar,muzaffarpur,2025,1,8100,135391
bihar,muzaffarpur,2025,2,8101,139197
bihar,muzaffarpur,2025,3,8102,142238
bihar,muzaffarpur,2025,4,8103,146768
bihar,muzaffarpur,2026,1,8104,148869
bihar,muzaffarpur,2026,2,8105,152204
bihar,nalanda,2018,3,8074,4
bihar,nalanda,2018,4,8075,21
bihar,nalanda,2019,1,8076,1476
bihar,nalanda,2019,2,8077,4641
bihar,nalanda,2019,3,8078,6657
bihar,nalanda,2019,4,8079,8714
bihar,nalanda,2020,1,8080,10846
bihar,nalanda,2020,2,8081,11784
bihar,nalanda,2020,3,8082,14662
bihar,nalanda,2020,4,8083,19446
bihar,nalanda,2021,1,8084,24184
bihar,nalanda,2021,2,8085,26486
bihar,nalanda,2021,3,8086,29952
bihar,nalanda,2021,4,8087,33775
bihar,nalanda,2022,1,8088,38901
bihar,nalanda,2022,2,8089,41778
bihar,nalanda,2022,3,8090,44459
bihar,nalanda,2022,4,8091,47503
bihar,nalanda,2023,1,8092,48302
bihar,nalanda,2023,2,8093,48959
bihar,nalanda,2023,3,8094,50182
bihar,nalanda,2023,4,8095,52292
bihar,nalanda,2024,1,8096,54317
bihar,nalanda,2024,2,8097,56489
bihar,nalanda,2024,3,8098,58176
bihar,nalanda,2024,4,8099,60097
bihar,nalanda,2025,1,8100,62083
bihar,nalanda,2025,2,8101,63598
bihar,nalanda,2025,3,8102,65107
bihar,nalanda,2025,4,8103,67000
bihar,nalanda,2026,1,8104,68455
bihar,nalanda,2026,2,8105,70735
bihar,nawada,2018,1,8072,2
bihar,nawada,2018,2,8073,2
bihar,nawada,2018,3,8074,1
bihar,nawada,2018,4,8075,10
bihar,nawada,2019,1,8076,245
bihar,nawada,2019,2,8077,1277
bihar,nawada,2019,3,8078,1968
bihar,nawada,2019,4,8079,2582
bihar,nawada,2020,1,8080,3315
bihar,nawada,2020,2,8081,3620
bihar,nawada,2020,3,8082,4656
bihar,nawada,2020,4,8083,7288
bihar,nawada,2021,1,8084,11932
bihar,nawada,2021,2,8085,14081
bihar,nawada,2021,3,8086,17488
bihar,nawada,2021,4,8087,20767
bihar,nawada,2022,1,8088,23703
bihar,nawada,2022,2,8089,25145
bihar,nawada,2022,3,8090,26769
bihar,nawada,2022,4,8091,28107
bihar,nawada,2023,1,8092,28256
bihar,nawada,2023,2,8093,28988
bihar,nawada,2023,3,8094,29755
bihar,nawada,2023,4,8095,30870
bihar,nawada,2024,1,8096,31531
bihar,nawada,2024,2,8097,32396
bihar,nawada,2024,3,8098,33541
bihar,nawada,2024,4,8099,34871
bihar,nawada,2025,1,8100,36055
bihar,nawada,2025,2,8101,37057
bihar,nawada,2025,3,8102,38281
bihar,nawada,2025,4,8103,40007
bihar,nawada,2026,1,8104,41783
bihar,nawada,2026,2,8105,43103
bihar,pashchim champaran,2018,3,8074,4
bihar,pashchim champaran,2018,4,8075,23
bihar,pashchim champaran,2019,1,8076,1181
bihar,pashchim champaran,2019,2,8077,2312
bihar,pashchim champaran,2019,3,8078,3414
bihar,pashchim champaran,2019,4,8079,4912
bihar,pashchim champaran,2020,1,8080,6220
bihar,pashchim champaran,2020,2,8081,6995
bihar,pashchim champaran,2020,3,8082,10854
bihar,pashchim champaran,2020,4,8083,17497
bihar,pashchim champaran,2021,1,8084,26947
bihar,pashchim champaran,2021,2,8085,34820
bihar,pashchim champaran,2021,3,8086,46479
bihar,pashchim champaran,2021,4,8087,57041
bihar,pashchim champaran,2022,1,8088,68899
bihar,pashchim champaran,2022,2,8089,75923
bihar,pashchim champaran,2022,3,8090,83538
bihar,pashchim champaran,2022,4,8091,91374
bihar,pashchim champaran,2023,1,8092,94440
bihar,pashchim champaran,2023,2,8093,96565
bihar,pashchim champaran,2023,3,8094,100568
bihar,pashchim champaran,2023,4,8095,103430
bihar,pashchim champaran,2024,1,8096,105738
bihar,pashchim champaran,2024,2,8097,107998
bihar,pashchim champaran,2024,3,8098,110529
bihar,pashchim champaran,2024,4,8099,112742
bihar,pashchim champaran,2025,1,8100,115341
bihar,pashchim champaran,2025,2,8101,118570
bihar,pashchim champaran,2025,3,8102,122257
bihar,pashchim champaran,2025,4,8103,127084
bihar,pashchim champaran,2026,1,8104,129585
bihar,pashchim champaran,2026,2,8105,132309
bihar,patna,2018,2,8073,2
bihar,patna,2018,3,8074,10
bihar,patna,2018,4,8075,87
bihar,patna,2019,1,8076,19109
bihar,patna,2019,2,8077,34999
bihar,patna,2019,3,8078,46298
bihar,patna,2019,4,8079,55440
bihar,patna,2020,1,8080,65251
bihar,patna,2020,2,8081,68997
bihar,patna,2020,3,8082,78052
bihar,patna,2020,4,8083,89531
bihar,patna,2021,1,8084,103244
bihar,patna,2021,2,8085,112243
bihar,patna,2021,3,8086,124518
bihar,patna,2021,4,8087,133319
bihar,patna,2022,1,8088,144810
bihar,patna,2022,2,8089,155548
bihar,patna,2022,3,8090,164312
bihar,patna,2022,4,8091,170514
bihar,patna,2023,1,8092,167245
bihar,patna,2023,2,8093,170716
bihar,patna,2023,3,8094,175991
bihar,patna,2023,4,8095,183883
bihar,patna,2024,1,8096,196419
bihar,patna,2024,2,8097,206497
bihar,patna,2024,3,8098,216342
bihar,patna,2024,4,8099,224436
bihar,patna,2025,1,8100,232008
bihar,patna,2025,2,8101,239154
bihar,patna,2025,3,8102,245746
bihar,patna,2025,4,8103,254557
bihar,patna,2026,1,8104,260707
bihar,patna,2026,2,8105,268226
bihar,purbi champaran,2018,3,8074,3
bihar,purbi champaran,2018,4,8075,42
bihar,purbi champaran,2019,1,8076,1144
bihar,purbi champaran,2019,2,8077,4409
bihar,purbi champaran,2019,3,8078,6385
bihar,purbi champaran,2019,4,8079,8240
bihar,purbi champaran,2020,1,8080,10133
bihar,purbi champaran,2020,2,8081,10979
bihar,purbi champaran,2020,3,8082,15364
bihar,purbi champaran,2020,4,8083,21043
bihar,purbi champaran,2021,1,8084,33888
bihar,purbi champaran,2021,2,8085,43392
bihar,purbi champaran,2021,3,8086,58811
bihar,purbi champaran,2021,4,8087,73222
bihar,purbi champaran,2022,1,8088,88405
bihar,purbi champaran,2022,2,8089,97812
bihar,purbi champaran,2022,3,8090,107211
bihar,purbi champaran,2022,4,8091,115533
bihar,purbi champaran,2023,1,8092,118528
bihar,purbi champaran,2023,2,8093,120604
bihar,purbi champaran,2023,3,8094,124722
bihar,purbi champaran,2023,4,8095,128520
bihar,purbi champaran,2024,1,8096,131765
bihar,purbi champaran,2024,2,8097,135424
bihar,purbi champaran,2024,3,8098,140352
bihar,purbi champaran,2024,4,8099,145192
bihar,purbi champaran,2025,1,8100,149123
bihar,purbi champaran,2025,2,8101,152423
bihar,purbi champaran,2025,3,8102,155515
bihar,purbi champaran,2025,4,8103,159327
bihar,purbi champaran,2026,1,8104,162491
bihar,purbi champaran,2026,2,8105,165992
bihar,purnea,2018,3,8074,1
bihar,purnea,2018,4,8075,13
bihar,purnea,2019,1,8076,779
bihar,purnea,2019,2,8077,2282
bihar,purnea,2019,3,8078,3355
bihar,purnea,2019,4,8079,4307
bihar,purnea,2020,1,8080,5105
bihar,purnea,2020,2,8081,5762
bihar,purnea,2020,3,8082,7022
bihar,purnea,2020,4,8083,11708
bihar,purnea,2021,1,8084,17669
bihar,purnea,2021,2,8085,23494
bihar,purnea,2021,3,8086,32585
bihar,purnea,2021,4,8087,41153
bihar,purnea,2022,1,8088,50433
bihar,purnea,2022,2,8089,56649
bihar,purnea,2022,3,8090,62156
bihar,purnea,2022,4,8091,67985
bihar,purnea,2023,1,8092,69622
bihar,purnea,2023,2,8093,71480
bihar,purnea,2023,3,8094,74119
bihar,purnea,2023,4,8095,76711
bihar,purnea,2024,1,8096,78641
bihar,purnea,2024,2,8097,81205
bihar,purnea,2024,3,8098,83520
bihar,purnea,2024,4,8099,85848
bihar,purnea,2025,1,8100,88063
bihar,purnea,2025,2,8101,90250
bihar,purnea,2025,3,8102,92739
bihar,purnea,2025,4,8103,96128
bihar,purnea,2026,1,8104,98413
bihar,purnea,2026,2,8105,101115
bihar,rohtas,2018,3,8074,3
bihar,rohtas,2018,4,8075,20
bihar,rohtas,2019,1,8076,730
bihar,rohtas,2019,2,8077,3201
bihar,rohtas,2019,3,8078,4403
bihar,rohtas,2019,4,8079,5467
bihar,rohtas,2020,1,8080,6433
bihar,rohtas,2020,2,8081,6830
bihar,rohtas,2020,3,8082,7792
bihar,rohtas,2020,4,8083,12410
bihar,rohtas,2021,1,8084,17731
bihar,rohtas,2021,2,8085,21415
bihar,rohtas,2021,3,8086,27034
bihar,rohtas,2021,4,8087,32006
bihar,rohtas,2022,1,8088,38634
bihar,rohtas,2022,2,8089,42033
bihar,rohtas,2022,3,8090,46013
bihar,rohtas,2022,4,8091,49886
bihar,rohtas,2023,1,8092,51472
bihar,rohtas,2023,2,8093,52377
bihar,rohtas,2023,3,8094,55865
bihar,rohtas,2023,4,8095,59430
bihar,rohtas,2024,1,8096,63160
bihar,rohtas,2024,2,8097,65773
bihar,rohtas,2024,3,8098,69508
bihar,rohtas,2024,4,8099,73195
bihar,rohtas,2025,1,8100,75858
bihar,rohtas,2025,2,8101,78522
bihar,rohtas,2025,3,8102,81581
bihar,rohtas,2025,4,8103,84862
bihar,rohtas,2026,1,8104,86515
bihar,rohtas,2026,2,8105,88618
bihar,saharsa,2018,4,8075,12
bihar,saharsa,2019,1,8076,459
bihar,saharsa,2019,2,8077,1445
bihar,saharsa,2019,3,8078,1933
bihar,saharsa,2019,4,8079,2269
bihar,saharsa,2020,1,8080,2731
bihar,saharsa,2020,2,8081,2913
bihar,saharsa,2020,3,8082,3579
bihar,saharsa,2020,4,8083,6677
bihar,saharsa,2021,1,8084,12412
bihar,saharsa,2021,2,8085,16225
bihar,saharsa,2021,3,8086,21072
bihar,saharsa,2021,4,8087,25192
bihar,saharsa,2022,1,8088,30281
bihar,saharsa,2022,2,8089,32348
bihar,saharsa,2022,3,8090,33839
bihar,saharsa,2022,4,8091,35203
bihar,saharsa,2023,1,8092,33355
bihar,saharsa,2023,2,8093,33340
bihar,saharsa,2023,3,8094,34173
bihar,saharsa,2023,4,8095,34726
bihar,saharsa,2024,1,8096,35417
bihar,saharsa,2024,2,8097,37080
bihar,saharsa,2024,3,8098,38574
bihar,saharsa,2024,4,8099,41016
bihar,saharsa,2025,1,8100,43201
bihar,saharsa,2025,2,8101,45228
bihar,saharsa,2025,3,8102,47465
bihar,saharsa,2025,4,8103,49991
bihar,saharsa,2026,1,8104,52113
bihar,saharsa,2026,2,8105,54683
bihar,samastipur,2018,3,8074,2
bihar,samastipur,2018,4,8075,15
bihar,samastipur,2019,1,8076,629
bihar,samastipur,2019,2,8077,2564
bihar,samastipur,2019,3,8078,3691
bihar,samastipur,2019,4,8079,4755
bihar,samastipur,2020,1,8080,6082
bihar,samastipur,2020,2,8081,6764
bihar,samastipur,2020,3,8082,8934
bihar,samastipur,2020,4,8083,12843
bihar,samastipur,2021,1,8084,24113
bihar,samastipur,2021,2,8085,32069
bihar,samastipur,2021,3,8086,43101
bihar,samastipur,2021,4,8087,53442
bihar,samastipur,2022,1,8088,64659
bihar,samastipur,2022,2,8089,71432
bihar,samastipur,2022,3,8090,77152
bihar,samastipur,2022,4,8091,84270
bihar,samastipur,2023,1,8092,85660
bihar,samastipur,2023,2,8093,87569
bihar,samastipur,2023,3,8094,92013
bihar,samastipur,2023,4,8095,95585
bihar,samastipur,2024,1,8096,99007
bihar,samastipur,2024,2,8097,103245
bihar,samastipur,2024,3,8098,107354
bihar,samastipur,2024,4,8099,111387
bihar,samastipur,2025,1,8100,114959
bihar,samastipur,2025,2,8101,118187
bihar,samastipur,2025,3,8102,122466
bihar,samastipur,2025,4,8103,127985
bihar,samastipur,2026,1,8104,130709
bihar,samastipur,2026,2,8105,133736
bihar,saran,2018,3,8074,6
bihar,saran,2018,4,8075,21
bihar,saran,2019,1,8076,981
bihar,saran,2019,2,8077,6646
bihar,saran,2019,3,8078,9684
bihar,saran,2019,4,8079,12150
bihar,saran,2020,1,8080,14387
bihar,saran,2020,2,8081,15453
bihar,saran,2020,3,8082,18488
bihar,saran,2020,4,8083,27706
bihar,saran,2021,1,8084,37854
bihar,saran,2021,2,8085,43567
bihar,saran,2021,3,8086,53415
bihar,saran,2021,4,8087,60982
bihar,saran,2022,1,8088,71177
bihar,saran,2022,2,8089,77919
bihar,saran,2022,3,8090,85117
bihar,saran,2022,4,8091,92413
bihar,saran,2023,1,8092,91293
bihar,saran,2023,2,8093,94118
bihar,saran,2023,3,8094,97645
bihar,saran,2023,4,8095,99998
bihar,saran,2024,1,8096,102132
bihar,saran,2024,2,8097,105329
bihar,saran,2024,3,8098,109160
bihar,saran,2024,4,8099,113098
bihar,saran,2025,1,8100,116670
bihar,saran,2025,2,8101,119594
bihar,saran,2025,3,8102,122685
bihar,saran,2025,4,8103,126386
bihar,saran,2026,1,8104,128440
bihar,saran,2026,2,8105,130370
bihar,sheikhpura,2018,4,8075,1
bihar,sheikhpura,2019,1,8076,110
bihar,sheikhpura,2019,2,8077,374
bihar,sheikhpura,2019,3,8078,488
bihar,sheikhpura,2019,4,8079,615
bihar,sheikhpura,2020,1,8080,769
bihar,sheikhpura,2020,2,8081,836
bihar,sheikhpura,2020,3,8082,936
bihar,sheikhpura,2020,4,8083,1951
bihar,sheikhpura,2021,1,8084,3026
bihar,sheikhpura,2021,2,8085,3519
bihar,sheikhpura,2021,3,8086,3995
bihar,sheikhpura,2021,4,8087,4594
bihar,sheikhpura,2022,1,8088,5503
bihar,sheikhpura,2022,2,8089,5975
bihar,sheikhpura,2022,3,8090,6594
bihar,sheikhpura,2022,4,8091,7322
bihar,sheikhpura,2023,1,8092,7572
bihar,sheikhpura,2023,2,8093,7829
bihar,sheikhpura,2023,3,8094,8000
bihar,sheikhpura,2023,4,8095,8195
bihar,sheikhpura,2024,1,8096,8334
bihar,sheikhpura,2024,2,8097,8665
bihar,sheikhpura,2024,3,8098,9019
bihar,sheikhpura,2024,4,8099,9466
bihar,sheikhpura,2025,1,8100,9938
bihar,sheikhpura,2025,2,8101,10234
bihar,sheikhpura,2025,3,8102,10629
bihar,sheikhpura,2025,4,8103,10976
bihar,sheikhpura,2026,1,8104,11268
bihar,sheikhpura,2026,2,8105,11592
bihar,sheohar,2018,4,8075,4
bihar,sheohar,2019,1,8076,57
bihar,sheohar,2019,2,8077,119
bihar,sheohar,2019,3,8078,578
bihar,sheohar,2019,4,8079,840
bihar,sheohar,2020,1,8080,1052
bihar,sheohar,2020,2,8081,1108
bihar,sheohar,2020,3,8082,1151
bihar,sheohar,2020,4,8083,1823
bihar,sheohar,2021,1,8084,2906
bihar,sheohar,2021,2,8085,3970
bihar,sheohar,2021,3,8086,5471
bihar,sheohar,2021,4,8087,6358
bihar,sheohar,2022,1,8088,7715
bihar,sheohar,2022,2,8089,8437
bihar,sheohar,2022,3,8090,9442
bihar,sheohar,2022,4,8091,10444
bihar,sheohar,2023,1,8092,11022
bihar,sheohar,2023,2,8093,11229
bihar,sheohar,2023,3,8094,11868
bihar,sheohar,2023,4,8095,12350
bihar,sheohar,2024,1,8096,12587
bihar,sheohar,2024,2,8097,12916
bihar,sheohar,2024,3,8098,13571
bihar,sheohar,2024,4,8099,14010
bihar,sheohar,2025,1,8100,14283
bihar,sheohar,2025,2,8101,14569
bihar,sheohar,2025,3,8102,14999
bihar,sheohar,2025,4,8103,15323
bihar,sheohar,2026,1,8104,15570
bihar,sheohar,2026,2,8105,15916
bihar,sitamarhi,2018,3,8074,2
bihar,sitamarhi,2018,4,8075,35
bihar,sitamarhi,2019,1,8076,418
bihar,sitamarhi,2019,2,8077,2397
bihar,sitamarhi,2019,3,8078,3326
bihar,sitamarhi,2019,4,8079,4052
bihar,sitamarhi,2020,1,8080,4739
bihar,sitamarhi,2020,2,8081,5110
bihar,sitamarhi,2020,3,8082,5663
bihar,sitamarhi,2020,4,8083,11092
bihar,sitamarhi,2021,1,8084,18139
bihar,sitamarhi,2021,2,8085,22524
bihar,sitamarhi,2021,3,8086,29409
bihar,sitamarhi,2021,4,8087,34632
bihar,sitamarhi,2022,1,8088,40281
bihar,sitamarhi,2022,2,8089,43457
bihar,sitamarhi,2022,3,8090,48551
bihar,sitamarhi,2022,4,8091,53330
bihar,sitamarhi,2023,1,8092,55555
bihar,sitamarhi,2023,2,8093,57240
bihar,sitamarhi,2023,3,8094,60452
bihar,sitamarhi,2023,4,8095,63196
bihar,sitamarhi,2024,1,8096,65420
bihar,sitamarhi,2024,2,8097,67381
bihar,sitamarhi,2024,3,8098,69907
bihar,sitamarhi,2024,4,8099,72555
bihar,sitamarhi,2025,1,8100,75022
bihar,sitamarhi,2025,2,8101,77827
bihar,sitamarhi,2025,3,8102,79996
bihar,sitamarhi,2025,4,8103,83521
bihar,sitamarhi,2026,1,8104,86345
bihar,sitamarhi,2026,2,8105,89815
bihar,siwan,2018,3,8074,5
bihar,siwan,2018,4,8075,30
bihar,siwan,2019,1,8076,388
bihar,siwan,2019,2,8077,3409
bihar,siwan,2019,3,8078,5841
bihar,siwan,2019,4,8079,7960
bihar,siwan,2020,1,8080,9659
bihar,siwan,2020,2,8081,10535
bihar,siwan,2020,3,8082,13084
bihar,siwan,2020,4,8083,21283
bihar,siwan,2021,1,8084,27591
bihar,siwan,2021,2,8085,30972
bihar,siwan,2021,3,8086,39366
bihar,siwan,2021,4,8087,45198
bihar,siwan,2022,1,8088,51288
bihar,siwan,2022,2,8089,55720
bihar,siwan,2022,3,8090,59432
bihar,siwan,2022,4,8091,62856
bihar,siwan,2023,1,8092,63138
bihar,siwan,2023,2,8093,64060
bihar,siwan,2023,3,8094,66000
bihar,siwan,2023,4,8095,67904
bihar,siwan,2024,1,8096,69369
bihar,siwan,2024,2,8097,71034
bihar,siwan,2024,3,8098,72757
bihar,siwan,2024,4,8099,75268
bihar,siwan,2025,1,8100,78147
bihar,siwan,2025,2,8101,80110
bihar,siwan,2025,3,8102,82112
bihar,siwan,2025,4,8103,84457
bihar,siwan,2026,1,8104,86191
bihar,siwan,2026,2,8105,87346
bihar,supaul,2018,4,8075,19
bihar,supaul,2019,1,8076,570
bihar,supaul,2019,2,8077,1497
bihar,supaul,2019,3,8078,2051
bihar,supaul,2019,4,8079,2452
bihar,supaul,2020,1,8080,2950
bihar,supaul,2020,2,8081,3315
bihar,supaul,2020,3,8082,3882
bihar,supaul,2020,4,8083,5655
bihar,supaul,2021,1,8084,11446
bihar,supaul,2021,2,8085,15775
bihar,supaul,2021,3,8086,22707
bihar,supaul,2021,4,8087,29037
bihar,supaul,2022,1,8088,35167
bihar,supaul,2022,2,8089,38863
bihar,supaul,2022,3,8090,42372
bihar,supaul,2022,4,8091,45587
bihar,supaul,2023,1,8092,46248
bihar,supaul,2023,2,8093,47275
bihar,supaul,2023,3,8094,49686
bihar,supaul,2023,4,8095,52264
bihar,supaul,2024,1,8096,54502
bihar,supaul,2024,2,8097,56710
bihar,supaul,2024,3,8098,58688
bihar,supaul,2024,4,8099,61892
bihar,supaul,2025,1,8100,65057
bihar,supaul,2025,2,8101,68149
bihar,supaul,2025,3,8102,71971
bihar,supaul,2025,4,8103,76103
bihar,supaul,2026,1,8104,78797
bihar,supaul,2026,2,8105,81960
bihar,vaishali,2018,3,8074,2
bihar,vaishali,2018,4,8075,21
bihar,vaishali,2019,1,8076,1709
bihar,vaishali,2019,2,8077,7135
bihar,vaishali,2019,3,8078,9979
bihar,vaishali,2019,4,8079,11882
bihar,vaishali,2020,1,8080,13557
bihar,vaishali,2020,2,8081,14733
bihar,vaishali,2020,3,8082,17908
bihar,vaishali,2020,4,8083,21607
bihar,vaishali,2021,1,8084,29478
bihar,vaishali,2021,2,8085,34232
bihar,vaishali,2021,3,8086,42326
bihar,vaishali,2021,4,8087,49000
bihar,vaishali,2022,1,8088,59030
bihar,vaishali,2022,2,8089,65115
bihar,vaishali,2022,3,8090,69450
bihar,vaishali,2022,4,8091,73775
bihar,vaishali,2023,1,8092,73952
bihar,vaishali,2023,2,8093,75198
bihar,vaishali,2023,3,8094,77803
bihar,vaishali,2023,4,8095,80516
bihar,vaishali,2024,1,8096,82853
bihar,vaishali,2024,2,8097,85616
bihar,vaishali,2024,3,8098,88216
bihar,vaishali,2024,4,8099,90952
bihar,vaishali,2025,1,8100,93225
bihar,vaishali,2025,2,8101,95322
bihar,vaishali,2025,3,8102,97725
bihar,vaishali,2025,4,8103,101455
bihar,vaishali,2026,1,8104,103318
bihar,vaishali,2026,2,8105,105317
chandigarh,chandigarh,2018,2,8073,2
chandigarh,chandigarh,2018,3,8074,6
chandigarh,chandigarh,2018,4,8075,17
chandigarh,chandigarh,2019,1,8076,6750
chandigarh,chandigarh,2019,2,8077,15994
chandigarh,chandigarh,2019,3,8078,18880
chandigarh,chandigarh,2019,4,8079,21146
chandigarh,chandigarh,2020,1,8080,24121
chandigarh,chandigarh,2020,2,8081,25176
chandigarh,chandigarh,2020,3,8082,28162
chandigarh,chandigarh,2020,4,8083,31497
chandigarh,chandigarh,2021,1,8084,34879
chandigarh,chandigarh,2021,2,8085,37747
chandigarh,chandigarh,2021,3,8086,39808
chandigarh,chandigarh,2021,4,8087,41069
chandigarh,chandigarh,2022,1,8088,42930
chandigarh,chandigarh,2022,2,8089,44644
chandigarh,chandigarh,2022,3,8090,46291
chandigarh,chandigarh,2022,4,8091,47980
chandigarh,chandigarh,2023,1,8092,47270
chandigarh,chandigarh,2023,2,8093,48825
chandigarh,chandigarh,2023,3,8094,49865
chandigarh,chandigarh,2023,4,8095,50833
chandigarh,chandigarh,2024,1,8096,52271
chandigarh,chandigarh,2024,2,8097,53545
chandigarh,chandigarh,2024,3,8098,54821
chandigarh,chandigarh,2024,4,8099,56177
chandigarh,chandigarh,2025,1,8100,57875
chandigarh,chandigarh,2025,2,8101,59143
chandigarh,chandigarh,2025,3,8102,60176
chandigarh,chandigarh,2025,4,8103,61497
chandigarh,chandigarh,2026,1,8104,62840
chandigarh,chandigarh,2026,2,8105,64346
chhattisgarh,balod,2018,4,8075,1
chhattisgarh,balod,2019,1,8076,187
chhattisgarh,balod,2019,2,8077,485
chhattisgarh,balod,2019,3,8078,593
chhattisgarh,balod,2019,4,8079,666
chhattisgarh,balod,2020,1,8080,897
chhattisgarh,balod,2020,2,8081,926
chhattisgarh,balod,2020,3,8082,1189
chhattisgarh,balod,2020,4,8083,1540
chhattisgarh,balod,2021,1,8084,2095
chhattisgarh,balod,2021,2,8085,2197
chhattisgarh,balod,2021,3,8086,2898
chhattisgarh,balod,2021,4,8087,3789
chhattisgarh,balod,2022,1,8088,4951
chhattisgarh,balod,2022,2,8089,5766
chhattisgarh,balod,2022,3,8090,6850
chhattisgarh,balod,2022,4,8091,7508
chhattisgarh,balod,2023,1,8092,8090
chhattisgarh,balod,2023,2,8093,8417
chhattisgarh,balod,2023,3,8094,8721
chhattisgarh,balod,2023,4,8095,8851
chhattisgarh,balod,2024,1,8096,9108
chhattisgarh,balod,2024,2,8097,9575
chhattisgarh,balod,2024,3,8098,10224
chhattisgarh,balod,2024,4,8099,11242
chhattisgarh,balod,2025,1,8100,12019
chhattisgarh,balod,2025,2,8101,12473
chhattisgarh,balod,2025,3,8102,12839
chhattisgarh,balod,2025,4,8103,13518
chhattisgarh,balod,2026,1,8104,13811
chhattisgarh,balod,2026,2,8105,14096
chhattisgarh,balodabazar bhatapara,2018,3,8074,1
chhattisgarh,balodabazar bhatapara,2018,4,8075,12
chhattisgarh,balodabazar bhatapara,2019,1,8076,252
chhattisgarh,balodabazar bhatapara,2019,2,8077,881
chhattisgarh,balodabazar bhatapara,2019,3,8078,1118
chhattisgarh,balodabazar bhatapara,2019,4,8079,1527
chhattisgarh,balodabazar bhatapara,2020,1,8080,1885
chhattisgarh,balodabazar bhatapara,2020,2,8081,2015
chhattisgarh,balodabazar bhatapara,2020,3,8082,2558
chhattisgarh,balodabazar bhatapara,2020,4,8083,3937
chhattisgarh,balodabazar bhatapara,2021,1,8084,5223
chhattisgarh,balodabazar bhatapara,2021,2,8085,5644
chhattisgarh,balodabazar bhatapara,2021,3,8086,6776
chhattisgarh,balodabazar bhatapara,2021,4,8087,8195
chhattisgarh,balodabazar bhatapara,2022,1,8088,10052
chhattisgarh,balodabazar bhatapara,2022,2,8089,11469
chhattisgarh,balodabazar bhatapara,2022,3,8090,13213
chhattisgarh,balodabazar bhatapara,2022,4,8091,14402
chhattisgarh,balodabazar bhatapara,2023,1,8092,15498
chhattisgarh,balodabazar bhatapara,2023,2,8093,15982
chhattisgarh,balodabazar bhatapara,2023,3,8094,16972
chhattisgarh,balodabazar bhatapara,2023,4,8095,17822
chhattisgarh,balodabazar bhatapara,2024,1,8096,18501
chhattisgarh,balodabazar bhatapara,2024,2,8097,19252
chhattisgarh,balodabazar bhatapara,2024,3,8098,19689
chhattisgarh,balodabazar bhatapara,2024,4,8099,20474
chhattisgarh,balodabazar bhatapara,2025,1,8100,20936
chhattisgarh,balodabazar bhatapara,2025,2,8101,21371
chhattisgarh,balodabazar bhatapara,2025,3,8102,22330
chhattisgarh,balodabazar bhatapara,2025,4,8103,23272
chhattisgarh,balodabazar bhatapara,2026,1,8104,23797
chhattisgarh,balodabazar bhatapara,2026,2,8105,24256
chhattisgarh,balrampur ramanujganj,2018,4,8075,1
chhattisgarh,balrampur ramanujganj,2019,1,8076,20
chhattisgarh,balrampur ramanujganj,2019,2,8077,57
chhattisgarh,balrampur ramanujganj,2019,3,8078,114
chhattisgarh,balrampur ramanujganj,2019,4,8079,161
chhattisgarh,balrampur ramanujganj,2020,1,8080,215
chhattisgarh,balrampur ramanujganj,2020,2,8081,256
chhattisgarh,balrampur ramanujganj,2020,3,8082,278
chhattisgarh,balrampur ramanujganj,2020,4,8083,392
chhattisgarh,balrampur ramanujganj,2021,1,8084,1072
chhattisgarh,balrampur ramanujganj,2021,2,8085,1312
chhattisgarh,balrampur ramanujganj,2021,3,8086,2007
chhattisgarh,balrampur ramanujganj,2021,4,8087,3060
chhattisgarh,balrampur ramanujganj,2022,1,8088,3730
chhattisgarh,balrampur ramanujganj,2022,2,8089,4147
chhattisgarh,balrampur ramanujganj,2022,3,8090,5003
chhattisgarh,balrampur ramanujganj,2022,4,8091,5855
chhattisgarh,balrampur ramanujganj,2023,1,8092,6283
chhattisgarh,balrampur ramanujganj,2023,2,8093,6471
chhattisgarh,balrampur ramanujganj,2023,3,8094,6827
chhattisgarh,balrampur ramanujganj,2023,4,8095,6957
chhattisgarh,balrampur ramanujganj,2024,1,8096,7131
chhattisgarh,balrampur ramanujganj,2024,2,8097,7449
chhattisgarh,balrampur ramanujganj,2024,3,8098,7781
chhattisgarh,balrampur ramanujganj,2024,4,8099,8128
chhattisgarh,balrampur ramanujganj,2025,1,8100,8429
chhattisgarh,balrampur ramanujganj,2025,2,8101,8668
chhattisgarh,balrampur ramanujganj,2025,3,8102,8860
chhattisgarh,balrampur ramanujganj,2025,4,8103,9251
chhattisgarh,balrampur ramanujganj,2026,1,8104,9551
chhattisgarh,balrampur ramanujganj,2026,2,8105,9749
chhattisgarh,bastar,2018,3,8074,1
chhattisgarh,bastar,2018,4,8075,2
chhattisgarh,bastar,2019,1,8076,20
chhattisgarh,bastar,2019,2,8077,75
chhattisgarh,bastar,2019,3,8078,114
chhattisgarh,bastar,2019,4,8079,162
chhattisgarh,bastar,2020,1,8080,202
chhattisgarh,bastar,2020,2,8081,240
chhattisgarh,bastar,2020,3,8082,382
chhattisgarh,bastar,2020,4,8083,947
chhattisgarh,bastar,2021,1,8084,1144
chhattisgarh,bastar,2021,2,8085,1231
chhattisgarh,bastar,2021,3,8086,2277
chhattisgarh,bastar,2021,4,8087,3676
chhattisgarh,bastar,2022,1,8088,4821
chhattisgarh,bastar,2022,2,8089,5466
chhattisgarh,bastar,2022,3,8090,6632
chhattisgarh,bastar,2022,4,8091,7611
chhattisgarh,bastar,2023,1,8092,8143
chhattisgarh,bastar,2023,2,8093,8264
chhattisgarh,bastar,2023,3,8094,8448
chhattisgarh,bastar,2023,4,8095,8807
chhattisgarh,bastar,2024,1,8096,9407
chhattisgarh,bastar,2024,2,8097,9997
chhattisgarh,bastar,2024,3,8098,10572
chhattisgarh,bastar,2024,4,8099,11231
chhattisgarh,bastar,2025,1,8100,11584
chhattisgarh,bastar,2025,2,8101,12122
chhattisgarh,bastar,2025,3,8102,12925
chhattisgarh,bastar,2025,4,8103,13941
chhattisgarh,bastar,2026,1,8104,14540
chhattisgarh,bastar,2026,2,8105,15085
chhattisgarh,bemetara,2019,1,8076,51
chhattisgarh,bemetara,2019,2,8077,599
chhattisgarh,bemetara,2019,3,8078,743
chhattisgarh,bemetara,2019,4,8079,936
chhattisgarh,bemetara,2020,1,8080,1193
chhattisgarh,bemetara,2020,2,8081,1232
chhattisgarh,bemetara,2020,3,8082,1520
chhattisgarh,bemetara,2020,4,8083,2728
chhattisgarh,bemetara,2021,1,8084,3248
chhattisgarh,bemetara,2021,2,8085,3390
chhattisgarh,bemetara,2021,3,8086,3794
chhattisgarh,bemetara,2021,4,8087,4739
chhattisgarh,bemetara,2022,1,8088,5794
chhattisgarh,bemetara,2022,2,8089,6966
chhattisgarh,bemetara,2022,3,8090,7887
chhattisgarh,bemetara,2022,4,8091,8962
chhattisgarh,bemetara,2023,1,8092,9716
chhattisgarh,bemetara,2023,2,8093,10226
chhattisgarh,bemetara,2023,3,8094,11159
chhattisgarh,bemetara,2023,4,8095,11731
chhattisgarh,bemetara,2024,1,8096,12181
chhattisgarh,bemetara,2024,2,8097,12852
chhattisgarh,bemetara,2024,3,8098,13322
chhattisgarh,bemetara,2024,4,8099,13879
chhattisgarh,bemetara,2025,1,8100,14560
chhattisgarh,bemetara,2025,2,8101,15085
chhattisgarh,bemetara,2025,3,8102,15747
chhattisgarh,bemetara,2025,4,8103,16486
chhattisgarh,bemetara,2026,1,8104,16826
chhattisgarh,bemetara,2026,2,8105,17266
chhattisgarh,bijapur,2019,1,8076,6
chhattisgarh,bijapur,2019,2,8077,14
chhattisgarh,bijapur,2019,3,8078,25
chhattisgarh,bijapur,2019,4,8079,39
chhattisgarh,bijapur,2020,1,8080,48
chhattisgarh,bijapur,2020,2,8081,56
chhattisgarh,bijapur,2020,3,8082,65
chhattisgarh,bijapur,2020,4,8083,75
chhattisgarh,bijapur,2021,1,8084,86
chhattisgarh,bijapur,2021,2,8085,128
chhattisgarh,bijapur,2021,3,8086,258
chhattisgarh,bijapur,2021,4,8087,325
chhattisgarh,bijapur,2022,1,8088,407
chhattisgarh,bijapur,2022,2,8089,519
chhattisgarh,bijapur,2022,3,8090,716
chhattisgarh,bijapur,2022,4,8091,933
chhattisgarh,bijapur,2023,1,8092,1059
chhattisgarh,bijapur,2023,2,8093,1066
chhattisgarh,bijapur,2023,3,8094,1077
chhattisgarh,bijapur,2023,4,8095,1080
chhattisgarh,bijapur,2024,1,8096,1079
chhattisgarh,bijapur,2024,2,8097,1096
chhattisgarh,bijapur,2024,3,8098,1108
chhattisgarh,bijapur,2024,4,8099,1183
chhattisgarh,bijapur,2025,1,8100,1213
chhattisgarh,bijapur,2025,2,8101,1229
chhattisgarh,bijapur,2025,3,8102,1230
chhattisgarh,bijapur,2025,4,8103,1233
chhattisgarh,bijapur,2026,1,8104,1240
chhattisgarh,bijapur,2026,2,8105,1244
chhattisgarh,bilaspur,2018,1,8072,3
chhattisgarh,bilaspur,2018,2,8073,3
chhattisgarh,bilaspur,2018,3,8074,3
chhattisgarh,bilaspur,2018,4,8075,12
chhattisgarh,bilaspur,2019,1,8076,194
chhattisgarh,bilaspur,2019,2,8077,899
chhattisgarh,bilaspur,2019,3,8078,2863
chhattisgarh,bilaspur,2019,4,8079,6166
chhattisgarh,bilaspur,2020,1,8080,8091
chhattisgarh,bilaspur,2020,2,8081,8722
chhattisgarh,bilaspur,2020,3,8082,10209
chhattisgarh,bilaspur,2020,4,8083,12963
chhattisgarh,bilaspur,2021,1,8084,14771
chhattisgarh,bilaspur,2021,2,8085,15658
chhattisgarh,bilaspur,2021,3,8086,17438
chhattisgarh,bilaspur,2021,4,8087,20006
chhattisgarh,bilaspur,2022,1,8088,22789
chhattisgarh,bilaspur,2022,2,8089,25290
chhattisgarh,bilaspur,2022,3,8090,27598
chhattisgarh,bilaspur,2022,4,8091,29706
chhattisgarh,bilaspur,2023,1,8092,30886
chhattisgarh,bilaspur,2023,2,8093,32087
chhattisgarh,bilaspur,2023,3,8094,33419
chhattisgarh,bilaspur,2023,4,8095,34893
chhattisgarh,bilaspur,2024,1,8096,37524
chhattisgarh,bilaspur,2024,2,8097,39844
chhattisgarh,bilaspur,2024,3,8098,42544
chhattisgarh,bilaspur,2024,4,8099,45294
chhattisgarh,bilaspur,2025,1,8100,47892
chhattisgarh,bilaspur,2025,2,8101,50441
chhattisgarh,bilaspur,2025,3,8102,52770
chhattisgarh,bilaspur,2025,4,8103,55553
chhattisgarh,bilaspur,2026,1,8104,57276
chhattisgarh,bilaspur,2026,2,8105,58872
chhattisgarh,dantewada,2019,1,8076,8
chhattisgarh,dantewada,2019,2,8077,16
chhattisgarh,dantewada,2019,3,8078,36
chhattisgarh,dantewada,2019,4,8079,47
chhattisgarh,dantewada,2020,1,8080,60
chhattisgarh,dantewada,2020,2,8081,65
chhattisgarh,dantewada,2020,3,8082,65
chhattisgarh,dantewada,2020,4,8083,165
chhattisgarh,dantewada,2021,1,8084,182
chhattisgarh,dantewada,2021,2,8085,212
chhattisgarh,dantewada,2021,3,8086,459
chhattisgarh,dantewada,2021,4,8087,718
chhattisgarh,dantewada,2022,1,8088,873
chhattisgarh,dantewada,2022,2,8089,937
chhattisgarh,dantewada,2022,3,8090,1090
chhattisgarh,dantewada,2022,4,8091,1207
chhattisgarh,dantewada,2023,1,8092,1332
chhattisgarh,dantewada,2023,2,8093,1401
chhattisgarh,dantewada,2023,3,8094,1517
chhattisgarh,dantewada,2023,4,8095,1540
chhattisgarh,dantewada,2024,1,8096,1601
chhattisgarh,dantewada,2024,2,8097,1651
chhattisgarh,dantewada,2024,3,8098,1688
chhattisgarh,dantewada,2024,4,8099,1873
chhattisgarh,dantewada,2025,1,8100,2033
chhattisgarh,dantewada,2025,2,8101,2072
chhattisgarh,dantewada,2025,3,8102,2116
chhattisgarh,dantewada,2025,4,8103,2231
chhattisgarh,dantewada,2026,1,8104,2277
chhattisgarh,dantewada,2026,2,8105,2342
chhattisgarh,dhamtari,2019,1,8076,77
chhattisgarh,dhamtari,2019,2,8077,745
chhattisgarh,dhamtari,2019,3,8078,924
chhattisgarh,dhamtari,2019,4,8079,1023
chhattisgarh,dhamtari,2020,1,8080,1247
chhattisgarh,dhamtari,2020,2,8081,1298
chhattisgarh,dhamtari,2020,3,8082,1607
chhattisgarh,dhamtari,2020,4,8083,2834
chhattisgarh,dhamtari,2021,1,8084,3939
chhattisgarh,dhamtari,2021,2,8085,4367
chhattisgarh,dhamtari,2021,3,8086,5086
chhattisgarh,dhamtari,2021,4,8087,5949
chhattisgarh,dhamtari,2022,1,8088,7245
chhattisgarh,dhamtari,2022,2,8089,8445
chhattisgarh,dhamtari,2022,3,8090,9597
chhattisgarh,dhamtari,2022,4,8091,10529
chhattisgarh,dhamtari,2023,1,8092,10930
chhattisgarh,dhamtari,2023,2,8093,11192
chhattisgarh,dhamtari,2023,3,8094,11886
chhattisgarh,dhamtari,2023,4,8095,12275
chhattisgarh,dhamtari,2024,1,8096,12726
chhattisgarh,dhamtari,2024,2,8097,13197
chhattisgarh,dhamtari,2024,3,8098,13619
chhattisgarh,dhamtari,2024,4,8099,14005
chhattisgarh,dhamtari,2025,1,8100,14296
chhattisgarh,dhamtari,2025,2,8101,14464
chhattisgarh,dhamtari,2025,3,8102,14741
chhattisgarh,dhamtari,2025,4,8103,15080
chhattisgarh,dhamtari,2026,1,8104,15189
chhattisgarh,dhamtari,2026,2,8105,15279
chhattisgarh,durg,2018,2,8073,1
chhattisgarh,durg,2018,3,8074,2
chhattisgarh,durg,2018,4,8075,266
chhattisgarh,durg,2019,1,8076,9775
chhattisgarh,durg,2019,2,8077,18600
chhattisgarh,durg,2019,3,8078,22945
chhattisgarh,durg,2019,4,8079,25668
chhattisgarh,durg,2020,1,8080,29010
chhattisgarh,durg,2020,2,8081,30361
chhattisgarh,durg,2020,3,8082,33070
chhattisgarh,durg,2020,4,8083,36930
chhattisgarh,durg,2021,1,8084,39433
chhattisgarh,durg,2021,2,8085,40477
chhattisgarh,durg,2021,3,8086,43065
chhattisgarh,durg,2021,4,8087,46054
chhattisgarh,durg,2022,1,8088,48835
chhattisgarh,durg,2022,2,8089,51448
chhattisgarh,durg,2022,3,8090,54446
chhattisgarh,durg,2022,4,8091,56648
chhattisgarh,durg,2023,1,8092,57283
chhattisgarh,durg,2023,2,8093,58647
chhattisgarh,durg,2023,3,8094,60444
chhattisgarh,durg,2023,4,8095,62949
chhattisgarh,durg,2024,1,8096,67214
chhattisgarh,durg,2024,2,8097,71447
chhattisgarh,durg,2024,3,8098,75722
chhattisgarh,durg,2024,4,8099,80990
chhattisgarh,durg,2025,1,8100,87150
chhattisgarh,durg,2025,2,8101,92478
chhattisgarh,durg,2025,3,8102,97185
chhattisgarh,durg,2025,4,8103,100540
chhattisgarh,durg,2026,1,8104,101926
chhattisgarh,durg,2026,2,8105,103081
chhattisgarh,gariaband,2019,1,8076,91
chhattisgarh,gariaband,2019,2,8077,219
chhattisgarh,gariaband,2019,3,8078,293
chhattisgarh,gariaband,2019,4,8079,370
chhattisgarh,gariaband,2020,1,8080,550
chhattisgarh,gariaband,2020,2,8081,597
chhattisgarh,gariaband,2020,3,8082,708
chhattisgarh,gariaband,2020,4,8083,1439
chhattisgarh,gariaband,2021,1,8084,1820
chhattisgarh,gariaband,2021,2,8085,1890
chhattisgarh,gariaband,2021,3,8086,2428
chhattisgarh,gariaband,2021,4,8087,3338
chhattisgarh,gariaband,2022,1,8088,3917
chhattisgarh,gariaband,2022,2,8089,4289
chhattisgarh,gariaband,2022,3,8090,4671
chhattisgarh,gariaband,2022,4,8091,4920
chhattisgarh,gariaband,2023,1,8092,5004
chhattisgarh,gariaband,2023,2,8093,5188
chhattisgarh,gariaband,2023,3,8094,5438
chhattisgarh,gariaband,2023,4,8095,5559
chhattisgarh,gariaband,2024,1,8096,5912
chhattisgarh,gariaband,2024,2,8097,6262
chhattisgarh,gariaband,2024,3,8098,6446
chhattisgarh,gariaband,2024,4,8099,6655
chhattisgarh,gariaband,2025,1,8100,6865
chhattisgarh,gariaband,2025,2,8101,7063
chhattisgarh,gariaband,2025,3,8102,7274
chhattisgarh,gariaband,2025,4,8103,7519
chhattisgarh,gariaband,2026,1,8104,7691
chhattisgarh,gariaband,2026,2,8105,7918
chhattisgarh,gaurela pendra marwahi,2019,1,8076,10
chhattisgarh,gaurela pendra marwahi,2019,2,8077,31
chhattisgarh,gaurela pendra marwahi,2019,3,8078,52
chhattisgarh,gaurela pendra marwahi,2019,4,8079,84
chhattisgarh,gaurela pendra marwahi,2020,1,8080,119
chhattisgarh,gaurela pendra marwahi,2020,2,8081,142
chhattisgarh,gaurela pendra marwahi,2020,3,8082,157
chhattisgarh,gaurela pendra marwahi,2020,4,8083,435
chhattisgarh,gaurela pendra marwahi,2021,1,8084,769
chhattisgarh,gaurela pendra marwahi,2021,2,8085,901
chhattisgarh,gaurela pendra marwahi,2021,3,8086,1165
chhattisgarh,gaurela pendra marwahi,2021,4,8087,1459
chhattisgarh,gaurela pendra marwahi,2022,1,8088,1840
chhattisgarh,gaurela pendra marwahi,2022,2,8089,2101
chhattisgarh,gaurela pendra marwahi,2022,3,8090,2667
chhattisgarh,gaurela pendra marwahi,2022,4,8091,3519
chhattisgarh,gaurela pendra marwahi,2023,1,8092,4001
chhattisgarh,gaurela pendra marwahi,2023,2,8093,4142
chhattisgarh,gaurela pendra marwahi,2023,3,8094,4271
chhattisgarh,gaurela pendra marwahi,2023,4,8095,4439
chhattisgarh,gaurela pendra marwahi,2024,1,8096,4621
chhattisgarh,gaurela pendra marwahi,2024,2,8097,4899
chhattisgarh,gaurela pendra marwahi,2024,3,8098,5393
chhattisgarh,gaurela pendra marwahi,2024,4,8099,5598
chhattisgarh,gaurela pendra marwahi,2025,1,8100,5856
chhattisgarh,gaurela pendra marwahi,2025,2,8101,6188
chhattisgarh,gaurela pendra marwahi,2025,3,8102,6529
chhattisgarh,gaurela pendra marwahi,2025,4,8103,6828
chhattisgarh,gaurela pendra marwahi,2026,1,8104,7237
chhattisgarh,gaurela pendra marwahi,2026,2,8105,7494
chhattisgarh,janjgir champa,2018,1,8072,3
chhattisgarh,janjgir champa,2018,2,8073,9
chhattisgarh,janjgir champa,2018,3,8074,6
chhattisgarh,janjgir champa,2018,4,8075,10
chhattisgarh,janjgir champa,2019,1,8076,190
chhattisgarh,janjgir champa,2019,2,8077,578
chhattisgarh,janjgir champa,2019,3,8078,912
chhattisgarh,janjgir champa,2019,4,8079,1921
chhattisgarh,janjgir champa,2020,1,8080,2245
chhattisgarh,janjgir champa,2020,2,8081,2428
chhattisgarh,janjgir champa,2020,3,8082,2800
chhattisgarh,janjgir champa,2020,4,8083,4553
chhattisgarh,janjgir champa,2021,1,8084,6138
chhattisgarh,janjgir champa,2021,2,8085,6682
chhattisgarh,janjgir champa,2021,3,8086,7935
chhattisgarh,janjgir champa,2021,4,8087,9911
chhattisgarh,janjgir champa,2022,1,8088,11993
chhattisgarh,janjgir champa,2022,2,8089,13308
chhattisgarh,janjgir champa,2022,3,8090,14479
chhattisgarh,janjgir champa,2022,4,8091,16936
chhattisgarh,janjgir champa,2023,1,8092,18177
chhattisgarh,janjgir champa,2023,2,8093,18433
chhattisgarh,janjgir champa,2023,3,8094,18805
chhattisgarh,janjgir champa,2023,4,8095,19394
chhattisgarh,janjgir champa,2024,1,8096,19981
chhattisgarh,janjgir champa,2024,2,8097,20870
chhattisgarh,janjgir champa,2024,3,8098,21423
chhattisgarh,janjgir champa,2024,4,8099,22046
chhattisgarh,janjgir champa,2025,1,8100,22453
chhattisgarh,janjgir champa,2025,2,8101,22947
chhattisgarh,janjgir champa,2025,3,8102,23718
chhattisgarh,janjgir champa,2025,4,8103,24583
chhattisgarh,janjgir champa,2026,1,8104,25322
chhattisgarh,janjgir champa,2026,2,8105,25851
chhattisgarh,jashpur,2018,4,8075,2
chhattisgarh,jashpur,2019,1,8076,40
chhattisgarh,jashpur,2019,2,8077,73
chhattisgarh,jashpur,2019,3,8078,138
chhattisgarh,jashpur,2019,4,8079,191
chhattisgarh,jashpur,2020,1,8080,242
chhattisgarh,jashpur,2020,2,8081,283
chhattisgarh,jashpur,2020,3,8082,301
chhattisgarh,jashpur,2020,4,8083,369
chhattisgarh,jashpur,2021,1,8084,862
chhattisgarh,jashpur,2021,2,8085,1686
chhattisgarh,jashpur,2021,3,8086,3260
chhattisgarh,jashpur,2021,4,8087,3750
chhattisgarh,jashpur,2022,1,8088,4149
chhattisgarh,jashpur,2022,2,8089,4408
chhattisgarh,jashpur,2022,3,8090,5010
chhattisgarh,jashpur,2022,4,8091,5763
chhattisgarh,jashpur,2023,1,8092,6119
chhattisgarh,jashpur,2023,2,8093,6401
chhattisgarh,jashpur,2023,3,8094,6626
chhattisgarh,jashpur,2023,4,8095,6981
chhattisgarh,jashpur,2024,1,8096,7391
chhattisgarh,jashpur,2024,2,8097,7785
chhattisgarh,jashpur,2024,3,8098,8126
chhattisgarh,jashpur,2024,4,8099,8496
chhattisgarh,jashpur,2025,1,8100,8763
chhattisgarh,jashpur,2025,2,8101,8946
chhattisgarh,jashpur,2025,3,8102,9196
chhattisgarh,jashpur,2025,4,8103,9458
chhattisgarh,jashpur,2026,1,8104,9573
chhattisgarh,jashpur,2026,2,8105,9677
chhattisgarh,kabirdham,2018,4,8075,1
chhattisgarh,kabirdham,2019,1,8076,97
chhattisgarh,kabirdham,2019,2,8077,312
chhattisgarh,kabirdham,2019,3,8078,421
chhattisgarh,kabirdham,2019,4,8079,544
chhattisgarh,kabirdham,2020,1,8080,735
chhattisgarh,kabirdham,2020,2,8081,784
chhattisgarh,kabirdham,2020,3,8082,1142
chhattisgarh,kabirdham,2020,4,8083,2402
chhattisgarh,kabirdham,2021,1,8084,3343
chhattisgarh,kabirdham,2021,2,8085,3567
chhattisgarh,kabirdham,2021,3,8086,4875
chhattisgarh,kabirdham,2021,4,8087,6496
chhattisgarh,kabirdham,2022,1,8088,8699
chhattisgarh,kabirdham,2022,2,8089,9925
chhattisgarh,kabirdham,2022,3,8090,11421
chhattisgarh,kabirdham,2022,4,8091,12656
chhattisgarh,kabirdham,2023,1,8092,13451
chhattisgarh,kabirdham,2023,2,8093,14090
chhattisgarh,kabirdham,2023,3,8094,14802
chhattisgarh,kabirdham,2023,4,8095,15140
chhattisgarh,kabirdham,2024,1,8096,15678
chhattisgarh,kabirdham,2024,2,8097,16131
chhattisgarh,kabirdham,2024,3,8098,16710
chhattisgarh,kabirdham,2024,4,8099,17052
chhattisgarh,kabirdham,2025,1,8100,17371
chhattisgarh,kabirdham,2025,2,8101,17591
chhattisgarh,kabirdham,2025,3,8102,17926
chhattisgarh,kabirdham,2025,4,8103,18687
chhattisgarh,kabirdham,2026,1,8104,19309
chhattisgarh,kabirdham,2026,2,8105,19882
chhattisgarh,khairagarh chhuikhadan gandai,2019,1,8076,29
chhattisgarh,khairagarh chhuikhadan gandai,2019,2,8077,47
chhattisgarh,khairagarh chhuikhadan gandai,2019,3,8078,78
chhattisgarh,khairagarh chhuikhadan gandai,2019,4,8079,116
chhattisgarh,khairagarh chhuikhadan gandai,2020,1,8080,324
chhattisgarh,khairagarh chhuikhadan gandai,2020,2,8081,342
chhattisgarh,khairagarh chhuikhadan gandai,2020,3,8082,398
chhattisgarh,khairagarh chhuikhadan gandai,2020,4,8083,901
chhattisgarh,khairagarh chhuikhadan gandai,2021,1,8084,1101
chhattisgarh,khairagarh chhuikhadan gandai,2021,2,8085,1145
chhattisgarh,khairagarh chhuikhadan gandai,2021,3,8086,1381
chhattisgarh,khairagarh chhuikhadan gandai,2021,4,8087,1685
chhattisgarh,khairagarh chhuikhadan gandai,2022,1,8088,2144
chhattisgarh,khairagarh chhuikhadan gandai,2022,2,8089,2338
chhattisgarh,khairagarh chhuikhadan gandai,2022,3,8090,2650
chhattisgarh,khairagarh chhuikhadan gandai,2022,4,8091,2878
chhattisgarh,khairagarh chhuikhadan gandai,2023,1,8092,2986
chhattisgarh,khairagarh chhuikhadan gandai,2023,2,8093,3162
chhattisgarh,khairagarh chhuikhadan gandai,2023,3,8094,3260
chhattisgarh,khairagarh chhuikhadan gandai,2023,4,8095,3345
chhattisgarh,khairagarh chhuikhadan gandai,2024,1,8096,3483
chhattisgarh,khairagarh chhuikhadan gandai,2024,2,8097,3747
chhattisgarh,khairagarh chhuikhadan gandai,2024,3,8098,3928
chhattisgarh,khairagarh chhuikhadan gandai,2024,4,8099,4060
chhattisgarh,khairagarh chhuikhadan gandai,2025,1,8100,4367
chhattisgarh,khairagarh chhuikhadan gandai,2025,2,8101,4549
chhattisgarh,khairagarh chhuikhadan gandai,2025,3,8102,4618
chhattisgarh,khairagarh chhuikhadan gandai,2025,4,8103,4871
chhattisgarh,khairagarh chhuikhadan gandai,2026,1,8104,5012
chhattisgarh,khairagarh chhuikhadan gandai,2026,2,8105,5154
chhattisgarh,kondagaon,2019,1,8076,5
chhattisgarh,kondagaon,2019,2,8077,17
chhattisgarh,kondagaon,2019,3,8078,41
chhattisgarh,kondagaon,2019,4,8079,69
chhattisgarh,kondagaon,2020,1,8080,78
chhattisgarh,kondagaon,2020,2,8081,93
chhattisgarh,kondagaon,2020,3,8082,99
chhattisgarh,kondagaon,2020,4,8083,219
chhattisgarh,kondagaon,2021,1,8084,390
chhattisgarh,kondagaon,2021,2,8085,435
chhattisgarh,kondagaon,2021,3,8086,607
chhattisgarh,kondagaon,2021,4,8087,1475
chhattisgarh,kondagaon,2022,1,8088,2157
chhattisgarh,kondagaon,2022,2,8089,2541
chhattisgarh,kondagaon,2022,3,8090,3024
chhattisgarh,kondagaon,2022,4,8091,3248
chhattisgarh,kondagaon,2023,1,8092,3390
chhattisgarh,kondagaon,2023,2,8093,3482
chhattisgarh,kondagaon,2023,3,8094,3632
chhattisgarh,kondagaon,2023,4,8095,4039
chhattisgarh,kondagaon,2024,1,8096,4296
chhattisgarh,kondagaon,2024,2,8097,4545
chhattisgarh,kondagaon,2024,3,8098,4776
chhattisgarh,kondagaon,2024,4,8099,5006
chhattisgarh,kondagaon,2025,1,8100,5140
chhattisgarh,kondagaon,2025,2,8101,5227
chhattisgarh,kondagaon,2025,3,8102,5372
chhattisgarh,kondagaon,2025,4,8103,5561
chhattisgarh,kondagaon,2026,1,8104,5723
chhattisgarh,kondagaon,2026,2,8105,5888
chhattisgarh,korba,2018,4,8075,2
chhattisgarh,korba,2019,1,8076,126
chhattisgarh,korba,2019,2,8077,403
chhattisgarh,korba,2019,3,8078,1275
chhattisgarh,korba,2019,4,8079,2778
chhattisgarh,korba,2020,1,8080,3917
chhattisgarh,korba,2020,2,8081,4282
chhattisgarh,korba,2020,3,8082,5169
chhattisgarh,korba,2020,4,8083,6858
chhattisgarh,korba,2021,1,8084,8609
chhattisgarh,korba,2021,2,8085,9480
chhattisgarh,korba,2021,3,8086,11172
chhattisgarh,korba,2021,4,8087,13422
chhattisgarh,korba,2022,1,8088,16251
chhattisgarh,korba,2022,2,8089,18414
chhattisgarh,korba,2022,3,8090,20687
chhattisgarh,korba,2022,4,8091,22709
chhattisgarh,korba,2023,1,8092,23334
chhattisgarh,korba,2023,2,8093,23823
chhattisgarh,korba,2023,3,8094,24858
chhattisgarh,korba,2023,4,8095,25669
chhattisgarh,korba,2024,1,8096,26293
chhattisgarh,korba,2024,2,8097,26792
chhattisgarh,korba,2024,3,8098,27478
chhattisgarh,korba,2024,4,8099,28181
chhattisgarh,korba,2025,1,8100,28912
chhattisgarh,korba,2025,2,8101,29795
chhattisgarh,korba,2025,3,8102,30635
chhattisgarh,korba,2025,4,8103,31977
chhattisgarh,korba,2026,1,8104,32751
chhattisgarh,korba,2026,2,8105,33599
chhattisgarh,korea,2018,4,8075,2
chhattisgarh,korea,2019,1,8076,30
chhattisgarh,korea,2019,2,8077,69
chhattisgarh,korea,2019,3,8078,103
chhattisgarh,korea,2019,4,8079,134
chhattisgarh,korea,2020,1,8080,173
chhattisgarh,korea,2020,2,8081,193
chhattisgarh,korea,2020,3,8082,205
chhattisgarh,korea,2020,4,8083,254
chhattisgarh,korea,2021,1,8084,1210
chhattisgarh,korea,2021,2,8085,1624
chhattisgarh,korea,2021,3,8086,2233
chhattisgarh,korea,2021,4,8087,2639
chhattisgarh,korea,2022,1,8088,2989
chhattisgarh,korea,2022,2,8089,3275
chhattisgarh,korea,2022,3,8090,3852
chhattisgarh,korea,2022,4,8091,4381
chhattisgarh,korea,2023,1,8092,4969
chhattisgarh,korea,2023,2,8093,5260
chhattisgarh,korea,2023,3,8094,5635
chhattisgarh,korea,2023,4,8095,5952
chhattisgarh,korea,2024,1,8096,6088
chhattisgarh,korea,2024,2,8097,6287
chhattisgarh,korea,2024,3,8098,6409
chhattisgarh,korea,2024,4,8099,6647
chhattisgarh,korea,2025,1,8100,6942
chhattisgarh,korea,2025,2,8101,7146
chhattisgarh,korea,2025,3,8102,7278
chhattisgarh,korea,2025,4,8103,7386
chhattisgarh,korea,2026,1,8104,7532
chhattisgarh,korea,2026,2,8105,7716
chhattisgarh,mahasamund,2018,4,8075,2
chhattisgarh,mahasamund,2019,1,8076,198
chhattisgarh,mahasamund,2019,2,8077,621
chhattisgarh,mahasamund,2019,3,8078,742
chhattisgarh,mahasamund,2019,4,8079,959
chhattisgarh,mahasamund,2020,1,8080,1245
chhattisgarh,mahasamund,2020,2,8081,1401
chhattisgarh,mahasamund,2020,3,8082,2157
chhattisgarh,mahasamund,2020,4,8083,3444
chhattisgarh,mahasamund,2021,1,8084,5091
chhattisgarh,mahasamund,2021,2,8085,5757
chhattisgarh,mahasamund,2021,3,8086,7703
chhattisgarh,mahasamund,2021,4,8087,9969
chhattisgarh,mahasamund,2022,1,8088,11479
chhattisgarh,mahasamund,2022,2,8089,13429
chhattisgarh,mahasamund,2022,3,8090,15336
chhattisgarh,mahasamund,2022,4,8091,17455
chhattisgarh,mahasamund,2023,1,8092,19312
chhattisgarh,mahasamund,2023,2,8093,20115
chhattisgarh,mahasamund,2023,3,8094,21187
chhattisgarh,mahasamund,2023,4,8095,22250
chhattisgarh,mahasamund,2024,1,8096,23128
chhattisgarh,mahasamund,2024,2,8097,24072
chhattisgarh,mahasamund,2024,3,8098,25030
chhattisgarh,mahasamund,2024,4,8099,26034
chhattisgarh,mahasamund,2025,1,8100,26820
chhattisgarh,mahasamund,2025,2,8101,27528
chhattisgarh,mahasamund,2025,3,8102,28714
chhattisgarh,mahasamund,2025,4,8103,29856
chhattisgarh,mahasamund,2026,1,8104,30492
chhattisgarh,mahasamund,2026,2,8105,31122
chhattisgarh,manendragarh chirmiri bharatpur,2019,1,8076,20
chhattisgarh,manendragarh chirmiri bharatpur,2019,2,8077,54
chhattisgarh,manendragarh chirmiri bharatpur,2019,3,8078,130
chhattisgarh,manendragarh chirmiri bharatpur,2019,4,8079,155
chhattisgarh,manendragarh chirmiri bharatpur,2020,1,8080,209
chhattisgarh,manendragarh chirmiri bharatpur,2020,2,8081,238
chhattisgarh,manendragarh chirmiri bharatpur,2020,3,8082,334
chhattisgarh,manendragarh chirmiri bharatpur,2020,4,8083,520
chhattisgarh,manendragarh chirmiri bharatpur,2021,1,8084,1402
chhattisgarh,manendragarh chirmiri bharatpur,2021,2,8085,1652
chhattisgarh,manendragarh chirmiri bharatpur,2021,3,8086,2249
chhattisgarh,manendragarh chirmiri bharatpur,2021,4,8087,2666
chhattisgarh,manendragarh chirmiri bharatpur,2022,1,8088,3009
chhattisgarh,manendragarh chirmiri bharatpur,2022,2,8089,3202
chhattisgarh,manendragarh chirmiri bharatpur,2022,3,8090,3770
chhattisgarh,manendragarh chirmiri bharatpur,2022,4,8091,4395
chhattisgarh,manendragarh chirmiri bharatpur,2023,1,8092,4767
chhattisgarh,manendragarh chirmiri bharatpur,2023,2,8093,4963
chhattisgarh,manendragarh chirmiri bharatpur,2023,3,8094,5330
chhattisgarh,manendragarh chirmiri bharatpur,2023,4,8095,5545
chhattisgarh,manendragarh chirmiri bharatpur,2024,1,8096,5609
chhattisgarh,manendragarh chirmiri bharatpur,2024,2,8097,5822
chhattisgarh,manendragarh chirmiri bharatpur,2024,3,8098,6180
chhattisgarh,manendragarh chirmiri bharatpur,2024,4,8099,6435
chhattisgarh,manendragarh chirmiri bharatpur,2025,1,8100,6641
chhattisgarh,manendragarh chirmiri bharatpur,2025,2,8101,6840
chhattisgarh,manendragarh chirmiri bharatpur,2025,3,8102,6952
chhattisgarh,manendragarh chirmiri bharatpur,2025,4,8103,7069
chhattisgarh,manendragarh chirmiri bharatpur,2026,1,8104,7175
chhattisgarh,manendragarh chirmiri bharatpur,2026,2,8105,7232
chhattisgarh,mohla manpur ambagarh chouki,2018,3,8074,1
chhattisgarh,mohla manpur ambagarh chouki,2018,4,8075,2
chhattisgarh,mohla manpur ambagarh chouki,2019,1,8076,7
chhattisgarh,mohla manpur ambagarh chouki,2019,2,8077,14
chhattisgarh,mohla manpur ambagarh chouki,2019,3,8078,24
chhattisgarh,mohla manpur ambagarh chouki,2019,4,8079,31
chhattisgarh,mohla manpur ambagarh chouki,2020,1,8080,40
chhattisgarh,mohla manpur ambagarh chouki,2020,2,8081,47
chhattisgarh,mohla manpur ambagarh chouki,2020,3,8082,54
chhattisgarh,mohla manpur ambagarh chouki,2020,4,8083,113
chhattisgarh,mohla manpur ambagarh chouki,2021,1,8084,400
chhattisgarh,mohla manpur ambagarh chouki,2021,2,8085,462
chhattisgarh,mohla manpur ambagarh chouki,2021,3,8086,709
chhattisgarh,mohla manpur ambagarh chouki,2021,4,8087,877
chhattisgarh,mohla manpur ambagarh chouki,2022,1,8088,980
chhattisgarh,mohla manpur ambagarh chouki,2022,2,8089,1077
chhattisgarh,mohla manpur ambagarh chouki,2022,3,8090,1278
chhattisgarh,mohla manpur ambagarh chouki,2022,4,8091,1410
chhattisgarh,mohla manpur ambagarh chouki,2023,1,8092,1430
chhattisgarh,mohla manpur ambagarh chouki,2023,2,8093,1488
chhattisgarh,mohla manpur ambagarh chouki,2023,3,8094,1523
chhattisgarh,mohla manpur ambagarh chouki,2023,4,8095,1577
chhattisgarh,mohla manpur ambagarh chouki,2024,1,8096,1577
chhattisgarh,mohla manpur ambagarh chouki,2024,2,8097,1642
chhattisgarh,mohla manpur ambagarh chouki,2024,3,8098,1723
chhattisgarh,mohla manpur ambagarh chouki,2024,4,8099,1775
chhattisgarh,mohla manpur ambagarh chouki,2025,1,8100,1811
chhattisgarh,mohla manpur ambagarh chouki,2025,2,8101,1819
chhattisgarh,mohla manpur ambagarh chouki,2025,3,8102,1872
chhattisgarh,mohla manpur ambagarh chouki,2025,4,8103,1997
chhattisgarh,mohla manpur ambagarh chouki,2026,1,8104,2078
chhattisgarh,mohla manpur ambagarh chouki,2026,2,8105,2159
chhattisgarh,mungeli,2019,1,8076,34
chhattisgarh,mungeli,2019,2,8077,102
chhattisgarh,mungeli,2019,3,8078,153
chhattisgarh,mungeli,2019,4,8079,441
chhattisgarh,mungeli,2020,1,8080,691
chhattisgarh,mungeli,2020,2,8081,758
chhattisgarh,mungeli,2020,3,8082,924
chhattisgarh,mungeli,2020,4,8083,1728
chhattisgarh,mungeli,2021,1,8084,2322
chhattisgarh,mungeli,2021,2,8085,2486
chhattisgarh,mungeli,2021,3,8086,2789
chhattisgarh,mungeli,2021,4,8087,3580
chhattisgarh,mungeli,2022,1,8088,4912
chhattisgarh,mungeli,2022,2,8089,5546
chhattisgarh,mungeli,2022,3,8090,6147
chhattisgarh,mungeli,2022,4,8091,6923
chhattisgarh,mungeli,2023,1,8092,7795
chhattisgarh,mungeli,2023,2,8093,8292
chhattisgarh,mungeli,2023,3,8094,8859
chhattisgarh,mungeli,2023,4,8095,9169
chhattisgarh,mungeli,2024,1,8096,9666
chhattisgarh,mungeli,2024,2,8097,10167
chhattisgarh,mungeli,2024,3,8098,10590
chhattisgarh,mungeli,2024,4,8099,11319
chhattisgarh,mungeli,2025,1,8100,11779
chhattisgarh,mungeli,2025,2,8101,12100
chhattisgarh,mungeli,2025,3,8102,12599
chhattisgarh,mungeli,2025,4,8103,13281
chhattisgarh,mungeli,2026,1,8104,13762
chhattisgarh,mungeli,2026,2,8105,14393
chhattisgarh,narayanpur,2018,4,8075,3
chhattisgarh,narayanpur,2019,1,8076,7
chhattisgarh,narayanpur,2019,2,8077,9
chhattisgarh,narayanpur,2019,3,8078,15
chhattisgarh,narayanpur,2019,4,8079,22
chhattisgarh,narayanpur,2020,1,8080,26
chhattisgarh,narayanpur,2020,2,8081,29
chhattisgarh,narayanpur,2020,3,8082,30
chhattisgarh,narayanpur,2020,4,8083,57
chhattisgarh,narayanpur,2021,1,8084,101
chhattisgarh,narayanpur,2021,2,8085,108
chhattisgarh,narayanpur,2021,3,8086,125
chhattisgarh,narayanpur,2021,4,8087,184
chhattisgarh,narayanpur,2022,1,8088,295
chhattisgarh,narayanpur,2022,2,8089,324
chhattisgarh,narayanpur,2022,3,8090,391
chhattisgarh,narayanpur,2022,4,8091,418
chhattisgarh,narayanpur,2023,1,8092,444
chhattisgarh,narayanpur,2023,2,8093,527
chhattisgarh,narayanpur,2023,3,8094,554
chhattisgarh,narayanpur,2023,4,8095,559
chhattisgarh,narayanpur,2024,1,8096,571
chhattisgarh,narayanpur,2024,2,8097,602
chhattisgarh,narayanpur,2024,3,8098,623
chhattisgarh,narayanpur,2024,4,8099,700
chhattisgarh,narayanpur,2025,1,8100,726
chhattisgarh,narayanpur,2025,2,8101,734
chhattisgarh,narayanpur,2025,3,8102,739
chhattisgarh,narayanpur,2025,4,8103,750
chhattisgarh,narayanpur,2026,1,8104,806
chhattisgarh,narayanpur,2026,2,8105,864
chhattisgarh,north bastar kanker,2019,1,8076,17
chhattisgarh,north bastar kanker,2019,2,8077,112
chhattisgarh,north bastar kanker,2019,3,8078,163
chhattisgarh,north bastar kanker,2019,4,8079,211
chhattisgarh,north bastar kanker,2020,1,8080,287
chhattisgarh,north bastar kanker,2020,2,8081,325
chhattisgarh,north bastar kanker,2020,3,8082,364
chhattisgarh,north bastar kanker,2020,4,8083,957
chhattisgarh,north bastar kanker,2021,1,8084,1287
chhattisgarh,north bastar kanker,2021,2,8085,1375
chhattisgarh,north bastar kanker,2021,3,8086,2493
chhattisgarh,north bastar kanker,2021,4,8087,4145
chhattisgarh,north bastar kanker,2022,1,8088,5363
chhattisgarh,north bastar kanker,2022,2,8089,6270
chhattisgarh,north bastar kanker,2022,3,8090,7403
chhattisgarh,north bastar kanker,2022,4,8091,8041
chhattisgarh,north bastar kanker,2023,1,8092,8563
chhattisgarh,north bastar kanker,2023,2,8093,8735
chhattisgarh,north bastar kanker,2023,3,8094,9209
chhattisgarh,north bastar kanker,2023,4,8095,9725
chhattisgarh,north bastar kanker,2024,1,8096,10416
chhattisgarh,north bastar kanker,2024,2,8097,11130
chhattisgarh,north bastar kanker,2024,3,8098,11706
chhattisgarh,north bastar kanker,2024,4,8099,12207
chhattisgarh,north bastar kanker,2025,1,8100,12607
chhattisgarh,north bastar kanker,2025,2,8101,13011
chhattisgarh,north bastar kanker,2025,3,8102,13365
chhattisgarh,north bastar kanker,2025,4,8103,13817
chhattisgarh,north bastar kanker,2026,1,8104,14068
chhattisgarh,north bastar kanker,2026,2,8105,14238
chhattisgarh,raigarh,2018,3,8074,1
chhattisgarh,raigarh,2018,4,8075,1
chhattisgarh,raigarh,2019,1,8076,70
chhattisgarh,raigarh,2019,2,8077,234
chhattisgarh,raigarh,2019,3,8078,397
chhattisgarh,raigarh,2019,4,8079,708
chhattisgarh,raigarh,2020,1,8080,904
chhattisgarh,raigarh,2020,2,8081,1000
chhattisgarh,raigarh,2020,3,8082,1614
chhattisgarh,raigarh,2020,4,8083,2451
chhattisgarh,raigarh,2021,1,8084,4772
chhattisgarh,raigarh,2021,2,8085,5682
chhattisgarh,raigarh,2021,3,8086,7680
chhattisgarh,raigarh,2021,4,8087,9951
chhattisgarh,raigarh,2022,1,8088,12118
chhattisgarh,raigarh,2022,2,8089,13501
chhattisgarh,raigarh,2022,3,8090,15275
chhattisgarh,raigarh,2022,4,8091,16634
chhattisgarh,raigarh,2023,1,8092,17468
chhattisgarh,raigarh,2023,2,8093,17846
chhattisgarh,raigarh,2023,3,8094,18393
chhattisgarh,raigarh,2023,4,8095,19041
chhattisgarh,raigarh,2024,1,8096,20147
chhattisgarh,raigarh,2024,2,8097,21161
chhattisgarh,raigarh,2024,3,8098,22172
chhattisgarh,raigarh,2024,4,8099,23302
chhattisgarh,raigarh,2025,1,8100,24390
chhattisgarh,raigarh,2025,2,8101,25556
chhattisgarh,raigarh,2025,3,8102,26615
chhattisgarh,raigarh,2025,4,8103,27923
chhattisgarh,raigarh,2026,1,8104,28648
chhattisgarh,raigarh,2026,2,8105,29404
chhattisgarh,raipur,2018,3,8074,5
chhattisgarh,raipur,2018,4,8075,496
chhattisgarh,raipur,2019,1,8076,11764
chhattisgarh,raipur,2019,2,8077,21855
chhattisgarh,raipur,2019,3,8078,28556
chhattisgarh,raipur,2019,4,8079,34384
chhattisgarh,raipur,2020,1,8080,40385
chhattisgarh,raipur,2020,2,8081,42714
chhattisgarh,raipur,2020,3,8082,47326
chhattisgarh,raipur,2020,4,8083,54489
chhattisgarh,raipur,2021,1,8084,59541
chhattisgarh,raipur,2021,2,8085,61921
chhattisgarh,raipur,2021,3,8086,67774
chhattisgarh,raipur,2021,4,8087,74166
chhattisgarh,raipur,2022,1,8088,80313
chhattisgarh,raipur,2022,2,8089,85757
chhattisgarh,raipur,2022,3,8090,90584
chhattisgarh,raipur,2022,4,8091,94948
chhattisgarh,raipur,2023,1,8092,94724
chhattisgarh,raipur,2023,2,8093,97531
chhattisgarh,raipur,2023,3,8094,100487
chhattisgarh,raipur,2023,4,8095,103657
chhattisgarh,raipur,2024,1,8096,109828
chhattisgarh,raipur,2024,2,8097,114263
chhattisgarh,raipur,2024,3,8098,118684
chhattisgarh,raipur,2024,4,8099,123355
chhattisgarh,raipur,2025,1,8100,127427
chhattisgarh,raipur,2025,2,8101,131041
chhattisgarh,raipur,2025,3,8102,133901
chhattisgarh,raipur,2025,4,8103,136504
chhattisgarh,raipur,2026,1,8104,138163
chhattisgarh,raipur,2026,2,8105,139909
chhattisgarh,rajnandgaon,2018,1,8072,2
chhattisgarh,rajnandgaon,2018,2,8073,3
chhattisgarh,rajnandgaon,2018,3,8074,6
chhattisgarh,rajnandgaon,2018,4,8075,7
chhattisgarh,rajnandgaon,2019,1,8076,310
chhattisgarh,rajnandgaon,2019,2,8077,811
chhattisgarh,rajnandgaon,2019,3,8078,1150
chhattisgarh,rajnandgaon,2019,4,8079,1475
chhattisgarh,rajnandgaon,2020,1,8080,1891
chhattisgarh,rajnandgaon,2020,2,8081,2018
chhattisgarh,rajnandgaon,2020,3,8082,2429
chhattisgarh,rajnandgaon,2020,4,8083,3481
chhattisgarh,rajnandgaon,2021,1,8084,4812
chhattisgarh,rajnandgaon,2021,2,8085,5205
chhattisgarh,rajnandgaon,2021,3,8086,5856
chhattisgarh,rajnandgaon,2021,4,8087,6884
chhattisgarh,rajnandgaon,2022,1,8088,8210
chhattisgarh,rajnandgaon,2022,2,8089,8743
chhattisgarh,rajnandgaon,2022,3,8090,9478
chhattisgarh,rajnandgaon,2022,4,8091,10396
chhattisgarh,rajnandgaon,2023,1,8092,10858
chhattisgarh,rajnandgaon,2023,2,8093,11190
chhattisgarh,rajnandgaon,2023,3,8094,11773
chhattisgarh,rajnandgaon,2023,4,8095,12070
chhattisgarh,rajnandgaon,2024,1,8096,12492
chhattisgarh,rajnandgaon,2024,2,8097,13404
chhattisgarh,rajnandgaon,2024,3,8098,14085
chhattisgarh,rajnandgaon,2024,4,8099,14959
chhattisgarh,rajnandgaon,2025,1,8100,15746
chhattisgarh,rajnandgaon,2025,2,8101,16380
chhattisgarh,rajnandgaon,2025,3,8102,17262
chhattisgarh,rajnandgaon,2025,4,8103,18162
chhattisgarh,rajnandgaon,2026,1,8104,18537
chhattisgarh,rajnandgaon,2026,2,8105,18948
chhattisgarh,sakti,2019,1,8076,56
chhattisgarh,sakti,2019,2,8077,170
chhattisgarh,sakti,2019,3,8078,285
chhattisgarh,sakti,2019,4,8079,714
chhattisgarh,sakti,2020,1,8080,1160
chhattisgarh,sakti,2020,2,8081,1344
chhattisgarh,sakti,2020,3,8082,1784
chhattisgarh,sakti,2020,4,8083,3231
chhattisgarh,sakti,2021,1,8084,4531
chhattisgarh,sakti,2021,2,8085,5238
chhattisgarh,sakti,2021,3,8086,6488
chhattisgarh,sakti,2021,4,8087,8185
chhattisgarh,sakti,2022,1,8088,10241
chhattisgarh,sakti,2022,2,8089,11249
chhattisgarh,sakti,2022,3,8090,12348
chhattisgarh,sakti,2022,4,8091,13424
chhattisgarh,sakti,2023,1,8092,14300
chhattisgarh,sakti,2023,2,8093,14633
chhattisgarh,sakti,2023,3,8094,14980
chhattisgarh,sakti,2023,4,8095,15143
chhattisgarh,sakti,2024,1,8096,15400
chhattisgarh,sakti,2024,2,8097,15896
chhattisgarh,sakti,2024,3,8098,16466
chhattisgarh,sakti,2024,4,8099,17097
chhattisgarh,sakti,2025,1,8100,17449
chhattisgarh,sakti,2025,2,8101,17935
chhattisgarh,sakti,2025,3,8102,18635
chhattisgarh,sakti,2025,4,8103,19210
chhattisgarh,sakti,2026,1,8104,19678
chhattisgarh,sakti,2026,2,8105,20186
chhattisgarh,sarangarh bilaigarh,2018,4,8075,2
chhattisgarh,sarangarh bilaigarh,2019,1,8076,63
chhattisgarh,sarangarh bilaigarh,2019,2,8077,143
chhattisgarh,sarangarh bilaigarh,2019,3,8078,212
chhattisgarh,sarangarh bilaigarh,2019,4,8079,327
chhattisgarh,sarangarh bilaigarh,2020,1,8080,531
chhattisgarh,sarangarh bilaigarh,2020,2,8081,588
chhattisgarh,sarangarh bilaigarh,2020,3,8082,635
chhattisgarh,sarangarh bilaigarh,2020,4,8083,1211
chhattisgarh,sarangarh bilaigarh,2021,1,8084,2436
chhattisgarh,sarangarh bilaigarh,2021,2,8085,2888
chhattisgarh,sarangarh bilaigarh,2021,3,8086,4349
chhattisgarh,sarangarh bilaigarh,2021,4,8087,6002
chhattisgarh,sarangarh bilaigarh,2022,1,8088,7424
chhattisgarh,sarangarh bilaigarh,2022,2,8089,8361
chhattisgarh,sarangarh bilaigarh,2022,3,8090,9306
chhattisgarh,sarangarh bilaigarh,2022,4,8091,10046
chhattisgarh,sarangarh bilaigarh,2023,1,8092,10594
chhattisgarh,sarangarh bilaigarh,2023,2,8093,10784
chhattisgarh,sarangarh bilaigarh,2023,3,8094,11223
chhattisgarh,sarangarh bilaigarh,2023,4,8095,11617
chhattisgarh,sarangarh bilaigarh,2024,1,8096,11858
chhattisgarh,sarangarh bilaigarh,2024,2,8097,12148
chhattisgarh,sarangarh bilaigarh,2024,3,8098,12379
chhattisgarh,sarangarh bilaigarh,2024,4,8099,12776
chhattisgarh,sarangarh bilaigarh,2025,1,8100,13117
chhattisgarh,sarangarh bilaigarh,2025,2,8101,13354
chhattisgarh,sarangarh bilaigarh,2025,3,8102,13645
chhattisgarh,sarangarh bilaigarh,2025,4,8103,13985
chhattisgarh,sarangarh bilaigarh,2026,1,8104,14179
chhattisgarh,sarangarh bilaigarh,2026,2,8105,14460
chhattisgarh,sukma,2018,1,8072,2
chhattisgarh,sukma,2018,2,8073,1
chhattisgarh,sukma,2018,3,8074,1
chhattisgarh,sukma,2018,4,8075,1
chhattisgarh,sukma,2019,1,8076,3
chhattisgarh,sukma,2019,2,8077,15
chhattisgarh,sukma,2019,3,8078,28
chhattisgarh,sukma,2019,4,8079,39
chhattisgarh,sukma,2020,1,8080,42
chhattisgarh,sukma,2020,2,8081,46
chhattisgarh,sukma,2020,3,8082,46
chhattisgarh,sukma,2020,4,8083,106
chhattisgarh,sukma,2021,1,8084,144
chhattisgarh,sukma,2021,2,8085,172
chhattisgarh,sukma,2021,3,8086,337
chhattisgarh,sukma,2021,4,8087,434
chhattisgarh,sukma,2022,1,8088,499
chhattisgarh,sukma,2022,2,8089,532
chhattisgarh,sukma,2022,3,8090,691
chhattisgarh,sukma,2022,4,8091,822
chhattisgarh,sukma,2023,1,8092,906
chhattisgarh,sukma,2023,2,8093,935
chhattisgarh,sukma,2023,3,8094,944
chhattisgarh,sukma,2023,4,8095,960
chhattisgarh,sukma,2024,1,8096,978
chhattisgarh,sukma,2024,2,8097,1004
chhattisgarh,sukma,2024,3,8098,1018
chhattisgarh,sukma,2024,4,8099,1061
chhattisgarh,sukma,2025,1,8100,1070
chhattisgarh,sukma,2025,2,8101,1115
chhattisgarh,sukma,2025,3,8102,1127
chhattisgarh,sukma,2025,4,8103,1143
chhattisgarh,sukma,2026,1,8104,1150
chhattisgarh,sukma,2026,2,8105,1152
chhattisgarh,surajpur,2018,4,8075,1
chhattisgarh,surajpur,2019,1,8076,41
chhattisgarh,surajpur,2019,2,8077,97
chhattisgarh,surajpur,2019,3,8078,169
chhattisgarh,surajpur,2019,4,8079,230
chhattisgarh,surajpur,2020,1,8080,282
chhattisgarh,surajpur,2020,2,8081,324
chhattisgarh,surajpur,2020,3,8082,373
chhattisgarh,surajpur,2020,4,8083,526
chhattisgarh,surajpur,2021,1,8084,1779
chhattisgarh,surajpur,2021,2,8085,1961
chhattisgarh,surajpur,2021,3,8086,2898
chhattisgarh,surajpur,2021,4,8087,4003
chhattisgarh,surajpur,2022,1,8088,4827
chhattisgarh,surajpur,2022,2,8089,5570
chhattisgarh,surajpur,2022,3,8090,6447
chhattisgarh,surajpur,2022,4,8091,7552
chhattisgarh,surajpur,2023,1,8092,8435
chhattisgarh,surajpur,2023,2,8093,8808
chhattisgarh,surajpur,2023,3,8094,9384
chhattisgarh,surajpur,2023,4,8095,10026
chhattisgarh,surajpur,2024,1,8096,10349
chhattisgarh,surajpur,2024,2,8097,10660
chhattisgarh,surajpur,2024,3,8098,10954
chhattisgarh,surajpur,2024,4,8099,11493
chhattisgarh,surajpur,2025,1,8100,11766
chhattisgarh,surajpur,2025,2,8101,11947
chhattisgarh,surajpur,2025,3,8102,12247
chhattisgarh,surajpur,2025,4,8103,12694
chhattisgarh,surajpur,2026,1,8104,13150
chhattisgarh,surajpur,2026,2,8105,13390
chhattisgarh,surguja,2018,4,8075,2
chhattisgarh,surguja,2019,1,8076,60
chhattisgarh,surguja,2019,2,8077,158
chhattisgarh,surguja,2019,3,8078,304
chhattisgarh,surguja,2019,4,8079,402
chhattisgarh,surguja,2020,1,8080,473
chhattisgarh,surguja,2020,2,8081,511
chhattisgarh,surguja,2020,3,8082,665
chhattisgarh,surguja,2020,4,8083,1278
chhattisgarh,surguja,2021,1,8084,1825
chhattisgarh,surguja,2021,2,8085,2062
chhattisgarh,surguja,2021,3,8086,4277
chhattisgarh,surguja,2021,4,8087,6639
chhattisgarh,surguja,2022,1,8088,8131
chhattisgarh,surguja,2022,2,8089,9357
chhattisgarh,surguja,2022,3,8090,10998
chhattisgarh,surguja,2022,4,8091,12455
chhattisgarh,surguja,2023,1,8092,13486
chhattisgarh,surguja,2023,2,8093,14062
chhattisgarh,surguja,2023,3,8094,14659
chhattisgarh,surguja,2023,4,8095,15410
chhattisgarh,surguja,2024,1,8096,16114
chhattisgarh,surguja,2024,2,8097,16886
chhattisgarh,surguja,2024,3,8098,17931
chhattisgarh,surguja,2024,4,8099,18793
chhattisgarh,surguja,2025,1,8100,19632
chhattisgarh,surguja,2025,2,8101,20586
chhattisgarh,surguja,2025,3,8102,21533
chhattisgarh,surguja,2025,4,8103,22655
chhattisgarh,surguja,2026,1,8104,23413
chhattisgarh,surguja,2026,2,8105,23910
dadra & nagar haveli & daman & diu,dadra and nagar haveli,2018,3,8074,3
dadra & nagar haveli & daman & diu,dadra and nagar haveli,2018,4,8075,6
dadra & nagar haveli & daman & diu,dadra and nagar haveli,2019,1,8076,97
dadra & nagar haveli & daman & diu,dadra and nagar haveli,2019,2,8077,1350
dadra & nagar haveli & daman & diu,dadra and nagar haveli,2019,3,8078,2759
dadra & nagar haveli & daman & diu,dadra and nagar haveli,2019,4,8079,3560
dadra & nagar haveli & daman & diu,dadra and nagar haveli,2020,1,8080,4034
dadra & nagar haveli & daman & diu,dadra and nagar haveli,2020,2,8081,4313
dadra & nagar haveli & daman & diu,dadra and nagar haveli,2020,3,8082,5567
dadra & nagar haveli & daman & diu,dadra and nagar haveli,2020,4,8083,6997
dadra & nagar haveli & daman & diu,dadra and nagar haveli,2021,1,8084,7892
dadra & nagar haveli & daman & diu,dadra and nagar haveli,2021,2,8085,8207
dadra & nagar haveli & daman & diu,dadra and nagar haveli,2021,3,8086,8738
dadra & nagar haveli & daman & diu,dadra and nagar haveli,2021,4,8087,9388
dadra & nagar haveli & daman & diu,dadra and nagar haveli,2022,1,8088,10448
dadra & nagar haveli & daman & diu,dadra and nagar haveli,2022,2,8089,10844
dadra & nagar haveli & daman & diu,dadra and nagar haveli,2022,3,8090,11101
dadra & nagar haveli & daman & diu,dadra and nagar haveli,2022,4,8091,11303
dadra & nagar haveli & daman & diu,dadra and nagar haveli,2023,1,8092,11042
dadra & nagar haveli & daman & diu,dadra and nagar haveli,2023,2,8093,11213
dadra & nagar haveli & daman & diu,dadra and nagar haveli,2023,3,8094,11572
dadra & nagar haveli & daman & diu,dadra and nagar haveli,2023,4,8095,12043
dadra & nagar haveli & daman & diu,dadra and nagar haveli,2024,1,8096,12785
dadra & nagar haveli & daman & diu,dadra and nagar haveli,2024,2,8097,13365
dadra & nagar haveli & daman & diu,dadra and nagar haveli,2024,3,8098,14068
dadra & nagar haveli & daman & diu,dadra and nagar haveli,2024,4,8099,14654
dadra & nagar haveli & daman & diu,dadra and nagar haveli,2025,1,8100,15135
dadra & nagar haveli & daman & diu,dadra and nagar haveli,2025,2,8101,15516
dadra & nagar haveli & daman & diu,dadra and nagar haveli,2025,3,8102,16002
dadra & nagar haveli & daman & diu,dadra and nagar haveli,2025,4,8103,16475
dadra & nagar haveli & daman & diu,dadra and nagar haveli,2026,1,8104,16889
dadra & nagar haveli & daman & diu,dadra and nagar haveli,2026,2,8105,17263
dadra & nagar haveli & daman & diu,daman,2018,2,8073,1
dadra & nagar haveli & daman & diu,daman,2018,3,8074,1
dadra & nagar haveli & daman & diu,daman,2018,4,8075,1
dadra & nagar haveli & daman & diu,daman,2019,1,8076,34
dadra & nagar haveli & daman & diu,daman,2019,2,8077,393
dadra & nagar haveli & daman & diu,daman,2019,3,8078,569
dadra & nagar haveli & daman & diu,daman,2019,4,8079,795
dadra & nagar haveli & daman & diu,daman,2020,1,8080,1006
dadra & nagar haveli & daman & diu,daman,2020,2,8081,1041
dadra & nagar haveli & daman & diu,daman,2020,3,8082,1575
dadra & nagar haveli & daman & diu,daman,2020,4,8083,2524
dadra & nagar haveli & daman & diu,daman,2021,1,8084,3162
dadra & nagar haveli & daman & diu,daman,2021,2,8085,3405
dadra & nagar haveli & daman & diu,daman,2021,3,8086,3913
dadra & nagar haveli & daman & diu,daman,2021,4,8087,4420
dadra & nagar haveli & daman & diu,daman,2022,1,8088,4743
dadra & nagar haveli & daman & diu,daman,2022,2,8089,4960
dadra & nagar haveli & daman & diu,daman,2022,3,8090,5062
dadra & nagar haveli & daman & diu,daman,2022,4,8091,5195
dadra & nagar haveli & daman & diu,daman,2023,1,8092,5107
dadra & nagar haveli & daman & diu,daman,2023,2,8093,5227
dadra & nagar haveli & daman & diu,daman,2023,3,8094,5440
dadra & nagar haveli & daman & diu,daman,2023,4,8095,5842
dadra & nagar haveli & daman & diu,daman,2024,1,8096,6456
dadra & nagar haveli & daman & diu,daman,2024,2,8097,6923
dadra & nagar haveli & daman & diu,daman,2024,3,8098,7369
dadra & nagar haveli & daman & diu,daman,2024,4,8099,7772
dadra & nagar haveli & daman & diu,daman,2025,1,8100,8058
dadra & nagar haveli & daman & diu,daman,2025,2,8101,8310
dadra & nagar haveli & daman & diu,daman,2025,3,8102,8656
dadra & nagar haveli & daman & diu,daman,2025,4,8103,9077
dadra & nagar haveli & daman & diu,daman,2026,1,8104,9402
dadra & nagar haveli & daman & diu,daman,2026,2,8105,9624
dadra & nagar haveli & daman & diu,diu,2018,3,8074,1
dadra & nagar haveli & daman & diu,diu,2018,4,8075,2
dadra & nagar haveli & daman & diu,diu,2019,1,8076,8
dadra & nagar haveli & daman & diu,diu,2019,2,8077,36
dadra & nagar haveli & daman & diu,diu,2019,3,8078,65
dadra & nagar haveli & daman & diu,diu,2019,4,8079,71
dadra & nagar haveli & daman & diu,diu,2020,1,8080,78
dadra & nagar haveli & daman & diu,diu,2020,2,8081,81
dadra & nagar haveli & daman & diu,diu,2020,3,8082,82
dadra & nagar haveli & daman & diu,diu,2020,4,8083,107
dadra & nagar haveli & daman & diu,diu,2021,1,8084,292
dadra & nagar haveli & daman & diu,diu,2021,2,8085,348
dadra & nagar haveli & daman & diu,diu,2021,3,8086,392
dadra & nagar haveli & daman & diu,diu,2021,4,8087,492
dadra & nagar haveli & daman & diu,diu,2022,1,8088,601
dadra & nagar haveli & daman & diu,diu,2022,2,8089,803
dadra & nagar haveli & daman & diu,diu,2022,3,8090,952
dadra & nagar haveli & daman & diu,diu,2022,4,8091,1028
dadra & nagar haveli & daman & diu,diu,2023,1,8092,1013
dadra & nagar haveli & daman & diu,diu,2023,2,8093,1013
dadra & nagar haveli & daman & diu,diu,2023,3,8094,1014
dadra & nagar haveli & daman & diu,diu,2023,4,8095,1026
dadra & nagar haveli & daman & diu,diu,2024,1,8096,1026
dadra & nagar haveli & daman & diu,diu,2024,2,8097,1049
dadra & nagar haveli & daman & diu,diu,2024,3,8098,1060
dadra & nagar haveli & daman & diu,diu,2024,4,8099,1068
dadra & nagar haveli & daman & diu,diu,2025,1,8100,1076
dadra & nagar haveli & daman & diu,diu,2025,2,8101,1083
dadra & nagar haveli & daman & diu,diu,2025,3,8102,1083
dadra & nagar haveli & daman & diu,diu,2025,4,8103,1083
dadra & nagar haveli & daman & diu,diu,2026,1,8104,1086
dadra & nagar haveli & daman & diu,diu,2026,2,8105,1105
delhi,central,2018,1,8072,2
delhi,central,2018,2,8073,138
delhi,central,2018,3,8074,2308
delhi,central,2018,4,8075,9196
delhi,central,2019,1,8076,26286
delhi,central,2019,2,8077,36170
delhi,central,2019,3,8078,43870
delhi,central,2019,4,8079,52160
delhi,central,2020,1,8080,60674
delhi,central,2020,2,8081,64708
delhi,central,2020,3,8082,79374
delhi,central,2020,4,8083,98399
delhi,central,2021,1,8084,113440
delhi,central,2021,2,8085,118796
delhi,central,2021,3,8086,129300
delhi,central,2021,4,8087,139379
delhi,central,2022,1,8088,151644
delhi,central,2022,2,8089,161058
delhi,central,2022,3,8090,165832
delhi,central,2022,4,8091,169647
delhi,central,2023,1,8092,160795
delhi,central,2023,2,8093,163234
delhi,central,2023,3,8094,166223
delhi,central,2023,4,8095,168852
delhi,central,2024,1,8096,173017
delhi,central,2024,2,8097,177282
delhi,central,2024,3,8098,180677
delhi,central,2024,4,8099,184584
delhi,central,2025,1,8100,188664
delhi,central,2025,2,8101,192625
delhi,central,2025,3,8102,196632
delhi,central,2025,4,8103,201826
delhi,central,2026,1,8104,205859
delhi,central,2026,2,8105,209427
delhi,east,2018,1,8072,6
delhi,east,2018,2,8073,129
delhi,east,2018,3,8074,831
delhi,east,2018,4,8075,8313
delhi,east,2019,1,8076,21088
delhi,east,2019,2,8077,28651
delhi,east,2019,3,8078,36123
delhi,east,2019,4,8079,42717
delhi,east,2020,1,8080,49984
delhi,east,2020,2,8081,52897
delhi,east,2020,3,8082,63501
delhi,east,2020,4,8083,74746
delhi,east,2021,1,8084,83348
delhi,east,2021,2,8085,86690
delhi,east,2021,3,8086,93501
delhi,east,2021,4,8087,98781
delhi,east,2022,1,8088,105408
delhi,east,2022,2,8089,110943
delhi,east,2022,3,8090,114391
delhi,east,2022,4,8091,116895
delhi,east,2023,1,8092,110407
delhi,east,2023,2,8093,111386
delhi,east,2023,3,8094,113011
delhi,east,2023,4,8095,114696
delhi,east,2024,1,8096,118124
delhi,east,2024,2,8097,121565
delhi,east,2024,3,8098,123706
delhi,east,2024,4,8099,125730
delhi,east,2025,1,8100,127679
delhi,east,2025,2,8101,129605
delhi,east,2025,3,8102,131797
delhi,east,2025,4,8103,134806
delhi,east,2026,1,8104,137047
delhi,east,2026,2,8105,139256
delhi,new delhi,2018,1,8072,7
delhi,new delhi,2018,2,8073,209
delhi,new delhi,2018,3,8074,843
delhi,new delhi,2018,4,8075,4145
delhi,new delhi,2019,1,8076,12618
delhi,new delhi,2019,2,8077,16992
delhi,new delhi,2019,3,8078,21099
delhi,new delhi,2019,4,8079,25759
delhi,new delhi,2020,1,8080,31100
delhi,new delhi,2020,2,8081,33604
delhi,new delhi,2020,3,8082,42703
delhi,new delhi,2020,4,8083,52652
delhi,new delhi,2021,1,8084,60702
delhi,new delhi,2021,2,8085,64411
delhi,new delhi,2021,3,8086,72336
delhi,new delhi,2021,4,8087,79132
delhi,new delhi,2022,1,8088,88744
delhi,new delhi,2022,2,8089,101193
delhi,new delhi,2022,3,8090,106286
delhi,new delhi,2022,4,8091,109961
delhi,new delhi,2023,1,8092,103612
delhi,new delhi,2023,2,8093,104902
delhi,new delhi,2023,3,8094,106658
delhi,new delhi,2023,4,8095,107972
delhi,new delhi,2024,1,8096,110428
delhi,new delhi,2024,2,8097,112704
delhi,new delhi,2024,3,8098,114545
delhi,new delhi,2024,4,8099,116449
delhi,new delhi,2025,1,8100,118336
delhi,new delhi,2025,2,8101,120022
delhi,new delhi,2025,3,8102,121803
delhi,new delhi,2025,4,8103,124351
delhi,new delhi,2026,1,8104,125810
delhi,new delhi,2026,2,8105,127391
delhi,north,2018,2,8073,99
delhi,north,2018,3,8074,1400
delhi,north,2018,4,8075,9948
delhi,north,2019,1,8076,20213
delhi,north,2019,2,8077,25796
delhi,north,2019,3,8078,30347
delhi,north,2019,4,8079,35661
delhi,north,2020,1,8080,41051
delhi,north,2020,2,8081,43937
delhi,north,2020,3,8082,53306
delhi,north,2020,4,8083,64572
delhi,north,2021,1,8084,73195
delhi,north,2021,2,8085,77047
delhi,north,2021,3,8086,84333
delhi,north,2021,4,8087,91882
delhi,north,2022,1,8088,99846
delhi,north,2022,2,8089,106412
delhi,north,2022,3,8090,110040
delhi,north,2022,4,8091,112993
delhi,north,2023,1,8092,109081
delhi,north,2023,2,8093,110969
delhi,north,2023,3,8094,113294
delhi,north,2023,4,8095,115587
delhi,north,2024,1,8096,119734
delhi,north,2024,2,8097,123039
delhi,north,2024,3,8098,125566
delhi,north,2024,4,8099,128022
delhi,north,2025,1,8100,130879
delhi,north,2025,2,8101,133777
delhi,north,2025,3,8102,136993
delhi,north,2025,4,8103,140412
delhi,north,2026,1,8104,142873
delhi,north,2026,2,8105,145465
delhi,north east,2018,1,8072,2
delhi,north east,2018,2,8073,24
delhi,north east,2018,3,8074,1423
delhi,north east,2018,4,8075,8002
delhi,north east,2019,1,8076,15422
delhi,north east,2019,2,8077,20500
delhi,north east,2019,3,8078,26883
delhi,north east,2019,4,8079,32451
delhi,north east,2020,1,8080,37812
delhi,north east,2020,2,8081,40539
delhi,north east,2020,3,8082,50467
delhi,north east,2020,4,8083,60941
delhi,north east,2021,1,8084,68509
delhi,north east,2021,2,8085,72254
delhi,north east,2021,3,8086,79412
delhi,north east,2021,4,8087,85851
delhi,north east,2022,1,8088,93936
delhi,north east,2022,2,8089,98707
delhi,north east,2022,3,8090,101688
delhi,north east,2022,4,8091,103697
delhi,north east,2023,1,8092,97424
delhi,north east,2023,2,8093,98792
delhi,north east,2023,3,8094,100630
delhi,north east,2023,4,8095,102115
delhi,north east,2024,1,8096,104232
delhi,north east,2024,2,8097,106049
delhi,north east,2024,3,8098,107586
delhi,north east,2024,4,8099,109176
delhi,north east,2025,1,8100,110994
delhi,north east,2025,2,8101,112993
delhi,north east,2025,3,8102,114973
delhi,north east,2025,4,8103,117623
delhi,north east,2026,1,8104,118967
delhi,north east,2026,2,8105,120485
delhi,north west,2018,2,8073,161
delhi,north west,2018,3,8074,1782
delhi,north west,2018,4,8075,16479
delhi,north west,2019,1,8076,35063
delhi,north west,2019,2,8077,43272
delhi,north west,2019,3,8078,50064
delhi,north west,2019,4,8079,57126
delhi,north west,2020,1,8080,65276
delhi,north west,2020,2,8081,69468
delhi,north west,2020,3,8082,83292
delhi,north west,2020,4,8083,96168
delhi,north west,2021,1,8084,107022
delhi,north west,2021,2,8085,111430
delhi,north west,2021,3,8086,120200
delhi,north west,2021,4,8087,128167
delhi,north west,2022,1,8088,137483
delhi,north west,2022,2,8089,145100
delhi,north west,2022,3,8090,149232
delhi,north west,2022,4,8091,152410
delhi,north west,2023,1,8092,145051
delhi,north west,2023,2,8093,146815
delhi,north west,2023,3,8094,149149
delhi,north west,2023,4,8095,151542
delhi,north west,2024,1,8096,155133
delhi,north west,2024,2,8097,159080
delhi,north west,2024,3,8098,161844
delhi,north west,2024,4,8099,164624
delhi,north west,2025,1,8100,166910
delhi,north west,2025,2,8101,169153
delhi,north west,2025,3,8102,171322
delhi,north west,2025,4,8103,174045
delhi,north west,2026,1,8104,176114
delhi,north west,2026,2,8105,178617
delhi,shahdara,2018,1,8072,6
delhi,shahdara,2018,2,8073,71
delhi,shahdara,2018,3,8074,242
delhi,shahdara,2018,4,8075,6810
delhi,shahdara,2019,1,8076,15996
delhi,shahdara,2019,2,8077,21973
delhi,shahdara,2019,3,8078,28177
delhi,shahdara,2019,4,8079,33558
delhi,shahdara,2020,1,8080,38875
delhi,shahdara,2020,2,8081,41341
delhi,shahdara,2020,3,8082,49881
delhi,shahdara,2020,4,8083,59066
delhi,shahdara,2021,1,8084,67290
delhi,shahdara,2021,2,8085,70667
delhi,shahdara,2021,3,8086,77068
delhi,shahdara,2021,4,8087,83213
delhi,shahdara,2022,1,8088,89815
delhi,shahdara,2022,2,8089,95000
delhi,shahdara,2022,3,8090,98272
delhi,shahdara,2022,4,8091,100654
delhi,shahdara,2023,1,8092,96056
delhi,shahdara,2023,2,8093,97392
delhi,shahdara,2023,3,8094,99080
delhi,shahdara,2023,4,8095,100562
delhi,shahdara,2024,1,8096,103020
delhi,shahdara,2024,2,8097,105544
delhi,shahdara,2024,3,8098,107364
delhi,shahdara,2024,4,8099,109342
delhi,shahdara,2025,1,8100,111097
delhi,shahdara,2025,2,8101,113251
delhi,shahdara,2025,3,8102,115618
delhi,shahdara,2025,4,8103,118880
delhi,shahdara,2026,1,8104,120947
delhi,shahdara,2026,2,8105,123302
delhi,south,2018,1,8072,4
delhi,south,2018,2,8073,127
delhi,south,2018,3,8074,1609
delhi,south,2018,4,8075,7249
delhi,south,2019,1,8076,20346
delhi,south,2019,2,8077,26463
delhi,south,2019,3,8078,33435
delhi,south,2019,4,8079,39187
delhi,south,2020,1,8080,45674
delhi,south,2020,2,8081,48735
delhi,south,2020,3,8082,59552
delhi,south,2020,4,8083,68431
delhi,south,2021,1,8084,75441
delhi,south,2021,2,8085,78295
delhi,south,2021,3,8086,85431
delhi,south,2021,4,8087,91257
delhi,south,2022,1,8088,99642
delhi,south,2022,2,8089,106434
delhi,south,2022,3,8090,110571
delhi,south,2022,4,8091,112800
delhi,south,2023,1,8092,104555
delhi,south,2023,2,8093,105442
delhi,south,2023,3,8094,108014
delhi,south,2023,4,8095,109859
delhi,south,2024,1,8096,113700
delhi,south,2024,2,8097,116634
delhi,south,2024,3,8098,118897
delhi,south,2024,4,8099,121085
delhi,south,2025,1,8100,122978
delhi,south,2025,2,8101,124712
delhi,south,2025,3,8102,126696
delhi,south,2025,4,8103,128674
delhi,south,2026,1,8104,130803
delhi,south,2026,2,8105,132581
delhi,south east,2018,1,8072,6
delhi,south east,2018,2,8073,196
delhi,south east,2018,3,8074,4686
delhi,south east,2018,4,8075,20199
delhi,south east,2019,1,8076,49496
delhi,south east,2019,2,8077,63027
delhi,south east,2019,3,8078,78202
delhi,south east,2019,4,8079,89900
delhi,south east,2020,1,8080,102800
delhi,south east,2020,2,8081,109035
delhi,south east,2020,3,8082,132333
delhi,south east,2020,4,8083,153806
delhi,south east,2021,1,8084,170604
delhi,south east,2021,2,8085,177245
delhi,south east,2021,3,8086,193666
delhi,south east,2021,4,8087,204321
delhi,south east,2022,1,8088,221400
delhi,south east,2022,2,8089,231852
delhi,south east,2022,3,8090,237651
delhi,south east,2022,4,8091,242414
delhi,south east,2023,1,8092,224003
delhi,south east,2023,2,8093,225832
delhi,south east,2023,3,8094,228645
delhi,south east,2023,4,8095,232307
delhi,south east,2024,1,8096,239764
delhi,south east,2024,2,8097,245206
delhi,south east,2024,3,8098,249936
delhi,south east,2024,4,8099,254867
delhi,south east,2025,1,8100,259253
delhi,south east,2025,2,8101,263923
delhi,south east,2025,3,8102,268525
delhi,south east,2025,4,8103,274568
delhi,south east,2026,1,8104,279704
delhi,south east,2026,2,8105,284668
delhi,south west,2018,2,8073,259
delhi,south west,2018,3,8074,3794
delhi,south west,2018,4,8075,19381
delhi,south west,2019,1,8076,43734
delhi,south west,2019,2,8077,56087
delhi,south west,2019,3,8078,65188
delhi,south west,2019,4,8079,75604
delhi,south west,2020,1,8080,87660
delhi,south west,2020,2,8081,93991
delhi,south west,2020,3,8082,114142
delhi,south west,2020,4,8083,134495
delhi,south west,2021,1,8084,151384
delhi,south west,2021,2,8085,158308
delhi,south west,2021,3,8086,172581
delhi,south west,2021,4,8087,182096
delhi,south west,2022,1,8088,195717
delhi,south west,2022,2,8089,207797
delhi,south west,2022,3,8090,213652
delhi,south west,2022,4,8091,218627
delhi,south west,2023,1,8092,205375
delhi,south west,2023,2,8093,208078
delhi,south west,2023,3,8094,212096
delhi,south west,2023,4,8095,215604
delhi,south west,2024,1,8096,219541
delhi,south west,2024,2,8097,224294
delhi,south west,2024,3,8098,228041
delhi,south west,2024,4,8099,231773
delhi,south west,2025,1,8100,235089
delhi,south west,2025,2,8101,238760
delhi,south west,2025,3,8102,242342
delhi,south west,2025,4,8103,247045
delhi,south west,2026,1,8104,251087
delhi,south west,2026,2,8105,254998
delhi,west,2018,1,8072,2
delhi,west,2018,2,8073,169
delhi,west,2018,3,8074,1912
delhi,west,2018,4,8075,12590
delhi,west,2019,1,8076,30810
delhi,west,2019,2,8077,38705
delhi,west,2019,3,8078,44383
delhi,west,2019,4,8079,51623
delhi,west,2020,1,8080,60065
delhi,west,2020,2,8081,63873
delhi,west,2020,3,8082,78099
delhi,west,2020,4,8083,92988
delhi,west,2021,1,8084,105779
delhi,west,2021,2,8085,111025
delhi,west,2021,3,8086,120858
delhi,west,2021,4,8087,129254
delhi,west,2022,1,8088,139149
delhi,west,2022,2,8089,146737
delhi,west,2022,3,8090,150136
delhi,west,2022,4,8091,152958
delhi,west,2023,1,8092,144240
delhi,west,2023,2,8093,145801
delhi,west,2023,3,8094,148275
delhi,west,2023,4,8095,150177
delhi,west,2024,1,8096,153863
delhi,west,2024,2,8097,156972
delhi,west,2024,3,8098,159438
delhi,west,2024,4,8099,162072
delhi,west,2025,1,8100,164647
delhi,west,2025,2,8101,167229
delhi,west,2025,3,8102,169773
delhi,west,2025,4,8103,173195
delhi,west,2026,1,8104,175404
delhi,west,2026,2,8105,177715
goa,north goa,2018,3,8074,3
goa,north goa,2018,4,8075,192
goa,north goa,2019,1,8076,399
goa,north goa,2019,2,8077,1113
goa,north goa,2019,3,8078,2143
goa,north goa,2019,4,8079,2935
goa,north goa,2020,1,8080,3465
goa,north goa,2020,2,8081,3734
goa,north goa,2020,3,8082,4113
goa,north goa,2020,4,8083,5255
goa,north goa,2021,1,8084,6808
goa,north goa,2021,2,8085,7383
goa,north goa,2021,3,8086,8373
goa,north goa,2021,4,8087,9829
goa,north goa,2022,1,8088,11152
goa,north goa,2022,2,8089,12073
goa,north goa,2022,3,8090,13383
goa,north goa,2022,4,8091,14254
goa,north goa,2023,1,8092,14465
goa,north goa,2023,2,8093,14917
goa,north goa,2023,3,8094,15644
goa,north goa,2023,4,8095,16327
goa,north goa,2024,1,8096,16952
goa,north goa,2024,2,8097,17392
goa,north goa,2024,3,8098,17809
goa,north goa,2024,4,8099,18304
goa,north goa,2025,1,8100,19003
goa,north goa,2025,2,8101,19577
goa,north goa,2025,3,8102,20022
goa,north goa,2025,4,8103,20378
goa,north goa,2026,1,8104,20650
goa,north goa,2026,2,8105,20847
goa,south goa,2018,2,8073,1
goa,south goa,2018,3,8074,1
goa,south goa,2018,4,8075,39
goa,south goa,2019,1,8076,367
goa,south goa,2019,2,8077,750
goa,south goa,2019,3,8078,1315
goa,south goa,2019,4,8079,1857
goa,south goa,2020,1,8080,2119
goa,south goa,2020,2,8081,2723
goa,south goa,2020,3,8082,3379
goa,south goa,2020,4,8083,4206
goa,south goa,2021,1,8084,4940
goa,south goa,2021,2,8085,5369
goa,south goa,2021,3,8086,6474
goa,south goa,2021,4,8087,7867
goa,south goa,2022,1,8088,9069
goa,south goa,2022,2,8089,9713
goa,south goa,2022,3,8090,10446
goa,south goa,2022,4,8091,10946
goa,south goa,2023,1,8092,11144
goa,south goa,2023,2,8093,11368
goa,south goa,2023,3,8094,11718
goa,south goa,2023,4,8095,12062
goa,south goa,2024,1,8096,12368
goa,south goa,2024,2,8097,12889
goa,south goa,2024,3,8098,13441
goa,south goa,2024,4,8099,13977
goa,south goa,2025,1,8100,14491
goa,south goa,2025,2,8101,14869
goa,south goa,2025,3,8102,15161
goa,south goa,2025,4,8103,15356
goa,south goa,2026,1,8104,15429
goa,south goa,2026,2,8105,15557
gujarat,ahmedabad,2018,1,8072,6
gujarat,ahmedabad,2018,2,8073,73
gujarat,ahmedabad,2018,3,8074,133
gujarat,ahmedabad,2018,4,8075,492
gujarat,ahmedabad,2019,1,8076,25057
gujarat,ahmedabad,2019,2,8077,91757
gujarat,ahmedabad,2019,3,8078,134876
gujarat,ahmedabad,2019,4,8079,163356
gujarat,ahmedabad,2020,1,8080,196520
gujarat,ahmedabad,2020,2,8081,212844
gujarat,ahmedabad,2020,3,8082,258927
gujarat,ahmedabad,2020,4,8083,304257
gujarat,ahmedabad,2021,1,8084,339817
gujarat,ahmedabad,2021,2,8085,358989
gujarat,ahmedabad,2021,3,8086,378627
gujarat,ahmedabad,2021,4,8087,368615
gujarat,ahmedabad,2022,1,8088,387797
gujarat,ahmedabad,2022,2,8089,403910
gujarat,ahmedabad,2022,3,8090,414272
gujarat,ahmedabad,2022,4,8091,420879
gujarat,ahmedabad,2023,1,8092,405350
gujarat,ahmedabad,2023,2,8093,410910
gujarat,ahmedabad,2023,3,8094,417684
gujarat,ahmedabad,2023,4,8095,424023
gujarat,ahmedabad,2024,1,8096,437758
gujarat,ahmedabad,2024,2,8097,448746
gujarat,ahmedabad,2024,3,8098,458729
gujarat,ahmedabad,2024,4,8099,468242
gujarat,ahmedabad,2025,1,8100,477792
gujarat,ahmedabad,2025,2,8101,486386
gujarat,ahmedabad,2025,3,8102,493417
gujarat,ahmedabad,2025,4,8103,501585
gujarat,ahmedabad,2026,1,8104,508603
gujarat,ahmedabad,2026,2,8105,515128
gujarat,amreli,2018,4,8075,8
gujarat,amreli,2019,1,8076,85
gujarat,amreli,2019,2,8077,602
gujarat,amreli,2019,3,8078,1670
gujarat,amreli,2019,4,8079,2613
gujarat,amreli,2020,1,8080,3174
gujarat,amreli,2020,2,8081,3527
gujarat,amreli,2020,3,8082,5458
gujarat,amreli,2020,4,8083,7494
gujarat,amreli,2021,1,8084,8560
gujarat,amreli,2021,2,8085,9060
gujarat,amreli,2021,3,8086,9629
gujarat,amreli,2021,4,8087,10096
gujarat,amreli,2022,1,8088,11758
gujarat,amreli,2022,2,8089,13153
gujarat,amreli,2022,3,8090,14454
gujarat,amreli,2022,4,8091,15369
gujarat,amreli,2023,1,8092,15322
gujarat,amreli,2023,2,8093,15458
gujarat,amreli,2023,3,8094,15816
gujarat,amreli,2023,4,8095,16365
gujarat,amreli,2024,1,8096,17185
gujarat,amreli,2024,2,8097,17952
gujarat,amreli,2024,3,8098,18634
gujarat,amreli,2024,4,8099,19288
gujarat,amreli,2025,1,8100,19864
gujarat,amreli,2025,2,8101,20026
gujarat,amreli,2025,3,8102,20190
gujarat,amreli,2025,4,8103,20412
gujarat,amreli,2026,1,8104,20842
gujarat,amreli,2026,2,8105,21573
gujarat,anand,2018,3,8074,2
gujarat,anand,2018,4,8075,16
gujarat,anand,2019,1,8076,197
gujarat,anand,2019,2,8077,3554
gujarat,anand,2019,3,8078,9251
gujarat,anand,2019,4,8079,10917
gujarat,anand,2020,1,8080,12511
gujarat,anand,2020,2,8081,13373
gujarat,anand,2020,3,8082,15690
gujarat,anand,2020,4,8083,19771
gujarat,anand,2021,1,8084,24655
gujarat,anand,2021,2,8085,26401
gujarat,anand,2021,3,8086,29127
gujarat,anand,2021,4,8087,30929
gujarat,anand,2022,1,8088,34730
gujarat,anand,2022,2,8089,36813
gujarat,anand,2022,3,8090,38179
gujarat,anand,2022,4,8091,38768
gujarat,anand,2023,1,8092,38155
gujarat,anand,2023,2,8093,38664
gujarat,anand,2023,3,8094,39121
gujarat,anand,2023,4,8095,39313
gujarat,anand,2024,1,8096,40520
gujarat,anand,2024,2,8097,41314
gujarat,anand,2024,3,8098,42162
gujarat,anand,2024,4,8099,42884
gujarat,anand,2025,1,8100,43505
gujarat,anand,2025,2,8101,44184
gujarat,anand,2025,3,8102,44876
gujarat,anand,2025,4,8103,45766
gujarat,anand,2026,1,8104,46735
gujarat,anand,2026,2,8105,47377
gujarat,aravalli,2018,4,8075,6
gujarat,aravalli,2019,1,8076,107
gujarat,aravalli,2019,2,8077,1197
gujarat,aravalli,2019,3,8078,3030
gujarat,aravalli,2019,4,8079,3769
gujarat,aravalli,2020,1,8080,4455
gujarat,aravalli,2020,2,8081,4782
gujarat,aravalli,2020,3,8082,5600
gujarat,aravalli,2020,4,8083,7099
gujarat,aravalli,2021,1,8084,8679
gujarat,aravalli,2021,2,8085,9597
gujarat,aravalli,2021,3,8086,10477
gujarat,aravalli,2021,4,8087,11454
gujarat,aravalli,2022,1,8088,12630
gujarat,aravalli,2022,2,8089,13188
gujarat,aravalli,2022,3,8090,13858
gujarat,aravalli,2022,4,8091,14468
gujarat,aravalli,2023,1,8092,14832
gujarat,aravalli,2023,2,8093,15056
gujarat,aravalli,2023,3,8094,15574
gujarat,aravalli,2023,4,8095,16048
gujarat,aravalli,2024,1,8096,16835
gujarat,aravalli,2024,2,8097,17761
gujarat,aravalli,2024,3,8098,18485
gujarat,aravalli,2024,4,8099,19069
gujarat,aravalli,2025,1,8100,19472
gujarat,aravalli,2025,2,8101,19809
gujarat,aravalli,2025,3,8102,20354
gujarat,aravalli,2025,4,8103,20852
gujarat,aravalli,2026,1,8104,21241
gujarat,aravalli,2026,2,8105,21620
gujarat,banaskantha,2018,3,8074,4
gujarat,banaskantha,2018,4,8075,15
gujarat,banaskantha,2019,1,8076,322
gujarat,banaskantha,2019,2,8077,2709
gujarat,banaskantha,2019,3,8078,5285
gujarat,banaskantha,2019,4,8079,6315
gujarat,banaskantha,2020,1,8080,7521
gujarat,banaskantha,2020,2,8081,8247
gujarat,banaskantha,2020,3,8082,9887
gujarat,banaskantha,2020,4,8083,13739
gujarat,banaskantha,2021,1,8084,16846
gujarat,banaskantha,2021,2,8085,19004
gujarat,banaskantha,2021,3,8086,21548
gujarat,banaskantha,2021,4,8087,23727
gujarat,banaskantha,2022,1,8088,27073
gujarat,banaskantha,2022,2,8089,28960
gujarat,banaskantha,2022,3,8090,30589
gujarat,banaskantha,2022,4,8091,32127
gujarat,banaskantha,2023,1,8092,32436
gujarat,banaskantha,2023,2,8093,33427
gujarat,banaskantha,2023,3,8094,34473
gujarat,banaskantha,2023,4,8095,35510
gujarat,banaskantha,2024,1,8096,37480
gujarat,banaskantha,2024,2,8097,39191
gujarat,banaskantha,2024,3,8098,41442
gujarat,banaskantha,2024,4,8099,43976
gujarat,banaskantha,2025,1,8100,46204
gujarat,banaskantha,2025,2,8101,48005
gujarat,banaskantha,2025,3,8102,49560
gujarat,banaskantha,2025,4,8103,51302
gujarat,banaskantha,2026,1,8104,52855
gujarat,banaskantha,2026,2,8105,54340
gujarat,bharuch,2018,3,8074,2
gujarat,bharuch,2018,4,8075,19
gujarat,bharuch,2019,1,8076,264
gujarat,bharuch,2019,2,8077,1789
gujarat,bharuch,2019,3,8078,5089
gujarat,bharuch,2019,4,8079,8118
gujarat,bharuch,2020,1,8080,10596
gujarat,bharuch,2020,2,8081,11849
gujarat,bharuch,2020,3,8082,14592
gujarat,bharuch,2020,4,8083,17612
gujarat,bharuch,2021,1,8084,20821
gujarat,bharuch,2021,2,8085,22352
gujarat,bharuch,2021,3,8086,25721
gujarat,bharuch,2021,4,8087,30562
gujarat,bharuch,2022,1,8088,33704
gujarat,bharuch,2022,2,8089,36057
gujarat,bharuch,2022,3,8090,38491
gujarat,bharuch,2022,4,8091,40396
gujarat,bharuch,2023,1,8092,39511
gujarat,bharuch,2023,2,8093,40523
gujarat,bharuch,2023,3,8094,41326
gujarat,bharuch,2023,4,8095,42561
gujarat,bharuch,2024,1,8096,44086
gujarat,bharuch,2024,2,8097,45583
gujarat,bharuch,2024,3,8098,47180
gujarat,bharuch,2024,4,8099,48430
gujarat,bharuch,2025,1,8100,49535
gujarat,bharuch,2025,2,8101,50458
gujarat,bharuch,2025,3,8102,51453
gujarat,bharuch,2025,4,8103,52966
gujarat,bharuch,2026,1,8104,53959
gujarat,bharuch,2026,2,8105,55060
gujarat,bhavnagar,2018,1,8072,2
gujarat,bhavnagar,2018,2,8073,4
gujarat,bhavnagar,2018,3,8074,3
gujarat,bhavnagar,2018,4,8075,13
gujarat,bhavnagar,2019,1,8076,447
gujarat,bhavnagar,2019,2,8077,1958
gujarat,bhavnagar,2019,3,8078,7025
gujarat,bhavnagar,2019,4,8079,10454
gujarat,bhavnagar,2020,1,8080,13108
gujarat,bhavnagar,2020,2,8081,14303
gujarat,bhavnagar,2020,3,8082,18856
gujarat,bhavnagar,2020,4,8083,24245
gujarat,bhavnagar,2021,1,8084,28790
gujarat,bhavnagar,2021,2,8085,30705
gujarat,bhavnagar,2021,3,8086,34742
gujarat,bhavnagar,2021,4,8087,40685
gujarat,bhavnagar,2022,1,8088,46319
gujarat,bhavnagar,2022,2,8089,50643
gujarat,bhavnagar,2022,3,8090,54176
gujarat,bhavnagar,2022,4,8091,56356
gujarat,bhavnagar,2023,1,8092,53986
gujarat,bhavnagar,2023,2,8093,54804
gujarat,bhavnagar,2023,3,8094,56614
gujarat,bhavnagar,2023,4,8095,57652
gujarat,bhavnagar,2024,1,8096,60322
gujarat,bhavnagar,2024,2,8097,62158
gujarat,bhavnagar,2024,3,8098,63900
gujarat,bhavnagar,2024,4,8099,66244
gujarat,bhavnagar,2025,1,8100,67830
gujarat,bhavnagar,2025,2,8101,69410
gujarat,bhavnagar,2025,3,8102,70526
gujarat,bhavnagar,2025,4,8103,72132
gujarat,bhavnagar,2026,1,8104,73702
gujarat,bhavnagar,2026,2,8105,74999
gujarat,botad,2018,4,8075,3
gujarat,botad,2019,1,8076,166
gujarat,botad,2019,2,8077,870
gujarat,botad,2019,3,8078,1821
gujarat,botad,2019,4,8079,2329
gujarat,botad,2020,1,8080,2696
gujarat,botad,2020,2,8081,2887
gujarat,botad,2020,3,8082,3850
gujarat,botad,2020,4,8083,5291
gujarat,botad,2021,1,8084,6252
gujarat,botad,2021,2,8085,6894
gujarat,botad,2021,3,8086,7863
gujarat,botad,2021,4,8087,9181
gujarat,botad,2022,1,8088,10128
gujarat,botad,2022,2,8089,10750
gujarat,botad,2022,3,8090,11323
gujarat,botad,2022,4,8091,12017
gujarat,botad,2023,1,8092,12742
gujarat,botad,2023,2,8093,13185
gujarat,botad,2023,3,8094,13778
gujarat,botad,2023,4,8095,14665
gujarat,botad,2024,1,8096,15707
gujarat,botad,2024,2,8097,16289
gujarat,botad,2024,3,8098,16896
gujarat,botad,2024,4,8099,17311
gujarat,botad,2025,1,8100,17666
gujarat,botad,2025,2,8101,18336
gujarat,botad,2025,3,8102,19183
gujarat,botad,2025,4,8103,20093
gujarat,botad,2026,1,8104,20371
gujarat,botad,2026,2,8105,20731
gujarat,chhotaudepur,2019,1,8076,57
gujarat,chhotaudepur,2019,2,8077,131
gujarat,chhotaudepur,2019,3,8078,244
gujarat,chhotaudepur,2019,4,8079,452
gujarat,chhotaudepur,2020,1,8080,602
gujarat,chhotaudepur,2020,2,8081,641
gujarat,chhotaudepur,2020,3,8082,894
gujarat,chhotaudepur,2020,4,8083,1284
gujarat,chhotaudepur,2021,1,8084,1734
gujarat,chhotaudepur,2021,2,8085,1946
gujarat,chhotaudepur,2021,3,8086,2138
gujarat,chhotaudepur,2021,4,8087,2843
gujarat,chhotaudepur,2022,1,8088,3762
gujarat,chhotaudepur,2022,2,8089,3951
gujarat,chhotaudepur,2022,3,8090,4090
gujarat,chhotaudepur,2022,4,8091,4136
gujarat,chhotaudepur,2023,1,8092,4083
gujarat,chhotaudepur,2023,2,8093,4084
gujarat,chhotaudepur,2023,3,8094,4239
gujarat,chhotaudepur,2023,4,8095,4256
gujarat,chhotaudepur,2024,1,8096,4334
gujarat,chhotaudepur,2024,2,8097,4422
gujarat,chhotaudepur,2024,3,8098,4622
gujarat,chhotaudepur,2024,4,8099,4780
gujarat,chhotaudepur,2025,1,8100,4842
gujarat,chhotaudepur,2025,2,8101,4882
gujarat,chhotaudepur,2025,3,8102,4896
gujarat,chhotaudepur,2025,4,8103,4916
gujarat,chhotaudepur,2026,1,8104,4954
gujarat,chhotaudepur,2026,2,8105,4982
gujarat,dahod,2018,4,8075,1
gujarat,dahod,2019,1,8076,35
gujarat,dahod,2019,2,8077,113
gujarat,dahod,2019,3,8078,415
gujarat,dahod,2019,4,8079,1008
gujarat,dahod,2020,1,8080,1263
gujarat,dahod,2020,2,8081,1458
gujarat,dahod,2020,3,8082,1824
gujarat,dahod,2020,4,8083,3222
gujarat,dahod,2021,1,8084,4771
gujarat,dahod,2021,2,8085,6131
gujarat,dahod,2021,3,8086,7756
gujarat,dahod,2021,4,8087,9941
gujarat,dahod,2022,1,8088,12564
gujarat,dahod,2022,2,8089,14412
gujarat,dahod,2022,3,8090,14990
gujarat,dahod,2022,4,8091,15488
gujarat,dahod,2023,1,8092,15653
gujarat,dahod,2023,2,8093,15693
gujarat,dahod,2023,3,8094,15748
gujarat,dahod,2023,4,8095,15746
gujarat,dahod,2024,1,8096,15773
gujarat,dahod,2024,2,8097,16043
gujarat,dahod,2024,3,8098,16213
gujarat,dahod,2024,4,8099,16518
gujarat,dahod,2025,1,8100,16789
gujarat,dahod,2025,2,8101,17025
gujarat,dahod,2025,3,8102,17262
gujarat,dahod,2025,4,8103,17972
gujarat,dahod,2026,1,8104,18293
gujarat,dahod,2026,2,8105,18617
gujarat,dangs,2018,1,8072,1
gujarat,dangs,2018,2,8073,1
gujarat,dangs,2018,3,8074,1
gujarat,dangs,2018,4,8075,1
gujarat,dangs,2019,1,8076,8
gujarat,dangs,2019,2,8077,26
gujarat,dangs,2019,3,8078,39
gujarat,dangs,2019,4,8079,58
gujarat,dangs,2020,1,8080,65
gujarat,dangs,2020,2,8081,71
gujarat,dangs,2020,3,8082,83
gujarat,dangs,2020,4,8083,221
gujarat,dangs,2021,1,8084,313
gujarat,dangs,2021,2,8085,354
gujarat,dangs,2021,3,8086,433
gujarat,dangs,2021,4,8087,598
gujarat,dangs,2022,1,8088,649
gujarat,dangs,2022,2,8089,689
gujarat,dangs,2022,3,8090,812
gujarat,dangs,2022,4,8091,900
gujarat,dangs,2023,1,8092,978
gujarat,dangs,2023,2,8093,1077
gujarat,dangs,2023,3,8094,1115
gujarat,dangs,2023,4,8095,1128
gujarat,dangs,2024,1,8096,1184
gujarat,dangs,2024,2,8097,1238
gujarat,dangs,2024,3,8098,1311
gujarat,dangs,2024,4,8099,1320
gujarat,dangs,2025,1,8100,1332
gujarat,dangs,2025,2,8101,1353
gujarat,dangs,2025,3,8102,1363
gujarat,dangs,2025,4,8103,1368
gujarat,dangs,2026,1,8104,1432
gujarat,dangs,2026,2,8105,1496
gujarat,devbhumi dwarka,2019,1,8076,28
gujarat,devbhumi dwarka,2019,2,8077,702
gujarat,devbhumi dwarka,2019,3,8078,948
gujarat,devbhumi dwarka,2019,4,8079,1118
gujarat,devbhumi dwarka,2020,1,8080,1237
gujarat,devbhumi dwarka,2020,2,8081,1279
gujarat,devbhumi dwarka,2020,3,8082,1359
gujarat,devbhumi dwarka,2020,4,8083,1771
gujarat,devbhumi dwarka,2021,1,8084,2656
gujarat,devbhumi dwarka,2021,2,8085,3359
gujarat,devbhumi dwarka,2021,3,8086,4481
gujarat,devbhumi dwarka,2021,4,8087,5140
gujarat,devbhumi dwarka,2022,1,8088,7336
gujarat,devbhumi dwarka,2022,2,8089,9025
gujarat,devbhumi dwarka,2022,3,8090,11165
gujarat,devbhumi dwarka,2022,4,8091,12869
gujarat,devbhumi dwarka,2023,1,8092,12228
gujarat,devbhumi dwarka,2023,2,8093,12492
gujarat,devbhumi dwarka,2023,3,8094,12543
gujarat,devbhumi dwarka,2023,4,8095,12018
gujarat,devbhumi dwarka,2024,1,8096,11751
gujarat,devbhumi dwarka,2024,2,8097,12136
gujarat,devbhumi dwarka,2024,3,8098,12320
gujarat,devbhumi dwarka,2024,4,8099,12439
gujarat,devbhumi dwarka,2025,1,8100,12479
gujarat,devbhumi dwarka,2025,2,8101,12543
gujarat,devbhumi dwarka,2025,3,8102,12569
gujarat,devbhumi dwarka,2025,4,8103,12625
gujarat,devbhumi dwarka,2026,1,8104,12644
gujarat,devbhumi dwarka,2026,2,8105,12813
gujarat,gandhinagar,2018,2,8073,6
gujarat,gandhinagar,2018,3,8074,8
gujarat,gandhinagar,2018,4,8075,46
gujarat,gandhinagar,2019,1,8076,2594
gujarat,gandhinagar,2019,2,8077,9760
gujarat,gandhinagar,2019,3,8078,15734
gujarat,gandhinagar,2019,4,8079,19414
gujarat,gandhinagar,2020,1,8080,23202
gujarat,gandhinagar,2020,2,8081,25332
gujarat,gandhinagar,2020,3,8082,31813
gujarat,gandhinagar,2020,4,8083,38500
gujarat,gandhinagar,2021,1,8084,44592
gujarat,gandhinagar,2021,2,8085,46779
gujarat,gandhinagar,2021,3,8086,50027
gujarat,gandhinagar,2021,4,8087,51878
gujarat,gandhinagar,2022,1,8088,55467
gujarat,gandhinagar,2022,2,8089,58622
gujarat,gandhinagar,2022,3,8090,60783
gujarat,gandhinagar,2022,4,8091,62551
gujarat,gandhinagar,2023,1,8092,61982
gujarat,gandhinagar,2023,2,8093,63141
gujarat,gandhinagar,2023,3,8094,64601
gujarat,gandhinagar,2023,4,8095,65967
gujarat,gandhinagar,2024,1,8096,68326
gujarat,gandhinagar,2024,2,8097,70411
gujarat,gandhinagar,2024,3,8098,72200
gujarat,gandhinagar,2024,4,8099,73886
gujarat,gandhinagar,2025,1,8100,75113
gujarat,gandhinagar,2025,2,8101,76461
gujarat,gandhinagar,2025,3,8102,77741
gujarat,gandhinagar,2025,4,8103,79248
gujarat,gandhinagar,2026,1,8104,80600
gujarat,gandhinagar,2026,2,8105,81825
gujarat,gir somnath,2018,4,8075,2
gujarat,gir somnath,2019,1,8076,86
gujarat,gir somnath,2019,2,8077,396
gujarat,gir somnath,2019,3,8078,1091
gujarat,gir somnath,2019,4,8079,1814
gujarat,gir somnath,2020,1,8080,2364
gujarat,gir somnath,2020,2,8081,2591
gujarat,gir somnath,2020,3,8082,3486
gujarat,gir somnath,2020,4,8083,6277
gujarat,gir somnath,2021,1,8084,8920
gujarat,gir somnath,2021,2,8085,10414
gujarat,gir somnath,2021,3,8086,11844
gujarat,gir somnath,2021,4,8087,13714
gujarat,gir somnath,2022,1,8088,17555
gujarat,gir somnath,2022,2,8089,20499
gujarat,gir somnath,2022,3,8090,22260
gujarat,gir somnath,2022,4,8091,23631
gujarat,gir somnath,2023,1,8092,23124
gujarat,gir somnath,2023,2,8093,23113
gujarat,gir somnath,2023,3,8094,23582
gujarat,gir somnath,2023,4,8095,24024
gujarat,gir somnath,2024,1,8096,24584
gujarat,gir somnath,2024,2,8097,25028
gujarat,gir somnath,2024,3,8098,25616
gujarat,gir somnath,2024,4,8099,26220
gujarat,gir somnath,2025,1,8100,26956
gujarat,gir somnath,2025,2,8101,27606
gujarat,gir somnath,2025,3,8102,28379
gujarat,gir somnath,2025,4,8103,28835
gujarat,gir somnath,2026,1,8104,29213
gujarat,gir somnath,2026,2,8105,29545
gujarat,jamnagar,2018,4,8075,1
gujarat,jamnagar,2019,1,8076,81
gujarat,jamnagar,2019,2,8077,1997
gujarat,jamnagar,2019,3,8078,5811
gujarat,jamnagar,2019,4,8079,8742
gujarat,jamnagar,2020,1,8080,10698
gujarat,jamnagar,2020,2,8081,11360
gujarat,jamnagar,2020,3,8082,13608
gujarat,jamnagar,2020,4,8083,15284
gujarat,jamnagar,2021,1,8084,16921
gujarat,jamnagar,2021,2,8085,17697
gujarat,jamnagar,2021,3,8086,18964
gujarat,jamnagar,2021,4,8087,18830
gujarat,jamnagar,2022,1,8088,20949
gujarat,jamnagar,2022,2,8089,22488
gujarat,jamnagar,2022,3,8090,23971
gujarat,jamnagar,2022,4,8091,25036
gujarat,jamnagar,2023,1,8092,24514
gujarat,jamnagar,2023,2,8093,24876
gujarat,jamnagar,2023,3,8094,25328
gujarat,jamnagar,2023,4,8095,25680
gujarat,jamnagar,2024,1,8096,26360
gujarat,jamnagar,2024,2,8097,27774
gujarat,jamnagar,2024,3,8098,28584
gujarat,jamnagar,2024,4,8099,29393
gujarat,jamnagar,2025,1,8100,30116
gujarat,jamnagar,2025,2,8101,30421
gujarat,jamnagar,2025,3,8102,30765
gujarat,jamnagar,2025,4,8103,31245
gujarat,jamnagar,2026,1,8104,31791
gujarat,jamnagar,2026,2,8105,32448
gujarat,junagadh,2019,1,8076,80
gujarat,junagadh,2019,2,8077,2001
gujarat,junagadh,2019,3,8078,4593
gujarat,junagadh,2019,4,8079,5870
gujarat,junagadh,2020,1,8080,7124
gujarat,junagadh,2020,2,8081,7797
gujarat,junagadh,2020,3,8082,9491
gujarat,junagadh,2020,4,8083,12025
gujarat,junagadh,2021,1,8084,13887
gujarat,junagadh,2021,2,8085,18202
gujarat,junagadh,2021,3,8086,21154
gujarat,junagadh,2021,4,8087,21482
gujarat,junagadh,2022,1,8088,24876
gujarat,junagadh,2022,2,8089,26837
gujarat,junagadh,2022,3,8090,27925
gujarat,junagadh,2022,4,8091,28404
gujarat,junagadh,2023,1,8092,26855
gujarat,junagadh,2023,2,8093,27002
gujarat,junagadh,2023,3,8094,27233
gujarat,junagadh,2023,4,8095,26722
gujarat,junagadh,2024,1,8096,27355
gujarat,junagadh,2024,2,8097,27961
gujarat,junagadh,2024,3,8098,29263
gujarat,junagadh,2024,4,8099,30582
gujarat,junagadh,2025,1,8100,31627
gujarat,junagadh,2025,2,8101,32558
gujarat,junagadh,2025,3,8102,33181
gujarat,junagadh,2025,4,8103,33772
gujarat,junagadh,2026,1,8104,34333
gujarat,junagadh,2026,2,8105,34942
gujarat,kachchh,2018,3,8074,2
gujarat,kachchh,2018,4,8075,24
gujarat,kachchh,2019,1,8076,214
gujarat,kachchh,2019,2,8077,532
gujarat,kachchh,2019,3,8078,886
gujarat,kachchh,2019,4,8079,2092
gujarat,kachchh,2020,1,8080,3986
gujarat,kachchh,2020,2,8081,4788
gujarat,kachchh,2020,3,8082,6871
gujarat,kachchh,2020,4,8083,10993
gujarat,kachchh,2021,1,8084,14908
gujarat,kachchh,2021,2,8085,17103
gujarat,kachchh,2021,3,8086,20576
gujarat,kachchh,2021,4,8087,25587
gujarat,kachchh,2022,1,8088,32312
gujarat,kachchh,2022,2,8089,37242
gujarat,kachchh,2022,3,8090,41085
gujarat,kachchh,2022,4,8091,44169
gujarat,kachchh,2023,1,8092,45130
gujarat,kachchh,2023,2,8093,46761
gujarat,kachchh,2023,3,8094,48322
gujarat,kachchh,2023,4,8095,48066
gujarat,kachchh,2024,1,8096,49163
gujarat,kachchh,2024,2,8097,50785
gujarat,kachchh,2024,3,8098,52219
gujarat,kachchh,2024,4,8099,53473
gujarat,kachchh,2025,1,8100,54469
gujarat,kachchh,2025,2,8101,55436
gujarat,kachchh,2025,3,8102,56670
gujarat,kachchh,2025,4,8103,57980
gujarat,kachchh,2026,1,8104,59063
gujarat,kachchh,2026,2,8105,60486
gujarat,kheda,2018,4,8075,9
gujarat,kheda,2019,1,8076,374
gujarat,kheda,2019,2,8077,3435
gujarat,kheda,2019,3,8078,7343
gujarat,kheda,2019,4,8079,8491
gujarat,kheda,2020,1,8080,9857
gujarat,kheda,2020,2,8081,10468
gujarat,kheda,2020,3,8082,11751
gujarat,kheda,2020,4,8083,15069
gujarat,kheda,2021,1,8084,18103
gujarat,kheda,2021,2,8085,19619
gujarat,kheda,2021,3,8086,21923
gujarat,kheda,2021,4,8087,23643
gujarat,kheda,2022,1,8088,27929
gujarat,kheda,2022,2,8089,29631
gujarat,kheda,2022,3,8090,31733
gujarat,kheda,2022,4,8091,33546
gujarat,kheda,2023,1,8092,32897
gujarat,kheda,2023,2,8093,33673
gujarat,kheda,2023,3,8094,34598
gujarat,kheda,2023,4,8095,35827
gujarat,kheda,2024,1,8096,37197
gujarat,kheda,2024,2,8097,38290
gujarat,kheda,2024,3,8098,39594
gujarat,kheda,2024,4,8099,40723
gujarat,kheda,2025,1,8100,41364
gujarat,kheda,2025,2,8101,41921
gujarat,kheda,2025,3,8102,42555
gujarat,kheda,2025,4,8103,44068
gujarat,kheda,2026,1,8104,44925
gujarat,kheda,2026,2,8105,45638
gujarat,mahesana,2018,2,8073,2
gujarat,mahesana,2018,3,8074,3
gujarat,mahesana,2018,4,8075,15
gujarat,mahesana,2019,1,8076,374
gujarat,mahesana,2019,2,8077,3670
gujarat,mahesana,2019,3,8078,7954
gujarat,mahesana,2019,4,8079,10080
gujarat,mahesana,2020,1,8080,11573
gujarat,mahesana,2020,2,8081,12316
gujarat,mahesana,2020,3,8082,14958
gujarat,mahesana,2020,4,8083,20082
gujarat,mahesana,2021,1,8084,24988
gujarat,mahesana,2021,2,8085,28503
gujarat,mahesana,2021,3,8086,31094
gujarat,mahesana,2021,4,8087,29130
gujarat,mahesana,2022,1,8088,32869
gujarat,mahesana,2022,2,8089,34650
gujarat,mahesana,2022,3,8090,36563
gujarat,mahesana,2022,4,8091,38392
gujarat,mahesana,2023,1,8092,38622
gujarat,mahesana,2023,2,8093,39607
gujarat,mahesana,2023,3,8094,41687
gujarat,mahesana,2023,4,8095,43365
gujarat,mahesana,2024,1,8096,45403
gujarat,mahesana,2024,2,8097,47192
gujarat,mahesana,2024,3,8098,49110
gujarat,mahesana,2024,4,8099,50989
gujarat,mahesana,2025,1,8100,52058
gujarat,mahesana,2025,2,8101,52880
gujarat,mahesana,2025,3,8102,53769
gujarat,mahesana,2025,4,8103,55267
gujarat,mahesana,2026,1,8104,56032
gujarat,mahesana,2026,2,8105,56740
gujarat,mahisagar,2018,4,8075,2
gujarat,mahisagar,2019,1,8076,46
gujarat,mahisagar,2019,2,8077,233
gujarat,mahisagar,2019,3,8078,452
gujarat,mahisagar,2019,4,8079,580
gujarat,mahisagar,2020,1,8080,716
gujarat,mahisagar,2020,2,8081,784
gujarat,mahisagar,2020,3,8082,829
gujarat,mahisagar,2020,4,8083,1439
gujarat,mahisagar,2021,1,8084,2324
gujarat,mahisagar,2021,2,8085,2812
gujarat,mahisagar,2021,3,8086,3859
gujarat,mahisagar,2021,4,8087,4971
gujarat,mahisagar,2022,1,8088,6197
gujarat,mahisagar,2022,2,8089,7338
gujarat,mahisagar,2022,3,8090,7537
gujarat,mahisagar,2022,4,8091,7955
gujarat,mahisagar,2023,1,8092,8079
gujarat,mahisagar,2023,2,8093,8089
gujarat,mahisagar,2023,3,8094,8200
gujarat,mahisagar,2023,4,8095,8345
gujarat,mahisagar,2024,1,8096,8631
gujarat,mahisagar,2024,2,8097,8809
gujarat,mahisagar,2024,3,8098,8989
gujarat,mahisagar,2024,4,8099,9202
gujarat,mahisagar,2025,1,8100,9265
gujarat,mahisagar,2025,2,8101,9344
gujarat,mahisagar,2025,3,8102,9471
gujarat,mahisagar,2025,4,8103,9618
gujarat,mahisagar,2026,1,8104,9733
gujarat,mahisagar,2026,2,8105,9790
gujarat,morbi,2018,3,8074,1
gujarat,morbi,2018,4,8075,2
gujarat,morbi,2019,1,8076,56
gujarat,morbi,2019,2,8077,297
gujarat,morbi,2019,3,8078,496
gujarat,morbi,2019,4,8079,909
gujarat,morbi,2020,1,8080,1200
gujarat,morbi,2020,2,8081,1365
gujarat,morbi,2020,3,8082,1998
gujarat,morbi,2020,4,8083,3438
gujarat,morbi,2021,1,8084,4642
gujarat,morbi,2021,2,8085,5026
gujarat,morbi,2021,3,8086,5562
gujarat,morbi,2021,4,8087,5962
gujarat,morbi,2022,1,8088,6624
gujarat,morbi,2022,2,8089,7301
gujarat,morbi,2022,3,8090,7819
gujarat,morbi,2022,4,8091,8162
gujarat,morbi,2023,1,8092,7738
gujarat,morbi,2023,2,8093,7783
gujarat,morbi,2023,3,8094,7898
gujarat,morbi,2023,4,8095,8512
gujarat,morbi,2024,1,8096,9587
gujarat,morbi,2024,2,8097,10876
gujarat,morbi,2024,3,8098,11910
gujarat,morbi,2024,4,8099,12896
gujarat,morbi,2025,1,8100,14068
gujarat,morbi,2025,2,8101,15108
gujarat,morbi,2025,3,8102,16050
gujarat,morbi,2025,4,8103,17032
gujarat,morbi,2026,1,8104,17456
gujarat,morbi,2026,2,8105,18032
gujarat,narmada,2018,3,8074,1
gujarat,narmada,2018,4,8075,2
gujarat,narmada,2019,1,8076,11
gujarat,narmada,2019,2,8077,40
gujarat,narmada,2019,3,8078,260
gujarat,narmada,2019,4,8079,589
gujarat,narmada,2020,1,8080,717
gujarat,narmada,2020,2,8081,830
gujarat,narmada,2020,3,8082,1008
gujarat,narmada,2020,4,8083,1392
gujarat,narmada,2021,1,8084,1676
gujarat,narmada,2021,2,8085,1802
gujarat,narmada,2021,3,8086,2089
gujarat,narmada,2021,4,8087,2301
gujarat,narmada,2022,1,8088,2601
gujarat,narmada,2022,2,8089,2846
gujarat,narmada,2022,3,8090,2979
gujarat,narmada,2022,4,8091,3036
gujarat,narmada,2023,1,8092,3087
gujarat,narmada,2023,2,8093,3144
gujarat,narmada,2023,3,8094,3195
gujarat,narmada,2023,4,8095,3269
gujarat,narmada,2024,1,8096,3388
gujarat,narmada,2024,2,8097,3486
gujarat,narmada,2024,3,8098,3577
gujarat,narmada,2024,4,8099,3671
gujarat,narmada,2025,1,8100,3704
gujarat,narmada,2025,2,8101,3712
gujarat,narmada,2025,3,8102,3722
gujarat,narmada,2025,4,8103,3746
gujarat,narmada,2026,1,8104,3772
gujarat,narmada,2026,2,8105,3827
gujarat,navsari,2018,2,8073,1
gujarat,navsari,2018,3,8074,28
gujarat,navsari,2018,4,8075,29
gujarat,navsari,2019,1,8076,305
gujarat,navsari,2019,2,8077,1557
gujarat,navsari,2019,3,8078,3062
gujarat,navsari,2019,4,8079,4180
gujarat,navsari,2020,1,8080,5339
gujarat,navsari,2020,2,8081,6025
gujarat,navsari,2020,3,8082,7833
gujarat,navsari,2020,4,8083,9115
gujarat,navsari,2021,1,8084,10251
gujarat,navsari,2021,2,8085,10802
gujarat,navsari,2021,3,8086,11763
gujarat,navsari,2021,4,8087,12112
gujarat,navsari,2022,1,8088,12860
gujarat,navsari,2022,2,8089,13488
gujarat,navsari,2022,3,8090,14032
gujarat,navsari,2022,4,8091,14386
gujarat,navsari,2023,1,8092,14265
gujarat,navsari,2023,2,8093,14858
gujarat,navsari,2023,3,8094,15314
gujarat,navsari,2023,4,8095,15760
gujarat,navsari,2024,1,8096,16280
gujarat,navsari,2024,2,8097,16854
gujarat,navsari,2024,3,8098,17413
gujarat,navsari,2024,4,8099,17778
gujarat,navsari,2025,1,8100,17986
gujarat,navsari,2025,2,8101,18141
gujarat,navsari,2025,3,8102,18337
gujarat,navsari,2025,4,8103,18607
gujarat,navsari,2026,1,8104,18932
gujarat,navsari,2026,2,8105,19373
gujarat,panchmahals,2018,1,8072,4
gujarat,panchmahals,2018,2,8073,4
gujarat,panchmahals,2018,3,8074,2
gujarat,panchmahals,2018,4,8075,11
gujarat,panchmahals,2019,1,8076,175
gujarat,panchmahals,2019,2,8077,585
gujarat,panchmahals,2019,3,8078,1421
gujarat,panchmahals,2019,4,8079,2205
gujarat,panchmahals,2020,1,8080,2862
gujarat,panchmahals,2020,2,8081,3182
gujarat,panchmahals,2020,3,8082,3998
gujarat,panchmahals,2020,4,8083,5313
gujarat,panchmahals,2021,1,8084,7222
gujarat,panchmahals,2021,2,8085,8244
gujarat,panchmahals,2021,3,8086,9581
gujarat,panchmahals,2021,4,8087,12449
gujarat,panchmahals,2022,1,8088,14769
gujarat,panchmahals,2022,2,8089,15823
gujarat,panchmahals,2022,3,8090,17024
gujarat,panchmahals,2022,4,8091,18513
gujarat,panchmahals,2023,1,8092,18578
gujarat,panchmahals,2023,2,8093,18785
gujarat,panchmahals,2023,3,8094,19079
gujarat,panchmahals,2023,4,8095,19448
gujarat,panchmahals,2024,1,8096,20091
gujarat,panchmahals,2024,2,8097,20690
gujarat,panchmahals,2024,3,8098,21369
gujarat,panchmahals,2024,4,8099,22050
gujarat,panchmahals,2025,1,8100,22645
gujarat,panchmahals,2025,2,8101,23429
gujarat,panchmahals,2025,3,8102,24270
gujarat,panchmahals,2025,4,8103,25162
gujarat,panchmahals,2026,1,8104,25880
gujarat,panchmahals,2026,2,8105,26426
gujarat,patan,2018,4,8075,7
gujarat,patan,2019,1,8076,256
gujarat,patan,2019,2,8077,2539
gujarat,patan,2019,3,8078,5034
gujarat,patan,2019,4,8079,6148
gujarat,patan,2020,1,8080,7173
gujarat,patan,2020,2,8081,7913
gujarat,patan,2020,3,8082,9420
gujarat,patan,2020,4,8083,12330
gujarat,patan,2021,1,8084,14558
gujarat,patan,2021,2,8085,15679
gujarat,patan,2021,3,8086,17340
gujarat,patan,2021,4,8087,18972
gujarat,patan,2022,1,8088,21408
gujarat,patan,2022,2,8089,22658
gujarat,patan,2022,3,8090,23853
gujarat,patan,2022,4,8091,24965
gujarat,patan,2023,1,8092,25222
gujarat,patan,2023,2,8093,25818
gujarat,patan,2023,3,8094,26485
gujarat,patan,2023,4,8095,27160
gujarat,patan,2024,1,8096,29236
gujarat,patan,2024,2,8097,31254
gujarat,patan,2024,3,8098,33197
gujarat,patan,2024,4,8099,35264
gujarat,patan,2025,1,8100,36789
gujarat,patan,2025,2,8101,38328
gujarat,patan,2025,3,8102,39936
gujarat,patan,2025,4,8103,41610
gujarat,patan,2026,1,8104,42375
gujarat,patan,2026,2,8105,43133
gujarat,porbandar,2019,1,8076,29
gujarat,porbandar,2019,2,8077,151
gujarat,porbandar,2019,3,8078,593
gujarat,porbandar,2019,4,8079,795
gujarat,porbandar,2020,1,8080,1045
gujarat,porbandar,2020,2,8081,1181
gujarat,porbandar,2020,3,8082,1569
gujarat,porbandar,2020,4,8083,2233
gujarat,porbandar,2021,1,8084,2658
gujarat,porbandar,2021,2,8085,2907
gujarat,porbandar,2021,3,8086,3129
gujarat,porbandar,2021,4,8087,3462
gujarat,porbandar,2022,1,8088,4061
gujarat,porbandar,2022,2,8089,4721
gujarat,porbandar,2022,3,8090,4895
gujarat,porbandar,2022,4,8091,5071
gujarat,porbandar,2023,1,8092,4899
gujarat,porbandar,2023,2,8093,4891
gujarat,porbandar,2023,3,8094,4896
gujarat,porbandar,2023,4,8095,5137
gujarat,porbandar,2024,1,8096,5706
gujarat,porbandar,2024,2,8097,6356
gujarat,porbandar,2024,3,8098,6908
gujarat,porbandar,2024,4,8099,7499
gujarat,porbandar,2025,1,8100,8055
gujarat,porbandar,2025,2,8101,8506
gujarat,porbandar,2025,3,8102,8916
gujarat,porbandar,2025,4,8103,9454
gujarat,porbandar,2026,1,8104,9732
gujarat,porbandar,2026,2,8105,10103
gujarat,rajkot,2018,4,8075,20
gujarat,rajkot,2019,1,8076,418
gujarat,rajkot,2019,2,8077,5224
gujarat,rajkot,2019,3,8078,18610
gujarat,rajkot,2019,4,8079,27067
gujarat,rajkot,2020,1,8080,33581
gujarat,rajkot,2020,2,8081,36142
gujarat,rajkot,2020,3,8082,45616
gujarat,rajkot,2020,4,8083,55767
gujarat,rajkot,2021,1,8084,65010
gujarat,rajkot,2021,2,8085,70098
gujarat,rajkot,2021,3,8086,76435
gujarat,rajkot,2021,4,8087,81875
gujarat,rajkot,2022,1,8088,88520
gujarat,rajkot,2022,2,8089,94158
gujarat,rajkot,2022,3,8090,98739
gujarat,rajkot,2022,4,8091,101431
gujarat,rajkot,2023,1,8092,94973
gujarat,rajkot,2023,2,8093,95966
gujarat,rajkot,2023,3,8094,96952
gujarat,rajkot,2023,4,8095,97713
gujarat,rajkot,2024,1,8096,99637
gujarat,rajkot,2024,2,8097,101810
gujarat,rajkot,2024,3,8098,103675
gujarat,rajkot,2024,4,8099,105601
gujarat,rajkot,2025,1,8100,107207
gujarat,rajkot,2025,2,8101,108859
gujarat,rajkot,2025,3,8102,110439
gujarat,rajkot,2025,4,8103,112131
gujarat,rajkot,2026,1,8104,113669
gujarat,rajkot,2026,2,8105,115528
gujarat,sabarkantha,2018,1,8072,2
gujarat,sabarkantha,2018,2,8073,2
gujarat,sabarkantha,2018,3,8074,1
gujarat,sabarkantha,2018,4,8075,10
gujarat,sabarkantha,2019,1,8076,266
gujarat,sabarkantha,2019,2,8077,1289
gujarat,sabarkantha,2019,3,8078,3857
gujarat,sabarkantha,2019,4,8079,5356
gujarat,sabarkantha,2020,1,8080,6345
gujarat,sabarkantha,2020,2,8081,6855
gujarat,sabarkantha,2020,3,8082,8345
gujarat,sabarkantha,2020,4,8083,10951
gujarat,sabarkantha,2021,1,8084,13386
gujarat,sabarkantha,2021,2,8085,15147
gujarat,sabarkantha,2021,3,8086,16817
gujarat,sabarkantha,2021,4,8087,18495
gujarat,sabarkantha,2022,1,8088,21628
gujarat,sabarkantha,2022,2,8089,22953
gujarat,sabarkantha,2022,3,8090,23491
gujarat,sabarkantha,2022,4,8091,23864
gujarat,sabarkantha,2023,1,8092,23516
gujarat,sabarkantha,2023,2,8093,23849
gujarat,sabarkantha,2023,3,8094,24632
gujarat,sabarkantha,2023,4,8095,25569
gujarat,sabarkantha,2024,1,8096,26513
gujarat,sabarkantha,2024,2,8097,27281
gujarat,sabarkantha,2024,3,8098,28141
gujarat,sabarkantha,2024,4,8099,28746
gujarat,sabarkantha,2025,1,8100,29220
gujarat,sabarkantha,2025,2,8101,29816
gujarat,sabarkantha,2025,3,8102,30363
gujarat,sabarkantha,2025,4,8103,30923
gujarat,sabarkantha,2026,1,8104,31459
gujarat,sabarkantha,2026,2,8105,31827
gujarat,surat,2018,1,8072,3
gujarat,surat,2018,2,8073,5
gujarat,surat,2018,3,8074,32
gujarat,surat,2018,4,8075,186
gujarat,surat,2019,1,8076,16959
gujarat,surat,2019,2,8077,62389
gujarat,surat,2019,3,8078,94184
gujarat,surat,2019,4,8079,114874
gujarat,surat,2020,1,8080,132543
gujarat,surat,2020,2,8081,141617
gujarat,surat,2020,3,8082,165766
gujarat,surat,2020,4,8083,190000
gujarat,surat,2021,1,8084,212290
gujarat,surat,2021,2,8085,226454
gujarat,surat,2021,3,8086,241587
gujarat,surat,2021,4,8087,251676
gujarat,surat,2022,1,8088,272139
gujarat,surat,2022,2,8089,287168
gujarat,surat,2022,3,8090,297050
gujarat,surat,2022,4,8091,304940
gujarat,surat,2023,1,8092,295474
gujarat,surat,2023,2,8093,299436
gujarat,surat,2023,3,8094,304486
gujarat,surat,2023,4,8095,310659
gujarat,surat,2024,1,8096,322859
gujarat,surat,2024,2,8097,333198
gujarat,surat,2024,3,8098,343858
gujarat,surat,2024,4,8099,353677
gujarat,surat,2025,1,8100,362798
gujarat,surat,2025,2,8101,370207
gujarat,surat,2025,3,8102,376879
gujarat,surat,2025,4,8103,383862
gujarat,surat,2026,1,8104,390252
gujarat,surat,2026,2,8105,396519
gujarat,surendranagar,2018,3,8074,1
gujarat,surendranagar,2018,4,8075,3
gujarat,surendranagar,2019,1,8076,109
gujarat,surendranagar,2019,2,8077,531
gujarat,surendranagar,2019,3,8078,1701
gujarat,surendranagar,2019,4,8079,2258
gujarat,surendranagar,2020,1,8080,2814
gujarat,surendranagar,2020,2,8081,2984
gujarat,surendranagar,2020,3,8082,3672
gujarat,surendranagar,2020,4,8083,5485
gujarat,surendranagar,2021,1,8084,7784
gujarat,surendranagar,2021,2,8085,9068
gujarat,surendranagar,2021,3,8086,10382
gujarat,surendranagar,2021,4,8087,10295
gujarat,surendranagar,2022,1,8088,11121
gujarat,surendranagar,2022,2,8089,11973
gujarat,surendranagar,2022,3,8090,12860
gujarat,surendranagar,2022,4,8091,13701
gujarat,surendranagar,2023,1,8092,12598
gujarat,surendranagar,2023,2,8093,12699
gujarat,surendranagar,2023,3,8094,12964
gujarat,surendranagar,2023,4,8095,13577
gujarat,surendranagar,2024,1,8096,14662
gujarat,surendranagar,2024,2,8097,15403
gujarat,surendranagar,2024,3,8098,16275
gujarat,surendranagar,2024,4,8099,16831
gujarat,surendranagar,2025,1,8100,17183
gujarat,surendranagar,2025,2,8101,17796
gujarat,surendranagar,2025,3,8102,18432
gujarat,surendranagar,2025,4,8103,19268
gujarat,surendranagar,2026,1,8104,20010
gujarat,surendranagar,2026,2,8105,20845
gujarat,tapi,2018,2,8073,1
gujarat,tapi,2018,3,8074,1
gujarat,tapi,2018,4,8075,3
gujarat,tapi,2019,1,8076,22
gujarat,tapi,2019,2,8077,70
gujarat,tapi,2019,3,8078,605
gujarat,tapi,2019,4,8079,758
gujarat,tapi,2020,1,8080,891
gujarat,tapi,2020,2,8081,915
gujarat,tapi,2020,3,8082,993
gujarat,tapi,2020,4,8083,1399
gujarat,tapi,2021,1,8084,2092
gujarat,tapi,2021,2,8085,2386
gujarat,tapi,2021,3,8086,2898
gujarat,tapi,2021,4,8087,3983
gujarat,tapi,2022,1,8088,4929
gujarat,tapi,2022,2,8089,5420
gujarat,tapi,2022,3,8090,5721
gujarat,tapi,2022,4,8091,6232
gujarat,tapi,2023,1,8092,6614
gujarat,tapi,2023,2,8093,6812
gujarat,tapi,2023,3,8094,7124
gujarat,tapi,2023,4,8095,7441
gujarat,tapi,2024,1,8096,7798
gujarat,tapi,2024,2,8097,8054
gujarat,tapi,2024,3,8098,8322
gujarat,tapi,2024,4,8099,8605
gujarat,tapi,2025,1,8100,8815
gujarat,tapi,2025,2,8101,8967
gujarat,tapi,2025,3,8102,9099
gujarat,tapi,2025,4,8103,9319
gujarat,tapi,2026,1,8104,9435
gujarat,tapi,2026,2,8105,9584
gujarat,vadodara,2018,1,8072,4
gujarat,vadodara,2018,2,8073,8
gujarat,vadodara,2018,3,8074,33
gujarat,vadodara,2018,4,8075,70
gujarat,vadodara,2019,1,8076,666
gujarat,vadodara,2019,2,8077,13467
gujarat,vadodara,2019,3,8078,30784
gujarat,vadodara,2019,4,8079,40165
gujarat,vadodara,2020,1,8080,48876
gujarat,vadodara,2020,2,8081,52827
gujarat,vadodara,2020,3,8082,63556
gujarat,vadodara,2020,4,8083,73186
gujarat,vadodara,2021,1,8084,82145
gujarat,vadodara,2021,2,8085,87632
gujarat,vadodara,2021,3,8086,95145
gujarat,vadodara,2021,4,8087,102555
gujarat,vadodara,2022,1,8088,109750
gujarat,vadodara,2022,2,8089,115877
gujarat,vadodara,2022,3,8090,119963
gujarat,vadodara,2022,4,8091,122022
gujarat,vadodara,2023,1,8092,119161
gujarat,vadodara,2023,2,8093,119807
gujarat,vadodara,2023,3,8094,121346
gujarat,vadodara,2023,4,8095,124516
gujarat,vadodara,2024,1,8096,128721
gujarat,vadodara,2024,2,8097,131966
gujarat,vadodara,2024,3,8098,134417
gujarat,vadodara,2024,4,8099,136722
gujarat,vadodara,2025,1,8100,138980
gujarat,vadodara,2025,2,8101,141174
gujarat,vadodara,2025,3,8102,143039
gujarat,vadodara,2025,4,8103,145213
gujarat,vadodara,2026,1,8104,147486
gujarat,vadodara,2026,2,8105,149674
gujarat,valsad,2018,1,8072,1
gujarat,valsad,2018,2,8073,5
gujarat,valsad,2018,3,8074,14
gujarat,valsad,2018,4,8075,67
gujarat,valsad,2019,1,8076,701
gujarat,valsad,2019,2,8077,2277
gujarat,valsad,2019,3,8078,4105
gujarat,valsad,2019,4,8079,5920
gujarat,valsad,2020,1,8080,7859
gujarat,valsad,2020,2,8081,9175
gujarat,valsad,2020,3,8082,12162
gujarat,valsad,2020,4,8083,15342
gujarat,valsad,2021,1,8084,18337
gujarat,valsad,2021,2,8085,19578
gujarat,valsad,2021,3,8086,21873
gujarat,valsad,2021,4,8087,24239
gujarat,valsad,2022,1,8088,26570
gujarat,valsad,2022,2,8089,28435
gujarat,valsad,2022,3,8090,29809
gujarat,valsad,2022,4,8091,30943
gujarat,valsad,2023,1,8092,29864
gujarat,valsad,2023,2,8093,30385
gujarat,valsad,2023,3,8094,32028
gujarat,valsad,2023,4,8095,34001
gujarat,valsad,2024,1,8096,36380
gujarat,valsad,2024,2,8097,38691
gujarat,valsad,2024,3,8098,40903
gujarat,valsad,2024,4,8099,42850
gujarat,valsad,2025,1,8100,44403
gujarat,valsad,2025,2,8101,45647
gujarat,valsad,2025,3,8102,47252
gujarat,valsad,2025,4,8103,49092
gujarat,valsad,2026,1,8104,50852
gujarat,valsad,2026,2,8105,52222
gujarat,vav tharad,2018,3,8074,2
gujarat,vav tharad,2018,4,8075,4
gujarat,vav tharad,2019,1,8076,138
gujarat,vav tharad,2019,2,8077,512
gujarat,vav tharad,2019,3,8078,804
gujarat,vav tharad,2019,4,8079,1006
gujarat,vav tharad,2020,1,8080,1270
gujarat,vav tharad,2020,2,8081,1487
gujarat,vav tharad,2020,3,8082,1760
gujarat,vav tharad,2020,4,8083,3909
gujarat,vav tharad,2021,1,8084,6752
gujarat,vav tharad,2021,2,8085,8481
gujarat,vav tharad,2021,3,8086,10521
gujarat,vav tharad,2021,4,8087,12589
gujarat,vav tharad,2022,1,8088,15397
gujarat,vav tharad,2022,2,8089,17181
gujarat,vav tharad,2022,3,8090,18847
gujarat,vav tharad,2022,4,8091,19809
gujarat,vav tharad,2023,1,8092,20138
gujarat,vav tharad,2023,2,8093,20658
gujarat,vav tharad,2023,3,8094,21195
gujarat,vav tharad,2023,4,8095,22318
gujarat,vav tharad,2024,1,8096,23809
gujarat,vav tharad,2024,2,8097,25861
gujarat,vav tharad,2024,3,8098,28134
gujarat,vav tharad,2024,4,8099,30283
gujarat,vav tharad,2025,1,8100,32230
gujarat,vav tharad,2025,2,8101,33696
gujarat,vav tharad,2025,3,8102,35236
gujarat,vav tharad,2025,4,8103,37002
gujarat,vav tharad,2026,1,8104,38177
gujarat,vav tharad,2026,2,8105,39215
haryana,ambala,2018,1,8072,2
haryana,ambala,2018,2,8073,2
haryana,ambala,2018,3,8074,1
haryana,ambala,2018,4,8075,4
haryana,ambala,2019,1,8076,1250
haryana,ambala,2019,2,8077,4290
haryana,ambala,2019,3,8078,5886
haryana,ambala,2019,4,8079,7294
haryana,ambala,2020,1,8080,8180
haryana,ambala,2020,2,8081,8736
haryana,ambala,2020,3,8082,10483
haryana,ambala,2020,4,8083,12578
haryana,ambala,2021,1,8084,15011
haryana,ambala,2021,2,8085,17605
haryana,ambala,2021,3,8086,20101
haryana,ambala,2021,4,8087,23283
haryana,ambala,2022,1,8088,26168
haryana,ambala,2022,2,8089,28835
haryana,ambala,2022,3,8090,31054
haryana,ambala,2022,4,8091,33612
haryana,ambala,2023,1,8092,34419
haryana,ambala,2023,2,8093,35649
haryana,ambala,2023,3,8094,37224
haryana,ambala,2023,4,8095,38519
haryana,ambala,2024,1,8096,39324
haryana,ambala,2024,2,8097,40663
haryana,ambala,2024,3,8098,42163
haryana,ambala,2024,4,8099,43825
haryana,ambala,2025,1,8100,45083
haryana,ambala,2025,2,8101,46420
haryana,ambala,2025,3,8102,47845
haryana,ambala,2025,4,8103,49038
haryana,ambala,2026,1,8104,49552
haryana,ambala,2026,2,8105,50067
haryana,bhiwani,2018,3,8074,2
haryana,bhiwani,2018,4,8075,10
haryana,bhiwani,2019,1,8076,184
haryana,bhiwani,2019,2,8077,1211
haryana,bhiwani,2019,3,8078,1712
haryana,bhiwani,2019,4,8079,2409
haryana,bhiwani,2020,1,8080,2968
haryana,bhiwani,2020,2,8081,3184
haryana,bhiwani,2020,3,8082,4854
haryana,bhiwani,2020,4,8083,8183
haryana,bhiwani,2021,1,8084,11059
haryana,bhiwani,2021,2,8085,13130
haryana,bhiwani,2021,3,8086,15458
haryana,bhiwani,2021,4,8087,17286
haryana,bhiwani,2022,1,8088,19879
haryana,bhiwani,2022,2,8089,21741
haryana,bhiwani,2022,3,8090,23933
haryana,bhiwani,2022,4,8091,26275
haryana,bhiwani,2023,1,8092,26926
haryana,bhiwani,2023,2,8093,27492
haryana,bhiwani,2023,3,8094,28318
haryana,bhiwani,2023,4,8095,29004
haryana,bhiwani,2024,1,8096,29809
haryana,bhiwani,2024,2,8097,31257
haryana,bhiwani,2024,3,8098,32550
haryana,bhiwani,2024,4,8099,34170
haryana,bhiwani,2025,1,8100,35135
haryana,bhiwani,2025,2,8101,35764
haryana,bhiwani,2025,3,8102,36338
haryana,bhiwani,2025,4,8103,37269
haryana,bhiwani,2026,1,8104,38078
haryana,bhiwani,2026,2,8105,39027
haryana,charkhi dadri,2018,3,8074,2
haryana,charkhi dadri,2018,4,8075,4
haryana,charkhi dadri,2019,1,8076,85
haryana,charkhi dadri,2019,2,8077,829
haryana,charkhi dadri,2019,3,8078,1427
haryana,charkhi dadri,2019,4,8079,1828
haryana,charkhi dadri,2020,1,8080,2017
haryana,charkhi dadri,2020,2,8081,2179
haryana,charkhi dadri,2020,3,8082,2679
haryana,charkhi dadri,2020,4,8083,3981
haryana,charkhi dadri,2021,1,8084,4876
haryana,charkhi dadri,2021,2,8085,5531
haryana,charkhi dadri,2021,3,8086,6289
haryana,charkhi dadri,2021,4,8087,6460
haryana,charkhi dadri,2022,1,8088,7375
haryana,charkhi dadri,2022,2,8089,8080
haryana,charkhi dadri,2022,3,8090,8891
haryana,charkhi dadri,2022,4,8091,9288
haryana,charkhi dadri,2023,1,8092,8896
haryana,charkhi dadri,2023,2,8093,9028
haryana,charkhi dadri,2023,3,8094,9279
haryana,charkhi dadri,2023,4,8095,9487
haryana,charkhi dadri,2024,1,8096,9594
haryana,charkhi dadri,2024,2,8097,10102
haryana,charkhi dadri,2024,3,8098,10686
haryana,charkhi dadri,2024,4,8099,11082
haryana,charkhi dadri,2025,1,8100,11443
haryana,charkhi dadri,2025,2,8101,11781
haryana,charkhi dadri,2025,3,8102,11957
haryana,charkhi dadri,2025,4,8103,12200
haryana,charkhi dadri,2026,1,8104,12381
haryana,charkhi dadri,2026,2,8105,12773
haryana,faridabad,2018,2,8073,60
haryana,faridabad,2018,3,8074,2460
haryana,faridabad,2018,4,8075,17670
haryana,faridabad,2019,1,8076,51198
haryana,faridabad,2019,2,8077,69588
haryana,faridabad,2019,3,8078,90403
haryana,faridabad,2019,4,8079,105503
haryana,faridabad,2020,1,8080,122926
haryana,faridabad,2020,2,8081,131499
haryana,faridabad,2020,3,8082,157465
haryana,faridabad,2020,4,8083,177065
haryana,faridabad,2021,1,8084,194089
haryana,faridabad,2021,2,8085,201873
haryana,faridabad,2021,3,8086,212671
haryana,faridabad,2021,4,8087,218334
haryana,faridabad,2022,1,8088,232253
haryana,faridabad,2022,2,8089,241584
haryana,faridabad,2022,3,8090,246906
haryana,faridabad,2022,4,8091,252486
haryana,faridabad,2023,1,8092,235077
haryana,faridabad,2023,2,8093,236878
haryana,faridabad,2023,3,8094,240916
haryana,faridabad,2023,4,8095,245539
haryana,faridabad,2024,1,8096,250878
haryana,faridabad,2024,2,8097,256586
haryana,faridabad,2024,3,8098,260967
haryana,faridabad,2024,4,8099,266039
haryana,faridabad,2025,1,8100,270841
haryana,faridabad,2025,2,8101,275580
haryana,faridabad,2025,3,8102,280533
haryana,faridabad,2025,4,8103,287474
haryana,faridabad,2026,1,8104,291865
haryana,faridabad,2026,2,8105,296168
haryana,fatehabad,2018,4,8075,7
haryana,fatehabad,2019,1,8076,168
haryana,fatehabad,2019,2,8077,567
haryana,fatehabad,2019,3,8078,1461
haryana,fatehabad,2019,4,8079,2561
haryana,fatehabad,2020,1,8080,3242
haryana,fatehabad,2020,2,8081,3652
haryana,fatehabad,2020,3,8082,4608
haryana,fatehabad,2020,4,8083,6907
haryana,fatehabad,2021,1,8084,8547
haryana,fatehabad,2021,2,8085,10326
haryana,fatehabad,2021,3,8086,12103
haryana,fatehabad,2021,4,8087,13211
haryana,fatehabad,2022,1,8088,15802
haryana,fatehabad,2022,2,8089,18306
haryana,fatehabad,2022,3,8090,20110
haryana,fatehabad,2022,4,8091,22064
haryana,fatehabad,2023,1,8092,22728
haryana,fatehabad,2023,2,8093,24188
haryana,fatehabad,2023,3,8094,25257
haryana,fatehabad,2023,4,8095,25839
haryana,fatehabad,2024,1,8096,26451
haryana,fatehabad,2024,2,8097,27606
haryana,fatehabad,2024,3,8098,28661
haryana,fatehabad,2024,4,8099,29662
haryana,fatehabad,2025,1,8100,30653
haryana,fatehabad,2025,2,8101,31627
haryana,fatehabad,2025,3,8102,32505
haryana,fatehabad,2025,4,8103,33241
haryana,fatehabad,2026,1,8104,33886
haryana,fatehabad,2026,2,8105,34883
haryana,gurugram,2018,1,8072,2
haryana,gurugram,2018,2,8073,98
haryana,gurugram,2018,3,8074,1386
haryana,gurugram,2018,4,8075,10094
haryana,gurugram,2019,1,8076,41564
haryana,gurugram,2019,2,8077,54597
haryana,gurugram,2019,3,8078,69656
haryana,gurugram,2019,4,8079,83259
haryana,gurugram,2020,1,8080,99485
haryana,gurugram,2020,2,8081,106473
haryana,gurugram,2020,3,8082,130518
haryana,gurugram,2020,4,8083,154145
haryana,gurugram,2021,1,8084,172259
haryana,gurugram,2021,2,8085,180611
haryana,gurugram,2021,3,8086,194419
haryana,gurugram,2021,4,8087,209936
haryana,gurugram,2022,1,8088,227969
haryana,gurugram,2022,2,8089,242513
haryana,gurugram,2022,3,8090,252869
haryana,gurugram,2022,4,8091,260927
haryana,gurugram,2023,1,8092,249776
haryana,gurugram,2023,2,8093,253925
haryana,gurugram,2023,3,8094,263182
haryana,gurugram,2023,4,8095,269876
haryana,gurugram,2024,1,8096,282683
haryana,gurugram,2024,2,8097,293338
haryana,gurugram,2024,3,8098,301109
haryana,gurugram,2024,4,8099,308411
haryana,gurugram,2025,1,8100,315849
haryana,gurugram,2025,2,8101,323210
haryana,gurugram,2025,3,8102,331902
haryana,gurugram,2025,4,8103,343617
haryana,gurugram,2026,1,8104,350327
haryana,gurugram,2026,2,8105,357594
haryana,hisar,2018,3,8074,3
haryana,hisar,2018,4,8075,43
haryana,hisar,2019,1,8076,1998
haryana,hisar,2019,2,8077,5442
haryana,hisar,2019,3,8078,8459
haryana,hisar,2019,4,8079,11181
haryana,hisar,2020,1,8080,13631
haryana,hisar,2020,2,8081,14915
haryana,hisar,2020,3,8082,19801
haryana,hisar,2020,4,8083,26738
haryana,hisar,2021,1,8084,32228
haryana,hisar,2021,2,8085,36885
haryana,hisar,2021,3,8086,41409
haryana,hisar,2021,4,8087,44981
haryana,hisar,2022,1,8088,51187
haryana,hisar,2022,2,8089,56169
haryana,hisar,2022,3,8090,60840
haryana,hisar,2022,4,8091,65584
haryana,hisar,2023,1,8092,65030
haryana,hisar,2023,2,8093,66763
haryana,hisar,2023,3,8094,70483
haryana,hisar,2023,4,8095,73132
haryana,hisar,2024,1,8096,74746
haryana,hisar,2024,2,8097,77198
haryana,hisar,2024,3,8098,80004
haryana,hisar,2024,4,8099,83828
haryana,hisar,2025,1,8100,86833
haryana,hisar,2025,2,8101,89344
haryana,hisar,2025,3,8102,91581
haryana,hisar,2025,4,8103,94156
haryana,hisar,2026,1,8104,95444
haryana,hisar,2026,2,8105,97843
haryana,jhajjar,2018,2,8073,6
haryana,jhajjar,2018,3,8074,8
haryana,jhajjar,2018,4,8075,124
haryana,jhajjar,2019,1,8076,1972
haryana,jhajjar,2019,2,8077,3547
haryana,jhajjar,2019,3,8078,4689
haryana,jhajjar,2019,4,8079,5710
haryana,jhajjar,2020,1,8080,7123
haryana,jhajjar,2020,2,8081,7722
haryana,jhajjar,2020,3,8082,10079
haryana,jhajjar,2020,4,8083,12274
haryana,jhajjar,2021,1,8084,14420
haryana,jhajjar,2021,2,8085,15536
haryana,jhajjar,2021,3,8086,18159
haryana,jhajjar,2021,4,8087,21019
haryana,jhajjar,2022,1,8088,23371
haryana,jhajjar,2022,2,8089,25575
haryana,jhajjar,2022,3,8090,27050
haryana,jhajjar,2022,4,8091,28458
haryana,jhajjar,2023,1,8092,27968
haryana,jhajjar,2023,2,8093,28330
haryana,jhajjar,2023,3,8094,28898
haryana,jhajjar,2023,4,8095,29244
haryana,jhajjar,2024,1,8096,29827
haryana,jhajjar,2024,2,8097,31029
haryana,jhajjar,2024,3,8098,32288
haryana,jhajjar,2024,4,8099,33224
haryana,jhajjar,2025,1,8100,34001
haryana,jhajjar,2025,2,8101,34717
haryana,jhajjar,2025,3,8102,35341
haryana,jhajjar,2025,4,8103,36116
haryana,jhajjar,2026,1,8104,36672
haryana,jhajjar,2026,2,8105,37642
haryana,jind,2018,3,8074,4
haryana,jind,2018,4,8075,12
haryana,jind,2019,1,8076,159
haryana,jind,2019,2,8077,713
haryana,jind,2019,3,8078,1104
haryana,jind,2019,4,8079,2036
haryana,jind,2020,1,8080,2514
haryana,jind,2020,2,8081,2655
haryana,jind,2020,3,8082,3912
haryana,jind,2020,4,8083,5794
haryana,jind,2021,1,8084,7829
haryana,jind,2021,2,8085,10578
haryana,jind,2021,3,8086,13048
haryana,jind,2021,4,8087,17149
haryana,jind,2022,1,8088,21411
haryana,jind,2022,2,8089,24712
haryana,jind,2022,3,8090,27625
haryana,jind,2022,4,8091,30413
haryana,jind,2023,1,8092,31938
haryana,jind,2023,2,8093,33473
haryana,jind,2023,3,8094,35380
haryana,jind,2023,4,8095,37017
haryana,jind,2024,1,8096,38377
haryana,jind,2024,2,8097,40391
haryana,jind,2024,3,8098,41824
haryana,jind,2024,4,8099,43638
haryana,jind,2025,1,8100,45256
haryana,jind,2025,2,8101,46677
haryana,jind,2025,3,8102,47973
haryana,jind,2025,4,8103,49568
haryana,jind,2026,1,8104,50926
haryana,jind,2026,2,8105,52148
haryana,kaithal,2018,3,8074,1
haryana,kaithal,2018,4,8075,2
haryana,kaithal,2019,1,8076,208
haryana,kaithal,2019,2,8077,1083
haryana,kaithal,2019,3,8078,1951
haryana,kaithal,2019,4,8079,2953
haryana,kaithal,2020,1,8080,3540
haryana,kaithal,2020,2,8081,3729
haryana,kaithal,2020,3,8082,4902
haryana,kaithal,2020,4,8083,7430
haryana,kaithal,2021,1,8084,9609
haryana,kaithal,2021,2,8085,12166
haryana,kaithal,2021,3,8086,16639
haryana,kaithal,2021,4,8087,20490
haryana,kaithal,2022,1,8088,25074
haryana,kaithal,2022,2,8089,28523
haryana,kaithal,2022,3,8090,32051
haryana,kaithal,2022,4,8091,35374
haryana,kaithal,2023,1,8092,36492
haryana,kaithal,2023,2,8093,38040
haryana,kaithal,2023,3,8094,39972
haryana,kaithal,2023,4,8095,41192
haryana,kaithal,2024,1,8096,42143
haryana,kaithal,2024,2,8097,44155
haryana,kaithal,2024,3,8098,45929
haryana,kaithal,2024,4,8099,47769
haryana,kaithal,2025,1,8100,49266
haryana,kaithal,2025,2,8101,50832
haryana,kaithal,2025,3,8102,52216
haryana,kaithal,2025,4,8103,53518
haryana,kaithal,2026,1,8104,54313
haryana,kaithal,2026,2,8105,55360
haryana,karnal,2018,3,8074,3
haryana,karnal,2018,4,8075,8
haryana,karnal,2019,1,8076,420
haryana,karnal,2019,2,8077,4704
haryana,karnal,2019,3,8078,6821
haryana,karnal,2019,4,8079,8170
haryana,karnal,2020,1,8080,9159
haryana,karnal,2020,2,8081,9595
haryana,karnal,2020,3,8082,10919
haryana,karnal,2020,4,8083,14490
haryana,karnal,2021,1,8084,18115
haryana,karnal,2021,2,8085,21272
haryana,karnal,2021,3,8086,25318
haryana,karnal,2021,4,8087,30264
haryana,karnal,2022,1,8088,36177
haryana,karnal,2022,2,8089,40251
haryana,karnal,2022,3,8090,44520
haryana,karnal,2022,4,8091,47976
haryana,karnal,2023,1,8092,48981
haryana,karnal,2023,2,8093,50773
haryana,karnal,2023,3,8094,53422
haryana,karnal,2023,4,8095,55800
haryana,karnal,2024,1,8096,58095
haryana,karnal,2024,2,8097,60488
haryana,karnal,2024,3,8098,62665
haryana,karnal,2024,4,8099,64663
haryana,karnal,2025,1,8100,66461
haryana,karnal,2025,2,8101,68159
haryana,karnal,2025,3,8102,69541
haryana,karnal,2025,4,8103,71389
haryana,karnal,2026,1,8104,72666
haryana,karnal,2026,2,8105,74492
haryana,kurukshetra,2018,4,8075,5
haryana,kurukshetra,2019,1,8076,2563
haryana,kurukshetra,2019,2,8077,6001
haryana,kurukshetra,2019,3,8078,8013
haryana,kurukshetra,2019,4,8079,9176
haryana,kurukshetra,2020,1,8080,10510
haryana,kurukshetra,2020,2,8081,11093
haryana,kurukshetra,2020,3,8082,13205
haryana,kurukshetra,2020,4,8083,15836
haryana,kurukshetra,2021,1,8084,18463
haryana,kurukshetra,2021,2,8085,20906
haryana,kurukshetra,2021,3,8086,23715
haryana,kurukshetra,2021,4,8087,26747
haryana,kurukshetra,2022,1,8088,30195
haryana,kurukshetra,2022,2,8089,33064
haryana,kurukshetra,2022,3,8090,35594
haryana,kurukshetra,2022,4,8091,37779
haryana,kurukshetra,2023,1,8092,38107
haryana,kurukshetra,2023,2,8093,39013
haryana,kurukshetra,2023,3,8094,40627
haryana,kurukshetra,2023,4,8095,41731
haryana,kurukshetra,2024,1,8096,43177
haryana,kurukshetra,2024,2,8097,44305
haryana,kurukshetra,2024,3,8098,45579
haryana,kurukshetra,2024,4,8099,47309
haryana,kurukshetra,2025,1,8100,48847
haryana,kurukshetra,2025,2,8101,50229
haryana,kurukshetra,2025,3,8102,51337
haryana,kurukshetra,2025,4,8103,52441
haryana,kurukshetra,2026,1,8104,52973
haryana,kurukshetra,2026,2,8105,53559
haryana,mahendragarh,2018,3,8074,2
haryana,mahendragarh,2018,4,8075,43
haryana,mahendragarh,2019,1,8076,653
haryana,mahendragarh,2019,2,8077,1662
haryana,mahendragarh,2019,3,8078,2983
haryana,mahendragarh,2019,4,8079,3617
haryana,mahendragarh,2020,1,8080,4428
haryana,mahendragarh,2020,2,8081,4834
haryana,mahendragarh,2020,3,8082,5674
haryana,mahendragarh,2020,4,8083,6935
haryana,mahendragarh,2021,1,8084,8500
haryana,mahendragarh,2021,2,8085,9716
haryana,mahendragarh,2021,3,8086,12728
haryana,mahendragarh,2021,4,8087,14948
haryana,mahendragarh,2022,1,8088,17556
haryana,mahendragarh,2022,2,8089,20588
haryana,mahendragarh,2022,3,8090,23188
haryana,mahendragarh,2022,4,8091,24986
haryana,mahendragarh,2023,1,8092,25394
haryana,mahendragarh,2023,2,8093,25802
haryana,mahendragarh,2023,3,8094,26459
haryana,mahendragarh,2023,4,8095,27083
haryana,mahendragarh,2024,1,8096,27603
haryana,mahendragarh,2024,2,8097,28290
haryana,mahendragarh,2024,3,8098,28830
haryana,mahendragarh,2024,4,8099,29249
haryana,mahendragarh,2025,1,8100,30057
haryana,mahendragarh,2025,2,8101,30615
haryana,mahendragarh,2025,3,8102,31008
haryana,mahendragarh,2025,4,8103,31812
haryana,mahendragarh,2026,1,8104,32636
haryana,mahendragarh,2026,2,8105,33554
haryana,nuh,2018,3,8074,20
haryana,nuh,2018,4,8075,255
haryana,nuh,2019,1,8076,3065
haryana,nuh,2019,2,8077,4974
haryana,nuh,2019,3,8078,7094
haryana,nuh,2019,4,8079,8881
haryana,nuh,2020,1,8080,11088
haryana,nuh,2020,2,8081,12342
haryana,nuh,2020,3,8082,15267
haryana,nuh,2020,4,8083,17524
haryana,nuh,2021,1,8084,21588
haryana,nuh,2021,2,8085,24023
haryana,nuh,2021,3,8086,27965
haryana,nuh,2021,4,8087,34093
haryana,nuh,2022,1,8088,40672
haryana,nuh,2022,2,8089,44350
haryana,nuh,2022,3,8090,46360
haryana,nuh,2022,4,8091,48085
haryana,nuh,2023,1,8092,47204
haryana,nuh,2023,2,8093,47875
haryana,nuh,2023,3,8094,48850
haryana,nuh,2023,4,8095,50848
haryana,nuh,2024,1,8096,53463
haryana,nuh,2024,2,8097,55779
haryana,nuh,2024,3,8098,58697
haryana,nuh,2024,4,8099,61857
haryana,nuh,2025,1,8100,65431
haryana,nuh,2025,2,8101,67728
haryana,nuh,2025,3,8102,70747
haryana,nuh,2025,4,8103,74031
haryana,nuh,2026,1,8104,75791
haryana,nuh,2026,2,8105,77842
haryana,palwal,2018,3,8074,30
haryana,palwal,2018,4,8075,1040
haryana,palwal,2019,1,8076,5403
haryana,palwal,2019,2,8077,9256
haryana,palwal,2019,3,8078,13188
haryana,palwal,2019,4,8079,16017
haryana,palwal,2020,1,8080,18922
haryana,palwal,2020,2,8081,20595
haryana,palwal,2020,3,8082,25592
haryana,palwal,2020,4,8083,31695
haryana,palwal,2021,1,8084,37926
haryana,palwal,2021,2,8085,41526
haryana,palwal,2021,3,8086,46027
haryana,palwal,2021,4,8087,50317
haryana,palwal,2022,1,8088,56287
haryana,palwal,2022,2,8089,59776
haryana,palwal,2022,3,8090,61660
haryana,palwal,2022,4,8091,63079
haryana,palwal,2023,1,8092,59159
haryana,palwal,2023,2,8093,59488
haryana,palwal,2023,3,8094,60590
haryana,palwal,2023,4,8095,62291
haryana,palwal,2024,1,8096,64042
haryana,palwal,2024,2,8097,65921
haryana,palwal,2024,3,8098,67304
haryana,palwal,2024,4,8099,69072
haryana,palwal,2025,1,8100,71200
haryana,palwal,2025,2,8101,73276
haryana,palwal,2025,3,8102,75232
haryana,palwal,2025,4,8103,77777
haryana,palwal,2026,1,8104,79459
haryana,palwal,2026,2,8105,81486
haryana,panchkula,2018,3,8074,1
haryana,panchkula,2018,4,8075,7
haryana,panchkula,2019,1,8076,1822
haryana,panchkula,2019,2,8077,3996
haryana,panchkula,2019,3,8078,4991
haryana,panchkula,2019,4,8079,5705
haryana,panchkula,2020,1,8080,6154
haryana,panchkula,2020,2,8081,6438
haryana,panchkula,2020,3,8082,7029
haryana,panchkula,2020,4,8083,8091
haryana,panchkula,2021,1,8084,8993
haryana,panchkula,2021,2,8085,9670
haryana,panchkula,2021,3,8086,10751
haryana,panchkula,2021,4,8087,12099
haryana,panchkula,2022,1,8088,13722
haryana,panchkula,2022,2,8089,15132
haryana,panchkula,2022,3,8090,16018
haryana,panchkula,2022,4,8091,16710
haryana,panchkula,2023,1,8092,16935
haryana,panchkula,2023,2,8093,17561
haryana,panchkula,2023,3,8094,18156
haryana,panchkula,2023,4,8095,18971
haryana,panchkula,2024,1,8096,19880
haryana,panchkula,2024,2,8097,20691
haryana,panchkula,2024,3,8098,21393
haryana,panchkula,2024,4,8099,22324
haryana,panchkula,2025,1,8100,23160
haryana,panchkula,2025,2,8101,23963
haryana,panchkula,2025,3,8102,24651
haryana,panchkula,2025,4,8103,25830
haryana,panchkula,2026,1,8104,26280
haryana,panchkula,2026,2,8105,26943
haryana,panipat,2018,3,8074,3
haryana,panipat,2018,4,8075,21
haryana,panipat,2019,1,8076,1799
haryana,panipat,2019,2,8077,5864
haryana,panipat,2019,3,8078,8760
haryana,panipat,2019,4,8079,11171
haryana,panipat,2020,1,8080,13247
haryana,panipat,2020,2,8081,14100
haryana,panipat,2020,3,8082,16841
haryana,panipat,2020,4,8083,20397
haryana,panipat,2021,1,8084,24768
haryana,panipat,2021,2,8085,28375
haryana,panipat,2021,3,8086,32343
haryana,panipat,2021,4,8087,35749
haryana,panipat,2022,1,8088,40835
haryana,panipat,2022,2,8089,44283
haryana,panipat,2022,3,8090,47753
haryana,panipat,2022,4,8091,51008
haryana,panipat,2023,1,8092,49764
haryana,panipat,2023,2,8093,51134
haryana,panipat,2023,3,8094,53610
haryana,panipat,2023,4,8095,56380
haryana,panipat,2024,1,8096,57917
haryana,panipat,2024,2,8097,59711
haryana,panipat,2024,3,8098,61255
haryana,panipat,2024,4,8099,62879
haryana,panipat,2025,1,8100,64500
haryana,panipat,2025,2,8101,65889
haryana,panipat,2025,3,8102,67186
haryana,panipat,2025,4,8103,68772
haryana,panipat,2026,1,8104,69687
haryana,panipat,2026,2,8105,71025
haryana,rewari,2018,3,8074,7
haryana,rewari,2018,4,8075,144
haryana,rewari,2019,1,8076,2202
haryana,rewari,2019,2,8077,3951
haryana,rewari,2019,3,8078,6102
haryana,rewari,2019,4,8079,7871
haryana,rewari,2020,1,8080,9546
haryana,rewari,2020,2,8081,10377
haryana,rewari,2020,3,8082,13354
haryana,rewari,2020,4,8083,16049
haryana,rewari,2021,1,8084,19016
haryana,rewari,2021,2,8085,20971
haryana,rewari,2021,3,8086,23927
haryana,rewari,2021,4,8087,27262
haryana,rewari,2022,1,8088,30763
haryana,rewari,2022,2,8089,33512
haryana,rewari,2022,3,8090,35676
haryana,rewari,2022,4,8091,37585
haryana,rewari,2023,1,8092,37749
haryana,rewari,2023,2,8093,38825
haryana,rewari,2023,3,8094,40284
haryana,rewari,2023,4,8095,41379
haryana,rewari,2024,1,8096,42401
haryana,rewari,2024,2,8097,43835
haryana,rewari,2024,3,8098,45097
haryana,rewari,2024,4,8099,46272
haryana,rewari,2025,1,8100,47567
haryana,rewari,2025,2,8101,48772
haryana,rewari,2025,3,8102,49741
haryana,rewari,2025,4,8103,50865
haryana,rewari,2026,1,8104,51789
haryana,rewari,2026,2,8105,53143
haryana,rohtak,2018,2,8073,2
haryana,rohtak,2018,3,8074,2
haryana,rohtak,2018,4,8075,13
haryana,rohtak,2019,1,8076,905
haryana,rohtak,2019,2,8077,3028
haryana,rohtak,2019,3,8078,4798
haryana,rohtak,2019,4,8079,6187
haryana,rohtak,2020,1,8080,7207
haryana,rohtak,2020,2,8081,7698
haryana,rohtak,2020,3,8082,9014
haryana,rohtak,2020,4,8083,11003
haryana,rohtak,2021,1,8084,13018
haryana,rohtak,2021,2,8085,15189
haryana,rohtak,2021,3,8086,17394
haryana,rohtak,2021,4,8087,20351
haryana,rohtak,2022,1,8088,23278
haryana,rohtak,2022,2,8089,25497
haryana,rohtak,2022,3,8090,27425
haryana,rohtak,2022,4,8091,30079
haryana,rohtak,2023,1,8092,31005
haryana,rohtak,2023,2,8093,31918
haryana,rohtak,2023,3,8094,32665
haryana,rohtak,2023,4,8095,33223
haryana,rohtak,2024,1,8096,33938
haryana,rohtak,2024,2,8097,34942
haryana,rohtak,2024,3,8098,36463
haryana,rohtak,2024,4,8099,38267
haryana,rohtak,2025,1,8100,39378
haryana,rohtak,2025,2,8101,40172
haryana,rohtak,2025,3,8102,40969
haryana,rohtak,2025,4,8103,41795
haryana,rohtak,2026,1,8104,42406
haryana,rohtak,2026,2,8105,43357
haryana,sirsa,2018,3,8074,1
haryana,sirsa,2018,4,8075,7
haryana,sirsa,2019,1,8076,253
haryana,sirsa,2019,2,8077,661
haryana,sirsa,2019,3,8078,1889
haryana,sirsa,2019,4,8079,2956
haryana,sirsa,2020,1,8080,3817
haryana,sirsa,2020,2,8081,4263
haryana,sirsa,2020,3,8082,5786
haryana,sirsa,2020,4,8083,7544
haryana,sirsa,2021,1,8084,9797
haryana,sirsa,2021,2,8085,11824
haryana,sirsa,2021,3,8086,14118
haryana,sirsa,2021,4,8087,16161
haryana,sirsa,2022,1,8088,18761
haryana,sirsa,2022,2,8089,20240
haryana,sirsa,2022,3,8090,21974
haryana,sirsa,2022,4,8091,24041
haryana,sirsa,2023,1,8092,24742
haryana,sirsa,2023,2,8093,25747
haryana,sirsa,2023,3,8094,27140
haryana,sirsa,2023,4,8095,28163
haryana,sirsa,2024,1,8096,28805
haryana,sirsa,2024,2,8097,29681
haryana,sirsa,2024,3,8098,30676
haryana,sirsa,2024,4,8099,31765
haryana,sirsa,2025,1,8100,32764
haryana,sirsa,2025,2,8101,34148
haryana,sirsa,2025,3,8102,35285
haryana,sirsa,2025,4,8103,36800
haryana,sirsa,2026,1,8104,37325
haryana,sirsa,2026,2,8105,37959
haryana,sonipat,2018,3,8074,11
haryana,sonipat,2018,4,8075,126
haryana,sonipat,2019,1,8076,2142
haryana,sonipat,2019,2,8077,5417
haryana,sonipat,2019,3,8078,7098
haryana,sonipat,2019,4,8079,9899
haryana,sonipat,2020,1,8080,12017
haryana,sonipat,2020,2,8081,12984
haryana,sonipat,2020,3,8082,16837
haryana,sonipat,2020,4,8083,22447
haryana,sonipat,2021,1,8084,27249
haryana,sonipat,2021,2,8085,29718
haryana,sonipat,2021,3,8086,32939
haryana,sonipat,2021,4,8087,36338
haryana,sonipat,2022,1,8088,41028
haryana,sonipat,2022,2,8089,44109
haryana,sonipat,2022,3,8090,47758
haryana,sonipat,2022,4,8091,51354
haryana,sonipat,2023,1,8092,52467
haryana,sonipat,2023,2,8093,54178
haryana,sonipat,2023,3,8094,55914
haryana,sonipat,2023,4,8095,57313
haryana,sonipat,2024,1,8096,58104
haryana,sonipat,2024,2,8097,59505
haryana,sonipat,2024,3,8098,60708
haryana,sonipat,2024,4,8099,62011
haryana,sonipat,2025,1,8100,63433
haryana,sonipat,2025,2,8101,64600
haryana,sonipat,2025,3,8102,65854
haryana,sonipat,2025,4,8103,67639
haryana,sonipat,2026,1,8104,68980
haryana,sonipat,2026,2,8105,70723
haryana,yamunanagar,2018,3,8074,2
haryana,yamunanagar,2018,4,8075,3
haryana,yamunanagar,2019,1,8076,119
haryana,yamunanagar,2019,2,8077,1027
haryana,yamunanagar,2019,3,8078,2506
haryana,yamunanagar,2019,4,8079,3619
haryana,yamunanagar,2020,1,8080,4620
haryana,yamunanagar,2020,2,8081,5188
haryana,yamunanagar,2020,3,8082,6451
haryana,yamunanagar,2020,4,8083,9461
haryana,yamunanagar,2021,1,8084,12224
haryana,yamunanagar,2021,2,8085,14789
haryana,yamunanagar,2021,3,8086,18137
haryana,yamunanagar,2021,4,8087,21677
haryana,yamunanagar,2022,1,8088,26305
haryana,yamunanagar,2022,2,8089,29553
haryana,yamunanagar,2022,3,8090,32069
haryana,yamunanagar,2022,4,8091,34138
haryana,yamunanagar,2023,1,8092,34602
haryana,yamunanagar,2023,2,8093,35234
haryana,yamunanagar,2023,3,8094,36157
haryana,yamunanagar,2023,4,8095,37487
haryana,yamunanagar,2024,1,8096,38619
haryana,yamunanagar,2024,2,8097,40391
haryana,yamunanagar,2024,3,8098,42072
haryana,yamunanagar,2024,4,8099,43617
haryana,yamunanagar,2025,1,8100,44922
haryana,yamunanagar,2025,2,8101,46119
haryana,yamunanagar,2025,3,8102,47110
haryana,yamunanagar,2025,4,8103,48086
haryana,yamunanagar,2026,1,8104,48618
haryana,yamunanagar,2026,2,8105,49238
himachal pradesh,bilaspur,2019,1,8076,10
himachal pradesh,bilaspur,2019,2,8077,37
himachal pradesh,bilaspur,2019,3,8078,77
himachal pradesh,bilaspur,2019,4,8079,272
himachal pradesh,bilaspur,2020,1,8080,363
himachal pradesh,bilaspur,2020,2,8081,372
himachal pradesh,bilaspur,2020,3,8082,607
himachal pradesh,bilaspur,2020,4,8083,987
himachal pradesh,bilaspur,2021,1,8084,1390
himachal pradesh,bilaspur,2021,2,8085,1769
himachal pradesh,bilaspur,2021,3,8086,2394
himachal pradesh,bilaspur,2021,4,8087,2778
himachal pradesh,bilaspur,2022,1,8088,3301
himachal pradesh,bilaspur,2022,2,8089,3651
himachal pradesh,bilaspur,2022,3,8090,3767
himachal pradesh,bilaspur,2022,4,8091,4028
himachal pradesh,bilaspur,2023,1,8092,4083
himachal pradesh,bilaspur,2023,2,8093,4207
himachal pradesh,bilaspur,2023,3,8094,4324
himachal pradesh,bilaspur,2023,4,8095,4392
himachal pradesh,bilaspur,2024,1,8096,4416
himachal pradesh,bilaspur,2024,2,8097,4603
himachal pradesh,bilaspur,2024,3,8098,4799
himachal pradesh,bilaspur,2024,4,8099,4942
himachal pradesh,bilaspur,2025,1,8100,5052
himachal pradesh,bilaspur,2025,2,8101,5091
himachal pradesh,bilaspur,2025,3,8102,5135
himachal pradesh,bilaspur,2025,4,8103,5200
himachal pradesh,bilaspur,2026,1,8104,5266
himachal pradesh,bilaspur,2026,2,8105,5355
himachal pradesh,chamba,2018,4,8075,1
himachal pradesh,chamba,2019,1,8076,8
himachal pradesh,chamba,2019,2,8077,69
himachal pradesh,chamba,2019,3,8078,426
himachal pradesh,chamba,2019,4,8079,621
himachal pradesh,chamba,2020,1,8080,746
himachal pradesh,chamba,2020,2,8081,863
himachal pradesh,chamba,2020,3,8082,1113
himachal pradesh,chamba,2020,4,8083,1461
himachal pradesh,chamba,2021,1,8084,1777
himachal pradesh,chamba,2021,2,8085,2013
himachal pradesh,chamba,2021,3,8086,2294
himachal pradesh,chamba,2021,4,8087,2551
himachal pradesh,chamba,2022,1,8088,2861
himachal pradesh,chamba,2022,2,8089,3130
himachal pradesh,chamba,2022,3,8090,4093
himachal pradesh,chamba,2022,4,8091,4402
himachal pradesh,chamba,2023,1,8092,4373
himachal pradesh,chamba,2023,2,8093,4491
himachal pradesh,chamba,2023,3,8094,4675
himachal pradesh,chamba,2023,4,8095,4828
himachal pradesh,chamba,2024,1,8096,4883
himachal pradesh,chamba,2024,2,8097,5142
himachal pradesh,chamba,2024,3,8098,5307
himachal pradesh,chamba,2024,4,8099,5417
himachal pradesh,chamba,2025,1,8100,5703
himachal pradesh,chamba,2025,2,8101,6106
himachal pradesh,chamba,2025,3,8102,6545
himachal pradesh,chamba,2025,4,8103,6786
himachal pradesh,chamba,2026,1,8104,7087
himachal pradesh,chamba,2026,2,8105,7476
himachal pradesh,hamirpur,2018,2,8073,2
himachal pradesh,hamirpur,2018,3,8074,1
himachal pradesh,hamirpur,2018,4,8075,5
himachal pradesh,hamirpur,2019,1,8076,26
himachal pradesh,hamirpur,2019,2,8077,85
himachal pradesh,hamirpur,2019,3,8078,503
himachal pradesh,hamirpur,2019,4,8079,779
himachal pradesh,hamirpur,2020,1,8080,935
himachal pradesh,hamirpur,2020,2,8081,1024
himachal pradesh,hamirpur,2020,3,8082,1608
himachal pradesh,hamirpur,2020,4,8083,2446
himachal pradesh,hamirpur,2021,1,8084,3077
himachal pradesh,hamirpur,2021,2,8085,3959
himachal pradesh,hamirpur,2021,3,8086,5213
himachal pradesh,hamirpur,2021,4,8087,6418
himachal pradesh,hamirpur,2022,1,8088,7471
himachal pradesh,hamirpur,2022,2,8089,8554
himachal pradesh,hamirpur,2022,3,8090,9384
himachal pradesh,hamirpur,2022,4,8091,10082
himachal pradesh,hamirpur,2023,1,8092,10478
himachal pradesh,hamirpur,2023,2,8093,10926
himachal pradesh,hamirpur,2023,3,8094,11219
himachal pradesh,hamirpur,2023,4,8095,11412
himachal pradesh,hamirpur,2024,1,8096,11427
himachal pradesh,hamirpur,2024,2,8097,11655
himachal pradesh,hamirpur,2024,3,8098,12201
himachal pradesh,hamirpur,2024,4,8099,12571
himachal pradesh,hamirpur,2025,1,8100,12915
himachal pradesh,hamirpur,2025,2,8101,13172
himachal pradesh,hamirpur,2025,3,8102,13472
himachal pradesh,hamirpur,2025,4,8103,13670
himachal pradesh,hamirpur,2026,1,8104,13718
himachal pradesh,hamirpur,2026,2,8105,13790
himachal pradesh,kangra,2018,4,8075,4
himachal pradesh,kangra,2019,1,8076,55
himachal pradesh,kangra,2019,2,8077,2808
himachal pradesh,kangra,2019,3,8078,3565
himachal pradesh,kangra,2019,4,8079,4044
himachal pradesh,kangra,2020,1,8080,4767
himachal pradesh,kangra,2020,2,8081,5112
himachal pradesh,kangra,2020,3,8082,6244
himachal pradesh,kangra,2020,4,8083,7592
himachal pradesh,kangra,2021,1,8084,9422
himachal pradesh,kangra,2021,2,8085,11228
himachal pradesh,kangra,2021,3,8086,13826
himachal pradesh,kangra,2021,4,8087,17361
himachal pradesh,kangra,2022,1,8088,20481
himachal pradesh,kangra,2022,2,8089,23203
himachal pradesh,kangra,2022,3,8090,24735
himachal pradesh,kangra,2022,4,8091,26740
himachal pradesh,kangra,2023,1,8092,26956
himachal pradesh,kangra,2023,2,8093,27851
himachal pradesh,kangra,2023,3,8094,28559
himachal pradesh,kangra,2023,4,8095,29118
himachal pradesh,kangra,2024,1,8096,29479
himachal pradesh,kangra,2024,2,8097,30415
himachal pradesh,kangra,2024,3,8098,31144
himachal pradesh,kangra,2024,4,8099,31781
himachal pradesh,kangra,2025,1,8100,32452
himachal pradesh,kangra,2025,2,8101,32866
himachal pradesh,kangra,2025,3,8102,33588
himachal pradesh,kangra,2025,4,8103,34337
himachal pradesh,kangra,2026,1,8104,34988
himachal pradesh,kangra,2026,2,8105,35775
himachal pradesh,kinnaur,2019,1,8076,3
himachal pradesh,kinnaur,2019,2,8077,5
himachal pradesh,kinnaur,2019,3,8078,6
himachal pradesh,kinnaur,2019,4,8079,8
himachal pradesh,kinnaur,2020,1,8080,10
himachal pradesh,kinnaur,2020,2,8081,16
himachal pradesh,kinnaur,2020,3,8082,17
himachal pradesh,kinnaur,2020,4,8083,22
himachal pradesh,kinnaur,2021,1,8084,28
himachal pradesh,kinnaur,2021,2,8085,39
himachal pradesh,kinnaur,2021,3,8086,50
himachal pradesh,kinnaur,2021,4,8087,64
himachal pradesh,kinnaur,2022,1,8088,83
himachal pradesh,kinnaur,2022,2,8089,103
himachal pradesh,kinnaur,2022,3,8090,120
himachal pradesh,kinnaur,2022,4,8091,133
himachal pradesh,kinnaur,2023,1,8092,137
himachal pradesh,kinnaur,2023,2,8093,138
himachal pradesh,kinnaur,2023,3,8094,141
himachal pradesh,kinnaur,2023,4,8095,142
himachal pradesh,kinnaur,2024,1,8096,143
himachal pradesh,kinnaur,2024,2,8097,146
himachal pradesh,kinnaur,2024,3,8098,148
himachal pradesh,kinnaur,2024,4,8099,149
himachal pradesh,kinnaur,2025,1,8100,149
himachal pradesh,kinnaur,2025,2,8101,152
himachal pradesh,kinnaur,2025,3,8102,153
himachal pradesh,kinnaur,2025,4,8103,158
himachal pradesh,kinnaur,2026,1,8104,158
himachal pradesh,kinnaur,2026,2,8105,167
himachal pradesh,kullu,2018,4,8075,3
himachal pradesh,kullu,2019,1,8076,23
himachal pradesh,kullu,2019,2,8077,60
himachal pradesh,kullu,2019,3,8078,403
himachal pradesh,kullu,2019,4,8079,959
himachal pradesh,kullu,2020,1,8080,1109
himachal pradesh,kullu,2020,2,8081,1143
himachal pradesh,kullu,2020,3,8082,1187
himachal pradesh,kullu,2020,4,8083,1351
himachal pradesh,kullu,2021,1,8084,1733
himachal pradesh,kullu,2021,2,8085,2023
himachal pradesh,kullu,2021,3,8086,2614
himachal pradesh,kullu,2021,4,8087,3375
himachal pradesh,kullu,2022,1,8088,4512
himachal pradesh,kullu,2022,2,8089,5835
himachal pradesh,kullu,2022,3,8090,6783
himachal pradesh,kullu,2022,4,8091,7662
himachal pradesh,kullu,2023,1,8092,8073
himachal pradesh,kullu,2023,2,8093,8457
himachal pradesh,kullu,2023,3,8094,9008
himachal pradesh,kullu,2023,4,8095,9679
himachal pradesh,kullu,2024,1,8096,10239
himachal pradesh,kullu,2024,2,8097,10947
himachal pradesh,kullu,2024,3,8098,11408
himachal pradesh,kullu,2024,4,8099,11826
himachal pradesh,kullu,2025,1,8100,12322
himachal pradesh,kullu,2025,2,8101,12879
himachal pradesh,kullu,2025,3,8102,13458
himachal pradesh,kullu,2025,4,8103,14152
himachal pradesh,kullu,2026,1,8104,14475
himachal pradesh,kullu,2026,2,8105,15362
himachal pradesh,lahaul and spiti,2019,1,8076,1
himachal pradesh,lahaul and spiti,2019,2,8077,3
himachal pradesh,lahaul and spiti,2019,3,8078,4
himachal pradesh,lahaul and spiti,2019,4,8079,8
himachal pradesh,lahaul and spiti,2020,1,8080,9
himachal pradesh,lahaul and spiti,2020,2,8081,10
himachal pradesh,lahaul and spiti,2020,3,8082,10
himachal pradesh,lahaul and spiti,2020,4,8083,13
himachal pradesh,lahaul and spiti,2021,1,8084,19
himachal pradesh,lahaul and spiti,2021,2,8085,31
himachal pradesh,lahaul and spiti,2021,3,8086,45
himachal pradesh,lahaul and spiti,2021,4,8087,53
himachal pradesh,lahaul and spiti,2022,1,8088,61
himachal pradesh,lahaul and spiti,2022,2,8089,77
himachal pradesh,lahaul and spiti,2022,3,8090,89
himachal pradesh,lahaul and spiti,2022,4,8091,97
himachal pradesh,lahaul and spiti,2023,1,8092,95
himachal pradesh,lahaul and spiti,2023,2,8093,97
himachal pradesh,lahaul and spiti,2023,3,8094,99
himachal pradesh,lahaul and spiti,2023,4,8095,107
himachal pradesh,lahaul and spiti,2024,1,8096,119
himachal pradesh,lahaul and spiti,2024,2,8097,181
himachal pradesh,lahaul and spiti,2024,3,8098,205
himachal pradesh,lahaul and spiti,2024,4,8099,212
himachal pradesh,lahaul and spiti,2025,1,8100,214
himachal pradesh,lahaul and spiti,2025,2,8101,289
himachal pradesh,lahaul and spiti,2025,3,8102,289
himachal pradesh,lahaul and spiti,2025,4,8103,297
himachal pradesh,lahaul and spiti,2026,1,8104,304
himachal pradesh,lahaul and spiti,2026,2,8105,327
himachal pradesh,mandi,2019,1,8076,24
himachal pradesh,mandi,2019,2,8077,111
himachal pradesh,mandi,2019,3,8078,388
himachal pradesh,mandi,2019,4,8079,594
himachal pradesh,mandi,2020,1,8080,724
himachal pradesh,mandi,2020,2,8081,880
himachal pradesh,mandi,2020,3,8082,1201
himachal pradesh,mandi,2020,4,8083,2060
himachal pradesh,mandi,2021,1,8084,2734
himachal pradesh,mandi,2021,2,8085,3276
himachal pradesh,mandi,2021,3,8086,4471
himachal pradesh,mandi,2021,4,8087,5700
himachal pradesh,mandi,2022,1,8088,7146
himachal pradesh,mandi,2022,2,8089,8504
himachal pradesh,mandi,2022,3,8090,9534
himachal pradesh,mandi,2022,4,8091,10425
himachal pradesh,mandi,2023,1,8092,10784
himachal pradesh,mandi,2023,2,8093,11141
himachal pradesh,mandi,2023,3,8094,11436
himachal pradesh,mandi,2023,4,8095,11769
himachal pradesh,mandi,2024,1,8096,12267
himachal pradesh,mandi,2024,2,8097,12898
himachal pradesh,mandi,2024,3,8098,13395
himachal pradesh,mandi,2024,4,8099,13708
himachal pradesh,mandi,2025,1,8100,14063
himachal pradesh,mandi,2025,2,8101,14388
himachal pradesh,mandi,2025,3,8102,14490
himachal pradesh,mandi,2025,4,8103,14828
himachal pradesh,mandi,2026,1,8104,15066
himachal pradesh,mandi,2026,2,8105,15444
himachal pradesh,shimla,2019,1,8076,26
himachal pradesh,shimla,2019,2,8077,76
himachal pradesh,shimla,2019,3,8078,789
himachal pradesh,shimla,2019,4,8079,1371
himachal pradesh,shimla,2020,1,8080,1618
himachal pradesh,shimla,2020,2,8081,1650
himachal pradesh,shimla,2020,3,8082,1694
himachal pradesh,shimla,2020,4,8083,1975
himachal pradesh,shimla,2021,1,8084,2414
himachal pradesh,shimla,2021,2,8085,2964
himachal pradesh,shimla,2021,3,8086,3903
himachal pradesh,shimla,2021,4,8087,4814
himachal pradesh,shimla,2022,1,8088,5087
himachal pradesh,shimla,2022,2,8089,5805
himachal pradesh,shimla,2022,3,8090,6108
himachal pradesh,shimla,2022,4,8091,6798
himachal pradesh,shimla,2023,1,8092,6889
himachal pradesh,shimla,2023,2,8093,7121
himachal pradesh,shimla,2023,3,8094,7333
himachal pradesh,shimla,2023,4,8095,7503
himachal pradesh,shimla,2024,1,8096,7600
himachal pradesh,shimla,2024,2,8097,7846
himachal pradesh,shimla,2024,3,8098,7937
himachal pradesh,shimla,2024,4,8099,8000
himachal pradesh,shimla,2025,1,8100,8050
himachal pradesh,shimla,2025,2,8101,8312
himachal pradesh,shimla,2025,3,8102,8586
himachal pradesh,shimla,2025,4,8103,9025
himachal pradesh,shimla,2026,1,8104,9277
himachal pradesh,shimla,2026,2,8105,9559
himachal pradesh,sirmaur,2019,1,8076,20
himachal pradesh,sirmaur,2019,2,8077,163
himachal pradesh,sirmaur,2019,3,8078,216
himachal pradesh,sirmaur,2019,4,8079,304
himachal pradesh,sirmaur,2020,1,8080,345
himachal pradesh,sirmaur,2020,2,8081,362
himachal pradesh,sirmaur,2020,3,8082,397
himachal pradesh,sirmaur,2020,4,8083,959
himachal pradesh,sirmaur,2021,1,8084,2111
himachal pradesh,sirmaur,2021,2,8085,2387
himachal pradesh,sirmaur,2021,3,8086,3094
himachal pradesh,sirmaur,2021,4,8087,3658
himachal pradesh,sirmaur,2022,1,8088,4558
himachal pradesh,sirmaur,2022,2,8089,5379
himachal pradesh,sirmaur,2022,3,8090,5811
himachal pradesh,sirmaur,2022,4,8091,6119
himachal pradesh,sirmaur,2023,1,8092,6336
himachal pradesh,sirmaur,2023,2,8093,6417
himachal pradesh,sirmaur,2023,3,8094,6578
himachal pradesh,sirmaur,2023,4,8095,6790
himachal pradesh,sirmaur,2024,1,8096,7055
himachal pradesh,sirmaur,2024,2,8097,8074
himachal pradesh,sirmaur,2024,3,8098,8313
himachal pradesh,sirmaur,2024,4,8099,8513
himachal pradesh,sirmaur,2025,1,8100,8651
himachal pradesh,sirmaur,2025,2,8101,8754
himachal pradesh,sirmaur,2025,3,8102,9058
himachal pradesh,sirmaur,2025,4,8103,9973
himachal pradesh,sirmaur,2026,1,8104,10268
himachal pradesh,sirmaur,2026,2,8105,10545
himachal pradesh,solan,2018,4,8075,4
himachal pradesh,solan,2019,1,8076,142
himachal pradesh,solan,2019,2,8077,359
himachal pradesh,solan,2019,3,8078,927
himachal pradesh,solan,2019,4,8079,2068
himachal pradesh,solan,2020,1,8080,2671
himachal pradesh,solan,2020,2,8081,2839
himachal pradesh,solan,2020,3,8082,3173
himachal pradesh,solan,2020,4,8083,3503
himachal pradesh,solan,2021,1,8084,3934
himachal pradesh,solan,2021,2,8085,4887
himachal pradesh,solan,2021,3,8086,6978
himachal pradesh,solan,2021,4,8087,9438
himachal pradesh,solan,2022,1,8088,11758
himachal pradesh,solan,2022,2,8089,13180
himachal pradesh,solan,2022,3,8090,14361
himachal pradesh,solan,2022,4,8091,16062
himachal pradesh,solan,2023,1,8092,16740
himachal pradesh,solan,2023,2,8093,17570
himachal pradesh,solan,2023,3,8094,18431
himachal pradesh,solan,2023,4,8095,19452
himachal pradesh,solan,2024,1,8096,20246
himachal pradesh,solan,2024,2,8097,21518
himachal pradesh,solan,2024,3,8098,22356
himachal pradesh,solan,2024,4,8099,23019
himachal pradesh,solan,2025,1,8100,23426
himachal pradesh,solan,2025,2,8101,23893
himachal pradesh,solan,2025,3,8102,24518
himachal pradesh,solan,2025,4,8103,25111
himachal pradesh,solan,2026,1,8104,25546
himachal pradesh,solan,2026,2,8105,26040
himachal pradesh,una,2019,1,8076,20
himachal pradesh,una,2019,2,8077,214
himachal pradesh,una,2019,3,8078,524
himachal pradesh,una,2019,4,8079,864
himachal pradesh,una,2020,1,8080,1169
himachal pradesh,una,2020,2,8081,1304
himachal pradesh,una,2020,3,8082,1644
himachal pradesh,una,2020,4,8083,2127
himachal pradesh,una,2021,1,8084,2760
himachal pradesh,una,2021,2,8085,3827
himachal pradesh,una,2021,3,8086,5475
himachal pradesh,una,2021,4,8087,6968
himachal pradesh,una,2022,1,8088,7961
himachal pradesh,una,2022,2,8089,8657
himachal pradesh,una,2022,3,8090,9793
himachal pradesh,una,2022,4,8091,10598
himachal pradesh,una,2023,1,8092,10934
himachal pradesh,una,2023,2,8093,11245
himachal pradesh,una,2023,3,8094,11537
himachal pradesh,una,2023,4,8095,11665
himachal pradesh,una,2024,1,8096,12167
himachal pradesh,una,2024,2,8097,12810
himachal pradesh,una,2024,3,8098,12997
himachal pradesh,una,2024,4,8099,13121
himachal pradesh,una,2025,1,8100,13231
himachal pradesh,una,2025,2,8101,13413
himachal pradesh,una,2025,3,8102,13687
himachal pradesh,una,2025,4,8103,13960
himachal pradesh,una,2026,1,8104,14205
himachal pradesh,una,2026,2,8105,14351
jammu & kashmir,anantnag,2018,4,8075,1
jammu & kashmir,anantnag,2019,1,8076,187
jammu & kashmir,anantnag,2019,2,8077,265
jammu & kashmir,anantnag,2019,3,8078,277
jammu & kashmir,anantnag,2019,4,8079,283
jammu & kashmir,anantnag,2020,1,8080,300
jammu & kashmir,anantnag,2020,2,8081,315
jammu & kashmir,anantnag,2020,3,8082,372
jammu & kashmir,anantnag,2020,4,8083,423
jammu & kashmir,anantnag,2021,1,8084,1403
jammu & kashmir,anantnag,2021,2,8085,2480
jammu & kashmir,anantnag,2021,3,8086,4320
jammu & kashmir,anantnag,2021,4,8087,7635
jammu & kashmir,anantnag,2022,1,8088,11558
jammu & kashmir,anantnag,2022,2,8089,14637
jammu & kashmir,anantnag,2022,3,8090,15686
jammu & kashmir,anantnag,2022,4,8091,17375
jammu & kashmir,anantnag,2023,1,8092,19558
jammu & kashmir,anantnag,2023,2,8093,22096
jammu & kashmir,anantnag,2023,3,8094,24103
jammu & kashmir,anantnag,2023,4,8095,25104
jammu & kashmir,anantnag,2024,1,8096,27205
jammu & kashmir,anantnag,2024,2,8097,28762
jammu & kashmir,anantnag,2024,3,8098,30202
jammu & kashmir,anantnag,2024,4,8099,31898
jammu & kashmir,anantnag,2025,1,8100,33289
jammu & kashmir,anantnag,2025,2,8101,34472
jammu & kashmir,anantnag,2025,3,8102,35670
jammu & kashmir,anantnag,2025,4,8103,37161
jammu & kashmir,anantnag,2026,1,8104,37810
jammu & kashmir,anantnag,2026,2,8105,38705
jammu & kashmir,bandipore,2019,1,8076,134
jammu & kashmir,bandipore,2019,2,8077,302
jammu & kashmir,bandipore,2019,3,8078,308
jammu & kashmir,bandipore,2019,4,8079,308
jammu & kashmir,bandipore,2020,1,8080,315
jammu & kashmir,bandipore,2020,2,8081,321
jammu & kashmir,bandipore,2020,3,8082,380
jammu & kashmir,bandipore,2020,4,8083,642
jammu & kashmir,bandipore,2021,1,8084,1758
jammu & kashmir,bandipore,2021,2,8085,1927
jammu & kashmir,bandipore,2021,3,8086,2084
jammu & kashmir,bandipore,2021,4,8087,2343
jammu & kashmir,bandipore,2022,1,8088,3290
jammu & kashmir,bandipore,2022,2,8089,3705
jammu & kashmir,bandipore,2022,3,8090,3878
jammu & kashmir,bandipore,2022,4,8091,4246
jammu & kashmir,bandipore,2023,1,8092,4813
jammu & kashmir,bandipore,2023,2,8093,5509
jammu & kashmir,bandipore,2023,3,8094,6486
jammu & kashmir,bandipore,2023,4,8095,6876
jammu & kashmir,bandipore,2024,1,8096,7788
jammu & kashmir,bandipore,2024,2,8097,8384
jammu & kashmir,bandipore,2024,3,8098,9040
jammu & kashmir,bandipore,2024,4,8099,9401
jammu & kashmir,bandipore,2025,1,8100,9877
jammu & kashmir,bandipore,2025,2,8101,10335
jammu & kashmir,bandipore,2025,3,8102,10860
jammu & kashmir,bandipore,2025,4,8103,11557
jammu & kashmir,bandipore,2026,1,8104,11869
jammu & kashmir,bandipore,2026,2,8105,12141
jammu & kashmir,baramulla,2018,4,8075,1
jammu & kashmir,baramulla,2019,1,8076,440
jammu & kashmir,baramulla,2019,2,8077,1048
jammu & kashmir,baramulla,2019,3,8078,1083
jammu & kashmir,baramulla,2019,4,8079,1092
jammu & kashmir,baramulla,2020,1,8080,1121
jammu & kashmir,baramulla,2020,2,8081,1139
jammu & kashmir,baramulla,2020,3,8082,2588
jammu & kashmir,baramulla,2020,4,8083,4031
jammu & kashmir,baramulla,2021,1,8084,5438
jammu & kashmir,baramulla,2021,2,8085,6332
jammu & kashmir,baramulla,2021,3,8086,7368
jammu & kashmir,baramulla,2021,4,8087,9719
jammu & kashmir,baramulla,2022,1,8088,12022
jammu & kashmir,baramulla,2022,2,8089,14392
jammu & kashmir,baramulla,2022,3,8090,16615
jammu & kashmir,baramulla,2022,4,8091,18760
jammu & kashmir,baramulla,2023,1,8092,21453
jammu & kashmir,baramulla,2023,2,8093,23824
jammu & kashmir,baramulla,2023,3,8094,24804
jammu & kashmir,baramulla,2023,4,8095,25325
jammu & kashmir,baramulla,2024,1,8096,26654
jammu & kashmir,baramulla,2024,2,8097,27897
jammu & kashmir,baramulla,2024,3,8098,29192
jammu & kashmir,baramulla,2024,4,8099,30811
jammu & kashmir,baramulla,2025,1,8100,32660
jammu & kashmir,baramulla,2025,2,8101,34825
jammu & kashmir,baramulla,2025,3,8102,36760
jammu & kashmir,baramulla,2025,4,8103,38596
jammu & kashmir,baramulla,2026,1,8104,39680
jammu & kashmir,baramulla,2026,2,8105,40699
jammu & kashmir,budgam,2018,4,8075,1
jammu & kashmir,budgam,2019,1,8076,201
jammu & kashmir,budgam,2019,2,8077,426
jammu & kashmir,budgam,2019,3,8078,445
jammu & kashmir,budgam,2019,4,8079,447
jammu & kashmir,budgam,2020,1,8080,456
jammu & kashmir,budgam,2020,2,8081,473
jammu & kashmir,budgam,2020,3,8082,658
jammu & kashmir,budgam,2020,4,8083,956
jammu & kashmir,budgam,2021,1,8084,2146
jammu & kashmir,budgam,2021,2,8085,2563
jammu & kashmir,budgam,2021,3,8086,3459
jammu & kashmir,budgam,2021,4,8087,4952
jammu & kashmir,budgam,2022,1,8088,6313
jammu & kashmir,budgam,2022,2,8089,7153
jammu & kashmir,budgam,2022,3,8090,8160
jammu & kashmir,budgam,2022,4,8091,9733
jammu & kashmir,budgam,2023,1,8092,10531
jammu & kashmir,budgam,2023,2,8093,11142
jammu & kashmir,budgam,2023,3,8094,11566
jammu & kashmir,budgam,2023,4,8095,11739
jammu & kashmir,budgam,2024,1,8096,12103
jammu & kashmir,budgam,2024,2,8097,12380
jammu & kashmir,budgam,2024,3,8098,12640
jammu & kashmir,budgam,2024,4,8099,12946
jammu & kashmir,budgam,2025,1,8100,13307
jammu & kashmir,budgam,2025,2,8101,13868
jammu & kashmir,budgam,2025,3,8102,14449
jammu & kashmir,budgam,2025,4,8103,15044
jammu & kashmir,budgam,2026,1,8104,15229
jammu & kashmir,budgam,2026,2,8105,15558
jammu & kashmir,doda,2019,1,8076,7
jammu & kashmir,doda,2019,2,8077,12
jammu & kashmir,doda,2019,3,8078,16
jammu & kashmir,doda,2019,4,8079,18
jammu & kashmir,doda,2020,1,8080,22
jammu & kashmir,doda,2020,2,8081,27
jammu & kashmir,doda,2020,3,8082,91
jammu & kashmir,doda,2020,4,8083,193
jammu & kashmir,doda,2021,1,8084,491
jammu & kashmir,doda,2021,2,8085,862
jammu & kashmir,doda,2021,3,8086,1084
jammu & kashmir,doda,2021,4,8087,1131
jammu & kashmir,doda,2022,1,8088,1401
jammu & kashmir,doda,2022,2,8089,1780
jammu & kashmir,doda,2022,3,8090,2362
jammu & kashmir,doda,2022,4,8091,2575
jammu & kashmir,doda,2023,1,8092,2746
jammu & kashmir,doda,2023,2,8093,2855
jammu & kashmir,doda,2023,3,8094,2869
jammu & kashmir,doda,2023,4,8095,2887
jammu & kashmir,doda,2024,1,8096,2863
jammu & kashmir,doda,2024,2,8097,2863
jammu & kashmir,doda,2024,3,8098,3017
jammu & kashmir,doda,2024,4,8099,3018
jammu & kashmir,doda,2025,1,8100,3022
jammu & kashmir,doda,2025,2,8101,3095
jammu & kashmir,doda,2025,3,8102,3516
jammu & kashmir,doda,2025,4,8103,4048
jammu & kashmir,doda,2026,1,8104,4168
jammu & kashmir,doda,2026,2,8105,4394
jammu & kashmir,ganderbal,2019,1,8076,65
jammu & kashmir,ganderbal,2019,2,8077,105
jammu & kashmir,ganderbal,2019,3,8078,116
jammu & kashmir,ganderbal,2019,4,8079,117
jammu & kashmir,ganderbal,2020,1,8080,121
jammu & kashmir,ganderbal,2020,2,8081,124
jammu & kashmir,ganderbal,2020,3,8082,180
jammu & kashmir,ganderbal,2020,4,8083,190
jammu & kashmir,ganderbal,2021,1,8084,382
jammu & kashmir,ganderbal,2021,2,8085,407
jammu & kashmir,ganderbal,2021,3,8086,934
jammu & kashmir,ganderbal,2021,4,8087,1223
jammu & kashmir,ganderbal,2022,1,8088,1882
jammu & kashmir,ganderbal,2022,2,8089,2391
jammu & kashmir,ganderbal,2022,3,8090,2764
jammu & kashmir,ganderbal,2022,4,8091,2868
jammu & kashmir,ganderbal,2023,1,8092,3403
jammu & kashmir,ganderbal,2023,2,8093,3819
jammu & kashmir,ganderbal,2023,3,8094,3959
jammu & kashmir,ganderbal,2023,4,8095,4286
jammu & kashmir,ganderbal,2024,1,8096,4783
jammu & kashmir,ganderbal,2024,2,8097,5087
jammu & kashmir,ganderbal,2024,3,8098,5251
jammu & kashmir,ganderbal,2024,4,8099,5547
jammu & kashmir,ganderbal,2025,1,8100,5683
jammu & kashmir,ganderbal,2025,2,8101,5918
jammu & kashmir,ganderbal,2025,3,8102,6388
jammu & kashmir,ganderbal,2025,4,8103,7048
jammu & kashmir,ganderbal,2026,1,8104,7223
jammu & kashmir,ganderbal,2026,2,8105,7398
jammu & kashmir,jammu,2018,1,8072,2
jammu & kashmir,jammu,2018,2,8073,2
jammu & kashmir,jammu,2018,3,8074,1
jammu & kashmir,jammu,2018,4,8075,5
jammu & kashmir,jammu,2019,1,8076,59
jammu & kashmir,jammu,2019,2,8077,2077
jammu & kashmir,jammu,2019,3,8078,2510
jammu & kashmir,jammu,2019,4,8079,2540
jammu & kashmir,jammu,2020,1,8080,2620
jammu & kashmir,jammu,2020,2,8081,2839
jammu & kashmir,jammu,2020,3,8082,4607
jammu & kashmir,jammu,2020,4,8083,7241
jammu & kashmir,jammu,2021,1,8084,11650
jammu & kashmir,jammu,2021,2,8085,13688
jammu & kashmir,jammu,2021,3,8086,16856
jammu & kashmir,jammu,2021,4,8087,24043
jammu & kashmir,jammu,2022,1,8088,31897
jammu & kashmir,jammu,2022,2,8089,35861
jammu & kashmir,jammu,2022,3,8090,38716
jammu & kashmir,jammu,2022,4,8091,42173
jammu & kashmir,jammu,2023,1,8092,43641
jammu & kashmir,jammu,2023,2,8093,45414
jammu & kashmir,jammu,2023,3,8094,47462
jammu & kashmir,jammu,2023,4,8095,49443
jammu & kashmir,jammu,2024,1,8096,52312
jammu & kashmir,jammu,2024,2,8097,55150
jammu & kashmir,jammu,2024,3,8098,56775
jammu & kashmir,jammu,2024,4,8099,58122
jammu & kashmir,jammu,2025,1,8100,59431
jammu & kashmir,jammu,2025,2,8101,61084
jammu & kashmir,jammu,2025,3,8102,62240
jammu & kashmir,jammu,2025,4,8103,63803
jammu & kashmir,jammu,2026,1,8104,65122
jammu & kashmir,jammu,2026,2,8105,66318
jammu & kashmir,kathua,2019,1,8076,11
jammu & kashmir,kathua,2019,2,8077,87
jammu & kashmir,kathua,2019,3,8078,115
jammu & kashmir,kathua,2019,4,8079,121
jammu & kashmir,kathua,2020,1,8080,134
jammu & kashmir,kathua,2020,2,8081,149
jammu & kashmir,kathua,2020,3,8082,422
jammu & kashmir,kathua,2020,4,8083,740
jammu & kashmir,kathua,2021,1,8084,1460
jammu & kashmir,kathua,2021,2,8085,1755
jammu & kashmir,kathua,2021,3,8086,2187
jammu & kashmir,kathua,2021,4,8087,3677
jammu & kashmir,kathua,2022,1,8088,5062
jammu & kashmir,kathua,2022,2,8089,7167
jammu & kashmir,kathua,2022,3,8090,7560
jammu & kashmir,kathua,2022,4,8091,8062
jammu & kashmir,kathua,2023,1,8092,9039
jammu & kashmir,kathua,2023,2,8093,9239
jammu & kashmir,kathua,2023,3,8094,9726
jammu & kashmir,kathua,2023,4,8095,9925
jammu & kashmir,kathua,2024,1,8096,9967
jammu & kashmir,kathua,2024,2,8097,10116
jammu & kashmir,kathua,2024,3,8098,10273
jammu & kashmir,kathua,2024,4,8099,10613
jammu & kashmir,kathua,2025,1,8100,10765
jammu & kashmir,kathua,2025,2,8101,10862
jammu & kashmir,kathua,2025,3,8102,10965
jammu & kashmir,kathua,2025,4,8103,11052
jammu & kashmir,kathua,2026,1,8104,11224
jammu & kashmir,kathua,2026,2,8105,11396
jammu & kashmir,kishtwar,2019,1,8076,2
jammu & kashmir,kishtwar,2019,2,8077,4
jammu & kashmir,kishtwar,2019,3,8078,6
jammu & kashmir,kishtwar,2019,4,8079,6
jammu & kashmir,kishtwar,2020,1,8080,6
jammu & kashmir,kishtwar,2020,2,8081,7
jammu & kashmir,kishtwar,2020,3,8082,10
jammu & kashmir,kishtwar,2020,4,8083,14
jammu & kashmir,kishtwar,2021,1,8084,30
jammu & kashmir,kishtwar,2021,2,8085,37
jammu & kashmir,kishtwar,2021,3,8086,381
jammu & kashmir,kishtwar,2021,4,8087,593
jammu & kashmir,kishtwar,2022,1,8088,684
jammu & kashmir,kishtwar,2022,2,8089,882
jammu & kashmir,kishtwar,2022,3,8090,1044
jammu & kashmir,kishtwar,2022,4,8091,1804
jammu & kashmir,kishtwar,2023,1,8092,1804
jammu & kashmir,kishtwar,2023,2,8093,1814
jammu & kashmir,kishtwar,2023,3,8094,1851
jammu & kashmir,kishtwar,2023,4,8095,1849
jammu & kashmir,kishtwar,2024,1,8096,1843
jammu & kashmir,kishtwar,2024,2,8097,1845
jammu & kashmir,kishtwar,2024,3,8098,2117
jammu & kashmir,kishtwar,2024,4,8099,2119
jammu & kashmir,kishtwar,2025,1,8100,2123
jammu & kashmir,kishtwar,2025,2,8101,2150
jammu & kashmir,kishtwar,2025,3,8102,2199
jammu & kashmir,kishtwar,2025,4,8103,2441
jammu & kashmir,kishtwar,2026,1,8104,2496
jammu & kashmir,kishtwar,2026,2,8105,2530
jammu & kashmir,kulgam,2018,4,8075,1
jammu & kashmir,kulgam,2019,1,8076,75
jammu & kashmir,kulgam,2019,2,8077,124
jammu & kashmir,kulgam,2019,3,8078,134
jammu & kashmir,kulgam,2019,4,8079,137
jammu & kashmir,kulgam,2020,1,8080,146
jammu & kashmir,kulgam,2020,2,8081,150
jammu & kashmir,kulgam,2020,3,8082,153
jammu & kashmir,kulgam,2020,4,8083,179
jammu & kashmir,kulgam,2021,1,8084,498
jammu & kashmir,kulgam,2021,2,8085,609
jammu & kashmir,kulgam,2021,3,8086,960
jammu & kashmir,kulgam,2021,4,8087,1795
jammu & kashmir,kulgam,2022,1,8088,3389
jammu & kashmir,kulgam,2022,2,8089,4508
jammu & kashmir,kulgam,2022,3,8090,5688
jammu & kashmir,kulgam,2022,4,8091,6858
jammu & kashmir,kulgam,2023,1,8092,8055
jammu & kashmir,kulgam,2023,2,8093,9194
jammu & kashmir,kulgam,2023,3,8094,10440
jammu & kashmir,kulgam,2023,4,8095,10747
jammu & kashmir,kulgam,2024,1,8096,11539
jammu & kashmir,kulgam,2024,2,8097,12070
jammu & kashmir,kulgam,2024,3,8098,12640
jammu & kashmir,kulgam,2024,4,8099,13084
jammu & kashmir,kulgam,2025,1,8100,14021
jammu & kashmir,kulgam,2025,2,8101,14253
jammu & kashmir,kulgam,2025,3,8102,14664
jammu & kashmir,kulgam,2025,4,8103,15094
jammu & kashmir,kulgam,2026,1,8104,15322
jammu & kashmir,kulgam,2026,2,8105,15825
jammu & kashmir,kupwara,2018,4,8075,2
jammu & kashmir,kupwara,2019,1,8076,24
jammu & kashmir,kupwara,2019,2,8077,88
jammu & kashmir,kupwara,2019,3,8078,97
jammu & kashmir,kupwara,2019,4,8079,101
jammu & kashmir,kupwara,2020,1,8080,107
jammu & kashmir,kupwara,2020,2,8081,118
jammu & kashmir,kupwara,2020,3,8082,619
jammu & kashmir,kupwara,2020,4,8083,1302
jammu & kashmir,kupwara,2021,1,8084,2047
jammu & kashmir,kupwara,2021,2,8085,2284
jammu & kashmir,kupwara,2021,3,8086,3297
jammu & kashmir,kupwara,2021,4,8087,5077
jammu & kashmir,kupwara,2022,1,8088,6666
jammu & kashmir,kupwara,2022,2,8089,8327
jammu & kashmir,kupwara,2022,3,8090,9682
jammu & kashmir,kupwara,2022,4,8091,11183
jammu & kashmir,kupwara,2023,1,8092,13534
jammu & kashmir,kupwara,2023,2,8093,15233
jammu & kashmir,kupwara,2023,3,8094,16115
jammu & kashmir,kupwara,2023,4,8095,16503
jammu & kashmir,kupwara,2024,1,8096,16876
jammu & kashmir,kupwara,2024,2,8097,17357
jammu & kashmir,kupwara,2024,3,8098,17960
jammu & kashmir,kupwara,2024,4,8099,18550
jammu & kashmir,kupwara,2025,1,8100,19196
jammu & kashmir,kupwara,2025,2,8101,20202
jammu & kashmir,kupwara,2025,3,8102,21309
jammu & kashmir,kupwara,2025,4,8103,22988
jammu & kashmir,kupwara,2026,1,8104,23564
jammu & kashmir,kupwara,2026,2,8105,24191
jammu & kashmir,mirpur,2021,2,8085,2
jammu & kashmir,mirpur,2021,3,8086,2
jammu & kashmir,mirpur,2021,4,8087,2
jammu & kashmir,mirpur,2022,1,8088,2
jammu & kashmir,mirpur,2022,2,8089,3
jammu & kashmir,mirpur,2022,3,8090,4
jammu & kashmir,mirpur,2022,4,8091,4
jammu & kashmir,mirpur,2023,1,8092,5
jammu & kashmir,mirpur,2023,2,8093,5
jammu & kashmir,mirpur,2023,3,8094,5
jammu & kashmir,mirpur,2023,4,8095,8
jammu & kashmir,mirpur,2024,1,8096,8
jammu & kashmir,mirpur,2024,2,8097,8
jammu & kashmir,mirpur,2024,3,8098,8
jammu & kashmir,mirpur,2024,4,8099,8
jammu & kashmir,mirpur,2025,1,8100,8
jammu & kashmir,mirpur,2025,2,8101,9
jammu & kashmir,mirpur,2025,3,8102,10
jammu & kashmir,mirpur,2025,4,8103,10
jammu & kashmir,mirpur,2026,1,8104,10
jammu & kashmir,mirpur,2026,2,8105,10
jammu & kashmir,muzaffarabad,2019,2,8077,2
jammu & kashmir,muzaffarabad,2019,3,8078,2
jammu & kashmir,muzaffarabad,2019,4,8079,2
jammu & kashmir,muzaffarabad,2020,1,8080,2
jammu & kashmir,muzaffarabad,2020,2,8081,2
jammu & kashmir,muzaffarabad,2020,3,8082,2
jammu & kashmir,muzaffarabad,2020,4,8083,2
jammu & kashmir,muzaffarabad,2021,1,8084,2
jammu & kashmir,muzaffarabad,2021,2,8085,2
jammu & kashmir,muzaffarabad,2021,3,8086,3
jammu & kashmir,muzaffarabad,2021,4,8087,3
jammu & kashmir,muzaffarabad,2022,1,8088,3
jammu & kashmir,muzaffarabad,2022,2,8089,3
jammu & kashmir,muzaffarabad,2022,3,8090,4
jammu & kashmir,muzaffarabad,2022,4,8091,5
jammu & kashmir,muzaffarabad,2023,1,8092,5
jammu & kashmir,muzaffarabad,2023,2,8093,5
jammu & kashmir,muzaffarabad,2023,3,8094,5
jammu & kashmir,muzaffarabad,2023,4,8095,7
jammu & kashmir,muzaffarabad,2024,1,8096,7
jammu & kashmir,muzaffarabad,2024,2,8097,7
jammu & kashmir,muzaffarabad,2024,3,8098,7
jammu & kashmir,muzaffarabad,2024,4,8099,7
jammu & kashmir,muzaffarabad,2025,1,8100,7
jammu & kashmir,muzaffarabad,2025,2,8101,7
jammu & kashmir,muzaffarabad,2025,3,8102,7
jammu & kashmir,muzaffarabad,2025,4,8103,7
jammu & kashmir,muzaffarabad,2026,1,8104,7
jammu & kashmir,muzaffarabad,2026,2,8105,7
jammu & kashmir,poonch,2018,3,8074,6
jammu & kashmir,poonch,2018,4,8075,6
jammu & kashmir,poonch,2019,1,8076,18
jammu & kashmir,poonch,2019,2,8077,24
jammu & kashmir,poonch,2019,3,8078,27
jammu & kashmir,poonch,2019,4,8079,31
jammu & kashmir,poonch,2020,1,8080,38
jammu & kashmir,poonch,2020,2,8081,42
jammu & kashmir,poonch,2020,3,8082,78
jammu & kashmir,poonch,2020,4,8083,302
jammu & kashmir,poonch,2021,1,8084,343
jammu & kashmir,poonch,2021,2,8085,435
jammu & kashmir,poonch,2021,3,8086,508
jammu & kashmir,poonch,2021,4,8087,667
jammu & kashmir,poonch,2022,1,8088,1459
jammu & kashmir,poonch,2022,2,8089,2057
jammu & kashmir,poonch,2022,3,8090,3142
jammu & kashmir,poonch,2022,4,8091,3719
jammu & kashmir,poonch,2023,1,8092,4189
jammu & kashmir,poonch,2023,2,8093,4448
jammu & kashmir,poonch,2023,3,8094,4835
jammu & kashmir,poonch,2023,4,8095,5158
jammu & kashmir,poonch,2024,1,8096,5544
jammu & kashmir,poonch,2024,2,8097,6019
jammu & kashmir,poonch,2024,3,8098,6435
jammu & kashmir,poonch,2024,4,8099,6890
jammu & kashmir,poonch,2025,1,8100,7228
jammu & kashmir,poonch,2025,2,8101,7532
jammu & kashmir,poonch,2025,3,8102,7898
jammu & kashmir,poonch,2025,4,8103,8273
jammu & kashmir,poonch,2026,1,8104,8390
jammu & kashmir,poonch,2026,2,8105,8647
jammu & kashmir,pulwama,2019,1,8076,51
jammu & kashmir,pulwama,2019,2,8077,91
jammu & kashmir,pulwama,2019,3,8078,101
jammu & kashmir,pulwama,2019,4,8079,104
jammu & kashmir,pulwama,2020,1,8080,110
jammu & kashmir,pulwama,2020,2,8081,117
jammu & kashmir,pulwama,2020,3,8082,330
jammu & kashmir,pulwama,2020,4,8083,526
jammu & kashmir,pulwama,2021,1,8084,1092
jammu & kashmir,pulwama,2021,2,8085,1157
jammu & kashmir,pulwama,2021,3,8086,1802
jammu & kashmir,pulwama,2021,4,8087,2125
jammu & kashmir,pulwama,2022,1,8088,3097
jammu & kashmir,pulwama,2022,2,8089,3502
jammu & kashmir,pulwama,2022,3,8090,4211
jammu & kashmir,pulwama,2022,4,8091,5135
jammu & kashmir,pulwama,2023,1,8092,5671
jammu & kashmir,pulwama,2023,2,8093,6184
jammu & kashmir,pulwama,2023,3,8094,6637
jammu & kashmir,pulwama,2023,4,8095,7219
jammu & kashmir,pulwama,2024,1,8096,7734
jammu & kashmir,pulwama,2024,2,8097,8278
jammu & kashmir,pulwama,2024,3,8098,8855
jammu & kashmir,pulwama,2024,4,8099,9213
jammu & kashmir,pulwama,2025,1,8100,9355
jammu & kashmir,pulwama,2025,2,8101,9575
jammu & kashmir,pulwama,2025,3,8102,9801
jammu & kashmir,pulwama,2025,4,8103,10051
jammu & kashmir,pulwama,2026,1,8104,10204
jammu & kashmir,pulwama,2026,2,8105,10444
jammu & kashmir,rajouri,2019,1,8076,8
jammu & kashmir,rajouri,2019,2,8077,33
jammu & kashmir,rajouri,2019,3,8078,44
jammu & kashmir,rajouri,2019,4,8079,47
jammu & kashmir,rajouri,2020,1,8080,58
jammu & kashmir,rajouri,2020,2,8081,72
jammu & kashmir,rajouri,2020,3,8082,170
jammu & kashmir,rajouri,2020,4,8083,363
jammu & kashmir,rajouri,2021,1,8084,535
jammu & kashmir,rajouri,2021,2,8085,687
jammu & kashmir,rajouri,2021,3,8086,1072
jammu & kashmir,rajouri,2021,4,8087,2213
jammu & kashmir,rajouri,2022,1,8088,3337
jammu & kashmir,rajouri,2022,2,8089,4196
jammu & kashmir,rajouri,2022,3,8090,5073
jammu & kashmir,rajouri,2022,4,8091,6024
jammu & kashmir,rajouri,2023,1,8092,6661
jammu & kashmir,rajouri,2023,2,8093,7244
jammu & kashmir,rajouri,2023,3,8094,8113
jammu & kashmir,rajouri,2023,4,8095,8673
jammu & kashmir,rajouri,2024,1,8096,8969
jammu & kashmir,rajouri,2024,2,8097,9488
jammu & kashmir,rajouri,2024,3,8098,10077
jammu & kashmir,rajouri,2024,4,8099,10546
jammu & kashmir,rajouri,2025,1,8100,11206
jammu & kashmir,rajouri,2025,2,8101,11737
jammu & kashmir,rajouri,2025,3,8102,12174
jammu & kashmir,rajouri,2025,4,8103,12819
jammu & kashmir,rajouri,2026,1,8104,13175
jammu & kashmir,rajouri,2026,2,8105,13542
jammu & kashmir,ramban,2018,4,8075,1
jammu & kashmir,ramban,2019,1,8076,7
jammu & kashmir,ramban,2019,2,8077,18
jammu & kashmir,ramban,2019,3,8078,22
jammu & kashmir,ramban,2019,4,8079,24
jammu & kashmir,ramban,2020,1,8080,31
jammu & kashmir,ramban,2020,2,8081,41
jammu & kashmir,ramban,2020,3,8082,43
jammu & kashmir,ramban,2020,4,8083,48
jammu & kashmir,ramban,2021,1,8084,156
jammu & kashmir,ramban,2021,2,8085,328
jammu & kashmir,ramban,2021,3,8086,657
jammu & kashmir,ramban,2021,4,8087,784
jammu & kashmir,ramban,2022,1,8088,945
jammu & kashmir,ramban,2022,2,8089,1147
jammu & kashmir,ramban,2022,3,8090,1379
jammu & kashmir,ramban,2022,4,8091,1805
jammu & kashmir,ramban,2023,1,8092,2155
jammu & kashmir,ramban,2023,2,8093,2283
jammu & kashmir,ramban,2023,3,8094,2423
jammu & kashmir,ramban,2023,4,8095,2433
jammu & kashmir,ramban,2024,1,8096,2495
jammu & kashmir,ramban,2024,2,8097,2555
jammu & kashmir,ramban,2024,3,8098,2569
jammu & kashmir,ramban,2024,4,8099,2580
jammu & kashmir,ramban,2025,1,8100,2597
jammu & kashmir,ramban,2025,2,8101,2642
jammu & kashmir,ramban,2025,3,8102,2730
jammu & kashmir,ramban,2025,4,8103,3249
jammu & kashmir,ramban,2026,1,8104,3405
jammu & kashmir,ramban,2026,2,8105,3597
jammu & kashmir,reasi,2019,1,8076,4
jammu & kashmir,reasi,2019,2,8077,66
jammu & kashmir,reasi,2019,3,8078,79
jammu & kashmir,reasi,2019,4,8079,88
jammu & kashmir,reasi,2020,1,8080,105
jammu & kashmir,reasi,2020,2,8081,129
jammu & kashmir,reasi,2020,3,8082,315
jammu & kashmir,reasi,2020,4,8083,717
jammu & kashmir,reasi,2021,1,8084,1317
jammu & kashmir,reasi,2021,2,8085,1642
jammu & kashmir,reasi,2021,3,8086,1992
jammu & kashmir,reasi,2021,4,8087,2930
jammu & kashmir,reasi,2022,1,8088,3956
jammu & kashmir,reasi,2022,2,8089,4492
jammu & kashmir,reasi,2022,3,8090,4998
jammu & kashmir,reasi,2022,4,8091,5505
jammu & kashmir,reasi,2023,1,8092,5761
jammu & kashmir,reasi,2023,2,8093,6030
jammu & kashmir,reasi,2023,3,8094,6314
jammu & kashmir,reasi,2023,4,8095,6509
jammu & kashmir,reasi,2024,1,8096,6749
jammu & kashmir,reasi,2024,2,8097,7079
jammu & kashmir,reasi,2024,3,8098,7200
jammu & kashmir,reasi,2024,4,8099,7309
jammu & kashmir,reasi,2025,1,8100,7391
jammu & kashmir,reasi,2025,2,8101,7585
jammu & kashmir,reasi,2025,3,8102,7872
jammu & kashmir,reasi,2025,4,8103,8245
jammu & kashmir,reasi,2026,1,8104,8554
jammu & kashmir,reasi,2026,2,8105,9108
jammu & kashmir,samba,2019,1,8076,10
jammu & kashmir,samba,2019,2,8077,352
jammu & kashmir,samba,2019,3,8078,413
jammu & kashmir,samba,2019,4,8079,416
jammu & kashmir,samba,2020,1,8080,429
jammu & kashmir,samba,2020,2,8081,439
jammu & kashmir,samba,2020,3,8082,675
jammu & kashmir,samba,2020,4,8083,879
jammu & kashmir,samba,2021,1,8084,1336
jammu & kashmir,samba,2021,2,8085,1516
jammu & kashmir,samba,2021,3,8086,2014
jammu & kashmir,samba,2021,4,8087,3137
jammu & kashmir,samba,2022,1,8088,4391
jammu & kashmir,samba,2022,2,8089,5259
jammu & kashmir,samba,2022,3,8090,6637
jammu & kashmir,samba,2022,4,8091,7827
jammu & kashmir,samba,2023,1,8092,8417
jammu & kashmir,samba,2023,2,8093,8825
jammu & kashmir,samba,2023,3,8094,9288
jammu & kashmir,samba,2023,4,8095,9623
jammu & kashmir,samba,2024,1,8096,10035
jammu & kashmir,samba,2024,2,8097,10542
jammu & kashmir,samba,2024,3,8098,10999
jammu & kashmir,samba,2024,4,8099,11379
jammu & kashmir,samba,2025,1,8100,11749
jammu & kashmir,samba,2025,2,8101,12196
jammu & kashmir,samba,2025,3,8102,12734
jammu & kashmir,samba,2025,4,8103,13319
jammu & kashmir,samba,2026,1,8104,13663
jammu & kashmir,samba,2026,2,8105,13915
jammu & kashmir,shopian,2019,1,8076,11
jammu & kashmir,shopian,2019,2,8077,20
jammu & kashmir,shopian,2019,3,8078,21
jammu & kashmir,shopian,2019,4,8079,22
jammu & kashmir,shopian,2020,1,8080,23
jammu & kashmir,shopian,2020,2,8081,27
jammu & kashmir,shopian,2020,3,8082,29
jammu & kashmir,shopian,2020,4,8083,34
jammu & kashmir,shopian,2021,1,8084,186
jammu & kashmir,shopian,2021,2,8085,198
jammu & kashmir,shopian,2021,3,8086,320
jammu & kashmir,shopian,2021,4,8087,905
jammu & kashmir,shopian,2022,1,8088,2058
jammu & kashmir,shopian,2022,2,8089,2959
jammu & kashmir,shopian,2022,3,8090,3823
jammu & kashmir,shopian,2022,4,8091,4318
jammu & kashmir,shopian,2023,1,8092,4930
jammu & kashmir,shopian,2023,2,8093,5784
jammu & kashmir,shopian,2023,3,8094,6582
jammu & kashmir,shopian,2023,4,8095,6958
jammu & kashmir,shopian,2024,1,8096,7893
jammu & kashmir,shopian,2024,2,8097,8567
jammu & kashmir,shopian,2024,3,8098,9518
jammu & kashmir,shopian,2024,4,8099,10257
jammu & kashmir,shopian,2025,1,8100,11061
jammu & kashmir,shopian,2025,2,8101,11354
jammu & kashmir,shopian,2025,3,8102,11417
jammu & kashmir,shopian,2025,4,8103,11494
jammu & kashmir,shopian,2026,1,8104,11598
jammu & kashmir,shopian,2026,2,8105,11766
jammu & kashmir,srinagar,2018,3,8074,1
jammu & kashmir,srinagar,2018,4,8075,3
jammu & kashmir,srinagar,2019,1,8076,217
jammu & kashmir,srinagar,2019,2,8077,406
jammu & kashmir,srinagar,2019,3,8078,437
jammu & kashmir,srinagar,2019,4,8079,455
jammu & kashmir,srinagar,2020,1,8080,480
jammu & kashmir,srinagar,2020,2,8081,503
jammu & kashmir,srinagar,2020,3,8082,1462
jammu & kashmir,srinagar,2020,4,8083,1995
jammu & kashmir,srinagar,2021,1,8084,3440
jammu & kashmir,srinagar,2021,2,8085,4584
jammu & kashmir,srinagar,2021,3,8086,6124
jammu & kashmir,srinagar,2021,4,8087,10277
jammu & kashmir,srinagar,2022,1,8088,14055
jammu & kashmir,srinagar,2022,2,8089,17590
jammu & kashmir,srinagar,2022,3,8090,20230
jammu & kashmir,srinagar,2022,4,8091,24163
jammu & kashmir,srinagar,2023,1,8092,27417
jammu & kashmir,srinagar,2023,2,8093,29320
jammu & kashmir,srinagar,2023,3,8094,30651
jammu & kashmir,srinagar,2023,4,8095,31620
jammu & kashmir,srinagar,2024,1,8096,32959
jammu & kashmir,srinagar,2024,2,8097,34189
jammu & kashmir,srinagar,2024,3,8098,34944
jammu & kashmir,srinagar,2024,4,8099,35763
jammu & kashmir,srinagar,2025,1,8100,36948
jammu & kashmir,srinagar,2025,2,8101,38688
jammu & kashmir,srinagar,2025,3,8102,40226
jammu & kashmir,srinagar,2025,4,8103,41696
jammu & kashmir,srinagar,2026,1,8104,42635
jammu & kashmir,srinagar,2026,2,8105,44070
jammu & kashmir,udhampur,2019,1,8076,14
jammu & kashmir,udhampur,2019,2,8077,54
jammu & kashmir,udhampur,2019,3,8078,70
jammu & kashmir,udhampur,2019,4,8079,76
jammu & kashmir,udhampur,2020,1,8080,87
jammu & kashmir,udhampur,2020,2,8081,240
jammu & kashmir,udhampur,2020,3,8082,463
jammu & kashmir,udhampur,2020,4,8083,965
jammu & kashmir,udhampur,2021,1,8084,1648
jammu & kashmir,udhampur,2021,2,8085,2120
jammu & kashmir,udhampur,2021,3,8086,3115
jammu & kashmir,udhampur,2021,4,8087,4082
jammu & kashmir,udhampur,2022,1,8088,5044
jammu & kashmir,udhampur,2022,2,8089,5672
jammu & kashmir,udhampur,2022,3,8090,6314
jammu & kashmir,udhampur,2022,4,8091,7194
jammu & kashmir,udhampur,2023,1,8092,7592
jammu & kashmir,udhampur,2023,2,8093,7682
jammu & kashmir,udhampur,2023,3,8094,7809
jammu & kashmir,udhampur,2023,4,8095,7866
jammu & kashmir,udhampur,2024,1,8096,7915
jammu & kashmir,udhampur,2024,2,8097,8072
jammu & kashmir,udhampur,2024,3,8098,8122
jammu & kashmir,udhampur,2024,4,8099,8221
jammu & kashmir,udhampur,2025,1,8100,8481
jammu & kashmir,udhampur,2025,2,8101,9054
jammu & kashmir,udhampur,2025,3,8102,9665
jammu & kashmir,udhampur,2025,4,8103,10395
jammu & kashmir,udhampur,2026,1,8104,10634
jammu & kashmir,udhampur,2026,2,8105,10873
jharkhand,bokaro,2018,3,8074,3
jharkhand,bokaro,2018,4,8075,30
jharkhand,bokaro,2019,1,8076,6335
jharkhand,bokaro,2019,2,8077,13127
jharkhand,bokaro,2019,3,8078,18334
jharkhand,bokaro,2019,4,8079,21013
jharkhand,bokaro,2020,1,8080,25105
jharkhand,bokaro,2020,2,8081,26859
jharkhand,bokaro,2020,3,8082,32465
jharkhand,bokaro,2020,4,8083,39846
jharkhand,bokaro,2021,1,8084,46048
jharkhand,bokaro,2021,2,8085,48603
jharkhand,bokaro,2021,3,8086,52388
jharkhand,bokaro,2021,4,8087,56702
jharkhand,bokaro,2022,1,8088,62256
jharkhand,bokaro,2022,2,8089,65724
jharkhand,bokaro,2022,3,8090,67979
jharkhand,bokaro,2022,4,8091,69577
jharkhand,bokaro,2023,1,8092,66998
jharkhand,bokaro,2023,2,8093,67635
jharkhand,bokaro,2023,3,8094,69238
jharkhand,bokaro,2023,4,8095,71245
jharkhand,bokaro,2024,1,8096,73484
jharkhand,bokaro,2024,2,8097,75674
jharkhand,bokaro,2024,3,8098,77696
jharkhand,bokaro,2024,4,8099,79491
jharkhand,bokaro,2025,1,8100,80891
jharkhand,bokaro,2025,2,8101,82627
jharkhand,bokaro,2025,3,8102,84804
jharkhand,bokaro,2025,4,8103,87488
jharkhand,bokaro,2026,1,8104,89695
jharkhand,bokaro,2026,2,8105,92190
jharkhand,chatra,2018,4,8075,5
jharkhand,chatra,2019,1,8076,240
jharkhand,chatra,2019,2,8077,1146
jharkhand,chatra,2019,3,8078,1574
jharkhand,chatra,2019,4,8079,1913
jharkhand,chatra,2020,1,8080,2348
jharkhand,chatra,2020,2,8081,2540
jharkhand,chatra,2020,3,8082,3255
jharkhand,chatra,2020,4,8083,6036
jharkhand,chatra,2021,1,8084,8311
jharkhand,chatra,2021,2,8085,9760
jharkhand,chatra,2021,3,8086,11933
jharkhand,chatra,2021,4,8087,14435
jharkhand,chatra,2022,1,8088,17668
jharkhand,chatra,2022,2,8089,19761
jharkhand,chatra,2022,3,8090,21691
jharkhand,chatra,2022,4,8091,24005
jharkhand,chatra,2023,1,8092,24476
jharkhand,chatra,2023,2,8093,25028
jharkhand,chatra,2023,3,8094,26086
jharkhand,chatra,2023,4,8095,26372
jharkhand,chatra,2024,1,8096,26429
jharkhand,chatra,2024,2,8097,26847
jharkhand,chatra,2024,3,8098,27300
jharkhand,chatra,2024,4,8099,27787
jharkhand,chatra,2025,1,8100,28230
jharkhand,chatra,2025,2,8101,28753
jharkhand,chatra,2025,3,8102,29382
jharkhand,chatra,2025,4,8103,30249
jharkhand,chatra,2026,1,8104,30769
jharkhand,chatra,2026,2,8105,31476
jharkhand,deoghar,2018,3,8074,1
jharkhand,deoghar,2018,4,8075,15
jharkhand,deoghar,2019,1,8076,300
jharkhand,deoghar,2019,2,8077,5119
jharkhand,deoghar,2019,3,8078,7709
jharkhand,deoghar,2019,4,8079,9298
jharkhand,deoghar,2020,1,8080,11461
jharkhand,deoghar,2020,2,8081,12117
jharkhand,deoghar,2020,3,8082,14332
jharkhand,deoghar,2020,4,8083,17139
jharkhand,deoghar,2021,1,8084,20017
jharkhand,deoghar,2021,2,8085,21734
jharkhand,deoghar,2021,3,8086,23824
jharkhand,deoghar,2021,4,8087,25974
jharkhand,deoghar,2022,1,8088,28818
jharkhand,deoghar,2022,2,8089,30622
jharkhand,deoghar,2022,3,8090,32536
jharkhand,deoghar,2022,4,8091,33556
jharkhand,deoghar,2023,1,8092,32581
jharkhand,deoghar,2023,2,8093,33001
jharkhand,deoghar,2023,3,8094,34348
jharkhand,deoghar,2023,4,8095,35075
jharkhand,deoghar,2024,1,8096,35570
jharkhand,deoghar,2024,2,8097,36765
jharkhand,deoghar,2024,3,8098,38141
jharkhand,deoghar,2024,4,8099,39632
jharkhand,deoghar,2025,1,8100,40850
jharkhand,deoghar,2025,2,8101,42021
jharkhand,deoghar,2025,3,8102,43660
jharkhand,deoghar,2025,4,8103,45279
jharkhand,deoghar,2026,1,8104,46492
jharkhand,deoghar,2026,2,8105,47866
jharkhand,dhanbad,2018,4,8075,44
jharkhand,dhanbad,2019,1,8076,8063
jharkhand,dhanbad,2019,2,8077,21256
jharkhand,dhanbad,2019,3,8078,32251
jharkhand,dhanbad,2019,4,8079,39388
jharkhand,dhanbad,2020,1,8080,46241
jharkhand,dhanbad,2020,2,8081,49246
jharkhand,dhanbad,2020,3,8082,57390
jharkhand,dhanbad,2020,4,8083,69458
jharkhand,dhanbad,2021,1,8084,80970
jharkhand,dhanbad,2021,2,8085,85336
jharkhand,dhanbad,2021,3,8086,93638
jharkhand,dhanbad,2021,4,8087,101933
jharkhand,dhanbad,2022,1,8088,111865
jharkhand,dhanbad,2022,2,8089,118498
jharkhand,dhanbad,2022,3,8090,122317
jharkhand,dhanbad,2022,4,8091,124758
jharkhand,dhanbad,2023,1,8092,119880
jharkhand,dhanbad,2023,2,8093,121243
jharkhand,dhanbad,2023,3,8094,123256
jharkhand,dhanbad,2023,4,8095,125956
jharkhand,dhanbad,2024,1,8096,129448
jharkhand,dhanbad,2024,2,8097,133805
jharkhand,dhanbad,2024,3,8098,137861
jharkhand,dhanbad,2024,4,8099,141395
jharkhand,dhanbad,2025,1,8100,145430
jharkhand,dhanbad,2025,2,8101,148978
jharkhand,dhanbad,2025,3,8102,152144
jharkhand,dhanbad,2025,4,8103,156354
jharkhand,dhanbad,2026,1,8104,158784
jharkhand,dhanbad,2026,2,8105,160903
jharkhand,dumka,2018,4,8075,3
jharkhand,dumka,2019,1,8076,152
jharkhand,dumka,2019,2,8077,880
jharkhand,dumka,2019,3,8078,1107
jharkhand,dumka,2019,4,8079,1369
jharkhand,dumka,2020,1,8080,1787
jharkhand,dumka,2020,2,8081,1948
jharkhand,dumka,2020,3,8082,2420
jharkhand,dumka,2020,4,8083,3799
jharkhand,dumka,2021,1,8084,4764
jharkhand,dumka,2021,2,8085,5351
jharkhand,dumka,2021,3,8086,6605
jharkhand,dumka,2021,4,8087,8192
jharkhand,dumka,2022,1,8088,9869
jharkhand,dumka,2022,2,8089,10761
jharkhand,dumka,2022,3,8090,11406
jharkhand,dumka,2022,4,8091,11724
jharkhand,dumka,2023,1,8092,11704
jharkhand,dumka,2023,2,8093,11890
jharkhand,dumka,2023,3,8094,12186
jharkhand,dumka,2023,4,8095,12404
jharkhand,dumka,2024,1,8096,12576
jharkhand,dumka,2024,2,8097,12900
jharkhand,dumka,2024,3,8098,13217
jharkhand,dumka,2024,4,8099,13459
jharkhand,dumka,2025,1,8100,13616
jharkhand,dumka,2025,2,8101,13843
jharkhand,dumka,2025,3,8102,14283
jharkhand,dumka,2025,4,8103,14803
jharkhand,dumka,2026,1,8104,15257
jharkhand,dumka,2026,2,8105,15734
jharkhand,east singhbhum,2018,3,8074,2
jharkhand,east singhbhum,2018,4,8075,30
jharkhand,east singhbhum,2019,1,8076,5343
jharkhand,east singhbhum,2019,2,8077,14278
jharkhand,east singhbhum,2019,3,8078,22008
jharkhand,east singhbhum,2019,4,8079,25522
jharkhand,east singhbhum,2020,1,8080,30340
jharkhand,east singhbhum,2020,2,8081,32524
jharkhand,east singhbhum,2020,3,8082,39607
jharkhand,east singhbhum,2020,4,8083,47691
jharkhand,east singhbhum,2021,1,8084,52709
jharkhand,east singhbhum,2021,2,8085,55005
jharkhand,east singhbhum,2021,3,8086,58571
jharkhand,east singhbhum,2021,4,8087,61284
jharkhand,east singhbhum,2022,1,8088,64483
jharkhand,east singhbhum,2022,2,8089,66965
jharkhand,east singhbhum,2022,3,8090,69342
jharkhand,east singhbhum,2022,4,8091,71922
jharkhand,east singhbhum,2023,1,8092,68708
jharkhand,east singhbhum,2023,2,8093,69163
jharkhand,east singhbhum,2023,3,8094,70406
jharkhand,east singhbhum,2023,4,8095,72304
jharkhand,east singhbhum,2024,1,8096,75278
jharkhand,east singhbhum,2024,2,8097,78245
jharkhand,east singhbhum,2024,3,8098,81152
jharkhand,east singhbhum,2024,4,8099,83964
jharkhand,east singhbhum,2025,1,8100,86633
jharkhand,east singhbhum,2025,2,8101,89771
jharkhand,east singhbhum,2025,3,8102,92881
jharkhand,east singhbhum,2025,4,8103,96885
jharkhand,east singhbhum,2026,1,8104,98867
jharkhand,east singhbhum,2026,2,8105,101073
jharkhand,garhwa,2018,4,8075,1
jharkhand,garhwa,2019,1,8076,323
jharkhand,garhwa,2019,2,8077,834
jharkhand,garhwa,2019,3,8078,1146
jharkhand,garhwa,2019,4,8079,1354
jharkhand,garhwa,2020,1,8080,1780
jharkhand,garhwa,2020,2,8081,1980
jharkhand,garhwa,2020,3,8082,2356
jharkhand,garhwa,2020,4,8083,4673
jharkhand,garhwa,2021,1,8084,6087
jharkhand,garhwa,2021,2,8085,7134
jharkhand,garhwa,2021,3,8086,9324
jharkhand,garhwa,2021,4,8087,12112
jharkhand,garhwa,2022,1,8088,15314
jharkhand,garhwa,2022,2,8089,16914
jharkhand,garhwa,2022,3,8090,17831
jharkhand,garhwa,2022,4,8091,19443
jharkhand,garhwa,2023,1,8092,20287
jharkhand,garhwa,2023,2,8093,20945
jharkhand,garhwa,2023,3,8094,21391
jharkhand,garhwa,2023,4,8095,21779
jharkhand,garhwa,2024,1,8096,21910
jharkhand,garhwa,2024,2,8097,22603
jharkhand,garhwa,2024,3,8098,23490
jharkhand,garhwa,2024,4,8099,25241
jharkhand,garhwa,2025,1,8100,26260
jharkhand,garhwa,2025,2,8101,26946
jharkhand,garhwa,2025,3,8102,27696
jharkhand,garhwa,2025,4,8103,29160
jharkhand,garhwa,2026,1,8104,30149
jharkhand,garhwa,2026,2,8105,31016
jharkhand,giridih,2018,4,8075,13
jharkhand,giridih,2019,1,8076,718
jharkhand,giridih,2019,2,8077,2826
jharkhand,giridih,2019,3,8078,3912
jharkhand,giridih,2019,4,8079,4739
jharkhand,giridih,2020,1,8080,5568
jharkhand,giridih,2020,2,8081,5970
jharkhand,giridih,2020,3,8082,7050
jharkhand,giridih,2020,4,8083,11962
jharkhand,giridih,2021,1,8084,16787
jharkhand,giridih,2021,2,8085,19561
jharkhand,giridih,2021,3,8086,24958
jharkhand,giridih,2021,4,8087,31164
jharkhand,giridih,2022,1,8088,36420
jharkhand,giridih,2022,2,8089,39579
jharkhand,giridih,2022,3,8090,42415
jharkhand,giridih,2022,4,8091,45388
jharkhand,giridih,2023,1,8092,46299
jharkhand,giridih,2023,2,8093,47214
jharkhand,giridih,2023,3,8094,48652
jharkhand,giridih,2023,4,8095,49764
jharkhand,giridih,2024,1,8096,51001
jharkhand,giridih,2024,2,8097,52471
jharkhand,giridih,2024,3,8098,54346
jharkhand,giridih,2024,4,8099,55930
jharkhand,giridih,2025,1,8100,57090
jharkhand,giridih,2025,2,8101,58390
jharkhand,giridih,2025,3,8102,60272
jharkhand,giridih,2025,4,8103,62232
jharkhand,giridih,2026,1,8104,63998
jharkhand,giridih,2026,2,8105,65886
jharkhand,godda,2018,4,8075,3
jharkhand,godda,2019,1,8076,167
jharkhand,godda,2019,2,8077,537
jharkhand,godda,2019,3,8078,665
jharkhand,godda,2019,4,8079,877
jharkhand,godda,2020,1,8080,1064
jharkhand,godda,2020,2,8081,1207
jharkhand,godda,2020,3,8082,1549
jharkhand,godda,2020,4,8083,2616
jharkhand,godda,2021,1,8084,4385
jharkhand,godda,2021,2,8085,5437
jharkhand,godda,2021,3,8086,7827
jharkhand,godda,2021,4,8087,10343
jharkhand,godda,2022,1,8088,12404
jharkhand,godda,2022,2,8089,13438
jharkhand,godda,2022,3,8090,14348
jharkhand,godda,2022,4,8091,15020
jharkhand,godda,2023,1,8092,15945
jharkhand,godda,2023,2,8093,17243
jharkhand,godda,2023,3,8094,18118
jharkhand,godda,2023,4,8095,18668
jharkhand,godda,2024,1,8096,19146
jharkhand,godda,2024,2,8097,19751
jharkhand,godda,2024,3,8098,20494
jharkhand,godda,2024,4,8099,21171
jharkhand,godda,2025,1,8100,21898
jharkhand,godda,2025,2,8101,22489
jharkhand,godda,2025,3,8102,23005
jharkhand,godda,2025,4,8103,23672
jharkhand,godda,2026,1,8104,24362
jharkhand,godda,2026,2,8105,25126
jharkhand,gumla,2018,3,8074,1
jharkhand,gumla,2018,4,8075,1
jharkhand,gumla,2019,1,8076,296
jharkhand,gumla,2019,2,8077,492
jharkhand,gumla,2019,3,8078,601
jharkhand,gumla,2019,4,8079,711
jharkhand,gumla,2020,1,8080,894
jharkhand,gumla,2020,2,8081,962
jharkhand,gumla,2020,3,8082,1168
jharkhand,gumla,2020,4,8083,1379
jharkhand,gumla,2021,1,8084,2337
jharkhand,gumla,2021,2,8085,2683
jharkhand,gumla,2021,3,8086,3000
jharkhand,gumla,2021,4,8087,3090
jharkhand,gumla,2022,1,8088,3237
jharkhand,gumla,2022,2,8089,3423
jharkhand,gumla,2022,3,8090,3774
jharkhand,gumla,2022,4,8091,3886
jharkhand,gumla,2023,1,8092,3790
jharkhand,gumla,2023,2,8093,3819
jharkhand,gumla,2023,3,8094,3913
jharkhand,gumla,2023,4,8095,3969
jharkhand,gumla,2024,1,8096,4160
jharkhand,gumla,2024,2,8097,4519
jharkhand,gumla,2024,3,8098,4977
jharkhand,gumla,2024,4,8099,5231
jharkhand,gumla,2025,1,8100,5513
jharkhand,gumla,2025,2,8101,5626
jharkhand,gumla,2025,3,8102,5699
jharkhand,gumla,2025,4,8103,5746
jharkhand,gumla,2026,1,8104,5864
jharkhand,gumla,2026,2,8105,6097
jharkhand,hazaribag,2018,3,8074,1
jharkhand,hazaribag,2018,4,8075,28
jharkhand,hazaribag,2019,1,8076,1985
jharkhand,hazaribag,2019,2,8077,5967
jharkhand,hazaribag,2019,3,8078,9299
jharkhand,hazaribag,2019,4,8079,11246
jharkhand,hazaribag,2020,1,8080,12909
jharkhand,hazaribag,2020,2,8081,13781
jharkhand,hazaribag,2020,3,8082,16124
jharkhand,hazaribag,2020,4,8083,21285
jharkhand,hazaribag,2021,1,8084,25642
jharkhand,hazaribag,2021,2,8085,28136
jharkhand,hazaribag,2021,3,8086,33694
jharkhand,hazaribag,2021,4,8087,38861
jharkhand,hazaribag,2022,1,8088,44108
jharkhand,hazaribag,2022,2,8089,47575
jharkhand,hazaribag,2022,3,8090,51438
jharkhand,hazaribag,2022,4,8091,56043
jharkhand,hazaribag,2023,1,8092,57561
jharkhand,hazaribag,2023,2,8093,58762
jharkhand,hazaribag,2023,3,8094,61219
jharkhand,hazaribag,2023,4,8095,62948
jharkhand,hazaribag,2024,1,8096,64621
jharkhand,hazaribag,2024,2,8097,66484
jharkhand,hazaribag,2024,3,8098,68301
jharkhand,hazaribag,2024,4,8099,70126
jharkhand,hazaribag,2025,1,8100,72043
jharkhand,hazaribag,2025,2,8101,73893
jharkhand,hazaribag,2025,3,8102,76049
jharkhand,hazaribag,2025,4,8103,78263
jharkhand,hazaribag,2026,1,8104,79940
jharkhand,hazaribag,2026,2,8105,81718
jharkhand,jamtara,2018,4,8075,3
jharkhand,jamtara,2019,1,8076,160
jharkhand,jamtara,2019,2,8077,514
jharkhand,jamtara,2019,3,8078,681
jharkhand,jamtara,2019,4,8079,798
jharkhand,jamtara,2020,1,8080,897
jharkhand,jamtara,2020,2,8081,953
jharkhand,jamtara,2020,3,8082,1010
jharkhand,jamtara,2020,4,8083,1448
jharkhand,jamtara,2021,1,8084,1856
jharkhand,jamtara,2021,2,8085,2019
jharkhand,jamtara,2021,3,8086,2420
jharkhand,jamtara,2021,4,8087,2913
jharkhand,jamtara,2022,1,8088,3463
jharkhand,jamtara,2022,2,8089,3962
jharkhand,jamtara,2022,3,8090,4263
jharkhand,jamtara,2022,4,8091,4464
jharkhand,jamtara,2023,1,8092,4466
jharkhand,jamtara,2023,2,8093,4752
jharkhand,jamtara,2023,3,8094,5284
jharkhand,jamtara,2023,4,8095,5525
jharkhand,jamtara,2024,1,8096,5781
jharkhand,jamtara,2024,2,8097,6186
jharkhand,jamtara,2024,3,8098,6525
jharkhand,jamtara,2024,4,8099,6730
jharkhand,jamtara,2025,1,8100,6866
jharkhand,jamtara,2025,2,8101,7028
jharkhand,jamtara,2025,3,8102,7132
jharkhand,jamtara,2025,4,8103,7312
jharkhand,jamtara,2026,1,8104,7601
jharkhand,jamtara,2026,2,8105,7882
jharkhand,khunti,2019,1,8076,327
jharkhand,khunti,2019,2,8077,612
jharkhand,khunti,2019,3,8078,669
jharkhand,khunti,2019,4,8079,741
jharkhand,khunti,2020,1,8080,816
jharkhand,khunti,2020,2,8081,850
jharkhand,khunti,2020,3,8082,1238
jharkhand,khunti,2020,4,8083,1783
jharkhand,khunti,2021,1,8084,2390
jharkhand,khunti,2021,2,8085,2646
jharkhand,khunti,2021,3,8086,2743
jharkhand,khunti,2021,4,8087,2682
jharkhand,khunti,2022,1,8088,2886
jharkhand,khunti,2022,2,8089,2938
jharkhand,khunti,2022,3,8090,3019
jharkhand,khunti,2022,4,8091,3072
jharkhand,khunti,2023,1,8092,2906
jharkhand,khunti,2023,2,8093,2918
jharkhand,khunti,2023,3,8094,3026
jharkhand,khunti,2023,4,8095,3087
jharkhand,khunti,2024,1,8096,3338
jharkhand,khunti,2024,2,8097,3590
jharkhand,khunti,2024,3,8098,3740
jharkhand,khunti,2024,4,8099,3832
jharkhand,khunti,2025,1,8100,3893
jharkhand,khunti,2025,2,8101,3976
jharkhand,khunti,2025,3,8102,4044
jharkhand,khunti,2025,4,8103,4155
jharkhand,khunti,2026,1,8104,4204
jharkhand,khunti,2026,2,8105,4334
jharkhand,koderma,2018,3,8074,2
jharkhand,koderma,2018,4,8075,9
jharkhand,koderma,2019,1,8076,166
jharkhand,koderma,2019,2,8077,592
jharkhand,koderma,2019,3,8078,794
jharkhand,koderma,2019,4,8079,1097
jharkhand,koderma,2020,1,8080,1301
jharkhand,koderma,2020,2,8081,1441
jharkhand,koderma,2020,3,8082,1926
jharkhand,koderma,2020,4,8083,3605
jharkhand,koderma,2021,1,8084,5732
jharkhand,koderma,2021,2,8085,6968
jharkhand,koderma,2021,3,8086,8812
jharkhand,koderma,2021,4,8087,11468
jharkhand,koderma,2022,1,8088,13173
jharkhand,koderma,2022,2,8089,14129
jharkhand,koderma,2022,3,8090,15142
jharkhand,koderma,2022,4,8091,15968
jharkhand,koderma,2023,1,8092,16047
jharkhand,koderma,2023,2,8093,16327
jharkhand,koderma,2023,3,8094,16786
jharkhand,koderma,2023,4,8095,17150
jharkhand,koderma,2024,1,8096,17573
jharkhand,koderma,2024,2,8097,18028
jharkhand,koderma,2024,3,8098,18528
jharkhand,koderma,2024,4,8099,19062
jharkhand,koderma,2025,1,8100,19534
jharkhand,koderma,2025,2,8101,20050
jharkhand,koderma,2025,3,8102,20783
jharkhand,koderma,2025,4,8103,21512
jharkhand,koderma,2026,1,8104,22062
jharkhand,koderma,2026,2,8105,22537
jharkhand,latehar,2019,1,8076,385
jharkhand,latehar,2019,2,8077,1086
jharkhand,latehar,2019,3,8078,1271
jharkhand,latehar,2019,4,8079,1410
jharkhand,latehar,2020,1,8080,1542
jharkhand,latehar,2020,2,8081,1596
jharkhand,latehar,2020,3,8082,1725
jharkhand,latehar,2020,4,8083,2844
jharkhand,latehar,2021,1,8084,3592
jharkhand,latehar,2021,2,8085,4201
jharkhand,latehar,2021,3,8086,5063
jharkhand,latehar,2021,4,8087,5581
jharkhand,latehar,2022,1,8088,6126
jharkhand,latehar,2022,2,8089,6969
jharkhand,latehar,2022,3,8090,7338
jharkhand,latehar,2022,4,8091,7699
jharkhand,latehar,2023,1,8092,7743
jharkhand,latehar,2023,2,8093,8041
jharkhand,latehar,2023,3,8094,8507
jharkhand,latehar,2023,4,8095,8653
jharkhand,latehar,2024,1,8096,8831
jharkhand,latehar,2024,2,8097,9111
jharkhand,latehar,2024,3,8098,9441
jharkhand,latehar,2024,4,8099,9907
jharkhand,latehar,2025,1,8100,10333
jharkhand,latehar,2025,2,8101,10660
jharkhand,latehar,2025,3,8102,10932
jharkhand,latehar,2025,4,8103,11285
jharkhand,latehar,2026,1,8104,11511
jharkhand,latehar,2026,2,8105,11936
jharkhand,lohardaga,2018,3,8074,1
jharkhand,lohardaga,2018,4,8075,1
jharkhand,lohardaga,2019,1,8076,371
jharkhand,lohardaga,2019,2,8077,736
jharkhand,lohardaga,2019,3,8078,912
jharkhand,lohardaga,2019,4,8079,976
jharkhand,lohardaga,2020,1,8080,1098
jharkhand,lohardaga,2020,2,8081,1158
jharkhand,lohardaga,2020,3,8082,1474
jharkhand,lohardaga,2020,4,8083,1720
jharkhand,lohardaga,2021,1,8084,2201
jharkhand,lohardaga,2021,2,8085,2601
jharkhand,lohardaga,2021,3,8086,2911
jharkhand,lohardaga,2021,4,8087,3072
jharkhand,lohardaga,2022,1,8088,3399
jharkhand,lohardaga,2022,2,8089,3583
jharkhand,lohardaga,2022,3,8090,3686
jharkhand,lohardaga,2022,4,8091,3828
jharkhand,lohardaga,2023,1,8092,3732
jharkhand,lohardaga,2023,2,8093,3793
jharkhand,lohardaga,2023,3,8094,3960
jharkhand,lohardaga,2023,4,8095,4039
jharkhand,lohardaga,2024,1,8096,4313
jharkhand,lohardaga,2024,2,8097,4638
jharkhand,lohardaga,2024,3,8098,5043
jharkhand,lohardaga,2024,4,8099,5348
jharkhand,lohardaga,2025,1,8100,5466
jharkhand,lohardaga,2025,2,8101,5539
jharkhand,lohardaga,2025,3,8102,5641
jharkhand,lohardaga,2025,4,8103,6046
jharkhand,lohardaga,2026,1,8104,6526
jharkhand,lohardaga,2026,2,8105,6972
jharkhand,pakur,2018,4,8075,1
jharkhand,pakur,2019,1,8076,73
jharkhand,pakur,2019,2,8077,279
jharkhand,pakur,2019,3,8078,319
jharkhand,pakur,2019,4,8079,385
jharkhand,pakur,2020,1,8080,909
jharkhand,pakur,2020,2,8081,1049
jharkhand,pakur,2020,3,8082,1418
jharkhand,pakur,2020,4,8083,2104
jharkhand,pakur,2021,1,8084,2726
jharkhand,pakur,2021,2,8085,2991
jharkhand,pakur,2021,3,8086,3811
jharkhand,pakur,2021,4,8087,4449
jharkhand,pakur,2022,1,8088,5078
jharkhand,pakur,2022,2,8089,5652
jharkhand,pakur,2022,3,8090,6423
jharkhand,pakur,2022,4,8091,6841
jharkhand,pakur,2023,1,8092,6870
jharkhand,pakur,2023,2,8093,6996
jharkhand,pakur,2023,3,8094,7257
jharkhand,pakur,2023,4,8095,7394
jharkhand,pakur,2024,1,8096,7598
jharkhand,pakur,2024,2,8097,7849
jharkhand,pakur,2024,3,8098,8180
jharkhand,pakur,2024,4,8099,8657
jharkhand,pakur,2025,1,8100,9029
jharkhand,pakur,2025,2,8101,9504
jharkhand,pakur,2025,3,8102,9802
jharkhand,pakur,2025,4,8103,10058
jharkhand,pakur,2026,1,8104,10249
jharkhand,pakur,2026,2,8105,10677
jharkhand,palamu,2018,4,8075,3
jharkhand,palamu,2019,1,8076,564
jharkhand,palamu,2019,2,8077,1927
jharkhand,palamu,2019,3,8078,2726
jharkhand,palamu,2019,4,8079,3370
jharkhand,palamu,2020,1,8080,4262
jharkhand,palamu,2020,2,8081,4724
jharkhand,palamu,2020,3,8082,5855
jharkhand,palamu,2020,4,8083,11326
jharkhand,palamu,2021,1,8084,16315
jharkhand,palamu,2021,2,8085,19818
jharkhand,palamu,2021,3,8086,25313
jharkhand,palamu,2021,4,8087,29114
jharkhand,palamu,2022,1,8088,33507
jharkhand,palamu,2022,2,8089,36058
jharkhand,palamu,2022,3,8090,37966
jharkhand,palamu,2022,4,8091,39646
jharkhand,palamu,2023,1,8092,39500
jharkhand,palamu,2023,2,8093,40160
jharkhand,palamu,2023,3,8094,40981
jharkhand,palamu,2023,4,8095,41582
jharkhand,palamu,2024,1,8096,42044
jharkhand,palamu,2024,2,8097,42834
jharkhand,palamu,2024,3,8098,43763
jharkhand,palamu,2024,4,8099,45136
jharkhand,palamu,2025,1,8100,46332
jharkhand,palamu,2025,2,8101,47621
jharkhand,palamu,2025,3,8102,49266
jharkhand,palamu,2025,4,8103,51230
jharkhand,palamu,2026,1,8104,52681
jharkhand,palamu,2026,2,8105,53967
jharkhand,ramgarh,2018,3,8074,1
jharkhand,ramgarh,2018,4,8075,2
jharkhand,ramgarh,2019,1,8076,1142
jharkhand,ramgarh,2019,2,8077,3781
jharkhand,ramgarh,2019,3,8078,5315
jharkhand,ramgarh,2019,4,8079,6519
jharkhand,ramgarh,2020,1,8080,7550
jharkhand,ramgarh,2020,2,8081,8110
jharkhand,ramgarh,2020,3,8082,9889
jharkhand,ramgarh,2020,4,8083,13404
jharkhand,ramgarh,2021,1,8084,16426
jharkhand,ramgarh,2021,2,8085,18619
jharkhand,ramgarh,2021,3,8086,21758
jharkhand,ramgarh,2021,4,8087,24460
jharkhand,ramgarh,2022,1,8088,27481
jharkhand,ramgarh,2022,2,8089,29516
jharkhand,ramgarh,2022,3,8090,30945
jharkhand,ramgarh,2022,4,8091,31945
jharkhand,ramgarh,2023,1,8092,30706
jharkhand,ramgarh,2023,2,8093,31057
jharkhand,ramgarh,2023,3,8094,32045
jharkhand,ramgarh,2023,4,8095,32765
jharkhand,ramgarh,2024,1,8096,33457
jharkhand,ramgarh,2024,2,8097,34248
jharkhand,ramgarh,2024,3,8098,34890
jharkhand,ramgarh,2024,4,8099,35670
jharkhand,ramgarh,2025,1,8100,36246
jharkhand,ramgarh,2025,2,8101,37131
jharkhand,ramgarh,2025,3,8102,38272
jharkhand,ramgarh,2025,4,8103,39280
jharkhand,ramgarh,2026,1,8104,40039
jharkhand,ramgarh,2026,2,8105,40906
jharkhand,ranchi,2018,3,8074,3
jharkhand,ranchi,2018,4,8075,26
jharkhand,ranchi,2019,1,8076,11129
jharkhand,ranchi,2019,2,8077,22939
jharkhand,ranchi,2019,3,8078,30316
jharkhand,ranchi,2019,4,8079,35248
jharkhand,ranchi,2020,1,8080,41531
jharkhand,ranchi,2020,2,8081,44495
jharkhand,ranchi,2020,3,8082,54204
jharkhand,ranchi,2020,4,8083,63655
jharkhand,ranchi,2021,1,8084,74440
jharkhand,ranchi,2021,2,8085,80102
jharkhand,ranchi,2021,3,8086,88345
jharkhand,ranchi,2021,4,8087,95003
jharkhand,ranchi,2022,1,8088,105530
jharkhand,ranchi,2022,2,8089,112447
jharkhand,ranchi,2022,3,8090,117600
jharkhand,ranchi,2022,4,8091,121332
jharkhand,ranchi,2023,1,8092,114216
jharkhand,ranchi,2023,2,8093,116595
jharkhand,ranchi,2023,3,8094,120421
jharkhand,ranchi,2023,4,8095,125277
jharkhand,ranchi,2024,1,8096,131184
jharkhand,ranchi,2024,2,8097,136973
jharkhand,ranchi,2024,3,8098,142561
jharkhand,ranchi,2024,4,8099,147773
jharkhand,ranchi,2025,1,8100,152730
jharkhand,ranchi,2025,2,8101,158107
jharkhand,ranchi,2025,3,8102,163073
jharkhand,ranchi,2025,4,8103,168158
jharkhand,ranchi,2026,1,8104,172073
jharkhand,ranchi,2026,2,8105,176099
jharkhand,sahibganj,2018,3,8074,1
jharkhand,sahibganj,2018,4,8075,4
jharkhand,sahibganj,2019,1,8076,86
jharkhand,sahibganj,2019,2,8077,269
jharkhand,sahibganj,2019,3,8078,352
jharkhand,sahibganj,2019,4,8079,444
jharkhand,sahibganj,2020,1,8080,515
jharkhand,sahibganj,2020,2,8081,589
jharkhand,sahibganj,2020,3,8082,681
jharkhand,sahibganj,2020,4,8083,2172
jharkhand,sahibganj,2021,1,8084,3933
jharkhand,sahibganj,2021,2,8085,4720
jharkhand,sahibganj,2021,3,8086,6224
jharkhand,sahibganj,2021,4,8087,7959
jharkhand,sahibganj,2022,1,8088,9603
jharkhand,sahibganj,2022,2,8089,10776
jharkhand,sahibganj,2022,3,8090,11726
jharkhand,sahibganj,2022,4,8091,12179
jharkhand,sahibganj,2023,1,8092,12169
jharkhand,sahibganj,2023,2,8093,12511
jharkhand,sahibganj,2023,3,8094,12867
jharkhand,sahibganj,2023,4,8095,13134
jharkhand,sahibganj,2024,1,8096,13416
jharkhand,sahibganj,2024,2,8097,14061
jharkhand,sahibganj,2024,3,8098,14745
jharkhand,sahibganj,2024,4,8099,15442
jharkhand,sahibganj,2025,1,8100,16006
jharkhand,sahibganj,2025,2,8101,16456
jharkhand,sahibganj,2025,3,8102,17123
jharkhand,sahibganj,2025,4,8103,18076
jharkhand,sahibganj,2026,1,8104,18390
jharkhand,sahibganj,2026,2,8105,18727
jharkhand,seraikela kharsawan,2018,4,8075,3
jharkhand,seraikela kharsawan,2019,1,8076,714
jharkhand,seraikela kharsawan,2019,2,8077,2485
jharkhand,seraikela kharsawan,2019,3,8078,3954
jharkhand,seraikela kharsawan,2019,4,8079,4805
jharkhand,seraikela kharsawan,2020,1,8080,6071
jharkhand,seraikela kharsawan,2020,2,8081,6648
jharkhand,seraikela kharsawan,2020,3,8082,8176
jharkhand,seraikela kharsawan,2020,4,8083,10418
jharkhand,seraikela kharsawan,2021,1,8084,11764
jharkhand,seraikela kharsawan,2021,2,8085,12371
jharkhand,seraikela kharsawan,2021,3,8086,13430
jharkhand,seraikela kharsawan,2021,4,8087,14513
jharkhand,seraikela kharsawan,2022,1,8088,15667
jharkhand,seraikela kharsawan,2022,2,8089,16496
jharkhand,seraikela kharsawan,2022,3,8090,17402
jharkhand,seraikela kharsawan,2022,4,8091,17861
jharkhand,seraikela kharsawan,2023,1,8092,17323
jharkhand,seraikela kharsawan,2023,2,8093,17440
jharkhand,seraikela kharsawan,2023,3,8094,17802
jharkhand,seraikela kharsawan,2023,4,8095,18455
jharkhand,seraikela kharsawan,2024,1,8096,19312
jharkhand,seraikela kharsawan,2024,2,8097,20336
jharkhand,seraikela kharsawan,2024,3,8098,21091
jharkhand,seraikela kharsawan,2024,4,8099,22081
jharkhand,seraikela kharsawan,2025,1,8100,22798
jharkhand,seraikela kharsawan,2025,2,8101,23595
jharkhand,seraikela kharsawan,2025,3,8102,24417
jharkhand,seraikela kharsawan,2025,4,8103,25864
jharkhand,seraikela kharsawan,2026,1,8104,26696
jharkhand,seraikela kharsawan,2026,2,8105,27519
jharkhand,simdega,2018,4,8075,1
jharkhand,simdega,2019,1,8076,7
jharkhand,simdega,2019,2,8077,305
jharkhand,simdega,2019,3,8078,321
jharkhand,simdega,2019,4,8079,453
jharkhand,simdega,2020,1,8080,537
jharkhand,simdega,2020,2,8081,589
jharkhand,simdega,2020,3,8082,677
jharkhand,simdega,2020,4,8083,700
jharkhand,simdega,2021,1,8084,743
jharkhand,simdega,2021,2,8085,841
jharkhand,simdega,2021,3,8086,1123
jharkhand,simdega,2021,4,8087,1199
jharkhand,simdega,2022,1,8088,1332
jharkhand,simdega,2022,2,8089,1395
jharkhand,simdega,2022,3,8090,1460
jharkhand,simdega,2022,4,8091,1534
jharkhand,simdega,2023,1,8092,1480
jharkhand,simdega,2023,2,8093,1487
jharkhand,simdega,2023,3,8094,1561
jharkhand,simdega,2023,4,8095,1603
jharkhand,simdega,2024,1,8096,1684
jharkhand,simdega,2024,2,8097,1864
jharkhand,simdega,2024,3,8098,2089
jharkhand,simdega,2024,4,8099,2304
jharkhand,simdega,2025,1,8100,2413
jharkhand,simdega,2025,2,8101,2513
jharkhand,simdega,2025,3,8102,2794
jharkhand,simdega,2025,4,8103,3254
jharkhand,simdega,2026,1,8104,3392
jharkhand,simdega,2026,2,8105,3525
jharkhand,west singhbhum,2018,4,8075,1
jharkhand,west singhbhum,2019,1,8076,69
jharkhand,west singhbhum,2019,2,8077,1288
jharkhand,west singhbhum,2019,3,8078,1718
jharkhand,west singhbhum,2019,4,8079,2052
jharkhand,west singhbhum,2020,1,8080,2332
jharkhand,west singhbhum,2020,2,8081,2460
jharkhand,west singhbhum,2020,3,8082,2780
jharkhand,west singhbhum,2020,4,8083,3742
jharkhand,west singhbhum,2021,1,8084,3915
jharkhand,west singhbhum,2021,2,8085,4037
jharkhand,west singhbhum,2021,3,8086,4292
jharkhand,west singhbhum,2021,4,8087,4595
jharkhand,west singhbhum,2022,1,8088,5153
jharkhand,west singhbhum,2022,2,8089,5571
jharkhand,west singhbhum,2022,3,8090,5934
jharkhand,west singhbhum,2022,4,8091,6187
jharkhand,west singhbhum,2023,1,8092,7367
jharkhand,west singhbhum,2023,2,8093,7378
jharkhand,west singhbhum,2023,3,8094,7476
jharkhand,west singhbhum,2023,4,8095,7814
jharkhand,west singhbhum,2024,1,8096,8070
jharkhand,west singhbhum,2024,2,8097,8609
jharkhand,west singhbhum,2024,3,8098,9070
jharkhand,west singhbhum,2024,4,8099,9625
jharkhand,west singhbhum,2025,1,8100,9906
jharkhand,west singhbhum,2025,2,8101,10170
jharkhand,west singhbhum,2025,3,8102,10442
jharkhand,west singhbhum,2025,4,8103,10922
jharkhand,west singhbhum,2026,1,8104,11224
jharkhand,west singhbhum,2026,2,8105,11581
karnataka,bagalkote,2018,3,8074,2
karnataka,bagalkote,2018,4,8075,27
karnataka,bagalkote,2019,1,8076,1494
karnataka,bagalkote,2019,2,8077,4771
karnataka,bagalkote,2019,3,8078,5998
karnataka,bagalkote,2019,4,8079,6893
karnataka,bagalkote,2020,1,8080,8324
karnataka,bagalkote,2020,2,8081,8792
karnataka,bagalkote,2020,3,8082,10147
karnataka,bagalkote,2020,4,8083,12608
karnataka,bagalkote,2021,1,8084,15693
karnataka,bagalkote,2021,2,8085,17251
karnataka,bagalkote,2021,3,8086,20480
karnataka,bagalkote,2021,4,8087,24775
karnataka,bagalkote,2022,1,8088,27546
karnataka,bagalkote,2022,2,8089,29748
karnataka,bagalkote,2022,3,8090,32090
karnataka,bagalkote,2022,4,8091,33911
karnataka,bagalkote,2023,1,8092,34598
karnataka,bagalkote,2023,2,8093,35057
karnataka,bagalkote,2023,3,8094,35640
karnataka,bagalkote,2023,4,8095,37101
karnataka,bagalkote,2024,1,8096,39305
karnataka,bagalkote,2024,2,8097,41078
karnataka,bagalkote,2024,3,8098,42905
karnataka,bagalkote,2024,4,8099,45145
karnataka,bagalkote,2025,1,8100,47222
karnataka,bagalkote,2025,2,8101,48839
karnataka,bagalkote,2025,3,8102,50171
karnataka,bagalkote,2025,4,8103,51918
karnataka,bagalkote,2026,1,8104,53817
karnataka,bagalkote,2026,2,8105,55759
karnataka,ballari,2018,1,8072,1
karnataka,ballari,2018,2,8073,2
karnataka,ballari,2018,3,8074,18
karnataka,ballari,2018,4,8075,81
karnataka,ballari,2019,1,8076,1923
karnataka,ballari,2019,2,8077,5801
karnataka,ballari,2019,3,8078,8972
karnataka,ballari,2019,4,8079,11376
karnataka,ballari,2020,1,8080,13376
karnataka,ballari,2020,2,8081,14347
karnataka,ballari,2020,3,8082,16809
karnataka,ballari,2020,4,8083,20408
karnataka,ballari,2021,1,8084,24648
karnataka,ballari,2021,2,8085,25893
karnataka,ballari,2021,3,8086,28751
karnataka,ballari,2021,4,8087,31511
karnataka,ballari,2022,1,8088,34557
karnataka,ballari,2022,2,8089,36858
karnataka,ballari,2022,3,8090,38739
karnataka,ballari,2022,4,8091,40227
karnataka,ballari,2023,1,8092,41229
karnataka,ballari,2023,2,8093,42001
karnataka,ballari,2023,3,8094,43348
karnataka,ballari,2023,4,8095,45019
karnataka,ballari,2024,1,8096,47272
karnataka,ballari,2024,2,8097,49592
karnataka,ballari,2024,3,8098,52408
karnataka,ballari,2024,4,8099,54696
karnataka,ballari,2025,1,8100,56885
karnataka,ballari,2025,2,8101,58821
karnataka,ballari,2025,3,8102,60490
karnataka,ballari,2025,4,8103,62372
karnataka,ballari,2026,1,8104,64361
karnataka,ballari,2026,2,8105,66038
karnataka,belagavi,2018,1,8072,3
karnataka,belagavi,2018,2,8073,4
karnataka,belagavi,2018,3,8074,19
karnataka,belagavi,2018,4,8075,102
karnataka,belagavi,2019,1,8076,5959
karnataka,belagavi,2019,2,8077,20213
karnataka,belagavi,2019,3,8078,29146
karnataka,belagavi,2019,4,8079,36753
karnataka,belagavi,2020,1,8080,42800
karnataka,belagavi,2020,2,8081,45675
karnataka,belagavi,2020,3,8082,52115
karnataka,belagavi,2020,4,8083,60920
karnataka,belagavi,2021,1,8084,70617
karnataka,belagavi,2021,2,8085,73642
karnataka,belagavi,2021,3,8086,83279
karnataka,belagavi,2021,4,8087,93073
karnataka,belagavi,2022,1,8088,101045
karnataka,belagavi,2022,2,8089,108821
karnataka,belagavi,2022,3,8090,115766
karnataka,belagavi,2022,4,8091,120170
karnataka,belagavi,2023,1,8092,120897
karnataka,belagavi,2023,2,8093,121933
karnataka,belagavi,2023,3,8094,124338
karnataka,belagavi,2023,4,8095,127043
karnataka,belagavi,2024,1,8096,130406
karnataka,belagavi,2024,2,8097,132885
karnataka,belagavi,2024,3,8098,135190
karnataka,belagavi,2024,4,8099,137604
karnataka,belagavi,2025,1,8100,139940
karnataka,belagavi,2025,2,8101,142101
karnataka,belagavi,2025,3,8102,144364
karnataka,belagavi,2025,4,8103,147420
karnataka,belagavi,2026,1,8104,149977
karnataka,belagavi,2026,2,8105,153187
karnataka,bengaluru rural,2018,1,8072,175
karnataka,bengaluru rural,2018,2,8073,435
karnataka,bengaluru rural,2018,3,8074,1669
karnataka,bengaluru rural,2018,4,8075,9393
karnataka,bengaluru rural,2019,1,8076,12957
karnataka,bengaluru rural,2019,2,8077,15327
karnataka,bengaluru rural,2019,3,8078,20948
karnataka,bengaluru rural,2019,4,8079,25011
karnataka,bengaluru rural,2020,1,8080,27915
karnataka,bengaluru rural,2020,2,8081,30698
karnataka,bengaluru rural,2020,3,8082,37151
karnataka,bengaluru rural,2020,4,8083,42289
karnataka,bengaluru rural,2021,1,8084,46428
karnataka,bengaluru rural,2021,2,8085,47803
karnataka,bengaluru rural,2021,3,8086,51034
karnataka,bengaluru rural,2021,4,8087,54686
karnataka,bengaluru rural,2022,1,8088,59302
karnataka,bengaluru rural,2022,2,8089,63495
karnataka,bengaluru rural,2022,3,8090,66605
karnataka,bengaluru rural,2022,4,8091,69165
karnataka,bengaluru rural,2023,1,8092,68435
karnataka,bengaluru rural,2023,2,8093,69598
karnataka,bengaluru rural,2023,3,8094,71346
karnataka,bengaluru rural,2023,4,8095,73267
karnataka,bengaluru rural,2024,1,8096,75927
karnataka,bengaluru rural,2024,2,8097,78178
karnataka,bengaluru rural,2024,3,8098,80182
karnataka,bengaluru rural,2024,4,8099,81978
karnataka,bengaluru rural,2025,1,8100,83813
karnataka,bengaluru rural,2025,2,8101,85025
karnataka,bengaluru rural,2025,3,8102,86193
karnataka,bengaluru rural,2025,4,8103,88041
karnataka,bengaluru rural,2026,1,8104,89514
karnataka,bengaluru rural,2026,2,8105,91224
karnataka,bengaluru south,2018,1,8072,27
karnataka,bengaluru south,2018,2,8073,47
karnataka,bengaluru south,2018,3,8074,152
karnataka,bengaluru south,2018,4,8075,869
karnataka,bengaluru south,2019,1,8076,1852
karnataka,bengaluru south,2019,2,8077,2282
karnataka,bengaluru south,2019,3,8078,3372
karnataka,bengaluru south,2019,4,8079,5737
karnataka,bengaluru south,2020,1,8080,7267
karnataka,bengaluru south,2020,2,8081,8460
karnataka,bengaluru south,2020,3,8082,12858
karnataka,bengaluru south,2020,4,8083,16944
karnataka,bengaluru south,2021,1,8084,18074
karnataka,bengaluru south,2021,2,8085,18414
karnataka,bengaluru south,2021,3,8086,20040
karnataka,bengaluru south,2021,4,8087,20662
karnataka,bengaluru south,2022,1,8088,21935
karnataka,bengaluru south,2022,2,8089,23374
karnataka,bengaluru south,2022,3,8090,24443
karnataka,bengaluru south,2022,4,8091,25529
karnataka,bengaluru south,2023,1,8092,25662
karnataka,bengaluru south,2023,2,8093,26583
karnataka,bengaluru south,2023,3,8094,27402
karnataka,bengaluru south,2023,4,8095,28492
karnataka,bengaluru south,2024,1,8096,29688
karnataka,bengaluru south,2024,2,8097,30745
karnataka,bengaluru south,2024,3,8098,32027
karnataka,bengaluru south,2024,4,8099,33137
karnataka,bengaluru south,2025,1,8100,34016
karnataka,bengaluru south,2025,2,8101,34808
karnataka,bengaluru south,2025,3,8102,35283
karnataka,bengaluru south,2025,4,8103,35912
karnataka,bengaluru south,2026,1,8104,36615
karnataka,bengaluru south,2026,2,8105,37552
karnataka,bengaluru urban,2018,1,8072,10750
karnataka,bengaluru urban,2018,2,8073,17789
karnataka,bengaluru urban,2018,3,8074,61661
karnataka,bengaluru urban,2018,4,8075,212750
karnataka,bengaluru urban,2019,1,8076,316319
karnataka,bengaluru urban,2019,2,8077,409770
karnataka,bengaluru urban,2019,3,8078,525483
karnataka,bengaluru urban,2019,4,8079,610444
karnataka,bengaluru urban,2020,1,8080,686801
karnataka,bengaluru urban,2020,2,8081,734297
karnataka,bengaluru urban,2020,3,8082,851361
karnataka,bengaluru urban,2020,4,8083,943722
karnataka,bengaluru urban,2021,1,8084,1009268
karnataka,bengaluru urban,2021,2,8085,1026383
karnataka,bengaluru urban,2021,3,8086,1068358
karnataka,bengaluru urban,2021,4,8087,1104247
karnataka,bengaluru urban,2022,1,8088,1154596
karnataka,bengaluru urban,2022,2,8089,1199276
karnataka,bengaluru urban,2022,3,8090,1225436
karnataka,bengaluru urban,2022,4,8091,1245443
karnataka,bengaluru urban,2023,1,8092,1218693
karnataka,bengaluru urban,2023,2,8093,1233922
karnataka,bengaluru urban,2023,3,8094,1259388
karnataka,bengaluru urban,2023,4,8095,1281828
karnataka,bengaluru urban,2024,1,8096,1312454
karnataka,bengaluru urban,2024,2,8097,1338729
karnataka,bengaluru urban,2024,3,8098,1366069
karnataka,bengaluru urban,2024,4,8099,1389416
karnataka,bengaluru urban,2025,1,8100,1411748
karnataka,bengaluru urban,2025,2,8101,1432918
karnataka,bengaluru urban,2025,3,8102,1455065
karnataka,bengaluru urban,2025,4,8103,1479494
karnataka,bengaluru urban,2026,1,8104,1498110
karnataka,bengaluru urban,2026,2,8105,1517644
karnataka,bidar,2018,1,8072,1
karnataka,bidar,2018,2,8073,4
karnataka,bidar,2018,3,8074,13
karnataka,bidar,2018,4,8075,71
karnataka,bidar,2019,1,8076,952
karnataka,bidar,2019,2,8077,4204
karnataka,bidar,2019,3,8078,5971
karnataka,bidar,2019,4,8079,7675
karnataka,bidar,2020,1,8080,9354
karnataka,bidar,2020,2,8081,9902
karnataka,bidar,2020,3,8082,11832
karnataka,bidar,2020,4,8083,14927
karnataka,bidar,2021,1,8084,19008
karnataka,bidar,2021,2,8085,20490
karnataka,bidar,2021,3,8086,25593
karnataka,bidar,2021,4,8087,29568
karnataka,bidar,2022,1,8088,33105
karnataka,bidar,2022,2,8089,35572
karnataka,bidar,2022,3,8090,37889
karnataka,bidar,2022,4,8091,39646
karnataka,bidar,2023,1,8092,40207
karnataka,bidar,2023,2,8093,40845
karnataka,bidar,2023,3,8094,42102
karnataka,bidar,2023,4,8095,43955
karnataka,bidar,2024,1,8096,46747
karnataka,bidar,2024,2,8097,48317
karnataka,bidar,2024,3,8098,50149
karnataka,bidar,2024,4,8099,52417
karnataka,bidar,2025,1,8100,54041
karnataka,bidar,2025,2,8101,55333
karnataka,bidar,2025,3,8102,56940
karnataka,bidar,2025,4,8103,59202
karnataka,bidar,2026,1,8104,60892
karnataka,bidar,2026,2,8105,62324
karnataka,chamarajanagar,2018,1,8072,1
karnataka,chamarajanagar,2018,2,8073,1
karnataka,chamarajanagar,2018,3,8074,10
karnataka,chamarajanagar,2018,4,8075,38
karnataka,chamarajanagar,2019,1,8076,308
karnataka,chamarajanagar,2019,2,8077,691
karnataka,chamarajanagar,2019,3,8078,798
karnataka,chamarajanagar,2019,4,8079,989
karnataka,chamarajanagar,2020,1,8080,1608
karnataka,chamarajanagar,2020,2,8081,1790
karnataka,chamarajanagar,2020,3,8082,2215
karnataka,chamarajanagar,2020,4,8083,3799
karnataka,chamarajanagar,2021,1,8084,5101
karnataka,chamarajanagar,2021,2,8085,5583
karnataka,chamarajanagar,2021,3,8086,6101
karnataka,chamarajanagar,2021,4,8087,6497
karnataka,chamarajanagar,2022,1,8088,7092
karnataka,chamarajanagar,2022,2,8089,8276
karnataka,chamarajanagar,2022,3,8090,9341
karnataka,chamarajanagar,2022,4,8091,10594
karnataka,chamarajanagar,2023,1,8092,11255
karnataka,chamarajanagar,2023,2,8093,11476
karnataka,chamarajanagar,2023,3,8094,11897
karnataka,chamarajanagar,2023,4,8095,11996
karnataka,chamarajanagar,2024,1,8096,12567
karnataka,chamarajanagar,2024,2,8097,12981
karnataka,chamarajanagar,2024,3,8098,13549
karnataka,chamarajanagar,2024,4,8099,14119
karnataka,chamarajanagar,2025,1,8100,14706
karnataka,chamarajanagar,2025,2,8101,15307
karnataka,chamarajanagar,2025,3,8102,15599
karnataka,chamarajanagar,2025,4,8103,16112
karnataka,chamarajanagar,2026,1,8104,16738
karnataka,chamarajanagar,2026,2,8105,17204
karnataka,chikkaballapur,2018,1,8072,9
karnataka,chikkaballapur,2018,2,8073,23
karnataka,chikkaballapur,2018,3,8074,349
karnataka,chikkaballapur,2018,4,8075,1732
karnataka,chikkaballapur,2019,1,8076,3190
karnataka,chikkaballapur,2019,2,8077,4040
karnataka,chikkaballapur,2019,3,8078,5224
karnataka,chikkaballapur,2019,4,8079,6737
karnataka,chikkaballapur,2020,1,8080,8168
karnataka,chikkaballapur,2020,2,8081,9786
karnataka,chikkaballapur,2020,3,8082,14283
karnataka,chikkaballapur,2020,4,8083,19105
karnataka,chikkaballapur,2021,1,8084,23367
karnataka,chikkaballapur,2021,2,8085,24541
karnataka,chikkaballapur,2021,3,8086,26624
karnataka,chikkaballapur,2021,4,8087,28944
karnataka,chikkaballapur,2022,1,8088,31198
karnataka,chikkaballapur,2022,2,8089,32613
karnataka,chikkaballapur,2022,3,8090,34372
karnataka,chikkaballapur,2022,4,8091,35807
karnataka,chikkaballapur,2023,1,8092,36086
karnataka,chikkaballapur,2023,2,8093,36578
karnataka,chikkaballapur,2023,3,8094,37052
karnataka,chikkaballapur,2023,4,8095,38124
karnataka,chikkaballapur,2024,1,8096,39313
karnataka,chikkaballapur,2024,2,8097,40735
karnataka,chikkaballapur,2024,3,8098,42047
karnataka,chikkaballapur,2024,4,8099,43533
karnataka,chikkaballapur,2025,1,8100,44465
karnataka,chikkaballapur,2025,2,8101,45255
karnataka,chikkaballapur,2025,3,8102,46084
karnataka,chikkaballapur,2025,4,8103,47022
karnataka,chikkaballapur,2026,1,8104,47704
karnataka,chikkaballapur,2026,2,8105,48503
karnataka,chikkamagaluru,2018,1,8072,2
karnataka,chikkamagaluru,2018,2,8073,3
karnataka,chikkamagaluru,2018,3,8074,23
karnataka,chikkamagaluru,2018,4,8075,74
karnataka,chikkamagaluru,2019,1,8076,162
karnataka,chikkamagaluru,2019,2,8077,2887
karnataka,chikkamagaluru,2019,3,8078,4229
karnataka,chikkamagaluru,2019,4,8079,5315
karnataka,chikkamagaluru,2020,1,8080,6546
karnataka,chikkamagaluru,2020,2,8081,7019
karnataka,chikkamagaluru,2020,3,8082,8530
karnataka,chikkamagaluru,2020,4,8083,10015
karnataka,chikkamagaluru,2021,1,8084,11622
karnataka,chikkamagaluru,2021,2,8085,12506
karnataka,chikkamagaluru,2021,3,8086,13883
karnataka,chikkamagaluru,2021,4,8087,15543
karnataka,chikkamagaluru,2022,1,8088,16914
karnataka,chikkamagaluru,2022,2,8089,17982
karnataka,chikkamagaluru,2022,3,8090,18675
karnataka,chikkamagaluru,2022,4,8091,19168
karnataka,chikkamagaluru,2023,1,8092,19113
karnataka,chikkamagaluru,2023,2,8093,19561
karnataka,chikkamagaluru,2023,3,8094,20234
karnataka,chikkamagaluru,2023,4,8095,21098
karnataka,chikkamagaluru,2024,1,8096,22064
karnataka,chikkamagaluru,2024,2,8097,22823
karnataka,chikkamagaluru,2024,3,8098,23525
karnataka,chikkamagaluru,2024,4,8099,24563
karnataka,chikkamagaluru,2025,1,8100,25425
karnataka,chikkamagaluru,2025,2,8101,26215
karnataka,chikkamagaluru,2025,3,8102,26799
karnataka,chikkamagaluru,2025,4,8103,27779
karnataka,chikkamagaluru,2026,1,8104,28366
karnataka,chikkamagaluru,2026,2,8105,29068
karnataka,chitradurga,2018,1,8072,2
karnataka,chitradurga,2018,2,8073,3
karnataka,chitradurga,2018,3,8074,18
karnataka,chitradurga,2018,4,8075,111
karnataka,chitradurga,2019,1,8076,620
karnataka,chitradurga,2019,2,8077,2952
karnataka,chitradurga,2019,3,8078,4083
karnataka,chitradurga,2019,4,8079,5257
karnataka,chitradurga,2020,1,8080,6345
karnataka,chitradurga,2020,2,8081,6866
karnataka,chitradurga,2020,3,8082,8340
karnataka,chitradurga,2020,4,8083,10729
karnataka,chitradurga,2021,1,8084,12616
karnataka,chitradurga,2021,2,8085,13722
karnataka,chitradurga,2021,3,8086,16961
karnataka,chitradurga,2021,4,8087,19616
karnataka,chitradurga,2022,1,8088,22021
karnataka,chitradurga,2022,2,8089,24000
karnataka,chitradurga,2022,3,8090,25675
karnataka,chitradurga,2022,4,8091,26823
karnataka,chitradurga,2023,1,8092,27784
karnataka,chitradurga,2023,2,8093,28323
karnataka,chitradurga,2023,3,8094,28900
karnataka,chitradurga,2023,4,8095,30163
karnataka,chitradurga,2024,1,8096,31973
karnataka,chitradurga,2024,2,8097,33491
karnataka,chitradurga,2024,3,8098,34958
karnataka,chitradurga,2024,4,8099,36242
karnataka,chitradurga,2025,1,8100,37102
karnataka,chitradurga,2025,2,8101,38099
karnataka,chitradurga,2025,3,8102,38900
karnataka,chitradurga,2025,4,8103,40249
karnataka,chitradurga,2026,1,8104,41351
karnataka,chitradurga,2026,2,8105,42818
karnataka,dakshina kannada,2018,1,8072,8
karnataka,dakshina kannada,2018,2,8073,10
karnataka,dakshina kannada,2018,3,8074,42
karnataka,dakshina kannada,2018,4,8075,86
karnataka,dakshina kannada,2019,1,8076,2096
karnataka,dakshina kannada,2019,2,8077,5057
karnataka,dakshina kannada,2019,3,8078,8427
karnataka,dakshina kannada,2019,4,8079,11667
karnataka,dakshina kannada,2020,1,8080,14603
karnataka,dakshina kannada,2020,2,8081,16384
karnataka,dakshina kannada,2020,3,8082,19401
karnataka,dakshina kannada,2020,4,8083,22640
karnataka,dakshina kannada,2021,1,8084,26267
karnataka,dakshina kannada,2021,2,8085,27484
karnataka,dakshina kannada,2021,3,8086,30308
karnataka,dakshina kannada,2021,4,8087,33305
karnataka,dakshina kannada,2022,1,8088,35719
karnataka,dakshina kannada,2022,2,8089,37098
karnataka,dakshina kannada,2022,3,8090,38658
karnataka,dakshina kannada,2022,4,8091,40039
karnataka,dakshina kannada,2023,1,8092,39868
karnataka,dakshina kannada,2023,2,8093,40407
karnataka,dakshina kannada,2023,3,8094,41597
karnataka,dakshina kannada,2023,4,8095,43485
karnataka,dakshina kannada,2024,1,8096,45056
karnataka,dakshina kannada,2024,2,8097,46540
karnataka,dakshina kannada,2024,3,8098,48030
karnataka,dakshina kannada,2024,4,8099,49415
karnataka,dakshina kannada,2025,1,8100,50680
karnataka,dakshina kannada,2025,2,8101,51500
karnataka,dakshina kannada,2025,3,8102,52212
karnataka,dakshina kannada,2025,4,8103,53122
karnataka,dakshina kannada,2026,1,8104,53902
karnataka,dakshina kannada,2026,2,8105,54458
karnataka,davanagere,2018,1,8072,1
karnataka,davanagere,2018,2,8073,2
karnataka,davanagere,2018,3,8074,24
karnataka,davanagere,2018,4,8075,191
karnataka,davanagere,2019,1,8076,1263
karnataka,davanagere,2019,2,8077,7797
karnataka,davanagere,2019,3,8078,11001
karnataka,davanagere,2019,4,8079,13296
karnataka,davanagere,2020,1,8080,15061
karnataka,davanagere,2020,2,8081,15982
karnataka,davanagere,2020,3,8082,20634
karnataka,davanagere,2020,4,8083,25275
karnataka,davanagere,2021,1,8084,30701
karnataka,davanagere,2021,2,8085,32599
karnataka,davanagere,2021,3,8086,37622
karnataka,davanagere,2021,4,8087,42427
karnataka,davanagere,2022,1,8088,48004
karnataka,davanagere,2022,2,8089,51338
karnataka,davanagere,2022,3,8090,54030
karnataka,davanagere,2022,4,8091,56420
karnataka,davanagere,2023,1,8092,57416
karnataka,davanagere,2023,2,8093,58221
karnataka,davanagere,2023,3,8094,59806
karnataka,davanagere,2023,4,8095,62532
karnataka,davanagere,2024,1,8096,66316
karnataka,davanagere,2024,2,8097,69631
karnataka,davanagere,2024,3,8098,73073
karnataka,davanagere,2024,4,8099,76036
karnataka,davanagere,2025,1,8100,78576
karnataka,davanagere,2025,2,8101,81155
karnataka,davanagere,2025,3,8102,83853
karnataka,davanagere,2025,4,8103,87301
karnataka,davanagere,2026,1,8104,88934
karnataka,davanagere,2026,2,8105,90750
karnataka,dharwad,2018,1,8072,1
karnataka,dharwad,2018,2,8073,3
karnataka,dharwad,2018,3,8074,16
karnataka,dharwad,2018,4,8075,89
karnataka,dharwad,2019,1,8076,7792
karnataka,dharwad,2019,2,8077,22836
karnataka,dharwad,2019,3,8078,32418
karnataka,dharwad,2019,4,8079,39208
karnataka,dharwad,2020,1,8080,44740
karnataka,dharwad,2020,2,8081,47397
karnataka,dharwad,2020,3,8082,53660
karnataka,dharwad,2020,4,8083,59864
karnataka,dharwad,2021,1,8084,63317
karnataka,dharwad,2021,2,8085,64383
karnataka,dharwad,2021,3,8086,68311
karnataka,dharwad,2021,4,8087,71391
karnataka,dharwad,2022,1,8088,75809
karnataka,dharwad,2022,2,8089,78833
karnataka,dharwad,2022,3,8090,80951
karnataka,dharwad,2022,4,8091,83099
karnataka,dharwad,2023,1,8092,83869
karnataka,dharwad,2023,2,8093,85402
karnataka,dharwad,2023,3,8094,88230
karnataka,dharwad,2023,4,8095,90845
karnataka,dharwad,2024,1,8096,93772
karnataka,dharwad,2024,2,8097,95501
karnataka,dharwad,2024,3,8098,97587
karnataka,dharwad,2024,4,8099,99407
karnataka,dharwad,2025,1,8100,101189
karnataka,dharwad,2025,2,8101,102790
karnataka,dharwad,2025,3,8102,104391
karnataka,dharwad,2025,4,8103,106204
karnataka,dharwad,2026,1,8104,108056
karnataka,dharwad,2026,2,8105,110356
karnataka,gadag,2018,3,8074,4
karnataka,gadag,2018,4,8075,32
karnataka,gadag,2019,1,8076,376
karnataka,gadag,2019,2,8077,706
karnataka,gadag,2019,3,8078,1230
karnataka,gadag,2019,4,8079,2304
karnataka,gadag,2020,1,8080,3379
karnataka,gadag,2020,2,8081,3893
karnataka,gadag,2020,3,8082,5260
karnataka,gadag,2020,4,8083,7111
karnataka,gadag,2021,1,8084,9573
karnataka,gadag,2021,2,8085,10624
karnataka,gadag,2021,3,8086,13016
karnataka,gadag,2021,4,8087,13867
karnataka,gadag,2022,1,8088,15424
karnataka,gadag,2022,2,8089,16250
karnataka,gadag,2022,3,8090,17006
karnataka,gadag,2022,4,8091,17380
karnataka,gadag,2023,1,8092,17459
karnataka,gadag,2023,2,8093,17847
karnataka,gadag,2023,3,8094,18841
karnataka,gadag,2023,4,8095,19946
karnataka,gadag,2024,1,8096,20896
karnataka,gadag,2024,2,8097,21767
karnataka,gadag,2024,3,8098,22626
karnataka,gadag,2024,4,8099,23413
karnataka,gadag,2025,1,8100,24191
karnataka,gadag,2025,2,8101,25074
karnataka,gadag,2025,3,8102,25807
karnataka,gadag,2025,4,8103,27246
karnataka,gadag,2026,1,8104,28315
karnataka,gadag,2026,2,8105,29558
karnataka,hassan,2018,1,8072,3
karnataka,hassan,2018,2,8073,17
karnataka,hassan,2018,3,8074,47
karnataka,hassan,2018,4,8075,739
karnataka,hassan,2019,1,8076,1154
karnataka,hassan,2019,2,8077,2045
karnataka,hassan,2019,3,8078,2414
karnataka,hassan,2019,4,8079,2946
karnataka,hassan,2020,1,8080,5462
karnataka,hassan,2020,2,8081,5984
karnataka,hassan,2020,3,8082,7229
karnataka,hassan,2020,4,8083,9272
karnataka,hassan,2021,1,8084,11794
karnataka,hassan,2021,2,8085,12687
karnataka,hassan,2021,3,8086,14622
karnataka,hassan,2021,4,8087,16615
karnataka,hassan,2022,1,8088,18471
karnataka,hassan,2022,2,8089,20326
karnataka,hassan,2022,3,8090,22279
karnataka,hassan,2022,4,8091,23811
karnataka,hassan,2023,1,8092,24574
karnataka,hassan,2023,2,8093,25327
karnataka,hassan,2023,3,8094,26647
karnataka,hassan,2023,4,8095,27808
karnataka,hassan,2024,1,8096,29265
karnataka,hassan,2024,2,8097,30623
karnataka,hassan,2024,3,8098,32166
karnataka,hassan,2024,4,8099,33773
karnataka,hassan,2025,1,8100,35127
karnataka,hassan,2025,2,8101,36399
karnataka,hassan,2025,3,8102,38044
karnataka,hassan,2025,4,8103,40218
karnataka,hassan,2026,1,8104,41466
karnataka,hassan,2026,2,8105,42357
karnataka,haveri,2018,1,8072,2
karnataka,haveri,2018,2,8073,5
karnataka,haveri,2018,3,8074,15
karnataka,haveri,2018,4,8075,41
karnataka,haveri,2019,1,8076,308
karnataka,haveri,2019,2,8077,914
karnataka,haveri,2019,3,8078,1415
karnataka,haveri,2019,4,8079,2389
karnataka,haveri,2020,1,8080,4258
karnataka,haveri,2020,2,8081,4835
karnataka,haveri,2020,3,8082,6479
karnataka,haveri,2020,4,8083,9815
karnataka,haveri,2021,1,8084,12904
karnataka,haveri,2021,2,8085,13856
karnataka,haveri,2021,3,8086,16157
karnataka,haveri,2021,4,8087,18490
karnataka,haveri,2022,1,8088,20135
karnataka,haveri,2022,2,8089,21427
karnataka,haveri,2022,3,8090,23305
karnataka,haveri,2022,4,8091,24464
karnataka,haveri,2023,1,8092,24711
karnataka,haveri,2023,2,8093,25037
karnataka,haveri,2023,3,8094,25956
karnataka,haveri,2023,4,8095,27101
karnataka,haveri,2024,1,8096,28749
karnataka,haveri,2024,2,8097,30443
karnataka,haveri,2024,3,8098,31937
karnataka,haveri,2024,4,8099,33330
karnataka,haveri,2025,1,8100,34366
karnataka,haveri,2025,2,8101,34982
karnataka,haveri,2025,3,8102,35594
karnataka,haveri,2025,4,8103,36786
karnataka,haveri,2026,1,8104,37738
karnataka,haveri,2026,2,8105,38854
karnataka,kalaburagi,2018,1,8072,9
karnataka,kalaburagi,2018,2,8073,22
karnataka,kalaburagi,2018,3,8074,54
karnataka,kalaburagi,2018,4,8075,164
karnataka,kalaburagi,2019,1,8076,2118
karnataka,kalaburagi,2019,2,8077,6343
karnataka,kalaburagi,2019,3,8078,9159
karnataka,kalaburagi,2019,4,8079,12164
karnataka,kalaburagi,2020,1,8080,14670
karnataka,kalaburagi,2020,2,8081,15458
karnataka,kalaburagi,2020,3,8082,18335
karnataka,kalaburagi,2020,4,8083,22175
karnataka,kalaburagi,2021,1,8084,26153
karnataka,kalaburagi,2021,2,8085,27733
karnataka,kalaburagi,2021,3,8086,31080
karnataka,kalaburagi,2021,4,8087,35242
karnataka,kalaburagi,2022,1,8088,38749
karnataka,kalaburagi,2022,2,8089,42146
karnataka,kalaburagi,2022,3,8090,45893
karnataka,kalaburagi,2022,4,8091,48927
karnataka,kalaburagi,2023,1,8092,50505
karnataka,kalaburagi,2023,2,8093,51855
karnataka,kalaburagi,2023,3,8094,53743
karnataka,kalaburagi,2023,4,8095,56654
karnataka,kalaburagi,2024,1,8096,60057
karnataka,kalaburagi,2024,2,8097,63454
karnataka,kalaburagi,2024,3,8098,66815
karnataka,kalaburagi,2024,4,8099,69362
karnataka,kalaburagi,2025,1,8100,72034
karnataka,kalaburagi,2025,2,8101,74366
karnataka,kalaburagi,2025,3,8102,76910
karnataka,kalaburagi,2025,4,8103,80096
karnataka,kalaburagi,2026,1,8104,82057
karnataka,kalaburagi,2026,2,8105,84694
karnataka,kodagu,2018,1,8072,1
karnataka,kodagu,2018,2,8073,1
karnataka,kodagu,2018,3,8074,25
karnataka,kodagu,2018,4,8075,45
karnataka,kodagu,2019,1,8076,258
karnataka,kodagu,2019,2,8077,2125
karnataka,kodagu,2019,3,8078,2659
karnataka,kodagu,2019,4,8079,3124
karnataka,kodagu,2020,1,8080,3586
karnataka,kodagu,2020,2,8081,3846
karnataka,kodagu,2020,3,8082,4379
karnataka,kodagu,2020,4,8083,5231
karnataka,kodagu,2021,1,8084,6037
karnataka,kodagu,2021,2,8085,6173
karnataka,kodagu,2021,3,8086,7037
karnataka,kodagu,2021,4,8087,8249
karnataka,kodagu,2022,1,8088,9098
karnataka,kodagu,2022,2,8089,9683
karnataka,kodagu,2022,3,8090,9997
karnataka,kodagu,2022,4,8091,10246
karnataka,kodagu,2023,1,8092,10321
karnataka,kodagu,2023,2,8093,10465
karnataka,kodagu,2023,3,8094,10652
karnataka,kodagu,2023,4,8095,10927
karnataka,kodagu,2024,1,8096,11234
karnataka,kodagu,2024,2,8097,11503
karnataka,kodagu,2024,3,8098,11845
karnataka,kodagu,2024,4,8099,12259
karnataka,kodagu,2025,1,8100,12679
karnataka,kodagu,2025,2,8101,13018
karnataka,kodagu,2025,3,8102,13393
karnataka,kodagu,2025,4,8103,13805
karnataka,kodagu,2026,1,8104,14124
karnataka,kodagu,2026,2,8105,14501
karnataka,kolar,2018,1,8072,69
karnataka,kolar,2018,2,8073,81
karnataka,kolar,2018,3,8074,455
karnataka,kolar,2018,4,8075,1846
karnataka,kolar,2019,1,8076,3460
karnataka,kolar,2019,2,8077,5547
karnataka,kolar,2019,3,8078,8666
karnataka,kolar,2019,4,8079,12805
karnataka,kolar,2020,1,8080,15357
karnataka,kolar,2020,2,8081,17577
karnataka,kolar,2020,3,8082,23043
karnataka,kolar,2020,4,8083,27655
karnataka,kolar,2021,1,8084,30731
karnataka,kolar,2021,2,8085,31702
karnataka,kolar,2021,3,8086,33683
karnataka,kolar,2021,4,8087,35290
karnataka,kolar,2022,1,8088,37710
karnataka,kolar,2022,2,8089,39894
karnataka,kolar,2022,3,8090,41742
karnataka,kolar,2022,4,8091,42856
karnataka,kolar,2023,1,8092,43152
karnataka,kolar,2023,2,8093,43956
karnataka,kolar,2023,3,8094,45193
karnataka,kolar,2023,4,8095,46553
karnataka,kolar,2024,1,8096,48465
karnataka,kolar,2024,2,8097,49918
karnataka,kolar,2024,3,8098,51240
karnataka,kolar,2024,4,8099,52703
karnataka,kolar,2025,1,8100,53727
karnataka,kolar,2025,2,8101,54844
karnataka,kolar,2025,3,8102,56078
karnataka,kolar,2025,4,8103,57767
karnataka,kolar,2026,1,8104,59278
karnataka,kolar,2026,2,8105,61066
karnataka,koppal,2018,1,8072,2
karnataka,koppal,2018,2,8073,2
karnataka,koppal,2018,3,8074,7
karnataka,koppal,2018,4,8075,39
karnataka,koppal,2019,1,8076,176
karnataka,koppal,2019,2,8077,904
karnataka,koppal,2019,3,8078,1602
karnataka,koppal,2019,4,8079,2792
karnataka,koppal,2020,1,8080,3922
karnataka,koppal,2020,2,8081,4548
karnataka,koppal,2020,3,8082,6332
karnataka,koppal,2020,4,8083,9608
karnataka,koppal,2021,1,8084,12350
karnataka,koppal,2021,2,8085,13575
karnataka,koppal,2021,3,8086,15892
karnataka,koppal,2021,4,8087,17885
karnataka,koppal,2022,1,8088,20558
karnataka,koppal,2022,2,8089,22530
karnataka,koppal,2022,3,8090,24015
karnataka,koppal,2022,4,8091,24802
karnataka,koppal,2023,1,8092,25122
karnataka,koppal,2023,2,8093,25492
karnataka,koppal,2023,3,8094,26080
karnataka,koppal,2023,4,8095,26638
karnataka,koppal,2024,1,8096,27385
karnataka,koppal,2024,2,8097,27928
karnataka,koppal,2024,3,8098,28541
karnataka,koppal,2024,4,8099,29886
karnataka,koppal,2025,1,8100,31077
karnataka,koppal,2025,2,8101,32374
karnataka,koppal,2025,3,8102,33564
karnataka,koppal,2025,4,8103,34798
karnataka,koppal,2026,1,8104,36247
karnataka,koppal,2026,2,8105,37767
karnataka,mandya,2018,1,8072,5
karnataka,mandya,2018,2,8073,7
karnataka,mandya,2018,3,8074,50
karnataka,mandya,2018,4,8075,435
karnataka,mandya,2019,1,8076,1379
karnataka,mandya,2019,2,8077,3035
karnataka,mandya,2019,3,8078,3687
karnataka,mandya,2019,4,8079,4904
karnataka,mandya,2020,1,8080,7471
karnataka,mandya,2020,2,8081,7998
karnataka,mandya,2020,3,8082,9351
karnataka,mandya,2020,4,8083,11670
karnataka,mandya,2021,1,8084,12929
karnataka,mandya,2021,2,8085,13524
karnataka,mandya,2021,3,8086,15359
karnataka,mandya,2021,4,8087,16653
karnataka,mandya,2022,1,8088,18180
karnataka,mandya,2022,2,8089,20950
karnataka,mandya,2022,3,8090,23047
karnataka,mandya,2022,4,8091,25327
karnataka,mandya,2023,1,8092,26946
karnataka,mandya,2023,2,8093,27820
karnataka,mandya,2023,3,8094,28788
karnataka,mandya,2023,4,8095,29183
karnataka,mandya,2024,1,8096,30378
karnataka,mandya,2024,2,8097,31757
karnataka,mandya,2024,3,8098,32982
karnataka,mandya,2024,4,8099,33994
karnataka,mandya,2025,1,8100,34693
karnataka,mandya,2025,2,8101,35448
karnataka,mandya,2025,3,8102,36543
karnataka,mandya,2025,4,8103,38584
karnataka,mandya,2026,1,8104,40005
karnataka,mandya,2026,2,8105,41069
karnataka,mysuru,2018,1,8072,4
karnataka,mysuru,2018,2,8073,11
karnataka,mysuru,2018,3,8074,50
karnataka,mysuru,2018,4,8075,308
karnataka,mysuru,2019,1,8076,9614
karnataka,mysuru,2019,2,8077,25761
karnataka,mysuru,2019,3,8078,33686
karnataka,mysuru,2019,4,8079,38830
karnataka,mysuru,2020,1,8080,43494
karnataka,mysuru,2020,2,8081,46624
karnataka,mysuru,2020,3,8082,55460
karnataka,mysuru,2020,4,8083,63126
karnataka,mysuru,2021,1,8084,68290
karnataka,mysuru,2021,2,8085,69903
karnataka,mysuru,2021,3,8086,73228
karnataka,mysuru,2021,4,8087,77558
karnataka,mysuru,2022,1,8088,82438
karnataka,mysuru,2022,2,8089,87960
karnataka,mysuru,2022,3,8090,92678
karnataka,mysuru,2022,4,8091,95494
karnataka,mysuru,2023,1,8092,95515
karnataka,mysuru,2023,2,8093,96964
karnataka,mysuru,2023,3,8094,98844
karnataka,mysuru,2023,4,8095,100799
karnataka,mysuru,2024,1,8096,104233
karnataka,mysuru,2024,2,8097,107773
karnataka,mysuru,2024,3,8098,111890
karnataka,mysuru,2024,4,8099,115377
karnataka,mysuru,2025,1,8100,118475
karnataka,mysuru,2025,2,8101,121167
karnataka,mysuru,2025,3,8102,123755
karnataka,mysuru,2025,4,8103,126885
karnataka,mysuru,2026,1,8104,129639
karnataka,mysuru,2026,2,8105,133130
karnataka,raichur,2018,1,8072,5
karnataka,raichur,2018,2,8073,6
karnataka,raichur,2018,3,8074,15
karnataka,raichur,2018,4,8075,41
karnataka,raichur,2019,1,8076,1024
karnataka,raichur,2019,2,8077,3293
karnataka,raichur,2019,3,8078,4071
karnataka,raichur,2019,4,8079,5026
karnataka,raichur,2020,1,8080,6350
karnataka,raichur,2020,2,8081,6698
karnataka,raichur,2020,3,8082,7598
karnataka,raichur,2020,4,8083,9120
karnataka,raichur,2021,1,8084,12646
karnataka,raichur,2021,2,8085,13728
karnataka,raichur,2021,3,8086,17135
karnataka,raichur,2021,4,8087,20901
karnataka,raichur,2022,1,8088,24329
karnataka,raichur,2022,2,8089,26326
karnataka,raichur,2022,3,8090,27892
karnataka,raichur,2022,4,8091,30137
karnataka,raichur,2023,1,8092,31482
karnataka,raichur,2023,2,8093,32303
karnataka,raichur,2023,3,8094,33187
karnataka,raichur,2023,4,8095,33450
karnataka,raichur,2024,1,8096,34193
karnataka,raichur,2024,2,8097,35380
karnataka,raichur,2024,3,8098,36703
karnataka,raichur,2024,4,8099,37913
karnataka,raichur,2025,1,8100,38973
karnataka,raichur,2025,2,8101,40160
karnataka,raichur,2025,3,8102,41605
karnataka,raichur,2025,4,8103,43480
karnataka,raichur,2026,1,8104,44980
karnataka,raichur,2026,2,8105,46754
karnataka,shivamogga,2018,2,8073,2
karnataka,shivamogga,2018,3,8074,26
karnataka,shivamogga,2018,4,8075,187
karnataka,shivamogga,2019,1,8076,1515
karnataka,shivamogga,2019,2,8077,8739
karnataka,shivamogga,2019,3,8078,12513
karnataka,shivamogga,2019,4,8079,15817
karnataka,shivamogga,2020,1,8080,17963
karnataka,shivamogga,2020,2,8081,19322
karnataka,shivamogga,2020,3,8082,22280
karnataka,shivamogga,2020,4,8083,25202
karnataka,shivamogga,2021,1,8084,28117
karnataka,shivamogga,2021,2,8085,29361
karnataka,shivamogga,2021,3,8086,33705
karnataka,shivamogga,2021,4,8087,36848
karnataka,shivamogga,2022,1,8088,39980
karnataka,shivamogga,2022,2,8089,42758
karnataka,shivamogga,2022,3,8090,45623
karnataka,shivamogga,2022,4,8091,47707
karnataka,shivamogga,2023,1,8092,48721
karnataka,shivamogga,2023,2,8093,49952
karnataka,shivamogga,2023,3,8094,51590
karnataka,shivamogga,2023,4,8095,53985
karnataka,shivamogga,2024,1,8096,56991
karnataka,shivamogga,2024,2,8097,59194
karnataka,shivamogga,2024,3,8098,62064
karnataka,shivamogga,2024,4,8099,64924
karnataka,shivamogga,2025,1,8100,67551
karnataka,shivamogga,2025,2,8101,69755
karnataka,shivamogga,2025,3,8102,71454
karnataka,shivamogga,2025,4,8103,73345
karnataka,shivamogga,2026,1,8104,75235
karnataka,shivamogga,2026,2,8105,76982
karnataka,tumakuru,2018,1,8072,49
karnataka,tumakuru,2018,2,8073,81
karnataka,tumakuru,2018,3,8074,244
karnataka,tumakuru,2018,4,8075,1004
karnataka,tumakuru,2019,1,8076,2329
karnataka,tumakuru,2019,2,8077,7898
karnataka,tumakuru,2019,3,8078,11334
karnataka,tumakuru,2019,4,8079,13891
karnataka,tumakuru,2020,1,8080,15886
karnataka,tumakuru,2020,2,8081,17523
karnataka,tumakuru,2020,3,8082,22613
karnataka,tumakuru,2020,4,8083,30341
karnataka,tumakuru,2021,1,8084,35704
karnataka,tumakuru,2021,2,8085,37625
karnataka,tumakuru,2021,3,8086,42568
karnataka,tumakuru,2021,4,8087,46735
karnataka,tumakuru,2022,1,8088,50622
karnataka,tumakuru,2022,2,8089,54671
karnataka,tumakuru,2022,3,8090,59931
karnataka,tumakuru,2022,4,8091,63873
karnataka,tumakuru,2023,1,8092,66228
karnataka,tumakuru,2023,2,8093,67737
karnataka,tumakuru,2023,3,8094,71157
karnataka,tumakuru,2023,4,8095,74723
karnataka,tumakuru,2024,1,8096,77918
karnataka,tumakuru,2024,2,8097,80667
karnataka,tumakuru,2024,3,8098,83757
karnataka,tumakuru,2024,4,8099,85822
karnataka,tumakuru,2025,1,8100,87614
karnataka,tumakuru,2025,2,8101,89419
karnataka,tumakuru,2025,3,8102,90828
karnataka,tumakuru,2025,4,8103,92725
karnataka,tumakuru,2026,1,8104,94133
karnataka,tumakuru,2026,2,8105,96101
karnataka,udupi,2018,1,8072,2
karnataka,udupi,2018,2,8073,4
karnataka,udupi,2018,3,8074,23
karnataka,udupi,2018,4,8075,66
karnataka,udupi,2019,1,8076,778
karnataka,udupi,2019,2,8077,2902
karnataka,udupi,2019,3,8078,4425
karnataka,udupi,2019,4,8079,5771
karnataka,udupi,2020,1,8080,6705
karnataka,udupi,2020,2,8081,7152
karnataka,udupi,2020,3,8082,9162
karnataka,udupi,2020,4,8083,11317
karnataka,udupi,2021,1,8084,13587
karnataka,udupi,2021,2,8085,14839
karnataka,udupi,2021,3,8086,18047
karnataka,udupi,2021,4,8087,20625
karnataka,udupi,2022,1,8088,22718
karnataka,udupi,2022,2,8089,23827
karnataka,udupi,2022,3,8090,24858
karnataka,udupi,2022,4,8091,26166
karnataka,udupi,2023,1,8092,26448
karnataka,udupi,2023,2,8093,26988
karnataka,udupi,2023,3,8094,28089
karnataka,udupi,2023,4,8095,28984
karnataka,udupi,2024,1,8096,29672
karnataka,udupi,2024,2,8097,30386
karnataka,udupi,2024,3,8098,31177
karnataka,udupi,2024,4,8099,32210
karnataka,udupi,2025,1,8100,33010
karnataka,udupi,2025,2,8101,33776
karnataka,udupi,2025,3,8102,34658
karnataka,udupi,2025,4,8103,35824
karnataka,udupi,2026,1,8104,37022
karnataka,udupi,2026,2,8105,38146
karnataka,uttara kannada,2018,3,8074,4
karnataka,uttara kannada,2018,4,8075,22
karnataka,uttara kannada,2019,1,8076,737
karnataka,uttara kannada,2019,2,8077,3965
karnataka,uttara kannada,2019,3,8078,5135
karnataka,uttara kannada,2019,4,8079,5937
karnataka,uttara kannada,2020,1,8080,7155
karnataka,uttara kannada,2020,2,8081,7524
karnataka,uttara kannada,2020,3,8082,9398
karnataka,uttara kannada,2020,4,8083,12202
karnataka,uttara kannada,2021,1,8084,14903
karnataka,uttara kannada,2021,2,8085,15657
karnataka,uttara kannada,2021,3,8086,17814
karnataka,uttara kannada,2021,4,8087,19659
karnataka,uttara kannada,2022,1,8088,21102
karnataka,uttara kannada,2022,2,8089,22895
karnataka,uttara kannada,2022,3,8090,24126
karnataka,uttara kannada,2022,4,8091,25129
karnataka,uttara kannada,2023,1,8092,25216
karnataka,uttara kannada,2023,2,8093,25677
karnataka,uttara kannada,2023,3,8094,26646
karnataka,uttara kannada,2023,4,8095,27618
karnataka,uttara kannada,2024,1,8096,28197
karnataka,uttara kannada,2024,2,8097,28781
karnataka,uttara kannada,2024,3,8098,29434
karnataka,uttara kannada,2024,4,8099,30400
karnataka,uttara kannada,2025,1,8100,30971
karnataka,uttara kannada,2025,2,8101,31595
karnataka,uttara kannada,2025,3,8102,32379
karnataka,uttara kannada,2025,4,8103,32863
karnataka,uttara kannada,2026,1,8104,33472
karnataka,uttara kannada,2026,2,8105,34215
karnataka,vijayanagara,2018,1,8072,1
karnataka,vijayanagara,2018,2,8073,1
karnataka,vijayanagara,2018,3,8074,6
karnataka,vijayanagara,2018,4,8075,43
karnataka,vijayanagara,2019,1,8076,1237
karnataka,vijayanagara,2019,2,8077,5857
karnataka,vijayanagara,2019,3,8078,7928
karnataka,vijayanagara,2019,4,8079,9827
karnataka,vijayanagara,2020,1,8080,11471
karnataka,vijayanagara,2020,2,8081,12263
karnataka,vijayanagara,2020,3,8082,14141
karnataka,vijayanagara,2020,4,8083,17358
karnataka,vijayanagara,2021,1,8084,20576
karnataka,vijayanagara,2021,2,8085,21627
karnataka,vijayanagara,2021,3,8086,23935
karnataka,vijayanagara,2021,4,8087,26655
karnataka,vijayanagara,2022,1,8088,29317
karnataka,vijayanagara,2022,2,8089,31248
karnataka,vijayanagara,2022,3,8090,32600
karnataka,vijayanagara,2022,4,8091,33642
karnataka,vijayanagara,2023,1,8092,34314
karnataka,vijayanagara,2023,2,8093,34964
karnataka,vijayanagara,2023,3,8094,35988
karnataka,vijayanagara,2023,4,8095,36780
karnataka,vijayanagara,2024,1,8096,37925
karnataka,vijayanagara,2024,2,8097,38967
karnataka,vijayanagara,2024,3,8098,39870
karnataka,vijayanagara,2024,4,8099,40853
karnataka,vijayanagara,2025,1,8100,41954
karnataka,vijayanagara,2025,2,8101,42700
karnataka,vijayanagara,2025,3,8102,43424
karnataka,vijayanagara,2025,4,8103,44648
karnataka,vijayanagara,2026,1,8104,45911
karnataka,vijayanagara,2026,2,8105,47237
karnataka,vijayapura,2018,1,8072,2
karnataka,vijayapura,2018,2,8073,2
karnataka,vijayapura,2018,3,8074,11
karnataka,vijayapura,2018,4,8075,51
karnataka,vijayapura,2019,1,8076,3270
karnataka,vijayapura,2019,2,8077,7655
karnataka,vijayapura,2019,3,8078,10223
karnataka,vijayapura,2019,4,8079,12547
karnataka,vijayapura,2020,1,8080,14828
karnataka,vijayapura,2020,2,8081,15952
karnataka,vijayapura,2020,3,8082,18520
karnataka,vijayapura,2020,4,8083,22110
karnataka,vijayapura,2021,1,8084,26366
karnataka,vijayapura,2021,2,8085,28296
karnataka,vijayapura,2021,3,8086,32656
karnataka,vijayapura,2021,4,8087,37857
karnataka,vijayapura,2022,1,8088,43136
karnataka,vijayapura,2022,2,8089,46619
karnataka,vijayapura,2022,3,8090,50478
karnataka,vijayapura,2022,4,8091,53672
karnataka,vijayapura,2023,1,8092,55870
karnataka,vijayapura,2023,2,8093,57085
karnataka,vijayapura,2023,3,8094,59419
karnataka,vijayapura,2023,4,8095,61850
karnataka,vijayapura,2024,1,8096,64648
karnataka,vijayapura,2024,2,8097,66205
karnataka,vijayapura,2024,3,8098,67958
karnataka,vijayapura,2024,4,8099,69728
karnataka,vijayapura,2025,1,8100,71330
karnataka,vijayapura,2025,2,8101,72697
karnataka,vijayapura,2025,3,8102,74198
karnataka,vijayapura,2025,4,8103,76655
karnataka,vijayapura,2026,1,8104,78728
karnataka,vijayapura,2026,2,8105,80472
karnataka,yadgiri,2018,1,8072,27
karnataka,yadgiri,2018,2,8073,36
karnataka,yadgiri,2018,3,8074,44
karnataka,yadgiri,2018,4,8075,72
karnataka,yadgiri,2019,1,8076,153
karnataka,yadgiri,2019,2,8077,366
karnataka,yadgiri,2019,3,8078,558
karnataka,yadgiri,2019,4,8079,744
karnataka,yadgiri,2020,1,8080,1196
karnataka,yadgiri,2020,2,8081,1397
karnataka,yadgiri,2020,3,8082,1684
karnataka,yadgiri,2020,4,8083,2545
karnataka,yadgiri,2021,1,8084,5452
karnataka,yadgiri,2021,2,8085,6391
karnataka,yadgiri,2021,3,8086,8476
karnataka,yadgiri,2021,4,8087,11362
karnataka,yadgiri,2022,1,8088,13294
karnataka,yadgiri,2022,2,8089,14739
karnataka,yadgiri,2022,3,8090,15754
karnataka,yadgiri,2022,4,8091,16644
karnataka,yadgiri,2023,1,8092,17272
karnataka,yadgiri,2023,2,8093,17506
karnataka,yadgiri,2023,3,8094,17856
karnataka,yadgiri,2023,4,8095,18662
karnataka,yadgiri,2024,1,8096,19378
karnataka,yadgiri,2024,2,8097,20181
karnataka,yadgiri,2024,3,8098,21055
karnataka,yadgiri,2024,4,8099,22170
karnataka,yadgiri,2025,1,8100,22707
karnataka,yadgiri,2025,2,8101,23339
karnataka,yadgiri,2025,3,8102,23884
karnataka,yadgiri,2025,4,8103,24476
karnataka,yadgiri,2026,1,8104,24996
karnataka,yadgiri,2026,2,8105,25671
kerala,alappuzha,2018,3,8074,8
kerala,alappuzha,2018,4,8075,19
kerala,alappuzha,2019,1,8076,380
kerala,alappuzha,2019,2,8077,3347
kerala,alappuzha,2019,3,8078,4903
kerala,alappuzha,2019,4,8079,5822
kerala,alappuzha,2020,1,8080,6444
kerala,alappuzha,2020,2,8081,6794
kerala,alappuzha,2020,3,8082,8327
kerala,alappuzha,2020,4,8083,10501
kerala,alappuzha,2021,1,8084,13159
kerala,alappuzha,2021,2,8085,14111
kerala,alappuzha,2021,3,8086,19142
kerala,alappuzha,2021,4,8087,25838
kerala,alappuzha,2022,1,8088,31453
kerala,alappuzha,2022,2,8089,34491
kerala,alappuzha,2022,3,8090,36688
kerala,alappuzha,2022,4,8091,38865
kerala,alappuzha,2023,1,8092,40058
kerala,alappuzha,2023,2,8093,40972
kerala,alappuzha,2023,3,8094,42546
kerala,alappuzha,2023,4,8095,44592
kerala,alappuzha,2024,1,8096,46733
kerala,alappuzha,2024,2,8097,48907
kerala,alappuzha,2024,3,8098,51338
kerala,alappuzha,2024,4,8099,53962
kerala,alappuzha,2025,1,8100,56337
kerala,alappuzha,2025,2,8101,58621
kerala,alappuzha,2025,3,8102,60876
kerala,alappuzha,2025,4,8103,63751
kerala,alappuzha,2026,1,8104,66125
kerala,alappuzha,2026,2,8105,68176
kerala,ernakulam,2018,2,8073,1
kerala,ernakulam,2018,3,8074,21
kerala,ernakulam,2018,4,8075,32
kerala,ernakulam,2019,1,8076,3321
kerala,ernakulam,2019,2,8077,12969
kerala,ernakulam,2019,3,8078,19257
kerala,ernakulam,2019,4,8079,24017
kerala,ernakulam,2020,1,8080,30080
kerala,ernakulam,2020,2,8081,33620
kerala,ernakulam,2020,3,8082,41539
kerala,ernakulam,2020,4,8083,47731
kerala,ernakulam,2021,1,8084,53801
kerala,ernakulam,2021,2,8085,56156
kerala,ernakulam,2021,3,8086,64867
kerala,ernakulam,2021,4,8087,75075
kerala,ernakulam,2022,1,8088,84653
kerala,ernakulam,2022,2,8089,90935
kerala,ernakulam,2022,3,8090,96763
kerala,ernakulam,2022,4,8091,100897
kerala,ernakulam,2023,1,8092,102049
kerala,ernakulam,2023,2,8093,103709
kerala,ernakulam,2023,3,8094,106628
kerala,ernakulam,2023,4,8095,109557
kerala,ernakulam,2024,1,8096,113232
kerala,ernakulam,2024,2,8097,116831
kerala,ernakulam,2024,3,8098,120557
kerala,ernakulam,2024,4,8099,124504
kerala,ernakulam,2025,1,8100,128329
kerala,ernakulam,2025,2,8101,131660
kerala,ernakulam,2025,3,8102,134409
kerala,ernakulam,2025,4,8103,138020
kerala,ernakulam,2026,1,8104,140790
kerala,ernakulam,2026,2,8105,143949
kerala,idukki,2018,3,8074,1
kerala,idukki,2018,4,8075,1
kerala,idukki,2019,1,8076,48
kerala,idukki,2019,2,8077,879
kerala,idukki,2019,3,8078,1180
kerala,idukki,2019,4,8079,1417
kerala,idukki,2020,1,8080,1703
kerala,idukki,2020,2,8081,1933
kerala,idukki,2020,3,8082,2672
kerala,idukki,2020,4,8083,4057
kerala,idukki,2021,1,8084,5951
kerala,idukki,2021,2,8085,6799
kerala,idukki,2021,3,8086,9200
kerala,idukki,2021,4,8087,13795
kerala,idukki,2022,1,8088,18009
kerala,idukki,2022,2,8089,20568
kerala,idukki,2022,3,8090,22824
kerala,idukki,2022,4,8091,24477
kerala,idukki,2023,1,8092,24957
kerala,idukki,2023,2,8093,25419
kerala,idukki,2023,3,8094,26092
kerala,idukki,2023,4,8095,26769
kerala,idukki,2024,1,8096,27729
kerala,idukki,2024,2,8097,28294
kerala,idukki,2024,3,8098,28960
kerala,idukki,2024,4,8099,29648
kerala,idukki,2025,1,8100,30295
kerala,idukki,2025,2,8101,30693
kerala,idukki,2025,3,8102,31205
kerala,idukki,2025,4,8103,31708
kerala,idukki,2026,1,8104,32213
kerala,idukki,2026,2,8105,32521
kerala,kannur,2018,1,8072,1
kerala,kannur,2018,2,8073,2
kerala,kannur,2018,3,8074,14
kerala,kannur,2018,4,8075,19
kerala,kannur,2019,1,8076,214
kerala,kannur,2019,2,8077,1477
kerala,kannur,2019,3,8078,2128
kerala,kannur,2019,4,8079,2710
kerala,kannur,2020,1,8080,3319
kerala,kannur,2020,2,8081,3580
kerala,kannur,2020,3,8082,4544
kerala,kannur,2020,4,8083,8083
kerala,kannur,2021,1,8084,11751
kerala,kannur,2021,2,8085,13339
kerala,kannur,2021,3,8086,18191
kerala,kannur,2021,4,8087,26836
kerala,kannur,2022,1,8088,33913
kerala,kannur,2022,2,8089,37709
kerala,kannur,2022,3,8090,41334
kerala,kannur,2022,4,8091,45542
kerala,kannur,2023,1,8092,47342
kerala,kannur,2023,2,8093,48166
kerala,kannur,2023,3,8094,49170
kerala,kannur,2023,4,8095,50377
kerala,kannur,2024,1,8096,51672
kerala,kannur,2024,2,8097,53506
kerala,kannur,2024,3,8098,55551
kerala,kannur,2024,4,8099,57867
kerala,kannur,2025,1,8100,59386
kerala,kannur,2025,2,8101,60714
kerala,kannur,2025,3,8102,61865
kerala,kannur,2025,4,8103,63576
kerala,kannur,2026,1,8104,64766
kerala,kannur,2026,2,8105,66381
kerala,kasargod,2018,1,8072,1
kerala,kasargod,2018,2,8073,1
kerala,kasargod,2018,3,8074,5
kerala,kasargod,2018,4,8075,13
kerala,kasargod,2019,1,8076,55
kerala,kasargod,2019,2,8077,292
kerala,kasargod,2019,3,8078,350
kerala,kasargod,2019,4,8079,423
kerala,kasargod,2020,1,8080,521
kerala,kasargod,2020,2,8081,557
kerala,kasargod,2020,3,8082,1150
kerala,kasargod,2020,4,8083,3263
kerala,kasargod,2021,1,8084,5436
kerala,kasargod,2021,2,8085,6309
kerala,kasargod,2021,3,8086,9811
kerala,kasargod,2021,4,8087,13703
kerala,kasargod,2022,1,8088,16836
kerala,kasargod,2022,2,8089,18458
kerala,kasargod,2022,3,8090,20528
kerala,kasargod,2022,4,8091,22747
kerala,kasargod,2023,1,8092,24101
kerala,kasargod,2023,2,8093,24716
kerala,kasargod,2023,3,8094,25376
kerala,kasargod,2023,4,8095,26543
kerala,kasargod,2024,1,8096,27295
kerala,kasargod,2024,2,8097,27796
kerala,kasargod,2024,3,8098,28663
kerala,kasargod,2024,4,8099,29508
kerala,kasargod,2025,1,8100,30121
kerala,kasargod,2025,2,8101,30615
kerala,kasargod,2025,3,8102,31187
kerala,kasargod,2025,4,8103,32400
kerala,kasargod,2026,1,8104,33314
kerala,kasargod,2026,2,8105,34362
kerala,kollam,2018,4,8075,2
kerala,kollam,2019,1,8076,207
kerala,kollam,2019,2,8077,2348
kerala,kollam,2019,3,8078,4003
kerala,kollam,2019,4,8079,4995
kerala,kollam,2020,1,8080,5844
kerala,kollam,2020,2,8081,6366
kerala,kollam,2020,3,8082,7353
kerala,kollam,2020,4,8083,9750
kerala,kollam,2021,1,8084,13712
kerala,kollam,2021,2,8085,15175
kerala,kollam,2021,3,8086,21243
kerala,kollam,2021,4,8087,29879
kerala,kollam,2022,1,8088,35474
kerala,kollam,2022,2,8089,39448
kerala,kollam,2022,3,8090,42199
kerala,kollam,2022,4,8091,44835
kerala,kollam,2023,1,8092,46691
kerala,kollam,2023,2,8093,47575
kerala,kollam,2023,3,8094,49266
kerala,kollam,2023,4,8095,51057
kerala,kollam,2024,1,8096,52983
kerala,kollam,2024,2,8097,55281
kerala,kollam,2024,3,8098,57976
kerala,kollam,2024,4,8099,60873
kerala,kollam,2025,1,8100,63375
kerala,kollam,2025,2,8101,65508
kerala,kollam,2025,3,8102,67479
kerala,kollam,2025,4,8103,69569
kerala,kollam,2026,1,8104,70897
kerala,kollam,2026,2,8105,72421
kerala,kottayam,2018,3,8074,2
kerala,kottayam,2018,4,8075,2
kerala,kottayam,2019,1,8076,48
kerala,kottayam,2019,2,8077,393
kerala,kottayam,2019,3,8078,597
kerala,kottayam,2019,4,8079,819
kerala,kottayam,2020,1,8080,1012
kerala,kottayam,2020,2,8081,1149
kerala,kottayam,2020,3,8082,1326
kerala,kottayam,2020,4,8083,6672
kerala,kottayam,2021,1,8084,11111
kerala,kottayam,2021,2,8085,12442
kerala,kottayam,2021,3,8086,17781
kerala,kottayam,2021,4,8087,25284
kerala,kottayam,2022,1,8088,29083
kerala,kottayam,2022,2,8089,32020
kerala,kottayam,2022,3,8090,33802
kerala,kottayam,2022,4,8091,35690
kerala,kottayam,2023,1,8092,36643
kerala,kottayam,2023,2,8093,37025
kerala,kottayam,2023,3,8094,38271
kerala,kottayam,2023,4,8095,39787
kerala,kottayam,2024,1,8096,40906
kerala,kottayam,2024,2,8097,41980
kerala,kottayam,2024,3,8098,43615
kerala,kottayam,2024,4,8099,45430
kerala,kottayam,2025,1,8100,46839
kerala,kottayam,2025,2,8101,47851
kerala,kottayam,2025,3,8102,48926
kerala,kottayam,2025,4,8103,50255
kerala,kottayam,2026,1,8104,51336
kerala,kottayam,2026,2,8105,52611
kerala,kozhikode,2018,2,8073,1
kerala,kozhikode,2018,3,8074,26
kerala,kozhikode,2018,4,8075,36
kerala,kozhikode,2019,1,8076,680
kerala,kozhikode,2019,2,8077,4033
kerala,kozhikode,2019,3,8078,6210
kerala,kozhikode,2019,4,8079,7453
kerala,kozhikode,2020,1,8080,8549
kerala,kozhikode,2020,2,8081,9132
kerala,kozhikode,2020,3,8082,10758
kerala,kozhikode,2020,4,8083,16356
kerala,kozhikode,2021,1,8084,23396
kerala,kozhikode,2021,2,8085,25640
kerala,kozhikode,2021,3,8086,31238
kerala,kozhikode,2021,4,8087,41216
kerala,kozhikode,2022,1,8088,49935
kerala,kozhikode,2022,2,8089,56008
kerala,kozhikode,2022,3,8090,61373
kerala,kozhikode,2022,4,8091,64445
kerala,kozhikode,2023,1,8092,65888
kerala,kozhikode,2023,2,8093,66963
kerala,kozhikode,2023,3,8094,69106
kerala,kozhikode,2023,4,8095,71943
kerala,kozhikode,2024,1,8096,75461
kerala,kozhikode,2024,2,8097,78466
kerala,kozhikode,2024,3,8098,81642
kerala,kozhikode,2024,4,8099,84549
kerala,kozhikode,2025,1,8100,87642
kerala,kozhikode,2025,2,8101,90163
kerala,kozhikode,2025,3,8102,92245
kerala,kozhikode,2025,4,8103,94540
kerala,kozhikode,2026,1,8104,95963
kerala,kozhikode,2026,2,8105,97156
kerala,malappuram,2018,1,8072,1
kerala,malappuram,2018,2,8073,1
kerala,malappuram,2018,3,8074,11
kerala,malappuram,2018,4,8075,21
kerala,malappuram,2019,1,8076,147
kerala,malappuram,2019,2,8077,615
kerala,malappuram,2019,3,8078,1039
kerala,malappuram,2019,4,8079,1461
kerala,malappuram,2020,1,8080,1755
kerala,malappuram,2020,2,8081,1882
kerala,malappuram,2020,3,8082,3055
kerala,malappuram,2020,4,8083,15944
kerala,malappuram,2021,1,8084,29135
kerala,malappuram,2021,2,8085,34069
kerala,malappuram,2021,3,8086,48162
kerala,malappuram,2021,4,8087,71894
kerala,malappuram,2022,1,8088,89262
kerala,malappuram,2022,2,8089,97913
kerala,malappuram,2022,3,8090,105480
kerala,malappuram,2022,4,8091,112378
kerala,malappuram,2023,1,8092,116779
kerala,malappuram,2023,2,8093,118781
kerala,malappuram,2023,3,8094,122892
kerala,malappuram,2023,4,8095,127548
kerala,malappuram,2024,1,8096,132533
kerala,malappuram,2024,2,8097,136568
kerala,malappuram,2024,3,8098,140777
kerala,malappuram,2024,4,8099,144241
kerala,malappuram,2025,1,8100,147375
kerala,malappuram,2025,2,8101,150835
kerala,malappuram,2025,3,8102,154976
kerala,malappuram,2025,4,8103,159604
kerala,malappuram,2026,1,8104,162379
kerala,malappuram,2026,2,8105,164619
kerala,palakkad,2019,1,8076,201
kerala,palakkad,2019,2,8077,735
kerala,palakkad,2019,3,8078,1070
kerala,palakkad,2019,4,8079,1478
kerala,palakkad,2020,1,8080,1743
kerala,palakkad,2020,2,8081,1905
kerala,palakkad,2020,3,8082,2429
kerala,palakkad,2020,4,8083,5600
kerala,palakkad,2021,1,8084,13066
kerala,palakkad,2021,2,8085,15800
kerala,palakkad,2021,3,8086,25812
kerala,palakkad,2021,4,8087,43579
kerala,palakkad,2022,1,8088,51671
kerala,palakkad,2022,2,8089,55246
kerala,palakkad,2022,3,8090,58029
kerala,palakkad,2022,4,8091,60742
kerala,palakkad,2023,1,8092,61975
kerala,palakkad,2023,2,8093,62775
kerala,palakkad,2023,3,8094,64404
kerala,palakkad,2023,4,8095,66302
kerala,palakkad,2024,1,8096,68437
kerala,palakkad,2024,2,8097,70466
kerala,palakkad,2024,3,8098,72552
kerala,palakkad,2024,4,8099,75090
kerala,palakkad,2025,1,8100,77558
kerala,palakkad,2025,2,8101,79989
kerala,palakkad,2025,3,8102,82480
kerala,palakkad,2025,4,8103,85058
kerala,palakkad,2026,1,8104,86559
kerala,palakkad,2026,2,8105,87983
kerala,pathanamthitta,2018,3,8074,1
kerala,pathanamthitta,2018,4,8075,8
kerala,pathanamthitta,2019,1,8076,22
kerala,pathanamthitta,2019,2,8077,247
kerala,pathanamthitta,2019,3,8078,301
kerala,pathanamthitta,2019,4,8079,418
kerala,pathanamthitta,2020,1,8080,573
kerala,pathanamthitta,2020,2,8081,645
kerala,pathanamthitta,2020,3,8082,713
kerala,pathanamthitta,2020,4,8083,2985
kerala,pathanamthitta,2021,1,8084,4419
kerala,pathanamthitta,2021,2,8085,5146
kerala,pathanamthitta,2021,3,8086,7291
kerala,pathanamthitta,2021,4,8087,11017
kerala,pathanamthitta,2022,1,8088,14238
kerala,pathanamthitta,2022,2,8089,16140
kerala,pathanamthitta,2022,3,8090,17701
kerala,pathanamthitta,2022,4,8091,19421
kerala,pathanamthitta,2023,1,8092,20355
kerala,pathanamthitta,2023,2,8093,20965
kerala,pathanamthitta,2023,3,8094,21958
kerala,pathanamthitta,2023,4,8095,22860
kerala,pathanamthitta,2024,1,8096,23832
kerala,pathanamthitta,2024,2,8097,24840
kerala,pathanamthitta,2024,3,8098,25908
kerala,pathanamthitta,2024,4,8099,26988
kerala,pathanamthitta,2025,1,8100,27866
kerala,pathanamthitta,2025,2,8101,28682
kerala,pathanamthitta,2025,3,8102,29399
kerala,pathanamthitta,2025,4,8103,30175
kerala,pathanamthitta,2026,1,8104,30807
kerala,pathanamthitta,2026,2,8105,31349
kerala,thiruvananthapuram,2018,3,8074,3
kerala,thiruvananthapuram,2018,4,8075,7
kerala,thiruvananthapuram,2019,1,8076,1163
kerala,thiruvananthapuram,2019,2,8077,5622
kerala,thiruvananthapuram,2019,3,8078,9138
kerala,thiruvananthapuram,2019,4,8079,12258
kerala,thiruvananthapuram,2020,1,8080,14739
kerala,thiruvananthapuram,2020,2,8081,16292
kerala,thiruvananthapuram,2020,3,8082,19508
kerala,thiruvananthapuram,2020,4,8083,23681
kerala,thiruvananthapuram,2021,1,8084,27025
kerala,thiruvananthapuram,2021,2,8085,28757
kerala,thiruvananthapuram,2021,3,8086,33315
kerala,thiruvananthapuram,2021,4,8087,39696
kerala,thiruvananthapuram,2022,1,8088,46071
kerala,thiruvananthapuram,2022,2,8089,52761
kerala,thiruvananthapuram,2022,3,8090,59394
kerala,thiruvananthapuram,2022,4,8091,63256
kerala,thiruvananthapuram,2023,1,8092,65252
kerala,thiruvananthapuram,2023,2,8093,67292
kerala,thiruvananthapuram,2023,3,8094,71203
kerala,thiruvananthapuram,2023,4,8095,74825
kerala,thiruvananthapuram,2024,1,8096,78754
kerala,thiruvananthapuram,2024,2,8097,82329
kerala,thiruvananthapuram,2024,3,8098,85809
kerala,thiruvananthapuram,2024,4,8099,88725
kerala,thiruvananthapuram,2025,1,8100,91867
kerala,thiruvananthapuram,2025,2,8101,94541
kerala,thiruvananthapuram,2025,3,8102,96835
kerala,thiruvananthapuram,2025,4,8103,99128
kerala,thiruvananthapuram,2026,1,8104,100715
kerala,thiruvananthapuram,2026,2,8105,103214
kerala,thrissur,2018,2,8073,1
kerala,thrissur,2018,3,8074,1
kerala,thrissur,2018,4,8075,3
kerala,thrissur,2019,1,8076,394
kerala,thrissur,2019,2,8077,2739
kerala,thrissur,2019,3,8078,4249
kerala,thrissur,2019,4,8079,4919
kerala,thrissur,2020,1,8080,5462
kerala,thrissur,2020,2,8081,5857
kerala,thrissur,2020,3,8082,7397
kerala,thrissur,2020,4,8083,10004
kerala,thrissur,2021,1,8084,15513
kerala,thrissur,2021,2,8085,17218
kerala,thrissur,2021,3,8086,25839
kerala,thrissur,2021,4,8087,41759
kerala,thrissur,2022,1,8088,53536
kerala,thrissur,2022,2,8089,60243
kerala,thrissur,2022,3,8090,66172
kerala,thrissur,2022,4,8091,71061
kerala,thrissur,2023,1,8092,74152
kerala,thrissur,2023,2,8093,75492
kerala,thrissur,2023,3,8094,78057
kerala,thrissur,2023,4,8095,80466
kerala,thrissur,2024,1,8096,82620
kerala,thrissur,2024,2,8097,84594
kerala,thrissur,2024,3,8098,87332
kerala,thrissur,2024,4,8099,89988
kerala,thrissur,2025,1,8100,92289
kerala,thrissur,2025,2,8101,94630
kerala,thrissur,2025,3,8102,97530
kerala,thrissur,2025,4,8103,100248
kerala,thrissur,2026,1,8104,101639
kerala,thrissur,2026,2,8105,102993
kerala,wayanad,2018,2,8073,1
kerala,wayanad,2018,3,8074,4
kerala,wayanad,2018,4,8075,9
kerala,wayanad,2019,1,8076,42
kerala,wayanad,2019,2,8077,698
kerala,wayanad,2019,3,8078,998
kerala,wayanad,2019,4,8079,1262
kerala,wayanad,2020,1,8080,1512
kerala,wayanad,2020,2,8081,1638
kerala,wayanad,2020,3,8082,2364
kerala,wayanad,2020,4,8083,4155
kerala,wayanad,2021,1,8084,5621
kerala,wayanad,2021,2,8085,6594
kerala,wayanad,2021,3,8086,9508
kerala,wayanad,2021,4,8087,14857
kerala,wayanad,2022,1,8088,18332
kerala,wayanad,2022,2,8089,20198
kerala,wayanad,2022,3,8090,21829
kerala,wayanad,2022,4,8091,22975
kerala,wayanad,2023,1,8092,23620
kerala,wayanad,2023,2,8093,23763
kerala,wayanad,2023,3,8094,23997
kerala,wayanad,2023,4,8095,24559
kerala,wayanad,2024,1,8096,25598
kerala,wayanad,2024,2,8097,26658
kerala,wayanad,2024,3,8098,27657
kerala,wayanad,2024,4,8099,28934
kerala,wayanad,2025,1,8100,29897
kerala,wayanad,2025,2,8101,30722
kerala,wayanad,2025,3,8102,31563
kerala,wayanad,2025,4,8103,32510
kerala,wayanad,2026,1,8104,33134
kerala,wayanad,2026,2,8105,33869
ladakh,kargil,2018,4,8075,1
ladakh,kargil,2019,1,8076,2
ladakh,kargil,2019,2,8077,7
ladakh,kargil,2019,3,8078,13
ladakh,kargil,2019,4,8079,17
ladakh,kargil,2020,1,8080,17
ladakh,kargil,2020,2,8081,18
ladakh,kargil,2020,3,8082,22
ladakh,kargil,2020,4,8083,28
ladakh,kargil,2021,1,8084,39
ladakh,kargil,2021,2,8085,49
ladakh,kargil,2021,3,8086,58
ladakh,kargil,2021,4,8087,68
ladakh,kargil,2022,1,8088,84
ladakh,kargil,2022,2,8089,96
ladakh,kargil,2022,3,8090,112
ladakh,kargil,2022,4,8091,114
ladakh,kargil,2023,1,8092,113
ladakh,kargil,2023,2,8093,115
ladakh,kargil,2023,3,8094,115
ladakh,kargil,2023,4,8095,126
ladakh,kargil,2024,1,8096,128
ladakh,kargil,2024,2,8097,492
ladakh,kargil,2024,3,8098,621
ladakh,kargil,2024,4,8099,826
ladakh,kargil,2025,1,8100,884
ladakh,kargil,2025,2,8101,902
ladakh,kargil,2025,3,8102,937
ladakh,kargil,2025,4,8103,1015
ladakh,kargil,2026,1,8104,1029
ladakh,kargil,2026,2,8105,1047
ladakh,leh ladakh,2018,4,8075,2
ladakh,leh ladakh,2019,1,8076,10
ladakh,leh ladakh,2019,2,8077,23
ladakh,leh ladakh,2019,3,8078,34
ladakh,leh ladakh,2019,4,8079,47
ladakh,leh ladakh,2020,1,8080,54
ladakh,leh ladakh,2020,2,8081,61
ladakh,leh ladakh,2020,3,8082,67
ladakh,leh ladakh,2020,4,8083,81
ladakh,leh ladakh,2021,1,8084,218
ladakh,leh ladakh,2021,2,8085,455
ladakh,leh ladakh,2021,3,8086,503
ladakh,leh ladakh,2021,4,8087,544
ladakh,leh ladakh,2022,1,8088,599
ladakh,leh ladakh,2022,2,8089,689
ladakh,leh ladakh,2022,3,8090,744
ladakh,leh ladakh,2022,4,8091,777
ladakh,leh ladakh,2023,1,8092,786
ladakh,leh ladakh,2023,2,8093,807
ladakh,leh ladakh,2023,3,8094,857
ladakh,leh ladakh,2023,4,8095,912
ladakh,leh ladakh,2024,1,8096,963
ladakh,leh ladakh,2024,2,8097,1148
ladakh,leh ladakh,2024,3,8098,1439
ladakh,leh ladakh,2024,4,8099,1537
ladakh,leh ladakh,2025,1,8100,1570
ladakh,leh ladakh,2025,2,8101,1577
ladakh,leh ladakh,2025,3,8102,1593
ladakh,leh ladakh,2025,4,8103,1609
ladakh,leh ladakh,2026,1,8104,1610
ladakh,leh ladakh,2026,2,8105,1629
lakshadweep,lakshadweep,2019,3,8078,1
lakshadweep,lakshadweep,2019,4,8079,1
lakshadweep,lakshadweep,2020,1,8080,2
lakshadweep,lakshadweep,2020,2,8081,3
lakshadweep,lakshadweep,2020,3,8082,4
lakshadweep,lakshadweep,2020,4,8083,7
lakshadweep,lakshadweep,2021,1,8084,10
lakshadweep,lakshadweep,2021,2,8085,12
lakshadweep,lakshadweep,2021,3,8086,16
lakshadweep,lakshadweep,2021,4,8087,19
lakshadweep,lakshadweep,2022,1,8088,23
lakshadweep,lakshadweep,2022,2,8089,27
lakshadweep,lakshadweep,2022,3,8090,31
lakshadweep,lakshadweep,2022,4,8091,34
lakshadweep,lakshadweep,2023,1,8092,34
lakshadweep,lakshadweep,2023,2,8093,34
lakshadweep,lakshadweep,2023,3,8094,34
lakshadweep,lakshadweep,2023,4,8095,36
lakshadweep,lakshadweep,2024,1,8096,56
lakshadweep,lakshadweep,2024,2,8097,121
lakshadweep,lakshadweep,2024,3,8098,183
lakshadweep,lakshadweep,2024,4,8099,226
lakshadweep,lakshadweep,2025,1,8100,271
lakshadweep,lakshadweep,2025,2,8101,305
lakshadweep,lakshadweep,2025,3,8102,330
lakshadweep,lakshadweep,2025,4,8103,369
lakshadweep,lakshadweep,2026,1,8104,369
lakshadweep,lakshadweep,2026,2,8105,374
madhya pradesh,agar malwa,2018,3,8074,1
madhya pradesh,agar malwa,2018,4,8075,3
madhya pradesh,agar malwa,2019,1,8076,32
madhya pradesh,agar malwa,2019,2,8077,590
madhya pradesh,agar malwa,2019,3,8078,1107
madhya pradesh,agar malwa,2019,4,8079,1507
madhya pradesh,agar malwa,2020,1,8080,1662
madhya pradesh,agar malwa,2020,2,8081,1709
madhya pradesh,agar malwa,2020,3,8082,1958
madhya pradesh,agar malwa,2020,4,8083,4074
madhya pradesh,agar malwa,2021,1,8084,5876
madhya pradesh,agar malwa,2021,2,8085,6432
madhya pradesh,agar malwa,2021,3,8086,8148
madhya pradesh,agar malwa,2021,4,8087,9919
madhya pradesh,agar malwa,2022,1,8088,11142
madhya pradesh,agar malwa,2022,2,8089,12542
madhya pradesh,agar malwa,2022,3,8090,13436
madhya pradesh,agar malwa,2022,4,8091,14033
madhya pradesh,agar malwa,2023,1,8092,14380
madhya pradesh,agar malwa,2023,2,8093,14852
madhya pradesh,agar malwa,2023,3,8094,15238
madhya pradesh,agar malwa,2023,4,8095,15381
madhya pradesh,agar malwa,2024,1,8096,15544
madhya pradesh,agar malwa,2024,2,8097,15989
madhya pradesh,agar malwa,2024,3,8098,16151
madhya pradesh,agar malwa,2024,4,8099,16569
madhya pradesh,agar malwa,2025,1,8100,16901
madhya pradesh,agar malwa,2025,2,8101,17339
madhya pradesh,agar malwa,2025,3,8102,18077
madhya pradesh,agar malwa,2025,4,8103,18898
madhya pradesh,agar malwa,2026,1,8104,19096
madhya pradesh,agar malwa,2026,2,8105,19358
madhya pradesh,alirajpur,2019,1,8076,8
madhya pradesh,alirajpur,2019,2,8077,32
madhya pradesh,alirajpur,2019,3,8078,57
madhya pradesh,alirajpur,2019,4,8079,83
madhya pradesh,alirajpur,2020,1,8080,98
madhya pradesh,alirajpur,2020,2,8081,126
madhya pradesh,alirajpur,2020,3,8082,286
madhya pradesh,alirajpur,2020,4,8083,751
madhya pradesh,alirajpur,2021,1,8084,1509
madhya pradesh,alirajpur,2021,2,8085,1625
madhya pradesh,alirajpur,2021,3,8086,2250
madhya pradesh,alirajpur,2021,4,8087,2624
madhya pradesh,alirajpur,2022,1,8088,3060
madhya pradesh,alirajpur,2022,2,8089,3320
madhya pradesh,alirajpur,2022,3,8090,3663
madhya pradesh,alirajpur,2022,4,8091,4183
madhya pradesh,alirajpur,2023,1,8092,4557
madhya pradesh,alirajpur,2023,2,8093,4802
madhya pradesh,alirajpur,2023,3,8094,4961
madhya pradesh,alirajpur,2023,4,8095,5204
madhya pradesh,alirajpur,2024,1,8096,5406
madhya pradesh,alirajpur,2024,2,8097,5756
madhya pradesh,alirajpur,2024,3,8098,6155
madhya pradesh,alirajpur,2024,4,8099,6908
madhya pradesh,alirajpur,2025,1,8100,7308
madhya pradesh,alirajpur,2025,2,8101,7460
madhya pradesh,alirajpur,2025,3,8102,7855
madhya pradesh,alirajpur,2025,4,8103,8566
madhya pradesh,alirajpur,2026,1,8104,9185
madhya pradesh,alirajpur,2026,2,8105,9463
madhya pradesh,anuppur,2018,3,8074,1
madhya pradesh,anuppur,2018,4,8075,1
madhya pradesh,anuppur,2019,1,8076,66
madhya pradesh,anuppur,2019,2,8077,308
madhya pradesh,anuppur,2019,3,8078,584
madhya pradesh,anuppur,2019,4,8079,705
madhya pradesh,anuppur,2020,1,8080,817
madhya pradesh,anuppur,2020,2,8081,877
madhya pradesh,anuppur,2020,3,8082,968
madhya pradesh,anuppur,2020,4,8083,2968
madhya pradesh,anuppur,2021,1,8084,4299
madhya pradesh,anuppur,2021,2,8085,4543
madhya pradesh,anuppur,2021,3,8086,5435
madhya pradesh,anuppur,2021,4,8087,6603
madhya pradesh,anuppur,2022,1,8088,8284
madhya pradesh,anuppur,2022,2,8089,9756
madhya pradesh,anuppur,2022,3,8090,11051
madhya pradesh,anuppur,2022,4,8091,12940
madhya pradesh,anuppur,2023,1,8092,13685
madhya pradesh,anuppur,2023,2,8093,14354
madhya pradesh,anuppur,2023,3,8094,15465
madhya pradesh,anuppur,2023,4,8095,16321
madhya pradesh,anuppur,2024,1,8096,17252
madhya pradesh,anuppur,2024,2,8097,18245
madhya pradesh,anuppur,2024,3,8098,19369
madhya pradesh,anuppur,2024,4,8099,20281
madhya pradesh,anuppur,2025,1,8100,21186
madhya pradesh,anuppur,2025,2,8101,22014
madhya pradesh,anuppur,2025,3,8102,22889
madhya pradesh,anuppur,2025,4,8103,23740
madhya pradesh,anuppur,2026,1,8104,24373
madhya pradesh,anuppur,2026,2,8105,25153
madhya pradesh,ashoknagar,2019,1,8076,84
madhya pradesh,ashoknagar,2019,2,8077,476
madhya pradesh,ashoknagar,2019,3,8078,1059
madhya pradesh,ashoknagar,2019,4,8079,1175
madhya pradesh,ashoknagar,2020,1,8080,1386
madhya pradesh,ashoknagar,2020,2,8081,1437
madhya pradesh,ashoknagar,2020,3,8082,1765
madhya pradesh,ashoknagar,2020,4,8083,3482
madhya pradesh,ashoknagar,2021,1,8084,5112
madhya pradesh,ashoknagar,2021,2,8085,5808
madhya pradesh,ashoknagar,2021,3,8086,7746
madhya pradesh,ashoknagar,2021,4,8087,10460
madhya pradesh,ashoknagar,2022,1,8088,12632
madhya pradesh,ashoknagar,2022,2,8089,13878
madhya pradesh,ashoknagar,2022,3,8090,15264
madhya pradesh,ashoknagar,2022,4,8091,16711
madhya pradesh,ashoknagar,2023,1,8092,17454
madhya pradesh,ashoknagar,2023,2,8093,17914
madhya pradesh,ashoknagar,2023,3,8094,18262
madhya pradesh,ashoknagar,2023,4,8095,18757
madhya pradesh,ashoknagar,2024,1,8096,19292
madhya pradesh,ashoknagar,2024,2,8097,19858
madhya pradesh,ashoknagar,2024,3,8098,20560
madhya pradesh,ashoknagar,2024,4,8099,21393
madhya pradesh,ashoknagar,2025,1,8100,22386
madhya pradesh,ashoknagar,2025,2,8101,23049
madhya pradesh,ashoknagar,2025,3,8102,23575
madhya pradesh,ashoknagar,2025,4,8103,24338
madhya pradesh,ashoknagar,2026,1,8104,25036
madhya pradesh,ashoknagar,2026,2,8105,25838
madhya pradesh,balaghat,2018,4,8075,5
madhya pradesh,balaghat,2019,1,8076,235
madhya pradesh,balaghat,2019,2,8077,1397
madhya pradesh,balaghat,2019,3,8078,2769
madhya pradesh,balaghat,2019,4,8079,3073
madhya pradesh,balaghat,2020,1,8080,3343
madhya pradesh,balaghat,2020,2,8081,3586
madhya pradesh,balaghat,2020,3,8082,3837
madhya pradesh,balaghat,2020,4,8083,8426
madhya pradesh,balaghat,2021,1,8084,13175
madhya pradesh,balaghat,2021,2,8085,14995
madhya pradesh,balaghat,2021,3,8086,20070
madhya pradesh,balaghat,2021,4,8087,26009
madhya pradesh,balaghat,2022,1,8088,29890
madhya pradesh,balaghat,2022,2,8089,31720
madhya pradesh,balaghat,2022,3,8090,33697
madhya pradesh,balaghat,2022,4,8091,36389
madhya pradesh,balaghat,2023,1,8092,37757
madhya pradesh,balaghat,2023,2,8093,37997
madhya pradesh,balaghat,2023,3,8094,38289
madhya pradesh,balaghat,2023,4,8095,38734
madhya pradesh,balaghat,2024,1,8096,39754
madhya pradesh,balaghat,2024,2,8097,41085
madhya pradesh,balaghat,2024,3,8098,42476
madhya pradesh,balaghat,2024,4,8099,43941
madhya pradesh,balaghat,2025,1,8100,44765
madhya pradesh,balaghat,2025,2,8101,45453
madhya pradesh,balaghat,2025,3,8102,46496
madhya pradesh,balaghat,2025,4,8103,47389
madhya pradesh,balaghat,2026,1,8104,48341
madhya pradesh,balaghat,2026,2,8105,49478
madhya pradesh,barwani,2018,2,8073,1
madhya pradesh,barwani,2018,3,8074,1
madhya pradesh,barwani,2018,4,8075,2
madhya pradesh,barwani,2019,1,8076,48
madhya pradesh,barwani,2019,2,8077,496
madhya pradesh,barwani,2019,3,8078,682
madhya pradesh,barwani,2019,4,8079,1052
madhya pradesh,barwani,2020,1,8080,1413
madhya pradesh,barwani,2020,2,8081,1486
madhya pradesh,barwani,2020,3,8082,1668
madhya pradesh,barwani,2020,4,8083,4507
madhya pradesh,barwani,2021,1,8084,8186
madhya pradesh,barwani,2021,2,8085,9802
madhya pradesh,barwani,2021,3,8086,13803
madhya pradesh,barwani,2021,4,8087,17298
madhya pradesh,barwani,2022,1,8088,19532
madhya pradesh,barwani,2022,2,8089,20251
madhya pradesh,barwani,2022,3,8090,20675
madhya pradesh,barwani,2022,4,8091,21972
madhya pradesh,barwani,2023,1,8092,22378
madhya pradesh,barwani,2023,2,8093,22794
madhya pradesh,barwani,2023,3,8094,23726
madhya pradesh,barwani,2023,4,8095,24695
madhya pradesh,barwani,2024,1,8096,25520
madhya pradesh,barwani,2024,2,8097,26734
madhya pradesh,barwani,2024,3,8098,27648
madhya pradesh,barwani,2024,4,8099,28897
madhya pradesh,barwani,2025,1,8100,29747
madhya pradesh,barwani,2025,2,8101,30268
madhya pradesh,barwani,2025,3,8102,31129
madhya pradesh,barwani,2025,4,8103,32837
madhya pradesh,barwani,2026,1,8104,34109
madhya pradesh,barwani,2026,2,8105,35210
madhya pradesh,betul,2018,3,8074,1
madhya pradesh,betul,2018,4,8075,7
madhya pradesh,betul,2019,1,8076,145
madhya pradesh,betul,2019,2,8077,1103
madhya pradesh,betul,2019,3,8078,2288
madhya pradesh,betul,2019,4,8079,2677
madhya pradesh,betul,2020,1,8080,3316
madhya pradesh,betul,2020,2,8081,3804
madhya pradesh,betul,2020,3,8082,4923
madhya pradesh,betul,2020,4,8083,10176
madhya pradesh,betul,2021,1,8084,14410
madhya pradesh,betul,2021,2,8085,15927
madhya pradesh,betul,2021,3,8086,20099
madhya pradesh,betul,2021,4,8087,24233
madhya pradesh,betul,2022,1,8088,27729
madhya pradesh,betul,2022,2,8089,29623
madhya pradesh,betul,2022,3,8090,31370
madhya pradesh,betul,2022,4,8091,33484
madhya pradesh,betul,2023,1,8092,34414
madhya pradesh,betul,2023,2,8093,35608
madhya pradesh,betul,2023,3,8094,36479
madhya pradesh,betul,2023,4,8095,37377
madhya pradesh,betul,2024,1,8096,38890
madhya pradesh,betul,2024,2,8097,40827
madhya pradesh,betul,2024,3,8098,42828
madhya pradesh,betul,2024,4,8099,45138
madhya pradesh,betul,2025,1,8100,46584
madhya pradesh,betul,2025,2,8101,47957
madhya pradesh,betul,2025,3,8102,49329
madhya pradesh,betul,2025,4,8103,50996
madhya pradesh,betul,2026,1,8104,51808
madhya pradesh,betul,2026,2,8105,52533
madhya pradesh,bhind,2018,4,8075,7
madhya pradesh,bhind,2019,1,8076,215
madhya pradesh,bhind,2019,2,8077,1805
madhya pradesh,bhind,2019,3,8078,3154
madhya pradesh,bhind,2019,4,8079,4165
madhya pradesh,bhind,2020,1,8080,5300
madhya pradesh,bhind,2020,2,8081,5888
madhya pradesh,bhind,2020,3,8082,7291
madhya pradesh,bhind,2020,4,8083,11528
madhya pradesh,bhind,2021,1,8084,16656
madhya pradesh,bhind,2021,2,8085,18989
madhya pradesh,bhind,2021,3,8086,22375
madhya pradesh,bhind,2021,4,8087,24370
madhya pradesh,bhind,2022,1,8088,27144
madhya pradesh,bhind,2022,2,8089,28689
madhya pradesh,bhind,2022,3,8090,29963
madhya pradesh,bhind,2022,4,8091,32244
madhya pradesh,bhind,2023,1,8092,32532
madhya pradesh,bhind,2023,2,8093,33493
madhya pradesh,bhind,2023,3,8094,34790
madhya pradesh,bhind,2023,4,8095,35818
madhya pradesh,bhind,2024,1,8096,36530
madhya pradesh,bhind,2024,2,8097,37393
madhya pradesh,bhind,2024,3,8098,38634
madhya pradesh,bhind,2024,4,8099,40065
madhya pradesh,bhind,2025,1,8100,41387
madhya pradesh,bhind,2025,2,8101,42349
madhya pradesh,bhind,2025,3,8102,43309
madhya pradesh,bhind,2025,4,8103,44885
madhya pradesh,bhind,2026,1,8104,45791
madhya pradesh,bhind,2026,2,8105,46747
madhya pradesh,bhopal,2018,2,8073,4
madhya pradesh,bhopal,2018,3,8074,14
madhya pradesh,bhopal,2018,4,8075,126
madhya pradesh,bhopal,2019,1,8076,21932
madhya pradesh,bhopal,2019,2,8077,65028
madhya pradesh,bhopal,2019,3,8078,98552
madhya pradesh,bhopal,2019,4,8079,117820
madhya pradesh,bhopal,2020,1,8080,134342
madhya pradesh,bhopal,2020,2,8081,142600
madhya pradesh,bhopal,2020,3,8082,160220
madhya pradesh,bhopal,2020,4,8083,177093
madhya pradesh,bhopal,2021,1,8084,190769
madhya pradesh,bhopal,2021,2,8085,196941
madhya pradesh,bhopal,2021,3,8086,213328
madhya pradesh,bhopal,2021,4,8087,230430
madhya pradesh,bhopal,2022,1,8088,243243
madhya pradesh,bhopal,2022,2,8089,253065
madhya pradesh,bhopal,2022,3,8090,262405
madhya pradesh,bhopal,2022,4,8091,270577
madhya pradesh,bhopal,2023,1,8092,267820
madhya pradesh,bhopal,2023,2,8093,274621
madhya pradesh,bhopal,2023,3,8094,280315
madhya pradesh,bhopal,2023,4,8095,285827
madhya pradesh,bhopal,2024,1,8096,294725
madhya pradesh,bhopal,2024,2,8097,303332
madhya pradesh,bhopal,2024,3,8098,313874
madhya pradesh,bhopal,2024,4,8099,323487
madhya pradesh,bhopal,2025,1,8100,333143
madhya pradesh,bhopal,2025,2,8101,341023
madhya pradesh,bhopal,2025,3,8102,346786
madhya pradesh,bhopal,2025,4,8103,353851
madhya pradesh,bhopal,2026,1,8104,358024
madhya pradesh,bhopal,2026,2,8105,361968
madhya pradesh,burhanpur,2018,3,8074,1
madhya pradesh,burhanpur,2018,4,8075,3
madhya pradesh,burhanpur,2019,1,8076,71
madhya pradesh,burhanpur,2019,2,8077,788
madhya pradesh,burhanpur,2019,3,8078,1848
madhya pradesh,burhanpur,2019,4,8079,2632
madhya pradesh,burhanpur,2020,1,8080,3355
madhya pradesh,burhanpur,2020,2,8081,3732
madhya pradesh,burhanpur,2020,3,8082,5201
madhya pradesh,burhanpur,2020,4,8083,8836
madhya pradesh,burhanpur,2021,1,8084,12302
madhya pradesh,burhanpur,2021,2,8085,13892
madhya pradesh,burhanpur,2021,3,8086,17325
madhya pradesh,burhanpur,2021,4,8087,21182
madhya pradesh,burhanpur,2022,1,8088,24678
madhya pradesh,burhanpur,2022,2,8089,26536
madhya pradesh,burhanpur,2022,3,8090,28611
madhya pradesh,burhanpur,2022,4,8091,30629
madhya pradesh,burhanpur,2023,1,8092,32021
madhya pradesh,burhanpur,2023,2,8093,33072
madhya pradesh,burhanpur,2023,3,8094,34284
madhya pradesh,burhanpur,2023,4,8095,34366
madhya pradesh,burhanpur,2024,1,8096,34434
madhya pradesh,burhanpur,2024,2,8097,35462
madhya pradesh,burhanpur,2024,3,8098,37392
madhya pradesh,burhanpur,2024,4,8099,39895
madhya pradesh,burhanpur,2025,1,8100,42094
madhya pradesh,burhanpur,2025,2,8101,44209
madhya pradesh,burhanpur,2025,3,8102,46118
madhya pradesh,burhanpur,2025,4,8103,48179
madhya pradesh,burhanpur,2026,1,8104,48950
madhya pradesh,burhanpur,2026,2,8105,49665
madhya pradesh,chhatarpur,2018,3,8074,1
madhya pradesh,chhatarpur,2018,4,8075,8
madhya pradesh,chhatarpur,2019,1,8076,200
madhya pradesh,chhatarpur,2019,2,8077,484
madhya pradesh,chhatarpur,2019,3,8078,961
madhya pradesh,chhatarpur,2019,4,8079,1244
madhya pradesh,chhatarpur,2020,1,8080,1503
madhya pradesh,chhatarpur,2020,2,8081,1848
madhya pradesh,chhatarpur,2020,3,8082,2539
madhya pradesh,chhatarpur,2020,4,8083,4026
madhya pradesh,chhatarpur,2021,1,8084,6986
madhya pradesh,chhatarpur,2021,2,8085,9322
madhya pradesh,chhatarpur,2021,3,8086,14293
madhya pradesh,chhatarpur,2021,4,8087,20518
madhya pradesh,chhatarpur,2022,1,8088,25127
madhya pradesh,chhatarpur,2022,2,8089,28446
madhya pradesh,chhatarpur,2022,3,8090,30957
madhya pradesh,chhatarpur,2022,4,8091,33432
madhya pradesh,chhatarpur,2023,1,8092,35367
madhya pradesh,chhatarpur,2023,2,8093,36375
madhya pradesh,chhatarpur,2023,3,8094,38113
madhya pradesh,chhatarpur,2023,4,8095,39567
madhya pradesh,chhatarpur,2024,1,8096,41543
madhya pradesh,chhatarpur,2024,2,8097,43688
madhya pradesh,chhatarpur,2024,3,8098,45788
madhya pradesh,chhatarpur,2024,4,8099,48536
madhya pradesh,chhatarpur,2025,1,8100,51070
madhya pradesh,chhatarpur,2025,2,8101,52984
madhya pradesh,chhatarpur,2025,3,8102,54714
madhya pradesh,chhatarpur,2025,4,8103,57426
madhya pradesh,chhatarpur,2026,1,8104,59327
madhya pradesh,chhatarpur,2026,2,8105,60450
madhya pradesh,chhindwara,2018,4,8075,16
madhya pradesh,chhindwara,2019,1,8076,186
madhya pradesh,chhindwara,2019,2,8077,1938
madhya pradesh,chhindwara,2019,3,8078,2768
madhya pradesh,chhindwara,2019,4,8079,3329
madhya pradesh,chhindwara,2020,1,8080,3866
madhya pradesh,chhindwara,2020,2,8081,4182
madhya pradesh,chhindwara,2020,3,8082,4797
madhya pradesh,chhindwara,2020,4,8083,8033
madhya pradesh,chhindwara,2021,1,8084,14303
madhya pradesh,chhindwara,2021,2,8085,15882
madhya pradesh,chhindwara,2021,3,8086,21897
madhya pradesh,chhindwara,2021,4,8087,28501
madhya pradesh,chhindwara,2022,1,8088,33556
madhya pradesh,chhindwara,2022,2,8089,37016
madhya pradesh,chhindwara,2022,3,8090,38688
madhya pradesh,chhindwara,2022,4,8091,40851
madhya pradesh,chhindwara,2023,1,8092,41817
madhya pradesh,chhindwara,2023,2,8093,42315
madhya pradesh,chhindwara,2023,3,8094,43067
madhya pradesh,chhindwara,2023,4,8095,44173
madhya pradesh,chhindwara,2024,1,8096,45286
madhya pradesh,chhindwara,2024,2,8097,46469
madhya pradesh,chhindwara,2024,3,8098,47760
madhya pradesh,chhindwara,2024,4,8099,49113
madhya pradesh,chhindwara,2025,1,8100,50436
madhya pradesh,chhindwara,2025,2,8101,51425
madhya pradesh,chhindwara,2025,3,8102,52798
madhya pradesh,chhindwara,2025,4,8103,54790
madhya pradesh,chhindwara,2026,1,8104,55758
madhya pradesh,chhindwara,2026,2,8105,56824
madhya pradesh,damoh,2018,4,8075,3
madhya pradesh,damoh,2019,1,8076,90
madhya pradesh,damoh,2019,2,8077,278
madhya pradesh,damoh,2019,3,8078,522
madhya pradesh,damoh,2019,4,8079,659
madhya pradesh,damoh,2020,1,8080,847
madhya pradesh,damoh,2020,2,8081,969
madhya pradesh,damoh,2020,3,8082,1041
madhya pradesh,damoh,2020,4,8083,3735
madhya pradesh,damoh,2021,1,8084,5628
madhya pradesh,damoh,2021,2,8085,6476
madhya pradesh,damoh,2021,3,8086,9315
madhya pradesh,damoh,2021,4,8087,12566
madhya pradesh,damoh,2022,1,8088,15974
madhya pradesh,damoh,2022,2,8089,18087
madhya pradesh,damoh,2022,3,8090,19060
madhya pradesh,damoh,2022,4,8091,19873
madhya pradesh,damoh,2023,1,8092,20422
madhya pradesh,damoh,2023,2,8093,20990
madhya pradesh,damoh,2023,3,8094,21569
madhya pradesh,damoh,2023,4,8095,22030
madhya pradesh,damoh,2024,1,8096,22966
madhya pradesh,damoh,2024,2,8097,24526
madhya pradesh,damoh,2024,3,8098,26390
madhya pradesh,damoh,2024,4,8099,28752
madhya pradesh,damoh,2025,1,8100,30515
madhya pradesh,damoh,2025,2,8101,31899
madhya pradesh,damoh,2025,3,8102,33501
madhya pradesh,damoh,2025,4,8103,34938
madhya pradesh,damoh,2026,1,8104,35698
madhya pradesh,damoh,2026,2,8105,36577
madhya pradesh,datia,2018,4,8075,2
madhya pradesh,datia,2019,1,8076,68
madhya pradesh,datia,2019,2,8077,593
madhya pradesh,datia,2019,3,8078,965
madhya pradesh,datia,2019,4,8079,1183
madhya pradesh,datia,2020,1,8080,1389
madhya pradesh,datia,2020,2,8081,1459
madhya pradesh,datia,2020,3,8082,1810
madhya pradesh,datia,2020,4,8083,3137
madhya pradesh,datia,2021,1,8084,4628
madhya pradesh,datia,2021,2,8085,5471
madhya pradesh,datia,2021,3,8086,7364
madhya pradesh,datia,2021,4,8087,9361
madhya pradesh,datia,2022,1,8088,11376
madhya pradesh,datia,2022,2,8089,12246
madhya pradesh,datia,2022,3,8090,13642
madhya pradesh,datia,2022,4,8091,15081
madhya pradesh,datia,2023,1,8092,15844
madhya pradesh,datia,2023,2,8093,16500
madhya pradesh,datia,2023,3,8094,17293
madhya pradesh,datia,2023,4,8095,18162
madhya pradesh,datia,2024,1,8096,19119
madhya pradesh,datia,2024,2,8097,20455
madhya pradesh,datia,2024,3,8098,21673
madhya pradesh,datia,2024,4,8099,22785
madhya pradesh,datia,2025,1,8100,23788
madhya pradesh,datia,2025,2,8101,24513
madhya pradesh,datia,2025,3,8102,25127
madhya pradesh,datia,2025,4,8103,26061
madhya pradesh,datia,2026,1,8104,26589
madhya pradesh,datia,2026,2,8105,26932
madhya pradesh,dewas,2018,4,8075,3
madhya pradesh,dewas,2019,1,8076,790
madhya pradesh,dewas,2019,2,8077,4110
madhya pradesh,dewas,2019,3,8078,6942
madhya pradesh,dewas,2019,4,8079,9126
madhya pradesh,dewas,2020,1,8080,10775
madhya pradesh,dewas,2020,2,8081,11612
madhya pradesh,dewas,2020,3,8082,15081
madhya pradesh,dewas,2020,4,8083,18654
madhya pradesh,dewas,2021,1,8084,22801
madhya pradesh,dewas,2021,2,8085,24348
madhya pradesh,dewas,2021,3,8086,28683
madhya pradesh,dewas,2021,4,8087,32633
madhya pradesh,dewas,2022,1,8088,35800
madhya pradesh,dewas,2022,2,8089,37379
madhya pradesh,dewas,2022,3,8090,39679
madhya pradesh,dewas,2022,4,8091,41718
madhya pradesh,dewas,2023,1,8092,42801
madhya pradesh,dewas,2023,2,8093,43910
madhya pradesh,dewas,2023,3,8094,45231
madhya pradesh,dewas,2023,4,8095,46664
madhya pradesh,dewas,2024,1,8096,48644
madhya pradesh,dewas,2024,2,8097,50748
madhya pradesh,dewas,2024,3,8098,53096
madhya pradesh,dewas,2024,4,8099,55534
madhya pradesh,dewas,2025,1,8100,57342
madhya pradesh,dewas,2025,2,8101,59226
madhya pradesh,dewas,2025,3,8102,61531
madhya pradesh,dewas,2025,4,8103,64040
madhya pradesh,dewas,2026,1,8104,65106
madhya pradesh,dewas,2026,2,8105,66296
madhya pradesh,dhar,2018,3,8074,1
madhya pradesh,dhar,2018,4,8075,7
madhya pradesh,dhar,2019,1,8076,378
madhya pradesh,dhar,2019,2,8077,2656
madhya pradesh,dhar,2019,3,8078,3796
madhya pradesh,dhar,2019,4,8079,5263
madhya pradesh,dhar,2020,1,8080,6498
madhya pradesh,dhar,2020,2,8081,7106
madhya pradesh,dhar,2020,3,8082,9974
madhya pradesh,dhar,2020,4,8083,16375
madhya pradesh,dhar,2021,1,8084,23258
madhya pradesh,dhar,2021,2,8085,25379
madhya pradesh,dhar,2021,3,8086,30406
madhya pradesh,dhar,2021,4,8087,36089
madhya pradesh,dhar,2022,1,8088,40213
madhya pradesh,dhar,2022,2,8089,42341
madhya pradesh,dhar,2022,3,8090,44490
madhya pradesh,dhar,2022,4,8091,46765
madhya pradesh,dhar,2023,1,8092,47966
madhya pradesh,dhar,2023,2,8093,48998
madhya pradesh,dhar,2023,3,8094,50526
madhya pradesh,dhar,2023,4,8095,51962
madhya pradesh,dhar,2024,1,8096,54023
madhya pradesh,dhar,2024,2,8097,56412
madhya pradesh,dhar,2024,3,8098,58554
madhya pradesh,dhar,2024,4,8099,60239
madhya pradesh,dhar,2025,1,8100,61539
madhya pradesh,dhar,2025,2,8101,62582
madhya pradesh,dhar,2025,3,8102,63922
madhya pradesh,dhar,2025,4,8103,66070
madhya pradesh,dhar,2026,1,8104,67987
madhya pradesh,dhar,2026,2,8105,69467
madhya pradesh,dindori,2019,1,8076,93
madhya pradesh,dindori,2019,2,8077,196
madhya pradesh,dindori,2019,3,8078,285
madhya pradesh,dindori,2019,4,8079,349
madhya pradesh,dindori,2020,1,8080,405
madhya pradesh,dindori,2020,2,8081,431
madhya pradesh,dindori,2020,3,8082,449
madhya pradesh,dindori,2020,4,8083,998
madhya pradesh,dindori,2021,1,8084,1522
madhya pradesh,dindori,2021,2,8085,1799
madhya pradesh,dindori,2021,3,8086,2483
madhya pradesh,dindori,2021,4,8087,3545
madhya pradesh,dindori,2022,1,8088,4074
madhya pradesh,dindori,2022,2,8089,4602
madhya pradesh,dindori,2022,3,8090,5005
madhya pradesh,dindori,2022,4,8091,5442
madhya pradesh,dindori,2023,1,8092,5912
madhya pradesh,dindori,2023,2,8093,6250
madhya pradesh,dindori,2023,3,8094,6593
madhya pradesh,dindori,2023,4,8095,7460
madhya pradesh,dindori,2024,1,8096,8390
madhya pradesh,dindori,2024,2,8097,9155
madhya pradesh,dindori,2024,3,8098,9892
madhya pradesh,dindori,2024,4,8099,10730
madhya pradesh,dindori,2025,1,8100,11223
madhya pradesh,dindori,2025,2,8101,11686
madhya pradesh,dindori,2025,3,8102,12162
madhya pradesh,dindori,2025,4,8103,12790
madhya pradesh,dindori,2026,1,8104,13194
madhya pradesh,dindori,2026,2,8105,13611
madhya pradesh,guna,2018,1,8072,2
madhya pradesh,guna,2018,2,8073,2
madhya pradesh,guna,2018,3,8074,5
madhya pradesh,guna,2018,4,8075,14
madhya pradesh,guna,2019,1,8076,317
madhya pradesh,guna,2019,2,8077,1374
madhya pradesh,guna,2019,3,8078,3092
madhya pradesh,guna,2019,4,8079,3870
madhya pradesh,guna,2020,1,8080,4437
madhya pradesh,guna,2020,2,8081,4789
madhya pradesh,guna,2020,3,8082,6439
madhya pradesh,guna,2020,4,8083,9104
madhya pradesh,guna,2021,1,8084,12868
madhya pradesh,guna,2021,2,8085,14627
madhya pradesh,guna,2021,3,8086,18397
madhya pradesh,guna,2021,4,8087,23521
madhya pradesh,guna,2022,1,8088,27394
madhya pradesh,guna,2022,2,8089,30167
madhya pradesh,guna,2022,3,8090,33393
madhya pradesh,guna,2022,4,8091,35992
madhya pradesh,guna,2023,1,8092,37454
madhya pradesh,guna,2023,2,8093,38240
madhya pradesh,guna,2023,3,8094,38742
madhya pradesh,guna,2023,4,8095,39258
madhya pradesh,guna,2024,1,8096,39724
madhya pradesh,guna,2024,2,8097,40387
madhya pradesh,guna,2024,3,8098,41177
madhya pradesh,guna,2024,4,8099,42175
madhya pradesh,guna,2025,1,8100,43247
madhya pradesh,guna,2025,2,8101,43921
madhya pradesh,guna,2025,3,8102,44533
madhya pradesh,guna,2025,4,8103,45940
madhya pradesh,guna,2026,1,8104,46892
madhya pradesh,guna,2026,2,8105,47884
madhya pradesh,gwalior,2018,3,8074,9
madhya pradesh,gwalior,2018,4,8075,32
madhya pradesh,gwalior,2019,1,8076,7122
madhya pradesh,gwalior,2019,2,8077,14098
madhya pradesh,gwalior,2019,3,8078,20592
madhya pradesh,gwalior,2019,4,8079,24617
madhya pradesh,gwalior,2020,1,8080,28270
madhya pradesh,gwalior,2020,2,8081,30382
madhya pradesh,gwalior,2020,3,8082,36383
madhya pradesh,gwalior,2020,4,8083,44678
madhya pradesh,gwalior,2021,1,8084,52496
madhya pradesh,gwalior,2021,2,8085,56302
madhya pradesh,gwalior,2021,3,8086,61590
madhya pradesh,gwalior,2021,4,8087,66769
madhya pradesh,gwalior,2022,1,8088,72811
madhya pradesh,gwalior,2022,2,8089,77942
madhya pradesh,gwalior,2022,3,8090,83267
madhya pradesh,gwalior,2022,4,8091,87575
madhya pradesh,gwalior,2023,1,8092,87606
madhya pradesh,gwalior,2023,2,8093,89473
madhya pradesh,gwalior,2023,3,8094,91892
madhya pradesh,gwalior,2023,4,8095,94291
madhya pradesh,gwalior,2024,1,8096,100182
madhya pradesh,gwalior,2024,2,8097,104641
madhya pradesh,gwalior,2024,3,8098,109450
madhya pradesh,gwalior,2024,4,8099,114222
madhya pradesh,gwalior,2025,1,8100,117742
madhya pradesh,gwalior,2025,2,8101,120752
madhya pradesh,gwalior,2025,3,8102,123587
madhya pradesh,gwalior,2025,4,8103,127406
madhya pradesh,gwalior,2026,1,8104,129660
madhya pradesh,gwalior,2026,2,8105,131713
madhya pradesh,harda,2018,4,8075,2
madhya pradesh,harda,2019,1,8076,47
madhya pradesh,harda,2019,2,8077,550
madhya pradesh,harda,2019,3,8078,945
madhya pradesh,harda,2019,4,8079,1217
madhya pradesh,harda,2020,1,8080,1399
madhya pradesh,harda,2020,2,8081,1561
madhya pradesh,harda,2020,3,8082,2345
madhya pradesh,harda,2020,4,8083,3890
madhya pradesh,harda,2021,1,8084,5145
madhya pradesh,harda,2021,2,8085,5562
madhya pradesh,harda,2021,3,8086,6765
madhya pradesh,harda,2021,4,8087,8075
madhya pradesh,harda,2022,1,8088,9237
madhya pradesh,harda,2022,2,8089,9630
madhya pradesh,harda,2022,3,8090,9917
madhya pradesh,harda,2022,4,8091,10323
madhya pradesh,harda,2023,1,8092,10907
madhya pradesh,harda,2023,2,8093,11276
madhya pradesh,harda,2023,3,8094,11423
madhya pradesh,harda,2023,4,8095,11607
madhya pradesh,harda,2024,1,8096,11927
madhya pradesh,harda,2024,2,8097,12230
madhya pradesh,harda,2024,3,8098,13183
madhya pradesh,harda,2024,4,8099,13964
madhya pradesh,harda,2025,1,8100,14322
madhya pradesh,harda,2025,2,8101,14646
madhya pradesh,harda,2025,3,8102,15473
madhya pradesh,harda,2025,4,8103,16298
madhya pradesh,harda,2026,1,8104,16885
madhya pradesh,harda,2026,2,8105,17586
madhya pradesh,indore,2018,1,8072,2
madhya pradesh,indore,2018,2,8073,2
madhya pradesh,indore,2018,3,8074,10
madhya pradesh,indore,2018,4,8075,67
madhya pradesh,indore,2019,1,8076,16338
madhya pradesh,indore,2019,2,8077,53793
madhya pradesh,indore,2019,3,8078,84389
madhya pradesh,indore,2019,4,8079,102898
madhya pradesh,indore,2020,1,8080,120041
madhya pradesh,indore,2020,2,8081,125739
madhya pradesh,indore,2020,3,8082,145194
madhya pradesh,indore,2020,4,8083,164710
madhya pradesh,indore,2021,1,8084,181093
madhya pradesh,indore,2021,2,8085,185959
madhya pradesh,indore,2021,3,8086,202127
madhya pradesh,indore,2021,4,8087,218098
madhya pradesh,indore,2022,1,8088,231667
madhya pradesh,indore,2022,2,8089,243400
madhya pradesh,indore,2022,3,8090,252960
madhya pradesh,indore,2022,4,8091,261186
madhya pradesh,indore,2023,1,8092,259848
madhya pradesh,indore,2023,2,8093,265650
madhya pradesh,indore,2023,3,8094,271486
madhya pradesh,indore,2023,4,8095,277759
madhya pradesh,indore,2024,1,8096,291376
madhya pradesh,indore,2024,2,8097,302315
madhya pradesh,indore,2024,3,8098,310870
madhya pradesh,indore,2024,4,8099,319234
madhya pradesh,indore,2025,1,8100,327059
madhya pradesh,indore,2025,2,8101,333479
madhya pradesh,indore,2025,3,8102,339567
madhya pradesh,indore,2025,4,8103,346158
madhya pradesh,indore,2026,1,8104,351941
madhya pradesh,indore,2026,2,8105,358011
madhya pradesh,jabalpur,2018,1,8072,2
madhya pradesh,jabalpur,2018,2,8073,2
madhya pradesh,jabalpur,2018,3,8074,4
madhya pradesh,jabalpur,2018,4,8075,40
madhya pradesh,jabalpur,2019,1,8076,6823
madhya pradesh,jabalpur,2019,2,8077,21825
madhya pradesh,jabalpur,2019,3,8078,32140
madhya pradesh,jabalpur,2019,4,8079,40359
madhya pradesh,jabalpur,2020,1,8080,46870
madhya pradesh,jabalpur,2020,2,8081,50288
madhya pradesh,jabalpur,2020,3,8082,58617
madhya pradesh,jabalpur,2020,4,8083,66280
madhya pradesh,jabalpur,2021,1,8084,73363
madhya pradesh,jabalpur,2021,2,8085,75702
madhya pradesh,jabalpur,2021,3,8086,80352
madhya pradesh,jabalpur,2021,4,8087,86092
madhya pradesh,jabalpur,2022,1,8088,90766
madhya pradesh,jabalpur,2022,2,8089,94966
madhya pradesh,jabalpur,2022,3,8090,99281
madhya pradesh,jabalpur,2022,4,8091,102837
madhya pradesh,jabalpur,2023,1,8092,100829
madhya pradesh,jabalpur,2023,2,8093,102952
madhya pradesh,jabalpur,2023,3,8094,105584
madhya pradesh,jabalpur,2023,4,8095,108989
madhya pradesh,jabalpur,2024,1,8096,113776
madhya pradesh,jabalpur,2024,2,8097,119132
madhya pradesh,jabalpur,2024,3,8098,123816
madhya pradesh,jabalpur,2024,4,8099,127869
madhya pradesh,jabalpur,2025,1,8100,131563
madhya pradesh,jabalpur,2025,2,8101,134824
madhya pradesh,jabalpur,2025,3,8102,137358
madhya pradesh,jabalpur,2025,4,8103,140867
madhya pradesh,jabalpur,2026,1,8104,143882
madhya pradesh,jabalpur,2026,2,8105,146620
madhya pradesh,jhabua,2018,4,8075,2
madhya pradesh,jhabua,2019,1,8076,28
madhya pradesh,jhabua,2019,2,8077,162
madhya pradesh,jhabua,2019,3,8078,233
madhya pradesh,jhabua,2019,4,8079,295
madhya pradesh,jhabua,2020,1,8080,353
madhya pradesh,jhabua,2020,2,8081,406
madhya pradesh,jhabua,2020,3,8082,478
madhya pradesh,jhabua,2020,4,8083,1477
madhya pradesh,jhabua,2021,1,8084,3208
madhya pradesh,jhabua,2021,2,8085,3821
madhya pradesh,jhabua,2021,3,8086,5538
madhya pradesh,jhabua,2021,4,8087,6547
madhya pradesh,jhabua,2022,1,8088,7898
madhya pradesh,jhabua,2022,2,8089,8683
madhya pradesh,jhabua,2022,3,8090,9628
madhya pradesh,jhabua,2022,4,8091,10891
madhya pradesh,jhabua,2023,1,8092,12037
madhya pradesh,jhabua,2023,2,8093,12746
madhya pradesh,jhabua,2023,3,8094,13297
madhya pradesh,jhabua,2023,4,8095,13658
madhya pradesh,jhabua,2024,1,8096,14013
madhya pradesh,jhabua,2024,2,8097,14816
madhya pradesh,jhabua,2024,3,8098,15464
madhya pradesh,jhabua,2024,4,8099,16008
madhya pradesh,jhabua,2025,1,8100,16519
madhya pradesh,jhabua,2025,2,8101,16857
madhya pradesh,jhabua,2025,3,8102,17264
madhya pradesh,jhabua,2025,4,8103,17803
madhya pradesh,jhabua,2026,1,8104,18038
madhya pradesh,jhabua,2026,2,8105,18613
madhya pradesh,katni,2018,4,8075,6
madhya pradesh,katni,2019,1,8076,87
madhya pradesh,katni,2019,2,8077,1081
madhya pradesh,katni,2019,3,8078,2350
madhya pradesh,katni,2019,4,8079,3131
madhya pradesh,katni,2020,1,8080,3883
madhya pradesh,katni,2020,2,8081,4412
madhya pradesh,katni,2020,3,8082,5512
madhya pradesh,katni,2020,4,8083,7256
madhya pradesh,katni,2021,1,8084,10134
madhya pradesh,katni,2021,2,8085,11069
madhya pradesh,katni,2021,3,8086,13001
madhya pradesh,katni,2021,4,8087,15715
madhya pradesh,katni,2022,1,8088,17135
madhya pradesh,katni,2022,2,8089,17941
madhya pradesh,katni,2022,3,8090,19260
madhya pradesh,katni,2022,4,8091,20337
madhya pradesh,katni,2023,1,8092,20576
madhya pradesh,katni,2023,2,8093,20961
madhya pradesh,katni,2023,3,8094,21329
madhya pradesh,katni,2023,4,8095,22224
madhya pradesh,katni,2024,1,8096,23352
madhya pradesh,katni,2024,2,8097,24653
madhya pradesh,katni,2024,3,8098,25665
madhya pradesh,katni,2024,4,8099,27226
madhya pradesh,katni,2025,1,8100,28623
madhya pradesh,katni,2025,2,8101,29760
madhya pradesh,katni,2025,3,8102,31294
madhya pradesh,katni,2025,4,8103,33079
madhya pradesh,katni,2026,1,8104,34382
madhya pradesh,katni,2026,2,8105,35500
madhya pradesh,khandwa,2018,3,8074,1
madhya pradesh,khandwa,2018,4,8075,3
madhya pradesh,khandwa,2019,1,8076,68
madhya pradesh,khandwa,2019,2,8077,1313
madhya pradesh,khandwa,2019,3,8078,2221
madhya pradesh,khandwa,2019,4,8079,3111
madhya pradesh,khandwa,2020,1,8080,3921
madhya pradesh,khandwa,2020,2,8081,4256
madhya pradesh,khandwa,2020,3,8082,5486
madhya pradesh,khandwa,2020,4,8083,7225
madhya pradesh,khandwa,2021,1,8084,9968
madhya pradesh,khandwa,2021,2,8085,11236
madhya pradesh,khandwa,2021,3,8086,14313
madhya pradesh,khandwa,2021,4,8087,17132
madhya pradesh,khandwa,2022,1,8088,20087
madhya pradesh,khandwa,2022,2,8089,21521
madhya pradesh,khandwa,2022,3,8090,22367
madhya pradesh,khandwa,2022,4,8091,23765
madhya pradesh,khandwa,2023,1,8092,24570
madhya pradesh,khandwa,2023,2,8093,25205
madhya pradesh,khandwa,2023,3,8094,25847
madhya pradesh,khandwa,2023,4,8095,26334
madhya pradesh,khandwa,2024,1,8096,27174
madhya pradesh,khandwa,2024,2,8097,27889
madhya pradesh,khandwa,2024,3,8098,29336
madhya pradesh,khandwa,2024,4,8099,31734
madhya pradesh,khandwa,2025,1,8100,33781
madhya pradesh,khandwa,2025,2,8101,35292
madhya pradesh,khandwa,2025,3,8102,37623
madhya pradesh,khandwa,2025,4,8103,40814
madhya pradesh,khandwa,2026,1,8104,42254
madhya pradesh,khandwa,2026,2,8105,43518
madhya pradesh,khargone,2018,4,8075,7
madhya pradesh,khargone,2019,1,8076,128
madhya pradesh,khargone,2019,2,8077,1135
madhya pradesh,khargone,2019,3,8078,2241
madhya pradesh,khargone,2019,4,8079,3392
madhya pradesh,khargone,2020,1,8080,4592
madhya pradesh,khargone,2020,2,8081,5240
madhya pradesh,khargone,2020,3,8082,7102
madhya pradesh,khargone,2020,4,8083,12039
madhya pradesh,khargone,2021,1,8084,17225
madhya pradesh,khargone,2021,2,8085,19044
madhya pradesh,khargone,2021,3,8086,24080
madhya pradesh,khargone,2021,4,8087,29135
madhya pradesh,khargone,2022,1,8088,32345
madhya pradesh,khargone,2022,2,8089,33838
madhya pradesh,khargone,2022,3,8090,35309
madhya pradesh,khargone,2022,4,8091,37276
madhya pradesh,khargone,2023,1,8092,39185
madhya pradesh,khargone,2023,2,8093,40646
madhya pradesh,khargone,2023,3,8094,41860
madhya pradesh,khargone,2023,4,8095,43266
madhya pradesh,khargone,2024,1,8096,44778
madhya pradesh,khargone,2024,2,8097,46446
madhya pradesh,khargone,2024,3,8098,48344
madhya pradesh,khargone,2024,4,8099,50996
madhya pradesh,khargone,2025,1,8100,52926
madhya pradesh,khargone,2025,2,8101,54426
madhya pradesh,khargone,2025,3,8102,57155
madhya pradesh,khargone,2025,4,8103,60878
madhya pradesh,khargone,2026,1,8104,62634
madhya pradesh,khargone,2026,2,8105,64277
madhya pradesh,maihar,2018,4,8075,1
madhya pradesh,maihar,2019,1,8076,86
madhya pradesh,maihar,2019,2,8077,278
madhya pradesh,maihar,2019,3,8078,496
madhya pradesh,maihar,2019,4,8079,647
madhya pradesh,maihar,2020,1,8080,756
madhya pradesh,maihar,2020,2,8081,831
madhya pradesh,maihar,2020,3,8082,1067
madhya pradesh,maihar,2020,4,8083,2215
madhya pradesh,maihar,2021,1,8084,3525
madhya pradesh,maihar,2021,2,8085,4127
madhya pradesh,maihar,2021,3,8086,5593
madhya pradesh,maihar,2021,4,8087,7138
madhya pradesh,maihar,2022,1,8088,8400
madhya pradesh,maihar,2022,2,8089,8835
madhya pradesh,maihar,2022,3,8090,9841
madhya pradesh,maihar,2022,4,8091,11174
madhya pradesh,maihar,2023,1,8092,11848
madhya pradesh,maihar,2023,2,8093,12309
madhya pradesh,maihar,2023,3,8094,12707
madhya pradesh,maihar,2023,4,8095,13088
madhya pradesh,maihar,2024,1,8096,13444
madhya pradesh,maihar,2024,2,8097,14077
madhya pradesh,maihar,2024,3,8098,14784
madhya pradesh,maihar,2024,4,8099,15427
madhya pradesh,maihar,2025,1,8100,15770
madhya pradesh,maihar,2025,2,8101,16028
madhya pradesh,maihar,2025,3,8102,16282
madhya pradesh,maihar,2025,4,8103,16677
madhya pradesh,maihar,2026,1,8104,17048
madhya pradesh,maihar,2026,2,8105,17377
madhya pradesh,mandla,2018,3,8074,2
madhya pradesh,mandla,2018,4,8075,4
madhya pradesh,mandla,2019,1,8076,63
madhya pradesh,mandla,2019,2,8077,699
madhya pradesh,mandla,2019,3,8078,1579
madhya pradesh,mandla,2019,4,8079,1767
madhya pradesh,mandla,2020,1,8080,1921
madhya pradesh,mandla,2020,2,8081,1992
madhya pradesh,mandla,2020,3,8082,2028
madhya pradesh,mandla,2020,4,8083,3721
madhya pradesh,mandla,2021,1,8084,5634
madhya pradesh,mandla,2021,2,8085,6151
madhya pradesh,mandla,2021,3,8086,7861
madhya pradesh,mandla,2021,4,8087,9363
madhya pradesh,mandla,2022,1,8088,10188
madhya pradesh,mandla,2022,2,8089,10672
madhya pradesh,mandla,2022,3,8090,11661
madhya pradesh,mandla,2022,4,8091,12502
madhya pradesh,mandla,2023,1,8092,12448
madhya pradesh,mandla,2023,2,8093,12786
madhya pradesh,mandla,2023,3,8094,13202
madhya pradesh,mandla,2023,4,8095,13837
madhya pradesh,mandla,2024,1,8096,14486
madhya pradesh,mandla,2024,2,8097,15262
madhya pradesh,mandla,2024,3,8098,15922
madhya pradesh,mandla,2024,4,8099,16871
madhya pradesh,mandla,2025,1,8100,17664
madhya pradesh,mandla,2025,2,8101,18315
madhya pradesh,mandla,2025,3,8102,18845
madhya pradesh,mandla,2025,4,8103,19222
madhya pradesh,mandla,2026,1,8104,19368
madhya pradesh,mandla,2026,2,8105,19715
madhya pradesh,mandsaur,2018,1,8072,2
madhya pradesh,mandsaur,2018,2,8073,4
madhya pradesh,mandsaur,2018,3,8074,4
madhya pradesh,mandsaur,2018,4,8075,9
madhya pradesh,mandsaur,2019,1,8076,198
madhya pradesh,mandsaur,2019,2,8077,1415
madhya pradesh,mandsaur,2019,3,8078,2352
madhya pradesh,mandsaur,2019,4,8079,3180
madhya pradesh,mandsaur,2020,1,8080,4094
madhya pradesh,mandsaur,2020,2,8081,4353
madhya pradesh,mandsaur,2020,3,8082,5176
madhya pradesh,mandsaur,2020,4,8083,8398
madhya pradesh,mandsaur,2021,1,8084,12505
madhya pradesh,mandsaur,2021,2,8085,14032
madhya pradesh,mandsaur,2021,3,8086,17999
madhya pradesh,mandsaur,2021,4,8087,23519
madhya pradesh,mandsaur,2022,1,8088,28258
madhya pradesh,mandsaur,2022,2,8089,30804
madhya pradesh,mandsaur,2022,3,8090,33329
madhya pradesh,mandsaur,2022,4,8091,35412
madhya pradesh,mandsaur,2023,1,8092,35585
madhya pradesh,mandsaur,2023,2,8093,36379
madhya pradesh,mandsaur,2023,3,8094,37572
madhya pradesh,mandsaur,2023,4,8095,37877
madhya pradesh,mandsaur,2024,1,8096,39119
madhya pradesh,mandsaur,2024,2,8097,40954
madhya pradesh,mandsaur,2024,3,8098,42887
madhya pradesh,mandsaur,2024,4,8099,44166
madhya pradesh,mandsaur,2025,1,8100,45356
madhya pradesh,mandsaur,2025,2,8101,46565
madhya pradesh,mandsaur,2025,3,8102,48208
madhya pradesh,mandsaur,2025,4,8103,50778
madhya pradesh,mandsaur,2026,1,8104,53068
madhya pradesh,mandsaur,2026,2,8105,54577
madhya pradesh,mauganj,2018,4,8075,4
madhya pradesh,mauganj,2019,1,8076,42
madhya pradesh,mauganj,2019,2,8077,152
madhya pradesh,mauganj,2019,3,8078,276
madhya pradesh,mauganj,2019,4,8079,345
madhya pradesh,mauganj,2020,1,8080,402
madhya pradesh,mauganj,2020,2,8081,438
madhya pradesh,mauganj,2020,3,8082,598
madhya pradesh,mauganj,2020,4,8083,872
madhya pradesh,mauganj,2021,1,8084,2105
madhya pradesh,mauganj,2021,2,8085,2428
madhya pradesh,mauganj,2021,3,8086,3505
madhya pradesh,mauganj,2021,4,8087,4636
madhya pradesh,mauganj,2022,1,8088,5422
madhya pradesh,mauganj,2022,2,8089,6080
madhya pradesh,mauganj,2022,3,8090,6530
madhya pradesh,mauganj,2022,4,8091,7487
madhya pradesh,mauganj,2023,1,8092,7977
madhya pradesh,mauganj,2023,2,8093,8398
madhya pradesh,mauganj,2023,3,8094,8710
madhya pradesh,mauganj,2023,4,8095,8933
madhya pradesh,mauganj,2024,1,8096,9055
madhya pradesh,mauganj,2024,2,8097,9511
madhya pradesh,mauganj,2024,3,8098,10050
madhya pradesh,mauganj,2024,4,8099,10680
madhya pradesh,mauganj,2025,1,8100,11080
madhya pradesh,mauganj,2025,2,8101,11249
madhya pradesh,mauganj,2025,3,8102,11481
madhya pradesh,mauganj,2025,4,8103,11720
madhya pradesh,mauganj,2026,1,8104,11993
madhya pradesh,mauganj,2026,2,8105,12229
madhya pradesh,morena,2018,3,8074,2
madhya pradesh,morena,2018,4,8075,11
madhya pradesh,morena,2019,1,8076,529
madhya pradesh,morena,2019,2,8077,2005
madhya pradesh,morena,2019,3,8078,3555
madhya pradesh,morena,2019,4,8079,4881
madhya pradesh,morena,2020,1,8080,5895
madhya pradesh,morena,2020,2,8081,6680
madhya pradesh,morena,2020,3,8082,7548
madhya pradesh,morena,2020,4,8083,10652
madhya pradesh,morena,2021,1,8084,14436
madhya pradesh,morena,2021,2,8085,16734
madhya pradesh,morena,2021,3,8086,19815
madhya pradesh,morena,2021,4,8087,23844
madhya pradesh,morena,2022,1,8088,28013
madhya pradesh,morena,2022,2,8089,30617
madhya pradesh,morena,2022,3,8090,33541
madhya pradesh,morena,2022,4,8091,36862
madhya pradesh,morena,2023,1,8092,39122
madhya pradesh,morena,2023,2,8093,40496
madhya pradesh,morena,2023,3,8094,41546
madhya pradesh,morena,2023,4,8095,42214
madhya pradesh,morena,2024,1,8096,43324
madhya pradesh,morena,2024,2,8097,45491
madhya pradesh,morena,2024,3,8098,47881
madhya pradesh,morena,2024,4,8099,50126
madhya pradesh,morena,2025,1,8100,52196
madhya pradesh,morena,2025,2,8101,53749
madhya pradesh,morena,2025,3,8102,55263
madhya pradesh,morena,2025,4,8103,57066
madhya pradesh,morena,2026,1,8104,58150
madhya pradesh,morena,2026,2,8105,59538
madhya pradesh,narmadapuram,2019,1,8076,130
madhya pradesh,narmadapuram,2019,2,8077,979
madhya pradesh,narmadapuram,2019,3,8078,1801
madhya pradesh,narmadapuram,2019,4,8079,2459
madhya pradesh,narmadapuram,2020,1,8080,2983
madhya pradesh,narmadapuram,2020,2,8081,3171
madhya pradesh,narmadapuram,2020,3,8082,4453
madhya pradesh,narmadapuram,2020,4,8083,8234
madhya pradesh,narmadapuram,2021,1,8084,12158
madhya pradesh,narmadapuram,2021,2,8085,13531
madhya pradesh,narmadapuram,2021,3,8086,16470
madhya pradesh,narmadapuram,2021,4,8087,19304
madhya pradesh,narmadapuram,2022,1,8088,21542
madhya pradesh,narmadapuram,2022,2,8089,22823
madhya pradesh,narmadapuram,2022,3,8090,24251
madhya pradesh,narmadapuram,2022,4,8091,25380
madhya pradesh,narmadapuram,2023,1,8092,25674
madhya pradesh,narmadapuram,2023,2,8093,26377
madhya pradesh,narmadapuram,2023,3,8094,27234
madhya pradesh,narmadapuram,2023,4,8095,28632
madhya pradesh,narmadapuram,2024,1,8096,29488
madhya pradesh,narmadapuram,2024,2,8097,30659
madhya pradesh,narmadapuram,2024,3,8098,32231
madhya pradesh,narmadapuram,2024,4,8099,33590
madhya pradesh,narmadapuram,2025,1,8100,34641
madhya pradesh,narmadapuram,2025,2,8101,35691
madhya pradesh,narmadapuram,2025,3,8102,36854
madhya pradesh,narmadapuram,2025,4,8103,38702
madhya pradesh,narmadapuram,2026,1,8104,40219
madhya pradesh,narmadapuram,2026,2,8105,41661
madhya pradesh,narsinghpur,2018,3,8074,1
madhya pradesh,narsinghpur,2018,4,8075,2
madhya pradesh,narsinghpur,2019,1,8076,169
madhya pradesh,narsinghpur,2019,2,8077,1366
madhya pradesh,narsinghpur,2019,3,8078,2495
madhya pradesh,narsinghpur,2019,4,8079,3110
madhya pradesh,narsinghpur,2020,1,8080,3582
madhya pradesh,narsinghpur,2020,2,8081,3823
madhya pradesh,narsinghpur,2020,3,8082,4619
madhya pradesh,narsinghpur,2020,4,8083,6888
madhya pradesh,narsinghpur,2021,1,8084,9261
madhya pradesh,narsinghpur,2021,2,8085,9950
madhya pradesh,narsinghpur,2021,3,8086,11953
madhya pradesh,narsinghpur,2021,4,8087,16020
madhya pradesh,narsinghpur,2022,1,8088,17943
madhya pradesh,narsinghpur,2022,2,8089,19414
madhya pradesh,narsinghpur,2022,3,8090,21227
madhya pradesh,narsinghpur,2022,4,8091,23198
madhya pradesh,narsinghpur,2023,1,8092,24895
madhya pradesh,narsinghpur,2023,2,8093,25481
madhya pradesh,narsinghpur,2023,3,8094,27796
madhya pradesh,narsinghpur,2023,4,8095,30211
madhya pradesh,narsinghpur,2024,1,8096,32344
madhya pradesh,narsinghpur,2024,2,8097,33966
madhya pradesh,narsinghpur,2024,3,8098,36009
madhya pradesh,narsinghpur,2024,4,8099,38254
madhya pradesh,narsinghpur,2025,1,8100,40109
madhya pradesh,narsinghpur,2025,2,8101,41467
madhya pradesh,narsinghpur,2025,3,8102,43106
madhya pradesh,narsinghpur,2025,4,8103,44535
madhya pradesh,narsinghpur,2026,1,8104,45528
madhya pradesh,narsinghpur,2026,2,8105,46725
madhya pradesh,neemuch,2018,4,8075,2
madhya pradesh,neemuch,2019,1,8076,116
madhya pradesh,neemuch,2019,2,8077,928
madhya pradesh,neemuch,2019,3,8078,1776
madhya pradesh,neemuch,2019,4,8079,2463
madhya pradesh,neemuch,2020,1,8080,3022
madhya pradesh,neemuch,2020,2,8081,3208
madhya pradesh,neemuch,2020,3,8082,3969
madhya pradesh,neemuch,2020,4,8083,5886
madhya pradesh,neemuch,2021,1,8084,8242
madhya pradesh,neemuch,2021,2,8085,9032
madhya pradesh,neemuch,2021,3,8086,11790
madhya pradesh,neemuch,2021,4,8087,14688
madhya pradesh,neemuch,2022,1,8088,17352
madhya pradesh,neemuch,2022,2,8089,18978
madhya pradesh,neemuch,2022,3,8090,20793
madhya pradesh,neemuch,2022,4,8091,21943
madhya pradesh,neemuch,2023,1,8092,22289
madhya pradesh,neemuch,2023,2,8093,22664
madhya pradesh,neemuch,2023,3,8094,23170
madhya pradesh,neemuch,2023,4,8095,23714
madhya pradesh,neemuch,2024,1,8096,24353
madhya pradesh,neemuch,2024,2,8097,25648
madhya pradesh,neemuch,2024,3,8098,27276
madhya pradesh,neemuch,2024,4,8099,28655
madhya pradesh,neemuch,2025,1,8100,29583
madhya pradesh,neemuch,2025,2,8101,30426
madhya pradesh,neemuch,2025,3,8102,31415
madhya pradesh,neemuch,2025,4,8103,32303
madhya pradesh,neemuch,2026,1,8104,33035
madhya pradesh,neemuch,2026,2,8105,33488
madhya pradesh,niwari,2018,4,8075,2
madhya pradesh,niwari,2019,1,8076,34
madhya pradesh,niwari,2019,2,8077,120
madhya pradesh,niwari,2019,3,8078,274
madhya pradesh,niwari,2019,4,8079,337
madhya pradesh,niwari,2020,1,8080,485
madhya pradesh,niwari,2020,2,8081,525
madhya pradesh,niwari,2020,3,8082,545
madhya pradesh,niwari,2020,4,8083,763
madhya pradesh,niwari,2021,1,8084,1225
madhya pradesh,niwari,2021,2,8085,1431
madhya pradesh,niwari,2021,3,8086,2719
madhya pradesh,niwari,2021,4,8087,3606
madhya pradesh,niwari,2022,1,8088,4439
madhya pradesh,niwari,2022,2,8089,4991
madhya pradesh,niwari,2022,3,8090,5963
madhya pradesh,niwari,2022,4,8091,6806
madhya pradesh,niwari,2023,1,8092,7107
madhya pradesh,niwari,2023,2,8093,7327
madhya pradesh,niwari,2023,3,8094,7754
madhya pradesh,niwari,2023,4,8095,7983
madhya pradesh,niwari,2024,1,8096,8285
madhya pradesh,niwari,2024,2,8097,8688
madhya pradesh,niwari,2024,3,8098,9003
madhya pradesh,niwari,2024,4,8099,9215
madhya pradesh,niwari,2025,1,8100,9401
madhya pradesh,niwari,2025,2,8101,9556
madhya pradesh,niwari,2025,3,8102,9689
madhya pradesh,niwari,2025,4,8103,9900
madhya pradesh,niwari,2026,1,8104,9964
madhya pradesh,niwari,2026,2,8105,10039
madhya pradesh,pandhurna,2018,3,8074,3
madhya pradesh,pandhurna,2018,4,8075,5
madhya pradesh,pandhurna,2019,1,8076,43
madhya pradesh,pandhurna,2019,2,8077,227
madhya pradesh,pandhurna,2019,3,8078,391
madhya pradesh,pandhurna,2019,4,8079,503
madhya pradesh,pandhurna,2020,1,8080,551
madhya pradesh,pandhurna,2020,2,8081,573
madhya pradesh,pandhurna,2020,3,8082,816
madhya pradesh,pandhurna,2020,4,8083,2094
madhya pradesh,pandhurna,2021,1,8084,2912
madhya pradesh,pandhurna,2021,2,8085,3023
madhya pradesh,pandhurna,2021,3,8086,3393
madhya pradesh,pandhurna,2021,4,8087,4043
madhya pradesh,pandhurna,2022,1,8088,4578
madhya pradesh,pandhurna,2022,2,8089,4763
madhya pradesh,pandhurna,2022,3,8090,4882
madhya pradesh,pandhurna,2022,4,8091,5067
madhya pradesh,pandhurna,2023,1,8092,5121
madhya pradesh,pandhurna,2023,2,8093,5311
madhya pradesh,pandhurna,2023,3,8094,5417
madhya pradesh,pandhurna,2023,4,8095,5642
madhya pradesh,pandhurna,2024,1,8096,5785
madhya pradesh,pandhurna,2024,2,8097,6100
madhya pradesh,pandhurna,2024,3,8098,6196
madhya pradesh,pandhurna,2024,4,8099,6311
madhya pradesh,pandhurna,2025,1,8100,6425
madhya pradesh,pandhurna,2025,2,8101,6509
madhya pradesh,pandhurna,2025,3,8102,6591
madhya pradesh,pandhurna,2025,4,8103,6660
madhya pradesh,pandhurna,2026,1,8104,6725
madhya pradesh,pandhurna,2026,2,8105,6875
madhya pradesh,panna,2019,1,8076,61
madhya pradesh,panna,2019,2,8077,154
madhya pradesh,panna,2019,3,8078,272
madhya pradesh,panna,2019,4,8079,393
madhya pradesh,panna,2020,1,8080,508
madhya pradesh,panna,2020,2,8081,690
madhya pradesh,panna,2020,3,8082,854
madhya pradesh,panna,2020,4,8083,1925
madhya pradesh,panna,2021,1,8084,3466
madhya pradesh,panna,2021,2,8085,4116
madhya pradesh,panna,2021,3,8086,6118
madhya pradesh,panna,2021,4,8087,8336
madhya pradesh,panna,2022,1,8088,10103
madhya pradesh,panna,2022,2,8089,11433
madhya pradesh,panna,2022,3,8090,12045
madhya pradesh,panna,2022,4,8091,12549
madhya pradesh,panna,2023,1,8092,12730
madhya pradesh,panna,2023,2,8093,12910
madhya pradesh,panna,2023,3,8094,13132
madhya pradesh,panna,2023,4,8095,13873
madhya pradesh,panna,2024,1,8096,14564
madhya pradesh,panna,2024,2,8097,15274
madhya pradesh,panna,2024,3,8098,15992
madhya pradesh,panna,2024,4,8099,17044
madhya pradesh,panna,2025,1,8100,17909
madhya pradesh,panna,2025,2,8101,18599
madhya pradesh,panna,2025,3,8102,19301
madhya pradesh,panna,2025,4,8103,20594
madhya pradesh,panna,2026,1,8104,21302
madhya pradesh,panna,2026,2,8105,22025
madhya pradesh,raisen,2018,4,8075,4
madhya pradesh,raisen,2019,1,8076,961
madhya pradesh,raisen,2019,2,8077,2545
madhya pradesh,raisen,2019,3,8078,3770
madhya pradesh,raisen,2019,4,8079,4815
madhya pradesh,raisen,2020,1,8080,6158
madhya pradesh,raisen,2020,2,8081,6706
madhya pradesh,raisen,2020,3,8082,8212
madhya pradesh,raisen,2020,4,8083,10333
madhya pradesh,raisen,2021,1,8084,13992
madhya pradesh,raisen,2021,2,8085,14579
madhya pradesh,raisen,2021,3,8086,17026
madhya pradesh,raisen,2021,4,8087,19901
madhya pradesh,raisen,2022,1,8088,23412
madhya pradesh,raisen,2022,2,8089,25373
madhya pradesh,raisen,2022,3,8090,26407
madhya pradesh,raisen,2022,4,8091,27066
madhya pradesh,raisen,2023,1,8092,27724
madhya pradesh,raisen,2023,2,8093,28901
madhya pradesh,raisen,2023,3,8094,30589
madhya pradesh,raisen,2023,4,8095,31834
madhya pradesh,raisen,2024,1,8096,32975
madhya pradesh,raisen,2024,2,8097,34852
madhya pradesh,raisen,2024,3,8098,35844
madhya pradesh,raisen,2024,4,8099,36903
madhya pradesh,raisen,2025,1,8100,37973
madhya pradesh,raisen,2025,2,8101,38549
madhya pradesh,raisen,2025,3,8102,39306
madhya pradesh,raisen,2025,4,8103,40603
madhya pradesh,raisen,2026,1,8104,41456
madhya pradesh,raisen,2026,2,8105,42754
madhya pradesh,rajgarh,2018,4,8075,3
madhya pradesh,rajgarh,2019,1,8076,179
madhya pradesh,rajgarh,2019,2,8077,1628
madhya pradesh,rajgarh,2019,3,8078,2810
madhya pradesh,rajgarh,2019,4,8079,4102
madhya pradesh,rajgarh,2020,1,8080,4863
madhya pradesh,rajgarh,2020,2,8081,5338
madhya pradesh,rajgarh,2020,3,8082,6721
madhya pradesh,rajgarh,2020,4,8083,10536
madhya pradesh,rajgarh,2021,1,8084,15122
madhya pradesh,rajgarh,2021,2,8085,18006
madhya pradesh,rajgarh,2021,3,8086,24017
madhya pradesh,rajgarh,2021,4,8087,29369
madhya pradesh,rajgarh,2022,1,8088,32839
madhya pradesh,rajgarh,2022,2,8089,35287
madhya pradesh,rajgarh,2022,3,8090,37975
madhya pradesh,rajgarh,2022,4,8091,41189
madhya pradesh,rajgarh,2023,1,8092,43156
madhya pradesh,rajgarh,2023,2,8093,44707
madhya pradesh,rajgarh,2023,3,8094,46819
madhya pradesh,rajgarh,2023,4,8095,49342
madhya pradesh,rajgarh,2024,1,8096,50972
madhya pradesh,rajgarh,2024,2,8097,52144
madhya pradesh,rajgarh,2024,3,8098,54411
madhya pradesh,rajgarh,2024,4,8099,57184
madhya pradesh,rajgarh,2025,1,8100,59578
madhya pradesh,rajgarh,2025,2,8101,60887
madhya pradesh,rajgarh,2025,3,8102,61982
madhya pradesh,rajgarh,2025,4,8103,64060
madhya pradesh,rajgarh,2026,1,8104,65026
madhya pradesh,rajgarh,2026,2,8105,66612
madhya pradesh,ratlam,2018,3,8074,1
madhya pradesh,ratlam,2018,4,8075,5
madhya pradesh,ratlam,2019,1,8076,238
madhya pradesh,ratlam,2019,2,8077,1447
madhya pradesh,ratlam,2019,3,8078,2848
madhya pradesh,ratlam,2019,4,8079,3774
madhya pradesh,ratlam,2020,1,8080,4756
madhya pradesh,ratlam,2020,2,8081,5177
madhya pradesh,ratlam,2020,3,8082,6486
madhya pradesh,ratlam,2020,4,8083,10050
madhya pradesh,ratlam,2021,1,8084,13800
madhya pradesh,ratlam,2021,2,8085,14632
madhya pradesh,ratlam,2021,3,8086,17883
madhya pradesh,ratlam,2021,4,8087,20704
madhya pradesh,ratlam,2022,1,8088,23186
madhya pradesh,ratlam,2022,2,8089,24908
madhya pradesh,ratlam,2022,3,8090,26535
madhya pradesh,ratlam,2022,4,8091,28576
madhya pradesh,ratlam,2023,1,8092,29163
madhya pradesh,ratlam,2023,2,8093,29713
madhya pradesh,ratlam,2023,3,8094,30684
madhya pradesh,ratlam,2023,4,8095,31799
madhya pradesh,ratlam,2024,1,8096,33575
madhya pradesh,ratlam,2024,2,8097,35535
madhya pradesh,ratlam,2024,3,8098,37116
madhya pradesh,ratlam,2024,4,8099,38868
madhya pradesh,ratlam,2025,1,8100,39924
madhya pradesh,ratlam,2025,2,8101,40773
madhya pradesh,ratlam,2025,3,8102,42119
madhya pradesh,ratlam,2025,4,8103,43994
madhya pradesh,ratlam,2026,1,8104,45281
madhya pradesh,ratlam,2026,2,8105,46531
madhya pradesh,rewa,2018,2,8073,4
madhya pradesh,rewa,2018,3,8074,4
madhya pradesh,rewa,2018,4,8075,13
madhya pradesh,rewa,2019,1,8076,402
madhya pradesh,rewa,2019,2,8077,1451
madhya pradesh,rewa,2019,3,8078,3710
madhya pradesh,rewa,2019,4,8079,4838
madhya pradesh,rewa,2020,1,8080,5913
madhya pradesh,rewa,2020,2,8081,6545
madhya pradesh,rewa,2020,3,8082,7973
madhya pradesh,rewa,2020,4,8083,12028
madhya pradesh,rewa,2021,1,8084,16375
madhya pradesh,rewa,2021,2,8085,18095
madhya pradesh,rewa,2021,3,8086,23742
madhya pradesh,rewa,2021,4,8087,30647
madhya pradesh,rewa,2022,1,8088,35115
madhya pradesh,rewa,2022,2,8089,37979
madhya pradesh,rewa,2022,3,8090,40905
madhya pradesh,rewa,2022,4,8091,44283
madhya pradesh,rewa,2023,1,8092,45562
madhya pradesh,rewa,2023,2,8093,47078
madhya pradesh,rewa,2023,3,8094,49267
madhya pradesh,rewa,2023,4,8095,50871
madhya pradesh,rewa,2024,1,8096,52111
madhya pradesh,rewa,2024,2,8097,53811
madhya pradesh,rewa,2024,3,8098,55415
madhya pradesh,rewa,2024,4,8099,57141
madhya pradesh,rewa,2025,1,8100,58623
madhya pradesh,rewa,2025,2,8101,60203
madhya pradesh,rewa,2025,3,8102,61798
madhya pradesh,rewa,2025,4,8103,64136
madhya pradesh,rewa,2026,1,8104,65816
madhya pradesh,rewa,2026,2,8105,67932
madhya pradesh,sagar,2018,3,8074,1
madhya pradesh,sagar,2018,4,8075,9
madhya pradesh,sagar,2019,1,8076,521
madhya pradesh,sagar,2019,2,8077,2771
madhya pradesh,sagar,2019,3,8078,4713
madhya pradesh,sagar,2019,4,8079,5720
madhya pradesh,sagar,2020,1,8080,6762
madhya pradesh,sagar,2020,2,8081,7599
madhya pradesh,sagar,2020,3,8082,10004
madhya pradesh,sagar,2020,4,8083,15414
madhya pradesh,sagar,2021,1,8084,21812
madhya pradesh,sagar,2021,2,8085,26760
madhya pradesh,sagar,2021,3,8086,32869
madhya pradesh,sagar,2021,4,8087,36538
madhya pradesh,sagar,2022,1,8088,41592
madhya pradesh,sagar,2022,2,8089,45235
madhya pradesh,sagar,2022,3,8090,48833
madhya pradesh,sagar,2022,4,8091,51931
madhya pradesh,sagar,2023,1,8092,52658
madhya pradesh,sagar,2023,2,8093,54788
madhya pradesh,sagar,2023,3,8094,57409
madhya pradesh,sagar,2023,4,8095,59916
madhya pradesh,sagar,2024,1,8096,62531
madhya pradesh,sagar,2024,2,8097,65216
madhya pradesh,sagar,2024,3,8098,67887
madhya pradesh,sagar,2024,4,8099,70581
madhya pradesh,sagar,2025,1,8100,73402
madhya pradesh,sagar,2025,2,8101,75877
madhya pradesh,sagar,2025,3,8102,78601
madhya pradesh,sagar,2025,4,8103,81660
madhya pradesh,sagar,2026,1,8104,83482
madhya pradesh,sagar,2026,2,8105,85489
madhya pradesh,satna,2018,2,8073,2
madhya pradesh,satna,2018,3,8074,1
madhya pradesh,satna,2018,4,8075,6
madhya pradesh,satna,2019,1,8076,305
madhya pradesh,satna,2019,2,8077,1620
madhya pradesh,satna,2019,3,8078,3750
madhya pradesh,satna,2019,4,8079,4743
madhya pradesh,satna,2020,1,8080,5538
madhya pradesh,satna,2020,2,8081,6122
madhya pradesh,satna,2020,3,8082,7865
madhya pradesh,satna,2020,4,8083,10709
madhya pradesh,satna,2021,1,8084,13969
madhya pradesh,satna,2021,2,8085,15510
madhya pradesh,satna,2021,3,8086,19205
madhya pradesh,satna,2021,4,8087,23264
madhya pradesh,satna,2022,1,8088,27500
madhya pradesh,satna,2022,2,8089,30379
madhya pradesh,satna,2022,3,8090,32827
madhya pradesh,satna,2022,4,8091,35045
madhya pradesh,satna,2023,1,8092,36965
madhya pradesh,satna,2023,2,8093,38391
madhya pradesh,satna,2023,3,8094,39936
madhya pradesh,satna,2023,4,8095,42047
madhya pradesh,satna,2024,1,8096,44925
madhya pradesh,satna,2024,2,8097,46755
madhya pradesh,satna,2024,3,8098,48797
madhya pradesh,satna,2024,4,8099,50954
madhya pradesh,satna,2025,1,8100,52711
madhya pradesh,satna,2025,2,8101,55068
madhya pradesh,satna,2025,3,8102,56890
madhya pradesh,satna,2025,4,8103,59037
madhya pradesh,satna,2026,1,8104,60139
madhya pradesh,satna,2026,2,8105,61414
madhya pradesh,sehore,2018,3,8074,1
madhya pradesh,sehore,2018,4,8075,2
madhya pradesh,sehore,2019,1,8076,1403
madhya pradesh,sehore,2019,2,8077,7278
madhya pradesh,sehore,2019,3,8078,9599
madhya pradesh,sehore,2019,4,8079,11124
madhya pradesh,sehore,2020,1,8080,12438
madhya pradesh,sehore,2020,2,8081,13619
madhya pradesh,sehore,2020,3,8082,16871
madhya pradesh,sehore,2020,4,8083,20265
madhya pradesh,sehore,2021,1,8084,23976
madhya pradesh,sehore,2021,2,8085,25875
madhya pradesh,sehore,2021,3,8086,30064
madhya pradesh,sehore,2021,4,8087,34736
madhya pradesh,sehore,2022,1,8088,38530
madhya pradesh,sehore,2022,2,8089,39944
madhya pradesh,sehore,2022,3,8090,41732
madhya pradesh,sehore,2022,4,8091,44067
madhya pradesh,sehore,2023,1,8092,45349
madhya pradesh,sehore,2023,2,8093,46970
madhya pradesh,sehore,2023,3,8094,49585
madhya pradesh,sehore,2023,4,8095,51386
madhya pradesh,sehore,2024,1,8096,53046
madhya pradesh,sehore,2024,2,8097,55040
madhya pradesh,sehore,2024,3,8098,57481
madhya pradesh,sehore,2024,4,8099,59478
madhya pradesh,sehore,2025,1,8100,61710
madhya pradesh,sehore,2025,2,8101,63463
madhya pradesh,sehore,2025,3,8102,65177
madhya pradesh,sehore,2025,4,8103,67430
madhya pradesh,sehore,2026,1,8104,68536
madhya pradesh,sehore,2026,2,8105,69616
madhya pradesh,seoni,2018,3,8074,2
madhya pradesh,seoni,2018,4,8075,15
madhya pradesh,seoni,2019,1,8076,161
madhya pradesh,seoni,2019,2,8077,627
madhya pradesh,seoni,2019,3,8078,1026
madhya pradesh,seoni,2019,4,8079,1194
madhya pradesh,seoni,2020,1,8080,1511
madhya pradesh,seoni,2020,2,8081,1607
madhya pradesh,seoni,2020,3,8082,1832
madhya pradesh,seoni,2020,4,8083,4219
madhya pradesh,seoni,2021,1,8084,6751
madhya pradesh,seoni,2021,2,8085,7545
madhya pradesh,seoni,2021,3,8086,13062
madhya pradesh,seoni,2021,4,8087,18010
madhya pradesh,seoni,2022,1,8088,20996
madhya pradesh,seoni,2022,2,8089,22829
madhya pradesh,seoni,2022,3,8090,24175
madhya pradesh,seoni,2022,4,8091,25913
madhya pradesh,seoni,2023,1,8092,27070
madhya pradesh,seoni,2023,2,8093,27439
madhya pradesh,seoni,2023,3,8094,28059
madhya pradesh,seoni,2023,4,8095,28704
madhya pradesh,seoni,2024,1,8096,29596
madhya pradesh,seoni,2024,2,8097,31078
madhya pradesh,seoni,2024,3,8098,32468
madhya pradesh,seoni,2024,4,8099,33631
madhya pradesh,seoni,2025,1,8100,34488
madhya pradesh,seoni,2025,2,8101,35385
madhya pradesh,seoni,2025,3,8102,36163
madhya pradesh,seoni,2025,4,8103,37096
madhya pradesh,seoni,2026,1,8104,37580
madhya pradesh,seoni,2026,2,8105,38119
madhya pradesh,shahdol,2018,3,8074,1
madhya pradesh,shahdol,2018,4,8075,2
madhya pradesh,shahdol,2019,1,8076,159
madhya pradesh,shahdol,2019,2,8077,966
madhya pradesh,shahdol,2019,3,8078,2075
madhya pradesh,shahdol,2019,4,8079,2311
madhya pradesh,shahdol,2020,1,8080,2449
madhya pradesh,shahdol,2020,2,8081,2535
madhya pradesh,shahdol,2020,3,8082,2799
madhya pradesh,shahdol,2020,4,8083,5218
madhya pradesh,shahdol,2021,1,8084,7946
madhya pradesh,shahdol,2021,2,8085,8557
madhya pradesh,shahdol,2021,3,8086,10497
madhya pradesh,shahdol,2021,4,8087,13285
madhya pradesh,shahdol,2022,1,8088,15724
madhya pradesh,shahdol,2022,2,8089,17073
madhya pradesh,shahdol,2022,3,8090,18822
madhya pradesh,shahdol,2022,4,8091,21816
madhya pradesh,shahdol,2023,1,8092,24101
madhya pradesh,shahdol,2023,2,8093,25398
madhya pradesh,shahdol,2023,3,8094,27170
madhya pradesh,shahdol,2023,4,8095,28563
madhya pradesh,shahdol,2024,1,8096,30033
madhya pradesh,shahdol,2024,2,8097,31501
madhya pradesh,shahdol,2024,3,8098,33152
madhya pradesh,shahdol,2024,4,8099,34739
madhya pradesh,shahdol,2025,1,8100,36131
madhya pradesh,shahdol,2025,2,8101,37278
madhya pradesh,shahdol,2025,3,8102,38488
madhya pradesh,shahdol,2025,4,8103,40071
madhya pradesh,shahdol,2026,1,8104,41273
madhya pradesh,shahdol,2026,2,8105,42096
madhya pradesh,shajapur,2019,1,8076,199
madhya pradesh,shajapur,2019,2,8077,2442
madhya pradesh,shajapur,2019,3,8078,3979
madhya pradesh,shajapur,2019,4,8079,4708
madhya pradesh,shajapur,2020,1,8080,5318
madhya pradesh,shajapur,2020,2,8081,5991
madhya pradesh,shajapur,2020,3,8082,6985
madhya pradesh,shajapur,2020,4,8083,9765
madhya pradesh,shajapur,2021,1,8084,12537
madhya pradesh,shajapur,2021,2,8085,13760
madhya pradesh,shajapur,2021,3,8086,17492
madhya pradesh,shajapur,2021,4,8087,19996
madhya pradesh,shajapur,2022,1,8088,22197
madhya pradesh,shajapur,2022,2,8089,23801
madhya pradesh,shajapur,2022,3,8090,24734
madhya pradesh,shajapur,2022,4,8091,26356
madhya pradesh,shajapur,2023,1,8092,27381
madhya pradesh,shajapur,2023,2,8093,28256
madhya pradesh,shajapur,2023,3,8094,28746
madhya pradesh,shajapur,2023,4,8095,29367
madhya pradesh,shajapur,2024,1,8096,29912
madhya pradesh,shajapur,2024,2,8097,30779
madhya pradesh,shajapur,2024,3,8098,32015
madhya pradesh,shajapur,2024,4,8099,33320
madhya pradesh,shajapur,2025,1,8100,34210
madhya pradesh,shajapur,2025,2,8101,34776
madhya pradesh,shajapur,2025,3,8102,35743
madhya pradesh,shajapur,2025,4,8103,37162
madhya pradesh,shajapur,2026,1,8104,37576
madhya pradesh,shajapur,2026,2,8105,38004
madhya pradesh,sheopur,2018,4,8075,3
madhya pradesh,sheopur,2019,1,8076,61
madhya pradesh,sheopur,2019,2,8077,128
madhya pradesh,sheopur,2019,3,8078,573
madhya pradesh,sheopur,2019,4,8079,987
madhya pradesh,sheopur,2020,1,8080,1258
madhya pradesh,sheopur,2020,2,8081,1467
madhya pradesh,sheopur,2020,3,8082,2196
madhya pradesh,sheopur,2020,4,8083,3188
madhya pradesh,sheopur,2021,1,8084,4437
madhya pradesh,sheopur,2021,2,8085,5097
madhya pradesh,sheopur,2021,3,8086,6462
madhya pradesh,sheopur,2021,4,8087,8231
madhya pradesh,sheopur,2022,1,8088,9875
madhya pradesh,sheopur,2022,2,8089,10935
madhya pradesh,sheopur,2022,3,8090,12189
madhya pradesh,sheopur,2022,4,8091,13626
madhya pradesh,sheopur,2023,1,8092,14030
madhya pradesh,sheopur,2023,2,8093,14509
madhya pradesh,sheopur,2023,3,8094,15180
madhya pradesh,sheopur,2023,4,8095,15692
madhya pradesh,sheopur,2024,1,8096,16200
madhya pradesh,sheopur,2024,2,8097,17043
madhya pradesh,sheopur,2024,3,8098,18007
madhya pradesh,sheopur,2024,4,8099,18982
madhya pradesh,sheopur,2025,1,8100,20064
madhya pradesh,sheopur,2025,2,8101,20737
madhya pradesh,sheopur,2025,3,8102,21459
madhya pradesh,sheopur,2025,4,8103,22414
madhya pradesh,sheopur,2026,1,8104,22895
madhya pradesh,sheopur,2026,2,8105,23293
madhya pradesh,shivpuri,2018,4,8075,2
madhya pradesh,shivpuri,2019,1,8076,167
madhya pradesh,shivpuri,2019,2,8077,995
madhya pradesh,shivpuri,2019,3,8078,1887
madhya pradesh,shivpuri,2019,4,8079,2180
madhya pradesh,shivpuri,2020,1,8080,2432
madhya pradesh,shivpuri,2020,2,8081,2540
madhya pradesh,shivpuri,2020,3,8082,3303
madhya pradesh,shivpuri,2020,4,8083,5940
madhya pradesh,shivpuri,2021,1,8084,9049
madhya pradesh,shivpuri,2021,2,8085,10469
madhya pradesh,shivpuri,2021,3,8086,13162
madhya pradesh,shivpuri,2021,4,8087,16466
madhya pradesh,shivpuri,2022,1,8088,19628
madhya pradesh,shivpuri,2022,2,8089,21685
madhya pradesh,shivpuri,2022,3,8090,24963
madhya pradesh,shivpuri,2022,4,8091,28746
madhya pradesh,shivpuri,2023,1,8092,30741
madhya pradesh,shivpuri,2023,2,8093,31840
madhya pradesh,shivpuri,2023,3,8094,32914
madhya pradesh,shivpuri,2023,4,8095,33664
madhya pradesh,shivpuri,2024,1,8096,34905
madhya pradesh,shivpuri,2024,2,8097,36067
madhya pradesh,shivpuri,2024,3,8098,37866
madhya pradesh,shivpuri,2024,4,8099,39600
madhya pradesh,shivpuri,2025,1,8100,41323
madhya pradesh,shivpuri,2025,2,8101,43211
madhya pradesh,shivpuri,2025,3,8102,45641
madhya pradesh,shivpuri,2025,4,8103,49981
madhya pradesh,shivpuri,2026,1,8104,51937
madhya pradesh,shivpuri,2026,2,8105,53080
madhya pradesh,sidhi,2018,4,8075,5
madhya pradesh,sidhi,2019,1,8076,134
madhya pradesh,sidhi,2019,2,8077,406
madhya pradesh,sidhi,2019,3,8078,616
madhya pradesh,sidhi,2019,4,8079,809
madhya pradesh,sidhi,2020,1,8080,950
madhya pradesh,sidhi,2020,2,8081,1026
madhya pradesh,sidhi,2020,3,8082,1360
madhya pradesh,sidhi,2020,4,8083,3313
madhya pradesh,sidhi,2021,1,8084,5559
madhya pradesh,sidhi,2021,2,8085,6728
madhya pradesh,sidhi,2021,3,8086,9214
madhya pradesh,sidhi,2021,4,8087,12145
madhya pradesh,sidhi,2022,1,8088,14461
madhya pradesh,sidhi,2022,2,8089,15761
madhya pradesh,sidhi,2022,3,8090,17080
madhya pradesh,sidhi,2022,4,8091,18972
madhya pradesh,sidhi,2023,1,8092,20317
madhya pradesh,sidhi,2023,2,8093,21550
madhya pradesh,sidhi,2023,3,8094,22627
madhya pradesh,sidhi,2023,4,8095,23450
madhya pradesh,sidhi,2024,1,8096,24023
madhya pradesh,sidhi,2024,2,8097,25042
madhya pradesh,sidhi,2024,3,8098,25880
madhya pradesh,sidhi,2024,4,8099,26863
madhya pradesh,sidhi,2025,1,8100,27442
madhya pradesh,sidhi,2025,2,8101,27907
madhya pradesh,sidhi,2025,3,8102,28252
madhya pradesh,sidhi,2025,4,8103,29091
madhya pradesh,sidhi,2026,1,8104,29559
madhya pradesh,sidhi,2026,2,8105,30053
madhya pradesh,singrauli,2018,4,8075,4
madhya pradesh,singrauli,2019,1,8076,295
madhya pradesh,singrauli,2019,2,8077,1234
madhya pradesh,singrauli,2019,3,8078,1635
madhya pradesh,singrauli,2019,4,8079,1945
madhya pradesh,singrauli,2020,1,8080,2181
madhya pradesh,singrauli,2020,2,8081,2298
madhya pradesh,singrauli,2020,3,8082,2373
madhya pradesh,singrauli,2020,4,8083,4709
madhya pradesh,singrauli,2021,1,8084,8518
madhya pradesh,singrauli,2021,2,8085,9876
madhya pradesh,singrauli,2021,3,8086,12447
madhya pradesh,singrauli,2021,4,8087,15245
madhya pradesh,singrauli,2022,1,8088,17510
madhya pradesh,singrauli,2022,2,8089,18911
madhya pradesh,singrauli,2022,3,8090,20731
madhya pradesh,singrauli,2022,4,8091,24744
madhya pradesh,singrauli,2023,1,8092,26641
madhya pradesh,singrauli,2023,2,8093,27488
madhya pradesh,singrauli,2023,3,8094,28660
madhya pradesh,singrauli,2023,4,8095,29916
madhya pradesh,singrauli,2024,1,8096,31019
madhya pradesh,singrauli,2024,2,8097,32186
madhya pradesh,singrauli,2024,3,8098,33659
madhya pradesh,singrauli,2024,4,8099,35402
madhya pradesh,singrauli,2025,1,8100,36548
madhya pradesh,singrauli,2025,2,8101,37668
madhya pradesh,singrauli,2025,3,8102,38559
madhya pradesh,singrauli,2025,4,8103,39603
madhya pradesh,singrauli,2026,1,8104,40198
madhya pradesh,singrauli,2026,2,8105,41104
madhya pradesh,tikamgarh,2018,4,8075,3
madhya pradesh,tikamgarh,2019,1,8076,61
madhya pradesh,tikamgarh,2019,2,8077,346
madhya pradesh,tikamgarh,2019,3,8078,496
madhya pradesh,tikamgarh,2019,4,8079,601
madhya pradesh,tikamgarh,2020,1,8080,690
madhya pradesh,tikamgarh,2020,2,8081,741
madhya pradesh,tikamgarh,2020,3,8082,897
madhya pradesh,tikamgarh,2020,4,8083,2238
madhya pradesh,tikamgarh,2021,1,8084,3909
madhya pradesh,tikamgarh,2021,2,8085,4877
madhya pradesh,tikamgarh,2021,3,8086,7527
madhya pradesh,tikamgarh,2021,4,8087,9139
madhya pradesh,tikamgarh,2022,1,8088,12094
madhya pradesh,tikamgarh,2022,2,8089,13644
madhya pradesh,tikamgarh,2022,3,8090,14682
madhya pradesh,tikamgarh,2022,4,8091,15943
madhya pradesh,tikamgarh,2023,1,8092,16682
madhya pradesh,tikamgarh,2023,2,8093,17123
madhya pradesh,tikamgarh,2023,3,8094,18074
madhya pradesh,tikamgarh,2023,4,8095,19119
madhya pradesh,tikamgarh,2024,1,8096,20498
madhya pradesh,tikamgarh,2024,2,8097,21575
madhya pradesh,tikamgarh,2024,3,8098,22294
madhya pradesh,tikamgarh,2024,4,8099,23445
madhya pradesh,tikamgarh,2025,1,8100,23998
madhya pradesh,tikamgarh,2025,2,8101,24748
madhya pradesh,tikamgarh,2025,3,8102,25763
madhya pradesh,tikamgarh,2025,4,8103,27271
madhya pradesh,tikamgarh,2026,1,8104,28207
madhya pradesh,tikamgarh,2026,2,8105,29026
madhya pradesh,ujjain,2018,2,8073,2
madhya pradesh,ujjain,2018,3,8074,2
madhya pradesh,ujjain,2018,4,8075,9
madhya pradesh,ujjain,2019,1,8076,3495
madhya pradesh,ujjain,2019,2,8077,10756
madhya pradesh,ujjain,2019,3,8078,16881
madhya pradesh,ujjain,2019,4,8079,20980
madhya pradesh,ujjain,2020,1,8080,24397
madhya pradesh,ujjain,2020,2,8081,26123
madhya pradesh,ujjain,2020,3,8082,33543
madhya pradesh,ujjain,2020,4,8083,40120
madhya pradesh,ujjain,2021,1,8084,46937
madhya pradesh,ujjain,2021,2,8085,49244
madhya pradesh,ujjain,2021,3,8086,54510
madhya pradesh,ujjain,2021,4,8087,60168
madhya pradesh,ujjain,2022,1,8088,64451
madhya pradesh,ujjain,2022,2,8089,68726
madhya pradesh,ujjain,2022,3,8090,72810
madhya pradesh,ujjain,2022,4,8091,76621
madhya pradesh,ujjain,2023,1,8092,77677
madhya pradesh,ujjain,2023,2,8093,79478
madhya pradesh,ujjain,2023,3,8094,82310
madhya pradesh,ujjain,2023,4,8095,86437
madhya pradesh,ujjain,2024,1,8096,92792
madhya pradesh,ujjain,2024,2,8097,96569
madhya pradesh,ujjain,2024,3,8098,100843
madhya pradesh,ujjain,2024,4,8099,106126
madhya pradesh,ujjain,2025,1,8100,108875
madhya pradesh,ujjain,2025,2,8101,111590
madhya pradesh,ujjain,2025,3,8102,114219
madhya pradesh,ujjain,2025,4,8103,118085
madhya pradesh,ujjain,2026,1,8104,119932
madhya pradesh,ujjain,2026,2,8105,122336
madhya pradesh,umaria,2019,1,8076,90
madhya pradesh,umaria,2019,2,8077,234
madhya pradesh,umaria,2019,3,8078,450
madhya pradesh,umaria,2019,4,8079,579
madhya pradesh,umaria,2020,1,8080,636
madhya pradesh,umaria,2020,2,8081,676
madhya pradesh,umaria,2020,3,8082,1014
madhya pradesh,umaria,2020,4,8083,1424
madhya pradesh,umaria,2021,1,8084,2418
madhya pradesh,umaria,2021,2,8085,2704
madhya pradesh,umaria,2021,3,8086,3194
madhya pradesh,umaria,2021,4,8087,3717
madhya pradesh,umaria,2022,1,8088,4160
madhya pradesh,umaria,2022,2,8089,4777
madhya pradesh,umaria,2022,3,8090,5665
madhya pradesh,umaria,2022,4,8091,6662
madhya pradesh,umaria,2023,1,8092,7285
madhya pradesh,umaria,2023,2,8093,7736
madhya pradesh,umaria,2023,3,8094,7930
madhya pradesh,umaria,2023,4,8095,8322
madhya pradesh,umaria,2024,1,8096,8688
madhya pradesh,umaria,2024,2,8097,9291
madhya pradesh,umaria,2024,3,8098,9871
madhya pradesh,umaria,2024,4,8099,10371
madhya pradesh,umaria,2025,1,8100,10765
madhya pradesh,umaria,2025,2,8101,11066
madhya pradesh,umaria,2025,3,8102,11484
madhya pradesh,umaria,2025,4,8103,12211
madhya pradesh,umaria,2026,1,8104,12793
madhya pradesh,umaria,2026,2,8105,13119
madhya pradesh,vidisha,2018,3,8074,1
madhya pradesh,vidisha,2018,4,8075,7
madhya pradesh,vidisha,2019,1,8076,507
madhya pradesh,vidisha,2019,2,8077,2847
madhya pradesh,vidisha,2019,3,8078,5460
madhya pradesh,vidisha,2019,4,8079,6457
madhya pradesh,vidisha,2020,1,8080,7316
madhya pradesh,vidisha,2020,2,8081,7835
madhya pradesh,vidisha,2020,3,8082,10970
madhya pradesh,vidisha,2020,4,8083,15259
madhya pradesh,vidisha,2021,1,8084,18601
madhya pradesh,vidisha,2021,2,8085,20045
madhya pradesh,vidisha,2021,3,8086,24127
madhya pradesh,vidisha,2021,4,8087,29794
madhya pradesh,vidisha,2022,1,8088,34923
madhya pradesh,vidisha,2022,2,8089,37826
madhya pradesh,vidisha,2022,3,8090,40933
madhya pradesh,vidisha,2022,4,8091,44133
madhya pradesh,vidisha,2023,1,8092,45587
madhya pradesh,vidisha,2023,2,8093,48514
madhya pradesh,vidisha,2023,3,8094,50938
madhya pradesh,vidisha,2023,4,8095,53275
madhya pradesh,vidisha,2024,1,8096,56030
madhya pradesh,vidisha,2024,2,8097,57965
madhya pradesh,vidisha,2024,3,8098,61448
madhya pradesh,vidisha,2024,4,8099,64917
madhya pradesh,vidisha,2025,1,8100,68373
madhya pradesh,vidisha,2025,2,8101,71454
madhya pradesh,vidisha,2025,3,8102,74232
madhya pradesh,vidisha,2025,4,8103,77554
madhya pradesh,vidisha,2026,1,8104,78954
madhya pradesh,vidisha,2026,2,8105,80267
maharashtra,ahilyanagar,2018,1,8072,7
maharashtra,ahilyanagar,2018,2,8073,22
maharashtra,ahilyanagar,2018,3,8074,58
maharashtra,ahilyanagar,2018,4,8075,96
maharashtra,ahilyanagar,2019,1,8076,1405
maharashtra,ahilyanagar,2019,2,8077,6601
maharashtra,ahilyanagar,2019,3,8078,14314
maharashtra,ahilyanagar,2019,4,8079,23240
maharashtra,ahilyanagar,2020,1,8080,29095
maharashtra,ahilyanagar,2020,2,8081,30881
maharashtra,ahilyanagar,2020,3,8082,37636
maharashtra,ahilyanagar,2020,4,8083,50355
maharashtra,ahilyanagar,2021,1,8084,66703
maharashtra,ahilyanagar,2021,2,8085,72822
maharashtra,ahilyanagar,2021,3,8086,85331
maharashtra,ahilyanagar,2021,4,8087,100036
maharashtra,ahilyanagar,2022,1,8088,112897
maharashtra,ahilyanagar,2022,2,8089,123184
maharashtra,ahilyanagar,2022,3,8090,130842
maharashtra,ahilyanagar,2022,4,8091,136863
maharashtra,ahilyanagar,2023,1,8092,138101
maharashtra,ahilyanagar,2023,2,8093,140545
maharashtra,ahilyanagar,2023,3,8094,145539
maharashtra,ahilyanagar,2023,4,8095,152103
maharashtra,ahilyanagar,2024,1,8096,158080
maharashtra,ahilyanagar,2024,2,8097,161976
maharashtra,ahilyanagar,2024,3,8098,166225
maharashtra,ahilyanagar,2024,4,8099,170231
maharashtra,ahilyanagar,2025,1,8100,173619
maharashtra,ahilyanagar,2025,2,8101,176896
maharashtra,ahilyanagar,2025,3,8102,180330
maharashtra,ahilyanagar,2025,4,8103,185380
maharashtra,ahilyanagar,2026,1,8104,189297
maharashtra,ahilyanagar,2026,2,8105,192869
maharashtra,akola,2018,1,8072,1
maharashtra,akola,2018,2,8073,110
maharashtra,akola,2018,3,8074,346
maharashtra,akola,2018,4,8075,578
maharashtra,akola,2019,1,8076,807
maharashtra,akola,2019,2,8077,1203
maharashtra,akola,2019,3,8078,3681
maharashtra,akola,2019,4,8079,5623
maharashtra,akola,2020,1,8080,6899
maharashtra,akola,2020,2,8081,7371
maharashtra,akola,2020,3,8082,8966
maharashtra,akola,2020,4,8083,12951
maharashtra,akola,2021,1,8084,15695
maharashtra,akola,2021,2,8085,16923
maharashtra,akola,2021,3,8086,21881
maharashtra,akola,2021,4,8087,28097
maharashtra,akola,2022,1,8088,32823
maharashtra,akola,2022,2,8089,35940
maharashtra,akola,2022,3,8090,38766
maharashtra,akola,2022,4,8091,42053
maharashtra,akola,2023,1,8092,43829
maharashtra,akola,2023,2,8093,44611
maharashtra,akola,2023,3,8094,46847
maharashtra,akola,2023,4,8095,48789
maharashtra,akola,2024,1,8096,51403
maharashtra,akola,2024,2,8097,53530
maharashtra,akola,2024,3,8098,55576
maharashtra,akola,2024,4,8099,57700
maharashtra,akola,2025,1,8100,59799
maharashtra,akola,2025,2,8101,61847
maharashtra,akola,2025,3,8102,63840
maharashtra,akola,2025,4,8103,66224
maharashtra,akola,2026,1,8104,68663
maharashtra,akola,2026,2,8105,70953
maharashtra,amravati,2018,1,8072,1
maharashtra,amravati,2018,2,8073,61
maharashtra,amravati,2018,3,8074,82
maharashtra,amravati,2018,4,8075,96
maharashtra,amravati,2019,1,8076,7109
maharashtra,amravati,2019,2,8077,12227
maharashtra,amravati,2019,3,8078,16091
maharashtra,amravati,2019,4,8079,18472
maharashtra,amravati,2020,1,8080,21235
maharashtra,amravati,2020,2,8081,22369
maharashtra,amravati,2020,3,8082,26145
maharashtra,amravati,2020,4,8083,33374
maharashtra,amravati,2021,1,8084,37919
maharashtra,amravati,2021,2,8085,40692
maharashtra,amravati,2021,3,8086,45285
maharashtra,amravati,2021,4,8087,49610
maharashtra,amravati,2022,1,8088,54577
maharashtra,amravati,2022,2,8089,57460
maharashtra,amravati,2022,3,8090,59810
maharashtra,amravati,2022,4,8091,62900
maharashtra,amravati,2023,1,8092,64468
maharashtra,amravati,2023,2,8093,65781
maharashtra,amravati,2023,3,8094,68186
maharashtra,amravati,2023,4,8095,71765
maharashtra,amravati,2024,1,8096,75459
maharashtra,amravati,2024,2,8097,78106
maharashtra,amravati,2024,3,8098,81130
maharashtra,amravati,2024,4,8099,84280
maharashtra,amravati,2025,1,8100,87291
maharashtra,amravati,2025,2,8101,90021
maharashtra,amravati,2025,3,8102,93092
maharashtra,amravati,2025,4,8103,96449
maharashtra,amravati,2026,1,8104,99196
maharashtra,amravati,2026,2,8105,101787
maharashtra,beed,2018,3,8074,7
maharashtra,beed,2018,4,8075,29
maharashtra,beed,2019,1,8076,205
maharashtra,beed,2019,2,8077,1215
maharashtra,beed,2019,3,8078,2909
maharashtra,beed,2019,4,8079,5055
maharashtra,beed,2020,1,8080,7189
maharashtra,beed,2020,2,8081,7599
maharashtra,beed,2020,3,8082,8396
maharashtra,beed,2020,4,8083,15632
maharashtra,beed,2021,1,8084,24667
maharashtra,beed,2021,2,8085,27830
maharashtra,beed,2021,3,8086,35373
maharashtra,beed,2021,4,8087,44904
maharashtra,beed,2022,1,8088,51931
maharashtra,beed,2022,2,8089,57686
maharashtra,beed,2022,3,8090,62133
maharashtra,beed,2022,4,8091,64409
maharashtra,beed,2023,1,8092,66104
maharashtra,beed,2023,2,8093,66725
maharashtra,beed,2023,3,8094,67750
maharashtra,beed,2023,4,8095,69301
maharashtra,beed,2024,1,8096,71469
maharashtra,beed,2024,2,8097,73100
maharashtra,beed,2024,3,8098,74749
maharashtra,beed,2024,4,8099,76198
maharashtra,beed,2025,1,8100,77439
maharashtra,beed,2025,2,8101,78453
maharashtra,beed,2025,3,8102,80225
maharashtra,beed,2025,4,8103,83227
maharashtra,beed,2026,1,8104,85555
maharashtra,beed,2026,2,8105,87769
maharashtra,bhandara,2018,2,8073,1
maharashtra,bhandara,2018,3,8074,21
maharashtra,bhandara,2018,4,8075,197
maharashtra,bhandara,2019,1,8076,865
maharashtra,bhandara,2019,2,8077,1470
maharashtra,bhandara,2019,3,8078,1748
maharashtra,bhandara,2019,4,8079,2255
maharashtra,bhandara,2020,1,8080,2766
maharashtra,bhandara,2020,2,8081,2935
maharashtra,bhandara,2020,3,8082,5708
maharashtra,bhandara,2020,4,8083,9823
maharashtra,bhandara,2021,1,8084,12231
maharashtra,bhandara,2021,2,8085,13432
maharashtra,bhandara,2021,3,8086,15103
maharashtra,bhandara,2021,4,8087,17141
maharashtra,bhandara,2022,1,8088,19099
maharashtra,bhandara,2022,2,8089,20386
maharashtra,bhandara,2022,3,8090,21350
maharashtra,bhandara,2022,4,8091,22287
maharashtra,bhandara,2023,1,8092,22401
maharashtra,bhandara,2023,2,8093,22995
maharashtra,bhandara,2023,3,8094,23388
maharashtra,bhandara,2023,4,8095,24365
maharashtra,bhandara,2024,1,8096,25570
maharashtra,bhandara,2024,2,8097,26373
maharashtra,bhandara,2024,3,8098,27064
maharashtra,bhandara,2024,4,8099,27818
maharashtra,bhandara,2025,1,8100,28471
maharashtra,bhandara,2025,2,8101,28944
maharashtra,bhandara,2025,3,8102,29570
maharashtra,bhandara,2025,4,8103,30304
maharashtra,bhandara,2026,1,8104,30999
maharashtra,bhandara,2026,2,8105,31943
maharashtra,buldhana,2018,2,8073,1
maharashtra,buldhana,2018,3,8074,26
maharashtra,buldhana,2018,4,8075,58
maharashtra,buldhana,2019,1,8076,293
maharashtra,buldhana,2019,2,8077,1750
maharashtra,buldhana,2019,3,8078,2539
maharashtra,buldhana,2019,4,8079,5294
maharashtra,buldhana,2020,1,8080,6711
maharashtra,buldhana,2020,2,8081,7061
maharashtra,buldhana,2020,3,8082,8183
maharashtra,buldhana,2020,4,8083,13057
maharashtra,buldhana,2021,1,8084,17185
maharashtra,buldhana,2021,2,8085,20723
maharashtra,buldhana,2021,3,8086,27498
maharashtra,buldhana,2021,4,8087,33725
maharashtra,buldhana,2022,1,8088,39563
maharashtra,buldhana,2022,2,8089,42677
maharashtra,buldhana,2022,3,8090,45674
maharashtra,buldhana,2022,4,8091,49099
maharashtra,buldhana,2023,1,8092,50340
maharashtra,buldhana,2023,2,8093,51334
maharashtra,buldhana,2023,3,8094,52885
maharashtra,buldhana,2023,4,8095,54055
maharashtra,buldhana,2024,1,8096,55722
maharashtra,buldhana,2024,2,8097,56886
maharashtra,buldhana,2024,3,8098,58094
maharashtra,buldhana,2024,4,8099,60222
maharashtra,buldhana,2025,1,8100,61701
maharashtra,buldhana,2025,2,8101,62934
maharashtra,buldhana,2025,3,8102,64388
maharashtra,buldhana,2025,4,8103,66657
maharashtra,buldhana,2026,1,8104,68273
maharashtra,buldhana,2026,2,8105,69454
maharashtra,chandrapur,2018,1,8072,1
maharashtra,chandrapur,2018,2,8073,1
maharashtra,chandrapur,2018,3,8074,11
maharashtra,chandrapur,2018,4,8075,23
maharashtra,chandrapur,2019,1,8076,150
maharashtra,chandrapur,2019,2,8077,660
maharashtra,chandrapur,2019,3,8078,883
maharashtra,chandrapur,2019,4,8079,2650
maharashtra,chandrapur,2020,1,8080,4709
maharashtra,chandrapur,2020,2,8081,5447
maharashtra,chandrapur,2020,3,8082,7276
maharashtra,chandrapur,2020,4,8083,12547
maharashtra,chandrapur,2021,1,8084,18351
maharashtra,chandrapur,2021,2,8085,21312
maharashtra,chandrapur,2021,3,8086,26329
maharashtra,chandrapur,2021,4,8087,30897
maharashtra,chandrapur,2022,1,8088,34388
maharashtra,chandrapur,2022,2,8089,37476
maharashtra,chandrapur,2022,3,8090,39827
maharashtra,chandrapur,2022,4,8091,42409
maharashtra,chandrapur,2023,1,8092,44221
maharashtra,chandrapur,2023,2,8093,45698
maharashtra,chandrapur,2023,3,8094,47463
maharashtra,chandrapur,2023,4,8095,49256
maharashtra,chandrapur,2024,1,8096,51539
maharashtra,chandrapur,2024,2,8097,53124
maharashtra,chandrapur,2024,3,8098,54694
maharashtra,chandrapur,2024,4,8099,56248
maharashtra,chandrapur,2025,1,8100,57298
maharashtra,chandrapur,2025,2,8101,58450
maharashtra,chandrapur,2025,3,8102,59421
maharashtra,chandrapur,2025,4,8103,60976
maharashtra,chandrapur,2026,1,8104,62251
maharashtra,chandrapur,2026,2,8105,63509
maharashtra,chhatrapati sambhaji nagar,2018,1,8072,6
maharashtra,chhatrapati sambhaji nagar,2018,2,8073,136
maharashtra,chhatrapati sambhaji nagar,2018,3,8074,478
maharashtra,chhatrapati sambhaji nagar,2018,4,8075,735
maharashtra,chhatrapati sambhaji nagar,2019,1,8076,23601
maharashtra,chhatrapati sambhaji nagar,2019,2,8077,37764
maharashtra,chhatrapati sambhaji nagar,2019,3,8078,52319
maharashtra,chhatrapati sambhaji nagar,2019,4,8079,64737
maharashtra,chhatrapati sambhaji nagar,2020,1,8080,75287
maharashtra,chhatrapati sambhaji nagar,2020,2,8081,79111
maharashtra,chhatrapati sambhaji nagar,2020,3,8082,89116
maharashtra,chhatrapati sambhaji nagar,2020,4,8083,101673
maharashtra,chhatrapati sambhaji nagar,2021,1,8084,111776
maharashtra,chhatrapati sambhaji nagar,2021,2,8085,116729
maharashtra,chhatrapati sambhaji nagar,2021,3,8086,124194
maharashtra,chhatrapati sambhaji nagar,2021,4,8087,133477
maharashtra,chhatrapati sambhaji nagar,2022,1,8088,143362
maharashtra,chhatrapati sambhaji nagar,2022,2,8089,152292
maharashtra,chhatrapati sambhaji nagar,2022,3,8090,159871
maharashtra,chhatrapati sambhaji nagar,2022,4,8091,167932
maharashtra,chhatrapati sambhaji nagar,2023,1,8092,171404
maharashtra,chhatrapati sambhaji nagar,2023,2,8093,174223
maharashtra,chhatrapati sambhaji nagar,2023,3,8094,178191
maharashtra,chhatrapati sambhaji nagar,2023,4,8095,181800
maharashtra,chhatrapati sambhaji nagar,2024,1,8096,187596
maharashtra,chhatrapati sambhaji nagar,2024,2,8097,191245
maharashtra,chhatrapati sambhaji nagar,2024,3,8098,195559
maharashtra,chhatrapati sambhaji nagar,2024,4,8099,199645
maharashtra,chhatrapati sambhaji nagar,2025,1,8100,203429
maharashtra,chhatrapati sambhaji nagar,2025,2,8101,206636
maharashtra,chhatrapati sambhaji nagar,2025,3,8102,209745
maharashtra,chhatrapati sambhaji nagar,2025,4,8103,214848
maharashtra,chhatrapati sambhaji nagar,2026,1,8104,219029
maharashtra,chhatrapati sambhaji nagar,2026,2,8105,222633
maharashtra,dharashiv,2018,1,8072,1
maharashtra,dharashiv,2018,2,8073,1
maharashtra,dharashiv,2018,3,8074,8
maharashtra,dharashiv,2018,4,8075,20
maharashtra,dharashiv,2019,1,8076,189
maharashtra,dharashiv,2019,2,8077,1141
maharashtra,dharashiv,2019,3,8078,1888
maharashtra,dharashiv,2019,4,8079,2964
maharashtra,dharashiv,2020,1,8080,4407
maharashtra,dharashiv,2020,2,8081,4929
maharashtra,dharashiv,2020,3,8082,5382
maharashtra,dharashiv,2020,4,8083,8800
maharashtra,dharashiv,2021,1,8084,12617
maharashtra,dharashiv,2021,2,8085,13824
maharashtra,dharashiv,2021,3,8086,18687
maharashtra,dharashiv,2021,4,8087,25419
maharashtra,dharashiv,2022,1,8088,29931
maharashtra,dharashiv,2022,2,8089,32187
maharashtra,dharashiv,2022,3,8090,33881
maharashtra,dharashiv,2022,4,8091,35664
maharashtra,dharashiv,2023,1,8092,36730
maharashtra,dharashiv,2023,2,8093,37238
maharashtra,dharashiv,2023,3,8094,38039
maharashtra,dharashiv,2023,4,8095,39572
maharashtra,dharashiv,2024,1,8096,41956
maharashtra,dharashiv,2024,2,8097,44124
maharashtra,dharashiv,2024,3,8098,46682
maharashtra,dharashiv,2024,4,8099,48622
maharashtra,dharashiv,2025,1,8100,50240
maharashtra,dharashiv,2025,2,8101,51642
maharashtra,dharashiv,2025,3,8102,52944
maharashtra,dharashiv,2025,4,8103,54209
maharashtra,dharashiv,2026,1,8104,55248
maharashtra,dharashiv,2026,2,8105,56399
maharashtra,dhule,2018,1,8072,1
maharashtra,dhule,2018,2,8073,96
maharashtra,dhule,2018,3,8074,103
maharashtra,dhule,2018,4,8075,103
maharashtra,dhule,2019,1,8076,227
maharashtra,dhule,2019,2,8077,823
maharashtra,dhule,2019,3,8078,1809
maharashtra,dhule,2019,4,8079,4543
maharashtra,dhule,2020,1,8080,6862
maharashtra,dhule,2020,2,8081,7529
maharashtra,dhule,2020,3,8082,9352
maharashtra,dhule,2020,4,8083,12507
maharashtra,dhule,2021,1,8084,16451
maharashtra,dhule,2021,2,8085,19111
maharashtra,dhule,2021,3,8086,23635
maharashtra,dhule,2021,4,8087,29029
maharashtra,dhule,2022,1,8088,33020
maharashtra,dhule,2022,2,8089,36154
maharashtra,dhule,2022,3,8090,38315
maharashtra,dhule,2022,4,8091,40493
maharashtra,dhule,2023,1,8092,42027
maharashtra,dhule,2023,2,8093,43039
maharashtra,dhule,2023,3,8094,44036
maharashtra,dhule,2023,4,8095,45391
maharashtra,dhule,2024,1,8096,47671
maharashtra,dhule,2024,2,8097,49401
maharashtra,dhule,2024,3,8098,51070
maharashtra,dhule,2024,4,8099,52826
maharashtra,dhule,2025,1,8100,54832
maharashtra,dhule,2025,2,8101,56197
maharashtra,dhule,2025,3,8102,57719
maharashtra,dhule,2025,4,8103,59959
maharashtra,dhule,2026,1,8104,61620
maharashtra,dhule,2026,2,8105,63028
maharashtra,gadchiroli,2018,3,8074,8
maharashtra,gadchiroli,2018,4,8075,16
maharashtra,gadchiroli,2019,1,8076,37
maharashtra,gadchiroli,2019,2,8077,85
maharashtra,gadchiroli,2019,3,8078,153
maharashtra,gadchiroli,2019,4,8079,201
maharashtra,gadchiroli,2020,1,8080,293
maharashtra,gadchiroli,2020,2,8081,335
maharashtra,gadchiroli,2020,3,8082,372
maharashtra,gadchiroli,2020,4,8083,1892
maharashtra,gadchiroli,2021,1,8084,3644
maharashtra,gadchiroli,2021,2,8085,4450
maharashtra,gadchiroli,2021,3,8086,6083
maharashtra,gadchiroli,2021,4,8087,8190
maharashtra,gadchiroli,2022,1,8088,9617
maharashtra,gadchiroli,2022,2,8089,10743
maharashtra,gadchiroli,2022,3,8090,11759
maharashtra,gadchiroli,2022,4,8091,12228
maharashtra,gadchiroli,2023,1,8092,12776
maharashtra,gadchiroli,2023,2,8093,13032
maharashtra,gadchiroli,2023,3,8094,13386
maharashtra,gadchiroli,2023,4,8095,13831
maharashtra,gadchiroli,2024,1,8096,14451
maharashtra,gadchiroli,2024,2,8097,14973
maharashtra,gadchiroli,2024,3,8098,15455
maharashtra,gadchiroli,2024,4,8099,15827
maharashtra,gadchiroli,2025,1,8100,16184
maharashtra,gadchiroli,2025,2,8101,16376
maharashtra,gadchiroli,2025,3,8102,16434
maharashtra,gadchiroli,2025,4,8103,16613
maharashtra,gadchiroli,2026,1,8104,16774
maharashtra,gadchiroli,2026,2,8105,17139
maharashtra,gondia,2018,3,8074,30
maharashtra,gondia,2018,4,8075,47
maharashtra,gondia,2019,1,8076,317
maharashtra,gondia,2019,2,8077,691
maharashtra,gondia,2019,3,8078,853
maharashtra,gondia,2019,4,8079,984
maharashtra,gondia,2020,1,8080,1206
maharashtra,gondia,2020,2,8081,1269
maharashtra,gondia,2020,3,8082,1501
maharashtra,gondia,2020,4,8083,5081
maharashtra,gondia,2021,1,8084,8455
maharashtra,gondia,2021,2,8085,9296
maharashtra,gondia,2021,3,8086,11805
maharashtra,gondia,2021,4,8087,15272
maharashtra,gondia,2022,1,8088,17911
maharashtra,gondia,2022,2,8089,20103
maharashtra,gondia,2022,3,8090,21603
maharashtra,gondia,2022,4,8091,23175
maharashtra,gondia,2023,1,8092,24058
maharashtra,gondia,2023,2,8093,24704
maharashtra,gondia,2023,3,8094,25189
maharashtra,gondia,2023,4,8095,25903
maharashtra,gondia,2024,1,8096,27132
maharashtra,gondia,2024,2,8097,27965
maharashtra,gondia,2024,3,8098,28683
maharashtra,gondia,2024,4,8099,29654
maharashtra,gondia,2025,1,8100,30182
maharashtra,gondia,2025,2,8101,30556
maharashtra,gondia,2025,3,8102,31207
maharashtra,gondia,2025,4,8103,32404
maharashtra,gondia,2026,1,8104,33148
maharashtra,gondia,2026,2,8105,34154
maharashtra,hingoli,2018,2,8073,1
maharashtra,hingoli,2018,3,8074,4
maharashtra,hingoli,2018,4,8075,14
maharashtra,hingoli,2019,1,8076,167
maharashtra,hingoli,2019,2,8077,930
maharashtra,hingoli,2019,3,8078,1166
maharashtra,hingoli,2019,4,8079,1351
maharashtra,hingoli,2020,1,8080,2239
maharashtra,hingoli,2020,2,8081,2295
maharashtra,hingoli,2020,3,8082,2702
maharashtra,hingoli,2020,4,8083,4591
maharashtra,hingoli,2021,1,8084,7203
maharashtra,hingoli,2021,2,8085,8388
maharashtra,hingoli,2021,3,8086,10277
maharashtra,hingoli,2021,4,8087,13335
maharashtra,hingoli,2022,1,8088,16392
maharashtra,hingoli,2022,2,8089,17888
maharashtra,hingoli,2022,3,8090,19575
maharashtra,hingoli,2022,4,8091,21515
maharashtra,hingoli,2023,1,8092,22956
maharashtra,hingoli,2023,2,8093,23349
maharashtra,hingoli,2023,3,8094,23991
maharashtra,hingoli,2023,4,8095,24348
maharashtra,hingoli,2024,1,8096,24677
maharashtra,hingoli,2024,2,8097,25021
maharashtra,hingoli,2024,3,8098,25221
maharashtra,hingoli,2024,4,8099,25719
maharashtra,hingoli,2025,1,8100,26400
maharashtra,hingoli,2025,2,8101,27071
maharashtra,hingoli,2025,3,8102,28034
maharashtra,hingoli,2025,4,8103,29658
maharashtra,hingoli,2026,1,8104,30645
maharashtra,hingoli,2026,2,8105,31541
maharashtra,jalgaon,2018,2,8073,20
maharashtra,jalgaon,2018,3,8074,25
maharashtra,jalgaon,2018,4,8075,50
maharashtra,jalgaon,2019,1,8076,409
maharashtra,jalgaon,2019,2,8077,1511
maharashtra,jalgaon,2019,3,8078,4173
maharashtra,jalgaon,2019,4,8079,10046
maharashtra,jalgaon,2020,1,8080,14910
maharashtra,jalgaon,2020,2,8081,16453
maharashtra,jalgaon,2020,3,8082,21371
maharashtra,jalgaon,2020,4,8083,31696
maharashtra,jalgaon,2021,1,8084,41155
maharashtra,jalgaon,2021,2,8085,45873
maharashtra,jalgaon,2021,3,8086,55113
maharashtra,jalgaon,2021,4,8087,65782
maharashtra,jalgaon,2022,1,8088,75132
maharashtra,jalgaon,2022,2,8089,81279
maharashtra,jalgaon,2022,3,8090,87316
maharashtra,jalgaon,2022,4,8091,93671
maharashtra,jalgaon,2023,1,8092,97780
maharashtra,jalgaon,2023,2,8093,100368
maharashtra,jalgaon,2023,3,8094,103090
maharashtra,jalgaon,2023,4,8095,106483
maharashtra,jalgaon,2024,1,8096,111250
maharashtra,jalgaon,2024,2,8097,114496
maharashtra,jalgaon,2024,3,8098,117389
maharashtra,jalgaon,2024,4,8099,120377
maharashtra,jalgaon,2025,1,8100,123130
maharashtra,jalgaon,2025,2,8101,125596
maharashtra,jalgaon,2025,3,8102,128188
maharashtra,jalgaon,2025,4,8103,131631
maharashtra,jalgaon,2026,1,8104,136153
maharashtra,jalgaon,2026,2,8105,140145
maharashtra,jalna,2018,2,8073,8
maharashtra,jalna,2018,3,8074,24
maharashtra,jalna,2018,4,8075,36
maharashtra,jalna,2019,1,8076,1360
maharashtra,jalna,2019,2,8077,4260
maharashtra,jalna,2019,3,8078,7186
maharashtra,jalna,2019,4,8079,10496
maharashtra,jalna,2020,1,8080,12999
maharashtra,jalna,2020,2,8081,13418
maharashtra,jalna,2020,3,8082,15371
maharashtra,jalna,2020,4,8083,19011
maharashtra,jalna,2021,1,8084,23831
maharashtra,jalna,2021,2,8085,25603
maharashtra,jalna,2021,3,8086,27977
maharashtra,jalna,2021,4,8087,31627
maharashtra,jalna,2022,1,8088,35090
maharashtra,jalna,2022,2,8089,38587
maharashtra,jalna,2022,3,8090,42581
maharashtra,jalna,2022,4,8091,46046
maharashtra,jalna,2023,1,8092,48231
maharashtra,jalna,2023,2,8093,49626
maharashtra,jalna,2023,3,8094,51536
maharashtra,jalna,2023,4,8095,53165
maharashtra,jalna,2024,1,8096,55194
maharashtra,jalna,2024,2,8097,56660
maharashtra,jalna,2024,3,8098,57990
maharashtra,jalna,2024,4,8099,59372
maharashtra,jalna,2025,1,8100,60935
maharashtra,jalna,2025,2,8101,62348
maharashtra,jalna,2025,3,8102,63818
maharashtra,jalna,2025,4,8103,66206
maharashtra,jalna,2026,1,8104,68735
maharashtra,jalna,2026,2,8105,70630
maharashtra,kolhapur,2018,2,8073,1
maharashtra,kolhapur,2018,3,8074,4
maharashtra,kolhapur,2018,4,8075,34
maharashtra,kolhapur,2019,1,8076,285
maharashtra,kolhapur,2019,2,8077,7016
maharashtra,kolhapur,2019,3,8078,13131
maharashtra,kolhapur,2019,4,8079,19112
maharashtra,kolhapur,2020,1,8080,22042
maharashtra,kolhapur,2020,2,8081,23495
maharashtra,kolhapur,2020,3,8082,26338
maharashtra,kolhapur,2020,4,8083,33632
maharashtra,kolhapur,2021,1,8084,41429
maharashtra,kolhapur,2021,2,8085,43912
maharashtra,kolhapur,2021,3,8086,49621
maharashtra,kolhapur,2021,4,8087,58254
maharashtra,kolhapur,2022,1,8088,66778
maharashtra,kolhapur,2022,2,8089,74069
maharashtra,kolhapur,2022,3,8090,77193
maharashtra,kolhapur,2022,4,8091,80061
maharashtra,kolhapur,2023,1,8092,81595
maharashtra,kolhapur,2023,2,8093,83494
maharashtra,kolhapur,2023,3,8094,85876
maharashtra,kolhapur,2023,4,8095,89735
maharashtra,kolhapur,2024,1,8096,93786
maharashtra,kolhapur,2024,2,8097,97472
maharashtra,kolhapur,2024,3,8098,100497
maharashtra,kolhapur,2024,4,8099,103608
maharashtra,kolhapur,2025,1,8100,107109
maharashtra,kolhapur,2025,2,8101,109599
maharashtra,kolhapur,2025,3,8102,112291
maharashtra,kolhapur,2025,4,8103,115840
maharashtra,kolhapur,2026,1,8104,118764
maharashtra,kolhapur,2026,2,8105,121947
maharashtra,latur,2018,2,8073,4
maharashtra,latur,2018,3,8074,13
maharashtra,latur,2018,4,8075,31
maharashtra,latur,2019,1,8076,267
maharashtra,latur,2019,2,8077,2191
maharashtra,latur,2019,3,8078,3437
maharashtra,latur,2019,4,8079,4065
maharashtra,latur,2020,1,8080,7749
maharashtra,latur,2020,2,8081,9455
maharashtra,latur,2020,3,8082,12260
maharashtra,latur,2020,4,8083,18653
maharashtra,latur,2021,1,8084,24950
maharashtra,latur,2021,2,8085,26572
maharashtra,latur,2021,3,8086,32441
maharashtra,latur,2021,4,8087,40607
maharashtra,latur,2022,1,8088,48406
maharashtra,latur,2022,2,8089,53167
maharashtra,latur,2022,3,8090,57137
maharashtra,latur,2022,4,8091,60751
maharashtra,latur,2023,1,8092,63140
maharashtra,latur,2023,2,8093,64115
maharashtra,latur,2023,3,8094,66098
maharashtra,latur,2023,4,8095,68483
maharashtra,latur,2024,1,8096,71011
maharashtra,latur,2024,2,8097,73181
maharashtra,latur,2024,3,8098,75851
maharashtra,latur,2024,4,8099,78351
maharashtra,latur,2025,1,8100,80748
maharashtra,latur,2025,2,8101,82410
maharashtra,latur,2025,3,8102,84221
maharashtra,latur,2025,4,8103,86943
maharashtra,latur,2026,1,8104,88404
maharashtra,latur,2026,2,8105,90127
maharashtra,mumbai,2018,1,8072,71
maharashtra,mumbai,2018,2,8073,463
maharashtra,mumbai,2018,3,8074,3508
maharashtra,mumbai,2018,4,8075,22025
maharashtra,mumbai,2019,1,8076,51089
maharashtra,mumbai,2019,2,8077,62211
maharashtra,mumbai,2019,3,8078,71071
maharashtra,mumbai,2019,4,8079,82565
maharashtra,mumbai,2020,1,8080,93381
maharashtra,mumbai,2020,2,8081,94667
maharashtra,mumbai,2020,3,8082,100166
maharashtra,mumbai,2020,4,8083,108248
maharashtra,mumbai,2021,1,8084,115982
maharashtra,mumbai,2021,2,8085,118868
maharashtra,mumbai,2021,3,8086,123943
maharashtra,mumbai,2021,4,8087,129056
maharashtra,mumbai,2022,1,8088,136077
maharashtra,mumbai,2022,2,8089,142847
maharashtra,mumbai,2022,3,8090,146822
maharashtra,mumbai,2022,4,8091,150494
maharashtra,mumbai,2023,1,8092,150780
maharashtra,mumbai,2023,2,8093,153735
maharashtra,mumbai,2023,3,8094,156864
maharashtra,mumbai,2023,4,8095,159797
maharashtra,mumbai,2024,1,8096,164755
maharashtra,mumbai,2024,2,8097,168862
maharashtra,mumbai,2024,3,8098,172738
maharashtra,mumbai,2024,4,8099,176525
maharashtra,mumbai,2025,1,8100,180267
maharashtra,mumbai,2025,2,8101,183179
maharashtra,mumbai,2025,3,8102,185879
maharashtra,mumbai,2025,4,8103,188948
maharashtra,mumbai,2026,1,8104,191401
maharashtra,mumbai,2026,2,8105,193713
maharashtra,mumbai suburban,2018,1,8072,1102
maharashtra,mumbai suburban,2018,2,8073,2743
maharashtra,mumbai suburban,2018,3,8074,14589
maharashtra,mumbai suburban,2018,4,8075,82371
maharashtra,mumbai suburban,2019,1,8076,204439
maharashtra,mumbai suburban,2019,2,8077,246023
maharashtra,mumbai suburban,2019,3,8078,285799
maharashtra,mumbai suburban,2019,4,8079,331253
maharashtra,mumbai suburban,2020,1,8080,380037
maharashtra,mumbai suburban,2020,2,8081,385981
maharashtra,mumbai suburban,2020,3,8082,418863
maharashtra,mumbai suburban,2020,4,8083,468538
maharashtra,mumbai suburban,2021,1,8084,508318
maharashtra,mumbai suburban,2021,2,8085,521423
maharashtra,mumbai suburban,2021,3,8086,541903
maharashtra,mumbai suburban,2021,4,8087,565910
maharashtra,mumbai suburban,2022,1,8088,595855
maharashtra,mumbai suburban,2022,2,8089,618439
maharashtra,mumbai suburban,2022,3,8090,630670
maharashtra,mumbai suburban,2022,4,8091,639587
maharashtra,mumbai suburban,2023,1,8092,627558
maharashtra,mumbai suburban,2023,2,8093,633398
maharashtra,mumbai suburban,2023,3,8094,644927
maharashtra,mumbai suburban,2023,4,8095,653390
maharashtra,mumbai suburban,2024,1,8096,666891
maharashtra,mumbai suburban,2024,2,8097,677202
maharashtra,mumbai suburban,2024,3,8098,687285
maharashtra,mumbai suburban,2024,4,8099,697026
maharashtra,mumbai suburban,2025,1,8100,706533
maharashtra,mumbai suburban,2025,2,8101,715135
maharashtra,mumbai suburban,2025,3,8102,724057
maharashtra,mumbai suburban,2025,4,8103,733227
maharashtra,mumbai suburban,2026,1,8104,742516
maharashtra,mumbai suburban,2026,2,8105,749720
maharashtra,nagpur,2018,1,8072,6
maharashtra,nagpur,2018,2,8073,713
maharashtra,nagpur,2018,3,8074,5143
maharashtra,nagpur,2018,4,8075,20495
maharashtra,nagpur,2019,1,8076,51994
maharashtra,nagpur,2019,2,8077,76203
maharashtra,nagpur,2019,3,8078,98488
maharashtra,nagpur,2019,4,8079,114123
maharashtra,nagpur,2020,1,8080,130089
maharashtra,nagpur,2020,2,8081,134418
maharashtra,nagpur,2020,3,8082,147946
maharashtra,nagpur,2020,4,8083,166162
maharashtra,nagpur,2021,1,8084,178836
maharashtra,nagpur,2021,2,8085,185257
maharashtra,nagpur,2021,3,8086,196631
maharashtra,nagpur,2021,4,8087,210226
maharashtra,nagpur,2022,1,8088,223396
maharashtra,nagpur,2022,2,8089,234221
maharashtra,nagpur,2022,3,8090,242304
maharashtra,nagpur,2022,4,8091,249117
maharashtra,nagpur,2023,1,8092,247990
maharashtra,nagpur,2023,2,8093,252368
maharashtra,nagpur,2023,3,8094,257332
maharashtra,nagpur,2023,4,8095,262812
maharashtra,nagpur,2024,1,8096,270368
maharashtra,nagpur,2024,2,8097,275619
maharashtra,nagpur,2024,3,8098,279933
maharashtra,nagpur,2024,4,8099,284023
maharashtra,nagpur,2025,1,8100,287941
maharashtra,nagpur,2025,2,8101,291544
maharashtra,nagpur,2025,3,8102,295085
maharashtra,nagpur,2025,4,8103,299423
maharashtra,nagpur,2026,1,8104,303371
maharashtra,nagpur,2026,2,8105,307247
maharashtra,nanded,2018,1,8072,1
maharashtra,nanded,2018,2,8073,2
maharashtra,nanded,2018,3,8074,28
maharashtra,nanded,2018,4,8075,82
maharashtra,nanded,2019,1,8076,311
maharashtra,nanded,2019,2,8077,1328
maharashtra,nanded,2019,3,8078,1805
maharashtra,nanded,2019,4,8079,5416
maharashtra,nanded,2020,1,8080,8360
maharashtra,nanded,2020,2,8081,9667
maharashtra,nanded,2020,3,8082,11949
maharashtra,nanded,2020,4,8083,17612
maharashtra,nanded,2021,1,8084,23105
maharashtra,nanded,2021,2,8085,25920
maharashtra,nanded,2021,3,8086,32410
maharashtra,nanded,2021,4,8087,42142
maharashtra,nanded,2022,1,8088,51179
maharashtra,nanded,2022,2,8089,55954
maharashtra,nanded,2022,3,8090,59620
maharashtra,nanded,2022,4,8091,63016
maharashtra,nanded,2023,1,8092,65030
maharashtra,nanded,2023,2,8093,66111
maharashtra,nanded,2023,3,8094,67925
maharashtra,nanded,2023,4,8095,70158
maharashtra,nanded,2024,1,8096,73702
maharashtra,nanded,2024,2,8097,76743
maharashtra,nanded,2024,3,8098,79530
maharashtra,nanded,2024,4,8099,83006
maharashtra,nanded,2025,1,8100,86066
maharashtra,nanded,2025,2,8101,88715
maharashtra,nanded,2025,3,8102,91573
maharashtra,nanded,2025,4,8103,95156
maharashtra,nanded,2026,1,8104,97700
maharashtra,nanded,2026,2,8105,100568
maharashtra,nandurbar,2018,2,8073,5
maharashtra,nandurbar,2018,3,8074,16
maharashtra,nandurbar,2018,4,8075,21
maharashtra,nandurbar,2019,1,8076,66
maharashtra,nandurbar,2019,2,8077,136
maharashtra,nandurbar,2019,3,8078,434
maharashtra,nandurbar,2019,4,8079,980
maharashtra,nandurbar,2020,1,8080,1168
maharashtra,nandurbar,2020,2,8081,1301
maharashtra,nandurbar,2020,3,8082,1979
maharashtra,nandurbar,2020,4,8083,4357
maharashtra,nandurbar,2021,1,8084,6984
maharashtra,nandurbar,2021,2,8085,7953
maharashtra,nandurbar,2021,3,8086,10277
maharashtra,nandurbar,2021,4,8087,13000
maharashtra,nandurbar,2022,1,8088,15769
maharashtra,nandurbar,2022,2,8089,17557
maharashtra,nandurbar,2022,3,8090,19279
maharashtra,nandurbar,2022,4,8091,21105
maharashtra,nandurbar,2023,1,8092,22512
maharashtra,nandurbar,2023,2,8093,23384
maharashtra,nandurbar,2023,3,8094,24252
maharashtra,nandurbar,2023,4,8095,25105
maharashtra,nandurbar,2024,1,8096,25881
maharashtra,nandurbar,2024,2,8097,26609
maharashtra,nandurbar,2024,3,8098,27476
maharashtra,nandurbar,2024,4,8099,28092
maharashtra,nandurbar,2025,1,8100,28527
maharashtra,nandurbar,2025,2,8101,29216
maharashtra,nandurbar,2025,3,8102,30026
maharashtra,nandurbar,2025,4,8103,30870
maharashtra,nandurbar,2026,1,8104,31549
maharashtra,nandurbar,2026,2,8105,32535
maharashtra,nashik,2018,1,8072,1
maharashtra,nashik,2018,2,8073,105
maharashtra,nashik,2018,3,8074,101
maharashtra,nashik,2018,4,8075,397
maharashtra,nashik,2019,1,8076,26437
maharashtra,nashik,2019,2,8077,42178
maharashtra,nashik,2019,3,8078,59489
maharashtra,nashik,2019,4,8079,73851
maharashtra,nashik,2020,1,8080,87425
maharashtra,nashik,2020,2,8081,92803
maharashtra,nashik,2020,3,8082,110398
maharashtra,nashik,2020,4,8083,133251
maharashtra,nashik,2021,1,8084,148709
maharashtra,nashik,2021,2,8085,156873
maharashtra,nashik,2021,3,8086,170784
maharashtra,nashik,2021,4,8087,187125
maharashtra,nashik,2022,1,8088,204741
maharashtra,nashik,2022,2,8089,219100
maharashtra,nashik,2022,3,8090,229650
maharashtra,nashik,2022,4,8091,238826
maharashtra,nashik,2023,1,8092,241254
maharashtra,nashik,2023,2,8093,248041
maharashtra,nashik,2023,3,8094,256727
maharashtra,nashik,2023,4,8095,265105
maharashtra,nashik,2024,1,8096,274510
maharashtra,nashik,2024,2,8097,281043
maharashtra,nashik,2024,3,8098,288108
maharashtra,nashik,2024,4,8099,294777
maharashtra,nashik,2025,1,8100,301129
maharashtra,nashik,2025,2,8101,305814
maharashtra,nashik,2025,3,8102,310941
maharashtra,nashik,2025,4,8103,317391
maharashtra,nashik,2026,1,8104,324810
maharashtra,nashik,2026,2,8105,331234
maharashtra,palghar,2018,1,8072,58
maharashtra,palghar,2018,2,8073,350
maharashtra,palghar,2018,3,8074,6100
maharashtra,palghar,2018,4,8075,25622
maharashtra,palghar,2019,1,8076,54906
maharashtra,palghar,2019,2,8077,63467
maharashtra,palghar,2019,3,8078,76124
maharashtra,palghar,2019,4,8079,89919
maharashtra,palghar,2020,1,8080,100716
maharashtra,palghar,2020,2,8081,103667
maharashtra,palghar,2020,3,8082,113120
maharashtra,palghar,2020,4,8083,126468
maharashtra,palghar,2021,1,8084,141430
maharashtra,palghar,2021,2,8085,145082
maharashtra,palghar,2021,3,8086,152632
maharashtra,palghar,2021,4,8087,160080
maharashtra,palghar,2022,1,8088,170350
maharashtra,palghar,2022,2,8089,177986
maharashtra,palghar,2022,3,8090,183292
maharashtra,palghar,2022,4,8091,187465
maharashtra,palghar,2023,1,8092,183279
maharashtra,palghar,2023,2,8093,186329
maharashtra,palghar,2023,3,8094,191021
maharashtra,palghar,2023,4,8095,194958
maharashtra,palghar,2024,1,8096,200325
maharashtra,palghar,2024,2,8097,204604
maharashtra,palghar,2024,3,8098,209618
maharashtra,palghar,2024,4,8099,214809
maharashtra,palghar,2025,1,8100,219873
maharashtra,palghar,2025,2,8101,223763
maharashtra,palghar,2025,3,8102,226722
maharashtra,palghar,2025,4,8103,229584
maharashtra,palghar,2026,1,8104,233121
maharashtra,palghar,2026,2,8105,236136
maharashtra,parbhani,2018,1,8072,2
maharashtra,parbhani,2018,2,8073,2
maharashtra,parbhani,2018,3,8074,22
maharashtra,parbhani,2018,4,8075,30
maharashtra,parbhani,2019,1,8076,168
maharashtra,parbhani,2019,2,8077,1730
maharashtra,parbhani,2019,3,8078,2453
maharashtra,parbhani,2019,4,8079,4604
maharashtra,parbhani,2020,1,8080,6736
maharashtra,parbhani,2020,2,8081,7451
maharashtra,parbhani,2020,3,8082,8643
maharashtra,parbhani,2020,4,8083,11790
maharashtra,parbhani,2021,1,8084,15769
maharashtra,parbhani,2021,2,8085,17755
maharashtra,parbhani,2021,3,8086,21408
maharashtra,parbhani,2021,4,8087,26016
maharashtra,parbhani,2022,1,8088,30016
maharashtra,parbhani,2022,2,8089,33078
maharashtra,parbhani,2022,3,8090,35540
maharashtra,parbhani,2022,4,8091,38384
maharashtra,parbhani,2023,1,8092,40373
maharashtra,parbhani,2023,2,8093,41200
maharashtra,parbhani,2023,3,8094,42303
maharashtra,parbhani,2023,4,8095,42855
maharashtra,parbhani,2024,1,8096,43449
maharashtra,parbhani,2024,2,8097,43789
maharashtra,parbhani,2024,3,8098,44077
maharashtra,parbhani,2024,4,8099,44733
maharashtra,parbhani,2025,1,8100,45317
maharashtra,parbhani,2025,2,8101,45903
maharashtra,parbhani,2025,3,8102,46494
maharashtra,parbhani,2025,4,8103,48068
maharashtra,parbhani,2026,1,8104,49547
maharashtra,parbhani,2026,2,8105,50831
maharashtra,pune,2018,1,8072,62
maharashtra,pune,2018,2,8073,637
maharashtra,pune,2018,3,8074,770
maharashtra,pune,2018,4,8075,7695
maharashtra,pune,2019,1,8076,89231
maharashtra,pune,2019,2,8077,200518
maharashtra,pune,2019,3,8078,281916
maharashtra,pune,2019,4,8079,348258
maharashtra,pune,2020,1,8080,405449
maharashtra,pune,2020,2,8081,421334
maharashtra,pune,2020,3,8082,486425
maharashtra,pune,2020,4,8083,565357
maharashtra,pune,2021,1,8084,626595
maharashtra,pune,2021,2,8085,652395
maharashtra,pune,2021,3,8086,697947
maharashtra,pune,2021,4,8087,743619
maharashtra,pune,2022,1,8088,801449
maharashtra,pune,2022,2,8089,851021
maharashtra,pune,2022,3,8090,881604
maharashtra,pune,2022,4,8091,909382
maharashtra,pune,2023,1,8092,900629
maharashtra,pune,2023,2,8093,921491
maharashtra,pune,2023,3,8094,949982
maharashtra,pune,2023,4,8095,980448
maharashtra,pune,2024,1,8096,1021949
maharashtra,pune,2024,2,8097,1050480
maharashtra,pune,2024,3,8098,1080668
maharashtra,pune,2024,4,8099,1109491
maharashtra,pune,2025,1,8100,1136584
maharashtra,pune,2025,2,8101,1160511
maharashtra,pune,2025,3,8102,1185788
maharashtra,pune,2025,4,8103,1215146
maharashtra,pune,2026,1,8104,1238659
maharashtra,pune,2026,2,8105,1261805
maharashtra,raigad,2018,1,8072,10
maharashtra,raigad,2018,2,8073,18
maharashtra,raigad,2018,3,8074,159
maharashtra,raigad,2018,4,8075,6803
maharashtra,raigad,2019,1,8076,19696
maharashtra,raigad,2019,2,8077,25217
maharashtra,raigad,2019,3,8078,30176
maharashtra,raigad,2019,4,8079,35596
maharashtra,raigad,2020,1,8080,40884
maharashtra,raigad,2020,2,8081,41946
maharashtra,raigad,2020,3,8082,46489
maharashtra,raigad,2020,4,8083,53193
maharashtra,raigad,2021,1,8084,60989
maharashtra,raigad,2021,2,8085,64047
maharashtra,raigad,2021,3,8086,69102
maharashtra,raigad,2021,4,8087,75943
maharashtra,raigad,2022,1,8088,82416
maharashtra,raigad,2022,2,8089,88904
maharashtra,raigad,2022,3,8090,91920
maharashtra,raigad,2022,4,8091,95044
maharashtra,raigad,2023,1,8092,95127
maharashtra,raigad,2023,2,8093,97179
maharashtra,raigad,2023,3,8094,100419
maharashtra,raigad,2023,4,8095,104185
maharashtra,raigad,2024,1,8096,110127
maharashtra,raigad,2024,2,8097,114401
maharashtra,raigad,2024,3,8098,118539
maharashtra,raigad,2024,4,8099,123460
maharashtra,raigad,2025,1,8100,128035
maharashtra,raigad,2025,2,8101,131566
maharashtra,raigad,2025,3,8102,134905
maharashtra,raigad,2025,4,8103,139018
maharashtra,raigad,2026,1,8104,142615
maharashtra,raigad,2026,2,8105,145090
maharashtra,ratnagiri,2018,4,8075,4
maharashtra,ratnagiri,2019,1,8076,47
maharashtra,ratnagiri,2019,2,8077,118
maharashtra,ratnagiri,2019,3,8078,201
maharashtra,ratnagiri,2019,4,8079,559
maharashtra,ratnagiri,2020,1,8080,697
maharashtra,ratnagiri,2020,2,8081,887
maharashtra,ratnagiri,2020,3,8082,1329
maharashtra,ratnagiri,2020,4,8083,2546
maharashtra,ratnagiri,2021,1,8084,3393
maharashtra,ratnagiri,2021,2,8085,3682
maharashtra,ratnagiri,2021,3,8086,4095
maharashtra,ratnagiri,2021,4,8087,6080
maharashtra,ratnagiri,2022,1,8088,7543
maharashtra,ratnagiri,2022,2,8089,8313
maharashtra,ratnagiri,2022,3,8090,8908
maharashtra,ratnagiri,2022,4,8091,9280
maharashtra,ratnagiri,2023,1,8092,9482
maharashtra,ratnagiri,2023,2,8093,9739
maharashtra,ratnagiri,2023,3,8094,10068
maharashtra,ratnagiri,2023,4,8095,10469
maharashtra,ratnagiri,2024,1,8096,10877
maharashtra,ratnagiri,2024,2,8097,11531
maharashtra,ratnagiri,2024,3,8098,12014
maharashtra,ratnagiri,2024,4,8099,12440
maharashtra,ratnagiri,2025,1,8100,12697
maharashtra,ratnagiri,2025,2,8101,13001
maharashtra,ratnagiri,2025,3,8102,13255
maharashtra,ratnagiri,2025,4,8103,13533
maharashtra,ratnagiri,2026,1,8104,13798
maharashtra,ratnagiri,2026,2,8105,14161
maharashtra,sangli,2018,3,8074,3
maharashtra,sangli,2018,4,8075,15
maharashtra,sangli,2019,1,8076,194
maharashtra,sangli,2019,2,8077,1485
maharashtra,sangli,2019,3,8078,5374
maharashtra,sangli,2019,4,8079,7877
maharashtra,sangli,2020,1,8080,9780
maharashtra,sangli,2020,2,8081,10623
maharashtra,sangli,2020,3,8082,14137
maharashtra,sangli,2020,4,8083,20230
maharashtra,sangli,2021,1,8084,26863
maharashtra,sangli,2021,2,8085,29289
maharashtra,sangli,2021,3,8086,35535
maharashtra,sangli,2021,4,8087,43866
maharashtra,sangli,2022,1,8088,52053
maharashtra,sangli,2022,2,8089,56163
maharashtra,sangli,2022,3,8090,59503
maharashtra,sangli,2022,4,8091,63414
maharashtra,sangli,2023,1,8092,65090
maharashtra,sangli,2023,2,8093,66049
maharashtra,sangli,2023,3,8094,68303
maharashtra,sangli,2023,4,8095,71078
maharashtra,sangli,2024,1,8096,73701
maharashtra,sangli,2024,2,8097,75665
maharashtra,sangli,2024,3,8098,77203
maharashtra,sangli,2024,4,8099,78941
maharashtra,sangli,2025,1,8100,80682
maharashtra,sangli,2025,2,8101,81962
maharashtra,sangli,2025,3,8102,83079
maharashtra,sangli,2025,4,8103,84401
maharashtra,sangli,2026,1,8104,85693
maharashtra,sangli,2026,2,8105,86833
maharashtra,satara,2018,2,8073,1
maharashtra,satara,2018,3,8074,7
maharashtra,satara,2018,4,8075,36
maharashtra,satara,2019,1,8076,455
maharashtra,satara,2019,2,8077,2781
maharashtra,satara,2019,3,8078,4057
maharashtra,satara,2019,4,8079,6725
maharashtra,satara,2020,1,8080,9305
maharashtra,satara,2020,2,8081,10272
maharashtra,satara,2020,3,8082,12213
maharashtra,satara,2020,4,8083,18550
maharashtra,satara,2021,1,8084,25642
maharashtra,satara,2021,2,8085,27864
maharashtra,satara,2021,3,8086,35910
maharashtra,satara,2021,4,8087,43207
maharashtra,satara,2022,1,8088,50086
maharashtra,satara,2022,2,8089,54913
maharashtra,satara,2022,3,8090,58484
maharashtra,satara,2022,4,8091,62052
maharashtra,satara,2023,1,8092,64382
maharashtra,satara,2023,2,8093,66407
maharashtra,satara,2023,3,8094,68975
maharashtra,satara,2023,4,8095,71511
maharashtra,satara,2024,1,8096,73654
maharashtra,satara,2024,2,8097,75622
maharashtra,satara,2024,3,8098,77129
maharashtra,satara,2024,4,8099,78494
maharashtra,satara,2025,1,8100,80089
maharashtra,satara,2025,2,8101,81363
maharashtra,satara,2025,3,8102,82725
maharashtra,satara,2025,4,8103,84837
maharashtra,satara,2026,1,8104,87196
maharashtra,satara,2026,2,8105,89747
maharashtra,sindhudurg,2018,4,8075,1
maharashtra,sindhudurg,2019,1,8076,39
maharashtra,sindhudurg,2019,2,8077,67
maharashtra,sindhudurg,2019,3,8078,128
maharashtra,sindhudurg,2019,4,8079,167
maharashtra,sindhudurg,2020,1,8080,348
maharashtra,sindhudurg,2020,2,8081,381
maharashtra,sindhudurg,2020,3,8082,417
maharashtra,sindhudurg,2020,4,8083,2323
maharashtra,sindhudurg,2021,1,8084,2705
maharashtra,sindhudurg,2021,2,8085,2877
maharashtra,sindhudurg,2021,3,8086,3011
maharashtra,sindhudurg,2021,4,8087,3305
maharashtra,sindhudurg,2022,1,8088,3526
maharashtra,sindhudurg,2022,2,8089,3821
maharashtra,sindhudurg,2022,3,8090,4057
maharashtra,sindhudurg,2022,4,8091,4302
maharashtra,sindhudurg,2023,1,8092,4669
maharashtra,sindhudurg,2023,2,8093,5338
maharashtra,sindhudurg,2023,3,8094,5797
maharashtra,sindhudurg,2023,4,8095,6223
maharashtra,sindhudurg,2024,1,8096,6690
maharashtra,sindhudurg,2024,2,8097,7204
maharashtra,sindhudurg,2024,3,8098,7613
maharashtra,sindhudurg,2024,4,8099,7940
maharashtra,sindhudurg,2025,1,8100,8079
maharashtra,sindhudurg,2025,2,8101,8249
maharashtra,sindhudurg,2025,3,8102,8415
maharashtra,sindhudurg,2025,4,8103,8662
maharashtra,sindhudurg,2026,1,8104,8917
maharashtra,sindhudurg,2026,2,8105,9275
maharashtra,solapur,2018,1,8072,1
maharashtra,solapur,2018,2,8073,20
maharashtra,solapur,2018,3,8074,407
maharashtra,solapur,2018,4,8075,427
maharashtra,solapur,2019,1,8076,3504
maharashtra,solapur,2019,2,8077,14671
maharashtra,solapur,2019,3,8078,25252
maharashtra,solapur,2019,4,8079,32387
maharashtra,solapur,2020,1,8080,36554
maharashtra,solapur,2020,2,8081,37800
maharashtra,solapur,2020,3,8082,41835
maharashtra,solapur,2020,4,8083,52219
maharashtra,solapur,2021,1,8084,63141
maharashtra,solapur,2021,2,8085,67209
maharashtra,solapur,2021,3,8086,76320
maharashtra,solapur,2021,4,8087,91777
maharashtra,solapur,2022,1,8088,105007
maharashtra,solapur,2022,2,8089,113811
maharashtra,solapur,2022,3,8090,120805
maharashtra,solapur,2022,4,8091,126696
maharashtra,solapur,2023,1,8092,130084
maharashtra,solapur,2023,2,8093,132284
maharashtra,solapur,2023,3,8094,135842
maharashtra,solapur,2023,4,8095,140637
maharashtra,solapur,2024,1,8096,145317
maharashtra,solapur,2024,2,8097,149080
maharashtra,solapur,2024,3,8098,153553
maharashtra,solapur,2024,4,8099,157219
maharashtra,solapur,2025,1,8100,160733
maharashtra,solapur,2025,2,8101,163943
maharashtra,solapur,2025,3,8102,167057
maharashtra,solapur,2025,4,8103,171693
maharashtra,solapur,2026,1,8104,174751
maharashtra,solapur,2026,2,8105,178647
maharashtra,thane,2018,1,8072,306
maharashtra,thane,2018,2,8073,1097
maharashtra,thane,2018,3,8074,6486
maharashtra,thane,2018,4,8075,60901
maharashtra,thane,2019,1,8076,156777
maharashtra,thane,2019,2,8077,196824
maharashtra,thane,2019,3,8078,234828
maharashtra,thane,2019,4,8079,276967
maharashtra,thane,2020,1,8080,317884
maharashtra,thane,2020,2,8081,323919
maharashtra,thane,2020,3,8082,348391
maharashtra,thane,2020,4,8083,383833
maharashtra,thane,2021,1,8084,417047
maharashtra,thane,2021,2,8085,430548
maharashtra,thane,2021,3,8086,453949
maharashtra,thane,2021,4,8087,483422
maharashtra,thane,2022,1,8088,516043
maharashtra,thane,2022,2,8089,542129
maharashtra,thane,2022,3,8090,556446
maharashtra,thane,2022,4,8091,568313
maharashtra,thane,2023,1,8092,561283
maharashtra,thane,2023,2,8093,569785
maharashtra,thane,2023,3,8094,584597
maharashtra,thane,2023,4,8095,598854
maharashtra,thane,2024,1,8096,619717
maharashtra,thane,2024,2,8097,635673
maharashtra,thane,2024,3,8098,652226
maharashtra,thane,2024,4,8099,668416
maharashtra,thane,2025,1,8100,684682
maharashtra,thane,2025,2,8101,697157
maharashtra,thane,2025,3,8102,708386
maharashtra,thane,2025,4,8103,719889
maharashtra,thane,2026,1,8104,731708
maharashtra,thane,2026,2,8105,741350
maharashtra,wardha,2018,2,8073,1
maharashtra,wardha,2018,3,8074,32
maharashtra,wardha,2018,4,8075,70
maharashtra,wardha,2019,1,8076,886
maharashtra,wardha,2019,2,8077,1490
maharashtra,wardha,2019,3,8078,1833
maharashtra,wardha,2019,4,8079,2050
maharashtra,wardha,2020,1,8080,2291
maharashtra,wardha,2020,2,8081,2366
maharashtra,wardha,2020,3,8082,4151
maharashtra,wardha,2020,4,8083,9958
maharashtra,wardha,2021,1,8084,13039
maharashtra,wardha,2021,2,8085,13892
maharashtra,wardha,2021,3,8086,16287
maharashtra,wardha,2021,4,8087,18475
maharashtra,wardha,2022,1,8088,20333
maharashtra,wardha,2022,2,8089,21874
maharashtra,wardha,2022,3,8090,23258
maharashtra,wardha,2022,4,8091,24669
maharashtra,wardha,2023,1,8092,25093
maharashtra,wardha,2023,2,8093,25519
maharashtra,wardha,2023,3,8094,25813
maharashtra,wardha,2023,4,8095,26179
maharashtra,wardha,2024,1,8096,26567
maharashtra,wardha,2024,2,8097,27049
maharashtra,wardha,2024,3,8098,27294
maharashtra,wardha,2024,4,8099,27742
maharashtra,wardha,2025,1,8100,28123
maharashtra,wardha,2025,2,8101,28589
maharashtra,wardha,2025,3,8102,28930
maharashtra,wardha,2025,4,8103,29792
maharashtra,wardha,2026,1,8104,30470
maharashtra,wardha,2026,2,8105,31148
maharashtra,washim,2018,3,8074,4
maharashtra,washim,2018,4,8075,13
maharashtra,washim,2019,1,8076,93
maharashtra,washim,2019,2,8077,645
maharashtra,washim,2019,3,8078,1007
maharashtra,washim,2019,4,8079,1569
maharashtra,washim,2020,1,8080,2251
maharashtra,washim,2020,2,8081,2341
maharashtra,washim,2020,3,8082,3085
maharashtra,washim,2020,4,8083,6447
maharashtra,washim,2021,1,8084,8864
maharashtra,washim,2021,2,8085,9733
maharashtra,washim,2021,3,8086,12185
maharashtra,washim,2021,4,8087,15564
maharashtra,washim,2022,1,8088,18102
maharashtra,washim,2022,2,8089,19590
maharashtra,washim,2022,3,8090,21011
maharashtra,washim,2022,4,8091,22565
maharashtra,washim,2023,1,8092,23611
maharashtra,washim,2023,2,8093,24370
maharashtra,washim,2023,3,8094,25562
maharashtra,washim,2023,4,8095,26139
maharashtra,washim,2024,1,8096,27544
maharashtra,washim,2024,2,8097,28466
maharashtra,washim,2024,3,8098,29564
maharashtra,washim,2024,4,8099,30641
maharashtra,washim,2025,1,8100,31530
maharashtra,washim,2025,2,8101,32012
maharashtra,washim,2025,3,8102,32684
maharashtra,washim,2025,4,8103,33407
maharashtra,washim,2026,1,8104,34183
maharashtra,washim,2026,2,8105,34770
maharashtra,yavatmal,2018,1,8072,5
maharashtra,yavatmal,2018,2,8073,9
maharashtra,yavatmal,2018,3,8074,30
maharashtra,yavatmal,2018,4,8075,39
maharashtra,yavatmal,2019,1,8076,150
maharashtra,yavatmal,2019,2,8077,626
maharashtra,yavatmal,2019,3,8078,918
maharashtra,yavatmal,2019,4,8079,1241
maharashtra,yavatmal,2020,1,8080,1831
maharashtra,yavatmal,2020,2,8081,2004
maharashtra,yavatmal,2020,3,8082,2976
maharashtra,yavatmal,2020,4,8083,7927
maharashtra,yavatmal,2021,1,8084,12630
maharashtra,yavatmal,2021,2,8085,15345
maharashtra,yavatmal,2021,3,8086,19590
maharashtra,yavatmal,2021,4,8087,23783
maharashtra,yavatmal,2022,1,8088,27730
maharashtra,yavatmal,2022,2,8089,29984
maharashtra,yavatmal,2022,3,8090,31544
maharashtra,yavatmal,2022,4,8091,33469
maharashtra,yavatmal,2023,1,8092,34521
maharashtra,yavatmal,2023,2,8093,35359
maharashtra,yavatmal,2023,3,8094,36544
maharashtra,yavatmal,2023,4,8095,38247
maharashtra,yavatmal,2024,1,8096,39839
maharashtra,yavatmal,2024,2,8097,40912
maharashtra,yavatmal,2024,3,8098,42219
maharashtra,yavatmal,2024,4,8099,43786
maharashtra,yavatmal,2025,1,8100,45144
maharashtra,yavatmal,2025,2,8101,46186
maharashtra,yavatmal,2025,3,8102,47280
maharashtra,yavatmal,2025,4,8103,49628
maharashtra,yavatmal,2026,1,8104,51214
maharashtra,yavatmal,2026,2,8105,52956
manipur,bishnupur,2019,1,8076,10
manipur,bishnupur,2019,2,8077,31
manipur,bishnupur,2019,3,8078,45
manipur,bishnupur,2019,4,8079,57
manipur,bishnupur,2020,1,8080,60
manipur,bishnupur,2020,2,8081,62
manipur,bishnupur,2020,3,8082,64
manipur,bishnupur,2020,4,8083,71
manipur,bishnupur,2021,1,8084,80
manipur,bishnupur,2021,2,8085,89
manipur,bishnupur,2021,3,8086,95
manipur,bishnupur,2021,4,8087,113
manipur,bishnupur,2022,1,8088,132
manipur,bishnupur,2022,2,8089,153
manipur,bishnupur,2022,3,8090,170
manipur,bishnupur,2022,4,8091,225
manipur,bishnupur,2023,1,8092,1036
manipur,bishnupur,2023,2,8093,1253
manipur,bishnupur,2023,3,8094,1253
manipur,bishnupur,2023,4,8095,1368
manipur,bishnupur,2024,1,8096,2012
manipur,bishnupur,2024,2,8097,2403
manipur,bishnupur,2024,3,8098,2762
manipur,bishnupur,2024,4,8099,3020
manipur,bishnupur,2025,1,8100,3359
manipur,bishnupur,2025,2,8101,3720
manipur,bishnupur,2025,3,8102,4092
manipur,bishnupur,2025,4,8103,4407
manipur,bishnupur,2026,1,8104,4703
manipur,bishnupur,2026,2,8105,4865
manipur,chandel,2019,1,8076,1
manipur,chandel,2019,2,8077,2
manipur,chandel,2019,3,8078,2
manipur,chandel,2019,4,8079,3
manipur,chandel,2020,1,8080,4
manipur,chandel,2020,2,8081,5
manipur,chandel,2020,3,8082,5
manipur,chandel,2020,4,8083,6
manipur,chandel,2021,1,8084,6
manipur,chandel,2021,2,8085,8
manipur,chandel,2021,3,8086,8
manipur,chandel,2021,4,8087,9
manipur,chandel,2022,1,8088,11
manipur,chandel,2022,2,8089,14
manipur,chandel,2022,3,8090,16
manipur,chandel,2022,4,8091,18
manipur,chandel,2023,1,8092,19
manipur,chandel,2023,2,8093,30
manipur,chandel,2023,3,8094,30
manipur,chandel,2023,4,8095,30
manipur,chandel,2024,1,8096,30
manipur,chandel,2024,2,8097,31
manipur,chandel,2024,3,8098,31
manipur,chandel,2024,4,8099,31
manipur,chandel,2025,1,8100,31
manipur,chandel,2025,2,8101,51
manipur,chandel,2025,3,8102,61
manipur,chandel,2025,4,8103,86
manipur,chandel,2026,1,8104,100
manipur,chandel,2026,2,8105,114
manipur,churachandpur,2018,4,8075,1
manipur,churachandpur,2019,1,8076,2
manipur,churachandpur,2019,2,8077,6
manipur,churachandpur,2019,3,8078,13
manipur,churachandpur,2019,4,8079,17
manipur,churachandpur,2020,1,8080,27
manipur,churachandpur,2020,2,8081,33
manipur,churachandpur,2020,3,8082,34
manipur,churachandpur,2020,4,8083,41
manipur,churachandpur,2021,1,8084,46
manipur,churachandpur,2021,2,8085,54
manipur,churachandpur,2021,3,8086,63
manipur,churachandpur,2021,4,8087,76
manipur,churachandpur,2022,1,8088,93
manipur,churachandpur,2022,2,8089,104
manipur,churachandpur,2022,3,8090,115
manipur,churachandpur,2022,4,8091,126
manipur,churachandpur,2023,1,8092,145
manipur,churachandpur,2023,2,8093,146
manipur,churachandpur,2023,3,8094,146
manipur,churachandpur,2023,4,8095,146
manipur,churachandpur,2024,1,8096,144
manipur,churachandpur,2024,2,8097,145
manipur,churachandpur,2024,3,8098,146
manipur,churachandpur,2024,4,8099,147
manipur,churachandpur,2025,1,8100,150
manipur,churachandpur,2025,2,8101,218
manipur,churachandpur,2025,3,8102,870
manipur,churachandpur,2025,4,8103,1460
manipur,churachandpur,2026,1,8104,1788
manipur,churachandpur,2026,2,8105,2119
manipur,imphal east,2019,1,8076,10
manipur,imphal east,2019,2,8077,26
manipur,imphal east,2019,3,8078,53
manipur,imphal east,2019,4,8079,67
manipur,imphal east,2020,1,8080,86
manipur,imphal east,2020,2,8081,101
manipur,imphal east,2020,3,8082,108
manipur,imphal east,2020,4,8083,118
manipur,imphal east,2021,1,8084,128
manipur,imphal east,2021,2,8085,186
manipur,imphal east,2021,3,8086,209
manipur,imphal east,2021,4,8087,237
manipur,imphal east,2022,1,8088,267
manipur,imphal east,2022,2,8089,304
manipur,imphal east,2022,3,8090,333
manipur,imphal east,2022,4,8091,553
manipur,imphal east,2023,1,8092,1197
manipur,imphal east,2023,2,8093,1309
manipur,imphal east,2023,3,8094,1309
manipur,imphal east,2023,4,8095,1415
manipur,imphal east,2024,1,8096,1962
manipur,imphal east,2024,2,8097,2333
manipur,imphal east,2024,3,8098,2826
manipur,imphal east,2024,4,8099,3258
manipur,imphal east,2025,1,8100,3893
manipur,imphal east,2025,2,8101,4307
manipur,imphal east,2025,3,8102,5125
manipur,imphal east,2025,4,8103,5720
manipur,imphal east,2026,1,8104,6320
manipur,imphal east,2026,2,8105,6579
manipur,imphal west,2019,1,8076,20
manipur,imphal west,2019,2,8077,46
manipur,imphal west,2019,3,8078,62
manipur,imphal west,2019,4,8079,83
manipur,imphal west,2020,1,8080,102
manipur,imphal west,2020,2,8081,121
manipur,imphal west,2020,3,8082,132
manipur,imphal west,2020,4,8083,156
manipur,imphal west,2021,1,8084,176
manipur,imphal west,2021,2,8085,291
manipur,imphal west,2021,3,8086,335
manipur,imphal west,2021,4,8087,385
manipur,imphal west,2022,1,8088,442
manipur,imphal west,2022,2,8089,491
manipur,imphal west,2022,3,8090,559
manipur,imphal west,2022,4,8091,904
manipur,imphal west,2023,1,8092,2288
manipur,imphal west,2023,2,8093,2692
manipur,imphal west,2023,3,8094,2698
manipur,imphal west,2023,4,8095,2982
manipur,imphal west,2024,1,8096,4181
manipur,imphal west,2024,2,8097,4742
manipur,imphal west,2024,3,8098,5654
manipur,imphal west,2024,4,8099,6663
manipur,imphal west,2025,1,8100,7823
manipur,imphal west,2025,2,8101,8786
manipur,imphal west,2025,3,8102,10204
manipur,imphal west,2025,4,8103,11360
manipur,imphal west,2026,1,8104,12347
manipur,imphal west,2026,2,8105,12915
manipur,jiribam,2019,2,8077,1
manipur,jiribam,2019,3,8078,2
manipur,jiribam,2019,4,8079,3
manipur,jiribam,2020,1,8080,7
manipur,jiribam,2020,2,8081,10
manipur,jiribam,2020,3,8082,13
manipur,jiribam,2020,4,8083,16
manipur,jiribam,2021,1,8084,17
manipur,jiribam,2021,2,8085,19
manipur,jiribam,2021,3,8086,34
manipur,jiribam,2021,4,8087,54
manipur,jiribam,2022,1,8088,105
manipur,jiribam,2022,2,8089,113
manipur,jiribam,2022,3,8090,119
manipur,jiribam,2022,4,8091,129
manipur,jiribam,2023,1,8092,143
manipur,jiribam,2023,2,8093,156
manipur,jiribam,2023,3,8094,164
manipur,jiribam,2023,4,8095,168
manipur,jiribam,2024,1,8096,198
manipur,jiribam,2024,2,8097,226
manipur,jiribam,2024,3,8098,252
manipur,jiribam,2024,4,8099,278
manipur,jiribam,2025,1,8100,331
manipur,jiribam,2025,2,8101,365
manipur,jiribam,2025,3,8102,394
manipur,jiribam,2025,4,8103,416
manipur,jiribam,2026,1,8104,427
manipur,jiribam,2026,2,8105,437
manipur,kakching,2019,1,8076,1
manipur,kakching,2019,2,8077,6
manipur,kakching,2019,3,8078,13
manipur,kakching,2019,4,8079,14
manipur,kakching,2020,1,8080,19
manipur,kakching,2020,2,8081,21
manipur,kakching,2020,3,8082,22
manipur,kakching,2020,4,8083,25
manipur,kakching,2021,1,8084,27
manipur,kakching,2021,2,8085,38
manipur,kakching,2021,3,8086,48
manipur,kakching,2021,4,8087,67
manipur,kakching,2022,1,8088,82
manipur,kakching,2022,2,8089,92
manipur,kakching,2022,3,8090,93
manipur,kakching,2022,4,8091,104
manipur,kakching,2023,1,8092,264
manipur,kakching,2023,2,8093,357
manipur,kakching,2023,3,8094,357
manipur,kakching,2023,4,8095,467
manipur,kakching,2024,1,8096,624
manipur,kakching,2024,2,8097,656
manipur,kakching,2024,3,8098,714
manipur,kakching,2024,4,8099,748
manipur,kakching,2025,1,8100,797
manipur,kakching,2025,2,8101,865
manipur,kakching,2025,3,8102,975
manipur,kakching,2025,4,8103,1229
manipur,kakching,2026,1,8104,1321
manipur,kakching,2026,2,8105,1379
manipur,kamjong,2019,1,8076,2
manipur,kamjong,2019,2,8077,4
manipur,kamjong,2019,3,8078,5
manipur,kamjong,2019,4,8079,6
manipur,kamjong,2020,1,8080,7
manipur,kamjong,2020,2,8081,7
manipur,kamjong,2020,3,8082,7
manipur,kamjong,2020,4,8083,7
manipur,kamjong,2021,1,8084,7
manipur,kamjong,2021,2,8085,7
manipur,kamjong,2021,3,8086,7
manipur,kamjong,2021,4,8087,7
manipur,kamjong,2022,1,8088,7
manipur,kamjong,2022,2,8089,8
manipur,kamjong,2022,3,8090,8
manipur,kamjong,2022,4,8091,8
manipur,kamjong,2023,1,8092,8
manipur,kamjong,2023,2,8093,8
manipur,kamjong,2023,3,8094,8
manipur,kamjong,2023,4,8095,8
manipur,kamjong,2024,1,8096,8
manipur,kamjong,2024,2,8097,8
manipur,kamjong,2024,3,8098,8
manipur,kamjong,2024,4,8099,8
manipur,kamjong,2025,1,8100,8
manipur,kamjong,2025,2,8101,8
manipur,kamjong,2025,3,8102,8
manipur,kamjong,2025,4,8103,8
manipur,kamjong,2026,1,8104,9
manipur,kamjong,2026,2,8105,9
manipur,kangpokpi,2019,3,8078,1
manipur,kangpokpi,2019,4,8079,2
manipur,kangpokpi,2020,1,8080,7
manipur,kangpokpi,2020,2,8081,8
manipur,kangpokpi,2020,3,8082,8
manipur,kangpokpi,2020,4,8083,10
manipur,kangpokpi,2021,1,8084,12
manipur,kangpokpi,2021,2,8085,15
manipur,kangpokpi,2021,3,8086,21
manipur,kangpokpi,2021,4,8087,26
manipur,kangpokpi,2022,1,8088,31
manipur,kangpokpi,2022,2,8089,42
manipur,kangpokpi,2022,3,8090,50
manipur,kangpokpi,2022,4,8091,62
manipur,kangpokpi,2023,1,8092,71
manipur,kangpokpi,2023,2,8093,74
manipur,kangpokpi,2023,3,8094,74
manipur,kangpokpi,2023,4,8095,74
manipur,kangpokpi,2024,1,8096,74
manipur,kangpokpi,2024,2,8097,75
manipur,kangpokpi,2024,3,8098,84
manipur,kangpokpi,2024,4,8099,99
manipur,kangpokpi,2025,1,8100,129
manipur,kangpokpi,2025,2,8101,142
manipur,kangpokpi,2025,3,8102,160
manipur,kangpokpi,2025,4,8103,179
manipur,kangpokpi,2026,1,8104,193
manipur,kangpokpi,2026,2,8105,228
manipur,noney,2019,3,8078,3
manipur,noney,2019,4,8079,3
manipur,noney,2020,1,8080,6
manipur,noney,2020,2,8081,6
manipur,noney,2020,3,8082,6
manipur,noney,2020,4,8083,6
manipur,noney,2021,1,8084,7
manipur,noney,2021,2,8085,7
manipur,noney,2021,3,8086,9
manipur,noney,2021,4,8087,11
manipur,noney,2022,1,8088,13
manipur,noney,2022,2,8089,14
manipur,noney,2022,3,8090,18
manipur,noney,2022,4,8091,19
manipur,noney,2023,1,8092,19
manipur,noney,2023,2,8093,19
manipur,noney,2023,3,8094,19
manipur,noney,2023,4,8095,19
manipur,noney,2024,1,8096,19
manipur,noney,2024,2,8097,19
manipur,noney,2024,3,8098,19
manipur,noney,2024,4,8099,19
manipur,noney,2025,1,8100,19
manipur,noney,2025,2,8101,19
manipur,noney,2025,3,8102,19
manipur,noney,2025,4,8103,21
manipur,noney,2026,1,8104,21
manipur,noney,2026,2,8105,22
manipur,pherzawl,2020,4,8083,1
manipur,pherzawl,2021,1,8084,1
manipur,pherzawl,2021,2,8085,1
manipur,pherzawl,2021,3,8086,3
manipur,pherzawl,2021,4,8087,3
manipur,pherzawl,2022,1,8088,3
manipur,pherzawl,2022,2,8089,4
manipur,pherzawl,2022,3,8090,4
manipur,pherzawl,2022,4,8091,4
manipur,pherzawl,2023,1,8092,4
manipur,pherzawl,2023,2,8093,4
manipur,pherzawl,2023,3,8094,4
manipur,pherzawl,2023,4,8095,3
manipur,pherzawl,2024,1,8096,3
manipur,pherzawl,2024,2,8097,3
manipur,pherzawl,2024,3,8098,3
manipur,pherzawl,2024,4,8099,3
manipur,pherzawl,2025,1,8100,3
manipur,pherzawl,2025,2,8101,3
manipur,pherzawl,2025,3,8102,3
manipur,pherzawl,2025,4,8103,3
manipur,pherzawl,2026,1,8104,3
manipur,pherzawl,2026,2,8105,3
manipur,senapati,2019,2,8077,3
manipur,senapati,2019,3,8078,5
manipur,senapati,2019,4,8079,8
manipur,senapati,2020,1,8080,10
manipur,senapati,2020,2,8081,10
manipur,senapati,2020,3,8082,11
manipur,senapati,2020,4,8083,13
manipur,senapati,2021,1,8084,14
manipur,senapati,2021,2,8085,16
manipur,senapati,2021,3,8086,21
manipur,senapati,2021,4,8087,27
manipur,senapati,2022,1,8088,34
manipur,senapati,2022,2,8089,41
manipur,senapati,2022,3,8090,48
manipur,senapati,2022,4,8091,51
manipur,senapati,2023,1,8092,87
manipur,senapati,2023,2,8093,87
manipur,senapati,2023,3,8094,87
manipur,senapati,2023,4,8095,87
manipur,senapati,2024,1,8096,87
manipur,senapati,2024,2,8097,87
manipur,senapati,2024,3,8098,141
manipur,senapati,2024,4,8099,277
manipur,senapati,2025,1,8100,353
manipur,senapati,2025,2,8101,428
manipur,senapati,2025,3,8102,649
manipur,senapati,2025,4,8103,875
manipur,senapati,2026,1,8104,969
manipur,senapati,2026,2,8105,1023
manipur,tamenglong,2019,4,8079,2
manipur,tamenglong,2020,1,8080,4
manipur,tamenglong,2020,2,8081,7
manipur,tamenglong,2020,3,8082,8
manipur,tamenglong,2020,4,8083,8
manipur,tamenglong,2021,1,8084,8
manipur,tamenglong,2021,2,8085,10
manipur,tamenglong,2021,3,8086,12
manipur,tamenglong,2021,4,8087,12
manipur,tamenglong,2022,1,8088,13
manipur,tamenglong,2022,2,8089,15
manipur,tamenglong,2022,3,8090,16
manipur,tamenglong,2022,4,8091,18
manipur,tamenglong,2023,1,8092,18
manipur,tamenglong,2023,2,8093,18
manipur,tamenglong,2023,3,8094,18
manipur,tamenglong,2023,4,8095,18
manipur,tamenglong,2024,1,8096,18
manipur,tamenglong,2024,2,8097,18
manipur,tamenglong,2024,3,8098,19
manipur,tamenglong,2024,4,8099,19
manipur,tamenglong,2025,1,8100,19
manipur,tamenglong,2025,2,8101,19
manipur,tamenglong,2025,3,8102,19
manipur,tamenglong,2025,4,8103,39
manipur,tamenglong,2026,1,8104,69
manipur,tamenglong,2026,2,8105,97
manipur,tengnoupal,2019,3,8078,1
manipur,tengnoupal,2019,4,8079,2
manipur,tengnoupal,2020,1,8080,3
manipur,tengnoupal,2020,2,8081,8
manipur,tengnoupal,2020,3,8082,8
manipur,tengnoupal,2020,4,8083,9
manipur,tengnoupal,2021,1,8084,9
manipur,tengnoupal,2021,2,8085,10
manipur,tengnoupal,2021,3,8086,10
manipur,tengnoupal,2021,4,8087,13
manipur,tengnoupal,2022,1,8088,14
manipur,tengnoupal,2022,2,8089,14
manipur,tengnoupal,2022,3,8090,15
manipur,tengnoupal,2022,4,8091,17
manipur,tengnoupal,2023,1,8092,17
manipur,tengnoupal,2023,2,8093,18
manipur,tengnoupal,2023,3,8094,18
manipur,tengnoupal,2023,4,8095,18
manipur,tengnoupal,2024,1,8096,18
manipur,tengnoupal,2024,2,8097,18
manipur,tengnoupal,2024,3,8098,18
manipur,tengnoupal,2024,4,8099,18
manipur,tengnoupal,2025,1,8100,31
manipur,tengnoupal,2025,2,8101,57
manipur,tengnoupal,2025,3,8102,79
manipur,tengnoupal,2025,4,8103,110
manipur,tengnoupal,2026,1,8104,125
manipur,tengnoupal,2026,2,8105,153
manipur,thoubal,2018,4,8075,2
manipur,thoubal,2019,1,8076,12
manipur,thoubal,2019,2,8077,37
manipur,thoubal,2019,3,8078,57
manipur,thoubal,2019,4,8079,81
manipur,thoubal,2020,1,8080,87
manipur,thoubal,2020,2,8081,111
manipur,thoubal,2020,3,8082,118
manipur,thoubal,2020,4,8083,138
manipur,thoubal,2021,1,8084,159
manipur,thoubal,2021,2,8085,215
manipur,thoubal,2021,3,8086,255
manipur,thoubal,2021,4,8087,289
manipur,thoubal,2022,1,8088,318
manipur,thoubal,2022,2,8089,360
manipur,thoubal,2022,3,8090,401
manipur,thoubal,2022,4,8091,465
manipur,thoubal,2023,1,8092,542
manipur,thoubal,2023,2,8093,634
manipur,thoubal,2023,3,8094,634
manipur,thoubal,2023,4,8095,709
manipur,thoubal,2024,1,8096,1052
manipur,thoubal,2024,2,8097,1234
manipur,thoubal,2024,3,8098,1501
manipur,thoubal,2024,4,8099,1701
manipur,thoubal,2025,1,8100,1953
manipur,thoubal,2025,2,8101,2338
manipur,thoubal,2025,3,8102,2895
manipur,thoubal,2025,4,8103,3752
manipur,thoubal,2026,1,8104,4235
manipur,thoubal,2026,2,8105,4424
manipur,ukhrul,2019,1,8076,1
manipur,ukhrul,2019,2,8077,3
manipur,ukhrul,2019,3,8078,7
manipur,ukhrul,2019,4,8079,10
manipur,ukhrul,2020,1,8080,12
manipur,ukhrul,2020,2,8081,13
manipur,ukhrul,2020,3,8082,13
manipur,ukhrul,2020,4,8083,13
manipur,ukhrul,2021,1,8084,17
manipur,ukhrul,2021,2,8085,22
manipur,ukhrul,2021,3,8086,24
manipur,ukhrul,2021,4,8087,27
manipur,ukhrul,2022,1,8088,27
manipur,ukhrul,2022,2,8089,30
manipur,ukhrul,2022,3,8090,31
manipur,ukhrul,2022,4,8091,39
manipur,ukhrul,2023,1,8092,42
manipur,ukhrul,2023,2,8093,43
manipur,ukhrul,2023,3,8094,43
manipur,ukhrul,2023,4,8095,43
manipur,ukhrul,2024,1,8096,44
manipur,ukhrul,2024,2,8097,44
manipur,ukhrul,2024,3,8098,44
manipur,ukhrul,2024,4,8099,45
manipur,ukhrul,2025,1,8100,45
manipur,ukhrul,2025,2,8101,56
manipur,ukhrul,2025,3,8102,67
manipur,ukhrul,2025,4,8103,69
manipur,ukhrul,2026,1,8104,82
manipur,ukhrul,2026,2,8105,89
meghalaya,east garo hills,2019,2,8077,1
meghalaya,east garo hills,2019,3,8078,4
meghalaya,east garo hills,2019,4,8079,8
meghalaya,east garo hills,2020,1,8080,11
meghalaya,east garo hills,2020,2,8081,12
meghalaya,east garo hills,2020,3,8082,12
meghalaya,east garo hills,2020,4,8083,13
meghalaya,east garo hills,2021,1,8084,15
meghalaya,east garo hills,2021,2,8085,17
meghalaya,east garo hills,2021,3,8086,22
meghalaya,east garo hills,2021,4,8087,29
meghalaya,east garo hills,2022,1,8088,46
meghalaya,east garo hills,2022,2,8089,58
meghalaya,east garo hills,2022,3,8090,71
meghalaya,east garo hills,2022,4,8091,75
meghalaya,east garo hills,2023,1,8092,78
meghalaya,east garo hills,2023,2,8093,79
meghalaya,east garo hills,2023,3,8094,81
meghalaya,east garo hills,2023,4,8095,88
meghalaya,east garo hills,2024,1,8096,90
meghalaya,east garo hills,2024,2,8097,90
meghalaya,east garo hills,2024,3,8098,136
meghalaya,east garo hills,2024,4,8099,181
meghalaya,east garo hills,2025,1,8100,186
meghalaya,east garo hills,2025,2,8101,186
meghalaya,east garo hills,2025,3,8102,211
meghalaya,east garo hills,2025,4,8103,364
meghalaya,east garo hills,2026,1,8104,514
meghalaya,east garo hills,2026,2,8105,633
meghalaya,east jaintia hills,2019,1,8076,1
meghalaya,east jaintia hills,2019,2,8077,3
meghalaya,east jaintia hills,2019,3,8078,10
meghalaya,east jaintia hills,2019,4,8079,13
meghalaya,east jaintia hills,2020,1,8080,14
meghalaya,east jaintia hills,2020,2,8081,19
meghalaya,east jaintia hills,2020,3,8082,22
meghalaya,east jaintia hills,2020,4,8083,24
meghalaya,east jaintia hills,2021,1,8084,30
meghalaya,east jaintia hills,2021,2,8085,33
meghalaya,east jaintia hills,2021,3,8086,45
meghalaya,east jaintia hills,2021,4,8087,59
meghalaya,east jaintia hills,2022,1,8088,82
meghalaya,east jaintia hills,2022,2,8089,107
meghalaya,east jaintia hills,2022,3,8090,136
meghalaya,east jaintia hills,2022,4,8091,234
meghalaya,east jaintia hills,2023,1,8092,557
meghalaya,east jaintia hills,2023,2,8093,655
meghalaya,east jaintia hills,2023,3,8094,694
meghalaya,east jaintia hills,2023,4,8095,709
meghalaya,east jaintia hills,2024,1,8096,718
meghalaya,east jaintia hills,2024,2,8097,735
meghalaya,east jaintia hills,2024,3,8098,759
meghalaya,east jaintia hills,2024,4,8099,808
meghalaya,east jaintia hills,2025,1,8100,825
meghalaya,east jaintia hills,2025,2,8101,836
meghalaya,east jaintia hills,2025,3,8102,862
meghalaya,east jaintia hills,2025,4,8103,879
meghalaya,east jaintia hills,2026,1,8104,920
meghalaya,east jaintia hills,2026,2,8105,955
meghalaya,east khasi hills,2018,4,8075,2
meghalaya,east khasi hills,2019,1,8076,13
meghalaya,east khasi hills,2019,2,8077,28
meghalaya,east khasi hills,2019,3,8078,45
meghalaya,east khasi hills,2019,4,8079,64
meghalaya,east khasi hills,2020,1,8080,74
meghalaya,east khasi hills,2020,2,8081,91
meghalaya,east khasi hills,2020,3,8082,95
meghalaya,east khasi hills,2020,4,8083,111
meghalaya,east khasi hills,2021,1,8084,180
meghalaya,east khasi hills,2021,2,8085,237
meghalaya,east khasi hills,2021,3,8086,285
meghalaya,east khasi hills,2021,4,8087,666
meghalaya,east khasi hills,2022,1,8088,871
meghalaya,east khasi hills,2022,2,8089,1141
meghalaya,east khasi hills,2022,3,8090,1191
meghalaya,east khasi hills,2022,4,8091,1348
meghalaya,east khasi hills,2023,1,8092,1581
meghalaya,east khasi hills,2023,2,8093,1654
meghalaya,east khasi hills,2023,3,8094,2074
meghalaya,east khasi hills,2023,4,8095,2300
meghalaya,east khasi hills,2024,1,8096,2644
meghalaya,east khasi hills,2024,2,8097,2989
meghalaya,east khasi hills,2024,3,8098,3636
meghalaya,east khasi hills,2024,4,8099,4097
meghalaya,east khasi hills,2025,1,8100,4464
meghalaya,east khasi hills,2025,2,8101,4877
meghalaya,east khasi hills,2025,3,8102,5391
meghalaya,east khasi hills,2025,4,8103,5916
meghalaya,east khasi hills,2026,1,8104,6159
meghalaya,east khasi hills,2026,2,8105,6726
meghalaya,eastern west khasi hills,2020,2,8081,1
meghalaya,eastern west khasi hills,2020,3,8082,1
meghalaya,eastern west khasi hills,2020,4,8083,1
meghalaya,eastern west khasi hills,2021,1,8084,1
meghalaya,eastern west khasi hills,2021,2,8085,3
meghalaya,eastern west khasi hills,2021,3,8086,3
meghalaya,eastern west khasi hills,2021,4,8087,3
meghalaya,eastern west khasi hills,2022,1,8088,5
meghalaya,eastern west khasi hills,2022,2,8089,5
meghalaya,eastern west khasi hills,2022,3,8090,6
meghalaya,eastern west khasi hills,2022,4,8091,6
meghalaya,eastern west khasi hills,2023,1,8092,6
meghalaya,eastern west khasi hills,2023,2,8093,6
meghalaya,eastern west khasi hills,2023,3,8094,6
meghalaya,eastern west khasi hills,2023,4,8095,6
meghalaya,eastern west khasi hills,2024,1,8096,6
meghalaya,eastern west khasi hills,2024,2,8097,6
meghalaya,eastern west khasi hills,2024,3,8098,6
meghalaya,eastern west khasi hills,2024,4,8099,11
meghalaya,eastern west khasi hills,2025,1,8100,11
meghalaya,eastern west khasi hills,2025,2,8101,11
meghalaya,eastern west khasi hills,2025,3,8102,11
meghalaya,eastern west khasi hills,2025,4,8103,11
meghalaya,eastern west khasi hills,2026,1,8104,11
meghalaya,eastern west khasi hills,2026,2,8105,14
meghalaya,north garo hills,2019,2,8077,1
meghalaya,north garo hills,2019,3,8078,2
meghalaya,north garo hills,2019,4,8079,5
meghalaya,north garo hills,2020,1,8080,7
meghalaya,north garo hills,2020,2,8081,10
meghalaya,north garo hills,2020,3,8082,10
meghalaya,north garo hills,2020,4,8083,11
meghalaya,north garo hills,2021,1,8084,15
meghalaya,north garo hills,2021,2,8085,18
meghalaya,north garo hills,2021,3,8086,24
meghalaya,north garo hills,2021,4,8087,31
meghalaya,north garo hills,2022,1,8088,54
meghalaya,north garo hills,2022,2,8089,59
meghalaya,north garo hills,2022,3,8090,64
meghalaya,north garo hills,2022,4,8091,70
meghalaya,north garo hills,2023,1,8092,128
meghalaya,north garo hills,2023,2,8093,129
meghalaya,north garo hills,2023,3,8094,130
meghalaya,north garo hills,2023,4,8095,137
meghalaya,north garo hills,2024,1,8096,150
meghalaya,north garo hills,2024,2,8097,165
meghalaya,north garo hills,2024,3,8098,179
meghalaya,north garo hills,2024,4,8099,185
meghalaya,north garo hills,2025,1,8100,195
meghalaya,north garo hills,2025,2,8101,195
meghalaya,north garo hills,2025,3,8102,207
meghalaya,north garo hills,2025,4,8103,243
meghalaya,north garo hills,2026,1,8104,312
meghalaya,north garo hills,2026,2,8105,399
meghalaya,ri bhoi,2019,2,8077,23
meghalaya,ri bhoi,2019,3,8078,30
meghalaya,ri bhoi,2019,4,8079,33
meghalaya,ri bhoi,2020,1,8080,44
meghalaya,ri bhoi,2020,2,8081,46
meghalaya,ri bhoi,2020,3,8082,47
meghalaya,ri bhoi,2020,4,8083,79
meghalaya,ri bhoi,2021,1,8084,85
meghalaya,ri bhoi,2021,2,8085,157
meghalaya,ri bhoi,2021,3,8086,217
meghalaya,ri bhoi,2021,4,8087,307
meghalaya,ri bhoi,2022,1,8088,678
meghalaya,ri bhoi,2022,2,8089,841
meghalaya,ri bhoi,2022,3,8090,960
meghalaya,ri bhoi,2022,4,8091,1019
meghalaya,ri bhoi,2023,1,8092,1275
meghalaya,ri bhoi,2023,2,8093,1417
meghalaya,ri bhoi,2023,3,8094,1570
meghalaya,ri bhoi,2023,4,8095,1659
meghalaya,ri bhoi,2024,1,8096,1814
meghalaya,ri bhoi,2024,2,8097,1977
meghalaya,ri bhoi,2024,3,8098,2137
meghalaya,ri bhoi,2024,4,8099,2238
meghalaya,ri bhoi,2025,1,8100,2330
meghalaya,ri bhoi,2025,2,8101,2422
meghalaya,ri bhoi,2025,3,8102,2513
meghalaya,ri bhoi,2025,4,8103,2648
meghalaya,ri bhoi,2026,1,8104,2719
meghalaya,ri bhoi,2026,2,8105,2935
meghalaya,south garo hills,2019,2,8077,1
meghalaya,south garo hills,2019,3,8078,2
meghalaya,south garo hills,2019,4,8079,4
meghalaya,south garo hills,2020,1,8080,6
meghalaya,south garo hills,2020,2,8081,8
meghalaya,south garo hills,2020,3,8082,9
meghalaya,south garo hills,2020,4,8083,9
meghalaya,south garo hills,2021,1,8084,9
meghalaya,south garo hills,2021,2,8085,10
meghalaya,south garo hills,2021,3,8086,13
meghalaya,south garo hills,2021,4,8087,19
meghalaya,south garo hills,2022,1,8088,25
meghalaya,south garo hills,2022,2,8089,30
meghalaya,south garo hills,2022,3,8090,37
meghalaya,south garo hills,2022,4,8091,44
meghalaya,south garo hills,2023,1,8092,47
meghalaya,south garo hills,2023,2,8093,47
meghalaya,south garo hills,2023,3,8094,46
meghalaya,south garo hills,2023,4,8095,46
meghalaya,south garo hills,2024,1,8096,46
meghalaya,south garo hills,2024,2,8097,46
meghalaya,south garo hills,2024,3,8098,55
meghalaya,south garo hills,2024,4,8099,69
meghalaya,south garo hills,2025,1,8100,70
meghalaya,south garo hills,2025,2,8101,70
meghalaya,south garo hills,2025,3,8102,71
meghalaya,south garo hills,2025,4,8103,82
meghalaya,south garo hills,2026,1,8104,105
meghalaya,south garo hills,2026,2,8105,137
meghalaya,south west garo hills,2019,1,8076,1
meghalaya,south west garo hills,2019,2,8077,3
meghalaya,south west garo hills,2019,3,8078,5
meghalaya,south west garo hills,2019,4,8079,8
meghalaya,south west garo hills,2020,1,8080,13
meghalaya,south west garo hills,2020,2,8081,15
meghalaya,south west garo hills,2020,3,8082,16
meghalaya,south west garo hills,2020,4,8083,17
meghalaya,south west garo hills,2021,1,8084,32
meghalaya,south west garo hills,2021,2,8085,56
meghalaya,south west garo hills,2021,3,8086,74
meghalaya,south west garo hills,2021,4,8087,96
meghalaya,south west garo hills,2022,1,8088,119
meghalaya,south west garo hills,2022,2,8089,143
meghalaya,south west garo hills,2022,3,8090,156
meghalaya,south west garo hills,2022,4,8091,177
meghalaya,south west garo hills,2023,1,8092,191
meghalaya,south west garo hills,2023,2,8093,194
meghalaya,south west garo hills,2023,3,8094,197
meghalaya,south west garo hills,2023,4,8095,225
meghalaya,south west garo hills,2024,1,8096,238
meghalaya,south west garo hills,2024,2,8097,259
meghalaya,south west garo hills,2024,3,8098,317
meghalaya,south west garo hills,2024,4,8099,350
meghalaya,south west garo hills,2025,1,8100,369
meghalaya,south west garo hills,2025,2,8101,376
meghalaya,south west garo hills,2025,3,8102,450
meghalaya,south west garo hills,2025,4,8103,624
meghalaya,south west garo hills,2026,1,8104,708
meghalaya,south west garo hills,2026,2,8105,734
meghalaya,south west khasi hills,2019,3,8078,1
meghalaya,south west khasi hills,2019,4,8079,3
meghalaya,south west khasi hills,2020,1,8080,3
meghalaya,south west khasi hills,2020,2,8081,3
meghalaya,south west khasi hills,2020,3,8082,3
meghalaya,south west khasi hills,2020,4,8083,3
meghalaya,south west khasi hills,2021,1,8084,3
meghalaya,south west khasi hills,2021,2,8085,3
meghalaya,south west khasi hills,2021,3,8086,3
meghalaya,south west khasi hills,2021,4,8087,5
meghalaya,south west khasi hills,2022,1,8088,5
meghalaya,south west khasi hills,2022,2,8089,6
meghalaya,south west khasi hills,2022,3,8090,7
meghalaya,south west khasi hills,2022,4,8091,7
meghalaya,south west khasi hills,2023,1,8092,9
meghalaya,south west khasi hills,2023,2,8093,9
meghalaya,south west khasi hills,2023,3,8094,9
meghalaya,south west khasi hills,2023,4,8095,9
meghalaya,south west khasi hills,2024,1,8096,10
meghalaya,south west khasi hills,2024,2,8097,10
meghalaya,south west khasi hills,2024,3,8098,10
meghalaya,south west khasi hills,2024,4,8099,10
meghalaya,south west khasi hills,2025,1,8100,10
meghalaya,south west khasi hills,2025,2,8101,10
meghalaya,south west khasi hills,2025,3,8102,10
meghalaya,south west khasi hills,2025,4,8103,10
meghalaya,south west khasi hills,2026,1,8104,16
meghalaya,south west khasi hills,2026,2,8105,19
meghalaya,west garo hills,2018,4,8075,1
meghalaya,west garo hills,2019,1,8076,13
meghalaya,west garo hills,2019,2,8077,28
meghalaya,west garo hills,2019,3,8078,43
meghalaya,west garo hills,2019,4,8079,55
meghalaya,west garo hills,2020,1,8080,72
meghalaya,west garo hills,2020,2,8081,79
meghalaya,west garo hills,2020,3,8082,81
meghalaya,west garo hills,2020,4,8083,102
meghalaya,west garo hills,2021,1,8084,335
meghalaya,west garo hills,2021,2,8085,562
meghalaya,west garo hills,2021,3,8086,734
meghalaya,west garo hills,2021,4,8087,872
meghalaya,west garo hills,2022,1,8088,1168
meghalaya,west garo hills,2022,2,8089,1348
meghalaya,west garo hills,2022,3,8090,1618
meghalaya,west garo hills,2022,4,8091,1923
meghalaya,west garo hills,2023,1,8092,2126
meghalaya,west garo hills,2023,2,8093,2198
meghalaya,west garo hills,2023,3,8094,2252
meghalaya,west garo hills,2023,4,8095,2441
meghalaya,west garo hills,2024,1,8096,2543
meghalaya,west garo hills,2024,2,8097,2642
meghalaya,west garo hills,2024,3,8098,2957
meghalaya,west garo hills,2024,4,8099,3474
meghalaya,west garo hills,2025,1,8100,3848
meghalaya,west garo hills,2025,2,8101,4140
meghalaya,west garo hills,2025,3,8102,4714
meghalaya,west garo hills,2025,4,8103,5410
meghalaya,west garo hills,2026,1,8104,6053
meghalaya,west garo hills,2026,2,8105,8710
meghalaya,west jaintia hills,2019,2,8077,2
meghalaya,west jaintia hills,2019,3,8078,3
meghalaya,west jaintia hills,2019,4,8079,5
meghalaya,west jaintia hills,2020,1,8080,6
meghalaya,west jaintia hills,2020,2,8081,9
meghalaya,west jaintia hills,2020,3,8082,9
meghalaya,west jaintia hills,2020,4,8083,10
meghalaya,west jaintia hills,2021,1,8084,12
meghalaya,west jaintia hills,2021,2,8085,15
meghalaya,west jaintia hills,2021,3,8086,18
meghalaya,west jaintia hills,2021,4,8087,22
meghalaya,west jaintia hills,2022,1,8088,29
meghalaya,west jaintia hills,2022,2,8089,36
meghalaya,west jaintia hills,2022,3,8090,43
meghalaya,west jaintia hills,2022,4,8091,111
meghalaya,west jaintia hills,2023,1,8092,211
meghalaya,west jaintia hills,2023,2,8093,227
meghalaya,west jaintia hills,2023,3,8094,229
meghalaya,west jaintia hills,2023,4,8095,234
meghalaya,west jaintia hills,2024,1,8096,270
meghalaya,west jaintia hills,2024,2,8097,279
meghalaya,west jaintia hills,2024,3,8098,309
meghalaya,west jaintia hills,2024,4,8099,314
meghalaya,west jaintia hills,2025,1,8100,317
meghalaya,west jaintia hills,2025,2,8101,318
meghalaya,west jaintia hills,2025,3,8102,326
meghalaya,west jaintia hills,2025,4,8103,351
meghalaya,west jaintia hills,2026,1,8104,417
meghalaya,west jaintia hills,2026,2,8105,463
meghalaya,west khasi hills,2019,4,8079,1
meghalaya,west khasi hills,2020,1,8080,1
meghalaya,west khasi hills,2020,2,8081,2
meghalaya,west khasi hills,2020,3,8082,3
meghalaya,west khasi hills,2020,4,8083,3
meghalaya,west khasi hills,2021,1,8084,3
meghalaya,west khasi hills,2021,2,8085,4
meghalaya,west khasi hills,2021,3,8086,6
meghalaya,west khasi hills,2021,4,8087,8
meghalaya,west khasi hills,2022,1,8088,11
meghalaya,west khasi hills,2022,2,8089,16
meghalaya,west khasi hills,2022,3,8090,18
meghalaya,west khasi hills,2022,4,8091,20
meghalaya,west khasi hills,2023,1,8092,21
meghalaya,west khasi hills,2023,2,8093,22
meghalaya,west khasi hills,2023,3,8094,22
meghalaya,west khasi hills,2023,4,8095,29
meghalaya,west khasi hills,2024,1,8096,28
meghalaya,west khasi hills,2024,2,8097,28
meghalaya,west khasi hills,2024,3,8098,28
meghalaya,west khasi hills,2024,4,8099,28
meghalaya,west khasi hills,2025,1,8100,29
meghalaya,west khasi hills,2025,2,8101,29
meghalaya,west khasi hills,2025,3,8102,29
meghalaya,west khasi hills,2025,4,8103,43
meghalaya,west khasi hills,2026,1,8104,43
meghalaya,west khasi hills,2026,2,8105,47
mizoram,aizawl,2019,1,8076,2
mizoram,aizawl,2019,2,8077,9
mizoram,aizawl,2019,3,8078,17
mizoram,aizawl,2019,4,8079,24
mizoram,aizawl,2020,1,8080,34
mizoram,aizawl,2020,2,8081,44
mizoram,aizawl,2020,3,8082,45
mizoram,aizawl,2020,4,8083,53
mizoram,aizawl,2021,1,8084,55
mizoram,aizawl,2021,2,8085,61
mizoram,aizawl,2021,3,8086,79
mizoram,aizawl,2021,4,8087,90
mizoram,aizawl,2022,1,8088,107
mizoram,aizawl,2022,2,8089,123
mizoram,aizawl,2022,3,8090,154
mizoram,aizawl,2022,4,8091,653
mizoram,aizawl,2023,1,8092,1144
mizoram,aizawl,2023,2,8093,1748
mizoram,aizawl,2023,3,8094,2502
mizoram,aizawl,2023,4,8095,3498
mizoram,aizawl,2024,1,8096,4370
mizoram,aizawl,2024,2,8097,5586
mizoram,aizawl,2024,3,8098,7985
mizoram,aizawl,2024,4,8099,9811
mizoram,aizawl,2025,1,8100,11302
mizoram,aizawl,2025,2,8101,12317
mizoram,aizawl,2025,3,8102,13533
mizoram,aizawl,2025,4,8103,14642
mizoram,aizawl,2026,1,8104,15514
mizoram,aizawl,2026,2,8105,16407
mizoram,champhai,2019,3,8078,1
mizoram,champhai,2019,4,8079,1
mizoram,champhai,2020,1,8080,1
mizoram,champhai,2020,2,8081,1
mizoram,champhai,2020,3,8082,1
mizoram,champhai,2020,4,8083,2
mizoram,champhai,2021,1,8084,3
mizoram,champhai,2021,2,8085,3
mizoram,champhai,2021,3,8086,3
mizoram,champhai,2021,4,8087,3
mizoram,champhai,2022,1,8088,4
mizoram,champhai,2022,2,8089,6
mizoram,champhai,2022,3,8090,6
mizoram,champhai,2022,4,8091,6
mizoram,champhai,2023,1,8092,37
mizoram,champhai,2023,2,8093,37
mizoram,champhai,2023,3,8094,57
mizoram,champhai,2023,4,8095,65
mizoram,champhai,2024,1,8096,116
mizoram,champhai,2024,2,8097,206
mizoram,champhai,2024,3,8098,325
mizoram,champhai,2024,4,8099,416
mizoram,champhai,2025,1,8100,484
mizoram,champhai,2025,2,8101,529
mizoram,champhai,2025,3,8102,680
mizoram,champhai,2025,4,8103,751
mizoram,champhai,2026,1,8104,812
mizoram,champhai,2026,2,8105,923
mizoram,hnahthial,2022,3,8090,1
mizoram,hnahthial,2022,4,8091,7
mizoram,hnahthial,2023,1,8092,7
mizoram,hnahthial,2023,2,8093,8
mizoram,hnahthial,2023,3,8094,12
mizoram,hnahthial,2023,4,8095,12
mizoram,hnahthial,2024,1,8096,13
mizoram,hnahthial,2024,2,8097,13
mizoram,hnahthial,2024,3,8098,56
mizoram,hnahthial,2024,4,8099,58
mizoram,hnahthial,2025,1,8100,58
mizoram,hnahthial,2025,2,8101,94
mizoram,hnahthial,2025,3,8102,196
mizoram,hnahthial,2025,4,8103,233
mizoram,hnahthial,2026,1,8104,301
mizoram,hnahthial,2026,2,8105,332
mizoram,khawzawl,2019,1,8076,1
mizoram,khawzawl,2019,2,8077,1
mizoram,khawzawl,2019,3,8078,2
mizoram,khawzawl,2019,4,8079,2
mizoram,khawzawl,2020,1,8080,3
mizoram,khawzawl,2020,2,8081,3
mizoram,khawzawl,2020,3,8082,3
mizoram,khawzawl,2020,4,8083,4
mizoram,khawzawl,2021,1,8084,4
mizoram,khawzawl,2021,2,8085,4
mizoram,khawzawl,2021,3,8086,5
mizoram,khawzawl,2021,4,8087,8
mizoram,khawzawl,2022,1,8088,8
mizoram,khawzawl,2022,2,8089,9
mizoram,khawzawl,2022,3,8090,10
mizoram,khawzawl,2022,4,8091,12
mizoram,khawzawl,2023,1,8092,12
mizoram,khawzawl,2023,2,8093,12
mizoram,khawzawl,2023,3,8094,13
mizoram,khawzawl,2023,4,8095,13
mizoram,khawzawl,2024,1,8096,40
mizoram,khawzawl,2024,2,8097,92
mizoram,khawzawl,2024,3,8098,140
mizoram,khawzawl,2024,4,8099,203
mizoram,khawzawl,2025,1,8100,245
mizoram,khawzawl,2025,2,8101,258
mizoram,khawzawl,2025,3,8102,258
mizoram,khawzawl,2025,4,8103,289
mizoram,khawzawl,2026,1,8104,321
mizoram,khawzawl,2026,2,8105,356
mizoram,kolasib,2019,3,8078,3
mizoram,kolasib,2019,4,8079,4
mizoram,kolasib,2020,1,8080,4
mizoram,kolasib,2020,2,8081,6
mizoram,kolasib,2020,3,8082,6
mizoram,kolasib,2020,4,8083,7
mizoram,kolasib,2021,1,8084,7
mizoram,kolasib,2021,2,8085,7
mizoram,kolasib,2021,3,8086,10
mizoram,kolasib,2021,4,8087,20
mizoram,kolasib,2022,1,8088,25
mizoram,kolasib,2022,2,8089,25
mizoram,kolasib,2022,3,8090,26
mizoram,kolasib,2022,4,8091,85
mizoram,kolasib,2023,1,8092,228
mizoram,kolasib,2023,2,8093,292
mizoram,kolasib,2023,3,8094,378
mizoram,kolasib,2023,4,8095,457
mizoram,kolasib,2024,1,8096,544
mizoram,kolasib,2024,2,8097,619
mizoram,kolasib,2024,3,8098,749
mizoram,kolasib,2024,4,8099,876
mizoram,kolasib,2025,1,8100,1004
mizoram,kolasib,2025,2,8101,1045
mizoram,kolasib,2025,3,8102,1162
mizoram,kolasib,2025,4,8103,1260
mizoram,kolasib,2026,1,8104,1339
mizoram,kolasib,2026,2,8105,1419
mizoram,lawngtlai,2019,2,8077,3
mizoram,lawngtlai,2019,3,8078,8
mizoram,lawngtlai,2019,4,8079,12
mizoram,lawngtlai,2020,1,8080,14
mizoram,lawngtlai,2020,2,8081,15
mizoram,lawngtlai,2020,3,8082,17
mizoram,lawngtlai,2020,4,8083,20
mizoram,lawngtlai,2021,1,8084,22
mizoram,lawngtlai,2021,2,8085,26
mizoram,lawngtlai,2021,3,8086,31
mizoram,lawngtlai,2021,4,8087,34
mizoram,lawngtlai,2022,1,8088,40
mizoram,lawngtlai,2022,2,8089,42
mizoram,lawngtlai,2022,3,8090,49
mizoram,lawngtlai,2022,4,8091,52
mizoram,lawngtlai,2023,1,8092,52
mizoram,lawngtlai,2023,2,8093,53
mizoram,lawngtlai,2023,3,8094,53
mizoram,lawngtlai,2023,4,8095,54
mizoram,lawngtlai,2024,1,8096,57
mizoram,lawngtlai,2024,2,8097,93
mizoram,lawngtlai,2024,3,8098,107
mizoram,lawngtlai,2024,4,8099,156
mizoram,lawngtlai,2025,1,8100,188
mizoram,lawngtlai,2025,2,8101,193
mizoram,lawngtlai,2025,3,8102,299
mizoram,lawngtlai,2025,4,8103,366
mizoram,lawngtlai,2026,1,8104,370
mizoram,lawngtlai,2026,2,8105,381
mizoram,lunglei,2019,2,8077,3
mizoram,lunglei,2019,3,8078,7
mizoram,lunglei,2019,4,8079,8
mizoram,lunglei,2020,1,8080,11
mizoram,lunglei,2020,2,8081,13
mizoram,lunglei,2020,3,8082,13
mizoram,lunglei,2020,4,8083,14
mizoram,lunglei,2021,1,8084,16
mizoram,lunglei,2021,2,8085,20
mizoram,lunglei,2021,3,8086,26
mizoram,lunglei,2021,4,8087,29
mizoram,lunglei,2022,1,8088,34
mizoram,lunglei,2022,2,8089,38
mizoram,lunglei,2022,3,8090,41
mizoram,lunglei,2022,4,8091,98
mizoram,lunglei,2023,1,8092,163
mizoram,lunglei,2023,2,8093,166
mizoram,lunglei,2023,3,8094,232
mizoram,lunglei,2023,4,8095,259
mizoram,lunglei,2024,1,8096,365
mizoram,lunglei,2024,2,8097,575
mizoram,lunglei,2024,3,8098,848
mizoram,lunglei,2024,4,8099,954
mizoram,lunglei,2025,1,8100,1049
mizoram,lunglei,2025,2,8101,1116
mizoram,lunglei,2025,3,8102,1223
mizoram,lunglei,2025,4,8103,1349
mizoram,lunglei,2026,1,8104,1490
mizoram,lunglei,2026,2,8105,1559
mizoram,mamit,2019,1,8076,1
mizoram,mamit,2019,2,8077,1
mizoram,mamit,2019,3,8078,4
mizoram,mamit,2019,4,8079,5
mizoram,mamit,2020,1,8080,6
mizoram,mamit,2020,2,8081,6
mizoram,mamit,2020,3,8082,6
mizoram,mamit,2020,4,8083,6
mizoram,mamit,2021,1,8084,7
mizoram,mamit,2021,2,8085,7
mizoram,mamit,2021,3,8086,8
mizoram,mamit,2021,4,8087,10
mizoram,mamit,2022,1,8088,14
mizoram,mamit,2022,2,8089,24
mizoram,mamit,2022,3,8090,33
mizoram,mamit,2022,4,8091,38
mizoram,mamit,2023,1,8092,50
mizoram,mamit,2023,2,8093,85
mizoram,mamit,2023,3,8094,88
mizoram,mamit,2023,4,8095,132
mizoram,mamit,2024,1,8096,219
mizoram,mamit,2024,2,8097,283
mizoram,mamit,2024,3,8098,338
mizoram,mamit,2024,4,8099,354
mizoram,mamit,2025,1,8100,463
mizoram,mamit,2025,2,8101,491
mizoram,mamit,2025,3,8102,557
mizoram,mamit,2025,4,8103,621
mizoram,mamit,2026,1,8104,751
mizoram,mamit,2026,2,8105,825
mizoram,saitual,2019,1,8076,2
mizoram,saitual,2019,2,8077,2
mizoram,saitual,2019,3,8078,3
mizoram,saitual,2019,4,8079,3
mizoram,saitual,2020,1,8080,3
mizoram,saitual,2020,2,8081,4
mizoram,saitual,2020,3,8082,4
mizoram,saitual,2020,4,8083,4
mizoram,saitual,2021,1,8084,4
mizoram,saitual,2021,2,8085,4
mizoram,saitual,2021,3,8086,4
mizoram,saitual,2021,4,8087,5
mizoram,saitual,2022,1,8088,5
mizoram,saitual,2022,2,8089,5
mizoram,saitual,2022,3,8090,5
mizoram,saitual,2022,4,8091,5
mizoram,saitual,2023,1,8092,5
mizoram,saitual,2023,2,8093,5
mizoram,saitual,2023,3,8094,5
mizoram,saitual,2023,4,8095,17
mizoram,saitual,2024,1,8096,31
mizoram,saitual,2024,2,8097,42
mizoram,saitual,2024,3,8098,142
mizoram,saitual,2024,4,8099,152
mizoram,saitual,2025,1,8100,232
mizoram,saitual,2025,2,8101,240
mizoram,saitual,2025,3,8102,281
mizoram,saitual,2025,4,8103,295
mizoram,saitual,2026,1,8104,309
mizoram,saitual,2026,2,8105,314
mizoram,serchhip,2019,1,8076,2
mizoram,serchhip,2019,2,8077,2
mizoram,serchhip,2019,3,8078,3
mizoram,serchhip,2019,4,8079,3
mizoram,serchhip,2020,1,8080,3
mizoram,serchhip,2020,2,8081,3
mizoram,serchhip,2020,3,8082,3
mizoram,serchhip,2020,4,8083,3
mizoram,serchhip,2021,1,8084,4
mizoram,serchhip,2021,2,8085,5
mizoram,serchhip,2021,3,8086,5
mizoram,serchhip,2021,4,8087,5
mizoram,serchhip,2022,1,8088,7
mizoram,serchhip,2022,2,8089,7
mizoram,serchhip,2022,3,8090,13
mizoram,serchhip,2022,4,8091,20
mizoram,serchhip,2023,1,8092,74
mizoram,serchhip,2023,2,8093,125
mizoram,serchhip,2023,3,8094,156
mizoram,serchhip,2023,4,8095,177
mizoram,serchhip,2024,1,8096,246
mizoram,serchhip,2024,2,8097,357
mizoram,serchhip,2024,3,8098,514
mizoram,serchhip,2024,4,8099,602
mizoram,serchhip,2025,1,8100,659
mizoram,serchhip,2025,2,8101,698
mizoram,serchhip,2025,3,8102,777
mizoram,serchhip,2025,4,8103,848
mizoram,serchhip,2026,1,8104,965
mizoram,serchhip,2026,2,8105,1047
mizoram,siaha,2019,4,8079,1
mizoram,siaha,2020,1,8080,3
mizoram,siaha,2020,2,8081,3
mizoram,siaha,2020,3,8082,3
mizoram,siaha,2020,4,8083,3
mizoram,siaha,2021,1,8084,4
mizoram,siaha,2021,2,8085,5
mizoram,siaha,2021,3,8086,5
mizoram,siaha,2021,4,8087,7
mizoram,siaha,2022,1,8088,9
mizoram,siaha,2022,2,8089,10
mizoram,siaha,2022,3,8090,11
mizoram,siaha,2022,4,8091,12
mizoram,siaha,2023,1,8092,12
mizoram,siaha,2023,2,8093,13
mizoram,siaha,2023,3,8094,14
mizoram,siaha,2023,4,8095,15
mizoram,siaha,2024,1,8096,16
mizoram,siaha,2024,2,8097,133
mizoram,siaha,2024,3,8098,285
mizoram,siaha,2024,4,8099,380
mizoram,siaha,2025,1,8100,454
mizoram,siaha,2025,2,8101,533
mizoram,siaha,2025,3,8102,597
mizoram,siaha,2025,4,8103,677
mizoram,siaha,2026,1,8104,746
mizoram,siaha,2026,2,8105,824
nagaland,chumoukedima,2018,4,8075,1
nagaland,chumoukedima,2019,1,8076,5
nagaland,chumoukedima,2019,2,8077,11
nagaland,chumoukedima,2019,3,8078,22
nagaland,chumoukedima,2019,4,8079,31
nagaland,chumoukedima,2020,1,8080,37
nagaland,chumoukedima,2020,2,8081,45
nagaland,chumoukedima,2020,3,8082,49
nagaland,chumoukedima,2020,4,8083,59
nagaland,chumoukedima,2021,1,8084,65
nagaland,chumoukedima,2021,2,8085,70
nagaland,chumoukedima,2021,3,8086,84
nagaland,chumoukedima,2021,4,8087,99
nagaland,chumoukedima,2022,1,8088,120
nagaland,chumoukedima,2022,2,8089,257
nagaland,chumoukedima,2022,3,8090,296
nagaland,chumoukedima,2022,4,8091,562
nagaland,chumoukedima,2023,1,8092,637
nagaland,chumoukedima,2023,2,8093,656
nagaland,chumoukedima,2023,3,8094,692
nagaland,chumoukedima,2023,4,8095,986
nagaland,chumoukedima,2024,1,8096,1200
nagaland,chumoukedima,2024,2,8097,1413
nagaland,chumoukedima,2024,3,8098,1788
nagaland,chumoukedima,2024,4,8099,2127
nagaland,chumoukedima,2025,1,8100,2403
nagaland,chumoukedima,2025,2,8101,2593
nagaland,chumoukedima,2025,3,8102,2800
nagaland,chumoukedima,2025,4,8103,2945
nagaland,chumoukedima,2026,1,8104,3117
nagaland,chumoukedima,2026,2,8105,3389
nagaland,dimapur,2019,1,8076,5
nagaland,dimapur,2019,2,8077,21
nagaland,dimapur,2019,3,8078,47
nagaland,dimapur,2019,4,8079,64
nagaland,dimapur,2020,1,8080,73
nagaland,dimapur,2020,2,8081,85
nagaland,dimapur,2020,3,8082,93
nagaland,dimapur,2020,4,8083,109
nagaland,dimapur,2021,1,8084,131
nagaland,dimapur,2021,2,8085,146
nagaland,dimapur,2021,3,8086,217
nagaland,dimapur,2021,4,8087,509
nagaland,dimapur,2022,1,8088,1321
nagaland,dimapur,2022,2,8089,2045
nagaland,dimapur,2022,3,8090,2195
nagaland,dimapur,2022,4,8091,3042
nagaland,dimapur,2023,1,8092,3282
nagaland,dimapur,2023,2,8093,3361
nagaland,dimapur,2023,3,8094,3383
nagaland,dimapur,2023,4,8095,3718
nagaland,dimapur,2024,1,8096,4419
nagaland,dimapur,2024,2,8097,5038
nagaland,dimapur,2024,3,8098,5630
nagaland,dimapur,2024,4,8099,6245
nagaland,dimapur,2025,1,8100,6719
nagaland,dimapur,2025,2,8101,7231
nagaland,dimapur,2025,3,8102,7876
nagaland,dimapur,2025,4,8103,8439
nagaland,dimapur,2026,1,8104,8841
nagaland,dimapur,2026,2,8105,9304
nagaland,kiphire,2019,2,8077,1
nagaland,kiphire,2019,3,8078,3
nagaland,kiphire,2019,4,8079,4
nagaland,kiphire,2020,1,8080,5
nagaland,kiphire,2020,2,8081,6
nagaland,kiphire,2020,3,8082,7
nagaland,kiphire,2020,4,8083,9
nagaland,kiphire,2021,1,8084,9
nagaland,kiphire,2021,2,8085,9
nagaland,kiphire,2021,3,8086,12
nagaland,kiphire,2021,4,8087,14
nagaland,kiphire,2022,1,8088,16
nagaland,kiphire,2022,2,8089,18
nagaland,kiphire,2022,3,8090,20
nagaland,kiphire,2022,4,8091,21
nagaland,kiphire,2023,1,8092,21
nagaland,kiphire,2023,2,8093,21
nagaland,kiphire,2023,3,8094,21
nagaland,kiphire,2023,4,8095,21
nagaland,kiphire,2024,1,8096,19
nagaland,kiphire,2024,2,8097,19
nagaland,kiphire,2024,3,8098,19
nagaland,kiphire,2024,4,8099,19
nagaland,kiphire,2025,1,8100,19
nagaland,kiphire,2025,2,8101,19
nagaland,kiphire,2025,3,8102,20
nagaland,kiphire,2025,4,8103,28
nagaland,kiphire,2026,1,8104,98
nagaland,kiphire,2026,2,8105,150
nagaland,kohima,2019,1,8076,3
nagaland,kohima,2019,2,8077,10
nagaland,kohima,2019,3,8078,31
nagaland,kohima,2019,4,8079,43
nagaland,kohima,2020,1,8080,48
nagaland,kohima,2020,2,8081,53
nagaland,kohima,2020,3,8082,57
nagaland,kohima,2020,4,8083,64
nagaland,kohima,2021,1,8084,70
nagaland,kohima,2021,2,8085,79
nagaland,kohima,2021,3,8086,91
nagaland,kohima,2021,4,8087,105
nagaland,kohima,2022,1,8088,129
nagaland,kohima,2022,2,8089,505
nagaland,kohima,2022,3,8090,530
nagaland,kohima,2022,4,8091,543
nagaland,kohima,2023,1,8092,548
nagaland,kohima,2023,2,8093,550
nagaland,kohima,2023,3,8094,553
nagaland,kohima,2023,4,8095,615
nagaland,kohima,2024,1,8096,958
nagaland,kohima,2024,2,8097,1362
nagaland,kohima,2024,3,8098,1721
nagaland,kohima,2024,4,8099,2042
nagaland,kohima,2025,1,8100,2352
nagaland,kohima,2025,2,8101,2600
nagaland,kohima,2025,3,8102,2881
nagaland,kohima,2025,4,8103,3182
nagaland,kohima,2026,1,8104,3458
nagaland,kohima,2026,2,8105,3913
nagaland,longleng,2019,3,8078,1
nagaland,longleng,2019,4,8079,3
nagaland,longleng,2020,1,8080,4
nagaland,longleng,2020,2,8081,5
nagaland,longleng,2020,3,8082,7
nagaland,longleng,2020,4,8083,7
nagaland,longleng,2021,1,8084,7
nagaland,longleng,2021,2,8085,7
nagaland,longleng,2021,3,8086,9
nagaland,longleng,2021,4,8087,11
nagaland,longleng,2022,1,8088,11
nagaland,longleng,2022,2,8089,12
nagaland,longleng,2022,3,8090,12
nagaland,longleng,2022,4,8091,13
nagaland,longleng,2023,1,8092,13
nagaland,longleng,2023,2,8093,13
nagaland,longleng,2023,3,8094,14
nagaland,longleng,2023,4,8095,14
nagaland,longleng,2024,1,8096,14
nagaland,longleng,2024,2,8097,14
nagaland,longleng,2024,3,8098,14
nagaland,longleng,2024,4,8099,68
nagaland,longleng,2025,1,8100,85
nagaland,longleng,2025,2,8101,110
nagaland,longleng,2025,3,8102,115
nagaland,longleng,2025,4,8103,115
nagaland,longleng,2026,1,8104,117
nagaland,longleng,2026,2,8105,123
nagaland,meluri,2019,2,8077,1
nagaland,meluri,2019,3,8078,2
nagaland,meluri,2019,4,8079,2
nagaland,meluri,2020,1,8080,2
nagaland,meluri,2020,2,8081,3
nagaland,meluri,2020,3,8082,3
nagaland,meluri,2020,4,8083,3
nagaland,meluri,2021,1,8084,4
nagaland,meluri,2021,2,8085,5
nagaland,meluri,2021,3,8086,6
nagaland,meluri,2021,4,8087,5
nagaland,meluri,2022,1,8088,6
nagaland,meluri,2022,2,8089,6
nagaland,meluri,2022,3,8090,8
nagaland,meluri,2022,4,8091,9
nagaland,meluri,2023,1,8092,9
nagaland,meluri,2023,2,8093,9
nagaland,meluri,2023,3,8094,9
nagaland,meluri,2023,4,8095,9
nagaland,meluri,2024,1,8096,10
nagaland,meluri,2024,2,8097,10
nagaland,meluri,2024,3,8098,10
nagaland,meluri,2024,4,8099,10
nagaland,meluri,2025,1,8100,10
nagaland,meluri,2025,2,8101,10
nagaland,meluri,2025,3,8102,10
nagaland,meluri,2025,4,8103,11
nagaland,meluri,2026,1,8104,11
nagaland,meluri,2026,2,8105,25
nagaland,mokokchung,2019,1,8076,1
nagaland,mokokchung,2019,2,8077,8
nagaland,mokokchung,2019,3,8078,13
nagaland,mokokchung,2019,4,8079,16
nagaland,mokokchung,2020,1,8080,18
nagaland,mokokchung,2020,2,8081,20
nagaland,mokokchung,2020,3,8082,20
nagaland,mokokchung,2020,4,8083,20
nagaland,mokokchung,2021,1,8084,20
nagaland,mokokchung,2021,2,8085,20
nagaland,mokokchung,2021,3,8086,21
nagaland,mokokchung,2021,4,8087,23
nagaland,mokokchung,2022,1,8088,27
nagaland,mokokchung,2022,2,8089,31
nagaland,mokokchung,2022,3,8090,52
nagaland,mokokchung,2022,4,8091,54
nagaland,mokokchung,2023,1,8092,55
nagaland,mokokchung,2023,2,8093,55
nagaland,mokokchung,2023,3,8094,55
nagaland,mokokchung,2023,4,8095,75
nagaland,mokokchung,2024,1,8096,197
nagaland,mokokchung,2024,2,8097,283
nagaland,mokokchung,2024,3,8098,334
nagaland,mokokchung,2024,4,8099,394
nagaland,mokokchung,2025,1,8100,428
nagaland,mokokchung,2025,2,8101,546
nagaland,mokokchung,2025,3,8102,718
nagaland,mokokchung,2025,4,8103,803
nagaland,mokokchung,2026,1,8104,838
nagaland,mokokchung,2026,2,8105,867
nagaland,mon,2019,1,8076,1
nagaland,mon,2019,2,8077,1
nagaland,mon,2019,3,8078,4
nagaland,mon,2019,4,8079,8
nagaland,mon,2020,1,8080,14
nagaland,mon,2020,2,8081,21
nagaland,mon,2020,3,8082,21
nagaland,mon,2020,4,8083,24
nagaland,mon,2021,1,8084,27
nagaland,mon,2021,2,8085,34
nagaland,mon,2021,3,8086,40
nagaland,mon,2021,4,8087,44
nagaland,mon,2022,1,8088,60
nagaland,mon,2022,2,8089,99
nagaland,mon,2022,3,8090,129
nagaland,mon,2022,4,8091,140
nagaland,mon,2023,1,8092,143
nagaland,mon,2023,2,8093,144
nagaland,mon,2023,3,8094,146
nagaland,mon,2023,4,8095,145
nagaland,mon,2024,1,8096,146
nagaland,mon,2024,2,8097,154
nagaland,mon,2024,3,8098,155
nagaland,mon,2024,4,8099,172
nagaland,mon,2025,1,8100,189
nagaland,mon,2025,2,8101,228
nagaland,mon,2025,3,8102,253
nagaland,mon,2025,4,8103,260
nagaland,mon,2026,1,8104,280
nagaland,mon,2026,2,8105,299
nagaland,niuland,2022,2,8089,1
nagaland,niuland,2022,3,8090,1
nagaland,niuland,2022,4,8091,1
nagaland,niuland,2023,1,8092,1
nagaland,niuland,2023,2,8093,1
nagaland,niuland,2023,3,8094,1
nagaland,niuland,2023,4,8095,1
nagaland,niuland,2024,1,8096,1
nagaland,niuland,2024,2,8097,1
nagaland,niuland,2024,3,8098,1
nagaland,niuland,2024,4,8099,1
nagaland,niuland,2025,1,8100,1
nagaland,niuland,2025,2,8101,1
nagaland,niuland,2025,3,8102,1
nagaland,niuland,2025,4,8103,1
nagaland,niuland,2026,1,8104,1
nagaland,niuland,2026,2,8105,1
nagaland,noklak,2022,4,8091,1
nagaland,noklak,2023,1,8092,1
nagaland,noklak,2023,2,8093,1
nagaland,noklak,2023,3,8094,1
nagaland,noklak,2023,4,8095,1
nagaland,noklak,2024,1,8096,1
nagaland,noklak,2024,2,8097,1
nagaland,noklak,2024,3,8098,1
nagaland,noklak,2024,4,8099,1
nagaland,noklak,2025,1,8100,1
nagaland,noklak,2025,2,8101,1
nagaland,noklak,2025,3,8102,1
nagaland,noklak,2025,4,8103,1
nagaland,noklak,2026,1,8104,1
nagaland,noklak,2026,2,8105,2
nagaland,peren,2019,1,8076,1
nagaland,peren,2019,2,8077,1
nagaland,peren,2019,3,8078,1
nagaland,peren,2019,4,8079,1
nagaland,peren,2020,1,8080,1
nagaland,peren,2020,2,8081,1
nagaland,peren,2020,3,8082,1
nagaland,peren,2020,4,8083,4
nagaland,peren,2021,1,8084,7
nagaland,peren,2021,2,8085,11
nagaland,peren,2021,3,8086,14
nagaland,peren,2021,4,8087,18
nagaland,peren,2022,1,8088,22
nagaland,peren,2022,2,8089,22
nagaland,peren,2022,3,8090,27
nagaland,peren,2022,4,8091,28
nagaland,peren,2023,1,8092,28
nagaland,peren,2023,2,8093,28
nagaland,peren,2023,3,8094,28
nagaland,peren,2023,4,8095,28
nagaland,peren,2024,1,8096,31
nagaland,peren,2024,2,8097,33
nagaland,peren,2024,3,8098,76
nagaland,peren,2024,4,8099,123
nagaland,peren,2025,1,8100,153
nagaland,peren,2025,2,8101,171
nagaland,peren,2025,3,8102,234
nagaland,peren,2025,4,8103,312
nagaland,peren,2026,1,8104,344
nagaland,peren,2026,2,8105,378
nagaland,phek,2018,3,8074,1
nagaland,phek,2018,4,8075,14
nagaland,phek,2019,1,8076,15
nagaland,phek,2019,2,8077,16
nagaland,phek,2019,3,8078,17
nagaland,phek,2019,4,8079,17
nagaland,phek,2020,1,8080,17
nagaland,phek,2020,2,8081,20
nagaland,phek,2020,3,8082,20
nagaland,phek,2020,4,8083,21
nagaland,phek,2021,1,8084,22
nagaland,phek,2021,2,8085,22
nagaland,phek,2021,3,8086,24
nagaland,phek,2021,4,8087,35
nagaland,phek,2022,1,8088,39
nagaland,phek,2022,2,8089,39
nagaland,phek,2022,3,8090,39
nagaland,phek,2022,4,8091,41
nagaland,phek,2023,1,8092,41
nagaland,phek,2023,2,8093,42
nagaland,phek,2023,3,8094,42
nagaland,phek,2023,4,8095,42
nagaland,phek,2024,1,8096,43
nagaland,phek,2024,2,8097,43
nagaland,phek,2024,3,8098,43
nagaland,phek,2024,4,8099,43
nagaland,phek,2025,1,8100,44
nagaland,phek,2025,2,8101,44
nagaland,phek,2025,3,8102,46
nagaland,phek,2025,4,8103,55
nagaland,phek,2026,1,8104,81
nagaland,phek,2026,2,8105,95
nagaland,shamator,2019,3,8078,1
nagaland,shamator,2019,4,8079,1
nagaland,shamator,2020,1,8080,1
nagaland,shamator,2020,2,8081,2
nagaland,shamator,2020,3,8082,2
nagaland,shamator,2020,4,8083,3
nagaland,shamator,2021,1,8084,3
nagaland,shamator,2021,2,8085,3
nagaland,shamator,2021,3,8086,3
nagaland,shamator,2021,4,8087,3
nagaland,shamator,2022,1,8088,4
nagaland,shamator,2022,2,8089,4
nagaland,shamator,2022,3,8090,4
nagaland,shamator,2022,4,8091,4
nagaland,shamator,2023,1,8092,4
nagaland,shamator,2023,2,8093,4
nagaland,shamator,2023,3,8094,4
nagaland,shamator,2023,4,8095,4
nagaland,shamator,2024,1,8096,4
nagaland,shamator,2024,2,8097,4
nagaland,shamator,2024,3,8098,4
nagaland,shamator,2024,4,8099,4
nagaland,shamator,2025,1,8100,4
nagaland,shamator,2025,2,8101,4
nagaland,shamator,2025,3,8102,4
nagaland,shamator,2025,4,8103,5
nagaland,shamator,2026,1,8104,5
nagaland,shamator,2026,2,8105,5
nagaland,tseminyu,2020,1,8080,1
nagaland,tseminyu,2020,2,8081,1
nagaland,tseminyu,2020,3,8082,1
nagaland,tseminyu,2020,4,8083,2
nagaland,tseminyu,2021,1,8084,2
nagaland,tseminyu,2021,2,8085,3
nagaland,tseminyu,2021,3,8086,3
nagaland,tseminyu,2021,4,8087,4
nagaland,tseminyu,2022,1,8088,4
nagaland,tseminyu,2022,2,8089,4
nagaland,tseminyu,2022,3,8090,4
nagaland,tseminyu,2022,4,8091,4
nagaland,tseminyu,2023,1,8092,4
nagaland,tseminyu,2023,2,8093,4
nagaland,tseminyu,2023,3,8094,4
nagaland,tseminyu,2023,4,8095,4
nagaland,tseminyu,2024,1,8096,4
nagaland,tseminyu,2024,2,8097,4
nagaland,tseminyu,2024,3,8098,5
nagaland,tseminyu,2024,4,8099,30
nagaland,tseminyu,2025,1,8100,34
nagaland,tseminyu,2025,2,8101,34
nagaland,tseminyu,2025,3,8102,34
nagaland,tseminyu,2025,4,8103,34
nagaland,tseminyu,2026,1,8104,34
nagaland,tseminyu,2026,2,8105,35
nagaland,tuensang,2019,2,8077,2
nagaland,tuensang,2019,3,8078,4
nagaland,tuensang,2019,4,8079,4
nagaland,tuensang,2020,1,8080,6
nagaland,tuensang,2020,2,8081,10
nagaland,tuensang,2020,3,8082,11
nagaland,tuensang,2020,4,8083,11
nagaland,tuensang,2021,1,8084,11
nagaland,tuensang,2021,2,8085,11
nagaland,tuensang,2021,3,8086,12
nagaland,tuensang,2021,4,8087,13
nagaland,tuensang,2022,1,8088,17
nagaland,tuensang,2022,2,8089,21
nagaland,tuensang,2022,3,8090,29
nagaland,tuensang,2022,4,8091,33
nagaland,tuensang,2023,1,8092,33
nagaland,tuensang,2023,2,8093,33
nagaland,tuensang,2023,3,8094,33
nagaland,tuensang,2023,4,8095,33
nagaland,tuensang,2024,1,8096,33
nagaland,tuensang,2024,2,8097,33
nagaland,tuensang,2024,3,8098,33
nagaland,tuensang,2024,4,8099,50
nagaland,tuensang,2025,1,8100,119
nagaland,tuensang,2025,2,8101,151
nagaland,tuensang,2025,3,8102,215
nagaland,tuensang,2025,4,8103,294
nagaland,tuensang,2026,1,8104,327
nagaland,tuensang,2026,2,8105,362
nagaland,wokha,2019,1,8076,1
nagaland,wokha,2019,2,8077,3
nagaland,wokha,2019,3,8078,4
nagaland,wokha,2019,4,8079,5
nagaland,wokha,2020,1,8080,8
nagaland,wokha,2020,2,8081,9
nagaland,wokha,2020,3,8082,9
nagaland,wokha,2020,4,8083,9
nagaland,wokha,2021,1,8084,9
nagaland,wokha,2021,2,8085,11
nagaland,wokha,2021,3,8086,13
nagaland,wokha,2021,4,8087,35
nagaland,wokha,2022,1,8088,40
nagaland,wokha,2022,2,8089,48
nagaland,wokha,2022,3,8090,52
nagaland,wokha,2022,4,8091,52
nagaland,wokha,2023,1,8092,52
nagaland,wokha,2023,2,8093,52
nagaland,wokha,2023,3,8094,53
nagaland,wokha,2023,4,8095,54
nagaland,wokha,2024,1,8096,55
nagaland,wokha,2024,2,8097,57
nagaland,wokha,2024,3,8098,58
nagaland,wokha,2024,4,8099,70
nagaland,wokha,2025,1,8100,92
nagaland,wokha,2025,2,8101,93
nagaland,wokha,2025,3,8102,96
nagaland,wokha,2025,4,8103,96
nagaland,wokha,2026,1,8104,101
nagaland,wokha,2026,2,8105,107
nagaland,zunheboto,2019,3,8078,1
nagaland,zunheboto,2019,4,8079,2
nagaland,zunheboto,2020,1,8080,2
nagaland,zunheboto,2020,2,8081,2
nagaland,zunheboto,2020,3,8082,3
nagaland,zunheboto,2020,4,8083,3
nagaland,zunheboto,2021,1,8084,3
nagaland,zunheboto,2021,2,8085,3
nagaland,zunheboto,2021,3,8086,4
nagaland,zunheboto,2021,4,8087,6
nagaland,zunheboto,2022,1,8088,10
nagaland,zunheboto,2022,2,8089,11
nagaland,zunheboto,2022,3,8090,12
nagaland,zunheboto,2022,4,8091,13
nagaland,zunheboto,2023,1,8092,14
nagaland,zunheboto,2023,2,8093,14
nagaland,zunheboto,2023,3,8094,14
nagaland,zunheboto,2023,4,8095,14
nagaland,zunheboto,2024,1,8096,14
nagaland,zunheboto,2024,2,8097,15
nagaland,zunheboto,2024,3,8098,23
nagaland,zunheboto,2024,4,8099,25
nagaland,zunheboto,2025,1,8100,28
nagaland,zunheboto,2025,2,8101,31
nagaland,zunheboto,2025,3,8102,52
nagaland,zunheboto,2025,4,8103,56
nagaland,zunheboto,2026,1,8104,103
nagaland,zunheboto,2026,2,8105,181
odisha,angul,2018,4,8075,16
odisha,angul,2019,1,8076,1042
odisha,angul,2019,2,8077,3555
odisha,angul,2019,3,8078,4648
odisha,angul,2019,4,8079,5486
odisha,angul,2020,1,8080,6083
odisha,angul,2020,2,8081,6295
odisha,angul,2020,3,8082,8444
odisha,angul,2020,4,8083,10739
odisha,angul,2021,1,8084,13411
odisha,angul,2021,2,8085,14843
odisha,angul,2021,3,8086,17788
odisha,angul,2021,4,8087,20898
odisha,angul,2022,1,8088,23666
odisha,angul,2022,2,8089,25512
odisha,angul,2022,3,8090,27729
odisha,angul,2022,4,8091,29247
odisha,angul,2023,1,8092,29351
odisha,angul,2023,2,8093,29680
odisha,angul,2023,3,8094,30356
odisha,angul,2023,4,8095,31242
odisha,angul,2024,1,8096,32010
odisha,angul,2024,2,8097,32997
odisha,angul,2024,3,8098,33853
odisha,angul,2024,4,8099,34912
odisha,angul,2025,1,8100,35759
odisha,angul,2025,2,8101,36680
odisha,angul,2025,3,8102,37850
odisha,angul,2025,4,8103,39338
odisha,angul,2026,1,8104,40649
odisha,angul,2026,2,8105,41773
odisha,balangir,2018,4,8075,7
odisha,balangir,2019,1,8076,463
odisha,balangir,2019,2,8077,1143
odisha,balangir,2019,3,8078,1646
odisha,balangir,2019,4,8079,2189
odisha,balangir,2020,1,8080,2517
odisha,balangir,2020,2,8081,2688
odisha,balangir,2020,3,8082,5044
odisha,balangir,2020,4,8083,7429
odisha,balangir,2021,1,8084,9675
odisha,balangir,2021,2,8085,10513
odisha,balangir,2021,3,8086,12314
odisha,balangir,2021,4,8087,15028
odisha,balangir,2022,1,8088,17057
odisha,balangir,2022,2,8089,18954
odisha,balangir,2022,3,8090,20690
odisha,balangir,2022,4,8091,22240
odisha,balangir,2023,1,8092,22488
odisha,balangir,2023,2,8093,22948
odisha,balangir,2023,3,8094,23643
odisha,balangir,2023,4,8095,24019
odisha,balangir,2024,1,8096,24294
odisha,balangir,2024,2,8097,24899
odisha,balangir,2024,3,8098,25904
odisha,balangir,2024,4,8099,27084
odisha,balangir,2025,1,8100,28043
odisha,balangir,2025,2,8101,28947
odisha,balangir,2025,3,8102,30271
odisha,balangir,2025,4,8103,31562
odisha,balangir,2026,1,8104,32306
odisha,balangir,2026,2,8105,33078
odisha,balasore,2018,3,8074,1
odisha,balasore,2018,4,8075,47
odisha,balasore,2019,1,8076,4493
odisha,balasore,2019,2,8077,10670
odisha,balasore,2019,3,8078,14177
odisha,balasore,2019,4,8079,17531
odisha,balasore,2020,1,8080,19716
odisha,balasore,2020,2,8081,20415
odisha,balasore,2020,3,8082,23393
odisha,balasore,2020,4,8083,32131
odisha,balasore,2021,1,8084,37905
odisha,balasore,2021,2,8085,41379
odisha,balasore,2021,3,8086,45972
odisha,balasore,2021,4,8087,52583
odisha,balasore,2022,1,8088,58132
odisha,balasore,2022,2,8089,61796
odisha,balasore,2022,3,8090,65314
odisha,balasore,2022,4,8091,68320
odisha,balasore,2023,1,8092,68508
odisha,balasore,2023,2,8093,70063
odisha,balasore,2023,3,8094,72245
odisha,balasore,2023,4,8095,74280
odisha,balasore,2024,1,8096,76392
odisha,balasore,2024,2,8097,78622
odisha,balasore,2024,3,8098,80607
odisha,balasore,2024,4,8099,83202
odisha,balasore,2025,1,8100,85410
odisha,balasore,2025,2,8101,87675
odisha,balasore,2025,3,8102,90278
odisha,balasore,2025,4,8103,93865
odisha,balasore,2026,1,8104,96267
odisha,balasore,2026,2,8105,98662
odisha,bargarh,2018,4,8075,17
odisha,bargarh,2019,1,8076,619
odisha,bargarh,2019,2,8077,1625
odisha,bargarh,2019,3,8078,2402
odisha,bargarh,2019,4,8079,3179
odisha,bargarh,2020,1,8080,3601
odisha,bargarh,2020,2,8081,3798
odisha,bargarh,2020,3,8082,5369
odisha,bargarh,2020,4,8083,8071
odisha,bargarh,2021,1,8084,10349
odisha,bargarh,2021,2,8085,11298
odisha,bargarh,2021,3,8086,12712
odisha,bargarh,2021,4,8087,14362
odisha,bargarh,2022,1,8088,16169
odisha,bargarh,2022,2,8089,17544
odisha,bargarh,2022,3,8090,18907
odisha,bargarh,2022,4,8091,20342
odisha,bargarh,2023,1,8092,20958
odisha,bargarh,2023,2,8093,21718
odisha,bargarh,2023,3,8094,22599
odisha,bargarh,2023,4,8095,23089
odisha,bargarh,2024,1,8096,23623
odisha,bargarh,2024,2,8097,24803
odisha,bargarh,2024,3,8098,25718
odisha,bargarh,2024,4,8099,26831
odisha,bargarh,2025,1,8100,27996
odisha,bargarh,2025,2,8101,29007
odisha,bargarh,2025,3,8102,29926
odisha,bargarh,2025,4,8103,31262
odisha,bargarh,2026,1,8104,32175
odisha,bargarh,2026,2,8105,33221
odisha,bhadrak,2018,3,8074,4
odisha,bhadrak,2018,4,8075,32
odisha,bhadrak,2019,1,8076,1850
odisha,bhadrak,2019,2,8077,6391
odisha,bhadrak,2019,3,8078,8516
odisha,bhadrak,2019,4,8079,10439
odisha,bhadrak,2020,1,8080,11760
odisha,bhadrak,2020,2,8081,12137
odisha,bhadrak,2020,3,8082,13806
odisha,bhadrak,2020,4,8083,20599
odisha,bhadrak,2021,1,8084,24883
odisha,bhadrak,2021,2,8085,27003
odisha,bhadrak,2021,3,8086,29385
odisha,bhadrak,2021,4,8087,31297
odisha,bhadrak,2022,1,8088,36858
odisha,bhadrak,2022,2,8089,41221
odisha,bhadrak,2022,3,8090,44228
odisha,bhadrak,2022,4,8091,46465
odisha,bhadrak,2023,1,8092,45899
odisha,bhadrak,2023,2,8093,46739
odisha,bhadrak,2023,3,8094,47945
odisha,bhadrak,2023,4,8095,48990
odisha,bhadrak,2024,1,8096,49840
odisha,bhadrak,2024,2,8097,51144
odisha,bhadrak,2024,3,8098,52449
odisha,bhadrak,2024,4,8099,53802
odisha,bhadrak,2025,1,8100,55448
odisha,bhadrak,2025,2,8101,57502
odisha,bhadrak,2025,3,8102,59652
odisha,bhadrak,2025,4,8103,62104
odisha,bhadrak,2026,1,8104,63578
odisha,bhadrak,2026,2,8105,65079
odisha,boudh,2019,1,8076,271
odisha,boudh,2019,2,8077,755
odisha,boudh,2019,3,8078,890
odisha,boudh,2019,4,8079,1001
odisha,boudh,2020,1,8080,1087
odisha,boudh,2020,2,8081,1119
odisha,boudh,2020,3,8082,1329
odisha,boudh,2020,4,8083,2018
odisha,boudh,2021,1,8084,2598
odisha,boudh,2021,2,8085,2883
odisha,boudh,2021,3,8086,3131
odisha,boudh,2021,4,8087,3676
odisha,boudh,2022,1,8088,4095
odisha,boudh,2022,2,8089,4289
odisha,boudh,2022,3,8090,4528
odisha,boudh,2022,4,8091,4798
odisha,boudh,2023,1,8092,4944
odisha,boudh,2023,2,8093,5197
odisha,boudh,2023,3,8094,5736
odisha,boudh,2023,4,8095,6134
odisha,boudh,2024,1,8096,6541
odisha,boudh,2024,2,8097,7054
odisha,boudh,2024,3,8098,7375
odisha,boudh,2024,4,8099,7697
odisha,boudh,2025,1,8100,8133
odisha,boudh,2025,2,8101,8542
odisha,boudh,2025,3,8102,8961
odisha,boudh,2025,4,8103,9237
odisha,boudh,2026,1,8104,9417
odisha,boudh,2026,2,8105,9629
odisha,cuttack,2018,3,8074,3
odisha,cuttack,2018,4,8075,32
odisha,cuttack,2019,1,8076,7580
odisha,cuttack,2019,2,8077,18756
odisha,cuttack,2019,3,8078,26449
odisha,cuttack,2019,4,8079,31835
odisha,cuttack,2020,1,8080,36085
odisha,cuttack,2020,2,8081,38013
odisha,cuttack,2020,3,8082,42414
odisha,cuttack,2020,4,8083,53368
odisha,cuttack,2021,1,8084,60621
odisha,cuttack,2021,2,8085,65098
odisha,cuttack,2021,3,8086,71919
odisha,cuttack,2021,4,8087,80157
odisha,cuttack,2022,1,8088,87253
odisha,cuttack,2022,2,8089,93037
odisha,cuttack,2022,3,8090,97913
odisha,cuttack,2022,4,8091,102500
odisha,cuttack,2023,1,8092,100352
odisha,cuttack,2023,2,8093,101701
odisha,cuttack,2023,3,8094,104475
odisha,cuttack,2023,4,8095,107012
odisha,cuttack,2024,1,8096,109783
odisha,cuttack,2024,2,8097,113238
odisha,cuttack,2024,3,8098,116434
odisha,cuttack,2024,4,8099,119295
odisha,cuttack,2025,1,8100,121907
odisha,cuttack,2025,2,8101,124144
odisha,cuttack,2025,3,8102,127170
odisha,cuttack,2025,4,8103,131064
odisha,cuttack,2026,1,8104,134411
odisha,cuttack,2026,2,8105,138121
odisha,deogarh,2019,1,8076,109
odisha,deogarh,2019,2,8077,310
odisha,deogarh,2019,3,8078,366
odisha,deogarh,2019,4,8079,426
odisha,deogarh,2020,1,8080,464
odisha,deogarh,2020,2,8081,478
odisha,deogarh,2020,3,8082,499
odisha,deogarh,2020,4,8083,880
odisha,deogarh,2021,1,8084,949
odisha,deogarh,2021,2,8085,1122
odisha,deogarh,2021,3,8086,1384
odisha,deogarh,2021,4,8087,1659
odisha,deogarh,2022,1,8088,1950
odisha,deogarh,2022,2,8089,2116
odisha,deogarh,2022,3,8090,2296
odisha,deogarh,2022,4,8091,2383
odisha,deogarh,2023,1,8092,2418
odisha,deogarh,2023,2,8093,2532
odisha,deogarh,2023,3,8094,2614
odisha,deogarh,2023,4,8095,2657
odisha,deogarh,2024,1,8096,2727
odisha,deogarh,2024,2,8097,2825
odisha,deogarh,2024,3,8098,2890
odisha,deogarh,2024,4,8099,2979
odisha,deogarh,2025,1,8100,3051
odisha,deogarh,2025,2,8101,3064
odisha,deogarh,2025,3,8102,3092
odisha,deogarh,2025,4,8103,3141
odisha,deogarh,2026,1,8104,3236
odisha,deogarh,2026,2,8105,3354
odisha,dhenkanal,2018,4,8075,16
odisha,dhenkanal,2019,1,8076,1576
odisha,dhenkanal,2019,2,8077,4077
odisha,dhenkanal,2019,3,8078,5303
odisha,dhenkanal,2019,4,8079,6155
odisha,dhenkanal,2020,1,8080,6950
odisha,dhenkanal,2020,2,8081,7236
odisha,dhenkanal,2020,3,8082,8243
odisha,dhenkanal,2020,4,8083,11310
odisha,dhenkanal,2021,1,8084,15254
odisha,dhenkanal,2021,2,8085,17653
odisha,dhenkanal,2021,3,8086,20490
odisha,dhenkanal,2021,4,8087,22645
odisha,dhenkanal,2022,1,8088,26458
odisha,dhenkanal,2022,2,8089,28821
odisha,dhenkanal,2022,3,8090,31099
odisha,dhenkanal,2022,4,8091,33038
odisha,dhenkanal,2023,1,8092,31568
odisha,dhenkanal,2023,2,8093,31982
odisha,dhenkanal,2023,3,8094,32519
odisha,dhenkanal,2023,4,8095,33014
odisha,dhenkanal,2024,1,8096,33655
odisha,dhenkanal,2024,2,8097,34425
odisha,dhenkanal,2024,3,8098,35276
odisha,dhenkanal,2024,4,8099,36707
odisha,dhenkanal,2025,1,8100,38029
odisha,dhenkanal,2025,2,8101,39337
odisha,dhenkanal,2025,3,8102,40608
odisha,dhenkanal,2025,4,8103,42322
odisha,dhenkanal,2026,1,8104,43350
odisha,dhenkanal,2026,2,8105,44485
odisha,gajapati,2018,3,8074,1
odisha,gajapati,2018,4,8075,6
odisha,gajapati,2019,1,8076,113
odisha,gajapati,2019,2,8077,206
odisha,gajapati,2019,3,8078,290
odisha,gajapati,2019,4,8079,350
odisha,gajapati,2020,1,8080,390
odisha,gajapati,2020,2,8081,423
odisha,gajapati,2020,3,8082,465
odisha,gajapati,2020,4,8083,1316
odisha,gajapati,2021,1,8084,2438
odisha,gajapati,2021,2,8085,3158
odisha,gajapati,2021,3,8086,4181
odisha,gajapati,2021,4,8087,5611
odisha,gajapati,2022,1,8088,6735
odisha,gajapati,2022,2,8089,7350
odisha,gajapati,2022,3,8090,8364
odisha,gajapati,2022,4,8091,9264
odisha,gajapati,2023,1,8092,8945
odisha,gajapati,2023,2,8093,9074
odisha,gajapati,2023,3,8094,9261
odisha,gajapati,2023,4,8095,9444
odisha,gajapati,2024,1,8096,9757
odisha,gajapati,2024,2,8097,10042
odisha,gajapati,2024,3,8098,10383
odisha,gajapati,2024,4,8099,10740
odisha,gajapati,2025,1,8100,10931
odisha,gajapati,2025,2,8101,11164
odisha,gajapati,2025,3,8102,11375
odisha,gajapati,2025,4,8103,11733
odisha,gajapati,2026,1,8104,12072
odisha,gajapati,2026,2,8105,12440
odisha,ganjam,2018,3,8074,4
odisha,ganjam,2018,4,8075,27
odisha,ganjam,2019,1,8076,1688
odisha,ganjam,2019,2,8077,4052
odisha,ganjam,2019,3,8078,5918
odisha,ganjam,2019,4,8079,8788
odisha,ganjam,2020,1,8080,10579
odisha,ganjam,2020,2,8081,11274
odisha,ganjam,2020,3,8082,12993
odisha,ganjam,2020,4,8083,22608
odisha,ganjam,2021,1,8084,32264
odisha,ganjam,2021,2,8085,39230
odisha,ganjam,2021,3,8086,47451
odisha,ganjam,2021,4,8087,56152
odisha,ganjam,2022,1,8088,64322
odisha,ganjam,2022,2,8089,69757
odisha,ganjam,2022,3,8090,75448
odisha,ganjam,2022,4,8091,81882
odisha,ganjam,2023,1,8092,82604
odisha,ganjam,2023,2,8093,84263
odisha,ganjam,2023,3,8094,87125
odisha,ganjam,2023,4,8095,90144
odisha,ganjam,2024,1,8096,92684
odisha,ganjam,2024,2,8097,95820
odisha,ganjam,2024,3,8098,98509
odisha,ganjam,2024,4,8099,101086
odisha,ganjam,2025,1,8100,103489
odisha,ganjam,2025,2,8101,105613
odisha,ganjam,2025,3,8102,107672
odisha,ganjam,2025,4,8103,110745
odisha,ganjam,2026,1,8104,113110
odisha,ganjam,2026,2,8105,115340
odisha,jagatsinghpur,2018,4,8075,13
odisha,jagatsinghpur,2019,1,8076,1566
odisha,jagatsinghpur,2019,2,8077,4100
odisha,jagatsinghpur,2019,3,8078,5561
odisha,jagatsinghpur,2019,4,8079,6946
odisha,jagatsinghpur,2020,1,8080,7852
odisha,jagatsinghpur,2020,2,8081,8131
odisha,jagatsinghpur,2020,3,8082,10000
odisha,jagatsinghpur,2020,4,8083,12856
odisha,jagatsinghpur,2021,1,8084,15249
odisha,jagatsinghpur,2021,2,8085,16881
odisha,jagatsinghpur,2021,3,8086,18860
odisha,jagatsinghpur,2021,4,8087,20992
odisha,jagatsinghpur,2022,1,8088,22917
odisha,jagatsinghpur,2022,2,8089,24488
odisha,jagatsinghpur,2022,3,8090,25732
odisha,jagatsinghpur,2022,4,8091,26891
odisha,jagatsinghpur,2023,1,8092,26584
odisha,jagatsinghpur,2023,2,8093,26833
odisha,jagatsinghpur,2023,3,8094,27437
odisha,jagatsinghpur,2023,4,8095,28218
odisha,jagatsinghpur,2024,1,8096,29038
odisha,jagatsinghpur,2024,2,8097,29870
odisha,jagatsinghpur,2024,3,8098,30439
odisha,jagatsinghpur,2024,4,8099,31320
odisha,jagatsinghpur,2025,1,8100,32359
odisha,jagatsinghpur,2025,2,8101,33089
odisha,jagatsinghpur,2025,3,8102,34296
odisha,jagatsinghpur,2025,4,8103,35992
odisha,jagatsinghpur,2026,1,8104,37421
odisha,jagatsinghpur,2026,2,8105,38761
odisha,jajpur,2018,3,8074,1
odisha,jajpur,2018,4,8075,20
odisha,jajpur,2019,1,8076,2579
odisha,jajpur,2019,2,8077,8522
odisha,jajpur,2019,3,8078,11394
odisha,jajpur,2019,4,8079,13660
odisha,jajpur,2020,1,8080,15415
odisha,jajpur,2020,2,8081,15897
odisha,jajpur,2020,3,8082,17769
odisha,jajpur,2020,4,8083,23968
odisha,jajpur,2021,1,8084,27635
odisha,jajpur,2021,2,8085,29514
odisha,jajpur,2021,3,8086,32548
odisha,jajpur,2021,4,8087,36215
odisha,jajpur,2022,1,8088,39043
odisha,jajpur,2022,2,8089,41489
odisha,jajpur,2022,3,8090,43983
odisha,jajpur,2022,4,8091,45754
odisha,jajpur,2023,1,8092,45424
odisha,jajpur,2023,2,8093,45963
odisha,jajpur,2023,3,8094,47175
odisha,jajpur,2023,4,8095,48248
odisha,jajpur,2024,1,8096,48979
odisha,jajpur,2024,2,8097,50075
odisha,jajpur,2024,3,8098,51161
odisha,jajpur,2024,4,8099,52385
odisha,jajpur,2025,1,8100,53608
odisha,jajpur,2025,2,8101,54885
odisha,jajpur,2025,3,8102,56532
odisha,jajpur,2025,4,8103,58465
odisha,jajpur,2026,1,8104,60027
odisha,jajpur,2026,2,8105,61458
odisha,jharsuguda,2018,4,8075,1
odisha,jharsuguda,2019,1,8076,151
odisha,jharsuguda,2019,2,8077,598
odisha,jharsuguda,2019,3,8078,854
odisha,jharsuguda,2019,4,8079,1462
odisha,jharsuguda,2020,1,8080,1781
odisha,jharsuguda,2020,2,8081,1947
odisha,jharsuguda,2020,3,8082,2475
odisha,jharsuguda,2020,4,8083,3842
odisha,jharsuguda,2021,1,8084,5252
odisha,jharsuguda,2021,2,8085,5759
odisha,jharsuguda,2021,3,8086,6813
odisha,jharsuguda,2021,4,8087,8011
odisha,jharsuguda,2022,1,8088,8917
odisha,jharsuguda,2022,2,8089,9544
odisha,jharsuguda,2022,3,8090,10337
odisha,jharsuguda,2022,4,8091,10859
odisha,jharsuguda,2023,1,8092,10766
odisha,jharsuguda,2023,2,8093,11008
odisha,jharsuguda,2023,3,8094,11396
odisha,jharsuguda,2023,4,8095,11745
odisha,jharsuguda,2024,1,8096,12155
odisha,jharsuguda,2024,2,8097,12835
odisha,jharsuguda,2024,3,8098,13280
odisha,jharsuguda,2024,4,8099,13848
odisha,jharsuguda,2025,1,8100,14157
odisha,jharsuguda,2025,2,8101,14322
odisha,jharsuguda,2025,3,8102,14474
odisha,jharsuguda,2025,4,8103,14940
odisha,jharsuguda,2026,1,8104,15224
odisha,jharsuguda,2026,2,8105,15500
odisha,kalahandi,2018,4,8075,8
odisha,kalahandi,2019,1,8076,449
odisha,kalahandi,2019,2,8077,1001
odisha,kalahandi,2019,3,8078,1532
odisha,kalahandi,2019,4,8079,2008
odisha,kalahandi,2020,1,8080,2313
odisha,kalahandi,2020,2,8081,2460
odisha,kalahandi,2020,3,8082,3826
odisha,kalahandi,2020,4,8083,5541
odisha,kalahandi,2021,1,8084,6883
odisha,kalahandi,2021,2,8085,7498
odisha,kalahandi,2021,3,8086,9218
odisha,kalahandi,2021,4,8087,11287
odisha,kalahandi,2022,1,8088,12877
odisha,kalahandi,2022,2,8089,14078
odisha,kalahandi,2022,3,8090,15585
odisha,kalahandi,2022,4,8091,16807
odisha,kalahandi,2023,1,8092,16565
odisha,kalahandi,2023,2,8093,16798
odisha,kalahandi,2023,3,8094,17209
odisha,kalahandi,2023,4,8095,17837
odisha,kalahandi,2024,1,8096,18678
odisha,kalahandi,2024,2,8097,19884
odisha,kalahandi,2024,3,8098,20991
odisha,kalahandi,2024,4,8099,22364
odisha,kalahandi,2025,1,8100,23715
odisha,kalahandi,2025,2,8101,24993
odisha,kalahandi,2025,3,8102,26852
odisha,kalahandi,2025,4,8103,28389
odisha,kalahandi,2026,1,8104,29293
odisha,kalahandi,2026,2,8105,30471
odisha,kandhamal,2018,4,8075,1
odisha,kandhamal,2019,1,8076,85
odisha,kandhamal,2019,2,8077,162
odisha,kandhamal,2019,3,8078,250
odisha,kandhamal,2019,4,8079,331
odisha,kandhamal,2020,1,8080,381
odisha,kandhamal,2020,2,8081,422
odisha,kandhamal,2020,3,8082,685
odisha,kandhamal,2020,4,8083,1481
odisha,kandhamal,2021,1,8084,1744
odisha,kandhamal,2021,2,8085,2100
odisha,kandhamal,2021,3,8086,2461
odisha,kandhamal,2021,4,8087,2903
odisha,kandhamal,2022,1,8088,3371
odisha,kandhamal,2022,2,8089,3781
odisha,kandhamal,2022,3,8090,4205
odisha,kandhamal,2022,4,8091,4744
odisha,kandhamal,2023,1,8092,5341
odisha,kandhamal,2023,2,8093,5347
odisha,kandhamal,2023,3,8094,5631
odisha,kandhamal,2023,4,8095,5655
odisha,kandhamal,2024,1,8096,5700
odisha,kandhamal,2024,2,8097,6040
odisha,kandhamal,2024,3,8098,6209
odisha,kandhamal,2024,4,8099,6694
odisha,kandhamal,2025,1,8100,6768
odisha,kandhamal,2025,2,8101,6892
odisha,kandhamal,2025,3,8102,6921
odisha,kandhamal,2025,4,8103,6970
odisha,kandhamal,2026,1,8104,7088
odisha,kandhamal,2026,2,8105,7193
odisha,kendrapara,2018,4,8075,7
odisha,kendrapara,2019,1,8076,1416
odisha,kendrapara,2019,2,8077,4154
odisha,kendrapara,2019,3,8078,5428
odisha,kendrapara,2019,4,8079,6606
odisha,kendrapara,2020,1,8080,7426
odisha,kendrapara,2020,2,8081,7702
odisha,kendrapara,2020,3,8082,9867
odisha,kendrapara,2020,4,8083,13196
odisha,kendrapara,2021,1,8084,15036
odisha,kendrapara,2021,2,8085,16684
odisha,kendrapara,2021,3,8086,18349
odisha,kendrapara,2021,4,8087,20537
odisha,kendrapara,2022,1,8088,22620
odisha,kendrapara,2022,2,8089,23819
odisha,kendrapara,2022,3,8090,26115
odisha,kendrapara,2022,4,8091,27673
odisha,kendrapara,2023,1,8092,26229
odisha,kendrapara,2023,2,8093,26501
odisha,kendrapara,2023,3,8094,27008
odisha,kendrapara,2023,4,8095,27400
odisha,kendrapara,2024,1,8096,27634
odisha,kendrapara,2024,2,8097,28334
odisha,kendrapara,2024,3,8098,28882
odisha,kendrapara,2024,4,8099,29669
odisha,kendrapara,2025,1,8100,30576
odisha,kendrapara,2025,2,8101,31405
odisha,kendrapara,2025,3,8102,32434
odisha,kendrapara,2025,4,8103,33762
odisha,kendrapara,2026,1,8104,35075
odisha,kendrapara,2026,2,8105,36601
odisha,kendujhar,2018,4,8075,13
odisha,kendujhar,2019,1,8076,1158
odisha,kendujhar,2019,2,8077,3017
odisha,kendujhar,2019,3,8078,4453
odisha,kendujhar,2019,4,8079,5314
odisha,kendujhar,2020,1,8080,5881
odisha,kendujhar,2020,2,8081,6155
odisha,kendujhar,2020,3,8082,9001
odisha,kendujhar,2020,4,8083,11537
odisha,kendujhar,2021,1,8084,13690
odisha,kendujhar,2021,2,8085,14927
odisha,kendujhar,2021,3,8086,17383
odisha,kendujhar,2021,4,8087,20186
odisha,kendujhar,2022,1,8088,22470
odisha,kendujhar,2022,2,8089,23783
odisha,kendujhar,2022,3,8090,25677
odisha,kendujhar,2022,4,8091,27368
odisha,kendujhar,2023,1,8092,27482
odisha,kendujhar,2023,2,8093,27881
odisha,kendujhar,2023,3,8094,29011
odisha,kendujhar,2023,4,8095,29789
odisha,kendujhar,2024,1,8096,30217
odisha,kendujhar,2024,2,8097,30833
odisha,kendujhar,2024,3,8098,31641
odisha,kendujhar,2024,4,8099,32584
odisha,kendujhar,2025,1,8100,33710
odisha,kendujhar,2025,2,8101,35048
odisha,kendujhar,2025,3,8102,36280
odisha,kendujhar,2025,4,8103,37828
odisha,kendujhar,2026,1,8104,38821
odisha,kendujhar,2026,2,8105,39852
odisha,khordha,2018,1,8072,4
odisha,khordha,2018,2,8073,2
odisha,khordha,2018,3,8074,11
odisha,khordha,2018,4,8075,71
odisha,khordha,2019,1,8076,21042
odisha,khordha,2019,2,8077,44058
odisha,khordha,2019,3,8078,59270
odisha,khordha,2019,4,8079,71163
odisha,khordha,2020,1,8080,82614
odisha,khordha,2020,2,8081,87192
odisha,khordha,2020,3,8082,98725
odisha,khordha,2020,4,8083,113834
odisha,khordha,2021,1,8084,122120
odisha,khordha,2021,2,8085,126749
odisha,khordha,2021,3,8086,136438
odisha,khordha,2021,4,8087,146602
odisha,khordha,2022,1,8088,157139
odisha,khordha,2022,2,8089,165440
odisha,khordha,2022,3,8090,173873
odisha,khordha,2022,4,8091,180739
odisha,khordha,2023,1,8092,176731
odisha,khordha,2023,2,8093,179668
odisha,khordha,2023,3,8094,183540
odisha,khordha,2023,4,8095,187684
odisha,khordha,2024,1,8096,192468
odisha,khordha,2024,2,8097,197648
odisha,khordha,2024,3,8098,203162
odisha,khordha,2024,4,8099,208915
odisha,khordha,2025,1,8100,214482
odisha,khordha,2025,2,8101,218416
odisha,khordha,2025,3,8102,222054
odisha,khordha,2025,4,8103,227348
odisha,khordha,2026,1,8104,231673
odisha,khordha,2026,2,8105,236790
odisha,koraput,2018,1,8072,8
odisha,koraput,2018,2,8073,4
odisha,koraput,2018,3,8074,8
odisha,koraput,2018,4,8075,29
odisha,koraput,2019,1,8076,159
odisha,koraput,2019,2,8077,307
odisha,koraput,2019,3,8078,418
odisha,koraput,2019,4,8079,530
odisha,koraput,2020,1,8080,658
odisha,koraput,2020,2,8081,705
odisha,koraput,2020,3,8082,856
odisha,koraput,2020,4,8083,2161
odisha,koraput,2021,1,8084,3949
odisha,koraput,2021,2,8085,4618
odisha,koraput,2021,3,8086,5935
odisha,koraput,2021,4,8087,7925
odisha,koraput,2022,1,8088,9410
odisha,koraput,2022,2,8089,10521
odisha,koraput,2022,3,8090,11737
odisha,koraput,2022,4,8091,13222
odisha,koraput,2023,1,8092,13973
odisha,koraput,2023,2,8093,14491
odisha,koraput,2023,3,8094,14870
odisha,koraput,2023,4,8095,15793
odisha,koraput,2024,1,8096,16803
odisha,koraput,2024,2,8097,18026
odisha,koraput,2024,3,8098,18998
odisha,koraput,2024,4,8099,20121
odisha,koraput,2025,1,8100,21121
odisha,koraput,2025,2,8101,22249
odisha,koraput,2025,3,8102,23121
odisha,koraput,2025,4,8103,24612
odisha,koraput,2026,1,8104,25444
odisha,koraput,2026,2,8105,26166
odisha,malkangiri,2019,1,8076,11
odisha,malkangiri,2019,2,8077,49
odisha,malkangiri,2019,3,8078,83
odisha,malkangiri,2019,4,8079,118
odisha,malkangiri,2020,1,8080,148
odisha,malkangiri,2020,2,8081,175
odisha,malkangiri,2020,3,8082,192
odisha,malkangiri,2020,4,8083,317
odisha,malkangiri,2021,1,8084,740
odisha,malkangiri,2021,2,8085,835
odisha,malkangiri,2021,3,8086,1081
odisha,malkangiri,2021,4,8087,1829
odisha,malkangiri,2022,1,8088,2618
odisha,malkangiri,2022,2,8089,2954
odisha,malkangiri,2022,3,8090,3638
odisha,malkangiri,2022,4,8091,4352
odisha,malkangiri,2023,1,8092,4768
odisha,malkangiri,2023,2,8093,5270
odisha,malkangiri,2023,3,8094,5474
odisha,malkangiri,2023,4,8095,5588
odisha,malkangiri,2024,1,8096,5654
odisha,malkangiri,2024,2,8097,5915
odisha,malkangiri,2024,3,8098,6208
odisha,malkangiri,2024,4,8099,6502
odisha,malkangiri,2025,1,8100,6808
odisha,malkangiri,2025,2,8101,7299
odisha,malkangiri,2025,3,8102,7428
odisha,malkangiri,2025,4,8103,7682
odisha,malkangiri,2026,1,8104,7830
odisha,malkangiri,2026,2,8105,7993
odisha,mayurbhanj,2018,4,8075,6
odisha,mayurbhanj,2019,1,8076,1267
odisha,mayurbhanj,2019,2,8077,3354
odisha,mayurbhanj,2019,3,8078,4761
odisha,mayurbhanj,2019,4,8079,6030
odisha,mayurbhanj,2020,1,8080,7087
odisha,mayurbhanj,2020,2,8081,7694
odisha,mayurbhanj,2020,3,8082,8576
odisha,mayurbhanj,2020,4,8083,11513
odisha,mayurbhanj,2021,1,8084,14109
odisha,mayurbhanj,2021,2,8085,15626
odisha,mayurbhanj,2021,3,8086,18849
odisha,mayurbhanj,2021,4,8087,21852
odisha,mayurbhanj,2022,1,8088,24318
odisha,mayurbhanj,2022,2,8089,26172
odisha,mayurbhanj,2022,3,8090,28295
odisha,mayurbhanj,2022,4,8091,30296
odisha,mayurbhanj,2023,1,8092,30724
odisha,mayurbhanj,2023,2,8093,31646
odisha,mayurbhanj,2023,3,8094,33183
odisha,mayurbhanj,2023,4,8095,34107
odisha,mayurbhanj,2024,1,8096,34999
odisha,mayurbhanj,2024,2,8097,36103
odisha,mayurbhanj,2024,3,8098,37134
odisha,mayurbhanj,2024,4,8099,38341
odisha,mayurbhanj,2025,1,8100,39264
odisha,mayurbhanj,2025,2,8101,40301
odisha,mayurbhanj,2025,3,8102,41772
odisha,mayurbhanj,2025,4,8103,43593
odisha,mayurbhanj,2026,1,8104,45001
odisha,mayurbhanj,2026,2,8105,46357
odisha,nabarangpur,2019,1,8076,53
odisha,nabarangpur,2019,2,8077,129
odisha,nabarangpur,2019,3,8078,188
odisha,nabarangpur,2019,4,8079,247
odisha,nabarangpur,2020,1,8080,306
odisha,nabarangpur,2020,2,8081,337
odisha,nabarangpur,2020,3,8082,371
odisha,nabarangpur,2020,4,8083,1274
odisha,nabarangpur,2021,1,8084,2670
odisha,nabarangpur,2021,2,8085,3132
odisha,nabarangpur,2021,3,8086,3883
odisha,nabarangpur,2021,4,8087,5171
odisha,nabarangpur,2022,1,8088,6176
odisha,nabarangpur,2022,2,8089,7010
odisha,nabarangpur,2022,3,8090,8535
odisha,nabarangpur,2022,4,8091,10061
odisha,nabarangpur,2023,1,8092,9944
odisha,nabarangpur,2023,2,8093,10470
odisha,nabarangpur,2023,3,8094,11180
odisha,nabarangpur,2023,4,8095,11676
odisha,nabarangpur,2024,1,8096,12121
odisha,nabarangpur,2024,2,8097,12762
odisha,nabarangpur,2024,3,8098,13356
odisha,nabarangpur,2024,4,8099,13975
odisha,nabarangpur,2025,1,8100,14485
odisha,nabarangpur,2025,2,8101,15020
odisha,nabarangpur,2025,3,8102,15615
odisha,nabarangpur,2025,4,8103,16434
odisha,nabarangpur,2026,1,8104,17103
odisha,nabarangpur,2026,2,8105,17948
odisha,nayagarh,2018,3,8074,2
odisha,nayagarh,2018,4,8075,10
odisha,nayagarh,2019,1,8076,1857
odisha,nayagarh,2019,2,8077,6561
odisha,nayagarh,2019,3,8078,8596
odisha,nayagarh,2019,4,8079,9940
odisha,nayagarh,2020,1,8080,11145
odisha,nayagarh,2020,2,8081,11653
odisha,nayagarh,2020,3,8082,12769
odisha,nayagarh,2020,4,8083,16127
odisha,nayagarh,2021,1,8084,18117
odisha,nayagarh,2021,2,8085,19454
odisha,nayagarh,2021,3,8086,21678
odisha,nayagarh,2021,4,8087,24466
odisha,nayagarh,2022,1,8088,27128
odisha,nayagarh,2022,2,8089,28602
odisha,nayagarh,2022,3,8090,30108
odisha,nayagarh,2022,4,8091,31687
odisha,nayagarh,2023,1,8092,31798
odisha,nayagarh,2023,2,8093,32491
odisha,nayagarh,2023,3,8094,33229
odisha,nayagarh,2023,4,8095,33832
odisha,nayagarh,2024,1,8096,34373
odisha,nayagarh,2024,2,8097,35033
odisha,nayagarh,2024,3,8098,35823
odisha,nayagarh,2024,4,8099,36562
odisha,nayagarh,2025,1,8100,37264
odisha,nayagarh,2025,2,8101,37782
odisha,nayagarh,2025,3,8102,38194
odisha,nayagarh,2025,4,8103,38661
odisha,nayagarh,2026,1,8104,38951
odisha,nayagarh,2026,2,8105,39438
odisha,nuapada,2018,4,8075,3
odisha,nuapada,2019,1,8076,101
odisha,nuapada,2019,2,8077,207
odisha,nuapada,2019,3,8078,278
odisha,nuapada,2019,4,8079,343
odisha,nuapada,2020,1,8080,408
odisha,nuapada,2020,2,8081,440
odisha,nuapada,2020,3,8082,738
odisha,nuapada,2020,4,8083,1122
odisha,nuapada,2021,1,8084,1874
odisha,nuapada,2021,2,8085,2144
odisha,nuapada,2021,3,8086,2426
odisha,nuapada,2021,4,8087,2959
odisha,nuapada,2022,1,8088,3715
odisha,nuapada,2022,2,8089,4262
odisha,nuapada,2022,3,8090,4666
odisha,nuapada,2022,4,8091,4976
odisha,nuapada,2023,1,8092,5024
odisha,nuapada,2023,2,8093,5096
odisha,nuapada,2023,3,8094,5204
odisha,nuapada,2023,4,8095,5367
odisha,nuapada,2024,1,8096,5445
odisha,nuapada,2024,2,8097,5692
odisha,nuapada,2024,3,8098,5796
odisha,nuapada,2024,4,8099,6323
odisha,nuapada,2025,1,8100,6612
odisha,nuapada,2025,2,8101,7171
odisha,nuapada,2025,3,8102,7439
odisha,nuapada,2025,4,8103,7588
odisha,nuapada,2026,1,8104,7820
odisha,nuapada,2026,2,8105,8138
odisha,puri,2018,4,8075,30
odisha,puri,2019,1,8076,3678
odisha,puri,2019,2,8077,13938
odisha,puri,2019,3,8078,19983
odisha,puri,2019,4,8079,24962
odisha,puri,2020,1,8080,29224
odisha,puri,2020,2,8081,31001
odisha,puri,2020,3,8082,35652
odisha,puri,2020,4,8083,43877
odisha,puri,2021,1,8084,49570
odisha,puri,2021,2,8085,52983
odisha,puri,2021,3,8086,58613
odisha,puri,2021,4,8087,62764
odisha,puri,2022,1,8088,67413
odisha,puri,2022,2,8089,70660
odisha,puri,2022,3,8090,74336
odisha,puri,2022,4,8091,77245
odisha,puri,2023,1,8092,74265
odisha,puri,2023,2,8093,75313
odisha,puri,2023,3,8094,77641
odisha,puri,2023,4,8095,79284
odisha,puri,2024,1,8096,81068
odisha,puri,2024,2,8097,83223
odisha,puri,2024,3,8098,85053
odisha,puri,2024,4,8099,86817
odisha,puri,2025,1,8100,88529
odisha,puri,2025,2,8101,90279
odisha,puri,2025,3,8102,92543
odisha,puri,2025,4,8103,95979
odisha,puri,2026,1,8104,98581
odisha,puri,2026,2,8105,102056
odisha,rayagada,2018,3,8074,1
odisha,rayagada,2018,4,8075,4
odisha,rayagada,2019,1,8076,96
odisha,rayagada,2019,2,8077,243
odisha,rayagada,2019,3,8078,369
odisha,rayagada,2019,4,8079,480
odisha,rayagada,2020,1,8080,597
odisha,rayagada,2020,2,8081,656
odisha,rayagada,2020,3,8082,706
odisha,rayagada,2020,4,8083,2485
odisha,rayagada,2021,1,8084,4564
odisha,rayagada,2021,2,8085,6102
odisha,rayagada,2021,3,8086,7916
odisha,rayagada,2021,4,8087,9270
odisha,rayagada,2022,1,8088,11124
odisha,rayagada,2022,2,8089,12355
odisha,rayagada,2022,3,8090,13634
odisha,rayagada,2022,4,8091,14780
odisha,rayagada,2023,1,8092,14662
odisha,rayagada,2023,2,8093,15118
odisha,rayagada,2023,3,8094,15980
odisha,rayagada,2023,4,8095,16288
odisha,rayagada,2024,1,8096,16631
odisha,rayagada,2024,2,8097,17619
odisha,rayagada,2024,3,8098,18496
odisha,rayagada,2024,4,8099,19545
odisha,rayagada,2025,1,8100,20445
odisha,rayagada,2025,2,8101,21139
odisha,rayagada,2025,3,8102,22040
odisha,rayagada,2025,4,8103,22938
odisha,rayagada,2026,1,8104,23569
odisha,rayagada,2026,2,8105,24311
odisha,sambalpur,2018,3,8074,1
odisha,sambalpur,2018,4,8075,11
odisha,sambalpur,2019,1,8076,392
odisha,sambalpur,2019,2,8077,1988
odisha,sambalpur,2019,3,8078,2977
odisha,sambalpur,2019,4,8079,3832
odisha,sambalpur,2020,1,8080,4659
odisha,sambalpur,2020,2,8081,5194
odisha,sambalpur,2020,3,8082,6131
odisha,sambalpur,2020,4,8083,8551
odisha,sambalpur,2021,1,8084,10653
odisha,sambalpur,2021,2,8085,12280
odisha,sambalpur,2021,3,8086,13888
odisha,sambalpur,2021,4,8087,15881
odisha,sambalpur,2022,1,8088,17972
odisha,sambalpur,2022,2,8089,19056
odisha,sambalpur,2022,3,8090,20160
odisha,sambalpur,2022,4,8091,21073
odisha,sambalpur,2023,1,8092,20091
odisha,sambalpur,2023,2,8093,20497
odisha,sambalpur,2023,3,8094,21238
odisha,sambalpur,2023,4,8095,21943
odisha,sambalpur,2024,1,8096,22740
odisha,sambalpur,2024,2,8097,23632
odisha,sambalpur,2024,3,8098,24202
odisha,sambalpur,2024,4,8099,24852
odisha,sambalpur,2025,1,8100,25642
odisha,sambalpur,2025,2,8101,26086
odisha,sambalpur,2025,3,8102,26657
odisha,sambalpur,2025,4,8103,27432
odisha,sambalpur,2026,1,8104,28097
odisha,sambalpur,2026,2,8105,28902
odisha,subarnapur,2018,4,8075,6
odisha,subarnapur,2019,1,8076,505
odisha,subarnapur,2019,2,8077,1285
odisha,subarnapur,2019,3,8078,1608
odisha,subarnapur,2019,4,8079,1921
odisha,subarnapur,2020,1,8080,2157
odisha,subarnapur,2020,2,8081,2238
odisha,subarnapur,2020,3,8082,2716
odisha,subarnapur,2020,4,8083,4250
odisha,subarnapur,2021,1,8084,5135
odisha,subarnapur,2021,2,8085,5432
odisha,subarnapur,2021,3,8086,5845
odisha,subarnapur,2021,4,8087,6482
odisha,subarnapur,2022,1,8088,7058
odisha,subarnapur,2022,2,8089,7313
odisha,subarnapur,2022,3,8090,7650
odisha,subarnapur,2022,4,8091,7856
odisha,subarnapur,2023,1,8092,7837
odisha,subarnapur,2023,2,8093,8145
odisha,subarnapur,2023,3,8094,8461
odisha,subarnapur,2023,4,8095,8702
odisha,subarnapur,2024,1,8096,8878
odisha,subarnapur,2024,2,8097,9272
odisha,subarnapur,2024,3,8098,9636
odisha,subarnapur,2024,4,8099,10198
odisha,subarnapur,2025,1,8100,10668
odisha,subarnapur,2025,2,8101,10991
odisha,subarnapur,2025,3,8102,11307
odisha,subarnapur,2025,4,8103,11621
odisha,subarnapur,2026,1,8104,11900
odisha,subarnapur,2026,2,8105,12250
odisha,sundargarh,2018,2,8073,1
odisha,sundargarh,2018,3,8074,4
odisha,sundargarh,2018,4,8075,15
odisha,sundargarh,2019,1,8076,381
odisha,sundargarh,2019,2,8077,4329
odisha,sundargarh,2019,3,8078,7066
odisha,sundargarh,2019,4,8079,8717
odisha,sundargarh,2020,1,8080,10097
odisha,sundargarh,2020,2,8081,10687
odisha,sundargarh,2020,3,8082,12586
odisha,sundargarh,2020,4,8083,16355
odisha,sundargarh,2021,1,8084,19258
odisha,sundargarh,2021,2,8085,20545
odisha,sundargarh,2021,3,8086,23772
odisha,sundargarh,2021,4,8087,26859
odisha,sundargarh,2022,1,8088,30023
odisha,sundargarh,2022,2,8089,32104
odisha,sundargarh,2022,3,8090,34589
odisha,sundargarh,2022,4,8091,36415
odisha,sundargarh,2023,1,8092,36159
odisha,sundargarh,2023,2,8093,36935
odisha,sundargarh,2023,3,8094,38266
odisha,sundargarh,2023,4,8095,39858
odisha,sundargarh,2024,1,8096,41686
odisha,sundargarh,2024,2,8097,43703
odisha,sundargarh,2024,3,8098,45697
odisha,sundargarh,2024,4,8099,47543
odisha,sundargarh,2025,1,8100,49381
odisha,sundargarh,2025,2,8101,51481
odisha,sundargarh,2025,3,8102,53709
odisha,sundargarh,2025,4,8103,56042
odisha,sundargarh,2026,1,8104,57765
odisha,sundargarh,2026,2,8105,59341
puducherry,karaikal,2019,1,8076,3
puducherry,karaikal,2019,2,8077,11
puducherry,karaikal,2019,3,8078,25
puducherry,karaikal,2019,4,8079,45
puducherry,karaikal,2020,1,8080,52
puducherry,karaikal,2020,2,8081,58
puducherry,karaikal,2020,3,8082,64
puducherry,karaikal,2020,4,8083,530
puducherry,karaikal,2021,1,8084,1281
puducherry,karaikal,2021,2,8085,1409
puducherry,karaikal,2021,3,8086,1909
puducherry,karaikal,2021,4,8087,2551
puducherry,karaikal,2022,1,8088,3365
puducherry,karaikal,2022,2,8089,3873
puducherry,karaikal,2022,3,8090,4206
puducherry,karaikal,2022,4,8091,4725
puducherry,karaikal,2023,1,8092,4976
puducherry,karaikal,2023,2,8093,5123
puducherry,karaikal,2023,3,8094,5320
puducherry,karaikal,2023,4,8095,5476
puducherry,karaikal,2024,1,8096,5807
puducherry,karaikal,2024,2,8097,6039
puducherry,karaikal,2024,3,8098,6382
puducherry,karaikal,2024,4,8099,6684
puducherry,karaikal,2025,1,8100,6998
puducherry,karaikal,2025,2,8101,7312
puducherry,karaikal,2025,3,8102,7647
puducherry,karaikal,2025,4,8103,7863
puducherry,karaikal,2026,1,8104,7971
puducherry,karaikal,2026,2,8105,8100
puducherry,mahe,2019,1,8076,2
puducherry,mahe,2019,2,8077,37
puducherry,mahe,2019,3,8078,58
puducherry,mahe,2019,4,8079,78
puducherry,mahe,2020,1,8080,90
puducherry,mahe,2020,2,8081,93
puducherry,mahe,2020,3,8082,110
puducherry,mahe,2020,4,8083,203
puducherry,mahe,2021,1,8084,236
puducherry,mahe,2021,2,8085,283
puducherry,mahe,2021,3,8086,394
puducherry,mahe,2021,4,8087,461
puducherry,mahe,2022,1,8088,535
puducherry,mahe,2022,2,8089,589
puducherry,mahe,2022,3,8090,637
puducherry,mahe,2022,4,8091,712
puducherry,mahe,2023,1,8092,739
puducherry,mahe,2023,2,8093,745
puducherry,mahe,2023,3,8094,768
puducherry,mahe,2023,4,8095,807
puducherry,mahe,2024,1,8096,829
puducherry,mahe,2024,2,8097,854
puducherry,mahe,2024,3,8098,872
puducherry,mahe,2024,4,8099,905
puducherry,mahe,2025,1,8100,924
puducherry,mahe,2025,2,8101,951
puducherry,mahe,2025,3,8102,964
puducherry,mahe,2025,4,8103,1004
puducherry,mahe,2026,1,8104,1009
puducherry,mahe,2026,2,8105,1032
puducherry,puducherry,2018,3,8074,2
puducherry,puducherry,2018,4,8075,182
puducherry,puducherry,2019,1,8076,4711
puducherry,puducherry,2019,2,8077,9491
puducherry,puducherry,2019,3,8078,11661
puducherry,puducherry,2019,4,8079,13451
puducherry,puducherry,2020,1,8080,14739
puducherry,puducherry,2020,2,8081,15304
puducherry,puducherry,2020,3,8082,17246
puducherry,puducherry,2020,4,8083,19874
puducherry,puducherry,2021,1,8084,22550
puducherry,puducherry,2021,2,8085,23379
puducherry,puducherry,2021,3,8086,25156
puducherry,puducherry,2021,4,8087,26922
puducherry,puducherry,2022,1,8088,28579
puducherry,puducherry,2022,2,8089,30023
puducherry,puducherry,2022,3,8090,31195
puducherry,puducherry,2022,4,8091,31906
puducherry,puducherry,2023,1,8092,31852
puducherry,puducherry,2023,2,8093,32201
puducherry,puducherry,2023,3,8094,32687
puducherry,puducherry,2023,4,8095,33243
puducherry,puducherry,2024,1,8096,33911
puducherry,puducherry,2024,2,8097,34862
puducherry,puducherry,2024,3,8098,35798
puducherry,puducherry,2024,4,8099,36459
puducherry,puducherry,2025,1,8100,37194
puducherry,puducherry,2025,2,8101,38121
puducherry,puducherry,2025,3,8102,38965
puducherry,puducherry,2025,4,8103,39773
puducherry,puducherry,2026,1,8104,40338
puducherry,puducherry,2026,2,8105,40844
puducherry,yanam,2018,4,8075,11
puducherry,yanam,2019,1,8076,108
puducherry,yanam,2019,2,8077,139
puducherry,yanam,2019,3,8078,192
puducherry,yanam,2019,4,8079,235
puducherry,yanam,2020,1,8080,280
puducherry,yanam,2020,2,8081,304
puducherry,yanam,2020,3,8082,316
puducherry,yanam,2020,4,8083,412
puducherry,yanam,2021,1,8084,547
puducherry,yanam,2021,2,8085,585
puducherry,yanam,2021,3,8086,620
puducherry,yanam,2021,4,8087,681
puducherry,yanam,2022,1,8088,747
puducherry,yanam,2022,2,8089,769
puducherry,yanam,2022,3,8090,784
puducherry,yanam,2022,4,8091,788
puducherry,yanam,2023,1,8092,805
puducherry,yanam,2023,2,8093,826
puducherry,yanam,2023,3,8094,870
puducherry,yanam,2023,4,8095,904
puducherry,yanam,2024,1,8096,937
puducherry,yanam,2024,2,8097,969
puducherry,yanam,2024,3,8098,999
puducherry,yanam,2024,4,8099,1025
puducherry,yanam,2025,1,8100,1080
puducherry,yanam,2025,2,8101,1140
puducherry,yanam,2025,3,8102,1203
puducherry,yanam,2025,4,8103,1250
puducherry,yanam,2026,1,8104,1273
puducherry,yanam,2026,2,8105,1323
punjab,amritsar,2018,1,8072,2
punjab,amritsar,2018,2,8073,2
punjab,amritsar,2018,3,8074,2
punjab,amritsar,2018,4,8075,11
punjab,amritsar,2019,1,8076,1480
punjab,amritsar,2019,2,8077,8816
punjab,amritsar,2019,3,8078,12571
punjab,amritsar,2019,4,8079,15622
punjab,amritsar,2020,1,8080,18580
punjab,amritsar,2020,2,8081,19480
punjab,amritsar,2020,3,8082,23443
punjab,amritsar,2020,4,8083,28523
punjab,amritsar,2021,1,8084,34417
punjab,amritsar,2021,2,8085,38912
punjab,amritsar,2021,3,8086,44450
punjab,amritsar,2021,4,8087,51632
punjab,amritsar,2022,1,8088,61570
punjab,amritsar,2022,2,8089,67796
punjab,amritsar,2022,3,8090,71939
punjab,amritsar,2022,4,8091,75754
punjab,amritsar,2023,1,8092,72067
punjab,amritsar,2023,2,8093,73200
punjab,amritsar,2023,3,8094,74400
punjab,amritsar,2023,4,8095,76619
punjab,amritsar,2024,1,8096,79906
punjab,amritsar,2024,2,8097,83552
punjab,amritsar,2024,3,8098,86350
punjab,amritsar,2024,4,8099,89343
punjab,amritsar,2025,1,8100,91914
punjab,amritsar,2025,2,8101,93925
punjab,amritsar,2025,3,8102,95515
punjab,amritsar,2025,4,8103,97405
punjab,amritsar,2026,1,8104,98511
punjab,amritsar,2026,2,8105,100269
punjab,barnala,2018,4,8075,2
punjab,barnala,2019,1,8076,35
punjab,barnala,2019,2,8077,392
punjab,barnala,2019,3,8078,670
punjab,barnala,2019,4,8079,1121
punjab,barnala,2020,1,8080,1425
punjab,barnala,2020,2,8081,1498
punjab,barnala,2020,3,8082,1893
punjab,barnala,2020,4,8083,2504
punjab,barnala,2021,1,8084,3759
punjab,barnala,2021,2,8085,4573
punjab,barnala,2021,3,8086,5382
punjab,barnala,2021,4,8087,5963
punjab,barnala,2022,1,8088,6728
punjab,barnala,2022,2,8089,7906
punjab,barnala,2022,3,8090,8327
punjab,barnala,2022,4,8091,8713
punjab,barnala,2023,1,8092,8969
punjab,barnala,2023,2,8093,9215
punjab,barnala,2023,3,8094,9731
punjab,barnala,2023,4,8095,10618
punjab,barnala,2024,1,8096,10922
punjab,barnala,2024,2,8097,11190
punjab,barnala,2024,3,8098,11587
punjab,barnala,2024,4,8099,11936
punjab,barnala,2025,1,8100,12181
punjab,barnala,2025,2,8101,12381
punjab,barnala,2025,3,8102,12623
punjab,barnala,2025,4,8103,12809
punjab,barnala,2026,1,8104,12935
punjab,barnala,2026,2,8105,13130
punjab,bathinda,2018,4,8075,1
punjab,bathinda,2019,1,8076,138
punjab,bathinda,2019,2,8077,475
punjab,bathinda,2019,3,8078,1482
punjab,bathinda,2019,4,8079,2020
punjab,bathinda,2020,1,8080,2455
punjab,bathinda,2020,2,8081,2652
punjab,bathinda,2020,3,8082,3087
punjab,bathinda,2020,4,8083,4443
punjab,bathinda,2021,1,8084,7259
punjab,bathinda,2021,2,8085,9939
punjab,bathinda,2021,3,8086,13298
punjab,bathinda,2021,4,8087,16392
punjab,bathinda,2022,1,8088,19884
punjab,bathinda,2022,2,8089,22794
punjab,bathinda,2022,3,8090,25866
punjab,bathinda,2022,4,8091,28123
punjab,bathinda,2023,1,8092,28743
punjab,bathinda,2023,2,8093,31215
punjab,bathinda,2023,3,8094,33448
punjab,bathinda,2023,4,8095,35016
punjab,bathinda,2024,1,8096,36516
punjab,bathinda,2024,2,8097,37949
punjab,bathinda,2024,3,8098,39275
punjab,bathinda,2024,4,8099,40700
punjab,bathinda,2025,1,8100,41870
punjab,bathinda,2025,2,8101,43280
punjab,bathinda,2025,3,8102,44823
punjab,bathinda,2025,4,8103,46124
punjab,bathinda,2026,1,8104,46779
punjab,bathinda,2026,2,8105,47582
punjab,faridkot,2018,4,8075,5
punjab,faridkot,2019,1,8076,35
punjab,faridkot,2019,2,8077,317
punjab,faridkot,2019,3,8078,667
punjab,faridkot,2019,4,8079,1141
punjab,faridkot,2020,1,8080,1477
punjab,faridkot,2020,2,8081,1648
punjab,faridkot,2020,3,8082,2048
punjab,faridkot,2020,4,8083,2807
punjab,faridkot,2021,1,8084,3339
punjab,faridkot,2021,2,8085,4468
punjab,faridkot,2021,3,8086,6101
punjab,faridkot,2021,4,8087,7770
punjab,faridkot,2022,1,8088,9276
punjab,faridkot,2022,2,8089,10423
punjab,faridkot,2022,3,8090,11640
punjab,faridkot,2022,4,8091,12724
punjab,faridkot,2023,1,8092,13026
punjab,faridkot,2023,2,8093,13389
punjab,faridkot,2023,3,8094,13982
punjab,faridkot,2023,4,8095,14935
punjab,faridkot,2024,1,8096,15682
punjab,faridkot,2024,2,8097,16360
punjab,faridkot,2024,3,8098,17132
punjab,faridkot,2024,4,8099,17997
punjab,faridkot,2025,1,8100,18630
punjab,faridkot,2025,2,8101,19168
punjab,faridkot,2025,3,8102,19478
punjab,faridkot,2025,4,8103,19822
punjab,faridkot,2026,1,8104,20161
punjab,faridkot,2026,2,8105,20635
punjab,fatehgarh sahib,2018,4,8075,1
punjab,fatehgarh sahib,2019,1,8076,381
punjab,fatehgarh sahib,2019,2,8077,1589
punjab,fatehgarh sahib,2019,3,8078,2344
punjab,fatehgarh sahib,2019,4,8079,3031
punjab,fatehgarh sahib,2020,1,8080,3639
punjab,fatehgarh sahib,2020,2,8081,3933
punjab,fatehgarh sahib,2020,3,8082,5004
punjab,fatehgarh sahib,2020,4,8083,6572
punjab,fatehgarh sahib,2021,1,8084,8283
punjab,fatehgarh sahib,2021,2,8085,9935
punjab,fatehgarh sahib,2021,3,8086,11566
punjab,fatehgarh sahib,2021,4,8087,12769
punjab,fatehgarh sahib,2022,1,8088,14277
punjab,fatehgarh sahib,2022,2,8089,16251
punjab,fatehgarh sahib,2022,3,8090,18482
punjab,fatehgarh sahib,2022,4,8091,20133
punjab,fatehgarh sahib,2023,1,8092,20732
punjab,fatehgarh sahib,2023,2,8093,21484
punjab,fatehgarh sahib,2023,3,8094,22540
punjab,fatehgarh sahib,2023,4,8095,23156
punjab,fatehgarh sahib,2024,1,8096,23676
punjab,fatehgarh sahib,2024,2,8097,24067
punjab,fatehgarh sahib,2024,3,8098,24657
punjab,fatehgarh sahib,2024,4,8099,25147
punjab,fatehgarh sahib,2025,1,8100,25733
punjab,fatehgarh sahib,2025,2,8101,26204
punjab,fatehgarh sahib,2025,3,8102,26644
punjab,fatehgarh sahib,2025,4,8103,26937
punjab,fatehgarh sahib,2026,1,8104,27195
punjab,fatehgarh sahib,2026,2,8105,27572
punjab,fazilka,2018,1,8072,2
punjab,fazilka,2018,2,8073,2
punjab,fazilka,2018,3,8074,1
punjab,fazilka,2018,4,8075,3
punjab,fazilka,2019,1,8076,147
punjab,fazilka,2019,2,8077,609
punjab,fazilka,2019,3,8078,1205
punjab,fazilka,2019,4,8079,1408
punjab,fazilka,2020,1,8080,1847
punjab,fazilka,2020,2,8081,1952
punjab,fazilka,2020,3,8082,1998
punjab,fazilka,2020,4,8083,3610
punjab,fazilka,2021,1,8084,5252
punjab,fazilka,2021,2,8085,7165
punjab,fazilka,2021,3,8086,10191
punjab,fazilka,2021,4,8087,13403
punjab,fazilka,2022,1,8088,17497
punjab,fazilka,2022,2,8089,20943
punjab,fazilka,2022,3,8090,23680
punjab,fazilka,2022,4,8091,26119
punjab,fazilka,2023,1,8092,27573
punjab,fazilka,2023,2,8093,28573
punjab,fazilka,2023,3,8094,30657
punjab,fazilka,2023,4,8095,32380
punjab,fazilka,2024,1,8096,33161
punjab,fazilka,2024,2,8097,34060
punjab,fazilka,2024,3,8098,34968
punjab,fazilka,2024,4,8099,35649
punjab,fazilka,2025,1,8100,36223
punjab,fazilka,2025,2,8101,36553
punjab,fazilka,2025,3,8102,36986
punjab,fazilka,2025,4,8103,37443
punjab,fazilka,2026,1,8104,37966
punjab,fazilka,2026,2,8105,38594
punjab,ferozepur,2018,4,8075,1
punjab,ferozepur,2019,1,8076,74
punjab,ferozepur,2019,2,8077,612
punjab,ferozepur,2019,3,8078,1151
punjab,ferozepur,2019,4,8079,1669
punjab,ferozepur,2020,1,8080,1978
punjab,ferozepur,2020,2,8081,2084
punjab,ferozepur,2020,3,8082,2130
punjab,ferozepur,2020,4,8083,2932
punjab,ferozepur,2021,1,8084,3899
punjab,ferozepur,2021,2,8085,6082
punjab,ferozepur,2021,3,8086,7749
punjab,ferozepur,2021,4,8087,10896
punjab,ferozepur,2022,1,8088,14502
punjab,ferozepur,2022,2,8089,17017
punjab,ferozepur,2022,3,8090,18695
punjab,ferozepur,2022,4,8091,20511
punjab,ferozepur,2023,1,8092,20786
punjab,ferozepur,2023,2,8093,21308
punjab,ferozepur,2023,3,8094,22222
punjab,ferozepur,2023,4,8095,22782
punjab,ferozepur,2024,1,8096,23308
punjab,ferozepur,2024,2,8097,24292
punjab,ferozepur,2024,3,8098,25743
punjab,ferozepur,2024,4,8099,26860
punjab,ferozepur,2025,1,8100,27965
punjab,ferozepur,2025,2,8101,28640
punjab,ferozepur,2025,3,8102,29237
punjab,ferozepur,2025,4,8103,29626
punjab,ferozepur,2026,1,8104,30252
punjab,ferozepur,2026,2,8105,31154
punjab,gurdaspur,2018,4,8075,1
punjab,gurdaspur,2019,1,8076,39
punjab,gurdaspur,2019,2,8077,375
punjab,gurdaspur,2019,3,8078,898
punjab,gurdaspur,2019,4,8079,2016
punjab,gurdaspur,2020,1,8080,2717
punjab,gurdaspur,2020,2,8081,2925
punjab,gurdaspur,2020,3,8082,3521
punjab,gurdaspur,2020,4,8083,6057
punjab,gurdaspur,2021,1,8084,8945
punjab,gurdaspur,2021,2,8085,12013
punjab,gurdaspur,2021,3,8086,15428
punjab,gurdaspur,2021,4,8087,18768
punjab,gurdaspur,2022,1,8088,24662
punjab,gurdaspur,2022,2,8089,28752
punjab,gurdaspur,2022,3,8090,33332
punjab,gurdaspur,2022,4,8091,38175
punjab,gurdaspur,2023,1,8092,28816
punjab,gurdaspur,2023,2,8093,29077
punjab,gurdaspur,2023,3,8094,29368
punjab,gurdaspur,2023,4,8095,29430
punjab,gurdaspur,2024,1,8096,29897
punjab,gurdaspur,2024,2,8097,31152
punjab,gurdaspur,2024,3,8098,32469
punjab,gurdaspur,2024,4,8099,33876
punjab,gurdaspur,2025,1,8100,34675
punjab,gurdaspur,2025,2,8101,35118
punjab,gurdaspur,2025,3,8102,35872
punjab,gurdaspur,2025,4,8103,37275
punjab,gurdaspur,2026,1,8104,37852
punjab,gurdaspur,2026,2,8105,38371
punjab,hoshiarpur,2018,4,8075,4
punjab,hoshiarpur,2019,1,8076,68
punjab,hoshiarpur,2019,2,8077,315
punjab,hoshiarpur,2019,3,8078,990
punjab,hoshiarpur,2019,4,8079,2334
punjab,hoshiarpur,2020,1,8080,3249
punjab,hoshiarpur,2020,2,8081,3593
punjab,hoshiarpur,2020,3,8082,4596
punjab,hoshiarpur,2020,4,8083,6417
punjab,hoshiarpur,2021,1,8084,9226
punjab,hoshiarpur,2021,2,8085,11654
punjab,hoshiarpur,2021,3,8086,14323
punjab,hoshiarpur,2021,4,8087,16838
punjab,hoshiarpur,2022,1,8088,19114
punjab,hoshiarpur,2022,2,8089,21236
punjab,hoshiarpur,2022,3,8090,22710
punjab,hoshiarpur,2022,4,8091,24914
punjab,hoshiarpur,2023,1,8092,25296
punjab,hoshiarpur,2023,2,8093,26146
punjab,hoshiarpur,2023,3,8094,26686
punjab,hoshiarpur,2023,4,8095,27480
punjab,hoshiarpur,2024,1,8096,28067
punjab,hoshiarpur,2024,2,8097,29507
punjab,hoshiarpur,2024,3,8098,30096
punjab,hoshiarpur,2024,4,8099,30957
punjab,hoshiarpur,2025,1,8100,31684
punjab,hoshiarpur,2025,2,8101,32301
punjab,hoshiarpur,2025,3,8102,32515
punjab,hoshiarpur,2025,4,8103,32700
punjab,hoshiarpur,2026,1,8104,32928
punjab,hoshiarpur,2026,2,8105,33238
punjab,jalandhar,2018,1,8072,2
punjab,jalandhar,2018,2,8073,2
punjab,jalandhar,2018,3,8074,2
punjab,jalandhar,2018,4,8075,8
punjab,jalandhar,2019,1,8076,2341
punjab,jalandhar,2019,2,8077,5395
punjab,jalandhar,2019,3,8078,7719
punjab,jalandhar,2019,4,8079,9773
punjab,jalandhar,2020,1,8080,11865
punjab,jalandhar,2020,2,8081,12670
punjab,jalandhar,2020,3,8082,16585
punjab,jalandhar,2020,4,8083,21173
punjab,jalandhar,2021,1,8084,25146
punjab,jalandhar,2021,2,8085,28567
punjab,jalandhar,2021,3,8086,32245
punjab,jalandhar,2021,4,8087,35802
punjab,jalandhar,2022,1,8088,40192
punjab,jalandhar,2022,2,8089,43552
punjab,jalandhar,2022,3,8090,46376
punjab,jalandhar,2022,4,8091,48041
punjab,jalandhar,2023,1,8092,47048
punjab,jalandhar,2023,2,8093,48402
punjab,jalandhar,2023,3,8094,49687
punjab,jalandhar,2023,4,8095,51325
punjab,jalandhar,2024,1,8096,53273
punjab,jalandhar,2024,2,8097,55789
punjab,jalandhar,2024,3,8098,57976
punjab,jalandhar,2024,4,8099,59905
punjab,jalandhar,2025,1,8100,61659
punjab,jalandhar,2025,2,8101,62892
punjab,jalandhar,2025,3,8102,63909
punjab,jalandhar,2025,4,8103,65064
punjab,jalandhar,2026,1,8104,65918
punjab,jalandhar,2026,2,8105,66786
punjab,kapurthala,2018,4,8075,6
punjab,kapurthala,2019,1,8076,250
punjab,kapurthala,2019,2,8077,1173
punjab,kapurthala,2019,3,8078,1700
punjab,kapurthala,2019,4,8079,2450
punjab,kapurthala,2020,1,8080,2924
punjab,kapurthala,2020,2,8081,3083
punjab,kapurthala,2020,3,8082,3758
punjab,kapurthala,2020,4,8083,5974
punjab,kapurthala,2021,1,8084,7913
punjab,kapurthala,2021,2,8085,9196
punjab,kapurthala,2021,3,8086,10734
punjab,kapurthala,2021,4,8087,11647
punjab,kapurthala,2022,1,8088,13368
punjab,kapurthala,2022,2,8089,14471
punjab,kapurthala,2022,3,8090,15442
punjab,kapurthala,2022,4,8091,16297
punjab,kapurthala,2023,1,8092,16337
punjab,kapurthala,2023,2,8093,16796
punjab,kapurthala,2023,3,8094,17303
punjab,kapurthala,2023,4,8095,17848
punjab,kapurthala,2024,1,8096,18428
punjab,kapurthala,2024,2,8097,19047
punjab,kapurthala,2024,3,8098,19574
punjab,kapurthala,2024,4,8099,20340
punjab,kapurthala,2025,1,8100,20874
punjab,kapurthala,2025,2,8101,21206
punjab,kapurthala,2025,3,8102,21383
punjab,kapurthala,2025,4,8103,21600
punjab,kapurthala,2026,1,8104,21747
punjab,kapurthala,2026,2,8105,22011
punjab,ludhiana,2018,1,8072,4
punjab,ludhiana,2018,2,8073,4
punjab,ludhiana,2018,3,8074,5
punjab,ludhiana,2018,4,8075,27
punjab,ludhiana,2019,1,8076,6141
punjab,ludhiana,2019,2,8077,16713
punjab,ludhiana,2019,3,8078,22877
punjab,ludhiana,2019,4,8079,28405
punjab,ludhiana,2020,1,8080,34353
punjab,ludhiana,2020,2,8081,37010
punjab,ludhiana,2020,3,8082,45751
punjab,ludhiana,2020,4,8083,54861
punjab,ludhiana,2021,1,8084,64950
punjab,ludhiana,2021,2,8085,73215
punjab,ludhiana,2021,3,8086,81555
punjab,ludhiana,2021,4,8087,90080
punjab,ludhiana,2022,1,8088,100741
punjab,ludhiana,2022,2,8089,110051
punjab,ludhiana,2022,3,8090,117442
punjab,ludhiana,2022,4,8091,122599
punjab,ludhiana,2023,1,8092,117137
punjab,ludhiana,2023,2,8093,118851
punjab,ludhiana,2023,3,8094,121360
punjab,ludhiana,2023,4,8095,125157
punjab,ludhiana,2024,1,8096,129967
punjab,ludhiana,2024,2,8097,134434
punjab,ludhiana,2024,3,8098,138335
punjab,ludhiana,2024,4,8099,142596
punjab,ludhiana,2025,1,8100,145909
punjab,ludhiana,2025,2,8101,149079
punjab,ludhiana,2025,3,8102,152237
punjab,ludhiana,2025,4,8103,155708
punjab,ludhiana,2026,1,8104,158348
punjab,ludhiana,2026,2,8105,161319
punjab,malerkotla,2019,1,8076,20
punjab,malerkotla,2019,2,8077,383
punjab,malerkotla,2019,3,8078,529
punjab,malerkotla,2019,4,8079,684
punjab,malerkotla,2020,1,8080,896
punjab,malerkotla,2020,2,8081,961
punjab,malerkotla,2020,3,8082,1264
punjab,malerkotla,2020,4,8083,1867
punjab,malerkotla,2021,1,8084,2395
punjab,malerkotla,2021,2,8085,2771
punjab,malerkotla,2021,3,8086,3284
punjab,malerkotla,2021,4,8087,3948
punjab,malerkotla,2022,1,8088,4697
punjab,malerkotla,2022,2,8089,5410
punjab,malerkotla,2022,3,8090,5916
punjab,malerkotla,2022,4,8091,6465
punjab,malerkotla,2023,1,8092,6732
punjab,malerkotla,2023,2,8093,7035
punjab,malerkotla,2023,3,8094,7453
punjab,malerkotla,2023,4,8095,7951
punjab,malerkotla,2024,1,8096,8325
punjab,malerkotla,2024,2,8097,8748
punjab,malerkotla,2024,3,8098,9257
punjab,malerkotla,2024,4,8099,9803
punjab,malerkotla,2025,1,8100,10076
punjab,malerkotla,2025,2,8101,10334
punjab,malerkotla,2025,3,8102,10554
punjab,malerkotla,2025,4,8103,10728
punjab,malerkotla,2026,1,8104,10945
punjab,malerkotla,2026,2,8105,11187
punjab,mansa,2019,1,8076,76
punjab,mansa,2019,2,8077,197
punjab,mansa,2019,3,8078,429
punjab,mansa,2019,4,8079,686
punjab,mansa,2020,1,8080,853
punjab,mansa,2020,2,8081,902
punjab,mansa,2020,3,8082,941
punjab,mansa,2020,4,8083,1857
punjab,mansa,2021,1,8084,2810
punjab,mansa,2021,2,8085,3673
punjab,mansa,2021,3,8086,5145
punjab,mansa,2021,4,8087,5980
punjab,mansa,2022,1,8088,7126
punjab,mansa,2022,2,8089,8640
punjab,mansa,2022,3,8090,10171
punjab,mansa,2022,4,8091,11762
punjab,mansa,2023,1,8092,12388
punjab,mansa,2023,2,8093,12923
punjab,mansa,2023,3,8094,13531
punjab,mansa,2023,4,8095,14254
punjab,mansa,2024,1,8096,14971
punjab,mansa,2024,2,8097,15801
punjab,mansa,2024,3,8098,16893
punjab,mansa,2024,4,8099,17883
punjab,mansa,2025,1,8100,18696
punjab,mansa,2025,2,8101,19234
punjab,mansa,2025,3,8102,19829
punjab,mansa,2025,4,8103,20755
punjab,mansa,2026,1,8104,21554
punjab,mansa,2026,2,8105,21813
punjab,moga,2019,1,8076,32
punjab,moga,2019,2,8077,574
punjab,moga,2019,3,8078,908
punjab,moga,2019,4,8079,1475
punjab,moga,2020,1,8080,2197
punjab,moga,2020,2,8081,2445
punjab,moga,2020,3,8082,3117
punjab,moga,2020,4,8083,4796
punjab,moga,2021,1,8084,7176
punjab,moga,2021,2,8085,9390
punjab,moga,2021,3,8086,11725
punjab,moga,2021,4,8087,13644
punjab,moga,2022,1,8088,15393
punjab,moga,2022,2,8089,17141
punjab,moga,2022,3,8090,18775
punjab,moga,2022,4,8091,20617
punjab,moga,2023,1,8092,21274
punjab,moga,2023,2,8093,21986
punjab,moga,2023,3,8094,22739
punjab,moga,2023,4,8095,23609
punjab,moga,2024,1,8096,24154
punjab,moga,2024,2,8097,24763
punjab,moga,2024,3,8098,25899
punjab,moga,2024,4,8099,26607
punjab,moga,2025,1,8100,27209
punjab,moga,2025,2,8101,27699
punjab,moga,2025,3,8102,27930
punjab,moga,2025,4,8103,28194
punjab,moga,2026,1,8104,28390
punjab,moga,2026,2,8105,28657
punjab,pathankot,2018,4,8075,2
punjab,pathankot,2019,1,8076,27
punjab,pathankot,2019,2,8077,123
punjab,pathankot,2019,3,8078,822
punjab,pathankot,2019,4,8079,1636
punjab,pathankot,2020,1,8080,2091
punjab,pathankot,2020,2,8081,2280
punjab,pathankot,2020,3,8082,2848
punjab,pathankot,2020,4,8083,3773
punjab,pathankot,2021,1,8084,5083
punjab,pathankot,2021,2,8085,7976
punjab,pathankot,2021,3,8086,11793
punjab,pathankot,2021,4,8087,14660
punjab,pathankot,2022,1,8088,18048
punjab,pathankot,2022,2,8089,20242
punjab,pathankot,2022,3,8090,21595
punjab,pathankot,2022,4,8091,23457
punjab,pathankot,2023,1,8092,21253
punjab,pathankot,2023,2,8093,21547
punjab,pathankot,2023,3,8094,21834
punjab,pathankot,2023,4,8095,21972
punjab,pathankot,2024,1,8096,22190
punjab,pathankot,2024,2,8097,22623
punjab,pathankot,2024,3,8098,23136
punjab,pathankot,2024,4,8099,23922
punjab,pathankot,2025,1,8100,24476
punjab,pathankot,2025,2,8101,24943
punjab,pathankot,2025,3,8102,25121
punjab,pathankot,2025,4,8103,25377
punjab,pathankot,2026,1,8104,25464
punjab,pathankot,2026,2,8105,25573
punjab,patiala,2018,4,8075,5
punjab,patiala,2019,1,8076,445
punjab,patiala,2019,2,8077,5902
punjab,patiala,2019,3,8078,8773
punjab,patiala,2019,4,8079,10381
punjab,patiala,2020,1,8080,11721
punjab,patiala,2020,2,8081,12186
punjab,patiala,2020,3,8082,13709
punjab,patiala,2020,4,8083,15734
punjab,patiala,2021,1,8084,18306
punjab,patiala,2021,2,8085,22890
punjab,patiala,2021,3,8086,29422
punjab,patiala,2021,4,8087,35592
punjab,patiala,2022,1,8088,40914
punjab,patiala,2022,2,8089,45796
punjab,patiala,2022,3,8090,49872
punjab,patiala,2022,4,8091,55467
punjab,patiala,2023,1,8092,51784
punjab,patiala,2023,2,8093,53525
punjab,patiala,2023,3,8094,55661
punjab,patiala,2023,4,8095,57141
punjab,patiala,2024,1,8096,58499
punjab,patiala,2024,2,8097,59949
punjab,patiala,2024,3,8098,61427
punjab,patiala,2024,4,8099,62812
punjab,patiala,2025,1,8100,63796
punjab,patiala,2025,2,8101,64891
punjab,patiala,2025,3,8102,66017
punjab,patiala,2025,4,8103,67223
punjab,patiala,2026,1,8104,67817
punjab,patiala,2026,2,8105,68658
punjab,rupnagar,2019,1,8076,83
punjab,rupnagar,2019,2,8077,860
punjab,rupnagar,2019,3,8078,1308
punjab,rupnagar,2019,4,8079,1780
punjab,rupnagar,2020,1,8080,2048
punjab,rupnagar,2020,2,8081,2165
punjab,rupnagar,2020,3,8082,2598
punjab,rupnagar,2020,4,8083,3487
punjab,rupnagar,2021,1,8084,5059
punjab,rupnagar,2021,2,8085,6638
punjab,rupnagar,2021,3,8086,8075
punjab,rupnagar,2021,4,8087,9876
punjab,rupnagar,2022,1,8088,11735
punjab,rupnagar,2022,2,8089,12909
punjab,rupnagar,2022,3,8090,13710
punjab,rupnagar,2022,4,8091,14603
punjab,rupnagar,2023,1,8092,14619
punjab,rupnagar,2023,2,8093,15015
punjab,rupnagar,2023,3,8094,15462
punjab,rupnagar,2023,4,8095,15821
punjab,rupnagar,2024,1,8096,16047
punjab,rupnagar,2024,2,8097,16392
punjab,rupnagar,2024,3,8098,16909
punjab,rupnagar,2024,4,8099,17356
punjab,rupnagar,2025,1,8100,17682
punjab,rupnagar,2025,2,8101,17959
punjab,rupnagar,2025,3,8102,18248
punjab,rupnagar,2025,4,8103,18477
punjab,rupnagar,2026,1,8104,18762
punjab,rupnagar,2026,2,8105,19193
punjab,sangrur,2018,4,8075,3
punjab,sangrur,2019,1,8076,140
punjab,sangrur,2019,2,8077,720
punjab,sangrur,2019,3,8078,1439
punjab,sangrur,2019,4,8079,1872
punjab,sangrur,2020,1,8080,2358
punjab,sangrur,2020,2,8081,2507
punjab,sangrur,2020,3,8082,3009
punjab,sangrur,2020,4,8083,4318
punjab,sangrur,2021,1,8084,5929
punjab,sangrur,2021,2,8085,7476
punjab,sangrur,2021,3,8086,9490
punjab,sangrur,2021,4,8087,11264
punjab,sangrur,2022,1,8088,13995
punjab,sangrur,2022,2,8089,16009
punjab,sangrur,2022,3,8090,17772
punjab,sangrur,2022,4,8091,19545
punjab,sangrur,2023,1,8092,19849
punjab,sangrur,2023,2,8093,20698
punjab,sangrur,2023,3,8094,21374
punjab,sangrur,2023,4,8095,21957
punjab,sangrur,2024,1,8096,22334
punjab,sangrur,2024,2,8097,23097
punjab,sangrur,2024,3,8098,24190
punjab,sangrur,2024,4,8099,25391
punjab,sangrur,2025,1,8100,26412
punjab,sangrur,2025,2,8101,27022
punjab,sangrur,2025,3,8102,27969
punjab,sangrur,2025,4,8103,28536
punjab,sangrur,2026,1,8104,28794
punjab,sangrur,2026,2,8105,29143
punjab,sas nagar,2018,1,8072,2
punjab,sas nagar,2018,2,8073,2
punjab,sas nagar,2018,3,8074,6
punjab,sas nagar,2018,4,8075,30
punjab,sas nagar,2019,1,8076,7211
punjab,sas nagar,2019,2,8077,16608
punjab,sas nagar,2019,3,8078,20866
punjab,sas nagar,2019,4,8079,23927
punjab,sas nagar,2020,1,8080,27668
punjab,sas nagar,2020,2,8081,29104
punjab,sas nagar,2020,3,8082,33897
punjab,sas nagar,2020,4,8083,38266
punjab,sas nagar,2021,1,8084,43479
punjab,sas nagar,2021,2,8085,47518
punjab,sas nagar,2021,3,8086,51164
punjab,sas nagar,2021,4,8087,54750
punjab,sas nagar,2022,1,8088,58926
punjab,sas nagar,2022,2,8089,63533
punjab,sas nagar,2022,3,8090,66957
punjab,sas nagar,2022,4,8091,69607
punjab,sas nagar,2023,1,8092,68186
punjab,sas nagar,2023,2,8093,70224
punjab,sas nagar,2023,3,8094,72249
punjab,sas nagar,2023,4,8095,74334
punjab,sas nagar,2024,1,8096,77202
punjab,sas nagar,2024,2,8097,79960
punjab,sas nagar,2024,3,8098,82746
punjab,sas nagar,2024,4,8099,85140
punjab,sas nagar,2025,1,8100,87819
punjab,sas nagar,2025,2,8101,90116
punjab,sas nagar,2025,3,8102,92408
punjab,sas nagar,2025,4,8103,94782
punjab,sas nagar,2026,1,8104,96305
punjab,sas nagar,2026,2,8105,98314
punjab,shaheed bhagat singh nagar,2019,1,8076,25
punjab,shaheed bhagat singh nagar,2019,2,8077,287
punjab,shaheed bhagat singh nagar,2019,3,8078,431
punjab,shaheed bhagat singh nagar,2019,4,8079,698
punjab,shaheed bhagat singh nagar,2020,1,8080,934
punjab,shaheed bhagat singh nagar,2020,2,8081,984
punjab,shaheed bhagat singh nagar,2020,3,8082,1187
punjab,shaheed bhagat singh nagar,2020,4,8083,1653
punjab,shaheed bhagat singh nagar,2021,1,8084,2190
punjab,shaheed bhagat singh nagar,2021,2,8085,2704
punjab,shaheed bhagat singh nagar,2021,3,8086,3447
punjab,shaheed bhagat singh nagar,2021,4,8087,4047
punjab,shaheed bhagat singh nagar,2022,1,8088,4534
punjab,shaheed bhagat singh nagar,2022,2,8089,5328
punjab,shaheed bhagat singh nagar,2022,3,8090,5670
punjab,shaheed bhagat singh nagar,2022,4,8091,5803
punjab,shaheed bhagat singh nagar,2023,1,8092,5843
punjab,shaheed bhagat singh nagar,2023,2,8093,6087
punjab,shaheed bhagat singh nagar,2023,3,8094,6894
punjab,shaheed bhagat singh nagar,2023,4,8095,7377
punjab,shaheed bhagat singh nagar,2024,1,8096,7555
punjab,shaheed bhagat singh nagar,2024,2,8097,7816
punjab,shaheed bhagat singh nagar,2024,3,8098,7969
punjab,shaheed bhagat singh nagar,2024,4,8099,8168
punjab,shaheed bhagat singh nagar,2025,1,8100,8458
punjab,shaheed bhagat singh nagar,2025,2,8101,8509
punjab,shaheed bhagat singh nagar,2025,3,8102,8556
punjab,shaheed bhagat singh nagar,2025,4,8103,8640
punjab,shaheed bhagat singh nagar,2026,1,8104,8699
punjab,shaheed bhagat singh nagar,2026,2,8105,8832
punjab,sri muktsar sahib,2018,4,8075,2
punjab,sri muktsar sahib,2019,1,8076,72
punjab,sri muktsar sahib,2019,2,8077,235
punjab,sri muktsar sahib,2019,3,8078,824
punjab,sri muktsar sahib,2019,4,8079,1229
punjab,sri muktsar sahib,2020,1,8080,1623
punjab,sri muktsar sahib,2020,2,8081,1760
punjab,sri muktsar sahib,2020,3,8082,2132
punjab,sri muktsar sahib,2020,4,8083,2800
punjab,sri muktsar sahib,2021,1,8084,4240
punjab,sri muktsar sahib,2021,2,8085,5529
punjab,sri muktsar sahib,2021,3,8086,8126
punjab,sri muktsar sahib,2021,4,8087,11791
punjab,sri muktsar sahib,2022,1,8088,14087
punjab,sri muktsar sahib,2022,2,8089,16150
punjab,sri muktsar sahib,2022,3,8090,17505
punjab,sri muktsar sahib,2022,4,8091,20080
punjab,sri muktsar sahib,2023,1,8092,20019
punjab,sri muktsar sahib,2023,2,8093,20449
punjab,sri muktsar sahib,2023,3,8094,21268
punjab,sri muktsar sahib,2023,4,8095,21866
punjab,sri muktsar sahib,2024,1,8096,22145
punjab,sri muktsar sahib,2024,2,8097,22867
punjab,sri muktsar sahib,2024,3,8098,23824
punjab,sri muktsar sahib,2024,4,8099,24422
punjab,sri muktsar sahib,2025,1,8100,25059
punjab,sri muktsar sahib,2025,2,8101,25522
punjab,sri muktsar sahib,2025,3,8102,26173
punjab,sri muktsar sahib,2025,4,8103,26734
punjab,sri muktsar sahib,2026,1,8104,27096
punjab,sri muktsar sahib,2026,2,8105,27353
punjab,tarn taran,2018,3,8074,1
punjab,tarn taran,2018,4,8075,1
punjab,tarn taran,2019,1,8076,30
punjab,tarn taran,2019,2,8077,284
punjab,tarn taran,2019,3,8078,594
punjab,tarn taran,2019,4,8079,1030
punjab,tarn taran,2020,1,8080,1809
punjab,tarn taran,2020,2,8081,1973
punjab,tarn taran,2020,3,8082,2815
punjab,tarn taran,2020,4,8083,3879
punjab,tarn taran,2021,1,8084,5321
punjab,tarn taran,2021,2,8085,6196
punjab,tarn taran,2021,3,8086,7621
punjab,tarn taran,2021,4,8087,9191
punjab,tarn taran,2022,1,8088,10873
punjab,tarn taran,2022,2,8089,12228
punjab,tarn taran,2022,3,8090,13119
punjab,tarn taran,2022,4,8091,13658
punjab,tarn taran,2023,1,8092,13134
punjab,tarn taran,2023,2,8093,13328
punjab,tarn taran,2023,3,8094,13725
punjab,tarn taran,2023,4,8095,13940
punjab,tarn taran,2024,1,8096,14507
punjab,tarn taran,2024,2,8097,15554
punjab,tarn taran,2024,3,8098,16813
punjab,tarn taran,2024,4,8099,17513
punjab,tarn taran,2025,1,8100,18203
punjab,tarn taran,2025,2,8101,18610
punjab,tarn taran,2025,3,8102,18790
punjab,tarn taran,2025,4,8103,19041
punjab,tarn taran,2026,1,8104,19172
punjab,tarn taran,2026,2,8105,19428
rajasthan,ajmer,2018,3,8074,9
rajasthan,ajmer,2018,4,8075,45
rajasthan,ajmer,2019,1,8076,9200
rajasthan,ajmer,2019,2,8077,14236
rajasthan,ajmer,2019,3,8078,17135
rajasthan,ajmer,2019,4,8079,20666
rajasthan,ajmer,2020,1,8080,23491
rajasthan,ajmer,2020,2,8081,25117
rajasthan,ajmer,2020,3,8082,29872
rajasthan,ajmer,2020,4,8083,36994
rajasthan,ajmer,2021,1,8084,43738
rajasthan,ajmer,2021,2,8085,47443
rajasthan,ajmer,2021,3,8086,55266
rajasthan,ajmer,2021,4,8087,62328
rajasthan,ajmer,2022,1,8088,70589
rajasthan,ajmer,2022,2,8089,76558
rajasthan,ajmer,2022,3,8090,80109
rajasthan,ajmer,2022,4,8091,83310
rajasthan,ajmer,2023,1,8092,80884
rajasthan,ajmer,2023,2,8093,81569
rajasthan,ajmer,2023,3,8094,83881
rajasthan,ajmer,2023,4,8095,88480
rajasthan,ajmer,2024,1,8096,93912
rajasthan,ajmer,2024,2,8097,98653
rajasthan,ajmer,2024,3,8098,102165
rajasthan,ajmer,2024,4,8099,104575
rajasthan,ajmer,2025,1,8100,107415
rajasthan,ajmer,2025,2,8101,110091
rajasthan,ajmer,2025,3,8102,112599
rajasthan,ajmer,2025,4,8103,115416
rajasthan,ajmer,2026,1,8104,117117
rajasthan,ajmer,2026,2,8105,119199
rajasthan,alwar,2018,1,8072,2
rajasthan,alwar,2018,2,8073,2
rajasthan,alwar,2018,3,8074,10
rajasthan,alwar,2018,4,8075,87
rajasthan,alwar,2019,1,8076,4030
rajasthan,alwar,2019,2,8077,8119
rajasthan,alwar,2019,3,8078,11530
rajasthan,alwar,2019,4,8079,12948
rajasthan,alwar,2020,1,8080,14669
rajasthan,alwar,2020,2,8081,15963
rajasthan,alwar,2020,3,8082,18928
rajasthan,alwar,2020,4,8083,22629
rajasthan,alwar,2021,1,8084,26154
rajasthan,alwar,2021,2,8085,29897
rajasthan,alwar,2021,3,8086,35161
rajasthan,alwar,2021,4,8087,41306
rajasthan,alwar,2022,1,8088,49227
rajasthan,alwar,2022,2,8089,53673
rajasthan,alwar,2022,3,8090,57093
rajasthan,alwar,2022,4,8091,61255
rajasthan,alwar,2023,1,8092,61398
rajasthan,alwar,2023,2,8093,63052
rajasthan,alwar,2023,3,8094,65810
rajasthan,alwar,2023,4,8095,69566
rajasthan,alwar,2024,1,8096,74002
rajasthan,alwar,2024,2,8097,78358
rajasthan,alwar,2024,3,8098,82020
rajasthan,alwar,2024,4,8099,85203
rajasthan,alwar,2025,1,8100,87629
rajasthan,alwar,2025,2,8101,90314
rajasthan,alwar,2025,3,8102,92921
rajasthan,alwar,2025,4,8103,95726
rajasthan,alwar,2026,1,8104,97591
rajasthan,alwar,2026,2,8105,100122
rajasthan,balotra,2018,3,8074,2
rajasthan,balotra,2018,4,8075,6
rajasthan,balotra,2019,1,8076,114
rajasthan,balotra,2019,2,8077,254
rajasthan,balotra,2019,3,8078,439
rajasthan,balotra,2019,4,8079,672
rajasthan,balotra,2020,1,8080,1068
rajasthan,balotra,2020,2,8081,1156
rajasthan,balotra,2020,3,8082,1282
rajasthan,balotra,2020,4,8083,1739
rajasthan,balotra,2021,1,8084,2732
rajasthan,balotra,2021,2,8085,4216
rajasthan,balotra,2021,3,8086,6448
rajasthan,balotra,2021,4,8087,9162
rajasthan,balotra,2022,1,8088,10864
rajasthan,balotra,2022,2,8089,11843
rajasthan,balotra,2022,3,8090,12805
rajasthan,balotra,2022,4,8091,13861
rajasthan,balotra,2023,1,8092,14670
rajasthan,balotra,2023,2,8093,15032
rajasthan,balotra,2023,3,8094,15396
rajasthan,balotra,2023,4,8095,16680
rajasthan,balotra,2024,1,8096,17508
rajasthan,balotra,2024,2,8097,18301
rajasthan,balotra,2024,3,8098,19250
rajasthan,balotra,2024,4,8099,20561
rajasthan,balotra,2025,1,8100,21404
rajasthan,balotra,2025,2,8101,22106
rajasthan,balotra,2025,3,8102,22699
rajasthan,balotra,2025,4,8103,23165
rajasthan,balotra,2026,1,8104,23529
rajasthan,balotra,2026,2,8105,24199
rajasthan,banswara,2018,2,8073,2
rajasthan,banswara,2018,3,8074,3
rajasthan,banswara,2018,4,8075,17
rajasthan,banswara,2019,1,8076,55
rajasthan,banswara,2019,2,8077,112
rajasthan,banswara,2019,3,8078,214
rajasthan,banswara,2019,4,8079,274
rajasthan,banswara,2020,1,8080,364
rajasthan,banswara,2020,2,8081,429
rajasthan,banswara,2020,3,8082,1099
rajasthan,banswara,2020,4,8083,1681
rajasthan,banswara,2021,1,8084,3593
rajasthan,banswara,2021,2,8085,4339
rajasthan,banswara,2021,3,8086,6247
rajasthan,banswara,2021,4,8087,7499
rajasthan,banswara,2022,1,8088,9988
rajasthan,banswara,2022,2,8089,10624
rajasthan,banswara,2022,3,8090,11167
rajasthan,banswara,2022,4,8091,12263
rajasthan,banswara,2023,1,8092,12724
rajasthan,banswara,2023,2,8093,12980
rajasthan,banswara,2023,3,8094,13487
rajasthan,banswara,2023,4,8095,13868
rajasthan,banswara,2024,1,8096,14489
rajasthan,banswara,2024,2,8097,15345
rajasthan,banswara,2024,3,8098,16099
rajasthan,banswara,2024,4,8099,17178
rajasthan,banswara,2025,1,8100,17933
rajasthan,banswara,2025,2,8101,18666
rajasthan,banswara,2025,3,8102,19528
rajasthan,banswara,2025,4,8103,20621
rajasthan,banswara,2026,1,8104,21207
rajasthan,banswara,2026,2,8105,21879
rajasthan,baran,2018,4,8075,8
rajasthan,baran,2019,1,8076,548
rajasthan,baran,2019,2,8077,1116
rajasthan,baran,2019,3,8078,1931
rajasthan,baran,2019,4,8079,2450
rajasthan,baran,2020,1,8080,2830
rajasthan,baran,2020,2,8081,3086
rajasthan,baran,2020,3,8082,4318
rajasthan,baran,2020,4,8083,7356
rajasthan,baran,2021,1,8084,9715
rajasthan,baran,2021,2,8085,10884
rajasthan,baran,2021,3,8086,12209
rajasthan,baran,2021,4,8087,13624
rajasthan,baran,2022,1,8088,15448
rajasthan,baran,2022,2,8089,16745
rajasthan,baran,2022,3,8090,18133
rajasthan,baran,2022,4,8091,20258
rajasthan,baran,2023,1,8092,20543
rajasthan,baran,2023,2,8093,21429
rajasthan,baran,2023,3,8094,22896
rajasthan,baran,2023,4,8095,23572
rajasthan,baran,2024,1,8096,25136
rajasthan,baran,2024,2,8097,26644
rajasthan,baran,2024,3,8098,27770
rajasthan,baran,2024,4,8099,29267
rajasthan,baran,2025,1,8100,30700
rajasthan,baran,2025,2,8101,31735
rajasthan,baran,2025,3,8102,32478
rajasthan,baran,2025,4,8103,33613
rajasthan,baran,2026,1,8104,34209
rajasthan,baran,2026,2,8105,34865
rajasthan,barmer,2018,1,8072,3
rajasthan,barmer,2018,2,8073,3
rajasthan,barmer,2018,3,8074,4
rajasthan,barmer,2018,4,8075,19
rajasthan,barmer,2019,1,8076,139
rajasthan,barmer,2019,2,8077,347
rajasthan,barmer,2019,3,8078,874
rajasthan,barmer,2019,4,8079,1575
rajasthan,barmer,2020,1,8080,1942
rajasthan,barmer,2020,2,8081,2116
rajasthan,barmer,2020,3,8082,2242
rajasthan,barmer,2020,4,8083,2839
rajasthan,barmer,2021,1,8084,4115
rajasthan,barmer,2021,2,8085,5307
rajasthan,barmer,2021,3,8086,8528
rajasthan,barmer,2021,4,8087,13129
rajasthan,barmer,2022,1,8088,17432
rajasthan,barmer,2022,2,8089,19150
rajasthan,barmer,2022,3,8090,20784
rajasthan,barmer,2022,4,8091,22799
rajasthan,barmer,2023,1,8092,24560
rajasthan,barmer,2023,2,8093,25317
rajasthan,barmer,2023,3,8094,26044
rajasthan,barmer,2023,4,8095,27496
rajasthan,barmer,2024,1,8096,29168
rajasthan,barmer,2024,2,8097,30835
rajasthan,barmer,2024,3,8098,32814
rajasthan,barmer,2024,4,8099,34833
rajasthan,barmer,2025,1,8100,36199
rajasthan,barmer,2025,2,8101,37286
rajasthan,barmer,2025,3,8102,38816
rajasthan,barmer,2025,4,8103,41069
rajasthan,barmer,2026,1,8104,42157
rajasthan,barmer,2026,2,8105,43058
rajasthan,beawar,2018,1,8072,2
rajasthan,beawar,2018,2,8073,2
rajasthan,beawar,2018,3,8074,6
rajasthan,beawar,2018,4,8075,21
rajasthan,beawar,2019,1,8076,282
rajasthan,beawar,2019,2,8077,560
rajasthan,beawar,2019,3,8078,1217
rajasthan,beawar,2019,4,8079,2507
rajasthan,beawar,2020,1,8080,3123
rajasthan,beawar,2020,2,8081,3441
rajasthan,beawar,2020,3,8082,4740
rajasthan,beawar,2020,4,8083,7108
rajasthan,beawar,2021,1,8084,10575
rajasthan,beawar,2021,2,8085,13159
rajasthan,beawar,2021,3,8086,18358
rajasthan,beawar,2021,4,8087,23751
rajasthan,beawar,2022,1,8088,29408
rajasthan,beawar,2022,2,8089,33184
rajasthan,beawar,2022,3,8090,35208
rajasthan,beawar,2022,4,8091,36770
rajasthan,beawar,2023,1,8092,35822
rajasthan,beawar,2023,2,8093,36155
rajasthan,beawar,2023,3,8094,36833
rajasthan,beawar,2023,4,8095,37710
rajasthan,beawar,2024,1,8096,38415
rajasthan,beawar,2024,2,8097,39783
rajasthan,beawar,2024,3,8098,41596
rajasthan,beawar,2024,4,8099,42913
rajasthan,beawar,2025,1,8100,43935
rajasthan,beawar,2025,2,8101,45153
rajasthan,beawar,2025,3,8102,46590
rajasthan,beawar,2025,4,8103,48525
rajasthan,beawar,2026,1,8104,49399
rajasthan,beawar,2026,2,8105,50260
rajasthan,bharatpur,2018,3,8074,6
rajasthan,bharatpur,2018,4,8075,40
rajasthan,bharatpur,2019,1,8076,301
rajasthan,bharatpur,2019,2,8077,782
rajasthan,bharatpur,2019,3,8078,2331
rajasthan,bharatpur,2019,4,8079,3084
rajasthan,bharatpur,2020,1,8080,3833
rajasthan,bharatpur,2020,2,8081,4169
rajasthan,bharatpur,2020,3,8082,5753
rajasthan,bharatpur,2020,4,8083,8488
rajasthan,bharatpur,2021,1,8084,11309
rajasthan,bharatpur,2021,2,8085,13352
rajasthan,bharatpur,2021,3,8086,16501
rajasthan,bharatpur,2021,4,8087,17956
rajasthan,bharatpur,2022,1,8088,19943
rajasthan,bharatpur,2022,2,8089,21304
rajasthan,bharatpur,2022,3,8090,22879
rajasthan,bharatpur,2022,4,8091,24818
rajasthan,bharatpur,2023,1,8092,25977
rajasthan,bharatpur,2023,2,8093,27171
rajasthan,bharatpur,2023,3,8094,28775
rajasthan,bharatpur,2023,4,8095,30105
rajasthan,bharatpur,2024,1,8096,31664
rajasthan,bharatpur,2024,2,8097,33656
rajasthan,bharatpur,2024,3,8098,35503
rajasthan,bharatpur,2024,4,8099,37488
rajasthan,bharatpur,2025,1,8100,39222
rajasthan,bharatpur,2025,2,8101,41298
rajasthan,bharatpur,2025,3,8102,42647
rajasthan,bharatpur,2025,4,8103,44631
rajasthan,bharatpur,2026,1,8104,45935
rajasthan,bharatpur,2026,2,8105,47304
rajasthan,bhilwara,2018,1,8072,2
rajasthan,bhilwara,2018,2,8073,4
rajasthan,bhilwara,2018,3,8074,6
rajasthan,bhilwara,2018,4,8075,30
rajasthan,bhilwara,2019,1,8076,6192
rajasthan,bhilwara,2019,2,8077,12110
rajasthan,bhilwara,2019,3,8078,16854
rajasthan,bhilwara,2019,4,8079,20081
rajasthan,bhilwara,2020,1,8080,22924
rajasthan,bhilwara,2020,2,8081,24566
rajasthan,bhilwara,2020,3,8082,31095
rajasthan,bhilwara,2020,4,8083,37484
rajasthan,bhilwara,2021,1,8084,43433
rajasthan,bhilwara,2021,2,8085,46620
rajasthan,bhilwara,2021,3,8086,54869
rajasthan,bhilwara,2021,4,8087,62276
rajasthan,bhilwara,2022,1,8088,69954
rajasthan,bhilwara,2022,2,8089,75422
rajasthan,bhilwara,2022,3,8090,81493
rajasthan,bhilwara,2022,4,8091,86065
rajasthan,bhilwara,2023,1,8092,86604
rajasthan,bhilwara,2023,2,8093,88271
rajasthan,bhilwara,2023,3,8094,91084
rajasthan,bhilwara,2023,4,8095,93964
rajasthan,bhilwara,2024,1,8096,97046
rajasthan,bhilwara,2024,2,8097,102940
rajasthan,bhilwara,2024,3,8098,107682
rajasthan,bhilwara,2024,4,8099,111495
rajasthan,bhilwara,2025,1,8100,114719
rajasthan,bhilwara,2025,2,8101,117779
rajasthan,bhilwara,2025,3,8102,120887
rajasthan,bhilwara,2025,4,8103,124424
rajasthan,bhilwara,2026,1,8104,127147
rajasthan,bhilwara,2026,2,8105,129896
rajasthan,bikaner,2018,2,8073,4
rajasthan,bikaner,2018,3,8074,4
rajasthan,bikaner,2018,4,8075,51
rajasthan,bikaner,2019,1,8076,2909
rajasthan,bikaner,2019,2,8077,7277
rajasthan,bikaner,2019,3,8078,8843
rajasthan,bikaner,2019,4,8079,10339
rajasthan,bikaner,2020,1,8080,12085
rajasthan,bikaner,2020,2,8081,13120
rajasthan,bikaner,2020,3,8082,16431
rajasthan,bikaner,2020,4,8083,20249
rajasthan,bikaner,2021,1,8084,24685
rajasthan,bikaner,2021,2,8085,28721
rajasthan,bikaner,2021,3,8086,35314
rajasthan,bikaner,2021,4,8087,41117
rajasthan,bikaner,2022,1,8088,47486
rajasthan,bikaner,2022,2,8089,51202
rajasthan,bikaner,2022,3,8090,53970
rajasthan,bikaner,2022,4,8091,57312
rajasthan,bikaner,2023,1,8092,58018
rajasthan,bikaner,2023,2,8093,59087
rajasthan,bikaner,2023,3,8094,60525
rajasthan,bikaner,2023,4,8095,63350
rajasthan,bikaner,2024,1,8096,66275
rajasthan,bikaner,2024,2,8097,69876
rajasthan,bikaner,2024,3,8098,73340
rajasthan,bikaner,2024,4,8099,76521
rajasthan,bikaner,2025,1,8100,79355
rajasthan,bikaner,2025,2,8101,82629
rajasthan,bikaner,2025,3,8102,85066
rajasthan,bikaner,2025,4,8103,87420
rajasthan,bikaner,2026,1,8104,88906
rajasthan,bikaner,2026,2,8105,90391
rajasthan,bundi,2018,3,8074,1
rajasthan,bundi,2018,4,8075,92
rajasthan,bundi,2019,1,8076,2875
rajasthan,bundi,2019,2,8077,4171
rajasthan,bundi,2019,3,8078,5613
rajasthan,bundi,2019,4,8079,6627
rajasthan,bundi,2020,1,8080,7741
rajasthan,bundi,2020,2,8081,8266
rajasthan,bundi,2020,3,8082,10385
rajasthan,bundi,2020,4,8083,14679
rajasthan,bundi,2021,1,8084,16714
rajasthan,bundi,2021,2,8085,17636
rajasthan,bundi,2021,3,8086,20957
rajasthan,bundi,2021,4,8087,24268
rajasthan,bundi,2022,1,8088,26350
rajasthan,bundi,2022,2,8089,28516
rajasthan,bundi,2022,3,8090,30458
rajasthan,bundi,2022,4,8091,31367
rajasthan,bundi,2023,1,8092,30353
rajasthan,bundi,2023,2,8093,30923
rajasthan,bundi,2023,3,8094,31558
rajasthan,bundi,2023,4,8095,32308
rajasthan,bundi,2024,1,8096,33414
rajasthan,bundi,2024,2,8097,34743
rajasthan,bundi,2024,3,8098,35860
rajasthan,bundi,2024,4,8099,37175
rajasthan,bundi,2025,1,8100,38132
rajasthan,bundi,2025,2,8101,39060
rajasthan,bundi,2025,3,8102,39881
rajasthan,bundi,2025,4,8103,40876
rajasthan,bundi,2026,1,8104,41441
rajasthan,bundi,2026,2,8105,42623
rajasthan,chittorgarh,2018,4,8075,9
rajasthan,chittorgarh,2019,1,8076,570
rajasthan,chittorgarh,2019,2,8077,1827
rajasthan,chittorgarh,2019,3,8078,3529
rajasthan,chittorgarh,2019,4,8079,5819
rajasthan,chittorgarh,2020,1,8080,8193
rajasthan,chittorgarh,2020,2,8081,9103
rajasthan,chittorgarh,2020,3,8082,11516
rajasthan,chittorgarh,2020,4,8083,14313
rajasthan,chittorgarh,2021,1,8084,17528
rajasthan,chittorgarh,2021,2,8085,19469
rajasthan,chittorgarh,2021,3,8086,23847
rajasthan,chittorgarh,2021,4,8087,27909
rajasthan,chittorgarh,2022,1,8088,32140
rajasthan,chittorgarh,2022,2,8089,34985
rajasthan,chittorgarh,2022,3,8090,37307
rajasthan,chittorgarh,2022,4,8091,39122
rajasthan,chittorgarh,2023,1,8092,38955
rajasthan,chittorgarh,2023,2,8093,39696
rajasthan,chittorgarh,2023,3,8094,40319
rajasthan,chittorgarh,2023,4,8095,41192
rajasthan,chittorgarh,2024,1,8096,41729
rajasthan,chittorgarh,2024,2,8097,43165
rajasthan,chittorgarh,2024,3,8098,44762
rajasthan,chittorgarh,2024,4,8099,46591
rajasthan,chittorgarh,2025,1,8100,48054
rajasthan,chittorgarh,2025,2,8101,49490
rajasthan,chittorgarh,2025,3,8102,51263
rajasthan,chittorgarh,2025,4,8103,53452
rajasthan,chittorgarh,2026,1,8104,54512
rajasthan,chittorgarh,2026,2,8105,55529
rajasthan,churu,2018,3,8074,3
rajasthan,churu,2018,4,8075,23
rajasthan,churu,2019,1,8076,374
rajasthan,churu,2019,2,8077,855
rajasthan,churu,2019,3,8078,1474
rajasthan,churu,2019,4,8079,2570
rajasthan,churu,2020,1,8080,3367
rajasthan,churu,2020,2,8081,3714
rajasthan,churu,2020,3,8082,6589
rajasthan,churu,2020,4,8083,10958
rajasthan,churu,2021,1,8084,16278
rajasthan,churu,2021,2,8085,19322
rajasthan,churu,2021,3,8086,25434
rajasthan,churu,2021,4,8087,29434
rajasthan,churu,2022,1,8088,34797
rajasthan,churu,2022,2,8089,38640
rajasthan,churu,2022,3,8090,40948
rajasthan,churu,2022,4,8091,43165
rajasthan,churu,2023,1,8092,43524
rajasthan,churu,2023,2,8093,45150
rajasthan,churu,2023,3,8094,46961
rajasthan,churu,2023,4,8095,48856
rajasthan,churu,2024,1,8096,51394
rajasthan,churu,2024,2,8097,54685
rajasthan,churu,2024,3,8098,57136
rajasthan,churu,2024,4,8099,60386
rajasthan,churu,2025,1,8100,63036
rajasthan,churu,2025,2,8101,64548
rajasthan,churu,2025,3,8102,65795
rajasthan,churu,2025,4,8103,67655
rajasthan,churu,2026,1,8104,68591
rajasthan,churu,2026,2,8105,70025
rajasthan,dausa,2018,3,8074,18
rajasthan,dausa,2018,4,8075,282
rajasthan,dausa,2019,1,8076,2040
rajasthan,dausa,2019,2,8077,5869
rajasthan,dausa,2019,3,8078,9869
rajasthan,dausa,2019,4,8079,12035
rajasthan,dausa,2020,1,8080,13932
rajasthan,dausa,2020,2,8081,15155
rajasthan,dausa,2020,3,8082,17367
rajasthan,dausa,2020,4,8083,21325
rajasthan,dausa,2021,1,8084,26518
rajasthan,dausa,2021,2,8085,31123
rajasthan,dausa,2021,3,8086,35816
rajasthan,dausa,2021,4,8087,39591
rajasthan,dausa,2022,1,8088,45766
rajasthan,dausa,2022,2,8089,49390
rajasthan,dausa,2022,3,8090,52441
rajasthan,dausa,2022,4,8091,55219
rajasthan,dausa,2023,1,8092,54469
rajasthan,dausa,2023,2,8093,55455
rajasthan,dausa,2023,3,8094,56635
rajasthan,dausa,2023,4,8095,57337
rajasthan,dausa,2024,1,8096,57608
rajasthan,dausa,2024,2,8097,58984
rajasthan,dausa,2024,3,8098,59948
rajasthan,dausa,2024,4,8099,61920
rajasthan,dausa,2025,1,8100,63588
rajasthan,dausa,2025,2,8101,64736
rajasthan,dausa,2025,3,8102,66387
rajasthan,dausa,2025,4,8103,68880
rajasthan,dausa,2026,1,8104,70558
rajasthan,dausa,2026,2,8105,72655
rajasthan,deedwana kuchaman,2018,3,8074,9
rajasthan,deedwana kuchaman,2018,4,8075,38
rajasthan,deedwana kuchaman,2019,1,8076,399
rajasthan,deedwana kuchaman,2019,2,8077,1019
rajasthan,deedwana kuchaman,2019,3,8078,3454
rajasthan,deedwana kuchaman,2019,4,8079,4601
rajasthan,deedwana kuchaman,2020,1,8080,5707
rajasthan,deedwana kuchaman,2020,2,8081,6381
rajasthan,deedwana kuchaman,2020,3,8082,9479
rajasthan,deedwana kuchaman,2020,4,8083,13632
rajasthan,deedwana kuchaman,2021,1,8084,18750
rajasthan,deedwana kuchaman,2021,2,8085,21536
rajasthan,deedwana kuchaman,2021,3,8086,26209
rajasthan,deedwana kuchaman,2021,4,8087,30149
rajasthan,deedwana kuchaman,2022,1,8088,34927
rajasthan,deedwana kuchaman,2022,2,8089,38329
rajasthan,deedwana kuchaman,2022,3,8090,41018
rajasthan,deedwana kuchaman,2022,4,8091,43046
rajasthan,deedwana kuchaman,2023,1,8092,44002
rajasthan,deedwana kuchaman,2023,2,8093,44942
rajasthan,deedwana kuchaman,2023,3,8094,45828
rajasthan,deedwana kuchaman,2023,4,8095,46795
rajasthan,deedwana kuchaman,2024,1,8096,48258
rajasthan,deedwana kuchaman,2024,2,8097,50172
rajasthan,deedwana kuchaman,2024,3,8098,52515
rajasthan,deedwana kuchaman,2024,4,8099,54321
rajasthan,deedwana kuchaman,2025,1,8100,55805
rajasthan,deedwana kuchaman,2025,2,8101,56976
rajasthan,deedwana kuchaman,2025,3,8102,57908
rajasthan,deedwana kuchaman,2025,4,8103,58867
rajasthan,deedwana kuchaman,2026,1,8104,59601
rajasthan,deedwana kuchaman,2026,2,8105,60541
rajasthan,deeg,2018,3,8074,5
rajasthan,deeg,2018,4,8075,10
rajasthan,deeg,2019,1,8076,161
rajasthan,deeg,2019,2,8077,456
rajasthan,deeg,2019,3,8078,1095
rajasthan,deeg,2019,4,8079,1486
rajasthan,deeg,2020,1,8080,1988
rajasthan,deeg,2020,2,8081,2170
rajasthan,deeg,2020,3,8082,2958
rajasthan,deeg,2020,4,8083,4523
rajasthan,deeg,2021,1,8084,6157
rajasthan,deeg,2021,2,8085,7149
rajasthan,deeg,2021,3,8086,8140
rajasthan,deeg,2021,4,8087,9974
rajasthan,deeg,2022,1,8088,12481
rajasthan,deeg,2022,2,8089,14759
rajasthan,deeg,2022,3,8090,16379
rajasthan,deeg,2022,4,8091,17311
rajasthan,deeg,2023,1,8092,17399
rajasthan,deeg,2023,2,8093,17853
rajasthan,deeg,2023,3,8094,18676
rajasthan,deeg,2023,4,8095,19773
rajasthan,deeg,2024,1,8096,21047
rajasthan,deeg,2024,2,8097,22655
rajasthan,deeg,2024,3,8098,24113
rajasthan,deeg,2024,4,8099,25722
rajasthan,deeg,2025,1,8100,27124
rajasthan,deeg,2025,2,8101,28017
rajasthan,deeg,2025,3,8102,29066
rajasthan,deeg,2025,4,8103,30594
rajasthan,deeg,2026,1,8104,31732
rajasthan,deeg,2026,2,8105,33003
rajasthan,dholpur,2018,3,8074,4
rajasthan,dholpur,2018,4,8075,49
rajasthan,dholpur,2019,1,8076,169
rajasthan,dholpur,2019,2,8077,424
rajasthan,dholpur,2019,3,8078,625
rajasthan,dholpur,2019,4,8079,946
rajasthan,dholpur,2020,1,8080,1670
rajasthan,dholpur,2020,2,8081,1956
rajasthan,dholpur,2020,3,8082,3076
rajasthan,dholpur,2020,4,8083,5294
rajasthan,dholpur,2021,1,8084,7109
rajasthan,dholpur,2021,2,8085,8568
rajasthan,dholpur,2021,3,8086,10235
rajasthan,dholpur,2021,4,8087,11197
rajasthan,dholpur,2022,1,8088,13328
rajasthan,dholpur,2022,2,8089,14302
rajasthan,dholpur,2022,3,8090,15637
rajasthan,dholpur,2022,4,8091,17428
rajasthan,dholpur,2023,1,8092,18996
rajasthan,dholpur,2023,2,8093,20030
rajasthan,dholpur,2023,3,8094,21398
rajasthan,dholpur,2023,4,8095,22953
rajasthan,dholpur,2024,1,8096,25146
rajasthan,dholpur,2024,2,8097,27422
rajasthan,dholpur,2024,3,8098,29719
rajasthan,dholpur,2024,4,8099,32012
rajasthan,dholpur,2025,1,8100,33515
rajasthan,dholpur,2025,2,8101,34526
rajasthan,dholpur,2025,3,8102,35609
rajasthan,dholpur,2025,4,8103,37212
rajasthan,dholpur,2026,1,8104,38291
rajasthan,dholpur,2026,2,8105,39344
rajasthan,dungarpur,2018,4,8075,4
rajasthan,dungarpur,2019,1,8076,46
rajasthan,dungarpur,2019,2,8077,147
rajasthan,dungarpur,2019,3,8078,336
rajasthan,dungarpur,2019,4,8079,544
rajasthan,dungarpur,2020,1,8080,674
rajasthan,dungarpur,2020,2,8081,748
rajasthan,dungarpur,2020,3,8082,1038
rajasthan,dungarpur,2020,4,8083,1421
rajasthan,dungarpur,2021,1,8084,3354
rajasthan,dungarpur,2021,2,8085,4117
rajasthan,dungarpur,2021,3,8086,5467
rajasthan,dungarpur,2021,4,8087,7583
rajasthan,dungarpur,2022,1,8088,8913
rajasthan,dungarpur,2022,2,8089,9454
rajasthan,dungarpur,2022,3,8090,9916
rajasthan,dungarpur,2022,4,8091,10514
rajasthan,dungarpur,2023,1,8092,10776
rajasthan,dungarpur,2023,2,8093,10972
rajasthan,dungarpur,2023,3,8094,11115
rajasthan,dungarpur,2023,4,8095,11425
rajasthan,dungarpur,2024,1,8096,12047
rajasthan,dungarpur,2024,2,8097,12993
rajasthan,dungarpur,2024,3,8098,14063
rajasthan,dungarpur,2024,4,8099,14951
rajasthan,dungarpur,2025,1,8100,15418
rajasthan,dungarpur,2025,2,8101,15914
rajasthan,dungarpur,2025,3,8102,17108
rajasthan,dungarpur,2025,4,8103,18423
rajasthan,dungarpur,2026,1,8104,18967
rajasthan,dungarpur,2026,2,8105,19716
rajasthan,hanumangarh,2018,3,8074,3
rajasthan,hanumangarh,2018,4,8075,22
rajasthan,hanumangarh,2019,1,8076,303
rajasthan,hanumangarh,2019,2,8077,730
rajasthan,hanumangarh,2019,3,8078,1515
rajasthan,hanumangarh,2019,4,8079,2711
rajasthan,hanumangarh,2020,1,8080,4185
rajasthan,hanumangarh,2020,2,8081,4792
rajasthan,hanumangarh,2020,3,8082,6292
rajasthan,hanumangarh,2020,4,8083,9990
rajasthan,hanumangarh,2021,1,8084,14551
rajasthan,hanumangarh,2021,2,8085,17257
rajasthan,hanumangarh,2021,3,8086,22079
rajasthan,hanumangarh,2021,4,8087,26209
rajasthan,hanumangarh,2022,1,8088,30579
rajasthan,hanumangarh,2022,2,8089,34493
rajasthan,hanumangarh,2022,3,8090,37542
rajasthan,hanumangarh,2022,4,8091,41009
rajasthan,hanumangarh,2023,1,8092,43132
rajasthan,hanumangarh,2023,2,8093,45367
rajasthan,hanumangarh,2023,3,8094,48530
rajasthan,hanumangarh,2023,4,8095,50850
rajasthan,hanumangarh,2024,1,8096,54242
rajasthan,hanumangarh,2024,2,8097,57222
rajasthan,hanumangarh,2024,3,8098,60508
rajasthan,hanumangarh,2024,4,8099,63098
rajasthan,hanumangarh,2025,1,8100,65356
rajasthan,hanumangarh,2025,2,8101,67198
rajasthan,hanumangarh,2025,3,8102,68940
rajasthan,hanumangarh,2025,4,8103,71150
rajasthan,hanumangarh,2026,1,8104,72631
rajasthan,hanumangarh,2026,2,8105,74116
rajasthan,jaipur,2018,1,8072,8
rajasthan,jaipur,2018,2,8073,72
rajasthan,jaipur,2018,3,8074,8338
rajasthan,jaipur,2018,4,8075,41232
rajasthan,jaipur,2019,1,8076,109402
rajasthan,jaipur,2019,2,8077,166860
rajasthan,jaipur,2019,3,8078,219483
rajasthan,jaipur,2019,4,8079,249322
rajasthan,jaipur,2020,1,8080,281744
rajasthan,jaipur,2020,2,8081,296293
rajasthan,jaipur,2020,3,8082,338494
rajasthan,jaipur,2020,4,8083,380792
rajasthan,jaipur,2021,1,8084,413897
rajasthan,jaipur,2021,2,8085,434488
rajasthan,jaipur,2021,3,8086,465481
rajasthan,jaipur,2021,4,8087,493278
rajasthan,jaipur,2022,1,8088,527864
rajasthan,jaipur,2022,2,8089,551362
rajasthan,jaipur,2022,3,8090,570596
rajasthan,jaipur,2022,4,8091,592486
rajasthan,jaipur,2023,1,8092,574116
rajasthan,jaipur,2023,2,8093,582061
rajasthan,jaipur,2023,3,8094,595851
rajasthan,jaipur,2023,4,8095,612405
rajasthan,jaipur,2024,1,8096,636629
rajasthan,jaipur,2024,2,8097,660970
rajasthan,jaipur,2024,3,8098,682795
rajasthan,jaipur,2024,4,8099,704128
rajasthan,jaipur,2025,1,8100,722465
rajasthan,jaipur,2025,2,8101,740595
rajasthan,jaipur,2025,3,8102,758869
rajasthan,jaipur,2025,4,8103,782677
rajasthan,jaipur,2026,1,8104,796569
rajasthan,jaipur,2026,2,8105,813696
rajasthan,jaisalmer,2018,1,8072,2
rajasthan,jaisalmer,2018,2,8073,2
rajasthan,jaisalmer,2018,3,8074,2
rajasthan,jaisalmer,2018,4,8075,4
rajasthan,jaisalmer,2019,1,8076,937
rajasthan,jaisalmer,2019,2,8077,2264
rajasthan,jaisalmer,2019,3,8078,2582
rajasthan,jaisalmer,2019,4,8079,3133
rajasthan,jaisalmer,2020,1,8080,3452
rajasthan,jaisalmer,2020,2,8081,3610
rajasthan,jaisalmer,2020,3,8082,3993
rajasthan,jaisalmer,2020,4,8083,4789
rajasthan,jaisalmer,2021,1,8084,5511
rajasthan,jaisalmer,2021,2,8085,6501
rajasthan,jaisalmer,2021,3,8086,8447
rajasthan,jaisalmer,2021,4,8087,10130
rajasthan,jaisalmer,2022,1,8088,11718
rajasthan,jaisalmer,2022,2,8089,12467
rajasthan,jaisalmer,2022,3,8090,13203
rajasthan,jaisalmer,2022,4,8091,14273
rajasthan,jaisalmer,2023,1,8092,14446
rajasthan,jaisalmer,2023,2,8093,14745
rajasthan,jaisalmer,2023,3,8094,15180
rajasthan,jaisalmer,2023,4,8095,15785
rajasthan,jaisalmer,2024,1,8096,16351
rajasthan,jaisalmer,2024,2,8097,17067
rajasthan,jaisalmer,2024,3,8098,18218
rajasthan,jaisalmer,2024,4,8099,19201
rajasthan,jaisalmer,2025,1,8100,20005
rajasthan,jaisalmer,2025,2,8101,20628
rajasthan,jaisalmer,2025,3,8102,21394
rajasthan,jaisalmer,2025,4,8103,22211
rajasthan,jaisalmer,2026,1,8104,22631
rajasthan,jaisalmer,2026,2,8105,23267
rajasthan,jalore,2018,1,8072,2
rajasthan,jalore,2018,2,8073,10
rajasthan,jalore,2018,3,8074,13
rajasthan,jalore,2018,4,8075,42
rajasthan,jalore,2019,1,8076,156
rajasthan,jalore,2019,2,8077,317
rajasthan,jalore,2019,3,8078,569
rajasthan,jalore,2019,4,8079,803
rajasthan,jalore,2020,1,8080,1035
rajasthan,jalore,2020,2,8081,1171
rajasthan,jalore,2020,3,8082,1584
rajasthan,jalore,2020,4,8083,3502
rajasthan,jalore,2021,1,8084,5221
rajasthan,jalore,2021,2,8085,7216
rajasthan,jalore,2021,3,8086,9567
rajasthan,jalore,2021,4,8087,11082
rajasthan,jalore,2022,1,8088,14812
rajasthan,jalore,2022,2,8089,18086
rajasthan,jalore,2022,3,8090,20024
rajasthan,jalore,2022,4,8091,21995
rajasthan,jalore,2023,1,8092,22912
rajasthan,jalore,2023,2,8093,23651
rajasthan,jalore,2023,3,8094,24354
rajasthan,jalore,2023,4,8095,25522
rajasthan,jalore,2024,1,8096,26811
rajasthan,jalore,2024,2,8097,28687
rajasthan,jalore,2024,3,8098,31132
rajasthan,jalore,2024,4,8099,33299
rajasthan,jalore,2025,1,8100,35051
rajasthan,jalore,2025,2,8101,36261
rajasthan,jalore,2025,3,8102,37265
rajasthan,jalore,2025,4,8103,38329
rajasthan,jalore,2026,1,8104,38950
rajasthan,jalore,2026,2,8105,39619
rajasthan,jhalawar,2018,4,8075,4
rajasthan,jhalawar,2019,1,8076,239
rajasthan,jhalawar,2019,2,8077,1453
rajasthan,jhalawar,2019,3,8078,3238
rajasthan,jhalawar,2019,4,8079,4004
rajasthan,jhalawar,2020,1,8080,4789
rajasthan,jhalawar,2020,2,8081,5159
rajasthan,jhalawar,2020,3,8082,6589
rajasthan,jhalawar,2020,4,8083,10645
rajasthan,jhalawar,2021,1,8084,13966
rajasthan,jhalawar,2021,2,8085,15827
rajasthan,jhalawar,2021,3,8086,18548
rajasthan,jhalawar,2021,4,8087,22824
rajasthan,jhalawar,2022,1,8088,27575
rajasthan,jhalawar,2022,2,8089,30077
rajasthan,jhalawar,2022,3,8090,32073
rajasthan,jhalawar,2022,4,8091,33808
rajasthan,jhalawar,2023,1,8092,33346
rajasthan,jhalawar,2023,2,8093,33902
rajasthan,jhalawar,2023,3,8094,34848
rajasthan,jhalawar,2023,4,8095,35318
rajasthan,jhalawar,2024,1,8096,35946
rajasthan,jhalawar,2024,2,8097,36467
rajasthan,jhalawar,2024,3,8098,36861
rajasthan,jhalawar,2024,4,8099,37842
rajasthan,jhalawar,2025,1,8100,38908
rajasthan,jhalawar,2025,2,8101,39663
rajasthan,jhalawar,2025,3,8102,40018
rajasthan,jhalawar,2025,4,8103,40410
rajasthan,jhalawar,2026,1,8104,40882
rajasthan,jhalawar,2026,2,8105,42068
rajasthan,jhunjhunu,2018,3,8074,7
rajasthan,jhunjhunu,2018,4,8075,189
rajasthan,jhunjhunu,2019,1,8076,942
rajasthan,jhunjhunu,2019,2,8077,2452
rajasthan,jhunjhunu,2019,3,8078,4683
rajasthan,jhunjhunu,2019,4,8079,6211
rajasthan,jhunjhunu,2020,1,8080,7596
rajasthan,jhunjhunu,2020,2,8081,8435
rajasthan,jhunjhunu,2020,3,8082,13493
rajasthan,jhunjhunu,2020,4,8083,19622
rajasthan,jhunjhunu,2021,1,8084,26275
rajasthan,jhunjhunu,2021,2,8085,30244
rajasthan,jhunjhunu,2021,3,8086,37730
rajasthan,jhunjhunu,2021,4,8087,45654
rajasthan,jhunjhunu,2022,1,8088,53831
rajasthan,jhunjhunu,2022,2,8089,60133
rajasthan,jhunjhunu,2022,3,8090,65004
rajasthan,jhunjhunu,2022,4,8091,68964
rajasthan,jhunjhunu,2023,1,8092,70236
rajasthan,jhunjhunu,2023,2,8093,72257
rajasthan,jhunjhunu,2023,3,8094,74688
rajasthan,jhunjhunu,2023,4,8095,76966
rajasthan,jhunjhunu,2024,1,8096,79337
rajasthan,jhunjhunu,2024,2,8097,82318
rajasthan,jhunjhunu,2024,3,8098,85786
rajasthan,jhunjhunu,2024,4,8099,88373
rajasthan,jhunjhunu,2025,1,8100,90029
rajasthan,jhunjhunu,2025,2,8101,91537
rajasthan,jhunjhunu,2025,3,8102,92759
rajasthan,jhunjhunu,2025,4,8103,94613
rajasthan,jhunjhunu,2026,1,8104,95766
rajasthan,jhunjhunu,2026,2,8105,97004
rajasthan,jodhpur,2018,1,8072,6
rajasthan,jodhpur,2018,2,8073,10
rajasthan,jodhpur,2018,3,8074,25
rajasthan,jodhpur,2018,4,8075,139
rajasthan,jodhpur,2019,1,8076,16003
rajasthan,jodhpur,2019,2,8077,26048
rajasthan,jodhpur,2019,3,8078,30950
rajasthan,jodhpur,2019,4,8079,35949
rajasthan,jodhpur,2020,1,8080,40252
rajasthan,jodhpur,2020,2,8081,42091
rajasthan,jodhpur,2020,3,8082,47980
rajasthan,jodhpur,2020,4,8083,53540
rajasthan,jodhpur,2021,1,8084,60544
rajasthan,jodhpur,2021,2,8085,63007
rajasthan,jodhpur,2021,3,8086,67603
rajasthan,jodhpur,2021,4,8087,74600
rajasthan,jodhpur,2022,1,8088,84431
rajasthan,jodhpur,2022,2,8089,90003
rajasthan,jodhpur,2022,3,8090,94028
rajasthan,jodhpur,2022,4,8091,99232
rajasthan,jodhpur,2023,1,8092,101809
rajasthan,jodhpur,2023,2,8093,104394
rajasthan,jodhpur,2023,3,8094,108380
rajasthan,jodhpur,2023,4,8095,115091
rajasthan,jodhpur,2024,1,8096,123478
rajasthan,jodhpur,2024,2,8097,130471
rajasthan,jodhpur,2024,3,8098,136868
rajasthan,jodhpur,2024,4,8099,143309
rajasthan,jodhpur,2025,1,8100,149166
rajasthan,jodhpur,2025,2,8101,154525
rajasthan,jodhpur,2025,3,8102,159153
rajasthan,jodhpur,2025,4,8103,163666
rajasthan,jodhpur,2026,1,8104,166686
rajasthan,jodhpur,2026,2,8105,170176
rajasthan,karauli,2018,3,8074,1
rajasthan,karauli,2018,4,8075,23
rajasthan,karauli,2019,1,8076,323
rajasthan,karauli,2019,2,8077,815
rajasthan,karauli,2019,3,8078,1429
rajasthan,karauli,2019,4,8079,2010
rajasthan,karauli,2020,1,8080,2455
rajasthan,karauli,2020,2,8081,2851
rajasthan,karauli,2020,3,8082,3214
rajasthan,karauli,2020,4,8083,4421
rajasthan,karauli,2021,1,8084,7530
rajasthan,karauli,2021,2,8085,9873
rajasthan,karauli,2021,3,8086,12606
rajasthan,karauli,2021,4,8087,15239
rajasthan,karauli,2022,1,8088,18836
rajasthan,karauli,2022,2,8089,20970
rajasthan,karauli,2022,3,8090,23006
rajasthan,karauli,2022,4,8091,25242
rajasthan,karauli,2023,1,8092,27238
rajasthan,karauli,2023,2,8093,28183
rajasthan,karauli,2023,3,8094,29240
rajasthan,karauli,2023,4,8095,29982
rajasthan,karauli,2024,1,8096,30926
rajasthan,karauli,2024,2,8097,31922
rajasthan,karauli,2024,3,8098,32949
rajasthan,karauli,2024,4,8099,33962
rajasthan,karauli,2025,1,8100,34970
rajasthan,karauli,2025,2,8101,35805
rajasthan,karauli,2025,3,8102,36449
rajasthan,karauli,2025,4,8103,37505
rajasthan,karauli,2026,1,8104,38267
rajasthan,karauli,2026,2,8105,39758
rajasthan,khairthal tijara,2018,3,8074,2
rajasthan,khairthal tijara,2018,4,8075,67
rajasthan,khairthal tijara,2019,1,8076,1390
rajasthan,khairthal tijara,2019,2,8077,3243
rajasthan,khairthal tijara,2019,3,8078,5139
rajasthan,khairthal tijara,2019,4,8079,6354
rajasthan,khairthal tijara,2020,1,8080,7490
rajasthan,khairthal tijara,2020,2,8081,8343
rajasthan,khairthal tijara,2020,3,8082,10381
rajasthan,khairthal tijara,2020,4,8083,12823
rajasthan,khairthal tijara,2021,1,8084,17114
rajasthan,khairthal tijara,2021,2,8085,19791
rajasthan,khairthal tijara,2021,3,8086,23574
rajasthan,khairthal tijara,2021,4,8087,27248
rajasthan,khairthal tijara,2022,1,8088,32651
rajasthan,khairthal tijara,2022,2,8089,35733
rajasthan,khairthal tijara,2022,3,8090,37721
rajasthan,khairthal tijara,2022,4,8091,39513
rajasthan,khairthal tijara,2023,1,8092,39638
rajasthan,khairthal tijara,2023,2,8093,40792
rajasthan,khairthal tijara,2023,3,8094,42419
rajasthan,khairthal tijara,2023,4,8095,44749
rajasthan,khairthal tijara,2024,1,8096,47966
rajasthan,khairthal tijara,2024,2,8097,51269
rajasthan,khairthal tijara,2024,3,8098,53630
rajasthan,khairthal tijara,2024,4,8099,55476
rajasthan,khairthal tijara,2025,1,8100,57846
rajasthan,khairthal tijara,2025,2,8101,60017
rajasthan,khairthal tijara,2025,3,8102,62828
rajasthan,khairthal tijara,2025,4,8103,66370
rajasthan,khairthal tijara,2026,1,8104,68188
rajasthan,khairthal tijara,2026,2,8105,70316
rajasthan,kota,2018,1,8072,2
rajasthan,kota,2018,2,8073,8
rajasthan,kota,2018,3,8074,8
rajasthan,kota,2018,4,8075,2502
rajasthan,kota,2019,1,8076,25145
rajasthan,kota,2019,2,8077,36664
rajasthan,kota,2019,3,8078,45588
rajasthan,kota,2019,4,8079,53727
rajasthan,kota,2020,1,8080,61292
rajasthan,kota,2020,2,8081,64795
rajasthan,kota,2020,3,8082,75856
rajasthan,kota,2020,4,8083,88797
rajasthan,kota,2021,1,8084,98173
rajasthan,kota,2021,2,8085,102030
rajasthan,kota,2021,3,8086,107263
rajasthan,kota,2021,4,8087,110397
rajasthan,kota,2022,1,8088,117181
rajasthan,kota,2022,2,8089,122766
rajasthan,kota,2022,3,8090,126582
rajasthan,kota,2022,4,8091,129971
rajasthan,kota,2023,1,8092,126193
rajasthan,kota,2023,2,8093,128103
rajasthan,kota,2023,3,8094,130565
rajasthan,kota,2023,4,8095,134445
rajasthan,kota,2024,1,8096,140642
rajasthan,kota,2024,2,8097,145546
rajasthan,kota,2024,3,8098,149500
rajasthan,kota,2024,4,8099,153362
rajasthan,kota,2025,1,8100,156564
rajasthan,kota,2025,2,8101,159467
rajasthan,kota,2025,3,8102,162542
rajasthan,kota,2025,4,8103,166944
rajasthan,kota,2026,1,8104,171334
rajasthan,kota,2026,2,8105,175128
rajasthan,kotputli behror,2018,2,8073,6
rajasthan,kotputli behror,2018,3,8074,7
rajasthan,kotputli behror,2018,4,8075,138
rajasthan,kotputli behror,2019,1,8076,1497
rajasthan,kotputli behror,2019,2,8077,3477
rajasthan,kotputli behror,2019,3,8078,5835
rajasthan,kotputli behror,2019,4,8079,7433
rajasthan,kotputli behror,2020,1,8080,8894
rajasthan,kotputli behror,2020,2,8081,9904
rajasthan,kotputli behror,2020,3,8082,12203
rajasthan,kotputli behror,2020,4,8083,14908
rajasthan,kotputli behror,2021,1,8084,18125
rajasthan,kotputli behror,2021,2,8085,21247
rajasthan,kotputli behror,2021,3,8086,26575
rajasthan,kotputli behror,2021,4,8087,31534
rajasthan,kotputli behror,2022,1,8088,36446
rajasthan,kotputli behror,2022,2,8089,39757
rajasthan,kotputli behror,2022,3,8090,42370
rajasthan,kotputli behror,2022,4,8091,44674
rajasthan,kotputli behror,2023,1,8092,44503
rajasthan,kotputli behror,2023,2,8093,44975
rajasthan,kotputli behror,2023,3,8094,45758
rajasthan,kotputli behror,2023,4,8095,46677
rajasthan,kotputli behror,2024,1,8096,47546
rajasthan,kotputli behror,2024,2,8097,49058
rajasthan,kotputli behror,2024,3,8098,50097
rajasthan,kotputli behror,2024,4,8099,51319
rajasthan,kotputli behror,2025,1,8100,52418
rajasthan,kotputli behror,2025,2,8101,53214
rajasthan,kotputli behror,2025,3,8102,54058
rajasthan,kotputli behror,2025,4,8103,55391
rajasthan,kotputli behror,2026,1,8104,56425
rajasthan,kotputli behror,2026,2,8105,57663
rajasthan,nagaur,2018,2,8073,2
rajasthan,nagaur,2018,3,8074,2
rajasthan,nagaur,2018,4,8075,18
rajasthan,nagaur,2019,1,8076,234
rajasthan,nagaur,2019,2,8077,869
rajasthan,nagaur,2019,3,8078,1172
rajasthan,nagaur,2019,4,8079,2125
rajasthan,nagaur,2020,1,8080,2965
rajasthan,nagaur,2020,2,8081,3298
rajasthan,nagaur,2020,3,8082,4433
rajasthan,nagaur,2020,4,8083,6445
rajasthan,nagaur,2021,1,8084,9739
rajasthan,nagaur,2021,2,8085,12124
rajasthan,nagaur,2021,3,8086,16336
rajasthan,nagaur,2021,4,8087,21012
rajasthan,nagaur,2022,1,8088,26298
rajasthan,nagaur,2022,2,8089,29379
rajasthan,nagaur,2022,3,8090,31019
rajasthan,nagaur,2022,4,8091,32124
rajasthan,nagaur,2023,1,8092,31916
rajasthan,nagaur,2023,2,8093,32086
rajasthan,nagaur,2023,3,8094,32861
rajasthan,nagaur,2023,4,8095,33586
rajasthan,nagaur,2024,1,8096,34115
rajasthan,nagaur,2024,2,8097,35481
rajasthan,nagaur,2024,3,8098,36977
rajasthan,nagaur,2024,4,8099,38306
rajasthan,nagaur,2025,1,8100,39328
rajasthan,nagaur,2025,2,8101,40634
rajasthan,nagaur,2025,3,8102,41884
rajasthan,nagaur,2025,4,8103,43223
rajasthan,nagaur,2026,1,8104,43920
rajasthan,nagaur,2026,2,8105,44999
rajasthan,pali,2018,1,8072,2
rajasthan,pali,2018,2,8073,4
rajasthan,pali,2018,3,8074,13
rajasthan,pali,2018,4,8075,76
rajasthan,pali,2019,1,8076,766
rajasthan,pali,2019,2,8077,1084
rajasthan,pali,2019,3,8078,1985
rajasthan,pali,2019,4,8079,2760
rajasthan,pali,2020,1,8080,3406
rajasthan,pali,2020,2,8081,3824
rajasthan,pali,2020,3,8082,4795
rajasthan,pali,2020,4,8083,6281
rajasthan,pali,2021,1,8084,9967
rajasthan,pali,2021,2,8085,11046
rajasthan,pali,2021,3,8086,13899
rajasthan,pali,2021,4,8087,17170
rajasthan,pali,2022,1,8088,20685
rajasthan,pali,2022,2,8089,22130
rajasthan,pali,2022,3,8090,23351
rajasthan,pali,2022,4,8091,24454
rajasthan,pali,2023,1,8092,24529
rajasthan,pali,2023,2,8093,24637
rajasthan,pali,2023,3,8094,24972
rajasthan,pali,2023,4,8095,26388
rajasthan,pali,2024,1,8096,28679
rajasthan,pali,2024,2,8097,31436
rajasthan,pali,2024,3,8098,33789
rajasthan,pali,2024,4,8099,35857
rajasthan,pali,2025,1,8100,37500
rajasthan,pali,2025,2,8101,38991
rajasthan,pali,2025,3,8102,40552
rajasthan,pali,2025,4,8103,42386
rajasthan,pali,2026,1,8104,43930
rajasthan,pali,2026,2,8105,45541
rajasthan,phalodi,2018,3,8074,2
rajasthan,phalodi,2018,4,8075,8
rajasthan,phalodi,2019,1,8076,78
rajasthan,phalodi,2019,2,8077,128
rajasthan,phalodi,2019,3,8078,202
rajasthan,phalodi,2019,4,8079,406
rajasthan,phalodi,2020,1,8080,524
rajasthan,phalodi,2020,2,8081,583
rajasthan,phalodi,2020,3,8082,932
rajasthan,phalodi,2020,4,8083,1479
rajasthan,phalodi,2021,1,8084,2553
rajasthan,phalodi,2021,2,8085,2893
rajasthan,phalodi,2021,3,8086,3846
rajasthan,phalodi,2021,4,8087,5273
rajasthan,phalodi,2022,1,8088,5997
rajasthan,phalodi,2022,2,8089,6889
rajasthan,phalodi,2022,3,8090,7940
rajasthan,phalodi,2022,4,8091,9184
rajasthan,phalodi,2023,1,8092,9651
rajasthan,phalodi,2023,2,8093,9956
rajasthan,phalodi,2023,3,8094,11081
rajasthan,phalodi,2023,4,8095,11778
rajasthan,phalodi,2024,1,8096,12491
rajasthan,phalodi,2024,2,8097,13399
rajasthan,phalodi,2024,3,8098,14515
rajasthan,phalodi,2024,4,8099,15443
rajasthan,phalodi,2025,1,8100,16186
rajasthan,phalodi,2025,2,8101,16937
rajasthan,phalodi,2025,3,8102,17802
rajasthan,phalodi,2025,4,8103,18621
rajasthan,phalodi,2026,1,8104,19258
rajasthan,phalodi,2026,2,8105,19930
rajasthan,pratapgarh,2018,4,8075,3
rajasthan,pratapgarh,2019,1,8076,33
rajasthan,pratapgarh,2019,2,8077,116
rajasthan,pratapgarh,2019,3,8078,186
rajasthan,pratapgarh,2019,4,8079,246
rajasthan,pratapgarh,2020,1,8080,399
rajasthan,pratapgarh,2020,2,8081,512
rajasthan,pratapgarh,2020,3,8082,1011
rajasthan,pratapgarh,2020,4,8083,1400
rajasthan,pratapgarh,2021,1,8084,2040
rajasthan,pratapgarh,2021,2,8085,2549
rajasthan,pratapgarh,2021,3,8086,4226
rajasthan,pratapgarh,2021,4,8087,5896
rajasthan,pratapgarh,2022,1,8088,8445
rajasthan,pratapgarh,2022,2,8089,9304
rajasthan,pratapgarh,2022,3,8090,10194
rajasthan,pratapgarh,2022,4,8091,10804
rajasthan,pratapgarh,2023,1,8092,11195
rajasthan,pratapgarh,2023,2,8093,11365
rajasthan,pratapgarh,2023,3,8094,11606
rajasthan,pratapgarh,2023,4,8095,11986
rajasthan,pratapgarh,2024,1,8096,12478
rajasthan,pratapgarh,2024,2,8097,13041
rajasthan,pratapgarh,2024,3,8098,13651
rajasthan,pratapgarh,2024,4,8099,14028
rajasthan,pratapgarh,2025,1,8100,14340
rajasthan,pratapgarh,2025,2,8101,14477
rajasthan,pratapgarh,2025,3,8102,14609
rajasthan,pratapgarh,2025,4,8103,15103
rajasthan,pratapgarh,2026,1,8104,15340
rajasthan,pratapgarh,2026,2,8105,15573
rajasthan,rajsamand,2018,2,8073,2
rajasthan,rajsamand,2018,3,8074,9
rajasthan,rajsamand,2018,4,8075,31
rajasthan,rajsamand,2019,1,8076,161
rajasthan,rajsamand,2019,2,8077,1380
rajasthan,rajsamand,2019,3,8078,2478
rajasthan,rajsamand,2019,4,8079,3616
rajasthan,rajsamand,2020,1,8080,4443
rajasthan,rajsamand,2020,2,8081,4996
rajasthan,rajsamand,2020,3,8082,6712
rajasthan,rajsamand,2020,4,8083,8951
rajasthan,rajsamand,2021,1,8084,11844
rajasthan,rajsamand,2021,2,8085,12934
rajasthan,rajsamand,2021,3,8086,16117
rajasthan,rajsamand,2021,4,8087,19274
rajasthan,rajsamand,2022,1,8088,22190
rajasthan,rajsamand,2022,2,8089,24474
rajasthan,rajsamand,2022,3,8090,25996
rajasthan,rajsamand,2022,4,8091,27340
rajasthan,rajsamand,2023,1,8092,27265
rajasthan,rajsamand,2023,2,8093,27774
rajasthan,rajsamand,2023,3,8094,28299
rajasthan,rajsamand,2023,4,8095,28671
rajasthan,rajsamand,2024,1,8096,28926
rajasthan,rajsamand,2024,2,8097,29820
rajasthan,rajsamand,2024,3,8098,30684
rajasthan,rajsamand,2024,4,8099,31365
rajasthan,rajsamand,2025,1,8100,31975
rajasthan,rajsamand,2025,2,8101,32598
rajasthan,rajsamand,2025,3,8102,33339
rajasthan,rajsamand,2025,4,8103,33892
rajasthan,rajsamand,2026,1,8104,34377
rajasthan,rajsamand,2026,2,8105,35187
rajasthan,salumber,2018,2,8073,2
rajasthan,salumber,2018,3,8074,3
rajasthan,salumber,2018,4,8075,17
rajasthan,salumber,2019,1,8076,72
rajasthan,salumber,2019,2,8077,235
rajasthan,salumber,2019,3,8078,357
rajasthan,salumber,2019,4,8079,533
rajasthan,salumber,2020,1,8080,661
rajasthan,salumber,2020,2,8081,780
rajasthan,salumber,2020,3,8082,1438
rajasthan,salumber,2020,4,8083,2048
rajasthan,salumber,2021,1,8084,2939
rajasthan,salumber,2021,2,8085,3555
rajasthan,salumber,2021,3,8086,4300
rajasthan,salumber,2021,4,8087,5174
rajasthan,salumber,2022,1,8088,5897
rajasthan,salumber,2022,2,8089,6356
rajasthan,salumber,2022,3,8090,6530
rajasthan,salumber,2022,4,8091,6731
rajasthan,salumber,2023,1,8092,6710
rajasthan,salumber,2023,2,8093,6851
rajasthan,salumber,2023,3,8094,7005
rajasthan,salumber,2023,4,8095,7452
rajasthan,salumber,2024,1,8096,8137
rajasthan,salumber,2024,2,8097,8767
rajasthan,salumber,2024,3,8098,9372
rajasthan,salumber,2024,4,8099,9863
rajasthan,salumber,2025,1,8100,10123
rajasthan,salumber,2025,2,8101,10375
rajasthan,salumber,2025,3,8102,10802
rajasthan,salumber,2025,4,8103,11333
rajasthan,salumber,2026,1,8104,11598
rajasthan,salumber,2026,2,8105,11929
rajasthan,sawai madhopur,2018,3,8074,1
rajasthan,sawai madhopur,2018,4,8075,25
rajasthan,sawai madhopur,2019,1,8076,543
rajasthan,sawai madhopur,2019,2,8077,1201
rajasthan,sawai madhopur,2019,3,8078,3136
rajasthan,sawai madhopur,2019,4,8079,4255
rajasthan,sawai madhopur,2020,1,8080,5162
rajasthan,sawai madhopur,2020,2,8081,5677
rajasthan,sawai madhopur,2020,3,8082,6628
rajasthan,sawai madhopur,2020,4,8083,9391
rajasthan,sawai madhopur,2021,1,8084,13308
rajasthan,sawai madhopur,2021,2,8085,15055
rajasthan,sawai madhopur,2021,3,8086,17273
rajasthan,sawai madhopur,2021,4,8087,19426
rajasthan,sawai madhopur,2022,1,8088,22425
rajasthan,sawai madhopur,2022,2,8089,24364
rajasthan,sawai madhopur,2022,3,8090,26590
rajasthan,sawai madhopur,2022,4,8091,28880
rajasthan,sawai madhopur,2023,1,8092,29114
rajasthan,sawai madhopur,2023,2,8093,30254
rajasthan,sawai madhopur,2023,3,8094,31395
rajasthan,sawai madhopur,2023,4,8095,32703
rajasthan,sawai madhopur,2024,1,8096,34960
rajasthan,sawai madhopur,2024,2,8097,36779
rajasthan,sawai madhopur,2024,3,8098,39166
rajasthan,sawai madhopur,2024,4,8099,41823
rajasthan,sawai madhopur,2025,1,8100,43403
rajasthan,sawai madhopur,2025,2,8101,44657
rajasthan,sawai madhopur,2025,3,8102,45839
rajasthan,sawai madhopur,2025,4,8103,47534
rajasthan,sawai madhopur,2026,1,8104,48832
rajasthan,sawai madhopur,2026,2,8105,50402
rajasthan,sikar,2018,3,8074,19
rajasthan,sikar,2018,4,8075,215
rajasthan,sikar,2019,1,8076,1594
rajasthan,sikar,2019,2,8077,5063
rajasthan,sikar,2019,3,8078,9264
rajasthan,sikar,2019,4,8079,11945
rajasthan,sikar,2020,1,8080,14438
rajasthan,sikar,2020,2,8081,16089
rajasthan,sikar,2020,3,8082,23020
rajasthan,sikar,2020,4,8083,31512
rajasthan,sikar,2021,1,8084,40174
rajasthan,sikar,2021,2,8085,45772
rajasthan,sikar,2021,3,8086,56624
rajasthan,sikar,2021,4,8087,66634
rajasthan,sikar,2022,1,8088,77268
rajasthan,sikar,2022,2,8089,84198
rajasthan,sikar,2022,3,8090,89624
rajasthan,sikar,2022,4,8091,94473
rajasthan,sikar,2023,1,8092,96280
rajasthan,sikar,2023,2,8093,98561
rajasthan,sikar,2023,3,8094,101849
rajasthan,sikar,2023,4,8095,105049
rajasthan,sikar,2024,1,8096,109396
rajasthan,sikar,2024,2,8097,114055
rajasthan,sikar,2024,3,8098,118922
rajasthan,sikar,2024,4,8099,123129
rajasthan,sikar,2025,1,8100,126605
rajasthan,sikar,2025,2,8101,129794
rajasthan,sikar,2025,3,8102,132596
rajasthan,sikar,2025,4,8103,135338
rajasthan,sikar,2026,1,8104,137776
rajasthan,sikar,2026,2,8105,140979
rajasthan,sirohi,2018,3,8074,5
rajasthan,sirohi,2018,4,8075,23
rajasthan,sirohi,2019,1,8076,144
rajasthan,sirohi,2019,2,8077,357
rajasthan,sirohi,2019,3,8078,1665
rajasthan,sirohi,2019,4,8079,2618
rajasthan,sirohi,2020,1,8080,3255
rajasthan,sirohi,2020,2,8081,3684
rajasthan,sirohi,2020,3,8082,5149
rajasthan,sirohi,2020,4,8083,7178
rajasthan,sirohi,2021,1,8084,9426
rajasthan,sirohi,2021,2,8085,10510
rajasthan,sirohi,2021,3,8086,11951
rajasthan,sirohi,2021,4,8087,13746
rajasthan,sirohi,2022,1,8088,15853
rajasthan,sirohi,2022,2,8089,17128
rajasthan,sirohi,2022,3,8090,17982
rajasthan,sirohi,2022,4,8091,18830
rajasthan,sirohi,2023,1,8092,19111
rajasthan,sirohi,2023,2,8093,19562
rajasthan,sirohi,2023,3,8094,19960
rajasthan,sirohi,2023,4,8095,20493
rajasthan,sirohi,2024,1,8096,21215
rajasthan,sirohi,2024,2,8097,22231
rajasthan,sirohi,2024,3,8098,23161
rajasthan,sirohi,2024,4,8099,24065
rajasthan,sirohi,2025,1,8100,24852
rajasthan,sirohi,2025,2,8101,25474
rajasthan,sirohi,2025,3,8102,26136
rajasthan,sirohi,2025,4,8103,26716
rajasthan,sirohi,2026,1,8104,26994
rajasthan,sirohi,2026,2,8105,27214
rajasthan,sri ganganagar,2018,3,8074,6
rajasthan,sri ganganagar,2018,4,8075,24
rajasthan,sri ganganagar,2019,1,8076,349
rajasthan,sri ganganagar,2019,2,8077,777
rajasthan,sri ganganagar,2019,3,8078,3115
rajasthan,sri ganganagar,2019,4,8079,5299
rajasthan,sri ganganagar,2020,1,8080,7137
rajasthan,sri ganganagar,2020,2,8081,8234
rajasthan,sri ganganagar,2020,3,8082,11398
rajasthan,sri ganganagar,2020,4,8083,17276
rajasthan,sri ganganagar,2021,1,8084,22620
rajasthan,sri ganganagar,2021,2,8085,25884
rajasthan,sri ganganagar,2021,3,8086,31634
rajasthan,sri ganganagar,2021,4,8087,38561
rajasthan,sri ganganagar,2022,1,8088,45880
rajasthan,sri ganganagar,2022,2,8089,51085
rajasthan,sri ganganagar,2022,3,8090,54849
rajasthan,sri ganganagar,2022,4,8091,58435
rajasthan,sri ganganagar,2023,1,8092,61015
rajasthan,sri ganganagar,2023,2,8093,63250
rajasthan,sri ganganagar,2023,3,8094,65457
rajasthan,sri ganganagar,2023,4,8095,68416
rajasthan,sri ganganagar,2024,1,8096,72075
rajasthan,sri ganganagar,2024,2,8097,75317
rajasthan,sri ganganagar,2024,3,8098,78337
rajasthan,sri ganganagar,2024,4,8099,81421
rajasthan,sri ganganagar,2025,1,8100,83980
rajasthan,sri ganganagar,2025,2,8101,86264
rajasthan,sri ganganagar,2025,3,8102,88700
rajasthan,sri ganganagar,2025,4,8103,91966
rajasthan,sri ganganagar,2026,1,8104,93901
rajasthan,sri ganganagar,2026,2,8105,96171
rajasthan,tonk,2018,3,8074,14
rajasthan,tonk,2018,4,8075,91
rajasthan,tonk,2019,1,8076,728
rajasthan,tonk,2019,2,8077,2138
rajasthan,tonk,2019,3,8078,4853
rajasthan,tonk,2019,4,8079,7223
rajasthan,tonk,2020,1,8080,9168
rajasthan,tonk,2020,2,8081,10041
rajasthan,tonk,2020,3,8082,12159
rajasthan,tonk,2020,4,8083,16534
rajasthan,tonk,2021,1,8084,21748
rajasthan,tonk,2021,2,8085,27708
rajasthan,tonk,2021,3,8086,34070
rajasthan,tonk,2021,4,8087,39230
rajasthan,tonk,2022,1,8088,51162
rajasthan,tonk,2022,2,8089,54499
rajasthan,tonk,2022,3,8090,57172
rajasthan,tonk,2022,4,8091,59683
rajasthan,tonk,2023,1,8092,55245
rajasthan,tonk,2023,2,8093,55917
rajasthan,tonk,2023,3,8094,57012
rajasthan,tonk,2023,4,8095,57756
rajasthan,tonk,2024,1,8096,58510
rajasthan,tonk,2024,2,8097,60405
rajasthan,tonk,2024,3,8098,61668
rajasthan,tonk,2024,4,8099,62785
rajasthan,tonk,2025,1,8100,63639
rajasthan,tonk,2025,2,8101,64456
rajasthan,tonk,2025,3,8102,65101
rajasthan,tonk,2025,4,8103,66787
rajasthan,tonk,2026,1,8104,67945
rajasthan,tonk,2026,2,8105,69324
rajasthan,udaipur,2018,1,8072,2
rajasthan,udaipur,2018,2,8073,4
rajasthan,udaipur,2018,3,8074,17
rajasthan,udaipur,2018,4,8075,77
rajasthan,udaipur,2019,1,8076,7343
rajasthan,udaipur,2019,2,8077,12415
rajasthan,udaipur,2019,3,8078,16006
rajasthan,udaipur,2019,4,8079,20326
rajasthan,udaipur,2020,1,8080,24119
rajasthan,udaipur,2020,2,8081,25862
rajasthan,udaipur,2020,3,8082,32194
rajasthan,udaipur,2020,4,8083,36628
rajasthan,udaipur,2021,1,8084,40751
rajasthan,udaipur,2021,2,8085,43077
rajasthan,udaipur,2021,3,8086,47018
rajasthan,udaipur,2021,4,8087,51505
rajasthan,udaipur,2022,1,8088,56284
rajasthan,udaipur,2022,2,8089,59543
rajasthan,udaipur,2022,3,8090,61759
rajasthan,udaipur,2022,4,8091,63719
rajasthan,udaipur,2023,1,8092,63009
rajasthan,udaipur,2023,2,8093,63887
rajasthan,udaipur,2023,3,8094,66388
rajasthan,udaipur,2023,4,8095,69274
rajasthan,udaipur,2024,1,8096,74791
rajasthan,udaipur,2024,2,8097,79446
rajasthan,udaipur,2024,3,8098,83187
rajasthan,udaipur,2024,4,8099,86374
rajasthan,udaipur,2025,1,8100,89321
rajasthan,udaipur,2025,2,8101,91719
rajasthan,udaipur,2025,3,8102,93655
rajasthan,udaipur,2025,4,8103,95854
rajasthan,udaipur,2026,1,8104,97542
rajasthan,udaipur,2026,2,8105,99601
sikkim,gangtok,2018,4,8075,1
sikkim,gangtok,2019,1,8076,7
sikkim,gangtok,2019,2,8077,21
sikkim,gangtok,2019,3,8078,48
sikkim,gangtok,2019,4,8079,71
sikkim,gangtok,2020,1,8080,90
sikkim,gangtok,2020,2,8081,99
sikkim,gangtok,2020,3,8082,112
sikkim,gangtok,2020,4,8083,130
sikkim,gangtok,2021,1,8084,192
sikkim,gangtok,2021,2,8085,219
sikkim,gangtok,2021,3,8086,507
sikkim,gangtok,2021,4,8087,610
sikkim,gangtok,2022,1,8088,772
sikkim,gangtok,2022,2,8089,829
sikkim,gangtok,2022,3,8090,885
sikkim,gangtok,2022,4,8091,921
sikkim,gangtok,2023,1,8092,1126
sikkim,gangtok,2023,2,8093,1683
sikkim,gangtok,2023,3,8094,1988
sikkim,gangtok,2023,4,8095,2122
sikkim,gangtok,2024,1,8096,2392
sikkim,gangtok,2024,2,8097,2705
sikkim,gangtok,2024,3,8098,3632
sikkim,gangtok,2024,4,8099,4013
sikkim,gangtok,2025,1,8100,4294
sikkim,gangtok,2025,2,8101,4563
sikkim,gangtok,2025,3,8102,4817
sikkim,gangtok,2025,4,8103,5135
sikkim,gangtok,2026,1,8104,5426
sikkim,gangtok,2026,2,8105,5664
sikkim,gyalshing,2019,1,8076,2
sikkim,gyalshing,2019,2,8077,3
sikkim,gyalshing,2019,3,8078,8
sikkim,gyalshing,2019,4,8079,10
sikkim,gyalshing,2020,1,8080,14
sikkim,gyalshing,2020,2,8081,16
sikkim,gyalshing,2020,3,8082,19
sikkim,gyalshing,2020,4,8083,26
sikkim,gyalshing,2021,1,8084,28
sikkim,gyalshing,2021,2,8085,32
sikkim,gyalshing,2021,3,8086,35
sikkim,gyalshing,2021,4,8087,55
sikkim,gyalshing,2022,1,8088,94
sikkim,gyalshing,2022,2,8089,99
sikkim,gyalshing,2022,3,8090,109
sikkim,gyalshing,2022,4,8091,115
sikkim,gyalshing,2023,1,8092,131
sikkim,gyalshing,2023,2,8093,142
sikkim,gyalshing,2023,3,8094,212
sikkim,gyalshing,2023,4,8095,214
sikkim,gyalshing,2024,1,8096,232
sikkim,gyalshing,2024,2,8097,305
sikkim,gyalshing,2024,3,8098,410
sikkim,gyalshing,2024,4,8099,441
sikkim,gyalshing,2025,1,8100,464
sikkim,gyalshing,2025,2,8101,529
sikkim,gyalshing,2025,3,8102,541
sikkim,gyalshing,2025,4,8103,555
sikkim,gyalshing,2026,1,8104,564
sikkim,gyalshing,2026,2,8105,587
sikkim,mangan,2019,2,8077,3
sikkim,mangan,2019,3,8078,6
sikkim,mangan,2019,4,8079,7
sikkim,mangan,2020,1,8080,10
sikkim,mangan,2020,2,8081,11
sikkim,mangan,2020,3,8082,11
sikkim,mangan,2020,4,8083,15
sikkim,mangan,2021,1,8084,16
sikkim,mangan,2021,2,8085,22
sikkim,mangan,2021,3,8086,28
sikkim,mangan,2021,4,8087,32
sikkim,mangan,2022,1,8088,48
sikkim,mangan,2022,2,8089,64
sikkim,mangan,2022,3,8090,72
sikkim,mangan,2022,4,8091,79
sikkim,mangan,2023,1,8092,78
sikkim,mangan,2023,2,8093,113
sikkim,mangan,2023,3,8094,151
sikkim,mangan,2023,4,8095,155
sikkim,mangan,2024,1,8096,177
sikkim,mangan,2024,2,8097,193
sikkim,mangan,2024,3,8098,235
sikkim,mangan,2024,4,8099,260
sikkim,mangan,2025,1,8100,279
sikkim,mangan,2025,2,8101,284
sikkim,mangan,2025,3,8102,289
sikkim,mangan,2025,4,8103,322
sikkim,mangan,2026,1,8104,332
sikkim,mangan,2026,2,8105,333
sikkim,namchi,2019,1,8076,1
sikkim,namchi,2019,2,8077,13
sikkim,namchi,2019,3,8078,22
sikkim,namchi,2019,4,8079,30
sikkim,namchi,2020,1,8080,40
sikkim,namchi,2020,2,8081,46
sikkim,namchi,2020,3,8082,47
sikkim,namchi,2020,4,8083,58
sikkim,namchi,2021,1,8084,84
sikkim,namchi,2021,2,8085,91
sikkim,namchi,2021,3,8086,102
sikkim,namchi,2021,4,8087,115
sikkim,namchi,2022,1,8088,133
sikkim,namchi,2022,2,8089,154
sikkim,namchi,2022,3,8090,194
sikkim,namchi,2022,4,8091,224
sikkim,namchi,2023,1,8092,244
sikkim,namchi,2023,2,8093,287
sikkim,namchi,2023,3,8094,483
sikkim,namchi,2023,4,8095,558
sikkim,namchi,2024,1,8096,708
sikkim,namchi,2024,2,8097,864
sikkim,namchi,2024,3,8098,1013
sikkim,namchi,2024,4,8099,1123
sikkim,namchi,2025,1,8100,1168
sikkim,namchi,2025,2,8101,1208
sikkim,namchi,2025,3,8102,1237
sikkim,namchi,2025,4,8103,1299
sikkim,namchi,2026,1,8104,1325
sikkim,namchi,2026,2,8105,1353
sikkim,pakyong,2019,1,8076,4
sikkim,pakyong,2019,2,8077,13
sikkim,pakyong,2019,3,8078,20
sikkim,pakyong,2019,4,8079,27
sikkim,pakyong,2020,1,8080,33
sikkim,pakyong,2020,2,8081,37
sikkim,pakyong,2020,3,8082,40
sikkim,pakyong,2020,4,8083,44
sikkim,pakyong,2021,1,8084,59
sikkim,pakyong,2021,2,8085,70
sikkim,pakyong,2021,3,8086,93
sikkim,pakyong,2021,4,8087,110
sikkim,pakyong,2022,1,8088,142
sikkim,pakyong,2022,2,8089,171
sikkim,pakyong,2022,3,8090,196
sikkim,pakyong,2022,4,8091,206
sikkim,pakyong,2023,1,8092,210
sikkim,pakyong,2023,2,8093,254
sikkim,pakyong,2023,3,8094,353
sikkim,pakyong,2023,4,8095,397
sikkim,pakyong,2024,1,8096,484
sikkim,pakyong,2024,2,8097,589
sikkim,pakyong,2024,3,8098,783
sikkim,pakyong,2024,4,8099,867
sikkim,pakyong,2025,1,8100,935
sikkim,pakyong,2025,2,8101,972
sikkim,pakyong,2025,3,8102,994
sikkim,pakyong,2025,4,8103,1021
sikkim,pakyong,2026,1,8104,1051
sikkim,pakyong,2026,2,8105,1066
sikkim,soreng,2019,1,8076,1
sikkim,soreng,2019,2,8077,4
sikkim,soreng,2019,3,8078,7
sikkim,soreng,2019,4,8079,8
sikkim,soreng,2020,1,8080,10
sikkim,soreng,2020,2,8081,12
sikkim,soreng,2020,3,8082,13
sikkim,soreng,2020,4,8083,18
sikkim,soreng,2021,1,8084,20
sikkim,soreng,2021,2,8085,21
sikkim,soreng,2021,3,8086,27
sikkim,soreng,2021,4,8087,30
sikkim,soreng,2022,1,8088,30
sikkim,soreng,2022,2,8089,33
sikkim,soreng,2022,3,8090,37
sikkim,soreng,2022,4,8091,40
sikkim,soreng,2023,1,8092,42
sikkim,soreng,2023,2,8093,45
sikkim,soreng,2023,3,8094,48
sikkim,soreng,2023,4,8095,50
sikkim,soreng,2024,1,8096,75
sikkim,soreng,2024,2,8097,149
sikkim,soreng,2024,3,8098,282
sikkim,soreng,2024,4,8099,419
sikkim,soreng,2025,1,8100,467
sikkim,soreng,2025,2,8101,503
sikkim,soreng,2025,3,8102,525
sikkim,soreng,2025,4,8103,545
sikkim,soreng,2026,1,8104,559
sikkim,soreng,2026,2,8105,573
tamil nadu,ariyalur,2018,4,8075,2
tamil nadu,ariyalur,2019,1,8076,14
tamil nadu,ariyalur,2019,2,8077,48
tamil nadu,ariyalur,2019,3,8078,77
tamil nadu,ariyalur,2019,4,8079,119
tamil nadu,ariyalur,2020,1,8080,153
tamil nadu,ariyalur,2020,2,8081,175
tamil nadu,ariyalur,2020,3,8082,203
tamil nadu,ariyalur,2020,4,8083,614
tamil nadu,ariyalur,2021,1,8084,1700
tamil nadu,ariyalur,2021,2,8085,2066
tamil nadu,ariyalur,2021,3,8086,2393
tamil nadu,ariyalur,2021,4,8087,3021
tamil nadu,ariyalur,2022,1,8088,3919
tamil nadu,ariyalur,2022,2,8089,4749
tamil nadu,ariyalur,2022,3,8090,5303
tamil nadu,ariyalur,2022,4,8091,5894
tamil nadu,ariyalur,2023,1,8092,6154
tamil nadu,ariyalur,2023,2,8093,6302
tamil nadu,ariyalur,2023,3,8094,6527
tamil nadu,ariyalur,2023,4,8095,6823
tamil nadu,ariyalur,2024,1,8096,7261
tamil nadu,ariyalur,2024,2,8097,7806
tamil nadu,ariyalur,2024,3,8098,8363
tamil nadu,ariyalur,2024,4,8099,9065
tamil nadu,ariyalur,2025,1,8100,9889
tamil nadu,ariyalur,2025,2,8101,10562
tamil nadu,ariyalur,2025,3,8102,11086
tamil nadu,ariyalur,2025,4,8103,11607
tamil nadu,ariyalur,2026,1,8104,11921
tamil nadu,ariyalur,2026,2,8105,12108
tamil nadu,chengalpattu,2018,1,8072,1
tamil nadu,chengalpattu,2018,2,8073,1
tamil nadu,chengalpattu,2018,3,8074,12
tamil nadu,chengalpattu,2018,4,8075,1063
tamil nadu,chengalpattu,2019,1,8076,9622
tamil nadu,chengalpattu,2019,2,8077,21437
tamil nadu,chengalpattu,2019,3,8078,28472
tamil nadu,chengalpattu,2019,4,8079,36071
tamil nadu,chengalpattu,2020,1,8080,42597
tamil nadu,chengalpattu,2020,2,8081,45642
tamil nadu,chengalpattu,2020,3,8082,55859
tamil nadu,chengalpattu,2020,4,8083,65322
tamil nadu,chengalpattu,2021,1,8084,72776
tamil nadu,chengalpattu,2021,2,8085,75891
tamil nadu,chengalpattu,2021,3,8086,80534
tamil nadu,chengalpattu,2021,4,8087,84832
tamil nadu,chengalpattu,2022,1,8088,91076
tamil nadu,chengalpattu,2022,2,8089,96016
tamil nadu,chengalpattu,2022,3,8090,98644
tamil nadu,chengalpattu,2022,4,8091,100922
tamil nadu,chengalpattu,2023,1,8092,100160
tamil nadu,chengalpattu,2023,2,8093,101392
tamil nadu,chengalpattu,2023,3,8094,103808
tamil nadu,chengalpattu,2023,4,8095,105567
tamil nadu,chengalpattu,2024,1,8096,108926
tamil nadu,chengalpattu,2024,2,8097,112043
tamil nadu,chengalpattu,2024,3,8098,114844
tamil nadu,chengalpattu,2024,4,8099,117288
tamil nadu,chengalpattu,2025,1,8100,120037
tamil nadu,chengalpattu,2025,2,8101,122612
tamil nadu,chengalpattu,2025,3,8102,124667
tamil nadu,chengalpattu,2025,4,8103,127095
tamil nadu,chengalpattu,2026,1,8104,128873
tamil nadu,chengalpattu,2026,2,8105,130494
tamil nadu,chennai,2018,1,8072,25
tamil nadu,chennai,2018,2,8073,31
tamil nadu,chennai,2018,3,8074,69
tamil nadu,chennai,2018,4,8075,8780
tamil nadu,chennai,2019,1,8076,44418
tamil nadu,chennai,2019,2,8077,100793
tamil nadu,chennai,2019,3,8078,134463
tamil nadu,chennai,2019,4,8079,163388
tamil nadu,chennai,2020,1,8080,190726
tamil nadu,chennai,2020,2,8081,199179
tamil nadu,chennai,2020,3,8082,231001
tamil nadu,chennai,2020,4,8083,259299
tamil nadu,chennai,2021,1,8084,281391
tamil nadu,chennai,2021,2,8085,289962
tamil nadu,chennai,2021,3,8086,301415
tamil nadu,chennai,2021,4,8087,310509
tamil nadu,chennai,2022,1,8088,325145
tamil nadu,chennai,2022,2,8089,335260
tamil nadu,chennai,2022,3,8090,342301
tamil nadu,chennai,2022,4,8091,346494
tamil nadu,chennai,2023,1,8092,341957
tamil nadu,chennai,2023,2,8093,346252
tamil nadu,chennai,2023,3,8094,353279
tamil nadu,chennai,2023,4,8095,358458
tamil nadu,chennai,2024,1,8096,366990
tamil nadu,chennai,2024,2,8097,374101
tamil nadu,chennai,2024,3,8098,380869
tamil nadu,chennai,2024,4,8099,386338
tamil nadu,chennai,2025,1,8100,392215
tamil nadu,chennai,2025,2,8101,398300
tamil nadu,chennai,2025,3,8102,403386
tamil nadu,chennai,2025,4,8103,408938
tamil nadu,chennai,2026,1,8104,412895
tamil nadu,chennai,2026,2,8105,417360
tamil nadu,coimbatore,2018,1,8072,1
tamil nadu,coimbatore,2018,2,8073,2
tamil nadu,coimbatore,2018,3,8074,5
tamil nadu,coimbatore,2018,4,8075,21
tamil nadu,coimbatore,2019,1,8076,7757
tamil nadu,coimbatore,2019,2,8077,25069
tamil nadu,coimbatore,2019,3,8078,37318
tamil nadu,coimbatore,2019,4,8079,49273
tamil nadu,coimbatore,2020,1,8080,61088
tamil nadu,coimbatore,2020,2,8081,66433
tamil nadu,coimbatore,2020,3,8082,81313
tamil nadu,coimbatore,2020,4,8083,95105
tamil nadu,coimbatore,2021,1,8084,106402
tamil nadu,coimbatore,2021,2,8085,110321
tamil nadu,coimbatore,2021,3,8086,119046
tamil nadu,coimbatore,2021,4,8087,126556
tamil nadu,coimbatore,2022,1,8088,135189
tamil nadu,coimbatore,2022,2,8089,142447
tamil nadu,coimbatore,2022,3,8090,149493
tamil nadu,coimbatore,2022,4,8091,154823
tamil nadu,coimbatore,2023,1,8092,154412
tamil nadu,coimbatore,2023,2,8093,157868
tamil nadu,coimbatore,2023,3,8094,161540
tamil nadu,coimbatore,2023,4,8095,165796
tamil nadu,coimbatore,2024,1,8096,171829
tamil nadu,coimbatore,2024,2,8097,177435
tamil nadu,coimbatore,2024,3,8098,183218
tamil nadu,coimbatore,2024,4,8099,187918
tamil nadu,coimbatore,2025,1,8100,192048
tamil nadu,coimbatore,2025,2,8101,195820
tamil nadu,coimbatore,2025,3,8102,199430
tamil nadu,coimbatore,2025,4,8103,203022
tamil nadu,coimbatore,2026,1,8104,205468
tamil nadu,coimbatore,2026,2,8105,208047
tamil nadu,cuddalore,2018,3,8074,3
tamil nadu,cuddalore,2018,4,8075,16
tamil nadu,cuddalore,2019,1,8076,315
tamil nadu,cuddalore,2019,2,8077,1309
tamil nadu,cuddalore,2019,3,8078,1606
tamil nadu,cuddalore,2019,4,8079,1763
tamil nadu,cuddalore,2020,1,8080,2019
tamil nadu,cuddalore,2020,2,8081,2247
tamil nadu,cuddalore,2020,3,8082,3001
tamil nadu,cuddalore,2020,4,8083,7339
tamil nadu,cuddalore,2021,1,8084,12162
tamil nadu,cuddalore,2021,2,8085,13944
tamil nadu,cuddalore,2021,3,8086,17142
tamil nadu,cuddalore,2021,4,8087,21976
tamil nadu,cuddalore,2022,1,8088,26958
tamil nadu,cuddalore,2022,2,8089,30774
tamil nadu,cuddalore,2022,3,8090,33726
tamil nadu,cuddalore,2022,4,8091,36661
tamil nadu,cuddalore,2023,1,8092,38632
tamil nadu,cuddalore,2023,2,8093,39533
tamil nadu,cuddalore,2023,3,8094,40811
tamil nadu,cuddalore,2023,4,8095,42283
tamil nadu,cuddalore,2024,1,8096,44440
tamil nadu,cuddalore,2024,2,8097,46628
tamil nadu,cuddalore,2024,3,8098,48897
tamil nadu,cuddalore,2024,4,8099,50784
tamil nadu,cuddalore,2025,1,8100,52552
tamil nadu,cuddalore,2025,2,8101,54778
tamil nadu,cuddalore,2025,3,8102,57204
tamil nadu,cuddalore,2025,4,8103,59315
tamil nadu,cuddalore,2026,1,8104,60533
tamil nadu,cuddalore,2026,2,8105,61807
tamil nadu,dharmapuri,2018,3,8074,9
tamil nadu,dharmapuri,2018,4,8075,26
tamil nadu,dharmapuri,2019,1,8076,62
tamil nadu,dharmapuri,2019,2,8077,249
tamil nadu,dharmapuri,2019,3,8078,814
tamil nadu,dharmapuri,2019,4,8079,1437
tamil nadu,dharmapuri,2020,1,8080,2090
tamil nadu,dharmapuri,2020,2,8081,2342
tamil nadu,dharmapuri,2020,3,8082,3222
tamil nadu,dharmapuri,2020,4,8083,5540
tamil nadu,dharmapuri,2021,1,8084,8761
tamil nadu,dharmapuri,2021,2,8085,10727
tamil nadu,dharmapuri,2021,3,8086,14632
tamil nadu,dharmapuri,2021,4,8087,20033
tamil nadu,dharmapuri,2022,1,8088,25497
tamil nadu,dharmapuri,2022,2,8089,28829
tamil nadu,dharmapuri,2022,3,8090,31501
tamil nadu,dharmapuri,2022,4,8091,33860
tamil nadu,dharmapuri,2023,1,8092,34690
tamil nadu,dharmapuri,2023,2,8093,35111
tamil nadu,dharmapuri,2023,3,8094,36594
tamil nadu,dharmapuri,2023,4,8095,38121
tamil nadu,dharmapuri,2024,1,8096,39960
tamil nadu,dharmapuri,2024,2,8097,41719
tamil nadu,dharmapuri,2024,3,8098,43436
tamil nadu,dharmapuri,2024,4,8099,44805
tamil nadu,dharmapuri,2025,1,8100,45820
tamil nadu,dharmapuri,2025,2,8101,46938
tamil nadu,dharmapuri,2025,3,8102,48364
tamil nadu,dharmapuri,2025,4,8103,49528
tamil nadu,dharmapuri,2026,1,8104,50424
tamil nadu,dharmapuri,2026,2,8105,51384
tamil nadu,dindigul,2018,3,8074,1
tamil nadu,dindigul,2018,4,8075,8
tamil nadu,dindigul,2019,1,8076,231
tamil nadu,dindigul,2019,2,8077,3098
tamil nadu,dindigul,2019,3,8078,5370
tamil nadu,dindigul,2019,4,8079,7755
tamil nadu,dindigul,2020,1,8080,9446
tamil nadu,dindigul,2020,2,8081,10065
tamil nadu,dindigul,2020,3,8082,12023
tamil nadu,dindigul,2020,4,8083,15347
tamil nadu,dindigul,2021,1,8084,19463
tamil nadu,dindigul,2021,2,8085,21281
tamil nadu,dindigul,2021,3,8086,24744
tamil nadu,dindigul,2021,4,8087,29019
tamil nadu,dindigul,2022,1,8088,34185
tamil nadu,dindigul,2022,2,8089,37576
tamil nadu,dindigul,2022,3,8090,39448
tamil nadu,dindigul,2022,4,8091,41455
tamil nadu,dindigul,2023,1,8092,41716
tamil nadu,dindigul,2023,2,8093,42370
tamil nadu,dindigul,2023,3,8094,43145
tamil nadu,dindigul,2023,4,8095,44136
tamil nadu,dindigul,2024,1,8096,46476
tamil nadu,dindigul,2024,2,8097,48552
tamil nadu,dindigul,2024,3,8098,50483
tamil nadu,dindigul,2024,4,8099,52440
tamil nadu,dindigul,2025,1,8100,53839
tamil nadu,dindigul,2025,2,8101,55983
tamil nadu,dindigul,2025,3,8102,58435
tamil nadu,dindigul,2025,4,8103,60517
tamil nadu,dindigul,2026,1,8104,61571
tamil nadu,dindigul,2026,2,8105,63258
tamil nadu,erode,2018,1,8072,1
tamil nadu,erode,2018,2,8073,1
tamil nadu,erode,2018,3,8074,2
tamil nadu,erode,2018,4,8075,10
tamil nadu,erode,2019,1,8076,370
tamil nadu,erode,2019,2,8077,2390
tamil nadu,erode,2019,3,8078,4286
tamil nadu,erode,2019,4,8079,6818
tamil nadu,erode,2020,1,8080,9379
tamil nadu,erode,2020,2,8081,10698
tamil nadu,erode,2020,3,8082,14559
tamil nadu,erode,2020,4,8083,18934
tamil nadu,erode,2021,1,8084,22978
tamil nadu,erode,2021,2,8085,24368
tamil nadu,erode,2021,3,8086,27755
tamil nadu,erode,2021,4,8087,31329
tamil nadu,erode,2022,1,8088,34683
tamil nadu,erode,2022,2,8089,36291
tamil nadu,erode,2022,3,8090,37559
tamil nadu,erode,2022,4,8091,38816
tamil nadu,erode,2023,1,8092,38873
tamil nadu,erode,2023,2,8093,39819
tamil nadu,erode,2023,3,8094,41468
tamil nadu,erode,2023,4,8095,43473
tamil nadu,erode,2024,1,8096,45680
tamil nadu,erode,2024,2,8097,47946
tamil nadu,erode,2024,3,8098,50014
tamil nadu,erode,2024,4,8099,52184
tamil nadu,erode,2025,1,8100,53877
tamil nadu,erode,2025,2,8101,55345
tamil nadu,erode,2025,3,8102,57115
tamil nadu,erode,2025,4,8103,59185
tamil nadu,erode,2026,1,8104,60427
tamil nadu,erode,2026,2,8105,61545
tamil nadu,kallakurichi,2018,3,8074,1
tamil nadu,kallakurichi,2018,4,8075,5
tamil nadu,kallakurichi,2019,1,8076,32
tamil nadu,kallakurichi,2019,2,8077,363
tamil nadu,kallakurichi,2019,3,8078,546
tamil nadu,kallakurichi,2019,4,8079,692
tamil nadu,kallakurichi,2020,1,8080,827
tamil nadu,kallakurichi,2020,2,8081,925
tamil nadu,kallakurichi,2020,3,8082,1091
tamil nadu,kallakurichi,2020,4,8083,2782
tamil nadu,kallakurichi,2021,1,8084,5379
tamil nadu,kallakurichi,2021,2,8085,6419
tamil nadu,kallakurichi,2021,3,8086,8339
tamil nadu,kallakurichi,2021,4,8087,10808
tamil nadu,kallakurichi,2022,1,8088,13944
tamil nadu,kallakurichi,2022,2,8089,16559
tamil nadu,kallakurichi,2022,3,8090,18762
tamil nadu,kallakurichi,2022,4,8091,21250
tamil nadu,kallakurichi,2023,1,8092,22644
tamil nadu,kallakurichi,2023,2,8093,23128
tamil nadu,kallakurichi,2023,3,8094,23628
tamil nadu,kallakurichi,2023,4,8095,24060
tamil nadu,kallakurichi,2024,1,8096,24837
tamil nadu,kallakurichi,2024,2,8097,25878
tamil nadu,kallakurichi,2024,3,8098,27180
tamil nadu,kallakurichi,2024,4,8099,27969
tamil nadu,kallakurichi,2025,1,8100,28777
tamil nadu,kallakurichi,2025,2,8101,29718
tamil nadu,kallakurichi,2025,3,8102,31301
tamil nadu,kallakurichi,2025,4,8103,32312
tamil nadu,kallakurichi,2026,1,8104,32621
tamil nadu,kallakurichi,2026,2,8105,33007
tamil nadu,kancheepuram,2018,3,8074,3
tamil nadu,kancheepuram,2018,4,8075,147
tamil nadu,kancheepuram,2019,1,8076,1091
tamil nadu,kancheepuram,2019,2,8077,2068
tamil nadu,kancheepuram,2019,3,8078,2924
tamil nadu,kancheepuram,2019,4,8079,4289
tamil nadu,kancheepuram,2020,1,8080,5448
tamil nadu,kancheepuram,2020,2,8081,5815
tamil nadu,kancheepuram,2020,3,8082,7204
tamil nadu,kancheepuram,2020,4,8083,9275
tamil nadu,kancheepuram,2021,1,8084,11261
tamil nadu,kancheepuram,2021,2,8085,11557
tamil nadu,kancheepuram,2021,3,8086,12347
tamil nadu,kancheepuram,2021,4,8087,14042
tamil nadu,kancheepuram,2022,1,8088,16097
tamil nadu,kancheepuram,2022,2,8089,17508
tamil nadu,kancheepuram,2022,3,8090,18525
tamil nadu,kancheepuram,2022,4,8091,19698
tamil nadu,kancheepuram,2023,1,8092,20480
tamil nadu,kancheepuram,2023,2,8093,20894
tamil nadu,kancheepuram,2023,3,8094,21355
tamil nadu,kancheepuram,2023,4,8095,21780
tamil nadu,kancheepuram,2024,1,8096,22608
tamil nadu,kancheepuram,2024,2,8097,23051
tamil nadu,kancheepuram,2024,3,8098,23550
tamil nadu,kancheepuram,2024,4,8099,23918
tamil nadu,kancheepuram,2025,1,8100,24377
tamil nadu,kancheepuram,2025,2,8101,24859
tamil nadu,kancheepuram,2025,3,8102,25275
tamil nadu,kancheepuram,2025,4,8103,25717
tamil nadu,kancheepuram,2026,1,8104,26125
tamil nadu,kancheepuram,2026,2,8105,26414
tamil nadu,kanniyakumari,2018,3,8074,2
tamil nadu,kanniyakumari,2018,4,8075,5
tamil nadu,kanniyakumari,2019,1,8076,53
tamil nadu,kanniyakumari,2019,2,8077,1911
tamil nadu,kanniyakumari,2019,3,8078,3736
tamil nadu,kanniyakumari,2019,4,8079,4883
tamil nadu,kanniyakumari,2020,1,8080,5848
tamil nadu,kanniyakumari,2020,2,8081,6329
tamil nadu,kanniyakumari,2020,3,8082,7762
tamil nadu,kanniyakumari,2020,4,8083,10688
tamil nadu,kanniyakumari,2021,1,8084,14169
tamil nadu,kanniyakumari,2021,2,8085,16193
tamil nadu,kanniyakumari,2021,3,8086,19155
tamil nadu,kanniyakumari,2021,4,8087,21610
tamil nadu,kanniyakumari,2022,1,8088,24323
tamil nadu,kanniyakumari,2022,2,8089,26972
tamil nadu,kanniyakumari,2022,3,8090,29523
tamil nadu,kanniyakumari,2022,4,8091,32173
tamil nadu,kanniyakumari,2023,1,8092,33733
tamil nadu,kanniyakumari,2023,2,8093,34531
tamil nadu,kanniyakumari,2023,3,8094,35635
tamil nadu,kanniyakumari,2023,4,8095,37025
tamil nadu,kanniyakumari,2024,1,8096,38756
tamil nadu,kanniyakumari,2024,2,8097,40395
tamil nadu,kanniyakumari,2024,3,8098,42515
tamil nadu,kanniyakumari,2024,4,8099,44890
tamil nadu,kanniyakumari,2025,1,8100,46818
tamil nadu,kanniyakumari,2025,2,8101,48311
tamil nadu,kanniyakumari,2025,3,8102,49785
tamil nadu,kanniyakumari,2025,4,8103,50792
tamil nadu,kanniyakumari,2026,1,8104,51344
tamil nadu,kanniyakumari,2026,2,8105,51933
tamil nadu,karur,2018,4,8075,1
tamil nadu,karur,2019,1,8076,130
tamil nadu,karur,2019,2,8077,338
tamil nadu,karur,2019,3,8078,536
tamil nadu,karur,2019,4,8079,743
tamil nadu,karur,2020,1,8080,929
tamil nadu,karur,2020,2,8081,1000
tamil nadu,karur,2020,3,8082,1626
tamil nadu,karur,2020,4,8083,2816
tamil nadu,karur,2021,1,8084,4402
tamil nadu,karur,2021,2,8085,4784
tamil nadu,karur,2021,3,8086,6332
tamil nadu,karur,2021,4,8087,8289
tamil nadu,karur,2022,1,8088,10066
tamil nadu,karur,2022,2,8089,11332
tamil nadu,karur,2022,3,8090,12436
tamil nadu,karur,2022,4,8091,13832
tamil nadu,karur,2023,1,8092,14743
tamil nadu,karur,2023,2,8093,15203
tamil nadu,karur,2023,3,8094,16235
tamil nadu,karur,2023,4,8095,17777
tamil nadu,karur,2024,1,8096,19719
tamil nadu,karur,2024,2,8097,20980
tamil nadu,karur,2024,3,8098,21718
tamil nadu,karur,2024,4,8099,22437
tamil nadu,karur,2025,1,8100,22999
tamil nadu,karur,2025,2,8101,23560
tamil nadu,karur,2025,3,8102,24255
tamil nadu,karur,2025,4,8103,25191
tamil nadu,karur,2026,1,8104,26070
tamil nadu,karur,2026,2,8105,27105
tamil nadu,krishnagiri,2018,1,8072,4
tamil nadu,krishnagiri,2018,2,8073,6
tamil nadu,krishnagiri,2018,3,8074,54
tamil nadu,krishnagiri,2018,4,8075,178
tamil nadu,krishnagiri,2019,1,8076,406
tamil nadu,krishnagiri,2019,2,8077,743
tamil nadu,krishnagiri,2019,3,8078,1266
tamil nadu,krishnagiri,2019,4,8079,2724
tamil nadu,krishnagiri,2020,1,8080,4408
tamil nadu,krishnagiri,2020,2,8081,5284
tamil nadu,krishnagiri,2020,3,8082,7606
tamil nadu,krishnagiri,2020,4,8083,12467
tamil nadu,krishnagiri,2021,1,8084,18322
tamil nadu,krishnagiri,2021,2,8085,20928
tamil nadu,krishnagiri,2021,3,8086,25975
tamil nadu,krishnagiri,2021,4,8087,31471
tamil nadu,krishnagiri,2022,1,8088,37628
tamil nadu,krishnagiri,2022,2,8089,41975
tamil nadu,krishnagiri,2022,3,8090,45980
tamil nadu,krishnagiri,2022,4,8091,49415
tamil nadu,krishnagiri,2023,1,8092,51168
tamil nadu,krishnagiri,2023,2,8093,52996
tamil nadu,krishnagiri,2023,3,8094,55444
tamil nadu,krishnagiri,2023,4,8095,58009
tamil nadu,krishnagiri,2024,1,8096,61065
tamil nadu,krishnagiri,2024,2,8097,63843
tamil nadu,krishnagiri,2024,3,8098,65731
tamil nadu,krishnagiri,2024,4,8099,67249
tamil nadu,krishnagiri,2025,1,8100,68651
tamil nadu,krishnagiri,2025,2,8101,69983
tamil nadu,krishnagiri,2025,3,8102,71178
tamil nadu,krishnagiri,2025,4,8103,72796
tamil nadu,krishnagiri,2026,1,8104,74158
tamil nadu,krishnagiri,2026,2,8105,75543
tamil nadu,madurai,2018,1,8072,1
tamil nadu,madurai,2018,2,8073,1
tamil nadu,madurai,2018,3,8074,1
tamil nadu,madurai,2018,4,8075,116
tamil nadu,madurai,2019,1,8076,6677
tamil nadu,madurai,2019,2,8077,17657
tamil nadu,madurai,2019,3,8078,22550
tamil nadu,madurai,2019,4,8079,27360
tamil nadu,madurai,2020,1,8080,31292
tamil nadu,madurai,2020,2,8081,32614
tamil nadu,madurai,2020,3,8082,37741
tamil nadu,madurai,2020,4,8083,42809
tamil nadu,madurai,2021,1,8084,48034
tamil nadu,madurai,2021,2,8085,50015
tamil nadu,madurai,2021,3,8086,54658
tamil nadu,madurai,2021,4,8087,58577
tamil nadu,madurai,2022,1,8088,65224
tamil nadu,madurai,2022,2,8089,69896
tamil nadu,madurai,2022,3,8090,73889
tamil nadu,madurai,2022,4,8091,76798
tamil nadu,madurai,2023,1,8092,78117
tamil nadu,madurai,2023,2,8093,78880
tamil nadu,madurai,2023,3,8094,79956
tamil nadu,madurai,2023,4,8095,82121
tamil nadu,madurai,2024,1,8096,86138
tamil nadu,madurai,2024,2,8097,89657
tamil nadu,madurai,2024,3,8098,92892
tamil nadu,madurai,2024,4,8099,96344
tamil nadu,madurai,2025,1,8100,99250
tamil nadu,madurai,2025,2,8101,102113
tamil nadu,madurai,2025,3,8102,104165
tamil nadu,madurai,2025,4,8103,106637
tamil nadu,madurai,2026,1,8104,108360
tamil nadu,madurai,2026,2,8105,110144
tamil nadu,mayiladuthurai,2018,4,8075,1
tamil nadu,mayiladuthurai,2019,1,8076,19
tamil nadu,mayiladuthurai,2019,2,8077,52
tamil nadu,mayiladuthurai,2019,3,8078,97
tamil nadu,mayiladuthurai,2019,4,8079,134
tamil nadu,mayiladuthurai,2020,1,8080,165
tamil nadu,mayiladuthurai,2020,2,8081,192
tamil nadu,mayiladuthurai,2020,3,8082,220
tamil nadu,mayiladuthurai,2020,4,8083,1039
tamil nadu,mayiladuthurai,2021,1,8084,2765
tamil nadu,mayiladuthurai,2021,2,8085,3749
tamil nadu,mayiladuthurai,2021,3,8086,5239
tamil nadu,mayiladuthurai,2021,4,8087,6943
tamil nadu,mayiladuthurai,2022,1,8088,9200
tamil nadu,mayiladuthurai,2022,2,8089,10945
tamil nadu,mayiladuthurai,2022,3,8090,12331
tamil nadu,mayiladuthurai,2022,4,8091,14046
tamil nadu,mayiladuthurai,2023,1,8092,15357
tamil nadu,mayiladuthurai,2023,2,8093,15851
tamil nadu,mayiladuthurai,2023,3,8094,16343
tamil nadu,mayiladuthurai,2023,4,8095,16864
tamil nadu,mayiladuthurai,2024,1,8096,17715
tamil nadu,mayiladuthurai,2024,2,8097,18595
tamil nadu,mayiladuthurai,2024,3,8098,19530
tamil nadu,mayiladuthurai,2024,4,8099,20343
tamil nadu,mayiladuthurai,2025,1,8100,21078
tamil nadu,mayiladuthurai,2025,2,8101,22054
tamil nadu,mayiladuthurai,2025,3,8102,23045
tamil nadu,mayiladuthurai,2025,4,8103,23754
tamil nadu,mayiladuthurai,2026,1,8104,24159
tamil nadu,mayiladuthurai,2026,2,8105,24596
tamil nadu,nagapattinam,2019,1,8076,13
tamil nadu,nagapattinam,2019,2,8077,29
tamil nadu,nagapattinam,2019,3,8078,50
tamil nadu,nagapattinam,2019,4,8079,76
tamil nadu,nagapattinam,2020,1,8080,95
tamil nadu,nagapattinam,2020,2,8081,112
tamil nadu,nagapattinam,2020,3,8082,137
tamil nadu,nagapattinam,2020,4,8083,1334
tamil nadu,nagapattinam,2021,1,8084,2014
tamil nadu,nagapattinam,2021,2,8085,2205
tamil nadu,nagapattinam,2021,3,8086,2975
tamil nadu,nagapattinam,2021,4,8087,4903
tamil nadu,nagapattinam,2022,1,8088,6556
tamil nadu,nagapattinam,2022,2,8089,7514
tamil nadu,nagapattinam,2022,3,8090,8451
tamil nadu,nagapattinam,2022,4,8091,9864
tamil nadu,nagapattinam,2023,1,8092,10317
tamil nadu,nagapattinam,2023,2,8093,10461
tamil nadu,nagapattinam,2023,3,8094,10838
tamil nadu,nagapattinam,2023,4,8095,11176
tamil nadu,nagapattinam,2024,1,8096,11683
tamil nadu,nagapattinam,2024,2,8097,12252
tamil nadu,nagapattinam,2024,3,8098,12812
tamil nadu,nagapattinam,2024,4,8099,13341
tamil nadu,nagapattinam,2025,1,8100,13935
tamil nadu,nagapattinam,2025,2,8101,14507
tamil nadu,nagapattinam,2025,3,8102,15230
tamil nadu,nagapattinam,2025,4,8103,15757
tamil nadu,nagapattinam,2026,1,8104,16038
tamil nadu,nagapattinam,2026,2,8105,16320
tamil nadu,namakkal,2018,1,8072,1
tamil nadu,namakkal,2018,2,8073,1
tamil nadu,namakkal,2018,3,8074,3
tamil nadu,namakkal,2018,4,8075,6
tamil nadu,namakkal,2019,1,8076,52
tamil nadu,namakkal,2019,2,8077,715
tamil nadu,namakkal,2019,3,8078,1519
tamil nadu,namakkal,2019,4,8079,2335
tamil nadu,namakkal,2020,1,8080,2850
tamil nadu,namakkal,2020,2,8081,3179
tamil nadu,namakkal,2020,3,8082,4190
tamil nadu,namakkal,2020,4,8083,6950
tamil nadu,namakkal,2021,1,8084,10310
tamil nadu,namakkal,2021,2,8085,11483
tamil nadu,namakkal,2021,3,8086,14667
tamil nadu,namakkal,2021,4,8087,18568
tamil nadu,namakkal,2022,1,8088,22589
tamil nadu,namakkal,2022,2,8089,25579
tamil nadu,namakkal,2022,3,8090,27791
tamil nadu,namakkal,2022,4,8091,30186
tamil nadu,namakkal,2023,1,8092,31218
tamil nadu,namakkal,2023,2,8093,31986
tamil nadu,namakkal,2023,3,8094,33337
tamil nadu,namakkal,2023,4,8095,35429
tamil nadu,namakkal,2024,1,8096,37338
tamil nadu,namakkal,2024,2,8097,38465
tamil nadu,namakkal,2024,3,8098,39661
tamil nadu,namakkal,2024,4,8099,41280
tamil nadu,namakkal,2025,1,8100,42539
tamil nadu,namakkal,2025,2,8101,43701
tamil nadu,namakkal,2025,3,8102,44904
tamil nadu,namakkal,2025,4,8103,46513
tamil nadu,namakkal,2026,1,8104,47528
tamil nadu,namakkal,2026,2,8105,48841
tamil nadu,perambalur,2018,4,8075,2
tamil nadu,perambalur,2019,1,8076,49
tamil nadu,perambalur,2019,2,8077,75
tamil nadu,perambalur,2019,3,8078,110
tamil nadu,perambalur,2019,4,8079,558
tamil nadu,perambalur,2020,1,8080,819
tamil nadu,perambalur,2020,2,8081,982
tamil nadu,perambalur,2020,3,8082,1369
tamil nadu,perambalur,2020,4,8083,1478
tamil nadu,perambalur,2021,1,8084,1920
tamil nadu,perambalur,2021,2,8085,2225
tamil nadu,perambalur,2021,3,8086,2419
tamil nadu,perambalur,2021,4,8087,2850
tamil nadu,perambalur,2022,1,8088,3828
tamil nadu,perambalur,2022,2,8089,4527
tamil nadu,perambalur,2022,3,8090,5185
tamil nadu,perambalur,2022,4,8091,5732
tamil nadu,perambalur,2023,1,8092,6150
tamil nadu,perambalur,2023,2,8093,6344
tamil nadu,perambalur,2023,3,8094,6609
tamil nadu,perambalur,2023,4,8095,6801
tamil nadu,perambalur,2024,1,8096,7050
tamil nadu,perambalur,2024,2,8097,7184
tamil nadu,perambalur,2024,3,8098,7428
tamil nadu,perambalur,2024,4,8099,7624
tamil nadu,perambalur,2025,1,8100,7879
tamil nadu,perambalur,2025,2,8101,8179
tamil nadu,perambalur,2025,3,8102,8459
tamil nadu,perambalur,2025,4,8103,8708
tamil nadu,perambalur,2026,1,8104,8805
tamil nadu,perambalur,2026,2,8105,8891
tamil nadu,pudukkottai,2018,4,8075,2
tamil nadu,pudukkottai,2019,1,8076,174
tamil nadu,pudukkottai,2019,2,8077,1155
tamil nadu,pudukkottai,2019,3,8078,1247
tamil nadu,pudukkottai,2019,4,8079,1383
tamil nadu,pudukkottai,2020,1,8080,1471
tamil nadu,pudukkottai,2020,2,8081,1566
tamil nadu,pudukkottai,2020,3,8082,1663
tamil nadu,pudukkottai,2020,4,8083,2782
tamil nadu,pudukkottai,2021,1,8084,3458
tamil nadu,pudukkottai,2021,2,8085,4164
tamil nadu,pudukkottai,2021,3,8086,6013
tamil nadu,pudukkottai,2021,4,8087,8285
tamil nadu,pudukkottai,2022,1,8088,10185
tamil nadu,pudukkottai,2022,2,8089,11806
tamil nadu,pudukkottai,2022,3,8090,12873
tamil nadu,pudukkottai,2022,4,8091,13942
tamil nadu,pudukkottai,2023,1,8092,14416
tamil nadu,pudukkottai,2023,2,8093,14737
tamil nadu,pudukkottai,2023,3,8094,15266
tamil nadu,pudukkottai,2023,4,8095,15786
tamil nadu,pudukkottai,2024,1,8096,16320
tamil nadu,pudukkottai,2024,2,8097,16783
tamil nadu,pudukkottai,2024,3,8098,17506
tamil nadu,pudukkottai,2024,4,8099,18224
tamil nadu,pudukkottai,2025,1,8100,18769
tamil nadu,pudukkottai,2025,2,8101,19196
tamil nadu,pudukkottai,2025,3,8102,19726
tamil nadu,pudukkottai,2025,4,8103,20293
tamil nadu,pudukkottai,2026,1,8104,20826
tamil nadu,pudukkottai,2026,2,8105,21484
tamil nadu,ramanathapuram,2018,1,8072,1
tamil nadu,ramanathapuram,2018,2,8073,1
tamil nadu,ramanathapuram,2018,3,8074,1
tamil nadu,ramanathapuram,2018,4,8075,4
tamil nadu,ramanathapuram,2019,1,8076,49
tamil nadu,ramanathapuram,2019,2,8077,114
tamil nadu,ramanathapuram,2019,3,8078,167
tamil nadu,ramanathapuram,2019,4,8079,243
tamil nadu,ramanathapuram,2020,1,8080,292
tamil nadu,ramanathapuram,2020,2,8081,330
tamil nadu,ramanathapuram,2020,3,8082,358
tamil nadu,ramanathapuram,2020,4,8083,2390
tamil nadu,ramanathapuram,2021,1,8084,3899
tamil nadu,ramanathapuram,2021,2,8085,4375
tamil nadu,ramanathapuram,2021,3,8086,5335
tamil nadu,ramanathapuram,2021,4,8087,6598
tamil nadu,ramanathapuram,2022,1,8088,8300
tamil nadu,ramanathapuram,2022,2,8089,9961
tamil nadu,ramanathapuram,2022,3,8090,10994
tamil nadu,ramanathapuram,2022,4,8091,11863
tamil nadu,ramanathapuram,2023,1,8092,12371
tamil nadu,ramanathapuram,2023,2,8093,12603
tamil nadu,ramanathapuram,2023,3,8094,13121
tamil nadu,ramanathapuram,2023,4,8095,13691
tamil nadu,ramanathapuram,2024,1,8096,14455
tamil nadu,ramanathapuram,2024,2,8097,15379
tamil nadu,ramanathapuram,2024,3,8098,16309
tamil nadu,ramanathapuram,2024,4,8099,17603
tamil nadu,ramanathapuram,2025,1,8100,18979
tamil nadu,ramanathapuram,2025,2,8101,20003
tamil nadu,ramanathapuram,2025,3,8102,21059
tamil nadu,ramanathapuram,2025,4,8103,22292
tamil nadu,ramanathapuram,2026,1,8104,22859
tamil nadu,ramanathapuram,2026,2,8105,23359
tamil nadu,ranipet,2018,4,8075,36
tamil nadu,ranipet,2019,1,8076,416
tamil nadu,ranipet,2019,2,8077,1346
tamil nadu,ranipet,2019,3,8078,1989
tamil nadu,ranipet,2019,4,8079,2728
tamil nadu,ranipet,2020,1,8080,3360
tamil nadu,ranipet,2020,2,8081,3652
tamil nadu,ranipet,2020,3,8082,4803
tamil nadu,ranipet,2020,4,8083,7365
tamil nadu,ranipet,2021,1,8084,9327
tamil nadu,ranipet,2021,2,8085,10711
tamil nadu,ranipet,2021,3,8086,12613
tamil nadu,ranipet,2021,4,8087,13879
tamil nadu,ranipet,2022,1,8088,15859
tamil nadu,ranipet,2022,2,8089,16751
tamil nadu,ranipet,2022,3,8090,17286
tamil nadu,ranipet,2022,4,8091,17658
tamil nadu,ranipet,2023,1,8092,17614
tamil nadu,ranipet,2023,2,8093,17860
tamil nadu,ranipet,2023,3,8094,18422
tamil nadu,ranipet,2023,4,8095,18907
tamil nadu,ranipet,2024,1,8096,19372
tamil nadu,ranipet,2024,2,8097,19937
tamil nadu,ranipet,2024,3,8098,20503
tamil nadu,ranipet,2024,4,8099,21095
tamil nadu,ranipet,2025,1,8100,21620
tamil nadu,ranipet,2025,2,8101,22058
tamil nadu,ranipet,2025,3,8102,22423
tamil nadu,ranipet,2025,4,8103,22934
tamil nadu,ranipet,2026,1,8104,23357
tamil nadu,ranipet,2026,2,8105,23878
tamil nadu,salem,2018,3,8074,6
tamil nadu,salem,2018,4,8075,23
tamil nadu,salem,2019,1,8076,160
tamil nadu,salem,2019,2,8077,4653
tamil nadu,salem,2019,3,8078,7538
tamil nadu,salem,2019,4,8079,10677
tamil nadu,salem,2020,1,8080,12500
tamil nadu,salem,2020,2,8081,13183
tamil nadu,salem,2020,3,8082,15477
tamil nadu,salem,2020,4,8083,22657
tamil nadu,salem,2021,1,8084,30303
tamil nadu,salem,2021,2,8085,33170
tamil nadu,salem,2021,3,8086,39276
tamil nadu,salem,2021,4,8087,46278
tamil nadu,salem,2022,1,8088,53026
tamil nadu,salem,2022,2,8089,58760
tamil nadu,salem,2022,3,8090,62887
tamil nadu,salem,2022,4,8091,66597
tamil nadu,salem,2023,1,8092,66562
tamil nadu,salem,2023,2,8093,67732
tamil nadu,salem,2023,3,8094,69542
tamil nadu,salem,2023,4,8095,72249
tamil nadu,salem,2024,1,8096,75218
tamil nadu,salem,2024,2,8097,77799
tamil nadu,salem,2024,3,8098,80831
tamil nadu,salem,2024,4,8099,83934
tamil nadu,salem,2025,1,8100,87057
tamil nadu,salem,2025,2,8101,90410
tamil nadu,salem,2025,3,8102,93515
tamil nadu,salem,2025,4,8103,96354
tamil nadu,salem,2026,1,8104,98413
tamil nadu,salem,2026,2,8105,100404
tamil nadu,sivaganga,2018,4,8075,5
tamil nadu,sivaganga,2019,1,8076,236
tamil nadu,sivaganga,2019,2,8077,394
tamil nadu,sivaganga,2019,3,8078,490
tamil nadu,sivaganga,2019,4,8079,554
tamil nadu,sivaganga,2020,1,8080,683
tamil nadu,sivaganga,2020,2,8081,738
tamil nadu,sivaganga,2020,3,8082,800
tamil nadu,sivaganga,2020,4,8083,2973
tamil nadu,sivaganga,2021,1,8084,4353
tamil nadu,sivaganga,2021,2,8085,4705
tamil nadu,sivaganga,2021,3,8086,5756
tamil nadu,sivaganga,2021,4,8087,6582
tamil nadu,sivaganga,2022,1,8088,8629
tamil nadu,sivaganga,2022,2,8089,9871
tamil nadu,sivaganga,2022,3,8090,10740
tamil nadu,sivaganga,2022,4,8091,11803
tamil nadu,sivaganga,2023,1,8092,12250
tamil nadu,sivaganga,2023,2,8093,12574
tamil nadu,sivaganga,2023,3,8094,13200
tamil nadu,sivaganga,2023,4,8095,14322
tamil nadu,sivaganga,2024,1,8096,15560
tamil nadu,sivaganga,2024,2,8097,16797
tamil nadu,sivaganga,2024,3,8098,17751
tamil nadu,sivaganga,2024,4,8099,18745
tamil nadu,sivaganga,2025,1,8100,19547
tamil nadu,sivaganga,2025,2,8101,20424
tamil nadu,sivaganga,2025,3,8102,21435
tamil nadu,sivaganga,2025,4,8103,22447
tamil nadu,sivaganga,2026,1,8104,23173
tamil nadu,sivaganga,2026,2,8105,23878
tamil nadu,tenkasi,2018,4,8075,3
tamil nadu,tenkasi,2019,1,8076,19
tamil nadu,tenkasi,2019,2,8077,143
tamil nadu,tenkasi,2019,3,8078,257
tamil nadu,tenkasi,2019,4,8079,650
tamil nadu,tenkasi,2020,1,8080,1092
tamil nadu,tenkasi,2020,2,8081,1283
tamil nadu,tenkasi,2020,3,8082,1903
tamil nadu,tenkasi,2020,4,8083,3600
tamil nadu,tenkasi,2021,1,8084,5097
tamil nadu,tenkasi,2021,2,8085,5707
tamil nadu,tenkasi,2021,3,8086,6697
tamil nadu,tenkasi,2021,4,8087,8444
tamil nadu,tenkasi,2022,1,8088,10115
tamil nadu,tenkasi,2022,2,8089,11444
tamil nadu,tenkasi,2022,3,8090,12394
tamil nadu,tenkasi,2022,4,8091,13618
tamil nadu,tenkasi,2023,1,8092,14185
tamil nadu,tenkasi,2023,2,8093,14443
tamil nadu,tenkasi,2023,3,8094,15001
tamil nadu,tenkasi,2023,4,8095,15570
tamil nadu,tenkasi,2024,1,8096,16092
tamil nadu,tenkasi,2024,2,8097,17148
tamil nadu,tenkasi,2024,3,8098,18183
tamil nadu,tenkasi,2024,4,8099,19265
tamil nadu,tenkasi,2025,1,8100,20617
tamil nadu,tenkasi,2025,2,8101,22316
tamil nadu,tenkasi,2025,3,8102,23329
tamil nadu,tenkasi,2025,4,8103,23856
tamil nadu,tenkasi,2026,1,8104,24337
tamil nadu,tenkasi,2026,2,8105,24824
tamil nadu,thanjavur,2018,4,8075,4
tamil nadu,thanjavur,2019,1,8076,1391
tamil nadu,thanjavur,2019,2,8077,4186
tamil nadu,thanjavur,2019,3,8078,5064
tamil nadu,thanjavur,2019,4,8079,5978
tamil nadu,thanjavur,2020,1,8080,6427
tamil nadu,thanjavur,2020,2,8081,6639
tamil nadu,thanjavur,2020,3,8082,8138
tamil nadu,thanjavur,2020,4,8083,10738
tamil nadu,thanjavur,2021,1,8084,13336
tamil nadu,thanjavur,2021,2,8085,14460
tamil nadu,thanjavur,2021,3,8086,16928
tamil nadu,thanjavur,2021,4,8087,20544
tamil nadu,thanjavur,2022,1,8088,24038
tamil nadu,thanjavur,2022,2,8089,26886
tamil nadu,thanjavur,2022,3,8090,28982
tamil nadu,thanjavur,2022,4,8091,31078
tamil nadu,thanjavur,2023,1,8092,32240
tamil nadu,thanjavur,2023,2,8093,32918
tamil nadu,thanjavur,2023,3,8094,33988
tamil nadu,thanjavur,2023,4,8095,35101
tamil nadu,thanjavur,2024,1,8096,36339
tamil nadu,thanjavur,2024,2,8097,37478
tamil nadu,thanjavur,2024,3,8098,38897
tamil nadu,thanjavur,2024,4,8099,40652
tamil nadu,thanjavur,2025,1,8100,42391
tamil nadu,thanjavur,2025,2,8101,44351
tamil nadu,thanjavur,2025,3,8102,45935
tamil nadu,thanjavur,2025,4,8103,47176
tamil nadu,thanjavur,2026,1,8104,47971
tamil nadu,thanjavur,2026,2,8105,49010
tamil nadu,the nilgiris,2018,1,8072,3
tamil nadu,the nilgiris,2018,2,8073,3
tamil nadu,the nilgiris,2018,3,8074,4
tamil nadu,the nilgiris,2018,4,8075,6
tamil nadu,the nilgiris,2019,1,8076,209
tamil nadu,the nilgiris,2019,2,8077,997
tamil nadu,the nilgiris,2019,3,8078,1639
tamil nadu,the nilgiris,2019,4,8079,2445
tamil nadu,the nilgiris,2020,1,8080,3141
tamil nadu,the nilgiris,2020,2,8081,3317
tamil nadu,the nilgiris,2020,3,8082,3905
tamil nadu,the nilgiris,2020,4,8083,5272
tamil nadu,the nilgiris,2021,1,8084,6934
tamil nadu,the nilgiris,2021,2,8085,7422
tamil nadu,the nilgiris,2021,3,8086,8735
tamil nadu,the nilgiris,2021,4,8087,10348
tamil nadu,the nilgiris,2022,1,8088,12128
tamil nadu,the nilgiris,2022,2,8089,12952
tamil nadu,the nilgiris,2022,3,8090,13387
tamil nadu,the nilgiris,2022,4,8091,13674
tamil nadu,the nilgiris,2023,1,8092,13420
tamil nadu,the nilgiris,2023,2,8093,13782
tamil nadu,the nilgiris,2023,3,8094,14256
tamil nadu,the nilgiris,2023,4,8095,14380
tamil nadu,the nilgiris,2024,1,8096,14431
tamil nadu,the nilgiris,2024,2,8097,14796
tamil nadu,the nilgiris,2024,3,8098,15213
tamil nadu,the nilgiris,2024,4,8099,15674
tamil nadu,the nilgiris,2025,1,8100,15963
tamil nadu,the nilgiris,2025,2,8101,16273
tamil nadu,the nilgiris,2025,3,8102,16660
tamil nadu,the nilgiris,2025,4,8103,17111
tamil nadu,the nilgiris,2026,1,8104,17562
tamil nadu,the nilgiris,2026,2,8105,18060
tamil nadu,theni,2018,4,8075,1
tamil nadu,theni,2019,1,8076,217
tamil nadu,theni,2019,2,8077,593
tamil nadu,theni,2019,3,8078,1051
tamil nadu,theni,2019,4,8079,2814
tamil nadu,theni,2020,1,8080,3703
tamil nadu,theni,2020,2,8081,4012
tamil nadu,theni,2020,3,8082,5579
tamil nadu,theni,2020,4,8083,9094
tamil nadu,theni,2021,1,8084,11121
tamil nadu,theni,2021,2,8085,12159
tamil nadu,theni,2021,3,8086,15147
tamil nadu,theni,2021,4,8087,18105
tamil nadu,theni,2022,1,8088,21517
tamil nadu,theni,2022,2,8089,23680
tamil nadu,theni,2022,3,8090,25158
tamil nadu,theni,2022,4,8091,26590
tamil nadu,theni,2023,1,8092,26137
tamil nadu,theni,2023,2,8093,26184
tamil nadu,theni,2023,3,8094,26831
tamil nadu,theni,2023,4,8095,27829
tamil nadu,theni,2024,1,8096,29045
tamil nadu,theni,2024,2,8097,30180
tamil nadu,theni,2024,3,8098,31374
tamil nadu,theni,2024,4,8099,32348
tamil nadu,theni,2025,1,8100,33365
tamil nadu,theni,2025,2,8101,34940
tamil nadu,theni,2025,3,8102,36544
tamil nadu,theni,2025,4,8103,38068
tamil nadu,theni,2026,1,8104,38879
tamil nadu,theni,2026,2,8105,39823
tamil nadu,thoothukudi,2018,3,8074,2
tamil nadu,thoothukudi,2018,4,8075,9
tamil nadu,thoothukudi,2019,1,8076,64
tamil nadu,thoothukudi,2019,2,8077,187
tamil nadu,thoothukudi,2019,3,8078,438
tamil nadu,thoothukudi,2019,4,8079,1066
tamil nadu,thoothukudi,2020,1,8080,1587
tamil nadu,thoothukudi,2020,2,8081,1756
tamil nadu,thoothukudi,2020,3,8082,2217
tamil nadu,thoothukudi,2020,4,8083,2980
tamil nadu,thoothukudi,2021,1,8084,3851
tamil nadu,thoothukudi,2021,2,8085,4831
tamil nadu,thoothukudi,2021,3,8086,6134
tamil nadu,thoothukudi,2021,4,8087,8540
tamil nadu,thoothukudi,2022,1,8088,12530
tamil nadu,thoothukudi,2022,2,8089,16199
tamil nadu,thoothukudi,2022,3,8090,18508
tamil nadu,thoothukudi,2022,4,8091,20846
tamil nadu,thoothukudi,2023,1,8092,21681
tamil nadu,thoothukudi,2023,2,8093,22247
tamil nadu,thoothukudi,2023,3,8094,23618
tamil nadu,thoothukudi,2023,4,8095,25080
tamil nadu,thoothukudi,2024,1,8096,26602
tamil nadu,thoothukudi,2024,2,8097,28160
tamil nadu,thoothukudi,2024,3,8098,29845
tamil nadu,thoothukudi,2024,4,8099,31662
tamil nadu,thoothukudi,2025,1,8100,33205
tamil nadu,thoothukudi,2025,2,8101,34388
tamil nadu,thoothukudi,2025,3,8102,35310
tamil nadu,thoothukudi,2025,4,8103,35957
tamil nadu,thoothukudi,2026,1,8104,36518
tamil nadu,thoothukudi,2026,2,8105,37239
tamil nadu,tiruchirappalli,2018,3,8074,3
tamil nadu,tiruchirappalli,2018,4,8075,15
tamil nadu,tiruchirappalli,2019,1,8076,3023
tamil nadu,tiruchirappalli,2019,2,8077,7188
tamil nadu,tiruchirappalli,2019,3,8078,10134
tamil nadu,tiruchirappalli,2019,4,8079,12994
tamil nadu,tiruchirappalli,2020,1,8080,14913
tamil nadu,tiruchirappalli,2020,2,8081,15789
tamil nadu,tiruchirappalli,2020,3,8082,18643
tamil nadu,tiruchirappalli,2020,4,8083,21163
tamil nadu,tiruchirappalli,2021,1,8084,24122
tamil nadu,tiruchirappalli,2021,2,8085,25454
tamil nadu,tiruchirappalli,2021,3,8086,28251
tamil nadu,tiruchirappalli,2021,4,8087,31239
tamil nadu,tiruchirappalli,2022,1,8088,35408
tamil nadu,tiruchirappalli,2022,2,8089,38586
tamil nadu,tiruchirappalli,2022,3,8090,41613
tamil nadu,tiruchirappalli,2022,4,8091,43955
tamil nadu,tiruchirappalli,2023,1,8092,44934
tamil nadu,tiruchirappalli,2023,2,8093,45838
tamil nadu,tiruchirappalli,2023,3,8094,47333
tamil nadu,tiruchirappalli,2023,4,8095,49683
tamil nadu,tiruchirappalli,2024,1,8096,52931
tamil nadu,tiruchirappalli,2024,2,8097,55595
tamil nadu,tiruchirappalli,2024,3,8098,57609
tamil nadu,tiruchirappalli,2024,4,8099,59895
tamil nadu,tiruchirappalli,2025,1,8100,62357
tamil nadu,tiruchirappalli,2025,2,8101,64816
tamil nadu,tiruchirappalli,2025,3,8102,66479
tamil nadu,tiruchirappalli,2025,4,8103,68265
tamil nadu,tiruchirappalli,2026,1,8104,69489
tamil nadu,tiruchirappalli,2026,2,8105,70943
tamil nadu,tirunelveli,2018,1,8072,1
tamil nadu,tirunelveli,2018,2,8073,1
tamil nadu,tirunelveli,2018,3,8074,2
tamil nadu,tirunelveli,2018,4,8075,4
tamil nadu,tirunelveli,2019,1,8076,38
tamil nadu,tirunelveli,2019,2,8077,355
tamil nadu,tirunelveli,2019,3,8078,1672
tamil nadu,tirunelveli,2019,4,8079,3037
tamil nadu,tirunelveli,2020,1,8080,4172
tamil nadu,tirunelveli,2020,2,8081,4603
tamil nadu,tirunelveli,2020,3,8082,6055
tamil nadu,tirunelveli,2020,4,8083,8517
tamil nadu,tirunelveli,2021,1,8084,11284
tamil nadu,tirunelveli,2021,2,8085,13017
tamil nadu,tirunelveli,2021,3,8086,15262
tamil nadu,tirunelveli,2021,4,8087,16831
tamil nadu,tirunelveli,2022,1,8088,19150
tamil nadu,tirunelveli,2022,2,8089,21370
tamil nadu,tirunelveli,2022,3,8090,23210
tamil nadu,tirunelveli,2022,4,8091,25186
tamil nadu,tirunelveli,2023,1,8092,25953
tamil nadu,tirunelveli,2023,2,8093,26343
tamil nadu,tirunelveli,2023,3,8094,27615
tamil nadu,tirunelveli,2023,4,8095,29261
tamil nadu,tirunelveli,2024,1,8096,31227
tamil nadu,tirunelveli,2024,2,8097,33524
tamil nadu,tirunelveli,2024,3,8098,35903
tamil nadu,tirunelveli,2024,4,8099,38421
tamil nadu,tirunelveli,2025,1,8100,40939
tamil nadu,tirunelveli,2025,2,8101,42524
tamil nadu,tirunelveli,2025,3,8102,43697
tamil nadu,tirunelveli,2025,4,8103,44780
tamil nadu,tirunelveli,2026,1,8104,45424
tamil nadu,tirunelveli,2026,2,8105,46193
tamil nadu,tirupathur,2018,1,8072,1
tamil nadu,tirupathur,2018,2,8073,1
tamil nadu,tirupathur,2018,3,8074,5
tamil nadu,tirupathur,2018,4,8075,28
tamil nadu,tirupathur,2019,1,8076,114
tamil nadu,tirupathur,2019,2,8077,985
tamil nadu,tirupathur,2019,3,8078,1592
tamil nadu,tirupathur,2019,4,8079,2053
tamil nadu,tirupathur,2020,1,8080,2434
tamil nadu,tirupathur,2020,2,8081,2650
tamil nadu,tirupathur,2020,3,8082,3313
tamil nadu,tirupathur,2020,4,8083,6827
tamil nadu,tirupathur,2021,1,8084,10945
tamil nadu,tirupathur,2021,2,8085,13964
tamil nadu,tirupathur,2021,3,8086,16493
tamil nadu,tirupathur,2021,4,8087,18519
tamil nadu,tirupathur,2022,1,8088,21351
tamil nadu,tirupathur,2022,2,8089,24047
tamil nadu,tirupathur,2022,3,8090,26222
tamil nadu,tirupathur,2022,4,8091,28129
tamil nadu,tirupathur,2023,1,8092,29125
tamil nadu,tirupathur,2023,2,8093,29812
tamil nadu,tirupathur,2023,3,8094,30791
tamil nadu,tirupathur,2023,4,8095,31896
tamil nadu,tirupathur,2024,1,8096,33234
tamil nadu,tirupathur,2024,2,8097,34268
tamil nadu,tirupathur,2024,3,8098,35105
tamil nadu,tirupathur,2024,4,8099,36194
tamil nadu,tirupathur,2025,1,8100,37436
tamil nadu,tirupathur,2025,2,8101,38606
tamil nadu,tirupathur,2025,3,8102,39597
tamil nadu,tirupathur,2025,4,8103,40616
tamil nadu,tirupathur,2026,1,8104,41222
tamil nadu,tirupathur,2026,2,8105,41786
tamil nadu,tiruppur,2018,1,8072,1
tamil nadu,tiruppur,2018,2,8073,1
tamil nadu,tiruppur,2018,3,8074,3
tamil nadu,tiruppur,2018,4,8075,8
tamil nadu,tiruppur,2019,1,8076,3834
tamil nadu,tiruppur,2019,2,8077,9593
tamil nadu,tiruppur,2019,3,8078,12323
tamil nadu,tiruppur,2019,4,8079,15431
tamil nadu,tiruppur,2020,1,8080,18654
tamil nadu,tiruppur,2020,2,8081,20236
tamil nadu,tiruppur,2020,3,8082,25004
tamil nadu,tiruppur,2020,4,8083,31407
tamil nadu,tiruppur,2021,1,8084,38411
tamil nadu,tiruppur,2021,2,8085,41082
tamil nadu,tiruppur,2021,3,8086,47451
tamil nadu,tiruppur,2021,4,8087,52750
tamil nadu,tiruppur,2022,1,8088,57073
tamil nadu,tiruppur,2022,2,8089,61312
tamil nadu,tiruppur,2022,3,8090,65348
tamil nadu,tiruppur,2022,4,8091,69033
tamil nadu,tiruppur,2023,1,8092,69709
tamil nadu,tiruppur,2023,2,8093,71497
tamil nadu,tiruppur,2023,3,8094,73983
tamil nadu,tiruppur,2023,4,8095,76591
tamil nadu,tiruppur,2024,1,8096,80417
tamil nadu,tiruppur,2024,2,8097,84062
tamil nadu,tiruppur,2024,3,8098,87461
tamil nadu,tiruppur,2024,4,8099,90518
tamil nadu,tiruppur,2025,1,8100,93315
tamil nadu,tiruppur,2025,2,8101,96175
tamil nadu,tiruppur,2025,3,8102,98757
tamil nadu,tiruppur,2025,4,8103,101892
tamil nadu,tiruppur,2026,1,8104,104010
tamil nadu,tiruppur,2026,2,8105,106121
tamil nadu,tiruvallur,2018,1,8072,1
tamil nadu,tiruvallur,2018,2,8073,1
tamil nadu,tiruvallur,2018,3,8074,3
tamil nadu,tiruvallur,2018,4,8075,1770
tamil nadu,tiruvallur,2019,1,8076,6154
tamil nadu,tiruvallur,2019,2,8077,12728
tamil nadu,tiruvallur,2019,3,8078,16714
tamil nadu,tiruvallur,2019,4,8079,20352
tamil nadu,tiruvallur,2020,1,8080,22967
tamil nadu,tiruvallur,2020,2,8081,24028
tamil nadu,tiruvallur,2020,3,8082,28716
tamil nadu,tiruvallur,2020,4,8083,34443
tamil nadu,tiruvallur,2021,1,8084,39752
tamil nadu,tiruvallur,2021,2,8085,41995
tamil nadu,tiruvallur,2021,3,8086,45881
tamil nadu,tiruvallur,2021,4,8087,48648
tamil nadu,tiruvallur,2022,1,8088,52915
tamil nadu,tiruvallur,2022,2,8089,55273
tamil nadu,tiruvallur,2022,3,8090,57157
tamil nadu,tiruvallur,2022,4,8091,58409
tamil nadu,tiruvallur,2023,1,8092,58660
tamil nadu,tiruvallur,2023,2,8093,59773
tamil nadu,tiruvallur,2023,3,8094,61465
tamil nadu,tiruvallur,2023,4,8095,62846
tamil nadu,tiruvallur,2024,1,8096,65473
tamil nadu,tiruvallur,2024,2,8097,67643
tamil nadu,tiruvallur,2024,3,8098,69533
tamil nadu,tiruvallur,2024,4,8099,71454
tamil nadu,tiruvallur,2025,1,8100,73391
tamil nadu,tiruvallur,2025,2,8101,75037
tamil nadu,tiruvallur,2025,3,8102,76233
tamil nadu,tiruvallur,2025,4,8103,77617
tamil nadu,tiruvallur,2026,1,8104,78852
tamil nadu,tiruvallur,2026,2,8105,80350
tamil nadu,tiruvannamalai,2018,1,8072,1
tamil nadu,tiruvannamalai,2018,2,8073,1
tamil nadu,tiruvannamalai,2018,3,8074,4
tamil nadu,tiruvannamalai,2018,4,8075,16
tamil nadu,tiruvannamalai,2019,1,8076,163
tamil nadu,tiruvannamalai,2019,2,8077,1931
tamil nadu,tiruvannamalai,2019,3,8078,2840
tamil nadu,tiruvannamalai,2019,4,8079,3698
tamil nadu,tiruvannamalai,2020,1,8080,4516
tamil nadu,tiruvannamalai,2020,2,8081,5003
tamil nadu,tiruvannamalai,2020,3,8082,6519
tamil nadu,tiruvannamalai,2020,4,8083,10360
tamil nadu,tiruvannamalai,2021,1,8084,13612
tamil nadu,tiruvannamalai,2021,2,8085,16054
tamil nadu,tiruvannamalai,2021,3,8086,19562
tamil nadu,tiruvannamalai,2021,4,8087,24272
tamil nadu,tiruvannamalai,2022,1,8088,29761
tamil nadu,tiruvannamalai,2022,2,8089,34198
tamil nadu,tiruvannamalai,2022,3,8090,37881
tamil nadu,tiruvannamalai,2022,4,8091,42434
tamil nadu,tiruvannamalai,2023,1,8092,44806
tamil nadu,tiruvannamalai,2023,2,8093,45699
tamil nadu,tiruvannamalai,2023,3,8094,46801
tamil nadu,tiruvannamalai,2023,4,8095,47873
tamil nadu,tiruvannamalai,2024,1,8096,49567
tamil nadu,tiruvannamalai,2024,2,8097,51372
tamil nadu,tiruvannamalai,2024,3,8098,52852
tamil nadu,tiruvannamalai,2024,4,8099,54242
tamil nadu,tiruvannamalai,2025,1,8100,55414
tamil nadu,tiruvannamalai,2025,2,8101,56464
tamil nadu,tiruvannamalai,2025,3,8102,57548
tamil nadu,tiruvannamalai,2025,4,8103,58871
tamil nadu,tiruvannamalai,2026,1,8104,59699
tamil nadu,tiruvannamalai,2026,2,8105,60705
tamil nadu,tiruvarur,2019,1,8076,28
tamil nadu,tiruvarur,2019,2,8077,167
tamil nadu,tiruvarur,2019,3,8078,216
tamil nadu,tiruvarur,2019,4,8079,287
tamil nadu,tiruvarur,2020,1,8080,359
tamil nadu,tiruvarur,2020,2,8081,391
tamil nadu,tiruvarur,2020,3,8082,476
tamil nadu,tiruvarur,2020,4,8083,896
tamil nadu,tiruvarur,2021,1,8084,2028
tamil nadu,tiruvarur,2021,2,8085,2444
tamil nadu,tiruvarur,2021,3,8086,3881
tamil nadu,tiruvarur,2021,4,8087,5724
tamil nadu,tiruvarur,2022,1,8088,7762
tamil nadu,tiruvarur,2022,2,8089,9071
tamil nadu,tiruvarur,2022,3,8090,10260
tamil nadu,tiruvarur,2022,4,8091,11764
tamil nadu,tiruvarur,2023,1,8092,12352
tamil nadu,tiruvarur,2023,2,8093,12558
tamil nadu,tiruvarur,2023,3,8094,13250
tamil nadu,tiruvarur,2023,4,8095,13861
tamil nadu,tiruvarur,2024,1,8096,14611
tamil nadu,tiruvarur,2024,2,8097,15387
tamil nadu,tiruvarur,2024,3,8098,16133
tamil nadu,tiruvarur,2024,4,8099,17011
tamil nadu,tiruvarur,2025,1,8100,17967
tamil nadu,tiruvarur,2025,2,8101,19020
tamil nadu,tiruvarur,2025,3,8102,20122
tamil nadu,tiruvarur,2025,4,8103,20978
tamil nadu,tiruvarur,2026,1,8104,21473
tamil nadu,tiruvarur,2026,2,8105,22112
tamil nadu,vellore,2018,1,8072,5
tamil nadu,vellore,2018,2,8073,6
tamil nadu,vellore,2018,3,8074,13
tamil nadu,vellore,2018,4,8075,42
tamil nadu,vellore,2019,1,8076,289
tamil nadu,vellore,2019,2,8077,3590
tamil nadu,vellore,2019,3,8078,5395
tamil nadu,vellore,2019,4,8079,6630
tamil nadu,vellore,2020,1,8080,7805
tamil nadu,vellore,2020,2,8081,8357
tamil nadu,vellore,2020,3,8082,10011
tamil nadu,vellore,2020,4,8083,13286
tamil nadu,vellore,2021,1,8084,16983
tamil nadu,vellore,2021,2,8085,19834
tamil nadu,vellore,2021,3,8086,23228
tamil nadu,vellore,2021,4,8087,26040
tamil nadu,vellore,2022,1,8088,30527
tamil nadu,vellore,2022,2,8089,33687
tamil nadu,vellore,2022,3,8090,35777
tamil nadu,vellore,2022,4,8091,37467
tamil nadu,vellore,2023,1,8092,38279
tamil nadu,vellore,2023,2,8093,38864
tamil nadu,vellore,2023,3,8094,40200
tamil nadu,vellore,2023,4,8095,41316
tamil nadu,vellore,2024,1,8096,42794
tamil nadu,vellore,2024,2,8097,44563
tamil nadu,vellore,2024,3,8098,46212
tamil nadu,vellore,2024,4,8099,47449
tamil nadu,vellore,2025,1,8100,48713
tamil nadu,vellore,2025,2,8101,49721
tamil nadu,vellore,2025,3,8102,50357
tamil nadu,vellore,2025,4,8103,51155
tamil nadu,vellore,2026,1,8104,52052
tamil nadu,vellore,2026,2,8105,53046
tamil nadu,viluppuram,2018,4,8075,49
tamil nadu,viluppuram,2019,1,8076,883
tamil nadu,viluppuram,2019,2,8077,1490
tamil nadu,viluppuram,2019,3,8078,1840
tamil nadu,viluppuram,2019,4,8079,2330
tamil nadu,viluppuram,2020,1,8080,2722
tamil nadu,viluppuram,2020,2,8081,2920
tamil nadu,viluppuram,2020,3,8082,3569
tamil nadu,viluppuram,2020,4,8083,8649
tamil nadu,viluppuram,2021,1,8084,12837
tamil nadu,viluppuram,2021,2,8085,14463
tamil nadu,viluppuram,2021,3,8086,16771
tamil nadu,viluppuram,2021,4,8087,20088
tamil nadu,viluppuram,2022,1,8088,23866
tamil nadu,viluppuram,2022,2,8089,27276
tamil nadu,viluppuram,2022,3,8090,29786
tamil nadu,viluppuram,2022,4,8091,32305
tamil nadu,viluppuram,2023,1,8092,34014
tamil nadu,viluppuram,2023,2,8093,34345
tamil nadu,viluppuram,2023,3,8094,34695
tamil nadu,viluppuram,2023,4,8095,35258
tamil nadu,viluppuram,2024,1,8096,36201
tamil nadu,viluppuram,2024,2,8097,37249
tamil nadu,viluppuram,2024,3,8098,38169
tamil nadu,viluppuram,2024,4,8099,39051
tamil nadu,viluppuram,2025,1,8100,39964
tamil nadu,viluppuram,2025,2,8101,40864
tamil nadu,viluppuram,2025,3,8102,41623
tamil nadu,viluppuram,2025,4,8103,42568
tamil nadu,viluppuram,2026,1,8104,43165
tamil nadu,viluppuram,2026,2,8105,43884
tamil nadu,virudhunagar,2018,4,8075,5
tamil nadu,virudhunagar,2019,1,8076,282
tamil nadu,virudhunagar,2019,2,8077,390
tamil nadu,virudhunagar,2019,3,8078,557
tamil nadu,virudhunagar,2019,4,8079,1142
tamil nadu,virudhunagar,2020,1,8080,1816
tamil nadu,virudhunagar,2020,2,8081,2391
tamil nadu,virudhunagar,2020,3,8082,3568
tamil nadu,virudhunagar,2020,4,8083,4837
tamil nadu,virudhunagar,2021,1,8084,6806
tamil nadu,virudhunagar,2021,2,8085,7407
tamil nadu,virudhunagar,2021,3,8086,9972
tamil nadu,virudhunagar,2021,4,8087,12738
tamil nadu,virudhunagar,2022,1,8088,16637
tamil nadu,virudhunagar,2022,2,8089,19303
tamil nadu,virudhunagar,2022,3,8090,21744
tamil nadu,virudhunagar,2022,4,8091,23857
tamil nadu,virudhunagar,2023,1,8092,24252
tamil nadu,virudhunagar,2023,2,8093,24517
tamil nadu,virudhunagar,2023,3,8094,25304
tamil nadu,virudhunagar,2023,4,8095,26433
tamil nadu,virudhunagar,2024,1,8096,28277
tamil nadu,virudhunagar,2024,2,8097,30851
tamil nadu,virudhunagar,2024,3,8098,33048
tamil nadu,virudhunagar,2024,4,8099,34920
tamil nadu,virudhunagar,2025,1,8100,36591
tamil nadu,virudhunagar,2025,2,8101,38438
tamil nadu,virudhunagar,2025,3,8102,40154
tamil nadu,virudhunagar,2025,4,8103,41605
tamil nadu,virudhunagar,2026,1,8104,42237
tamil nadu,virudhunagar,2026,2,8105,42923
telangana,adilabad,2018,2,8073,1
telangana,adilabad,2018,3,8074,6
telangana,adilabad,2018,4,8075,18
telangana,adilabad,2019,1,8076,140
telangana,adilabad,2019,2,8077,225
telangana,adilabad,2019,3,8078,340
telangana,adilabad,2019,4,8079,426
telangana,adilabad,2020,1,8080,490
telangana,adilabad,2020,2,8081,526
telangana,adilabad,2020,3,8082,1077
telangana,adilabad,2020,4,8083,5405
telangana,adilabad,2021,1,8084,8831
telangana,adilabad,2021,2,8085,10373
telangana,adilabad,2021,3,8086,12044
telangana,adilabad,2021,4,8087,14288
telangana,adilabad,2022,1,8088,16324
telangana,adilabad,2022,2,8089,17758
telangana,adilabad,2022,3,8090,18581
telangana,adilabad,2022,4,8091,19207
telangana,adilabad,2023,1,8092,18948
telangana,adilabad,2023,2,8093,18985
telangana,adilabad,2023,3,8094,19525
telangana,adilabad,2023,4,8095,20237
telangana,adilabad,2024,1,8096,21056
telangana,adilabad,2024,2,8097,21550
telangana,adilabad,2024,3,8098,22128
telangana,adilabad,2024,4,8099,22586
telangana,adilabad,2025,1,8100,22909
telangana,adilabad,2025,2,8101,23251
telangana,adilabad,2025,3,8102,23549
telangana,adilabad,2025,4,8103,23913
telangana,adilabad,2026,1,8104,24373
telangana,adilabad,2026,2,8105,24947
telangana,bhadradri kothagudem,2018,2,8073,1
telangana,bhadradri kothagudem,2018,3,8074,13
telangana,bhadradri kothagudem,2018,4,8075,40
telangana,bhadradri kothagudem,2019,1,8076,333
telangana,bhadradri kothagudem,2019,2,8077,2528
telangana,bhadradri kothagudem,2019,3,8078,3356
telangana,bhadradri kothagudem,2019,4,8079,5176
telangana,bhadradri kothagudem,2020,1,8080,6142
telangana,bhadradri kothagudem,2020,2,8081,6713
telangana,bhadradri kothagudem,2020,3,8082,8368
telangana,bhadradri kothagudem,2020,4,8083,13044
telangana,bhadradri kothagudem,2021,1,8084,16553
telangana,bhadradri kothagudem,2021,2,8085,18694
telangana,bhadradri kothagudem,2021,3,8086,21188
telangana,bhadradri kothagudem,2021,4,8087,23704
telangana,bhadradri kothagudem,2022,1,8088,25801
telangana,bhadradri kothagudem,2022,2,8089,28059
telangana,bhadradri kothagudem,2022,3,8090,29484
telangana,bhadradri kothagudem,2022,4,8091,30650
telangana,bhadradri kothagudem,2023,1,8092,31141
telangana,bhadradri kothagudem,2023,2,8093,31790
telangana,bhadradri kothagudem,2023,3,8094,32736
telangana,bhadradri kothagudem,2023,4,8095,33758
telangana,bhadradri kothagudem,2024,1,8096,35715
telangana,bhadradri kothagudem,2024,2,8097,37315
telangana,bhadradri kothagudem,2024,3,8098,38681
telangana,bhadradri kothagudem,2024,4,8099,39939
telangana,bhadradri kothagudem,2025,1,8100,41098
telangana,bhadradri kothagudem,2025,2,8101,42202
telangana,bhadradri kothagudem,2025,3,8102,43080
telangana,bhadradri kothagudem,2025,4,8103,44612
telangana,bhadradri kothagudem,2026,1,8104,46071
telangana,bhadradri kothagudem,2026,2,8105,47526
telangana,hanumakonda,2018,3,8074,27
telangana,hanumakonda,2018,4,8075,543
telangana,hanumakonda,2019,1,8076,6217
telangana,hanumakonda,2019,2,8077,9800
telangana,hanumakonda,2019,3,8078,12795
telangana,hanumakonda,2019,4,8079,14435
telangana,hanumakonda,2020,1,8080,15697
telangana,hanumakonda,2020,2,8081,16413
telangana,hanumakonda,2020,3,8082,20347
telangana,hanumakonda,2020,4,8083,24778
telangana,hanumakonda,2021,1,8084,27806
telangana,hanumakonda,2021,2,8085,29175
telangana,hanumakonda,2021,3,8086,31402
telangana,hanumakonda,2021,4,8087,34167
telangana,hanumakonda,2022,1,8088,36588
telangana,hanumakonda,2022,2,8089,38471
telangana,hanumakonda,2022,3,8090,40380
telangana,hanumakonda,2022,4,8091,41917
telangana,hanumakonda,2023,1,8092,42721
telangana,hanumakonda,2023,2,8093,43852
telangana,hanumakonda,2023,3,8094,45166
telangana,hanumakonda,2023,4,8095,47311
telangana,hanumakonda,2024,1,8096,50874
telangana,hanumakonda,2024,2,8097,53014
telangana,hanumakonda,2024,3,8098,55320
telangana,hanumakonda,2024,4,8099,57741
telangana,hanumakonda,2025,1,8100,59636
telangana,hanumakonda,2025,2,8101,61448
telangana,hanumakonda,2025,3,8102,63318
telangana,hanumakonda,2025,4,8103,65147
telangana,hanumakonda,2026,1,8104,66583
telangana,hanumakonda,2026,2,8105,67951
telangana,hyderabad,2018,1,8072,4
telangana,hyderabad,2018,2,8073,120
telangana,hyderabad,2018,3,8074,8635
telangana,hyderabad,2018,4,8075,43089
telangana,hyderabad,2019,1,8076,89190
telangana,hyderabad,2019,2,8077,113122
telangana,hyderabad,2019,3,8078,136575
telangana,hyderabad,2019,4,8079,153947
telangana,hyderabad,2020,1,8080,169563
telangana,hyderabad,2020,2,8081,175767
telangana,hyderabad,2020,3,8082,200958
telangana,hyderabad,2020,4,8083,229680
telangana,hyderabad,2021,1,8084,259052
telangana,hyderabad,2021,2,8085,272044
telangana,hyderabad,2021,3,8086,286835
telangana,hyderabad,2021,4,8087,300187
telangana,hyderabad,2022,1,8088,315537
telangana,hyderabad,2022,2,8089,327620
telangana,hyderabad,2022,3,8090,334782
telangana,hyderabad,2022,4,8091,340713
telangana,hyderabad,2023,1,8092,339217
telangana,hyderabad,2023,2,8093,343659
telangana,hyderabad,2023,3,8094,350108
telangana,hyderabad,2023,4,8095,356730
telangana,hyderabad,2024,1,8096,369386
telangana,hyderabad,2024,2,8097,377759
telangana,hyderabad,2024,3,8098,386459
telangana,hyderabad,2024,4,8099,394816
telangana,hyderabad,2025,1,8100,402219
telangana,hyderabad,2025,2,8101,408540
telangana,hyderabad,2025,3,8102,414946
telangana,hyderabad,2025,4,8103,422307
telangana,hyderabad,2026,1,8104,427788
telangana,hyderabad,2026,2,8105,433462
telangana,jagtial,2018,3,8074,5
telangana,jagtial,2018,4,8075,70
telangana,jagtial,2019,1,8076,597
telangana,jagtial,2019,2,8077,1323
telangana,jagtial,2019,3,8078,2094
telangana,jagtial,2019,4,8079,2956
telangana,jagtial,2020,1,8080,3928
telangana,jagtial,2020,2,8081,4311
telangana,jagtial,2020,3,8082,5520
telangana,jagtial,2020,4,8083,8681
telangana,jagtial,2021,1,8084,11597
telangana,jagtial,2021,2,8085,12469
telangana,jagtial,2021,3,8086,13590
telangana,jagtial,2021,4,8087,15916
telangana,jagtial,2022,1,8088,19364
telangana,jagtial,2022,2,8089,21263
telangana,jagtial,2022,3,8090,22516
telangana,jagtial,2022,4,8091,23735
telangana,jagtial,2023,1,8092,24291
telangana,jagtial,2023,2,8093,24614
telangana,jagtial,2023,3,8094,25129
telangana,jagtial,2023,4,8095,26251
telangana,jagtial,2024,1,8096,28136
telangana,jagtial,2024,2,8097,29431
telangana,jagtial,2024,3,8098,30278
telangana,jagtial,2024,4,8099,30899
telangana,jagtial,2025,1,8100,31556
telangana,jagtial,2025,2,8101,32296
telangana,jagtial,2025,3,8102,33178
telangana,jagtial,2025,4,8103,34471
telangana,jagtial,2026,1,8104,35492
telangana,jagtial,2026,2,8105,36289
telangana,jangaon,2018,3,8074,16
telangana,jangaon,2018,4,8075,76
telangana,jangaon,2019,1,8076,1031
telangana,jangaon,2019,2,8077,1988
telangana,jangaon,2019,3,8078,2657
telangana,jangaon,2019,4,8079,3254
telangana,jangaon,2020,1,8080,3646
telangana,jangaon,2020,2,8081,3838
telangana,jangaon,2020,3,8082,4582
telangana,jangaon,2020,4,8083,6808
telangana,jangaon,2021,1,8084,8798
telangana,jangaon,2021,2,8085,9804
telangana,jangaon,2021,3,8086,10856
telangana,jangaon,2021,4,8087,12048
telangana,jangaon,2022,1,8088,12943
telangana,jangaon,2022,2,8089,13509
telangana,jangaon,2022,3,8090,13811
telangana,jangaon,2022,4,8091,14190
telangana,jangaon,2023,1,8092,14292
telangana,jangaon,2023,2,8093,14537
telangana,jangaon,2023,3,8094,15044
telangana,jangaon,2023,4,8095,15582
telangana,jangaon,2024,1,8096,16463
telangana,jangaon,2024,2,8097,17233
telangana,jangaon,2024,3,8098,17592
telangana,jangaon,2024,4,8099,18100
telangana,jangaon,2025,1,8100,18359
telangana,jangaon,2025,2,8101,18764
telangana,jangaon,2025,3,8102,19061
telangana,jangaon,2025,4,8103,19445
telangana,jangaon,2026,1,8104,19733
telangana,jangaon,2026,2,8105,20220
telangana,jayashankar bhupalpally,2018,3,8074,2
telangana,jayashankar bhupalpally,2018,4,8075,22
telangana,jayashankar bhupalpally,2019,1,8076,295
telangana,jayashankar bhupalpally,2019,2,8077,754
telangana,jayashankar bhupalpally,2019,3,8078,1217
telangana,jayashankar bhupalpally,2019,4,8079,1549
telangana,jayashankar bhupalpally,2020,1,8080,1781
telangana,jayashankar bhupalpally,2020,2,8081,1865
telangana,jayashankar bhupalpally,2020,3,8082,2047
telangana,jayashankar bhupalpally,2020,4,8083,3754
telangana,jayashankar bhupalpally,2021,1,8084,5077
telangana,jayashankar bhupalpally,2021,2,8085,5427
telangana,jayashankar bhupalpally,2021,3,8086,5888
telangana,jayashankar bhupalpally,2021,4,8087,6629
telangana,jayashankar bhupalpally,2022,1,8088,7514
telangana,jayashankar bhupalpally,2022,2,8089,8206
telangana,jayashankar bhupalpally,2022,3,8090,8867
telangana,jayashankar bhupalpally,2022,4,8091,9236
telangana,jayashankar bhupalpally,2023,1,8092,9297
telangana,jayashankar bhupalpally,2023,2,8093,9418
telangana,jayashankar bhupalpally,2023,3,8094,9774
telangana,jayashankar bhupalpally,2023,4,8095,10069
telangana,jayashankar bhupalpally,2024,1,8096,10422
telangana,jayashankar bhupalpally,2024,2,8097,10939
telangana,jayashankar bhupalpally,2024,3,8098,11060
telangana,jayashankar bhupalpally,2024,4,8099,11222
telangana,jayashankar bhupalpally,2025,1,8100,11591
telangana,jayashankar bhupalpally,2025,2,8101,11943
telangana,jayashankar bhupalpally,2025,3,8102,12441
telangana,jayashankar bhupalpally,2025,4,8103,12976
telangana,jayashankar bhupalpally,2026,1,8104,13319
telangana,jayashankar bhupalpally,2026,2,8105,13900
telangana,jogulamba gadwal,2018,3,8074,1
telangana,jogulamba gadwal,2018,4,8075,14
telangana,jogulamba gadwal,2019,1,8076,622
telangana,jogulamba gadwal,2019,2,8077,784
telangana,jogulamba gadwal,2019,3,8078,1615
telangana,jogulamba gadwal,2019,4,8079,2016
telangana,jogulamba gadwal,2020,1,8080,2429
telangana,jogulamba gadwal,2020,2,8081,2582
telangana,jogulamba gadwal,2020,3,8082,3882
telangana,jogulamba gadwal,2020,4,8083,5353
telangana,jogulamba gadwal,2021,1,8084,6466
telangana,jogulamba gadwal,2021,2,8085,6995
telangana,jogulamba gadwal,2021,3,8086,7787
telangana,jogulamba gadwal,2021,4,8087,9507
telangana,jogulamba gadwal,2022,1,8088,10742
telangana,jogulamba gadwal,2022,2,8089,11356
telangana,jogulamba gadwal,2022,3,8090,12148
telangana,jogulamba gadwal,2022,4,8091,12666
telangana,jogulamba gadwal,2023,1,8092,12854
telangana,jogulamba gadwal,2023,2,8093,13014
telangana,jogulamba gadwal,2023,3,8094,13531
telangana,jogulamba gadwal,2023,4,8095,13837
telangana,jogulamba gadwal,2024,1,8096,14098
telangana,jogulamba gadwal,2024,2,8097,14423
telangana,jogulamba gadwal,2024,3,8098,14656
telangana,jogulamba gadwal,2024,4,8099,15003
telangana,jogulamba gadwal,2025,1,8100,15314
telangana,jogulamba gadwal,2025,2,8101,15675
telangana,jogulamba gadwal,2025,3,8102,15979
telangana,jogulamba gadwal,2025,4,8103,16560
telangana,jogulamba gadwal,2026,1,8104,16819
telangana,jogulamba gadwal,2026,2,8105,17219
telangana,kamareddy,2018,3,8074,18
telangana,kamareddy,2018,4,8075,85
telangana,kamareddy,2019,1,8076,1069
telangana,kamareddy,2019,2,8077,1996
telangana,kamareddy,2019,3,8078,2817
telangana,kamareddy,2019,4,8079,3710
telangana,kamareddy,2020,1,8080,4369
telangana,kamareddy,2020,2,8081,4641
telangana,kamareddy,2020,3,8082,5795
telangana,kamareddy,2020,4,8083,9731
telangana,kamareddy,2021,1,8084,13236
telangana,kamareddy,2021,2,8085,14261
telangana,kamareddy,2021,3,8086,16276
telangana,kamareddy,2021,4,8087,19576
telangana,kamareddy,2022,1,8088,22105
telangana,kamareddy,2022,2,8089,24073
telangana,kamareddy,2022,3,8090,26114
telangana,kamareddy,2022,4,8091,27784
telangana,kamareddy,2023,1,8092,28496
telangana,kamareddy,2023,2,8093,28879
telangana,kamareddy,2023,3,8094,29510
telangana,kamareddy,2023,4,8095,30109
telangana,kamareddy,2024,1,8096,30903
telangana,kamareddy,2024,2,8097,31667
telangana,kamareddy,2024,3,8098,32609
telangana,kamareddy,2024,4,8099,33722
telangana,kamareddy,2025,1,8100,34439
telangana,kamareddy,2025,2,8101,35185
telangana,kamareddy,2025,3,8102,36497
telangana,kamareddy,2025,4,8103,38459
telangana,kamareddy,2026,1,8104,39671
telangana,kamareddy,2026,2,8105,40658
telangana,karimnagar,2018,2,8073,1
telangana,karimnagar,2018,3,8074,21
telangana,karimnagar,2018,4,8075,96
telangana,karimnagar,2019,1,8076,1199
telangana,karimnagar,2019,2,8077,5989
telangana,karimnagar,2019,3,8078,8761
telangana,karimnagar,2019,4,8079,10665
telangana,karimnagar,2020,1,8080,11860
telangana,karimnagar,2020,2,8081,12291
telangana,karimnagar,2020,3,8082,14747
telangana,karimnagar,2020,4,8083,17883
telangana,karimnagar,2021,1,8084,21193
telangana,karimnagar,2021,2,8085,22287
telangana,karimnagar,2021,3,8086,23787
telangana,karimnagar,2021,4,8087,26615
telangana,karimnagar,2022,1,8088,30244
telangana,karimnagar,2022,2,8089,32831
telangana,karimnagar,2022,3,8090,34880
telangana,karimnagar,2022,4,8091,36885
telangana,karimnagar,2023,1,8092,37605
telangana,karimnagar,2023,2,8093,38530
telangana,karimnagar,2023,3,8094,39976
telangana,karimnagar,2023,4,8095,42359
telangana,karimnagar,2024,1,8096,45542
telangana,karimnagar,2024,2,8097,48304
telangana,karimnagar,2024,3,8098,50931
telangana,karimnagar,2024,4,8099,53327
telangana,karimnagar,2025,1,8100,55068
telangana,karimnagar,2025,2,8101,56816
telangana,karimnagar,2025,3,8102,58752
telangana,karimnagar,2025,4,8103,61957
telangana,karimnagar,2026,1,8104,64168
telangana,karimnagar,2026,2,8105,66317
telangana,khammam,2018,3,8074,27
telangana,khammam,2018,4,8075,95
telangana,khammam,2019,1,8076,783
telangana,khammam,2019,2,8077,5703
telangana,khammam,2019,3,8078,8673
telangana,khammam,2019,4,8079,11839
telangana,khammam,2020,1,8080,13581
telangana,khammam,2020,2,8081,14708
telangana,khammam,2020,3,8082,18642
telangana,khammam,2020,4,8083,22736
telangana,khammam,2021,1,8084,26144
telangana,khammam,2021,2,8085,27990
telangana,khammam,2021,3,8086,30185
telangana,khammam,2021,4,8087,32963
telangana,khammam,2022,1,8088,35551
telangana,khammam,2022,2,8089,37959
telangana,khammam,2022,3,8090,39809
telangana,khammam,2022,4,8091,41514
telangana,khammam,2023,1,8092,42144
telangana,khammam,2023,2,8093,43136
telangana,khammam,2023,3,8094,44515
telangana,khammam,2023,4,8095,45917
telangana,khammam,2024,1,8096,47800
telangana,khammam,2024,2,8097,49721
telangana,khammam,2024,3,8098,51315
telangana,khammam,2024,4,8099,52949
telangana,khammam,2025,1,8100,54415
telangana,khammam,2025,2,8101,55851
telangana,khammam,2025,3,8102,57172
telangana,khammam,2025,4,8103,59241
telangana,khammam,2026,1,8104,61189
telangana,khammam,2026,2,8105,63019
telangana,kumuram bheem asifabad,2018,3,8074,4
telangana,kumuram bheem asifabad,2018,4,8075,20
telangana,kumuram bheem asifabad,2019,1,8076,78
telangana,kumuram bheem asifabad,2019,2,8077,146
telangana,kumuram bheem asifabad,2019,3,8078,213
telangana,kumuram bheem asifabad,2019,4,8079,288
telangana,kumuram bheem asifabad,2020,1,8080,338
telangana,kumuram bheem asifabad,2020,2,8081,382
telangana,kumuram bheem asifabad,2020,3,8082,410
telangana,kumuram bheem asifabad,2020,4,8083,2954
telangana,kumuram bheem asifabad,2021,1,8084,5070
telangana,kumuram bheem asifabad,2021,2,8085,5953
telangana,kumuram bheem asifabad,2021,3,8086,6762
telangana,kumuram bheem asifabad,2021,4,8087,7677
telangana,kumuram bheem asifabad,2022,1,8088,8553
telangana,kumuram bheem asifabad,2022,2,8089,9383
telangana,kumuram bheem asifabad,2022,3,8090,10133
telangana,kumuram bheem asifabad,2022,4,8091,10822
telangana,kumuram bheem asifabad,2023,1,8092,11099
telangana,kumuram bheem asifabad,2023,2,8093,11137
telangana,kumuram bheem asifabad,2023,3,8094,11555
telangana,kumuram bheem asifabad,2023,4,8095,12040
telangana,kumuram bheem asifabad,2024,1,8096,12699
telangana,kumuram bheem asifabad,2024,2,8097,13191
telangana,kumuram bheem asifabad,2024,3,8098,13275
telangana,kumuram bheem asifabad,2024,4,8099,13358
telangana,kumuram bheem asifabad,2025,1,8100,13380
telangana,kumuram bheem asifabad,2025,2,8101,13472
telangana,kumuram bheem asifabad,2025,3,8102,13583
telangana,kumuram bheem asifabad,2025,4,8103,13966
telangana,kumuram bheem asifabad,2026,1,8104,14176
telangana,kumuram bheem asifabad,2026,2,8105,14621
telangana,mahabubabad,2018,2,8073,1
telangana,mahabubabad,2018,3,8074,20
telangana,mahabubabad,2018,4,8075,59
telangana,mahabubabad,2019,1,8076,576
telangana,mahabubabad,2019,2,8077,1718
telangana,mahabubabad,2019,3,8078,2413
telangana,mahabubabad,2019,4,8079,2998
telangana,mahabubabad,2020,1,8080,3386
telangana,mahabubabad,2020,2,8081,3571
telangana,mahabubabad,2020,3,8082,4501
telangana,mahabubabad,2020,4,8083,7274
telangana,mahabubabad,2021,1,8084,10608
telangana,mahabubabad,2021,2,8085,11886
telangana,mahabubabad,2021,3,8086,13250
telangana,mahabubabad,2021,4,8087,14526
telangana,mahabubabad,2022,1,8088,15794
telangana,mahabubabad,2022,2,8089,17060
telangana,mahabubabad,2022,3,8090,17886
telangana,mahabubabad,2022,4,8091,18659
telangana,mahabubabad,2023,1,8092,19102
telangana,mahabubabad,2023,2,8093,19321
telangana,mahabubabad,2023,3,8094,19874
telangana,mahabubabad,2023,4,8095,20314
telangana,mahabubabad,2024,1,8096,20820
telangana,mahabubabad,2024,2,8097,21697
telangana,mahabubabad,2024,3,8098,22169
telangana,mahabubabad,2024,4,8099,22838
telangana,mahabubabad,2025,1,8100,23462
telangana,mahabubabad,2025,2,8101,24109
telangana,mahabubabad,2025,3,8102,24757
telangana,mahabubabad,2025,4,8103,25464
telangana,mahabubabad,2026,1,8104,26033
telangana,mahabubabad,2026,2,8105,27080
telangana,mahabubnagar,2018,2,8073,1
telangana,mahabubnagar,2018,3,8074,14
telangana,mahabubnagar,2018,4,8075,62
telangana,mahabubnagar,2019,1,8076,1258
telangana,mahabubnagar,2019,2,8077,2209
telangana,mahabubnagar,2019,3,8078,2864
telangana,mahabubnagar,2019,4,8079,3863
telangana,mahabubnagar,2020,1,8080,4590
telangana,mahabubnagar,2020,2,8081,4860
telangana,mahabubnagar,2020,3,8082,6757
telangana,mahabubnagar,2020,4,8083,8784
telangana,mahabubnagar,2021,1,8084,11557
telangana,mahabubnagar,2021,2,8085,12764
telangana,mahabubnagar,2021,3,8086,14119
telangana,mahabubnagar,2021,4,8087,16874
telangana,mahabubnagar,2022,1,8088,19060
telangana,mahabubnagar,2022,2,8089,20505
telangana,mahabubnagar,2022,3,8090,22140
telangana,mahabubnagar,2022,4,8091,23357
telangana,mahabubnagar,2023,1,8092,24257
telangana,mahabubnagar,2023,2,8093,24703
telangana,mahabubnagar,2023,3,8094,25447
telangana,mahabubnagar,2023,4,8095,26068
telangana,mahabubnagar,2024,1,8096,26765
telangana,mahabubnagar,2024,2,8097,27360
telangana,mahabubnagar,2024,3,8098,28029
telangana,mahabubnagar,2024,4,8099,28730
telangana,mahabubnagar,2025,1,8100,29449
telangana,mahabubnagar,2025,2,8101,30934
telangana,mahabubnagar,2025,3,8102,32073
telangana,mahabubnagar,2025,4,8103,33473
telangana,mahabubnagar,2026,1,8104,34484
telangana,mahabubnagar,2026,2,8105,35675
telangana,mancherial,2018,3,8074,7
telangana,mancherial,2018,4,8075,50
telangana,mancherial,2019,1,8076,293
telangana,mancherial,2019,2,8077,572
telangana,mancherial,2019,3,8078,914
telangana,mancherial,2019,4,8079,1659
telangana,mancherial,2020,1,8080,2128
telangana,mancherial,2020,2,8081,2291
telangana,mancherial,2020,3,8082,3055
telangana,mancherial,2020,4,8083,7247
telangana,mancherial,2021,1,8084,10779
telangana,mancherial,2021,2,8085,11882
telangana,mancherial,2021,3,8086,14293
telangana,mancherial,2021,4,8087,15677
telangana,mancherial,2022,1,8088,17428
telangana,mancherial,2022,2,8089,18747
telangana,mancherial,2022,3,8090,19703
telangana,mancherial,2022,4,8091,20900
telangana,mancherial,2023,1,8092,21176
telangana,mancherial,2023,2,8093,21381
telangana,mancherial,2023,3,8094,21813
telangana,mancherial,2023,4,8095,22230
telangana,mancherial,2024,1,8096,22936
telangana,mancherial,2024,2,8097,23599
telangana,mancherial,2024,3,8098,24211
telangana,mancherial,2024,4,8099,24840
telangana,mancherial,2025,1,8100,25684
telangana,mancherial,2025,2,8101,26789
telangana,mancherial,2025,3,8102,28024
telangana,mancherial,2025,4,8103,29907
telangana,mancherial,2026,1,8104,30807
telangana,mancherial,2026,2,8105,31746
telangana,medak,2018,3,8074,26
telangana,medak,2018,4,8075,81
telangana,medak,2019,1,8076,1289
telangana,medak,2019,2,8077,2031
telangana,medak,2019,3,8078,2729
telangana,medak,2019,4,8079,3114
telangana,medak,2020,1,8080,3408
telangana,medak,2020,2,8081,3652
telangana,medak,2020,3,8082,4241
telangana,medak,2020,4,8083,8310
telangana,medak,2021,1,8084,11093
telangana,medak,2021,2,8085,12015
telangana,medak,2021,3,8086,13752
telangana,medak,2021,4,8087,15303
telangana,medak,2022,1,8088,16892
telangana,medak,2022,2,8089,18642
telangana,medak,2022,3,8090,20731
telangana,medak,2022,4,8091,22573
telangana,medak,2023,1,8092,23403
telangana,medak,2023,2,8093,23841
telangana,medak,2023,3,8094,24562
telangana,medak,2023,4,8095,25073
telangana,medak,2024,1,8096,25968
telangana,medak,2024,2,8097,26739
telangana,medak,2024,3,8098,27320
telangana,medak,2024,4,8099,28080
telangana,medak,2025,1,8100,28878
telangana,medak,2025,2,8101,29669
telangana,medak,2025,3,8102,30547
telangana,medak,2025,4,8103,32686
telangana,medak,2026,1,8104,33897
telangana,medak,2026,2,8105,34997
telangana,medchal malkajgiri,2018,1,8072,8
telangana,medchal malkajgiri,2018,2,8073,123
telangana,medchal malkajgiri,2018,3,8074,11153
telangana,medchal malkajgiri,2018,4,8075,35090
telangana,medchal malkajgiri,2019,1,8076,75751
telangana,medchal malkajgiri,2019,2,8077,101601
telangana,medchal malkajgiri,2019,3,8078,126284
telangana,medchal malkajgiri,2019,4,8079,144092
telangana,medchal malkajgiri,2020,1,8080,160226
telangana,medchal malkajgiri,2020,2,8081,168368
telangana,medchal malkajgiri,2020,3,8082,196241
telangana,medchal malkajgiri,2020,4,8083,225664
telangana,medchal malkajgiri,2021,1,8084,252311
telangana,medchal malkajgiri,2021,2,8085,263936
telangana,medchal malkajgiri,2021,3,8086,278585
telangana,medchal malkajgiri,2021,4,8087,292903
telangana,medchal malkajgiri,2022,1,8088,308111
telangana,medchal malkajgiri,2022,2,8089,320099
telangana,medchal malkajgiri,2022,3,8090,327957
telangana,medchal malkajgiri,2022,4,8091,335060
telangana,medchal malkajgiri,2023,1,8092,335190
telangana,medchal malkajgiri,2023,2,8093,341239
telangana,medchal malkajgiri,2023,3,8094,349738
telangana,medchal malkajgiri,2023,4,8095,357890
telangana,medchal malkajgiri,2024,1,8096,372501
telangana,medchal malkajgiri,2024,2,8097,381962
telangana,medchal malkajgiri,2024,3,8098,390862
telangana,medchal malkajgiri,2024,4,8099,400364
telangana,medchal malkajgiri,2025,1,8100,408735
telangana,medchal malkajgiri,2025,2,8101,417270
telangana,medchal malkajgiri,2025,3,8102,426420
telangana,medchal malkajgiri,2025,4,8103,438908
telangana,medchal malkajgiri,2026,1,8104,446806
telangana,medchal malkajgiri,2026,2,8105,455298
telangana,mulugu,2018,3,8074,4
telangana,mulugu,2018,4,8075,15
telangana,mulugu,2019,1,8076,210
telangana,mulugu,2019,2,8077,348
telangana,mulugu,2019,3,8078,482
telangana,mulugu,2019,4,8079,620
telangana,mulugu,2020,1,8080,1198
telangana,mulugu,2020,2,8081,1262
telangana,mulugu,2020,3,8082,1411
telangana,mulugu,2020,4,8083,2484
telangana,mulugu,2021,1,8084,3645
telangana,mulugu,2021,2,8085,3851
telangana,mulugu,2021,3,8086,4093
telangana,mulugu,2021,4,8087,4339
telangana,mulugu,2022,1,8088,4773
telangana,mulugu,2022,2,8089,5237
telangana,mulugu,2022,3,8090,5950
telangana,mulugu,2022,4,8091,6351
telangana,mulugu,2023,1,8092,6557
telangana,mulugu,2023,2,8093,6643
telangana,mulugu,2023,3,8094,6951
telangana,mulugu,2023,4,8095,7208
telangana,mulugu,2024,1,8096,7870
telangana,mulugu,2024,2,8097,8118
telangana,mulugu,2024,3,8098,8233
telangana,mulugu,2024,4,8099,8457
telangana,mulugu,2025,1,8100,8661
telangana,mulugu,2025,2,8101,8777
telangana,mulugu,2025,3,8102,8943
telangana,mulugu,2025,4,8103,9272
telangana,mulugu,2026,1,8104,9541
telangana,mulugu,2026,2,8105,9726
telangana,nagarkurnool,2018,3,8074,35
telangana,nagarkurnool,2018,4,8075,100
telangana,nagarkurnool,2019,1,8076,533
telangana,nagarkurnool,2019,2,8077,1119
telangana,nagarkurnool,2019,3,8078,1345
telangana,nagarkurnool,2019,4,8079,2200
telangana,nagarkurnool,2020,1,8080,2911
telangana,nagarkurnool,2020,2,8081,3331
telangana,nagarkurnool,2020,3,8082,5532
telangana,nagarkurnool,2020,4,8083,8046
telangana,nagarkurnool,2021,1,8084,9836
telangana,nagarkurnool,2021,2,8085,10846
telangana,nagarkurnool,2021,3,8086,12269
telangana,nagarkurnool,2021,4,8087,13769
telangana,nagarkurnool,2022,1,8088,15393
telangana,nagarkurnool,2022,2,8089,16666
telangana,nagarkurnool,2022,3,8090,18093
telangana,nagarkurnool,2022,4,8091,18914
telangana,nagarkurnool,2023,1,8092,19257
telangana,nagarkurnool,2023,2,8093,19408
telangana,nagarkurnool,2023,3,8094,19773
telangana,nagarkurnool,2023,4,8095,19997
telangana,nagarkurnool,2024,1,8096,20310
telangana,nagarkurnool,2024,2,8097,20864
telangana,nagarkurnool,2024,3,8098,21208
telangana,nagarkurnool,2024,4,8099,21584
telangana,nagarkurnool,2025,1,8100,21863
telangana,nagarkurnool,2025,2,8101,22347
telangana,nagarkurnool,2025,3,8102,23310
telangana,nagarkurnool,2025,4,8103,24298
telangana,nagarkurnool,2026,1,8104,24923
telangana,nagarkurnool,2026,2,8105,25720
telangana,nalgonda,2018,3,8074,43
telangana,nalgonda,2018,4,8075,165
telangana,nalgonda,2019,1,8076,2111
telangana,nalgonda,2019,2,8077,2630
telangana,nalgonda,2019,3,8078,3876
telangana,nalgonda,2019,4,8079,5532
telangana,nalgonda,2020,1,8080,7081
telangana,nalgonda,2020,2,8081,8087
telangana,nalgonda,2020,3,8082,11257
telangana,nalgonda,2020,4,8083,16825
telangana,nalgonda,2021,1,8084,22508
telangana,nalgonda,2021,2,8085,25380
telangana,nalgonda,2021,3,8086,30307
telangana,nalgonda,2021,4,8087,35568
telangana,nalgonda,2022,1,8088,40125
telangana,nalgonda,2022,2,8089,42918
telangana,nalgonda,2022,3,8090,44920
telangana,nalgonda,2022,4,8091,47316
telangana,nalgonda,2023,1,8092,48252
telangana,nalgonda,2023,2,8093,49307
telangana,nalgonda,2023,3,8094,50897
telangana,nalgonda,2023,4,8095,51895
telangana,nalgonda,2024,1,8096,53495
telangana,nalgonda,2024,2,8097,55219
telangana,nalgonda,2024,3,8098,56337
telangana,nalgonda,2024,4,8099,57663
telangana,nalgonda,2025,1,8100,58659
telangana,nalgonda,2025,2,8101,59571
telangana,nalgonda,2025,3,8102,60992
telangana,nalgonda,2025,4,8103,63446
telangana,nalgonda,2026,1,8104,65095
telangana,nalgonda,2026,2,8105,66537
telangana,narayanpet,2018,1,8072,7
telangana,narayanpet,2018,2,8073,11
telangana,narayanpet,2018,3,8074,23
telangana,narayanpet,2018,4,8075,37
telangana,narayanpet,2019,1,8076,404
telangana,narayanpet,2019,2,8077,592
telangana,narayanpet,2019,3,8078,718
telangana,narayanpet,2019,4,8079,1006
telangana,narayanpet,2020,1,8080,1199
telangana,narayanpet,2020,2,8081,1239
telangana,narayanpet,2020,3,8082,1376
telangana,narayanpet,2020,4,8083,2780
telangana,narayanpet,2021,1,8084,4001
telangana,narayanpet,2021,2,8085,4353
telangana,narayanpet,2021,3,8086,4977
telangana,narayanpet,2021,4,8087,5687
telangana,narayanpet,2022,1,8088,6389
telangana,narayanpet,2022,2,8089,6783
telangana,narayanpet,2022,3,8090,7326
telangana,narayanpet,2022,4,8091,7635
telangana,narayanpet,2023,1,8092,7690
telangana,narayanpet,2023,2,8093,7783
telangana,narayanpet,2023,3,8094,7812
telangana,narayanpet,2023,4,8095,7994
telangana,narayanpet,2024,1,8096,8330
telangana,narayanpet,2024,2,8097,8646
telangana,narayanpet,2024,3,8098,8969
telangana,narayanpet,2024,4,8099,9298
telangana,narayanpet,2025,1,8100,9555
telangana,narayanpet,2025,2,8101,10062
telangana,narayanpet,2025,3,8102,10520
telangana,narayanpet,2025,4,8103,11287
telangana,narayanpet,2026,1,8104,11645
telangana,narayanpet,2026,2,8105,12071
telangana,nirmal,2018,1,8072,1
telangana,nirmal,2018,2,8073,1
telangana,nirmal,2018,3,8074,4
telangana,nirmal,2018,4,8075,23
telangana,nirmal,2019,1,8076,274
telangana,nirmal,2019,2,8077,382
telangana,nirmal,2019,3,8078,673
telangana,nirmal,2019,4,8079,791
telangana,nirmal,2020,1,8080,984
telangana,nirmal,2020,2,8081,1063
telangana,nirmal,2020,3,8082,1700
telangana,nirmal,2020,4,8083,3817
telangana,nirmal,2021,1,8084,6329
telangana,nirmal,2021,2,8085,7476
telangana,nirmal,2021,3,8086,8477
telangana,nirmal,2021,4,8087,9378
telangana,nirmal,2022,1,8088,11216
telangana,nirmal,2022,2,8089,12325
telangana,nirmal,2022,3,8090,13378
telangana,nirmal,2022,4,8091,14273
telangana,nirmal,2023,1,8092,14428
telangana,nirmal,2023,2,8093,14558
telangana,nirmal,2023,3,8094,15005
telangana,nirmal,2023,4,8095,15609
telangana,nirmal,2024,1,8096,16247
telangana,nirmal,2024,2,8097,17249
telangana,nirmal,2024,3,8098,18379
telangana,nirmal,2024,4,8099,19386
telangana,nirmal,2025,1,8100,20044
telangana,nirmal,2025,2,8101,20601
telangana,nirmal,2025,3,8102,21232
telangana,nirmal,2025,4,8103,22145
telangana,nirmal,2026,1,8104,22773
telangana,nirmal,2026,2,8105,23502
telangana,nizamabad,2018,3,8074,19
telangana,nizamabad,2018,4,8075,807
telangana,nizamabad,2019,1,8076,7311
telangana,nizamabad,2019,2,8077,10122
telangana,nizamabad,2019,3,8078,12387
telangana,nizamabad,2019,4,8079,14056
telangana,nizamabad,2020,1,8080,15466
telangana,nizamabad,2020,2,8081,16286
telangana,nizamabad,2020,3,8082,19477
telangana,nizamabad,2020,4,8083,26022
telangana,nizamabad,2021,1,8084,31747
telangana,nizamabad,2021,2,8085,33928
telangana,nizamabad,2021,3,8086,36628
telangana,nizamabad,2021,4,8087,40772
telangana,nizamabad,2022,1,8088,44644
telangana,nizamabad,2022,2,8089,48082
telangana,nizamabad,2022,3,8090,50809
telangana,nizamabad,2022,4,8091,52663
telangana,nizamabad,2023,1,8092,52801
telangana,nizamabad,2023,2,8093,53310
telangana,nizamabad,2023,3,8094,54378
telangana,nizamabad,2023,4,8095,56131
telangana,nizamabad,2024,1,8096,58724
telangana,nizamabad,2024,2,8097,60552
telangana,nizamabad,2024,3,8098,62436
telangana,nizamabad,2024,4,8099,64041
telangana,nizamabad,2025,1,8100,65688
telangana,nizamabad,2025,2,8101,67263
telangana,nizamabad,2025,3,8102,69023
telangana,nizamabad,2025,4,8103,71724
telangana,nizamabad,2026,1,8104,73882
telangana,nizamabad,2026,2,8105,75876
telangana,peddapalli,2018,3,8074,9
telangana,peddapalli,2018,4,8075,39
telangana,peddapalli,2019,1,8076,394
telangana,peddapalli,2019,2,8077,1241
telangana,peddapalli,2019,3,8078,2216
telangana,peddapalli,2019,4,8079,3185
telangana,peddapalli,2020,1,8080,4066
telangana,peddapalli,2020,2,8081,4389
telangana,peddapalli,2020,3,8082,5966
telangana,peddapalli,2020,4,8083,9083
telangana,peddapalli,2021,1,8084,11885
telangana,peddapalli,2021,2,8085,12683
telangana,peddapalli,2021,3,8086,13871
telangana,peddapalli,2021,4,8087,15396
telangana,peddapalli,2022,1,8088,17051
telangana,peddapalli,2022,2,8089,17945
telangana,peddapalli,2022,3,8090,18598
telangana,peddapalli,2022,4,8091,19226
telangana,peddapalli,2023,1,8092,19175
telangana,peddapalli,2023,2,8093,19400
telangana,peddapalli,2023,3,8094,19920
telangana,peddapalli,2023,4,8095,20853
telangana,peddapalli,2024,1,8096,21910
telangana,peddapalli,2024,2,8097,22932
telangana,peddapalli,2024,3,8098,23448
telangana,peddapalli,2024,4,8099,24088
telangana,peddapalli,2025,1,8100,24703
telangana,peddapalli,2025,2,8101,25268
telangana,peddapalli,2025,3,8102,25808
telangana,peddapalli,2025,4,8103,27023
telangana,peddapalli,2026,1,8104,27944
telangana,peddapalli,2026,2,8105,29278
telangana,rajanna sircilla,2018,3,8074,9
telangana,rajanna sircilla,2018,4,8075,35
telangana,rajanna sircilla,2019,1,8076,708
telangana,rajanna sircilla,2019,2,8077,1234
telangana,rajanna sircilla,2019,3,8078,2102
telangana,rajanna sircilla,2019,4,8079,2562
telangana,rajanna sircilla,2020,1,8080,2932
telangana,rajanna sircilla,2020,2,8081,3048
telangana,rajanna sircilla,2020,3,8082,4263
telangana,rajanna sircilla,2020,4,8083,6554
telangana,rajanna sircilla,2021,1,8084,7778
telangana,rajanna sircilla,2021,2,8085,8203
telangana,rajanna sircilla,2021,3,8086,9477
telangana,rajanna sircilla,2021,4,8087,11095
telangana,rajanna sircilla,2022,1,8088,13132
telangana,rajanna sircilla,2022,2,8089,14260
telangana,rajanna sircilla,2022,3,8090,15291
telangana,rajanna sircilla,2022,4,8091,16075
telangana,rajanna sircilla,2023,1,8092,16353
telangana,rajanna sircilla,2023,2,8093,16562
telangana,rajanna sircilla,2023,3,8094,16856
telangana,rajanna sircilla,2023,4,8095,17347
telangana,rajanna sircilla,2024,1,8096,17942
telangana,rajanna sircilla,2024,2,8097,18527
telangana,rajanna sircilla,2024,3,8098,19124
telangana,rajanna sircilla,2024,4,8099,19451
telangana,rajanna sircilla,2025,1,8100,19845
telangana,rajanna sircilla,2025,2,8101,20090
telangana,rajanna sircilla,2025,3,8102,20255
telangana,rajanna sircilla,2025,4,8103,20775
telangana,rajanna sircilla,2026,1,8104,21335
telangana,rajanna sircilla,2026,2,8105,22194
telangana,rangareddy,2018,1,8072,15
telangana,rangareddy,2018,2,8073,131
telangana,rangareddy,2018,3,8074,10590
telangana,rangareddy,2018,4,8075,32254
telangana,rangareddy,2019,1,8076,71945
telangana,rangareddy,2019,2,8077,92781
telangana,rangareddy,2019,3,8078,116367
telangana,rangareddy,2019,4,8079,134628
telangana,rangareddy,2020,1,8080,149730
telangana,rangareddy,2020,2,8081,157053
telangana,rangareddy,2020,3,8082,181813
telangana,rangareddy,2020,4,8083,209373
telangana,rangareddy,2021,1,8084,236526
telangana,rangareddy,2021,2,8085,248136
telangana,rangareddy,2021,3,8086,261377
telangana,rangareddy,2021,4,8087,274287
telangana,rangareddy,2022,1,8088,291160
telangana,rangareddy,2022,2,8089,305755
telangana,rangareddy,2022,3,8090,315530
telangana,rangareddy,2022,4,8091,324125
telangana,rangareddy,2023,1,8092,324914
telangana,rangareddy,2023,2,8093,330918
telangana,rangareddy,2023,3,8094,339466
telangana,rangareddy,2023,4,8095,347584
telangana,rangareddy,2024,1,8096,361835
telangana,rangareddy,2024,2,8097,372050
telangana,rangareddy,2024,3,8098,382432
telangana,rangareddy,2024,4,8099,392955
telangana,rangareddy,2025,1,8100,402101
telangana,rangareddy,2025,2,8101,410444
telangana,rangareddy,2025,3,8102,419596
telangana,rangareddy,2025,4,8103,432564
telangana,rangareddy,2026,1,8104,441736
telangana,rangareddy,2026,2,8105,452117
telangana,sangareddy,2018,2,8073,2
telangana,sangareddy,2018,3,8074,537
telangana,sangareddy,2018,4,8075,1747
telangana,sangareddy,2019,1,8076,4622
telangana,sangareddy,2019,2,8077,7262
telangana,sangareddy,2019,3,8078,9471
telangana,sangareddy,2019,4,8079,11057
telangana,sangareddy,2020,1,8080,12617
telangana,sangareddy,2020,2,8081,13933
telangana,sangareddy,2020,3,8082,18568
telangana,sangareddy,2020,4,8083,25708
telangana,sangareddy,2021,1,8084,32246
telangana,sangareddy,2021,2,8085,34917
telangana,sangareddy,2021,3,8086,39674
telangana,sangareddy,2021,4,8087,44023
telangana,sangareddy,2022,1,8088,48417
telangana,sangareddy,2022,2,8089,52441
telangana,sangareddy,2022,3,8090,56047
telangana,sangareddy,2022,4,8091,59449
telangana,sangareddy,2023,1,8092,61144
telangana,sangareddy,2023,2,8093,63183
telangana,sangareddy,2023,3,8094,66088
telangana,sangareddy,2023,4,8095,68962
telangana,sangareddy,2024,1,8096,73487
telangana,sangareddy,2024,2,8097,76429
telangana,sangareddy,2024,3,8098,79600
telangana,sangareddy,2024,4,8099,82685
telangana,sangareddy,2025,1,8100,85252
telangana,sangareddy,2025,2,8101,88302
telangana,sangareddy,2025,3,8102,91663
telangana,sangareddy,2025,4,8103,96659
telangana,sangareddy,2026,1,8104,99533
telangana,sangareddy,2026,2,8105,102640
telangana,siddipet,2018,3,8074,192
telangana,siddipet,2018,4,8075,279
telangana,siddipet,2019,1,8076,2508
telangana,siddipet,2019,2,8077,3930
telangana,siddipet,2019,3,8078,5568
telangana,siddipet,2019,4,8079,6441
telangana,siddipet,2020,1,8080,7431
telangana,siddipet,2020,2,8081,7730
telangana,siddipet,2020,3,8082,8948
telangana,siddipet,2020,4,8083,12024
telangana,siddipet,2021,1,8084,15232
telangana,siddipet,2021,2,8085,17054
telangana,siddipet,2021,3,8086,20025
telangana,siddipet,2021,4,8087,23543
telangana,siddipet,2022,1,8088,26545
telangana,siddipet,2022,2,8089,28178
telangana,siddipet,2022,3,8090,29643
telangana,siddipet,2022,4,8091,30819
telangana,siddipet,2023,1,8092,31093
telangana,siddipet,2023,2,8093,31377
telangana,siddipet,2023,3,8094,31958
telangana,siddipet,2023,4,8095,32848
telangana,siddipet,2024,1,8096,33923
telangana,siddipet,2024,2,8097,34990
telangana,siddipet,2024,3,8098,35697
telangana,siddipet,2024,4,8099,36359
telangana,siddipet,2025,1,8100,37041
telangana,siddipet,2025,2,8101,37825
telangana,siddipet,2025,3,8102,38684
telangana,siddipet,2025,4,8103,40207
telangana,siddipet,2026,1,8104,41300
telangana,siddipet,2026,2,8105,42335
telangana,suryapet,2018,3,8074,21
telangana,suryapet,2018,4,8075,78
telangana,suryapet,2019,1,8076,697
telangana,suryapet,2019,2,8077,1204
telangana,suryapet,2019,3,8078,1639
telangana,suryapet,2019,4,8079,2140
telangana,suryapet,2020,1,8080,2818
telangana,suryapet,2020,2,8081,3135
telangana,suryapet,2020,3,8082,4939
telangana,suryapet,2020,4,8083,9375
telangana,suryapet,2021,1,8084,13575
telangana,suryapet,2021,2,8085,15148
telangana,suryapet,2021,3,8086,17591
telangana,suryapet,2021,4,8087,20961
telangana,suryapet,2022,1,8088,24151
telangana,suryapet,2022,2,8089,26139
telangana,suryapet,2022,3,8090,27812
telangana,suryapet,2022,4,8091,29250
telangana,suryapet,2023,1,8092,30011
telangana,suryapet,2023,2,8093,30482
telangana,suryapet,2023,3,8094,31115
telangana,suryapet,2023,4,8095,31859
telangana,suryapet,2024,1,8096,32979
telangana,suryapet,2024,2,8097,34005
telangana,suryapet,2024,3,8098,34972
telangana,suryapet,2024,4,8099,36062
telangana,suryapet,2025,1,8100,37119
telangana,suryapet,2025,2,8101,38073
telangana,suryapet,2025,3,8102,39282
telangana,suryapet,2025,4,8103,40865
telangana,suryapet,2026,1,8104,41941
telangana,suryapet,2026,2,8105,43066
telangana,vikarabad,2018,3,8074,22
telangana,vikarabad,2018,4,8075,213
telangana,vikarabad,2019,1,8076,741
telangana,vikarabad,2019,2,8077,977
telangana,vikarabad,2019,3,8078,1479
telangana,vikarabad,2019,4,8079,2370
telangana,vikarabad,2020,1,8080,3091
telangana,vikarabad,2020,2,8081,3407
telangana,vikarabad,2020,3,8082,5155
telangana,vikarabad,2020,4,8083,7932
telangana,vikarabad,2021,1,8084,10062
telangana,vikarabad,2021,2,8085,10992
telangana,vikarabad,2021,3,8086,13102
telangana,vikarabad,2021,4,8087,15721
telangana,vikarabad,2022,1,8088,17185
telangana,vikarabad,2022,2,8089,18561
telangana,vikarabad,2022,3,8090,19698
telangana,vikarabad,2022,4,8091,20259
telangana,vikarabad,2023,1,8092,20238
telangana,vikarabad,2023,2,8093,20449
telangana,vikarabad,2023,3,8094,20796
telangana,vikarabad,2023,4,8095,21201
telangana,vikarabad,2024,1,8096,21964
telangana,vikarabad,2024,2,8097,22627
telangana,vikarabad,2024,3,8098,23035
telangana,vikarabad,2024,4,8099,23421
telangana,vikarabad,2025,1,8100,23785
telangana,vikarabad,2025,2,8101,24286
telangana,vikarabad,2025,3,8102,24740
telangana,vikarabad,2025,4,8103,25583
telangana,vikarabad,2026,1,8104,26005
telangana,vikarabad,2026,2,8105,26777
telangana,wanaparthy,2018,3,8074,13
telangana,wanaparthy,2018,4,8075,46
telangana,wanaparthy,2019,1,8076,433
telangana,wanaparthy,2019,2,8077,721
telangana,wanaparthy,2019,3,8078,959
telangana,wanaparthy,2019,4,8079,1302
telangana,wanaparthy,2020,1,8080,1653
telangana,wanaparthy,2020,2,8081,1893
telangana,wanaparthy,2020,3,8082,2963
telangana,wanaparthy,2020,4,8083,4857
telangana,wanaparthy,2021,1,8084,6228
telangana,wanaparthy,2021,2,8085,7167
telangana,wanaparthy,2021,3,8086,8363
telangana,wanaparthy,2021,4,8087,9824
telangana,wanaparthy,2022,1,8088,10886
telangana,wanaparthy,2022,2,8089,11975
telangana,wanaparthy,2022,3,8090,12929
telangana,wanaparthy,2022,4,8091,13795
telangana,wanaparthy,2023,1,8092,14071
telangana,wanaparthy,2023,2,8093,14181
telangana,wanaparthy,2023,3,8094,14457
telangana,wanaparthy,2023,4,8095,14735
telangana,wanaparthy,2024,1,8096,15033
telangana,wanaparthy,2024,2,8097,15409
telangana,wanaparthy,2024,3,8098,15776
telangana,wanaparthy,2024,4,8099,16143
telangana,wanaparthy,2025,1,8100,16395
telangana,wanaparthy,2025,2,8101,16750
telangana,wanaparthy,2025,3,8102,17143
telangana,wanaparthy,2025,4,8103,17714
telangana,wanaparthy,2026,1,8104,18053
telangana,wanaparthy,2026,2,8105,18574
telangana,warangal,2018,3,8074,19
telangana,warangal,2018,4,8075,352
telangana,warangal,2019,1,8076,5183
telangana,warangal,2019,2,8077,8546
telangana,warangal,2019,3,8078,11164
telangana,warangal,2019,4,8079,12388
telangana,warangal,2020,1,8080,13535
telangana,warangal,2020,2,8081,14064
telangana,warangal,2020,3,8082,18329
telangana,warangal,2020,4,8083,22332
telangana,warangal,2021,1,8084,25080
telangana,warangal,2021,2,8085,26660
telangana,warangal,2021,3,8086,29041
telangana,warangal,2021,4,8087,31520
telangana,warangal,2022,1,8088,34364
telangana,warangal,2022,2,8089,37077
telangana,warangal,2022,3,8090,38978
telangana,warangal,2022,4,8091,40569
telangana,warangal,2023,1,8092,41452
telangana,warangal,2023,2,8093,42631
telangana,warangal,2023,3,8094,43980
telangana,warangal,2023,4,8095,45761
telangana,warangal,2024,1,8096,49147
telangana,warangal,2024,2,8097,51219
telangana,warangal,2024,3,8098,53152
telangana,warangal,2024,4,8099,55336
telangana,warangal,2025,1,8100,57200
telangana,warangal,2025,2,8101,59006
telangana,warangal,2025,3,8102,60401
telangana,warangal,2025,4,8103,62031
telangana,warangal,2026,1,8104,62995
telangana,warangal,2026,2,8105,64159
telangana,yadadri bhuvanagiri,2018,1,8072,1
telangana,yadadri bhuvanagiri,2018,2,8073,2
telangana,yadadri bhuvanagiri,2018,3,8074,44
telangana,yadadri bhuvanagiri,2018,4,8075,306
telangana,yadadri bhuvanagiri,2019,1,8076,2126
telangana,yadadri bhuvanagiri,2019,2,8077,2518
telangana,yadadri bhuvanagiri,2019,3,8078,3612
telangana,yadadri bhuvanagiri,2019,4,8079,5378
telangana,yadadri bhuvanagiri,2020,1,8080,6541
telangana,yadadri bhuvanagiri,2020,2,8081,7027
telangana,yadadri bhuvanagiri,2020,3,8082,9322
telangana,yadadri bhuvanagiri,2020,4,8083,11679
telangana,yadadri bhuvanagiri,2021,1,8084,14071
telangana,yadadri bhuvanagiri,2021,2,8085,15378
telangana,yadadri bhuvanagiri,2021,3,8086,16705
telangana,yadadri bhuvanagiri,2021,4,8087,20010
telangana,yadadri bhuvanagiri,2022,1,8088,21669
telangana,yadadri bhuvanagiri,2022,2,8089,22811
telangana,yadadri bhuvanagiri,2022,3,8090,23667
telangana,yadadri bhuvanagiri,2022,4,8091,24837
telangana,yadadri bhuvanagiri,2023,1,8092,25293
telangana,yadadri bhuvanagiri,2023,2,8093,26042
telangana,yadadri bhuvanagiri,2023,3,8094,27073
telangana,yadadri bhuvanagiri,2023,4,8095,27928
telangana,yadadri bhuvanagiri,2024,1,8096,29171
telangana,yadadri bhuvanagiri,2024,2,8097,30201
telangana,yadadri bhuvanagiri,2024,3,8098,31053
telangana,yadadri bhuvanagiri,2024,4,8099,31771
telangana,yadadri bhuvanagiri,2025,1,8100,32478
telangana,yadadri bhuvanagiri,2025,2,8101,33122
telangana,yadadri bhuvanagiri,2025,3,8102,33761
telangana,yadadri bhuvanagiri,2025,4,8103,35131
telangana,yadadri bhuvanagiri,2026,1,8104,35565
telangana,yadadri bhuvanagiri,2026,2,8105,36456
tripura,dhalai,2018,4,8075,1
tripura,dhalai,2019,1,8076,25
tripura,dhalai,2019,2,8077,55
tripura,dhalai,2019,3,8078,86
tripura,dhalai,2019,4,8079,95
tripura,dhalai,2020,1,8080,115
tripura,dhalai,2020,2,8081,129
tripura,dhalai,2020,3,8082,133
tripura,dhalai,2020,4,8083,144
tripura,dhalai,2021,1,8084,182
tripura,dhalai,2021,2,8085,213
tripura,dhalai,2021,3,8086,237
tripura,dhalai,2021,4,8087,284
tripura,dhalai,2022,1,8088,455
tripura,dhalai,2022,2,8089,559
tripura,dhalai,2022,3,8090,684
tripura,dhalai,2022,4,8091,1038
tripura,dhalai,2023,1,8092,1127
tripura,dhalai,2023,2,8093,1212
tripura,dhalai,2023,3,8094,1507
tripura,dhalai,2023,4,8095,1612
tripura,dhalai,2024,1,8096,1687
tripura,dhalai,2024,2,8097,1981
tripura,dhalai,2024,3,8098,2204
tripura,dhalai,2024,4,8099,2401
tripura,dhalai,2025,1,8100,2571
tripura,dhalai,2025,2,8101,2581
tripura,dhalai,2025,3,8102,2604
tripura,dhalai,2025,4,8103,2630
tripura,dhalai,2026,1,8104,2641
tripura,dhalai,2026,2,8105,2940
tripura,gomati,2019,1,8076,16
tripura,gomati,2019,2,8077,62
tripura,gomati,2019,3,8078,103
tripura,gomati,2019,4,8079,142
tripura,gomati,2020,1,8080,172
tripura,gomati,2020,2,8081,181
tripura,gomati,2020,3,8082,188
tripura,gomati,2020,4,8083,201
tripura,gomati,2021,1,8084,225
tripura,gomati,2021,2,8085,343
tripura,gomati,2021,3,8086,509
tripura,gomati,2021,4,8087,887
tripura,gomati,2022,1,8088,1168
tripura,gomati,2022,2,8089,1585
tripura,gomati,2022,3,8090,2037
tripura,gomati,2022,4,8091,2158
tripura,gomati,2023,1,8092,2299
tripura,gomati,2023,2,8093,2510
tripura,gomati,2023,3,8094,2913
tripura,gomati,2023,4,8095,3183
tripura,gomati,2024,1,8096,3339
tripura,gomati,2024,2,8097,3404
tripura,gomati,2024,3,8098,3570
tripura,gomati,2024,4,8099,3758
tripura,gomati,2025,1,8100,3914
tripura,gomati,2025,2,8101,4045
tripura,gomati,2025,3,8102,4161
tripura,gomati,2025,4,8103,4314
tripura,gomati,2026,1,8104,4713
tripura,gomati,2026,2,8105,5347
tripura,khowai,2019,1,8076,22
tripura,khowai,2019,2,8077,54
tripura,khowai,2019,3,8078,71
tripura,khowai,2019,4,8079,83
tripura,khowai,2020,1,8080,91
tripura,khowai,2020,2,8081,99
tripura,khowai,2020,3,8082,103
tripura,khowai,2020,4,8083,117
tripura,khowai,2021,1,8084,129
tripura,khowai,2021,2,8085,164
tripura,khowai,2021,3,8086,269
tripura,khowai,2021,4,8087,318
tripura,khowai,2022,1,8088,487
tripura,khowai,2022,2,8089,624
tripura,khowai,2022,3,8090,805
tripura,khowai,2022,4,8091,919
tripura,khowai,2023,1,8092,940
tripura,khowai,2023,2,8093,999
tripura,khowai,2023,3,8094,1016
tripura,khowai,2023,4,8095,1104
tripura,khowai,2024,1,8096,1133
tripura,khowai,2024,2,8097,1204
tripura,khowai,2024,3,8098,1244
tripura,khowai,2024,4,8099,1291
tripura,khowai,2025,1,8100,1365
tripura,khowai,2025,2,8101,1396
tripura,khowai,2025,3,8102,1405
tripura,khowai,2025,4,8103,1424
tripura,khowai,2026,1,8104,1432
tripura,khowai,2026,2,8105,1447
tripura,north tripura,2018,4,8075,1
tripura,north tripura,2019,1,8076,23
tripura,north tripura,2019,2,8077,67
tripura,north tripura,2019,3,8078,84
tripura,north tripura,2019,4,8079,110
tripura,north tripura,2020,1,8080,130
tripura,north tripura,2020,2,8081,147
tripura,north tripura,2020,3,8082,154
tripura,north tripura,2020,4,8083,169
tripura,north tripura,2021,1,8084,192
tripura,north tripura,2021,2,8085,220
tripura,north tripura,2021,3,8086,380
tripura,north tripura,2021,4,8087,488
tripura,north tripura,2022,1,8088,548
tripura,north tripura,2022,2,8089,1109
tripura,north tripura,2022,3,8090,2042
tripura,north tripura,2022,4,8091,2474
tripura,north tripura,2023,1,8092,3030
tripura,north tripura,2023,2,8093,3254
tripura,north tripura,2023,3,8094,3602
tripura,north tripura,2023,4,8095,4110
tripura,north tripura,2024,1,8096,4221
tripura,north tripura,2024,2,8097,4340
tripura,north tripura,2024,3,8098,4475
tripura,north tripura,2024,4,8099,4612
tripura,north tripura,2025,1,8100,4789
tripura,north tripura,2025,2,8101,5025
tripura,north tripura,2025,3,8102,5182
tripura,north tripura,2025,4,8103,5317
tripura,north tripura,2026,1,8104,5465
tripura,north tripura,2026,2,8105,5658
tripura,sepahijala,2018,4,8075,2
tripura,sepahijala,2019,1,8076,56
tripura,sepahijala,2019,2,8077,99
tripura,sepahijala,2019,3,8078,142
tripura,sepahijala,2019,4,8079,161
tripura,sepahijala,2020,1,8080,183
tripura,sepahijala,2020,2,8081,198
tripura,sepahijala,2020,3,8082,207
tripura,sepahijala,2020,4,8083,227
tripura,sepahijala,2021,1,8084,253
tripura,sepahijala,2021,2,8085,470
tripura,sepahijala,2021,3,8086,746
tripura,sepahijala,2021,4,8087,1035
tripura,sepahijala,2022,1,8088,1352
tripura,sepahijala,2022,2,8089,1605
tripura,sepahijala,2022,3,8090,1941
tripura,sepahijala,2022,4,8091,2310
tripura,sepahijala,2023,1,8092,2543
tripura,sepahijala,2023,2,8093,2829
tripura,sepahijala,2023,3,8094,3156
tripura,sepahijala,2023,4,8095,3424
tripura,sepahijala,2024,1,8096,3559
tripura,sepahijala,2024,2,8097,3702
tripura,sepahijala,2024,3,8098,3915
tripura,sepahijala,2024,4,8099,4273
tripura,sepahijala,2025,1,8100,4641
tripura,sepahijala,2025,2,8101,4894
tripura,sepahijala,2025,3,8102,5064
tripura,sepahijala,2025,4,8103,5190
tripura,sepahijala,2026,1,8104,5309
tripura,sepahijala,2026,2,8105,5579
tripura,south tripura,2018,4,8075,1
tripura,south tripura,2019,1,8076,91
tripura,south tripura,2019,2,8077,246
tripura,south tripura,2019,3,8078,283
tripura,south tripura,2019,4,8079,313
tripura,south tripura,2020,1,8080,344
tripura,south tripura,2020,2,8081,358
tripura,south tripura,2020,3,8082,363
tripura,south tripura,2020,4,8083,389
tripura,south tripura,2021,1,8084,404
tripura,south tripura,2021,2,8085,507
tripura,south tripura,2021,3,8086,839
tripura,south tripura,2021,4,8087,1492
tripura,south tripura,2022,1,8088,1878
tripura,south tripura,2022,2,8089,2092
tripura,south tripura,2022,3,8090,2546
tripura,south tripura,2022,4,8091,2858
tripura,south tripura,2023,1,8092,3189
tripura,south tripura,2023,2,8093,3529
tripura,south tripura,2023,3,8094,3926
tripura,south tripura,2023,4,8095,4320
tripura,south tripura,2024,1,8096,4369
tripura,south tripura,2024,2,8097,4417
tripura,south tripura,2024,3,8098,4531
tripura,south tripura,2024,4,8099,4818
tripura,south tripura,2025,1,8100,4939
tripura,south tripura,2025,2,8101,5038
tripura,south tripura,2025,3,8102,5385
tripura,south tripura,2025,4,8103,5743
tripura,south tripura,2026,1,8104,6009
tripura,south tripura,2026,2,8105,6386
tripura,unakoti,2019,1,8076,11
tripura,unakoti,2019,2,8077,28
tripura,unakoti,2019,3,8078,48
tripura,unakoti,2019,4,8079,61
tripura,unakoti,2020,1,8080,76
tripura,unakoti,2020,2,8081,84
tripura,unakoti,2020,3,8082,88
tripura,unakoti,2020,4,8083,97
tripura,unakoti,2021,1,8084,112
tripura,unakoti,2021,2,8085,142
tripura,unakoti,2021,3,8086,165
tripura,unakoti,2021,4,8087,201
tripura,unakoti,2022,1,8088,342
tripura,unakoti,2022,2,8089,449
tripura,unakoti,2022,3,8090,738
tripura,unakoti,2022,4,8091,1007
tripura,unakoti,2023,1,8092,1252
tripura,unakoti,2023,2,8093,1480
tripura,unakoti,2023,3,8094,1828
tripura,unakoti,2023,4,8095,2083
tripura,unakoti,2024,1,8096,2199
tripura,unakoti,2024,2,8097,2289
tripura,unakoti,2024,3,8098,2340
tripura,unakoti,2024,4,8099,2400
tripura,unakoti,2025,1,8100,2519
tripura,unakoti,2025,2,8101,2539
tripura,unakoti,2025,3,8102,2552
tripura,unakoti,2025,4,8103,2590
tripura,unakoti,2026,1,8104,2625
tripura,unakoti,2026,2,8105,2752
tripura,west tripura,2018,4,8075,1
tripura,west tripura,2019,1,8076,145
tripura,west tripura,2019,2,8077,271
tripura,west tripura,2019,3,8078,370
tripura,west tripura,2019,4,8079,448
tripura,west tripura,2020,1,8080,503
tripura,west tripura,2020,2,8081,545
tripura,west tripura,2020,3,8082,565
tripura,west tripura,2020,4,8083,636
tripura,west tripura,2021,1,8084,797
tripura,west tripura,2021,2,8085,1963
tripura,west tripura,2021,3,8086,3380
tripura,west tripura,2021,4,8087,4966
tripura,west tripura,2022,1,8088,6121
tripura,west tripura,2022,2,8089,7471
tripura,west tripura,2022,3,8090,9546
tripura,west tripura,2022,4,8091,11041
tripura,west tripura,2023,1,8092,12031
tripura,west tripura,2023,2,8093,12708
tripura,west tripura,2023,3,8094,14427
tripura,west tripura,2023,4,8095,15594
tripura,west tripura,2024,1,8096,16633
tripura,west tripura,2024,2,8097,17460
tripura,west tripura,2024,3,8098,18598
tripura,west tripura,2024,4,8099,19818
tripura,west tripura,2025,1,8100,21102
tripura,west tripura,2025,2,8101,21997
tripura,west tripura,2025,3,8102,23044
tripura,west tripura,2025,4,8103,24323
tripura,west tripura,2026,1,8104,24674
tripura,west tripura,2026,2,8105,25048
uttar pradesh,agra,2018,3,8074,5
uttar pradesh,agra,2018,4,8075,185
uttar pradesh,agra,2019,1,8076,15048
uttar pradesh,agra,2019,2,8077,31646
uttar pradesh,agra,2019,3,8078,43446
uttar pradesh,agra,2019,4,8079,52054
uttar pradesh,agra,2020,1,8080,59652
uttar pradesh,agra,2020,2,8081,62817
uttar pradesh,agra,2020,3,8082,72701
uttar pradesh,agra,2020,4,8083,84055
uttar pradesh,agra,2021,1,8084,96133
uttar pradesh,agra,2021,2,8085,101826
uttar pradesh,agra,2021,3,8086,112450
uttar pradesh,agra,2021,4,8087,123360
uttar pradesh,agra,2022,1,8088,134664
uttar pradesh,agra,2022,2,8089,144236
uttar pradesh,agra,2022,3,8090,153345
uttar pradesh,agra,2022,4,8091,160750
uttar pradesh,agra,2023,1,8092,158187
uttar pradesh,agra,2023,2,8093,161171
uttar pradesh,agra,2023,3,8094,166327
uttar pradesh,agra,2023,4,8095,172877
uttar pradesh,agra,2024,1,8096,179759
uttar pradesh,agra,2024,2,8097,186568
uttar pradesh,agra,2024,3,8098,193229
uttar pradesh,agra,2024,4,8099,198671
uttar pradesh,agra,2025,1,8100,203971
uttar pradesh,agra,2025,2,8101,208746
uttar pradesh,agra,2025,3,8102,213620
uttar pradesh,agra,2025,4,8103,218858
uttar pradesh,agra,2026,1,8104,221901
uttar pradesh,agra,2026,2,8105,224888
uttar pradesh,aligarh,2018,3,8074,11
uttar pradesh,aligarh,2018,4,8075,66
uttar pradesh,aligarh,2019,1,8076,6286
uttar pradesh,aligarh,2019,2,8077,12865
uttar pradesh,aligarh,2019,3,8078,17524
uttar pradesh,aligarh,2019,4,8079,20415
uttar pradesh,aligarh,2020,1,8080,23653
uttar pradesh,aligarh,2020,2,8081,25835
uttar pradesh,aligarh,2020,3,8082,31250
uttar pradesh,aligarh,2020,4,8083,38817
uttar pradesh,aligarh,2021,1,8084,46730
uttar pradesh,aligarh,2021,2,8085,51324
uttar pradesh,aligarh,2021,3,8086,59984
uttar pradesh,aligarh,2021,4,8087,69707
uttar pradesh,aligarh,2022,1,8088,78894
uttar pradesh,aligarh,2022,2,8089,85862
uttar pradesh,aligarh,2022,3,8090,90924
uttar pradesh,aligarh,2022,4,8091,96224
uttar pradesh,aligarh,2023,1,8092,97265
uttar pradesh,aligarh,2023,2,8093,100083
uttar pradesh,aligarh,2023,3,8094,104593
uttar pradesh,aligarh,2023,4,8095,110853
uttar pradesh,aligarh,2024,1,8096,116853
uttar pradesh,aligarh,2024,2,8097,122139
uttar pradesh,aligarh,2024,3,8098,126851
uttar pradesh,aligarh,2024,4,8099,131506
uttar pradesh,aligarh,2025,1,8100,135445
uttar pradesh,aligarh,2025,2,8101,139480
uttar pradesh,aligarh,2025,3,8102,143957
uttar pradesh,aligarh,2025,4,8103,148916
uttar pradesh,aligarh,2026,1,8104,151432
uttar pradesh,aligarh,2026,2,8105,154365
uttar pradesh,ambedkar nagar,2018,3,8074,4
uttar pradesh,ambedkar nagar,2018,4,8075,21
uttar pradesh,ambedkar nagar,2019,1,8076,328
uttar pradesh,ambedkar nagar,2019,2,8077,788
uttar pradesh,ambedkar nagar,2019,3,8078,1124
uttar pradesh,ambedkar nagar,2019,4,8079,1804
uttar pradesh,ambedkar nagar,2020,1,8080,2173
uttar pradesh,ambedkar nagar,2020,2,8081,2315
uttar pradesh,ambedkar nagar,2020,3,8082,2417
uttar pradesh,ambedkar nagar,2020,4,8083,3357
uttar pradesh,ambedkar nagar,2021,1,8084,5834
uttar pradesh,ambedkar nagar,2021,2,8085,9320
uttar pradesh,ambedkar nagar,2021,3,8086,15750
uttar pradesh,ambedkar nagar,2021,4,8087,22375
uttar pradesh,ambedkar nagar,2022,1,8088,29443
uttar pradesh,ambedkar nagar,2022,2,8089,33316
uttar pradesh,ambedkar nagar,2022,3,8090,36914
uttar pradesh,ambedkar nagar,2022,4,8091,41103
uttar pradesh,ambedkar nagar,2023,1,8092,41661
uttar pradesh,ambedkar nagar,2023,2,8093,42779
uttar pradesh,ambedkar nagar,2023,3,8094,44992
uttar pradesh,ambedkar nagar,2023,4,8095,47350
uttar pradesh,ambedkar nagar,2024,1,8096,49338
uttar pradesh,ambedkar nagar,2024,2,8097,51221
uttar pradesh,ambedkar nagar,2024,3,8098,53384
uttar pradesh,ambedkar nagar,2024,4,8099,55794
uttar pradesh,ambedkar nagar,2025,1,8100,57859
uttar pradesh,ambedkar nagar,2025,2,8101,59637
uttar pradesh,ambedkar nagar,2025,3,8102,61244
uttar pradesh,ambedkar nagar,2025,4,8103,63525
uttar pradesh,ambedkar nagar,2026,1,8104,64618
uttar pradesh,ambedkar nagar,2026,2,8105,65372
uttar pradesh,amethi,2018,1,8072,2
uttar pradesh,amethi,2018,2,8073,2
uttar pradesh,amethi,2018,3,8074,2
uttar pradesh,amethi,2018,4,8075,13
uttar pradesh,amethi,2019,1,8076,133
uttar pradesh,amethi,2019,2,8077,736
uttar pradesh,amethi,2019,3,8078,1220
uttar pradesh,amethi,2019,4,8079,1901
uttar pradesh,amethi,2020,1,8080,2319
uttar pradesh,amethi,2020,2,8081,2529
uttar pradesh,amethi,2020,3,8082,2858
uttar pradesh,amethi,2020,4,8083,3751
uttar pradesh,amethi,2021,1,8084,6129
uttar pradesh,amethi,2021,2,8085,7760
uttar pradesh,amethi,2021,3,8086,10654
uttar pradesh,amethi,2021,4,8087,13989
uttar pradesh,amethi,2022,1,8088,18045
uttar pradesh,amethi,2022,2,8089,20789
uttar pradesh,amethi,2022,3,8090,23135
uttar pradesh,amethi,2022,4,8091,25980
uttar pradesh,amethi,2023,1,8092,27009
uttar pradesh,amethi,2023,2,8093,28767
uttar pradesh,amethi,2023,3,8094,30367
uttar pradesh,amethi,2023,4,8095,31374
uttar pradesh,amethi,2024,1,8096,32066
uttar pradesh,amethi,2024,2,8097,33410
uttar pradesh,amethi,2024,3,8098,34660
uttar pradesh,amethi,2024,4,8099,36118
uttar pradesh,amethi,2025,1,8100,37214
uttar pradesh,amethi,2025,2,8101,38208
uttar pradesh,amethi,2025,3,8102,39077
uttar pradesh,amethi,2025,4,8103,40377
uttar pradesh,amethi,2026,1,8104,41161
uttar pradesh,amethi,2026,2,8105,41736
uttar pradesh,amroha,2018,3,8074,4
uttar pradesh,amroha,2018,4,8075,29
uttar pradesh,amroha,2019,1,8076,181
uttar pradesh,amroha,2019,2,8077,410
uttar pradesh,amroha,2019,3,8078,907
uttar pradesh,amroha,2019,4,8079,1413
uttar pradesh,amroha,2020,1,8080,2834
uttar pradesh,amroha,2020,2,8081,3334
uttar pradesh,amroha,2020,3,8082,4795
uttar pradesh,amroha,2020,4,8083,5824
uttar pradesh,amroha,2021,1,8084,8870
uttar pradesh,amroha,2021,2,8085,11450
uttar pradesh,amroha,2021,3,8086,15494
uttar pradesh,amroha,2021,4,8087,19999
uttar pradesh,amroha,2022,1,8088,24976
uttar pradesh,amroha,2022,2,8089,28870
uttar pradesh,amroha,2022,3,8090,32498
uttar pradesh,amroha,2022,4,8091,35333
uttar pradesh,amroha,2023,1,8092,36254
uttar pradesh,amroha,2023,2,8093,37124
uttar pradesh,amroha,2023,3,8094,38362
uttar pradesh,amroha,2023,4,8095,39552
uttar pradesh,amroha,2024,1,8096,40292
uttar pradesh,amroha,2024,2,8097,41767
uttar pradesh,amroha,2024,3,8098,44268
uttar pradesh,amroha,2024,4,8099,46492
uttar pradesh,amroha,2025,1,8100,48057
uttar pradesh,amroha,2025,2,8101,49306
uttar pradesh,amroha,2025,3,8102,50527
uttar pradesh,amroha,2025,4,8103,52265
uttar pradesh,amroha,2026,1,8104,53426
uttar pradesh,amroha,2026,2,8105,54541
uttar pradesh,auraiya,2018,3,8074,1
uttar pradesh,auraiya,2018,4,8075,17
uttar pradesh,auraiya,2019,1,8076,146
uttar pradesh,auraiya,2019,2,8077,689
uttar pradesh,auraiya,2019,3,8078,1028
uttar pradesh,auraiya,2019,4,8079,1334
uttar pradesh,auraiya,2020,1,8080,1684
uttar pradesh,auraiya,2020,2,8081,1825
uttar pradesh,auraiya,2020,3,8082,2295
uttar pradesh,auraiya,2020,4,8083,4893
uttar pradesh,auraiya,2021,1,8084,7773
uttar pradesh,auraiya,2021,2,8085,9915
uttar pradesh,auraiya,2021,3,8086,13294
uttar pradesh,auraiya,2021,4,8087,17113
uttar pradesh,auraiya,2022,1,8088,20114
uttar pradesh,auraiya,2022,2,8089,22219
uttar pradesh,auraiya,2022,3,8090,24328
uttar pradesh,auraiya,2022,4,8091,26333
uttar pradesh,auraiya,2023,1,8092,27279
uttar pradesh,auraiya,2023,2,8093,27963
uttar pradesh,auraiya,2023,3,8094,28559
uttar pradesh,auraiya,2023,4,8095,29182
uttar pradesh,auraiya,2024,1,8096,29994
uttar pradesh,auraiya,2024,2,8097,31032
uttar pradesh,auraiya,2024,3,8098,32324
uttar pradesh,auraiya,2024,4,8099,34579
uttar pradesh,auraiya,2025,1,8100,36408
uttar pradesh,auraiya,2025,2,8101,37786
uttar pradesh,auraiya,2025,3,8102,39407
uttar pradesh,auraiya,2025,4,8103,41255
uttar pradesh,auraiya,2026,1,8104,41970
uttar pradesh,auraiya,2026,2,8105,42872
uttar pradesh,ayodhya,2018,3,8074,1
uttar pradesh,ayodhya,2018,4,8075,16
uttar pradesh,ayodhya,2019,1,8076,333
uttar pradesh,ayodhya,2019,2,8077,877
uttar pradesh,ayodhya,2019,3,8078,2066
uttar pradesh,ayodhya,2019,4,8079,3134
uttar pradesh,ayodhya,2020,1,8080,4079
uttar pradesh,ayodhya,2020,2,8081,4489
uttar pradesh,ayodhya,2020,3,8082,5575
uttar pradesh,ayodhya,2020,4,8083,10033
uttar pradesh,ayodhya,2021,1,8084,14354
uttar pradesh,ayodhya,2021,2,8085,16743
uttar pradesh,ayodhya,2021,3,8086,23841
uttar pradesh,ayodhya,2021,4,8087,30227
uttar pradesh,ayodhya,2022,1,8088,39071
uttar pradesh,ayodhya,2022,2,8089,44871
uttar pradesh,ayodhya,2022,3,8090,49999
uttar pradesh,ayodhya,2022,4,8091,55806
uttar pradesh,ayodhya,2023,1,8092,57602
uttar pradesh,ayodhya,2023,2,8093,59734
uttar pradesh,ayodhya,2023,3,8094,61807
uttar pradesh,ayodhya,2023,4,8095,64737
uttar pradesh,ayodhya,2024,1,8096,67556
uttar pradesh,ayodhya,2024,2,8097,70965
uttar pradesh,ayodhya,2024,3,8098,75122
uttar pradesh,ayodhya,2024,4,8099,79074
uttar pradesh,ayodhya,2025,1,8100,82543
uttar pradesh,ayodhya,2025,2,8101,85260
uttar pradesh,ayodhya,2025,3,8102,88328
uttar pradesh,ayodhya,2025,4,8103,91702
uttar pradesh,ayodhya,2026,1,8104,93135
uttar pradesh,ayodhya,2026,2,8105,94422
uttar pradesh,azamgarh,2018,1,8072,2
uttar pradesh,azamgarh,2018,2,8073,4
uttar pradesh,azamgarh,2018,3,8074,8
uttar pradesh,azamgarh,2018,4,8075,74
uttar pradesh,azamgarh,2019,1,8076,599
uttar pradesh,azamgarh,2019,2,8077,1440
uttar pradesh,azamgarh,2019,3,8078,2846
uttar pradesh,azamgarh,2019,4,8079,3724
uttar pradesh,azamgarh,2020,1,8080,4515
uttar pradesh,azamgarh,2020,2,8081,4929
uttar pradesh,azamgarh,2020,3,8082,5623
uttar pradesh,azamgarh,2020,4,8083,8477
uttar pradesh,azamgarh,2021,1,8084,14892
uttar pradesh,azamgarh,2021,2,8085,18182
uttar pradesh,azamgarh,2021,3,8086,27686
uttar pradesh,azamgarh,2021,4,8087,41339
uttar pradesh,azamgarh,2022,1,8088,56123
uttar pradesh,azamgarh,2022,2,8089,65160
uttar pradesh,azamgarh,2022,3,8090,74316
uttar pradesh,azamgarh,2022,4,8091,83213
uttar pradesh,azamgarh,2023,1,8092,89771
uttar pradesh,azamgarh,2023,2,8093,93999
uttar pradesh,azamgarh,2023,3,8094,100104
uttar pradesh,azamgarh,2023,4,8095,105764
uttar pradesh,azamgarh,2024,1,8096,110668
uttar pradesh,azamgarh,2024,2,8097,114720
uttar pradesh,azamgarh,2024,3,8098,119350
uttar pradesh,azamgarh,2024,4,8099,124447
uttar pradesh,azamgarh,2025,1,8100,128532
uttar pradesh,azamgarh,2025,2,8101,132344
uttar pradesh,azamgarh,2025,3,8102,137138
uttar pradesh,azamgarh,2025,4,8103,142619
uttar pradesh,azamgarh,2026,1,8104,145514
uttar pradesh,azamgarh,2026,2,8105,147768
uttar pradesh,bagpat,2018,3,8074,8
uttar pradesh,bagpat,2018,4,8075,84
uttar pradesh,bagpat,2019,1,8076,664
uttar pradesh,bagpat,2019,2,8077,1887
uttar pradesh,bagpat,2019,3,8078,2668
uttar pradesh,bagpat,2019,4,8079,3539
uttar pradesh,bagpat,2020,1,8080,4278
uttar pradesh,bagpat,2020,2,8081,4601
uttar pradesh,bagpat,2020,3,8082,6059
uttar pradesh,bagpat,2020,4,8083,8581
uttar pradesh,bagpat,2021,1,8084,11561
uttar pradesh,bagpat,2021,2,8085,12577
uttar pradesh,bagpat,2021,3,8086,15491
uttar pradesh,bagpat,2021,4,8087,20125
uttar pradesh,bagpat,2022,1,8088,24515
uttar pradesh,bagpat,2022,2,8089,27242
uttar pradesh,bagpat,2022,3,8090,29782
uttar pradesh,bagpat,2022,4,8091,31820
uttar pradesh,bagpat,2023,1,8092,31393
uttar pradesh,bagpat,2023,2,8093,31641
uttar pradesh,bagpat,2023,3,8094,31930
uttar pradesh,bagpat,2023,4,8095,32173
uttar pradesh,bagpat,2024,1,8096,33153
uttar pradesh,bagpat,2024,2,8097,34635
uttar pradesh,bagpat,2024,3,8098,35564
uttar pradesh,bagpat,2024,4,8099,36645
uttar pradesh,bagpat,2025,1,8100,37444
uttar pradesh,bagpat,2025,2,8101,38118
uttar pradesh,bagpat,2025,3,8102,39382
uttar pradesh,bagpat,2025,4,8103,41227
uttar pradesh,bagpat,2026,1,8104,42171
uttar pradesh,bagpat,2026,2,8105,43038
uttar pradesh,bahraich,2018,4,8075,14
uttar pradesh,bahraich,2019,1,8076,139
uttar pradesh,bahraich,2019,2,8077,822
uttar pradesh,bahraich,2019,3,8078,1000
uttar pradesh,bahraich,2019,4,8079,1302
uttar pradesh,bahraich,2020,1,8080,1873
uttar pradesh,bahraich,2020,2,8081,2085
uttar pradesh,bahraich,2020,3,8082,2615
uttar pradesh,bahraich,2020,4,8083,4630
uttar pradesh,bahraich,2021,1,8084,8275
uttar pradesh,bahraich,2021,2,8085,11676
uttar pradesh,bahraich,2021,3,8086,17137
uttar pradesh,bahraich,2021,4,8087,19908
uttar pradesh,bahraich,2022,1,8088,26584
uttar pradesh,bahraich,2022,2,8089,30760
uttar pradesh,bahraich,2022,3,8090,34588
uttar pradesh,bahraich,2022,4,8091,39039
uttar pradesh,bahraich,2023,1,8092,39720
uttar pradesh,bahraich,2023,2,8093,40738
uttar pradesh,bahraich,2023,3,8094,42592
uttar pradesh,bahraich,2023,4,8095,44673
uttar pradesh,bahraich,2024,1,8096,46644
uttar pradesh,bahraich,2024,2,8097,49048
uttar pradesh,bahraich,2024,3,8098,51690
uttar pradesh,bahraich,2024,4,8099,55046
uttar pradesh,bahraich,2025,1,8100,58076
uttar pradesh,bahraich,2025,2,8101,61447
uttar pradesh,bahraich,2025,3,8102,66013
uttar pradesh,bahraich,2025,4,8103,72173
uttar pradesh,bahraich,2026,1,8104,75180
uttar pradesh,bahraich,2026,2,8105,77455
uttar pradesh,ballia,2018,3,8074,1
uttar pradesh,ballia,2018,4,8075,15
uttar pradesh,ballia,2019,1,8076,364
uttar pradesh,ballia,2019,2,8077,1205
uttar pradesh,ballia,2019,3,8078,2295
uttar pradesh,ballia,2019,4,8079,4193
uttar pradesh,ballia,2020,1,8080,5699
uttar pradesh,ballia,2020,2,8081,6266
uttar pradesh,ballia,2020,3,8082,6944
uttar pradesh,ballia,2020,4,8083,12736
uttar pradesh,ballia,2021,1,8084,19847
uttar pradesh,ballia,2021,2,8085,23657
uttar pradesh,ballia,2021,3,8086,32295
uttar pradesh,ballia,2021,4,8087,41770
uttar pradesh,ballia,2022,1,8088,50529
uttar pradesh,ballia,2022,2,8089,56534
uttar pradesh,ballia,2022,3,8090,64233
uttar pradesh,ballia,2022,4,8091,70830
uttar pradesh,ballia,2023,1,8092,73221
uttar pradesh,ballia,2023,2,8093,75319
uttar pradesh,ballia,2023,3,8094,79481
uttar pradesh,ballia,2023,4,8095,83062
uttar pradesh,ballia,2024,1,8096,85648
uttar pradesh,ballia,2024,2,8097,89007
uttar pradesh,ballia,2024,3,8098,92859
uttar pradesh,ballia,2024,4,8099,96085
uttar pradesh,ballia,2025,1,8100,99403
uttar pradesh,ballia,2025,2,8101,102308
uttar pradesh,ballia,2025,3,8102,105678
uttar pradesh,ballia,2025,4,8103,110206
uttar pradesh,ballia,2026,1,8104,112506
uttar pradesh,ballia,2026,2,8105,114621
uttar pradesh,balrampur,2018,4,8075,9
uttar pradesh,balrampur,2019,1,8076,75
uttar pradesh,balrampur,2019,2,8077,168
uttar pradesh,balrampur,2019,3,8078,597
uttar pradesh,balrampur,2019,4,8079,765
uttar pradesh,balrampur,2020,1,8080,917
uttar pradesh,balrampur,2020,2,8081,967
uttar pradesh,balrampur,2020,3,8082,1068
uttar pradesh,balrampur,2020,4,8083,1490
uttar pradesh,balrampur,2021,1,8084,3112
uttar pradesh,balrampur,2021,2,8085,5955
uttar pradesh,balrampur,2021,3,8086,10637
uttar pradesh,balrampur,2021,4,8087,12889
uttar pradesh,balrampur,2022,1,8088,17556
uttar pradesh,balrampur,2022,2,8089,20477
uttar pradesh,balrampur,2022,3,8090,23048
uttar pradesh,balrampur,2022,4,8091,25501
uttar pradesh,balrampur,2023,1,8092,25910
uttar pradesh,balrampur,2023,2,8093,26697
uttar pradesh,balrampur,2023,3,8094,28186
uttar pradesh,balrampur,2023,4,8095,29660
uttar pradesh,balrampur,2024,1,8096,30089
uttar pradesh,balrampur,2024,2,8097,30834
uttar pradesh,balrampur,2024,3,8098,31934
uttar pradesh,balrampur,2024,4,8099,33491
uttar pradesh,balrampur,2025,1,8100,34873
uttar pradesh,balrampur,2025,2,8101,36082
uttar pradesh,balrampur,2025,3,8102,37156
uttar pradesh,balrampur,2025,4,8103,38513
uttar pradesh,balrampur,2026,1,8104,39265
uttar pradesh,balrampur,2026,2,8105,40015
uttar pradesh,banda,2018,4,8075,10
uttar pradesh,banda,2019,1,8076,87
uttar pradesh,banda,2019,2,8077,234
uttar pradesh,banda,2019,3,8078,360
uttar pradesh,banda,2019,4,8079,972
uttar pradesh,banda,2020,1,8080,1386
uttar pradesh,banda,2020,2,8081,1527
uttar pradesh,banda,2020,3,8082,1725
uttar pradesh,banda,2020,4,8083,2771
uttar pradesh,banda,2021,1,8084,4904
uttar pradesh,banda,2021,2,8085,6590
uttar pradesh,banda,2021,3,8086,10108
uttar pradesh,banda,2021,4,8087,15305
uttar pradesh,banda,2022,1,8088,19956
uttar pradesh,banda,2022,2,8089,22718
uttar pradesh,banda,2022,3,8090,25187
uttar pradesh,banda,2022,4,8091,27844
uttar pradesh,banda,2023,1,8092,28343
uttar pradesh,banda,2023,2,8093,29706
uttar pradesh,banda,2023,3,8094,31738
uttar pradesh,banda,2023,4,8095,33314
uttar pradesh,banda,2024,1,8096,34450
uttar pradesh,banda,2024,2,8097,35911
uttar pradesh,banda,2024,3,8098,37684
uttar pradesh,banda,2024,4,8099,39356
uttar pradesh,banda,2025,1,8100,40475
uttar pradesh,banda,2025,2,8101,41213
uttar pradesh,banda,2025,3,8102,42303
uttar pradesh,banda,2025,4,8103,44010
uttar pradesh,banda,2026,1,8104,44672
uttar pradesh,banda,2026,2,8105,45191
uttar pradesh,barabanki,2018,3,8074,2
uttar pradesh,barabanki,2018,4,8075,17
uttar pradesh,barabanki,2019,1,8076,1538
uttar pradesh,barabanki,2019,2,8077,5510
uttar pradesh,barabanki,2019,3,8078,7113
uttar pradesh,barabanki,2019,4,8079,7941
uttar pradesh,barabanki,2020,1,8080,8755
uttar pradesh,barabanki,2020,2,8081,9097
uttar pradesh,barabanki,2020,3,8082,10041
uttar pradesh,barabanki,2020,4,8083,15517
uttar pradesh,barabanki,2021,1,8084,23305
uttar pradesh,barabanki,2021,2,8085,26634
uttar pradesh,barabanki,2021,3,8086,33047
uttar pradesh,barabanki,2021,4,8087,34242
uttar pradesh,barabanki,2022,1,8088,41531
uttar pradesh,barabanki,2022,2,8089,49275
uttar pradesh,barabanki,2022,3,8090,55514
uttar pradesh,barabanki,2022,4,8091,62209
uttar pradesh,barabanki,2023,1,8092,63174
uttar pradesh,barabanki,2023,2,8093,65003
uttar pradesh,barabanki,2023,3,8094,69495
uttar pradesh,barabanki,2023,4,8095,72584
uttar pradesh,barabanki,2024,1,8096,74446
uttar pradesh,barabanki,2024,2,8097,77362
uttar pradesh,barabanki,2024,3,8098,81428
uttar pradesh,barabanki,2024,4,8099,85187
uttar pradesh,barabanki,2025,1,8100,88420
uttar pradesh,barabanki,2025,2,8101,92202
uttar pradesh,barabanki,2025,3,8102,97369
uttar pradesh,barabanki,2025,4,8103,104799
uttar pradesh,barabanki,2026,1,8104,107488
uttar pradesh,barabanki,2026,2,8105,111643
uttar pradesh,bareilly,2018,3,8074,7
uttar pradesh,bareilly,2018,4,8075,52
uttar pradesh,bareilly,2019,1,8076,4187
uttar pradesh,bareilly,2019,2,8077,13035
uttar pradesh,bareilly,2019,3,8078,17817
uttar pradesh,bareilly,2019,4,8079,21487
uttar pradesh,bareilly,2020,1,8080,24787
uttar pradesh,bareilly,2020,2,8081,26018
uttar pradesh,bareilly,2020,3,8082,29607
uttar pradesh,bareilly,2020,4,8083,39776
uttar pradesh,bareilly,2021,1,8084,54497
uttar pradesh,bareilly,2021,2,8085,64147
uttar pradesh,bareilly,2021,3,8086,77437
uttar pradesh,bareilly,2021,4,8087,91389
uttar pradesh,bareilly,2022,1,8088,110314
uttar pradesh,bareilly,2022,2,8089,121788
uttar pradesh,bareilly,2022,3,8090,131774
uttar pradesh,bareilly,2022,4,8091,141921
uttar pradesh,bareilly,2023,1,8092,140727
uttar pradesh,bareilly,2023,2,8093,144519
uttar pradesh,bareilly,2023,3,8094,148509
uttar pradesh,bareilly,2023,4,8095,152211
uttar pradesh,bareilly,2024,1,8096,156630
uttar pradesh,bareilly,2024,2,8097,161768
uttar pradesh,bareilly,2024,3,8098,166549
uttar pradesh,bareilly,2024,4,8099,170781
uttar pradesh,bareilly,2025,1,8100,174617
uttar pradesh,bareilly,2025,2,8101,178254
uttar pradesh,bareilly,2025,3,8102,181905
uttar pradesh,bareilly,2025,4,8103,186360
uttar pradesh,bareilly,2026,1,8104,188757
uttar pradesh,bareilly,2026,2,8105,191716
uttar pradesh,basti,2018,3,8074,1
uttar pradesh,basti,2018,4,8075,19
uttar pradesh,basti,2019,1,8076,191
uttar pradesh,basti,2019,2,8077,548
uttar pradesh,basti,2019,3,8078,750
uttar pradesh,basti,2019,4,8079,1076
uttar pradesh,basti,2020,1,8080,1361
uttar pradesh,basti,2020,2,8081,1517
uttar pradesh,basti,2020,3,8082,1672
uttar pradesh,basti,2020,4,8083,3103
uttar pradesh,basti,2021,1,8084,6703
uttar pradesh,basti,2021,2,8085,9093
uttar pradesh,basti,2021,3,8086,15824
uttar pradesh,basti,2021,4,8087,21882
uttar pradesh,basti,2022,1,8088,27229
uttar pradesh,basti,2022,2,8089,30255
uttar pradesh,basti,2022,3,8090,33849
uttar pradesh,basti,2022,4,8091,38602
uttar pradesh,basti,2023,1,8092,42027
uttar pradesh,basti,2023,2,8093,43785
uttar pradesh,basti,2023,3,8094,46979
uttar pradesh,basti,2023,4,8095,50243
uttar pradesh,basti,2024,1,8096,53352
uttar pradesh,basti,2024,2,8097,56048
uttar pradesh,basti,2024,3,8098,58960
uttar pradesh,basti,2024,4,8099,61544
uttar pradesh,basti,2025,1,8100,64013
uttar pradesh,basti,2025,2,8101,66133
uttar pradesh,basti,2025,3,8102,68344
uttar pradesh,basti,2025,4,8103,70850
uttar pradesh,basti,2026,1,8104,72385
uttar pradesh,basti,2026,2,8105,73966
uttar pradesh,bhadohi,2018,3,8074,5
uttar pradesh,bhadohi,2018,4,8075,153
uttar pradesh,bhadohi,2019,1,8076,433
uttar pradesh,bhadohi,2019,2,8077,1429
uttar pradesh,bhadohi,2019,3,8078,2531
uttar pradesh,bhadohi,2019,4,8079,3314
uttar pradesh,bhadohi,2020,1,8080,3911
uttar pradesh,bhadohi,2020,2,8081,4143
uttar pradesh,bhadohi,2020,3,8082,4727
uttar pradesh,bhadohi,2020,4,8083,7843
uttar pradesh,bhadohi,2021,1,8084,12000
uttar pradesh,bhadohi,2021,2,8085,14482
uttar pradesh,bhadohi,2021,3,8086,20703
uttar pradesh,bhadohi,2021,4,8087,28034
uttar pradesh,bhadohi,2022,1,8088,35120
uttar pradesh,bhadohi,2022,2,8089,38516
uttar pradesh,bhadohi,2022,3,8090,42020
uttar pradesh,bhadohi,2022,4,8091,46534
uttar pradesh,bhadohi,2023,1,8092,47997
uttar pradesh,bhadohi,2023,2,8093,50056
uttar pradesh,bhadohi,2023,3,8094,53387
uttar pradesh,bhadohi,2023,4,8095,55637
uttar pradesh,bhadohi,2024,1,8096,57119
uttar pradesh,bhadohi,2024,2,8097,59138
uttar pradesh,bhadohi,2024,3,8098,61744
uttar pradesh,bhadohi,2024,4,8099,63984
uttar pradesh,bhadohi,2025,1,8100,65539
uttar pradesh,bhadohi,2025,2,8101,66945
uttar pradesh,bhadohi,2025,3,8102,68692
uttar pradesh,bhadohi,2025,4,8103,70380
uttar pradesh,bhadohi,2026,1,8104,71360
uttar pradesh,bhadohi,2026,2,8105,72244
uttar pradesh,bijnor,2018,3,8074,5
uttar pradesh,bijnor,2018,4,8075,119
uttar pradesh,bijnor,2019,1,8076,338
uttar pradesh,bijnor,2019,2,8077,1911
uttar pradesh,bijnor,2019,3,8078,3682
uttar pradesh,bijnor,2019,4,8079,5060
uttar pradesh,bijnor,2020,1,8080,6250
uttar pradesh,bijnor,2020,2,8081,6900
uttar pradesh,bijnor,2020,3,8082,9867
uttar pradesh,bijnor,2020,4,8083,17642
uttar pradesh,bijnor,2021,1,8084,25702
uttar pradesh,bijnor,2021,2,8085,31787
uttar pradesh,bijnor,2021,3,8086,41127
uttar pradesh,bijnor,2021,4,8087,49860
uttar pradesh,bijnor,2022,1,8088,59334
uttar pradesh,bijnor,2022,2,8089,65081
uttar pradesh,bijnor,2022,3,8090,70659
uttar pradesh,bijnor,2022,4,8091,76661
uttar pradesh,bijnor,2023,1,8092,78944
uttar pradesh,bijnor,2023,2,8093,81525
uttar pradesh,bijnor,2023,3,8094,86295
uttar pradesh,bijnor,2023,4,8095,89184
uttar pradesh,bijnor,2024,1,8096,91284
uttar pradesh,bijnor,2024,2,8097,95895
uttar pradesh,bijnor,2024,3,8098,101770
uttar pradesh,bijnor,2024,4,8099,107193
uttar pradesh,bijnor,2025,1,8100,111345
uttar pradesh,bijnor,2025,2,8101,114140
uttar pradesh,bijnor,2025,3,8102,116053
uttar pradesh,bijnor,2025,4,8103,119030
uttar pradesh,bijnor,2026,1,8104,120377
uttar pradesh,bijnor,2026,2,8105,121720
uttar pradesh,budaun,2018,4,8075,20
uttar pradesh,budaun,2019,1,8076,172
uttar pradesh,budaun,2019,2,8077,1246
uttar pradesh,budaun,2019,3,8078,2079
uttar pradesh,budaun,2019,4,8079,3307
uttar pradesh,budaun,2020,1,8080,3975
uttar pradesh,budaun,2020,2,8081,4358
uttar pradesh,budaun,2020,3,8082,5432
uttar pradesh,budaun,2020,4,8083,7270
uttar pradesh,budaun,2021,1,8084,12516
uttar pradesh,budaun,2021,2,8085,15388
uttar pradesh,budaun,2021,3,8086,20393
uttar pradesh,budaun,2021,4,8087,28196
uttar pradesh,budaun,2022,1,8088,37271
uttar pradesh,budaun,2022,2,8089,42367
uttar pradesh,budaun,2022,3,8090,48503
uttar pradesh,budaun,2022,4,8091,54251
uttar pradesh,budaun,2023,1,8092,56363
uttar pradesh,budaun,2023,2,8093,58194
uttar pradesh,budaun,2023,3,8094,60334
uttar pradesh,budaun,2023,4,8095,61968
uttar pradesh,budaun,2024,1,8096,63200
uttar pradesh,budaun,2024,2,8097,65340
uttar pradesh,budaun,2024,3,8098,67764
uttar pradesh,budaun,2024,4,8099,70904
uttar pradesh,budaun,2025,1,8100,73119
uttar pradesh,budaun,2025,2,8101,74652
uttar pradesh,budaun,2025,3,8102,76763
uttar pradesh,budaun,2025,4,8103,79821
uttar pradesh,budaun,2026,1,8104,81287
uttar pradesh,budaun,2026,2,8105,83067
uttar pradesh,bulandshahr,2018,2,8073,2
uttar pradesh,bulandshahr,2018,3,8074,11
uttar pradesh,bulandshahr,2018,4,8075,483
uttar pradesh,bulandshahr,2019,1,8076,2542
uttar pradesh,bulandshahr,2019,2,8077,4264
uttar pradesh,bulandshahr,2019,3,8078,7881
uttar pradesh,bulandshahr,2019,4,8079,11485
uttar pradesh,bulandshahr,2020,1,8080,15464
uttar pradesh,bulandshahr,2020,2,8081,17346
uttar pradesh,bulandshahr,2020,3,8082,22289
uttar pradesh,bulandshahr,2020,4,8083,29568
uttar pradesh,bulandshahr,2021,1,8084,38326
uttar pradesh,bulandshahr,2021,2,8085,43139
uttar pradesh,bulandshahr,2021,3,8086,51947
uttar pradesh,bulandshahr,2021,4,8087,61291
uttar pradesh,bulandshahr,2022,1,8088,71310
uttar pradesh,bulandshahr,2022,2,8089,78854
uttar pradesh,bulandshahr,2022,3,8090,87565
uttar pradesh,bulandshahr,2022,4,8091,95130
uttar pradesh,bulandshahr,2023,1,8092,96158
uttar pradesh,bulandshahr,2023,2,8093,98567
uttar pradesh,bulandshahr,2023,3,8094,100834
uttar pradesh,bulandshahr,2023,4,8095,102664
uttar pradesh,bulandshahr,2024,1,8096,105155
uttar pradesh,bulandshahr,2024,2,8097,108841
uttar pradesh,bulandshahr,2024,3,8098,111997
uttar pradesh,bulandshahr,2024,4,8099,115261
uttar pradesh,bulandshahr,2025,1,8100,117499
uttar pradesh,bulandshahr,2025,2,8101,119646
uttar pradesh,bulandshahr,2025,3,8102,122195
uttar pradesh,bulandshahr,2025,4,8103,125284
uttar pradesh,bulandshahr,2026,1,8104,126718
uttar pradesh,bulandshahr,2026,2,8105,128820
uttar pradesh,chandauli,2018,3,8074,2
uttar pradesh,chandauli,2018,4,8075,12
uttar pradesh,chandauli,2019,1,8076,394
uttar pradesh,chandauli,2019,2,8077,1757
uttar pradesh,chandauli,2019,3,8078,2237
uttar pradesh,chandauli,2019,4,8079,2965
uttar pradesh,chandauli,2020,1,8080,3718
uttar pradesh,chandauli,2020,2,8081,4064
uttar pradesh,chandauli,2020,3,8082,4853
uttar pradesh,chandauli,2020,4,8083,7812
uttar pradesh,chandauli,2021,1,8084,11988
uttar pradesh,chandauli,2021,2,8085,13933
uttar pradesh,chandauli,2021,3,8086,18926
uttar pradesh,chandauli,2021,4,8087,25578
uttar pradesh,chandauli,2022,1,8088,32091
uttar pradesh,chandauli,2022,2,8089,36491
uttar pradesh,chandauli,2022,3,8090,41288
uttar pradesh,chandauli,2022,4,8091,47443
uttar pradesh,chandauli,2023,1,8092,49748
uttar pradesh,chandauli,2023,2,8093,51247
uttar pradesh,chandauli,2023,3,8094,53768
uttar pradesh,chandauli,2023,4,8095,56364
uttar pradesh,chandauli,2024,1,8096,58062
uttar pradesh,chandauli,2024,2,8097,59839
uttar pradesh,chandauli,2024,3,8098,61617
uttar pradesh,chandauli,2024,4,8099,63414
uttar pradesh,chandauli,2025,1,8100,65105
uttar pradesh,chandauli,2025,2,8101,66727
uttar pradesh,chandauli,2025,3,8102,68605
uttar pradesh,chandauli,2025,4,8103,70460
uttar pradesh,chandauli,2026,1,8104,71583
uttar pradesh,chandauli,2026,2,8105,72690
uttar pradesh,chitrakoot,2018,4,8075,1
uttar pradesh,chitrakoot,2019,1,8076,54
uttar pradesh,chitrakoot,2019,2,8077,145
uttar pradesh,chitrakoot,2019,3,8078,198
uttar pradesh,chitrakoot,2019,4,8079,254
uttar pradesh,chitrakoot,2020,1,8080,309
uttar pradesh,chitrakoot,2020,2,8081,336
uttar pradesh,chitrakoot,2020,3,8082,385
uttar pradesh,chitrakoot,2020,4,8083,1158
uttar pradesh,chitrakoot,2021,1,8084,2195
uttar pradesh,chitrakoot,2021,2,8085,2918
uttar pradesh,chitrakoot,2021,3,8086,3971
uttar pradesh,chitrakoot,2021,4,8087,6505
uttar pradesh,chitrakoot,2022,1,8088,8741
uttar pradesh,chitrakoot,2022,2,8089,10537
uttar pradesh,chitrakoot,2022,3,8090,11842
uttar pradesh,chitrakoot,2022,4,8091,13624
uttar pradesh,chitrakoot,2023,1,8092,15147
uttar pradesh,chitrakoot,2023,2,8093,16405
uttar pradesh,chitrakoot,2023,3,8094,17795
uttar pradesh,chitrakoot,2023,4,8095,19076
uttar pradesh,chitrakoot,2024,1,8096,20243
uttar pradesh,chitrakoot,2024,2,8097,21317
uttar pradesh,chitrakoot,2024,3,8098,22495
uttar pradesh,chitrakoot,2024,4,8099,23941
uttar pradesh,chitrakoot,2025,1,8100,25236
uttar pradesh,chitrakoot,2025,2,8101,26713
uttar pradesh,chitrakoot,2025,3,8102,28411
uttar pradesh,chitrakoot,2025,4,8103,29851
uttar pradesh,chitrakoot,2026,1,8104,30521
uttar pradesh,chitrakoot,2026,2,8105,31012
uttar pradesh,deoria,2018,1,8072,2
uttar pradesh,deoria,2018,2,8073,2
uttar pradesh,deoria,2018,3,8074,6
uttar pradesh,deoria,2018,4,8075,25
uttar pradesh,deoria,2019,1,8076,427
uttar pradesh,deoria,2019,2,8077,1690
uttar pradesh,deoria,2019,3,8078,2223
uttar pradesh,deoria,2019,4,8079,2919
uttar pradesh,deoria,2020,1,8080,3723
uttar pradesh,deoria,2020,2,8081,4039
uttar pradesh,deoria,2020,3,8082,4828
uttar pradesh,deoria,2020,4,8083,9782
uttar pradesh,deoria,2021,1,8084,15733
uttar pradesh,deoria,2021,2,8085,18913
uttar pradesh,deoria,2021,3,8086,26748
uttar pradesh,deoria,2021,4,8087,34516
uttar pradesh,deoria,2022,1,8088,41827
uttar pradesh,deoria,2022,2,8089,45959
uttar pradesh,deoria,2022,3,8090,51438
uttar pradesh,deoria,2022,4,8091,57078
uttar pradesh,deoria,2023,1,8092,59888
uttar pradesh,deoria,2023,2,8093,61702
uttar pradesh,deoria,2023,3,8094,65275
uttar pradesh,deoria,2023,4,8095,68878
uttar pradesh,deoria,2024,1,8096,71874
uttar pradesh,deoria,2024,2,8097,75380
uttar pradesh,deoria,2024,3,8098,78989
uttar pradesh,deoria,2024,4,8099,82557
uttar pradesh,deoria,2025,1,8100,85401
uttar pradesh,deoria,2025,2,8101,87797
uttar pradesh,deoria,2025,3,8102,90303
uttar pradesh,deoria,2025,4,8103,93554
uttar pradesh,deoria,2026,1,8104,95435
uttar pradesh,deoria,2026,2,8105,97264
uttar pradesh,etah,2018,3,8074,2
uttar pradesh,etah,2018,4,8075,13
uttar pradesh,etah,2019,1,8076,81
uttar pradesh,etah,2019,2,8077,1405
uttar pradesh,etah,2019,3,8078,1997
uttar pradesh,etah,2019,4,8079,2783
uttar pradesh,etah,2020,1,8080,3372
uttar pradesh,etah,2020,2,8081,3753
uttar pradesh,etah,2020,3,8082,4785
uttar pradesh,etah,2020,4,8083,7118
uttar pradesh,etah,2021,1,8084,10954
uttar pradesh,etah,2021,2,8085,12951
uttar pradesh,etah,2021,3,8086,16458
uttar pradesh,etah,2021,4,8087,20345
uttar pradesh,etah,2022,1,8088,24849
uttar pradesh,etah,2022,2,8089,27192
uttar pradesh,etah,2022,3,8090,29149
uttar pradesh,etah,2022,4,8091,31292
uttar pradesh,etah,2023,1,8092,31368
uttar pradesh,etah,2023,2,8093,32623
uttar pradesh,etah,2023,3,8094,33700
uttar pradesh,etah,2023,4,8095,34488
uttar pradesh,etah,2024,1,8096,35250
uttar pradesh,etah,2024,2,8097,36540
uttar pradesh,etah,2024,3,8098,37953
uttar pradesh,etah,2024,4,8099,39707
uttar pradesh,etah,2025,1,8100,41092
uttar pradesh,etah,2025,2,8101,42627
uttar pradesh,etah,2025,3,8102,44439
uttar pradesh,etah,2025,4,8103,46650
uttar pradesh,etah,2026,1,8104,47757
uttar pradesh,etah,2026,2,8105,49184
uttar pradesh,etawah,2018,3,8074,2
uttar pradesh,etawah,2018,4,8075,13
uttar pradesh,etawah,2019,1,8076,147
uttar pradesh,etawah,2019,2,8077,1659
uttar pradesh,etawah,2019,3,8078,2264
uttar pradesh,etawah,2019,4,8079,2992
uttar pradesh,etawah,2020,1,8080,3580
uttar pradesh,etawah,2020,2,8081,3806
uttar pradesh,etawah,2020,3,8082,4721
uttar pradesh,etawah,2020,4,8083,7199
uttar pradesh,etawah,2021,1,8084,10735
uttar pradesh,etawah,2021,2,8085,12809
uttar pradesh,etawah,2021,3,8086,18305
uttar pradesh,etawah,2021,4,8087,23119
uttar pradesh,etawah,2022,1,8088,27764
uttar pradesh,etawah,2022,2,8089,30400
uttar pradesh,etawah,2022,3,8090,32448
uttar pradesh,etawah,2022,4,8091,34458
uttar pradesh,etawah,2023,1,8092,34716
uttar pradesh,etawah,2023,2,8093,35198
uttar pradesh,etawah,2023,3,8094,35939
uttar pradesh,etawah,2023,4,8095,36580
uttar pradesh,etawah,2024,1,8096,37123
uttar pradesh,etawah,2024,2,8097,38033
uttar pradesh,etawah,2024,3,8098,39180
uttar pradesh,etawah,2024,4,8099,40461
uttar pradesh,etawah,2025,1,8100,41866
uttar pradesh,etawah,2025,2,8101,42955
uttar pradesh,etawah,2025,3,8102,44189
uttar pradesh,etawah,2025,4,8103,46135
uttar pradesh,etawah,2026,1,8104,46990
uttar pradesh,etawah,2026,2,8105,47913
uttar pradesh,farrukhabad,2018,3,8074,2
uttar pradesh,farrukhabad,2018,4,8075,16
uttar pradesh,farrukhabad,2019,1,8076,217
uttar pradesh,farrukhabad,2019,2,8077,2044
uttar pradesh,farrukhabad,2019,3,8078,3500
uttar pradesh,farrukhabad,2019,4,8079,4175
uttar pradesh,farrukhabad,2020,1,8080,4653
uttar pradesh,farrukhabad,2020,2,8081,4970
uttar pradesh,farrukhabad,2020,3,8082,6584
uttar pradesh,farrukhabad,2020,4,8083,10588
uttar pradesh,farrukhabad,2021,1,8084,15392
uttar pradesh,farrukhabad,2021,2,8085,17509
uttar pradesh,farrukhabad,2021,3,8086,21596
uttar pradesh,farrukhabad,2021,4,8087,26024
uttar pradesh,farrukhabad,2022,1,8088,32025
uttar pradesh,farrukhabad,2022,2,8089,35758
uttar pradesh,farrukhabad,2022,3,8090,38895
uttar pradesh,farrukhabad,2022,4,8091,42211
uttar pradesh,farrukhabad,2023,1,8092,43893
uttar pradesh,farrukhabad,2023,2,8093,45164
uttar pradesh,farrukhabad,2023,3,8094,46577
uttar pradesh,farrukhabad,2023,4,8095,47664
uttar pradesh,farrukhabad,2024,1,8096,49163
uttar pradesh,farrukhabad,2024,2,8097,50795
uttar pradesh,farrukhabad,2024,3,8098,53029
uttar pradesh,farrukhabad,2024,4,8099,54860
uttar pradesh,farrukhabad,2025,1,8100,56248
uttar pradesh,farrukhabad,2025,2,8101,57528
uttar pradesh,farrukhabad,2025,3,8102,58341
uttar pradesh,farrukhabad,2025,4,8103,59439
uttar pradesh,farrukhabad,2026,1,8104,60346
uttar pradesh,farrukhabad,2026,2,8105,61597
uttar pradesh,fatehpur,2018,3,8074,1
uttar pradesh,fatehpur,2018,4,8075,16
uttar pradesh,fatehpur,2019,1,8076,303
uttar pradesh,fatehpur,2019,2,8077,698
uttar pradesh,fatehpur,2019,3,8078,1516
uttar pradesh,fatehpur,2019,4,8079,2295
uttar pradesh,fatehpur,2020,1,8080,2917
uttar pradesh,fatehpur,2020,2,8081,3218
uttar pradesh,fatehpur,2020,3,8082,4034
uttar pradesh,fatehpur,2020,4,8083,9586
uttar pradesh,fatehpur,2021,1,8084,15663
uttar pradesh,fatehpur,2021,2,8085,17851
uttar pradesh,fatehpur,2021,3,8086,21996
uttar pradesh,fatehpur,2021,4,8087,22225
uttar pradesh,fatehpur,2022,1,8088,29062
uttar pradesh,fatehpur,2022,2,8089,32896
uttar pradesh,fatehpur,2022,3,8090,36412
uttar pradesh,fatehpur,2022,4,8091,41444
uttar pradesh,fatehpur,2023,1,8092,41223
uttar pradesh,fatehpur,2023,2,8093,42463
uttar pradesh,fatehpur,2023,3,8094,45006
uttar pradesh,fatehpur,2023,4,8095,47321
uttar pradesh,fatehpur,2024,1,8096,48348
uttar pradesh,fatehpur,2024,2,8097,50234
uttar pradesh,fatehpur,2024,3,8098,52073
uttar pradesh,fatehpur,2024,4,8099,54422
uttar pradesh,fatehpur,2025,1,8100,55961
uttar pradesh,fatehpur,2025,2,8101,57683
uttar pradesh,fatehpur,2025,3,8102,59817
uttar pradesh,fatehpur,2025,4,8103,61868
uttar pradesh,fatehpur,2026,1,8104,63835
uttar pradesh,fatehpur,2026,2,8105,65788
uttar pradesh,firozabad,2018,3,8074,1
uttar pradesh,firozabad,2018,4,8075,14
uttar pradesh,firozabad,2019,1,8076,3430
uttar pradesh,firozabad,2019,2,8077,6359
uttar pradesh,firozabad,2019,3,8078,8775
uttar pradesh,firozabad,2019,4,8079,11420
uttar pradesh,firozabad,2020,1,8080,14833
uttar pradesh,firozabad,2020,2,8081,15651
uttar pradesh,firozabad,2020,3,8082,19318
uttar pradesh,firozabad,2020,4,8083,24615
uttar pradesh,firozabad,2021,1,8084,32928
uttar pradesh,firozabad,2021,2,8085,38296
uttar pradesh,firozabad,2021,3,8086,48112
uttar pradesh,firozabad,2021,4,8087,59993
uttar pradesh,firozabad,2022,1,8088,70854
uttar pradesh,firozabad,2022,2,8089,75825
uttar pradesh,firozabad,2022,3,8090,81763
uttar pradesh,firozabad,2022,4,8091,87718
uttar pradesh,firozabad,2023,1,8092,88388
uttar pradesh,firozabad,2023,2,8093,90713
uttar pradesh,firozabad,2023,3,8094,93522
uttar pradesh,firozabad,2023,4,8095,96864
uttar pradesh,firozabad,2024,1,8096,99320
uttar pradesh,firozabad,2024,2,8097,102124
uttar pradesh,firozabad,2024,3,8098,104634
uttar pradesh,firozabad,2024,4,8099,107068
uttar pradesh,firozabad,2025,1,8100,108985
uttar pradesh,firozabad,2025,2,8101,110902
uttar pradesh,firozabad,2025,3,8102,113868
uttar pradesh,firozabad,2025,4,8103,117814
uttar pradesh,firozabad,2026,1,8104,119917
uttar pradesh,firozabad,2026,2,8105,121786
uttar pradesh,gautambuddha nagar,2018,2,8073,187
uttar pradesh,gautambuddha nagar,2018,3,8074,3552
uttar pradesh,gautambuddha nagar,2018,4,8075,21600
uttar pradesh,gautambuddha nagar,2019,1,8076,52242
uttar pradesh,gautambuddha nagar,2019,2,8077,69127
uttar pradesh,gautambuddha nagar,2019,3,8078,85364
uttar pradesh,gautambuddha nagar,2019,4,8079,100300
uttar pradesh,gautambuddha nagar,2020,1,8080,116640
uttar pradesh,gautambuddha nagar,2020,2,8081,124865
uttar pradesh,gautambuddha nagar,2020,3,8082,148003
uttar pradesh,gautambuddha nagar,2020,4,8083,176347
uttar pradesh,gautambuddha nagar,2021,1,8084,198311
uttar pradesh,gautambuddha nagar,2021,2,8085,206611
uttar pradesh,gautambuddha nagar,2021,3,8086,224527
uttar pradesh,gautambuddha nagar,2021,4,8087,241237
uttar pradesh,gautambuddha nagar,2022,1,8088,261346
uttar pradesh,gautambuddha nagar,2022,2,8089,280024
uttar pradesh,gautambuddha nagar,2022,3,8090,294186
uttar pradesh,gautambuddha nagar,2022,4,8091,306085
uttar pradesh,gautambuddha nagar,2023,1,8092,298977
uttar pradesh,gautambuddha nagar,2023,2,8093,303737
uttar pradesh,gautambuddha nagar,2023,3,8094,311909
uttar pradesh,gautambuddha nagar,2023,4,8095,319260
uttar pradesh,gautambuddha nagar,2024,1,8096,332576
uttar pradesh,gautambuddha nagar,2024,2,8097,343840
uttar pradesh,gautambuddha nagar,2024,3,8098,351170
uttar pradesh,gautambuddha nagar,2024,4,8099,358580
uttar pradesh,gautambuddha nagar,2025,1,8100,366495
uttar pradesh,gautambuddha nagar,2025,2,8101,374740
uttar pradesh,gautambuddha nagar,2025,3,8102,386019
uttar pradesh,gautambuddha nagar,2025,4,8103,401995
uttar pradesh,gautambuddha nagar,2026,1,8104,414040
uttar pradesh,gautambuddha nagar,2026,2,8105,426703
uttar pradesh,ghaziabad,2018,1,8072,2
uttar pradesh,ghaziabad,2018,2,8073,100
uttar pradesh,ghaziabad,2018,3,8074,1964
uttar pradesh,ghaziabad,2018,4,8075,16795
uttar pradesh,ghaziabad,2019,1,8076,43654
uttar pradesh,ghaziabad,2019,2,8077,61226
uttar pradesh,ghaziabad,2019,3,8078,81065
uttar pradesh,ghaziabad,2019,4,8079,98563
uttar pradesh,ghaziabad,2020,1,8080,113597
uttar pradesh,ghaziabad,2020,2,8081,122627
uttar pradesh,ghaziabad,2020,3,8082,150451
uttar pradesh,ghaziabad,2020,4,8083,180861
uttar pradesh,ghaziabad,2021,1,8084,206720
uttar pradesh,ghaziabad,2021,2,8085,219963
uttar pradesh,ghaziabad,2021,3,8086,240802
uttar pradesh,ghaziabad,2021,4,8087,262252
uttar pradesh,ghaziabad,2022,1,8088,284851
uttar pradesh,ghaziabad,2022,2,8089,300861
uttar pradesh,ghaziabad,2022,3,8090,311852
uttar pradesh,ghaziabad,2022,4,8091,321072
uttar pradesh,ghaziabad,2023,1,8092,301280
uttar pradesh,ghaziabad,2023,2,8093,304129
uttar pradesh,ghaziabad,2023,3,8094,309029
uttar pradesh,ghaziabad,2023,4,8095,314114
uttar pradesh,ghaziabad,2024,1,8096,322579
uttar pradesh,ghaziabad,2024,2,8097,330744
uttar pradesh,ghaziabad,2024,3,8098,336660
uttar pradesh,ghaziabad,2024,4,8099,342473
uttar pradesh,ghaziabad,2025,1,8100,347701
uttar pradesh,ghaziabad,2025,2,8101,353611
uttar pradesh,ghaziabad,2025,3,8102,359442
uttar pradesh,ghaziabad,2025,4,8103,367742
uttar pradesh,ghaziabad,2026,1,8104,373144
uttar pradesh,ghaziabad,2026,2,8105,379016
uttar pradesh,ghazipur,2018,3,8074,1
uttar pradesh,ghazipur,2018,4,8075,18
uttar pradesh,ghazipur,2019,1,8076,364
uttar pradesh,ghazipur,2019,2,8077,1429
uttar pradesh,ghazipur,2019,3,8078,1874
uttar pradesh,ghazipur,2019,4,8079,2708
uttar pradesh,ghazipur,2020,1,8080,3421
uttar pradesh,ghazipur,2020,2,8081,3720
uttar pradesh,ghazipur,2020,3,8082,4005
uttar pradesh,ghazipur,2020,4,8083,7220
uttar pradesh,ghazipur,2021,1,8084,15124
uttar pradesh,ghazipur,2021,2,8085,18322
uttar pradesh,ghazipur,2021,3,8086,25721
uttar pradesh,ghazipur,2021,4,8087,36205
uttar pradesh,ghazipur,2022,1,8088,47275
uttar pradesh,ghazipur,2022,2,8089,53934
uttar pradesh,ghazipur,2022,3,8090,60121
uttar pradesh,ghazipur,2022,4,8091,66201
uttar pradesh,ghazipur,2023,1,8092,70425
uttar pradesh,ghazipur,2023,2,8093,73207
uttar pradesh,ghazipur,2023,3,8094,78465
uttar pradesh,ghazipur,2023,4,8095,83137
uttar pradesh,ghazipur,2024,1,8096,87152
uttar pradesh,ghazipur,2024,2,8097,90707
uttar pradesh,ghazipur,2024,3,8098,94371
uttar pradesh,ghazipur,2024,4,8099,97672
uttar pradesh,ghazipur,2025,1,8100,100625
uttar pradesh,ghazipur,2025,2,8101,103160
uttar pradesh,ghazipur,2025,3,8102,106296
uttar pradesh,ghazipur,2025,4,8103,110704
uttar pradesh,ghazipur,2026,1,8104,113527
uttar pradesh,ghazipur,2026,2,8105,115729
uttar pradesh,gonda,2018,3,8074,5
uttar pradesh,gonda,2018,4,8075,25
uttar pradesh,gonda,2019,1,8076,194
uttar pradesh,gonda,2019,2,8077,770
uttar pradesh,gonda,2019,3,8078,1993
uttar pradesh,gonda,2019,4,8079,2844
uttar pradesh,gonda,2020,1,8080,3916
uttar pradesh,gonda,2020,2,8081,4319
uttar pradesh,gonda,2020,3,8082,5663
uttar pradesh,gonda,2020,4,8083,11709
uttar pradesh,gonda,2021,1,8084,16224
uttar pradesh,gonda,2021,2,8085,20485
uttar pradesh,gonda,2021,3,8086,28700
uttar pradesh,gonda,2021,4,8087,32784
uttar pradesh,gonda,2022,1,8088,42363
uttar pradesh,gonda,2022,2,8089,48658
uttar pradesh,gonda,2022,3,8090,54905
uttar pradesh,gonda,2022,4,8091,61917
uttar pradesh,gonda,2023,1,8092,60419
uttar pradesh,gonda,2023,2,8093,62227
uttar pradesh,gonda,2023,3,8094,66734
uttar pradesh,gonda,2023,4,8095,69938
uttar pradesh,gonda,2024,1,8096,70931
uttar pradesh,gonda,2024,2,8097,73104
uttar pradesh,gonda,2024,3,8098,76130
uttar pradesh,gonda,2024,4,8099,79647
uttar pradesh,gonda,2025,1,8100,82205
uttar pradesh,gonda,2025,2,8101,84634
uttar pradesh,gonda,2025,3,8102,88182
uttar pradesh,gonda,2025,4,8103,92701
uttar pradesh,gonda,2026,1,8104,94459
uttar pradesh,gonda,2026,2,8105,96101
uttar pradesh,gorakhpur,2018,1,8072,2
uttar pradesh,gorakhpur,2018,2,8073,2
uttar pradesh,gorakhpur,2018,3,8074,4
uttar pradesh,gorakhpur,2018,4,8075,108
uttar pradesh,gorakhpur,2019,1,8076,2105
uttar pradesh,gorakhpur,2019,2,8077,7979
uttar pradesh,gorakhpur,2019,3,8078,13822
uttar pradesh,gorakhpur,2019,4,8079,15998
uttar pradesh,gorakhpur,2020,1,8080,18124
uttar pradesh,gorakhpur,2020,2,8081,19002
uttar pradesh,gorakhpur,2020,3,8082,22050
uttar pradesh,gorakhpur,2020,4,8083,26030
uttar pradesh,gorakhpur,2021,1,8084,35522
uttar pradesh,gorakhpur,2021,2,8085,40518
uttar pradesh,gorakhpur,2021,3,8086,52535
uttar pradesh,gorakhpur,2021,4,8087,68247
uttar pradesh,gorakhpur,2022,1,8088,82872
uttar pradesh,gorakhpur,2022,2,8089,90090
uttar pradesh,gorakhpur,2022,3,8090,97475
uttar pradesh,gorakhpur,2022,4,8091,106693
uttar pradesh,gorakhpur,2023,1,8092,107829
uttar pradesh,gorakhpur,2023,2,8093,110249
uttar pradesh,gorakhpur,2023,3,8094,114247
uttar pradesh,gorakhpur,2023,4,8095,118530
uttar pradesh,gorakhpur,2024,1,8096,123101
uttar pradesh,gorakhpur,2024,2,8097,128710
uttar pradesh,gorakhpur,2024,3,8098,134113
uttar pradesh,gorakhpur,2024,4,8099,140992
uttar pradesh,gorakhpur,2025,1,8100,147060
uttar pradesh,gorakhpur,2025,2,8101,152161
uttar pradesh,gorakhpur,2025,3,8102,157088
uttar pradesh,gorakhpur,2025,4,8103,162914
uttar pradesh,gorakhpur,2026,1,8104,166105
uttar pradesh,gorakhpur,2026,2,8105,168785
uttar pradesh,hamirpur,2018,4,8075,8
uttar pradesh,hamirpur,2019,1,8076,151
uttar pradesh,hamirpur,2019,2,8077,351
uttar pradesh,hamirpur,2019,3,8078,864
uttar pradesh,hamirpur,2019,4,8079,1244
uttar pradesh,hamirpur,2020,1,8080,1575
uttar pradesh,hamirpur,2020,2,8081,1678
uttar pradesh,hamirpur,2020,3,8082,1780
uttar pradesh,hamirpur,2020,4,8083,2102
uttar pradesh,hamirpur,2021,1,8084,2391
uttar pradesh,hamirpur,2021,2,8085,3073
uttar pradesh,hamirpur,2021,3,8086,4611
uttar pradesh,hamirpur,2021,4,8087,7109
uttar pradesh,hamirpur,2022,1,8088,10619
uttar pradesh,hamirpur,2022,2,8089,13092
uttar pradesh,hamirpur,2022,3,8090,15205
uttar pradesh,hamirpur,2022,4,8091,17520
uttar pradesh,hamirpur,2023,1,8092,19444
uttar pradesh,hamirpur,2023,2,8093,20152
uttar pradesh,hamirpur,2023,3,8094,21040
uttar pradesh,hamirpur,2023,4,8095,21893
uttar pradesh,hamirpur,2024,1,8096,22264
uttar pradesh,hamirpur,2024,2,8097,23143
uttar pradesh,hamirpur,2024,3,8098,24225
uttar pradesh,hamirpur,2024,4,8099,25034
uttar pradesh,hamirpur,2025,1,8100,25578
uttar pradesh,hamirpur,2025,2,8101,26271
uttar pradesh,hamirpur,2025,3,8102,27301
uttar pradesh,hamirpur,2025,4,8103,28269
uttar pradesh,hamirpur,2026,1,8104,28518
uttar pradesh,hamirpur,2026,2,8105,28965
uttar pradesh,hapur,2018,3,8074,7
uttar pradesh,hapur,2018,4,8075,471
uttar pradesh,hapur,2019,1,8076,1587
uttar pradesh,hapur,2019,2,8077,2622
uttar pradesh,hapur,2019,3,8078,4138
uttar pradesh,hapur,2019,4,8079,5811
uttar pradesh,hapur,2020,1,8080,7569
uttar pradesh,hapur,2020,2,8081,8557
uttar pradesh,hapur,2020,3,8082,11407
uttar pradesh,hapur,2020,4,8083,15998
uttar pradesh,hapur,2021,1,8084,24960
uttar pradesh,hapur,2021,2,8085,27886
uttar pradesh,hapur,2021,3,8086,32030
uttar pradesh,hapur,2021,4,8087,34197
uttar pradesh,hapur,2022,1,8088,40808
uttar pradesh,hapur,2022,2,8089,44166
uttar pradesh,hapur,2022,3,8090,46675
uttar pradesh,hapur,2022,4,8091,48719
uttar pradesh,hapur,2023,1,8092,46294
uttar pradesh,hapur,2023,2,8093,46597
uttar pradesh,hapur,2023,3,8094,47264
uttar pradesh,hapur,2023,4,8095,48295
uttar pradesh,hapur,2024,1,8096,49145
uttar pradesh,hapur,2024,2,8097,49934
uttar pradesh,hapur,2024,3,8098,50555
uttar pradesh,hapur,2024,4,8099,51242
uttar pradesh,hapur,2025,1,8100,51801
uttar pradesh,hapur,2025,2,8101,52405
uttar pradesh,hapur,2025,3,8102,53151
uttar pradesh,hapur,2025,4,8103,54266
uttar pradesh,hapur,2026,1,8104,55112
uttar pradesh,hapur,2026,2,8105,55877
uttar pradesh,hardoi,2018,3,8074,1
uttar pradesh,hardoi,2018,4,8075,68
uttar pradesh,hardoi,2019,1,8076,405
uttar pradesh,hardoi,2019,2,8077,1109
uttar pradesh,hardoi,2019,3,8078,2126
uttar pradesh,hardoi,2019,4,8079,3116
uttar pradesh,hardoi,2020,1,8080,3947
uttar pradesh,hardoi,2020,2,8081,4229
uttar pradesh,hardoi,2020,3,8082,5540
uttar pradesh,hardoi,2020,4,8083,11023
uttar pradesh,hardoi,2021,1,8084,18561
uttar pradesh,hardoi,2021,2,8085,22608
uttar pradesh,hardoi,2021,3,8086,32930
uttar pradesh,hardoi,2021,4,8087,40176
uttar pradesh,hardoi,2022,1,8088,51318
uttar pradesh,hardoi,2022,2,8089,59302
uttar pradesh,hardoi,2022,3,8090,64430
uttar pradesh,hardoi,2022,4,8091,69868
uttar pradesh,hardoi,2023,1,8092,65731
uttar pradesh,hardoi,2023,2,8093,67311
uttar pradesh,hardoi,2023,3,8094,70031
uttar pradesh,hardoi,2023,4,8095,71954
uttar pradesh,hardoi,2024,1,8096,72434
uttar pradesh,hardoi,2024,2,8097,75199
uttar pradesh,hardoi,2024,3,8098,78406
uttar pradesh,hardoi,2024,4,8099,82548
uttar pradesh,hardoi,2025,1,8100,85911
uttar pradesh,hardoi,2025,2,8101,89181
uttar pradesh,hardoi,2025,3,8102,92616
uttar pradesh,hardoi,2025,4,8103,96649
uttar pradesh,hardoi,2026,1,8104,98095
uttar pradesh,hardoi,2026,2,8105,99254
uttar pradesh,hathras,2018,3,8074,1
uttar pradesh,hathras,2018,4,8075,21
uttar pradesh,hathras,2019,1,8076,580
uttar pradesh,hathras,2019,2,8077,1936
uttar pradesh,hathras,2019,3,8078,3383
uttar pradesh,hathras,2019,4,8079,5207
uttar pradesh,hathras,2020,1,8080,6511
uttar pradesh,hathras,2020,2,8081,7018
uttar pradesh,hathras,2020,3,8082,9172
uttar pradesh,hathras,2020,4,8083,12435
uttar pradesh,hathras,2021,1,8084,16336
uttar pradesh,hathras,2021,2,8085,19015
uttar pradesh,hathras,2021,3,8086,23003
uttar pradesh,hathras,2021,4,8087,28603
uttar pradesh,hathras,2022,1,8088,33653
uttar pradesh,hathras,2022,2,8089,36303
uttar pradesh,hathras,2022,3,8090,37775
uttar pradesh,hathras,2022,4,8091,39357
uttar pradesh,hathras,2023,1,8092,38469
uttar pradesh,hathras,2023,2,8093,39116
uttar pradesh,hathras,2023,3,8094,40490
uttar pradesh,hathras,2023,4,8095,41905
uttar pradesh,hathras,2024,1,8096,42736
uttar pradesh,hathras,2024,2,8097,43869
uttar pradesh,hathras,2024,3,8098,44742
uttar pradesh,hathras,2024,4,8099,45848
uttar pradesh,hathras,2025,1,8100,46816
uttar pradesh,hathras,2025,2,8101,47859
uttar pradesh,hathras,2025,3,8102,49113
uttar pradesh,hathras,2025,4,8103,51028
uttar pradesh,hathras,2026,1,8104,52049
uttar pradesh,hathras,2026,2,8105,53134
uttar pradesh,jalaun,2018,4,8075,30
uttar pradesh,jalaun,2019,1,8076,176
uttar pradesh,jalaun,2019,2,8077,501
uttar pradesh,jalaun,2019,3,8078,1355
uttar pradesh,jalaun,2019,4,8079,2184
uttar pradesh,jalaun,2020,1,8080,3115
uttar pradesh,jalaun,2020,2,8081,3418
uttar pradesh,jalaun,2020,3,8082,4609
uttar pradesh,jalaun,2020,4,8083,5432
uttar pradesh,jalaun,2021,1,8084,7587
uttar pradesh,jalaun,2021,2,8085,9145
uttar pradesh,jalaun,2021,3,8086,12890
uttar pradesh,jalaun,2021,4,8087,15737
uttar pradesh,jalaun,2022,1,8088,21111
uttar pradesh,jalaun,2022,2,8089,24304
uttar pradesh,jalaun,2022,3,8090,27679
uttar pradesh,jalaun,2022,4,8091,30420
uttar pradesh,jalaun,2023,1,8092,31615
uttar pradesh,jalaun,2023,2,8093,32425
uttar pradesh,jalaun,2023,3,8094,33221
uttar pradesh,jalaun,2023,4,8095,33948
uttar pradesh,jalaun,2024,1,8096,34515
uttar pradesh,jalaun,2024,2,8097,35665
uttar pradesh,jalaun,2024,3,8098,36661
uttar pradesh,jalaun,2024,4,8099,37785
uttar pradesh,jalaun,2025,1,8100,38884
uttar pradesh,jalaun,2025,2,8101,39897
uttar pradesh,jalaun,2025,3,8102,41053
uttar pradesh,jalaun,2025,4,8103,42756
uttar pradesh,jalaun,2026,1,8104,43537
uttar pradesh,jalaun,2026,2,8105,44367
uttar pradesh,jaunpur,2018,2,8073,2
uttar pradesh,jaunpur,2018,3,8074,13
uttar pradesh,jaunpur,2018,4,8075,106
uttar pradesh,jaunpur,2019,1,8076,701
uttar pradesh,jaunpur,2019,2,8077,2931
uttar pradesh,jaunpur,2019,3,8078,5268
uttar pradesh,jaunpur,2019,4,8079,7025
uttar pradesh,jaunpur,2020,1,8080,8514
uttar pradesh,jaunpur,2020,2,8081,8953
uttar pradesh,jaunpur,2020,3,8082,10458
uttar pradesh,jaunpur,2020,4,8083,13849
uttar pradesh,jaunpur,2021,1,8084,19898
uttar pradesh,jaunpur,2021,2,8085,23450
uttar pradesh,jaunpur,2021,3,8086,34350
uttar pradesh,jaunpur,2021,4,8087,49619
uttar pradesh,jaunpur,2022,1,8088,64568
uttar pradesh,jaunpur,2022,2,8089,73008
uttar pradesh,jaunpur,2022,3,8090,81925
uttar pradesh,jaunpur,2022,4,8091,91197
uttar pradesh,jaunpur,2023,1,8092,97038
uttar pradesh,jaunpur,2023,2,8093,101224
uttar pradesh,jaunpur,2023,3,8094,107186
uttar pradesh,jaunpur,2023,4,8095,111838
uttar pradesh,jaunpur,2024,1,8096,115392
uttar pradesh,jaunpur,2024,2,8097,120414
uttar pradesh,jaunpur,2024,3,8098,125193
uttar pradesh,jaunpur,2024,4,8099,129796
uttar pradesh,jaunpur,2025,1,8100,134135
uttar pradesh,jaunpur,2025,2,8101,137416
uttar pradesh,jaunpur,2025,3,8102,141531
uttar pradesh,jaunpur,2025,4,8103,146565
uttar pradesh,jaunpur,2026,1,8104,149167
uttar pradesh,jaunpur,2026,2,8105,151304
uttar pradesh,jhansi,2018,3,8074,1
uttar pradesh,jhansi,2018,4,8075,57
uttar pradesh,jhansi,2019,1,8076,1373
uttar pradesh,jhansi,2019,2,8077,5835
uttar pradesh,jhansi,2019,3,8078,9257
uttar pradesh,jhansi,2019,4,8079,10895
uttar pradesh,jhansi,2020,1,8080,12892
uttar pradesh,jhansi,2020,2,8081,13691
uttar pradesh,jhansi,2020,3,8082,15756
uttar pradesh,jhansi,2020,4,8083,19124
uttar pradesh,jhansi,2021,1,8084,22918
uttar pradesh,jhansi,2021,2,8085,26316
uttar pradesh,jhansi,2021,3,8086,31774
uttar pradesh,jhansi,2021,4,8087,37528
uttar pradesh,jhansi,2022,1,8088,44547
uttar pradesh,jhansi,2022,2,8089,49604
uttar pradesh,jhansi,2022,3,8090,54094
uttar pradesh,jhansi,2022,4,8091,59046
uttar pradesh,jhansi,2023,1,8092,60845
uttar pradesh,jhansi,2023,2,8093,62350
uttar pradesh,jhansi,2023,3,8094,65502
uttar pradesh,jhansi,2023,4,8095,69789
uttar pradesh,jhansi,2024,1,8096,73783
uttar pradesh,jhansi,2024,2,8097,77451
uttar pradesh,jhansi,2024,3,8098,81389
uttar pradesh,jhansi,2024,4,8099,85149
uttar pradesh,jhansi,2025,1,8100,89354
uttar pradesh,jhansi,2025,2,8101,92854
uttar pradesh,jhansi,2025,3,8102,96225
uttar pradesh,jhansi,2025,4,8103,98948
uttar pradesh,jhansi,2026,1,8104,100548
uttar pradesh,jhansi,2026,2,8105,102254
uttar pradesh,kannauj,2018,3,8074,1
uttar pradesh,kannauj,2018,4,8075,8
uttar pradesh,kannauj,2019,1,8076,322
uttar pradesh,kannauj,2019,2,8077,492
uttar pradesh,kannauj,2019,3,8078,847
uttar pradesh,kannauj,2019,4,8079,1354
uttar pradesh,kannauj,2020,1,8080,1771
uttar pradesh,kannauj,2020,2,8081,1913
uttar pradesh,kannauj,2020,3,8082,2285
uttar pradesh,kannauj,2020,4,8083,4246
uttar pradesh,kannauj,2021,1,8084,9981
uttar pradesh,kannauj,2021,2,8085,13164
uttar pradesh,kannauj,2021,3,8086,19422
uttar pradesh,kannauj,2021,4,8087,25868
uttar pradesh,kannauj,2022,1,8088,32416
uttar pradesh,kannauj,2022,2,8089,36715
uttar pradesh,kannauj,2022,3,8090,41234
uttar pradesh,kannauj,2022,4,8091,46525
uttar pradesh,kannauj,2023,1,8092,46479
uttar pradesh,kannauj,2023,2,8093,48186
uttar pradesh,kannauj,2023,3,8094,50801
uttar pradesh,kannauj,2023,4,8095,51903
uttar pradesh,kannauj,2024,1,8096,52846
uttar pradesh,kannauj,2024,2,8097,54526
uttar pradesh,kannauj,2024,3,8098,56704
uttar pradesh,kannauj,2024,4,8099,58462
uttar pradesh,kannauj,2025,1,8100,59534
uttar pradesh,kannauj,2025,2,8101,61088
uttar pradesh,kannauj,2025,3,8102,62833
uttar pradesh,kannauj,2025,4,8103,64794
uttar pradesh,kannauj,2026,1,8104,65601
uttar pradesh,kannauj,2026,2,8105,66500
uttar pradesh,kanpur dehat,2018,3,8074,3
uttar pradesh,kanpur dehat,2018,4,8075,12
uttar pradesh,kanpur dehat,2019,1,8076,350
uttar pradesh,kanpur dehat,2019,2,8077,865
uttar pradesh,kanpur dehat,2019,3,8078,1582
uttar pradesh,kanpur dehat,2019,4,8079,1928
uttar pradesh,kanpur dehat,2020,1,8080,2410
uttar pradesh,kanpur dehat,2020,2,8081,2557
uttar pradesh,kanpur dehat,2020,3,8082,3496
uttar pradesh,kanpur dehat,2020,4,8083,7270
uttar pradesh,kanpur dehat,2021,1,8084,13271
uttar pradesh,kanpur dehat,2021,2,8085,15455
uttar pradesh,kanpur dehat,2021,3,8086,18304
uttar pradesh,kanpur dehat,2021,4,8087,21196
uttar pradesh,kanpur dehat,2022,1,8088,26375
uttar pradesh,kanpur dehat,2022,2,8089,29173
uttar pradesh,kanpur dehat,2022,3,8090,30841
uttar pradesh,kanpur dehat,2022,4,8091,32901
uttar pradesh,kanpur dehat,2023,1,8092,30309
uttar pradesh,kanpur dehat,2023,2,8093,30519
uttar pradesh,kanpur dehat,2023,3,8094,31168
uttar pradesh,kanpur dehat,2023,4,8095,31707
uttar pradesh,kanpur dehat,2024,1,8096,32059
uttar pradesh,kanpur dehat,2024,2,8097,33744
uttar pradesh,kanpur dehat,2024,3,8098,35643
uttar pradesh,kanpur dehat,2024,4,8099,36956
uttar pradesh,kanpur dehat,2025,1,8100,38170
uttar pradesh,kanpur dehat,2025,2,8101,39266
uttar pradesh,kanpur dehat,2025,3,8102,39913
uttar pradesh,kanpur dehat,2025,4,8103,40557
uttar pradesh,kanpur dehat,2026,1,8104,40986
uttar pradesh,kanpur dehat,2026,2,8105,41453
uttar pradesh,kanpur nagar,2018,1,8072,2
uttar pradesh,kanpur nagar,2018,2,8073,2
uttar pradesh,kanpur nagar,2018,3,8074,12
uttar pradesh,kanpur nagar,2018,4,8075,86
uttar pradesh,kanpur nagar,2019,1,8076,16701
uttar pradesh,kanpur nagar,2019,2,8077,38689
uttar pradesh,kanpur nagar,2019,3,8078,49895
uttar pradesh,kanpur nagar,2019,4,8079,55838
uttar pradesh,kanpur nagar,2020,1,8080,62296
uttar pradesh,kanpur nagar,2020,2,8081,64870
uttar pradesh,kanpur nagar,2020,3,8082,72733
uttar pradesh,kanpur nagar,2020,4,8083,80047
uttar pradesh,kanpur nagar,2021,1,8084,87017
uttar pradesh,kanpur nagar,2021,2,8085,92487
uttar pradesh,kanpur nagar,2021,3,8086,103663
uttar pradesh,kanpur nagar,2021,4,8087,117571
uttar pradesh,kanpur nagar,2022,1,8088,134033
uttar pradesh,kanpur nagar,2022,2,8089,144245
uttar pradesh,kanpur nagar,2022,3,8090,151844
uttar pradesh,kanpur nagar,2022,4,8091,158884
uttar pradesh,kanpur nagar,2023,1,8092,155038
uttar pradesh,kanpur nagar,2023,2,8093,158350
uttar pradesh,kanpur nagar,2023,3,8094,162777
uttar pradesh,kanpur nagar,2023,4,8095,168887
uttar pradesh,kanpur nagar,2024,1,8096,177754
uttar pradesh,kanpur nagar,2024,2,8097,185861
uttar pradesh,kanpur nagar,2024,3,8098,192507
uttar pradesh,kanpur nagar,2024,4,8099,198835
uttar pradesh,kanpur nagar,2025,1,8100,204192
uttar pradesh,kanpur nagar,2025,2,8101,208790
uttar pradesh,kanpur nagar,2025,3,8102,212479
uttar pradesh,kanpur nagar,2025,4,8103,216166
uttar pradesh,kanpur nagar,2026,1,8104,218418
uttar pradesh,kanpur nagar,2026,2,8105,221356
uttar pradesh,kasganj,2018,3,8074,3
uttar pradesh,kasganj,2018,4,8075,8
uttar pradesh,kasganj,2019,1,8076,79
uttar pradesh,kasganj,2019,2,8077,743
uttar pradesh,kasganj,2019,3,8078,1143
uttar pradesh,kasganj,2019,4,8079,1360
uttar pradesh,kasganj,2020,1,8080,1593
uttar pradesh,kasganj,2020,2,8081,1794
uttar pradesh,kasganj,2020,3,8082,2065
uttar pradesh,kasganj,2020,4,8083,2862
uttar pradesh,kasganj,2021,1,8084,5093
uttar pradesh,kasganj,2021,2,8085,6749
uttar pradesh,kasganj,2021,3,8086,10598
uttar pradesh,kasganj,2021,4,8087,14673
uttar pradesh,kasganj,2022,1,8088,19430
uttar pradesh,kasganj,2022,2,8089,22294
uttar pradesh,kasganj,2022,3,8090,24510
uttar pradesh,kasganj,2022,4,8091,26457
uttar pradesh,kasganj,2023,1,8092,27236
uttar pradesh,kasganj,2023,2,8093,28645
uttar pradesh,kasganj,2023,3,8094,29977
uttar pradesh,kasganj,2023,4,8095,30606
uttar pradesh,kasganj,2024,1,8096,31000
uttar pradesh,kasganj,2024,2,8097,31785
uttar pradesh,kasganj,2024,3,8098,32426
uttar pradesh,kasganj,2024,4,8099,33543
uttar pradesh,kasganj,2025,1,8100,34771
uttar pradesh,kasganj,2025,2,8101,35710
uttar pradesh,kasganj,2025,3,8102,36968
uttar pradesh,kasganj,2025,4,8103,38825
uttar pradesh,kasganj,2026,1,8104,39263
uttar pradesh,kasganj,2026,2,8105,39844
uttar pradesh,kaushambi,2018,4,8075,5
uttar pradesh,kaushambi,2019,1,8076,123
uttar pradesh,kaushambi,2019,2,8077,854
uttar pradesh,kaushambi,2019,3,8078,1698
uttar pradesh,kaushambi,2019,4,8079,2418
uttar pradesh,kaushambi,2020,1,8080,2932
uttar pradesh,kaushambi,2020,2,8081,3153
uttar pradesh,kaushambi,2020,3,8082,4018
uttar pradesh,kaushambi,2020,4,8083,5304
uttar pradesh,kaushambi,2021,1,8084,7299
uttar pradesh,kaushambi,2021,2,8085,7857
uttar pradesh,kaushambi,2021,3,8086,9911
uttar pradesh,kaushambi,2021,4,8087,13016
uttar pradesh,kaushambi,2022,1,8088,15954
uttar pradesh,kaushambi,2022,2,8089,16939
uttar pradesh,kaushambi,2022,3,8090,17825
uttar pradesh,kaushambi,2022,4,8091,18740
uttar pradesh,kaushambi,2023,1,8092,18924
uttar pradesh,kaushambi,2023,2,8093,19583
uttar pradesh,kaushambi,2023,3,8094,20611
uttar pradesh,kaushambi,2023,4,8095,21216
uttar pradesh,kaushambi,2024,1,8096,21423
uttar pradesh,kaushambi,2024,2,8097,22582
uttar pradesh,kaushambi,2024,3,8098,23669
uttar pradesh,kaushambi,2024,4,8099,24406
uttar pradesh,kaushambi,2025,1,8100,24930
uttar pradesh,kaushambi,2025,2,8101,25477
uttar pradesh,kaushambi,2025,3,8102,26135
uttar pradesh,kaushambi,2025,4,8103,26990
uttar pradesh,kaushambi,2026,1,8104,27415
uttar pradesh,kaushambi,2026,2,8105,28000
uttar pradesh,kushinagar,2018,2,8073,2
uttar pradesh,kushinagar,2018,3,8074,5
uttar pradesh,kushinagar,2018,4,8075,24
uttar pradesh,kushinagar,2019,1,8076,634
uttar pradesh,kushinagar,2019,2,8077,1828
uttar pradesh,kushinagar,2019,3,8078,2698
uttar pradesh,kushinagar,2019,4,8079,3989
uttar pradesh,kushinagar,2020,1,8080,5019
uttar pradesh,kushinagar,2020,2,8081,5349
uttar pradesh,kushinagar,2020,3,8082,6336
uttar pradesh,kushinagar,2020,4,8083,11430
uttar pradesh,kushinagar,2021,1,8084,17366
uttar pradesh,kushinagar,2021,2,8085,20153
uttar pradesh,kushinagar,2021,3,8086,27518
uttar pradesh,kushinagar,2021,4,8087,37624
uttar pradesh,kushinagar,2022,1,8088,45708
uttar pradesh,kushinagar,2022,2,8089,50628
uttar pradesh,kushinagar,2022,3,8090,55221
uttar pradesh,kushinagar,2022,4,8091,59851
uttar pradesh,kushinagar,2023,1,8092,61572
uttar pradesh,kushinagar,2023,2,8093,62706
uttar pradesh,kushinagar,2023,3,8094,65593
uttar pradesh,kushinagar,2023,4,8095,67233
uttar pradesh,kushinagar,2024,1,8096,68610
uttar pradesh,kushinagar,2024,2,8097,71536
uttar pradesh,kushinagar,2024,3,8098,75917
uttar pradesh,kushinagar,2024,4,8099,80978
uttar pradesh,kushinagar,2025,1,8100,84823
uttar pradesh,kushinagar,2025,2,8101,87657
uttar pradesh,kushinagar,2025,3,8102,90987
uttar pradesh,kushinagar,2025,4,8103,95151
uttar pradesh,kushinagar,2026,1,8104,96928
uttar pradesh,kushinagar,2026,2,8105,98458
uttar pradesh,lakhimpur kheri,2018,4,8075,17
uttar pradesh,lakhimpur kheri,2019,1,8076,520
uttar pradesh,lakhimpur kheri,2019,2,8077,1208
uttar pradesh,lakhimpur kheri,2019,3,8078,1911
uttar pradesh,lakhimpur kheri,2019,4,8079,3697
uttar pradesh,lakhimpur kheri,2020,1,8080,4742
uttar pradesh,lakhimpur kheri,2020,2,8081,5077
uttar pradesh,lakhimpur kheri,2020,3,8082,6541
uttar pradesh,lakhimpur kheri,2020,4,8083,11123
uttar pradesh,lakhimpur kheri,2021,1,8084,16938
uttar pradesh,lakhimpur kheri,2021,2,8085,20127
uttar pradesh,lakhimpur kheri,2021,3,8086,25918
uttar pradesh,lakhimpur kheri,2021,4,8087,32508
uttar pradesh,lakhimpur kheri,2022,1,8088,43695
uttar pradesh,lakhimpur kheri,2022,2,8089,49716
uttar pradesh,lakhimpur kheri,2022,3,8090,55719
uttar pradesh,lakhimpur kheri,2022,4,8091,62588
uttar pradesh,lakhimpur kheri,2023,1,8092,63591
uttar pradesh,lakhimpur kheri,2023,2,8093,65995
uttar pradesh,lakhimpur kheri,2023,3,8094,70013
uttar pradesh,lakhimpur kheri,2023,4,8095,74663
uttar pradesh,lakhimpur kheri,2024,1,8096,78644
uttar pradesh,lakhimpur kheri,2024,2,8097,82750
uttar pradesh,lakhimpur kheri,2024,3,8098,88626
uttar pradesh,lakhimpur kheri,2024,4,8099,95113
uttar pradesh,lakhimpur kheri,2025,1,8100,99233
uttar pradesh,lakhimpur kheri,2025,2,8101,103949
uttar pradesh,lakhimpur kheri,2025,3,8102,109106
uttar pradesh,lakhimpur kheri,2025,4,8103,114275
uttar pradesh,lakhimpur kheri,2026,1,8104,117068
uttar pradesh,lakhimpur kheri,2026,2,8105,119776
uttar pradesh,lalitpur,2019,1,8076,188
uttar pradesh,lalitpur,2019,2,8077,932
uttar pradesh,lalitpur,2019,3,8078,1662
uttar pradesh,lalitpur,2019,4,8079,2198
uttar pradesh,lalitpur,2020,1,8080,2677
uttar pradesh,lalitpur,2020,2,8081,3077
uttar pradesh,lalitpur,2020,3,8082,3708
uttar pradesh,lalitpur,2020,4,8083,5002
uttar pradesh,lalitpur,2021,1,8084,7252
uttar pradesh,lalitpur,2021,2,8085,8290
uttar pradesh,lalitpur,2021,3,8086,11185
uttar pradesh,lalitpur,2021,4,8087,15371
uttar pradesh,lalitpur,2022,1,8088,20003
uttar pradesh,lalitpur,2022,2,8089,23324
uttar pradesh,lalitpur,2022,3,8090,27132
uttar pradesh,lalitpur,2022,4,8091,31329
uttar pradesh,lalitpur,2023,1,8092,33227
uttar pradesh,lalitpur,2023,2,8093,34000
uttar pradesh,lalitpur,2023,3,8094,34658
uttar pradesh,lalitpur,2023,4,8095,35547
uttar pradesh,lalitpur,2024,1,8096,35908
uttar pradesh,lalitpur,2024,2,8097,37341
uttar pradesh,lalitpur,2024,3,8098,39458
uttar pradesh,lalitpur,2024,4,8099,40397
uttar pradesh,lalitpur,2025,1,8100,41256
uttar pradesh,lalitpur,2025,2,8101,42303
uttar pradesh,lalitpur,2025,3,8102,43986
uttar pradesh,lalitpur,2025,4,8103,45799
uttar pradesh,lalitpur,2026,1,8104,46614
uttar pradesh,lalitpur,2026,2,8105,47339
uttar pradesh,lucknow,2018,1,8072,2
uttar pradesh,lucknow,2018,2,8073,4
uttar pradesh,lucknow,2018,3,8074,22
uttar pradesh,lucknow,2018,4,8075,2069
uttar pradesh,lucknow,2019,1,8076,34137
uttar pradesh,lucknow,2019,2,8077,75490
uttar pradesh,lucknow,2019,3,8078,100199
uttar pradesh,lucknow,2019,4,8079,118707
uttar pradesh,lucknow,2020,1,8080,138045
uttar pradesh,lucknow,2020,2,8081,143711
uttar pradesh,lucknow,2020,3,8082,167523
uttar pradesh,lucknow,2020,4,8083,184724
uttar pradesh,lucknow,2021,1,8084,212894
uttar pradesh,lucknow,2021,2,8085,225335
uttar pradesh,lucknow,2021,3,8086,251377
uttar pradesh,lucknow,2021,4,8087,271273
uttar pradesh,lucknow,2022,1,8088,310185
uttar pradesh,lucknow,2022,2,8089,330403
uttar pradesh,lucknow,2022,3,8090,344447
uttar pradesh,lucknow,2022,4,8091,357255
uttar pradesh,lucknow,2023,1,8092,320646
uttar pradesh,lucknow,2023,2,8093,324366
uttar pradesh,lucknow,2023,3,8094,331926
uttar pradesh,lucknow,2023,4,8095,340417
uttar pradesh,lucknow,2024,1,8096,351487
uttar pradesh,lucknow,2024,2,8097,362181
uttar pradesh,lucknow,2024,3,8098,372072
uttar pradesh,lucknow,2024,4,8099,381860
uttar pradesh,lucknow,2025,1,8100,390925
uttar pradesh,lucknow,2025,2,8101,398462
uttar pradesh,lucknow,2025,3,8102,405296
uttar pradesh,lucknow,2025,4,8103,414161
uttar pradesh,lucknow,2026,1,8104,419430
uttar pradesh,lucknow,2026,2,8105,425169
uttar pradesh,maharajganj,2018,2,8073,5
uttar pradesh,maharajganj,2018,3,8074,13
uttar pradesh,maharajganj,2018,4,8075,79
uttar pradesh,maharajganj,2019,1,8076,718
uttar pradesh,maharajganj,2019,2,8077,2416
uttar pradesh,maharajganj,2019,3,8078,3530
uttar pradesh,maharajganj,2019,4,8079,4223
uttar pradesh,maharajganj,2020,1,8080,4875
uttar pradesh,maharajganj,2020,2,8081,5164
uttar pradesh,maharajganj,2020,3,8082,5990
uttar pradesh,maharajganj,2020,4,8083,7067
uttar pradesh,maharajganj,2021,1,8084,11115
uttar pradesh,maharajganj,2021,2,8085,13878
uttar pradesh,maharajganj,2021,3,8086,19340
uttar pradesh,maharajganj,2021,4,8087,26617
uttar pradesh,maharajganj,2022,1,8088,31876
uttar pradesh,maharajganj,2022,2,8089,35361
uttar pradesh,maharajganj,2022,3,8090,39058
uttar pradesh,maharajganj,2022,4,8091,44156
uttar pradesh,maharajganj,2023,1,8092,46339
uttar pradesh,maharajganj,2023,2,8093,47750
uttar pradesh,maharajganj,2023,3,8094,49931
uttar pradesh,maharajganj,2023,4,8095,51706
uttar pradesh,maharajganj,2024,1,8096,54899
uttar pradesh,maharajganj,2024,2,8097,58005
uttar pradesh,maharajganj,2024,3,8098,61997
uttar pradesh,maharajganj,2024,4,8099,65639
uttar pradesh,maharajganj,2025,1,8100,68267
uttar pradesh,maharajganj,2025,2,8101,69879
uttar pradesh,maharajganj,2025,3,8102,71317
uttar pradesh,maharajganj,2025,4,8103,73288
uttar pradesh,maharajganj,2026,1,8104,74145
uttar pradesh,maharajganj,2026,2,8105,75127
uttar pradesh,mahoba,2018,3,8074,1
uttar pradesh,mahoba,2018,4,8075,17
uttar pradesh,mahoba,2019,1,8076,49
uttar pradesh,mahoba,2019,2,8077,205
uttar pradesh,mahoba,2019,3,8078,638
uttar pradesh,mahoba,2019,4,8079,953
uttar pradesh,mahoba,2020,1,8080,1121
uttar pradesh,mahoba,2020,2,8081,1183
uttar pradesh,mahoba,2020,3,8082,1417
uttar pradesh,mahoba,2020,4,8083,1650
uttar pradesh,mahoba,2021,1,8084,2412
uttar pradesh,mahoba,2021,2,8085,3514
uttar pradesh,mahoba,2021,3,8086,5479
uttar pradesh,mahoba,2021,4,8087,8227
uttar pradesh,mahoba,2022,1,8088,11727
uttar pradesh,mahoba,2022,2,8089,14099
uttar pradesh,mahoba,2022,3,8090,15985
uttar pradesh,mahoba,2022,4,8091,17118
uttar pradesh,mahoba,2023,1,8092,18251
uttar pradesh,mahoba,2023,2,8093,18932
uttar pradesh,mahoba,2023,3,8094,19760
uttar pradesh,mahoba,2023,4,8095,20508
uttar pradesh,mahoba,2024,1,8096,21559
uttar pradesh,mahoba,2024,2,8097,22738
uttar pradesh,mahoba,2024,3,8098,24324
uttar pradesh,mahoba,2024,4,8099,25728
uttar pradesh,mahoba,2025,1,8100,26949
uttar pradesh,mahoba,2025,2,8101,27975
uttar pradesh,mahoba,2025,3,8102,29258
uttar pradesh,mahoba,2025,4,8103,30907
uttar pradesh,mahoba,2026,1,8104,31537
uttar pradesh,mahoba,2026,2,8105,31845
uttar pradesh,mainpuri,2018,4,8075,7
uttar pradesh,mainpuri,2019,1,8076,143
uttar pradesh,mainpuri,2019,2,8077,1084
uttar pradesh,mainpuri,2019,3,8078,1757
uttar pradesh,mainpuri,2019,4,8079,2449
uttar pradesh,mainpuri,2020,1,8080,3070
uttar pradesh,mainpuri,2020,2,8081,3282
uttar pradesh,mainpuri,2020,3,8082,4153
uttar pradesh,mainpuri,2020,4,8083,6013
uttar pradesh,mainpuri,2021,1,8084,10737
uttar pradesh,mainpuri,2021,2,8085,14471
uttar pradesh,mainpuri,2021,3,8086,19851
uttar pradesh,mainpuri,2021,4,8087,26076
uttar pradesh,mainpuri,2022,1,8088,31912
uttar pradesh,mainpuri,2022,2,8089,35762
uttar pradesh,mainpuri,2022,3,8090,38323
uttar pradesh,mainpuri,2022,4,8091,41416
uttar pradesh,mainpuri,2023,1,8092,42063
uttar pradesh,mainpuri,2023,2,8093,42358
uttar pradesh,mainpuri,2023,3,8094,42935
uttar pradesh,mainpuri,2023,4,8095,43760
uttar pradesh,mainpuri,2024,1,8096,44868
uttar pradesh,mainpuri,2024,2,8097,46144
uttar pradesh,mainpuri,2024,3,8098,47895
uttar pradesh,mainpuri,2024,4,8099,49867
uttar pradesh,mainpuri,2025,1,8100,51278
uttar pradesh,mainpuri,2025,2,8101,52891
uttar pradesh,mainpuri,2025,3,8102,55013
uttar pradesh,mainpuri,2025,4,8103,58038
uttar pradesh,mainpuri,2026,1,8104,59311
uttar pradesh,mainpuri,2026,2,8105,60774
uttar pradesh,mathura,2018,3,8074,10
uttar pradesh,mathura,2018,4,8075,87
uttar pradesh,mathura,2019,1,8076,3962
uttar pradesh,mathura,2019,2,8077,9855
uttar pradesh,mathura,2019,3,8078,14132
uttar pradesh,mathura,2019,4,8079,18339
uttar pradesh,mathura,2020,1,8080,21786
uttar pradesh,mathura,2020,2,8081,23648
uttar pradesh,mathura,2020,3,8082,28648
uttar pradesh,mathura,2020,4,8083,37539
uttar pradesh,mathura,2021,1,8084,50395
uttar pradesh,mathura,2021,2,8085,55825
uttar pradesh,mathura,2021,3,8086,66774
uttar pradesh,mathura,2021,4,8087,76833
uttar pradesh,mathura,2022,1,8088,87505
uttar pradesh,mathura,2022,2,8089,94400
uttar pradesh,mathura,2022,3,8090,102952
uttar pradesh,mathura,2022,4,8091,110563
uttar pradesh,mathura,2023,1,8092,111200
uttar pradesh,mathura,2023,2,8093,115482
uttar pradesh,mathura,2023,3,8094,121302
uttar pradesh,mathura,2023,4,8095,126315
uttar pradesh,mathura,2024,1,8096,132134
uttar pradesh,mathura,2024,2,8097,138328
uttar pradesh,mathura,2024,3,8098,142967
uttar pradesh,mathura,2024,4,8099,147503
uttar pradesh,mathura,2025,1,8100,152352
uttar pradesh,mathura,2025,2,8101,157122
uttar pradesh,mathura,2025,3,8102,161990
uttar pradesh,mathura,2025,4,8103,167280
uttar pradesh,mathura,2026,1,8104,171058
uttar pradesh,mathura,2026,2,8105,175515
uttar pradesh,mau,2018,3,8074,2
uttar pradesh,mau,2018,4,8075,18
uttar pradesh,mau,2019,1,8076,495
uttar pradesh,mau,2019,2,8077,1028
uttar pradesh,mau,2019,3,8078,1978
uttar pradesh,mau,2019,4,8079,2536
uttar pradesh,mau,2020,1,8080,2820
uttar pradesh,mau,2020,2,8081,2952
uttar pradesh,mau,2020,3,8082,3057
uttar pradesh,mau,2020,4,8083,5150
uttar pradesh,mau,2021,1,8084,9115
uttar pradesh,mau,2021,2,8085,12153
uttar pradesh,mau,2021,3,8086,17682
uttar pradesh,mau,2021,4,8087,27024
uttar pradesh,mau,2022,1,8088,37205
uttar pradesh,mau,2022,2,8089,42062
uttar pradesh,mau,2022,3,8090,46908
uttar pradesh,mau,2022,4,8091,56208
uttar pradesh,mau,2023,1,8092,53395
uttar pradesh,mau,2023,2,8093,53974
uttar pradesh,mau,2023,3,8094,56640
uttar pradesh,mau,2023,4,8095,58992
uttar pradesh,mau,2024,1,8096,60636
uttar pradesh,mau,2024,2,8097,62645
uttar pradesh,mau,2024,3,8098,64571
uttar pradesh,mau,2024,4,8099,66660
uttar pradesh,mau,2025,1,8100,68364
uttar pradesh,mau,2025,2,8101,70532
uttar pradesh,mau,2025,3,8102,73023
uttar pradesh,mau,2025,4,8103,75881
uttar pradesh,mau,2026,1,8104,77351
uttar pradesh,mau,2026,2,8105,78331
uttar pradesh,meerut,2018,2,8073,2
uttar pradesh,meerut,2018,3,8074,17
uttar pradesh,meerut,2018,4,8075,384
uttar pradesh,meerut,2019,1,8076,7505
uttar pradesh,meerut,2019,2,8077,17386
uttar pradesh,meerut,2019,3,8078,25202
uttar pradesh,meerut,2019,4,8079,30887
uttar pradesh,meerut,2020,1,8080,35818
uttar pradesh,meerut,2020,2,8081,38363
uttar pradesh,meerut,2020,3,8082,45553
uttar pradesh,meerut,2020,4,8083,55363
uttar pradesh,meerut,2021,1,8084,69786
uttar pradesh,meerut,2021,2,8085,77272
uttar pradesh,meerut,2021,3,8086,90920
uttar pradesh,meerut,2021,4,8087,103264
uttar pradesh,meerut,2022,1,8088,116841
uttar pradesh,meerut,2022,2,8089,126649
uttar pradesh,meerut,2022,3,8090,133441
uttar pradesh,meerut,2022,4,8091,138636
uttar pradesh,meerut,2023,1,8092,134464
uttar pradesh,meerut,2023,2,8093,137334
uttar pradesh,meerut,2023,3,8094,141241
uttar pradesh,meerut,2023,4,8095,147011
uttar pradesh,meerut,2024,1,8096,153265
uttar pradesh,meerut,2024,2,8097,158889
uttar pradesh,meerut,2024,3,8098,164304
uttar pradesh,meerut,2024,4,8099,169836
uttar pradesh,meerut,2025,1,8100,174818
uttar pradesh,meerut,2025,2,8101,179728
uttar pradesh,meerut,2025,3,8102,184651
uttar pradesh,meerut,2025,4,8103,190613
uttar pradesh,meerut,2026,1,8104,193863
uttar pradesh,meerut,2026,2,8105,198558
uttar pradesh,mirzapur,2018,1,8072,2
uttar pradesh,mirzapur,2018,2,8073,2
uttar pradesh,mirzapur,2018,3,8074,4
uttar pradesh,mirzapur,2018,4,8075,24
uttar pradesh,mirzapur,2019,1,8076,313
uttar pradesh,mirzapur,2019,2,8077,1533
uttar pradesh,mirzapur,2019,3,8078,2631
uttar pradesh,mirzapur,2019,4,8079,4041
uttar pradesh,mirzapur,2020,1,8080,5141
uttar pradesh,mirzapur,2020,2,8081,5597
uttar pradesh,mirzapur,2020,3,8082,6417
uttar pradesh,mirzapur,2020,4,8083,8510
uttar pradesh,mirzapur,2021,1,8084,12592
uttar pradesh,mirzapur,2021,2,8085,15322
uttar pradesh,mirzapur,2021,3,8086,20763
uttar pradesh,mirzapur,2021,4,8087,28308
uttar pradesh,mirzapur,2022,1,8088,36621
uttar pradesh,mirzapur,2022,2,8089,40680
uttar pradesh,mirzapur,2022,3,8090,44898
uttar pradesh,mirzapur,2022,4,8091,49375
uttar pradesh,mirzapur,2023,1,8092,51361
uttar pradesh,mirzapur,2023,2,8093,53524
uttar pradesh,mirzapur,2023,3,8094,57055
uttar pradesh,mirzapur,2023,4,8095,58987
uttar pradesh,mirzapur,2024,1,8096,60691
uttar pradesh,mirzapur,2024,2,8097,62872
uttar pradesh,mirzapur,2024,3,8098,65150
uttar pradesh,mirzapur,2024,4,8099,67375
uttar pradesh,mirzapur,2025,1,8100,69609
uttar pradesh,mirzapur,2025,2,8101,71499
uttar pradesh,mirzapur,2025,3,8102,73421
uttar pradesh,mirzapur,2025,4,8103,75508
uttar pradesh,mirzapur,2026,1,8104,76596
uttar pradesh,mirzapur,2026,2,8105,77621
uttar pradesh,moradabad,2018,4,8075,10
uttar pradesh,moradabad,2019,1,8076,173
uttar pradesh,moradabad,2019,2,8077,2772
uttar pradesh,moradabad,2019,3,8078,5051
uttar pradesh,moradabad,2019,4,8079,6876
uttar pradesh,moradabad,2020,1,8080,8972
uttar pradesh,moradabad,2020,2,8081,9835
uttar pradesh,moradabad,2020,3,8082,12206
uttar pradesh,moradabad,2020,4,8083,14260
uttar pradesh,moradabad,2021,1,8084,20950
uttar pradesh,moradabad,2021,2,8085,26016
uttar pradesh,moradabad,2021,3,8086,32523
uttar pradesh,moradabad,2021,4,8087,39628
uttar pradesh,moradabad,2022,1,8088,48826
uttar pradesh,moradabad,2022,2,8089,54778
uttar pradesh,moradabad,2022,3,8090,61731
uttar pradesh,moradabad,2022,4,8091,70930
uttar pradesh,moradabad,2023,1,8092,75025
uttar pradesh,moradabad,2023,2,8093,78500
uttar pradesh,moradabad,2023,3,8094,81974
uttar pradesh,moradabad,2023,4,8095,84875
uttar pradesh,moradabad,2024,1,8096,87506
uttar pradesh,moradabad,2024,2,8097,90509
uttar pradesh,moradabad,2024,3,8098,94310
uttar pradesh,moradabad,2024,4,8099,99085
uttar pradesh,moradabad,2025,1,8100,102822
uttar pradesh,moradabad,2025,2,8101,105517
uttar pradesh,moradabad,2025,3,8102,107469
uttar pradesh,moradabad,2025,4,8103,110376
uttar pradesh,moradabad,2026,1,8104,112076
uttar pradesh,moradabad,2026,2,8105,114124
uttar pradesh,muzaffarnagar,2018,3,8074,1
uttar pradesh,muzaffarnagar,2018,4,8075,25
uttar pradesh,muzaffarnagar,2019,1,8076,816
uttar pradesh,muzaffarnagar,2019,2,8077,5632
uttar pradesh,muzaffarnagar,2019,3,8078,8136
uttar pradesh,muzaffarnagar,2019,4,8079,9897
uttar pradesh,muzaffarnagar,2020,1,8080,11885
uttar pradesh,muzaffarnagar,2020,2,8081,12862
uttar pradesh,muzaffarnagar,2020,3,8082,16273
uttar pradesh,muzaffarnagar,2020,4,8083,25182
uttar pradesh,muzaffarnagar,2021,1,8084,35061
uttar pradesh,muzaffarnagar,2021,2,8085,40415
uttar pradesh,muzaffarnagar,2021,3,8086,49869
uttar pradesh,muzaffarnagar,2021,4,8087,60813
uttar pradesh,muzaffarnagar,2022,1,8088,71715
uttar pradesh,muzaffarnagar,2022,2,8089,78893
uttar pradesh,muzaffarnagar,2022,3,8090,85914
uttar pradesh,muzaffarnagar,2022,4,8091,92409
uttar pradesh,muzaffarnagar,2023,1,8092,92367
uttar pradesh,muzaffarnagar,2023,2,8093,94493
uttar pradesh,muzaffarnagar,2023,3,8094,97118
uttar pradesh,muzaffarnagar,2023,4,8095,98893
uttar pradesh,muzaffarnagar,2024,1,8096,100606
uttar pradesh,muzaffarnagar,2024,2,8097,104473
uttar pradesh,muzaffarnagar,2024,3,8098,108216
uttar pradesh,muzaffarnagar,2024,4,8099,111900
uttar pradesh,muzaffarnagar,2025,1,8100,115700
uttar pradesh,muzaffarnagar,2025,2,8101,119261
uttar pradesh,muzaffarnagar,2025,3,8102,123889
uttar pradesh,muzaffarnagar,2025,4,8103,129288
uttar pradesh,muzaffarnagar,2026,1,8104,131840
uttar pradesh,muzaffarnagar,2026,2,8105,134717
uttar pradesh,pilibhit,2018,4,8075,10
uttar pradesh,pilibhit,2019,1,8076,521
uttar pradesh,pilibhit,2019,2,8077,983
uttar pradesh,pilibhit,2019,3,8078,1581
uttar pradesh,pilibhit,2019,4,8079,2397
uttar pradesh,pilibhit,2020,1,8080,3207
uttar pradesh,pilibhit,2020,2,8081,3479
uttar pradesh,pilibhit,2020,3,8082,3903
uttar pradesh,pilibhit,2020,4,8083,6868
uttar pradesh,pilibhit,2021,1,8084,11355
uttar pradesh,pilibhit,2021,2,8085,13868
uttar pradesh,pilibhit,2021,3,8086,17500
uttar pradesh,pilibhit,2021,4,8087,21672
uttar pradesh,pilibhit,2022,1,8088,28170
uttar pradesh,pilibhit,2022,2,8089,31487
uttar pradesh,pilibhit,2022,3,8090,33857
uttar pradesh,pilibhit,2022,4,8091,37234
uttar pradesh,pilibhit,2023,1,8092,36927
uttar pradesh,pilibhit,2023,2,8093,37783
uttar pradesh,pilibhit,2023,3,8094,38704
uttar pradesh,pilibhit,2023,4,8095,39438
uttar pradesh,pilibhit,2024,1,8096,40605
uttar pradesh,pilibhit,2024,2,8097,42892
uttar pradesh,pilibhit,2024,3,8098,44439
uttar pradesh,pilibhit,2024,4,8099,46718
uttar pradesh,pilibhit,2025,1,8100,48586
uttar pradesh,pilibhit,2025,2,8101,49717
uttar pradesh,pilibhit,2025,3,8102,50879
uttar pradesh,pilibhit,2025,4,8103,52554
uttar pradesh,pilibhit,2026,1,8104,53125
uttar pradesh,pilibhit,2026,2,8105,53794
uttar pradesh,pratapgarh,2018,1,8072,2
uttar pradesh,pratapgarh,2018,2,8073,2
uttar pradesh,pratapgarh,2018,3,8074,10
uttar pradesh,pratapgarh,2018,4,8075,39
uttar pradesh,pratapgarh,2019,1,8076,289
uttar pradesh,pratapgarh,2019,2,8077,957
uttar pradesh,pratapgarh,2019,3,8078,1532
uttar pradesh,pratapgarh,2019,4,8079,2141
uttar pradesh,pratapgarh,2020,1,8080,2812
uttar pradesh,pratapgarh,2020,2,8081,3068
uttar pradesh,pratapgarh,2020,3,8082,3602
uttar pradesh,pratapgarh,2020,4,8083,7017
uttar pradesh,pratapgarh,2021,1,8084,13867
uttar pradesh,pratapgarh,2021,2,8085,17454
uttar pradesh,pratapgarh,2021,3,8086,24342
uttar pradesh,pratapgarh,2021,4,8087,32394
uttar pradesh,pratapgarh,2022,1,8088,40230
uttar pradesh,pratapgarh,2022,2,8089,45160
uttar pradesh,pratapgarh,2022,3,8090,49530
uttar pradesh,pratapgarh,2022,4,8091,54544
uttar pradesh,pratapgarh,2023,1,8092,56868
uttar pradesh,pratapgarh,2023,2,8093,59292
uttar pradesh,pratapgarh,2023,3,8094,63473
uttar pradesh,pratapgarh,2023,4,8095,67387
uttar pradesh,pratapgarh,2024,1,8096,70031
uttar pradesh,pratapgarh,2024,2,8097,72601
uttar pradesh,pratapgarh,2024,3,8098,75404
uttar pradesh,pratapgarh,2024,4,8099,78341
uttar pradesh,pratapgarh,2025,1,8100,80926
uttar pradesh,pratapgarh,2025,2,8101,83775
uttar pradesh,pratapgarh,2025,3,8102,87051
uttar pradesh,pratapgarh,2025,4,8103,90058
uttar pradesh,pratapgarh,2026,1,8104,92079
uttar pradesh,pratapgarh,2026,2,8105,93707
uttar pradesh,prayagraj,2018,1,8072,2
uttar pradesh,prayagraj,2018,2,8073,14
uttar pradesh,prayagraj,2018,3,8074,21
uttar pradesh,prayagraj,2018,4,8075,117
uttar pradesh,prayagraj,2019,1,8076,4317
uttar pradesh,prayagraj,2019,2,8077,15049
uttar pradesh,prayagraj,2019,3,8078,23300
uttar pradesh,prayagraj,2019,4,8079,29957
uttar pradesh,prayagraj,2020,1,8080,35865
uttar pradesh,prayagraj,2020,2,8081,37874
uttar pradesh,prayagraj,2020,3,8082,46715
uttar pradesh,prayagraj,2020,4,8083,58186
uttar pradesh,prayagraj,2021,1,8084,75038
uttar pradesh,prayagraj,2021,2,8085,82868
uttar pradesh,prayagraj,2021,3,8086,99580
uttar pradesh,prayagraj,2021,4,8087,124485
uttar pradesh,prayagraj,2022,1,8088,144725
uttar pradesh,prayagraj,2022,2,8089,158786
uttar pradesh,prayagraj,2022,3,8090,171995
uttar pradesh,prayagraj,2022,4,8091,186311
uttar pradesh,prayagraj,2023,1,8092,182718
uttar pradesh,prayagraj,2023,2,8093,188604
uttar pradesh,prayagraj,2023,3,8094,197987
uttar pradesh,prayagraj,2023,4,8095,208297
uttar pradesh,prayagraj,2024,1,8096,218898
uttar pradesh,prayagraj,2024,2,8097,228809
uttar pradesh,prayagraj,2024,3,8098,239459
uttar pradesh,prayagraj,2024,4,8099,251065
uttar pradesh,prayagraj,2025,1,8100,261413
uttar pradesh,prayagraj,2025,2,8101,268288
uttar pradesh,prayagraj,2025,3,8102,276729
uttar pradesh,prayagraj,2025,4,8103,288145
uttar pradesh,prayagraj,2026,1,8104,293954
uttar pradesh,prayagraj,2026,2,8105,298785
uttar pradesh,raebareli,2018,3,8074,2
uttar pradesh,raebareli,2018,4,8075,11
uttar pradesh,raebareli,2019,1,8076,311
uttar pradesh,raebareli,2019,2,8077,1090
uttar pradesh,raebareli,2019,3,8078,1914
uttar pradesh,raebareli,2019,4,8079,2679
uttar pradesh,raebareli,2020,1,8080,3298
uttar pradesh,raebareli,2020,2,8081,3483
uttar pradesh,raebareli,2020,3,8082,3742
uttar pradesh,raebareli,2020,4,8083,6106
uttar pradesh,raebareli,2021,1,8084,10224
uttar pradesh,raebareli,2021,2,8085,11951
uttar pradesh,raebareli,2021,3,8086,16776
uttar pradesh,raebareli,2021,4,8087,20856
uttar pradesh,raebareli,2022,1,8088,26868
uttar pradesh,raebareli,2022,2,8089,31514
uttar pradesh,raebareli,2022,3,8090,36226
uttar pradesh,raebareli,2022,4,8091,40179
uttar pradesh,raebareli,2023,1,8092,41722
uttar pradesh,raebareli,2023,2,8093,43316
uttar pradesh,raebareli,2023,3,8094,45078
uttar pradesh,raebareli,2023,4,8095,46472
uttar pradesh,raebareli,2024,1,8096,47829
uttar pradesh,raebareli,2024,2,8097,49820
uttar pradesh,raebareli,2024,3,8098,52167
uttar pradesh,raebareli,2024,4,8099,54049
uttar pradesh,raebareli,2025,1,8100,55918
uttar pradesh,raebareli,2025,2,8101,57629
uttar pradesh,raebareli,2025,3,8102,59028
uttar pradesh,raebareli,2025,4,8103,60165
uttar pradesh,raebareli,2026,1,8104,60664
uttar pradesh,raebareli,2026,2,8105,61439
uttar pradesh,rampur,2018,4,8075,12
uttar pradesh,rampur,2019,1,8076,238
uttar pradesh,rampur,2019,2,8077,924
uttar pradesh,rampur,2019,3,8078,2151
uttar pradesh,rampur,2019,4,8079,2732
uttar pradesh,rampur,2020,1,8080,3497
uttar pradesh,rampur,2020,2,8081,3709
uttar pradesh,rampur,2020,3,8082,4280
uttar pradesh,rampur,2020,4,8083,6108
uttar pradesh,rampur,2021,1,8084,10667
uttar pradesh,rampur,2021,2,8085,13856
uttar pradesh,rampur,2021,3,8086,19648
uttar pradesh,rampur,2021,4,8087,24873
uttar pradesh,rampur,2022,1,8088,30107
uttar pradesh,rampur,2022,2,8089,33546
uttar pradesh,rampur,2022,3,8090,36542
uttar pradesh,rampur,2022,4,8091,40025
uttar pradesh,rampur,2023,1,8092,39976
uttar pradesh,rampur,2023,2,8093,41043
uttar pradesh,rampur,2023,3,8094,42607
uttar pradesh,rampur,2023,4,8095,43966
uttar pradesh,rampur,2024,1,8096,45061
uttar pradesh,rampur,2024,2,8097,46419
uttar pradesh,rampur,2024,3,8098,47956
uttar pradesh,rampur,2024,4,8099,49397
uttar pradesh,rampur,2025,1,8100,50571
uttar pradesh,rampur,2025,2,8101,51849
uttar pradesh,rampur,2025,3,8102,53136
uttar pradesh,rampur,2025,4,8103,55142
uttar pradesh,rampur,2026,1,8104,56611
uttar pradesh,rampur,2026,2,8105,58423
uttar pradesh,saharanpur,2018,3,8074,2
uttar pradesh,saharanpur,2018,4,8075,27
uttar pradesh,saharanpur,2019,1,8076,7914
uttar pradesh,saharanpur,2019,2,8077,13544
uttar pradesh,saharanpur,2019,3,8078,17682
uttar pradesh,saharanpur,2019,4,8079,21252
uttar pradesh,saharanpur,2020,1,8080,24112
uttar pradesh,saharanpur,2020,2,8081,25252
uttar pradesh,saharanpur,2020,3,8082,29404
uttar pradesh,saharanpur,2020,4,8083,39333
uttar pradesh,saharanpur,2021,1,8084,51428
uttar pradesh,saharanpur,2021,2,8085,59619
uttar pradesh,saharanpur,2021,3,8086,70862
uttar pradesh,saharanpur,2021,4,8087,85910
uttar pradesh,saharanpur,2022,1,8088,101872
uttar pradesh,saharanpur,2022,2,8089,111924
uttar pradesh,saharanpur,2022,3,8090,120162
uttar pradesh,saharanpur,2022,4,8091,129580
uttar pradesh,saharanpur,2023,1,8092,135023
uttar pradesh,saharanpur,2023,2,8093,138727
uttar pradesh,saharanpur,2023,3,8094,143814
uttar pradesh,saharanpur,2023,4,8095,147552
uttar pradesh,saharanpur,2024,1,8096,151006
uttar pradesh,saharanpur,2024,2,8097,155075
uttar pradesh,saharanpur,2024,3,8098,158802
uttar pradesh,saharanpur,2024,4,8099,162243
uttar pradesh,saharanpur,2025,1,8100,164837
uttar pradesh,saharanpur,2025,2,8101,167134
uttar pradesh,saharanpur,2025,3,8102,170470
uttar pradesh,saharanpur,2025,4,8103,174265
uttar pradesh,saharanpur,2026,1,8104,176336
uttar pradesh,saharanpur,2026,2,8105,178814
uttar pradesh,sambhal,2018,3,8074,2
uttar pradesh,sambhal,2018,4,8075,12
uttar pradesh,sambhal,2019,1,8076,122
uttar pradesh,sambhal,2019,2,8077,335
uttar pradesh,sambhal,2019,3,8078,1137
uttar pradesh,sambhal,2019,4,8079,1830
uttar pradesh,sambhal,2020,1,8080,2613
uttar pradesh,sambhal,2020,2,8081,2923
uttar pradesh,sambhal,2020,3,8082,3718
uttar pradesh,sambhal,2020,4,8083,4363
uttar pradesh,sambhal,2021,1,8084,8369
uttar pradesh,sambhal,2021,2,8085,10779
uttar pradesh,sambhal,2021,3,8086,18224
uttar pradesh,sambhal,2021,4,8087,24487
uttar pradesh,sambhal,2022,1,8088,33235
uttar pradesh,sambhal,2022,2,8089,39519
uttar pradesh,sambhal,2022,3,8090,50627
uttar pradesh,sambhal,2022,4,8091,62790
uttar pradesh,sambhal,2023,1,8092,66097
uttar pradesh,sambhal,2023,2,8093,69427
uttar pradesh,sambhal,2023,3,8094,74456
uttar pradesh,sambhal,2023,4,8095,76705
uttar pradesh,sambhal,2024,1,8096,77428
uttar pradesh,sambhal,2024,2,8097,79201
uttar pradesh,sambhal,2024,3,8098,81306
uttar pradesh,sambhal,2024,4,8099,82997
uttar pradesh,sambhal,2025,1,8100,85003
uttar pradesh,sambhal,2025,2,8101,86564
uttar pradesh,sambhal,2025,3,8102,88522
uttar pradesh,sambhal,2025,4,8103,91638
uttar pradesh,sambhal,2026,1,8104,92816
uttar pradesh,sambhal,2026,2,8105,94285
uttar pradesh,sant kabir nagar,2018,2,8073,2
uttar pradesh,sant kabir nagar,2018,3,8074,2
uttar pradesh,sant kabir nagar,2018,4,8075,23
uttar pradesh,sant kabir nagar,2019,1,8076,130
uttar pradesh,sant kabir nagar,2019,2,8077,535
uttar pradesh,sant kabir nagar,2019,3,8078,668
uttar pradesh,sant kabir nagar,2019,4,8079,851
uttar pradesh,sant kabir nagar,2020,1,8080,1036
uttar pradesh,sant kabir nagar,2020,2,8081,1123
uttar pradesh,sant kabir nagar,2020,3,8082,1343
uttar pradesh,sant kabir nagar,2020,4,8083,2407
uttar pradesh,sant kabir nagar,2021,1,8084,4187
uttar pradesh,sant kabir nagar,2021,2,8085,5403
uttar pradesh,sant kabir nagar,2021,3,8086,9315
uttar pradesh,sant kabir nagar,2021,4,8087,12817
uttar pradesh,sant kabir nagar,2022,1,8088,16021
uttar pradesh,sant kabir nagar,2022,2,8089,18237
uttar pradesh,sant kabir nagar,2022,3,8090,20412
uttar pradesh,sant kabir nagar,2022,4,8091,23596
uttar pradesh,sant kabir nagar,2023,1,8092,25178
uttar pradesh,sant kabir nagar,2023,2,8093,26202
uttar pradesh,sant kabir nagar,2023,3,8094,27698
uttar pradesh,sant kabir nagar,2023,4,8095,29344
uttar pradesh,sant kabir nagar,2024,1,8096,31526
uttar pradesh,sant kabir nagar,2024,2,8097,33345
uttar pradesh,sant kabir nagar,2024,3,8098,35793
uttar pradesh,sant kabir nagar,2024,4,8099,37653
uttar pradesh,sant kabir nagar,2025,1,8100,39755
uttar pradesh,sant kabir nagar,2025,2,8101,41073
uttar pradesh,sant kabir nagar,2025,3,8102,42636
uttar pradesh,sant kabir nagar,2025,4,8103,44332
uttar pradesh,sant kabir nagar,2026,1,8104,45116
uttar pradesh,sant kabir nagar,2026,2,8105,46027
uttar pradesh,shahjahanpur,2018,2,8073,2
uttar pradesh,shahjahanpur,2018,3,8074,5
uttar pradesh,shahjahanpur,2018,4,8075,20
uttar pradesh,shahjahanpur,2019,1,8076,244
uttar pradesh,shahjahanpur,2019,2,8077,2433
uttar pradesh,shahjahanpur,2019,3,8078,3886
uttar pradesh,shahjahanpur,2019,4,8079,4866
uttar pradesh,shahjahanpur,2020,1,8080,5957
uttar pradesh,shahjahanpur,2020,2,8081,6421
uttar pradesh,shahjahanpur,2020,3,8082,7923
uttar pradesh,shahjahanpur,2020,4,8083,10518
uttar pradesh,shahjahanpur,2021,1,8084,15484
uttar pradesh,shahjahanpur,2021,2,8085,18111
uttar pradesh,shahjahanpur,2021,3,8086,22329
uttar pradesh,shahjahanpur,2021,4,8087,27961
uttar pradesh,shahjahanpur,2022,1,8088,34497
uttar pradesh,shahjahanpur,2022,2,8089,38516
uttar pradesh,shahjahanpur,2022,3,8090,41733
uttar pradesh,shahjahanpur,2022,4,8091,45367
uttar pradesh,shahjahanpur,2023,1,8092,46270
uttar pradesh,shahjahanpur,2023,2,8093,47673
uttar pradesh,shahjahanpur,2023,3,8094,50586
uttar pradesh,shahjahanpur,2023,4,8095,54568
uttar pradesh,shahjahanpur,2024,1,8096,58411
uttar pradesh,shahjahanpur,2024,2,8097,62496
uttar pradesh,shahjahanpur,2024,3,8098,66946
uttar pradesh,shahjahanpur,2024,4,8099,72081
uttar pradesh,shahjahanpur,2025,1,8100,75958
uttar pradesh,shahjahanpur,2025,2,8101,79293
uttar pradesh,shahjahanpur,2025,3,8102,82296
uttar pradesh,shahjahanpur,2025,4,8103,85645
uttar pradesh,shahjahanpur,2026,1,8104,87158
uttar pradesh,shahjahanpur,2026,2,8105,88410
uttar pradesh,shamli,2018,4,8075,8
uttar pradesh,shamli,2019,1,8076,396
uttar pradesh,shamli,2019,2,8077,1636
uttar pradesh,shamli,2019,3,8078,2674
uttar pradesh,shamli,2019,4,8079,3557
uttar pradesh,shamli,2020,1,8080,4340
uttar pradesh,shamli,2020,2,8081,4699
uttar pradesh,shamli,2020,3,8082,5814
uttar pradesh,shamli,2020,4,8083,9270
uttar pradesh,shamli,2021,1,8084,13621
uttar pradesh,shamli,2021,2,8085,17127
uttar pradesh,shamli,2021,3,8086,22570
uttar pradesh,shamli,2021,4,8087,28509
uttar pradesh,shamli,2022,1,8088,34961
uttar pradesh,shamli,2022,2,8089,40100
uttar pradesh,shamli,2022,3,8090,44427
uttar pradesh,shamli,2022,4,8091,48778
uttar pradesh,shamli,2023,1,8092,49945
uttar pradesh,shamli,2023,2,8093,51004
uttar pradesh,shamli,2023,3,8094,52159
uttar pradesh,shamli,2023,4,8095,52910
uttar pradesh,shamli,2024,1,8096,53549
uttar pradesh,shamli,2024,2,8097,54582
uttar pradesh,shamli,2024,3,8098,55965
uttar pradesh,shamli,2024,4,8099,57326
uttar pradesh,shamli,2025,1,8100,58288
uttar pradesh,shamli,2025,2,8101,59892
uttar pradesh,shamli,2025,3,8102,62306
uttar pradesh,shamli,2025,4,8103,64860
uttar pradesh,shamli,2026,1,8104,66437
uttar pradesh,shamli,2026,2,8105,68105
uttar pradesh,shravasti,2018,4,8075,1
uttar pradesh,shravasti,2019,1,8076,21
uttar pradesh,shravasti,2019,2,8077,109
uttar pradesh,shravasti,2019,3,8078,159
uttar pradesh,shravasti,2019,4,8079,205
uttar pradesh,shravasti,2020,1,8080,259
uttar pradesh,shravasti,2020,2,8081,277
uttar pradesh,shravasti,2020,3,8082,308
uttar pradesh,shravasti,2020,4,8083,371
uttar pradesh,shravasti,2021,1,8084,681
uttar pradesh,shravasti,2021,2,8085,1050
uttar pradesh,shravasti,2021,3,8086,2201
uttar pradesh,shravasti,2021,4,8087,3941
uttar pradesh,shravasti,2022,1,8088,6721
uttar pradesh,shravasti,2022,2,8089,7956
uttar pradesh,shravasti,2022,3,8090,9434
uttar pradesh,shravasti,2022,4,8091,12135
uttar pradesh,shravasti,2023,1,8092,14040
uttar pradesh,shravasti,2023,2,8093,14876
uttar pradesh,shravasti,2023,3,8094,16053
uttar pradesh,shravasti,2023,4,8095,16952
uttar pradesh,shravasti,2024,1,8096,17923
uttar pradesh,shravasti,2024,2,8097,18627
uttar pradesh,shravasti,2024,3,8098,19627
uttar pradesh,shravasti,2024,4,8099,21059
uttar pradesh,shravasti,2025,1,8100,22593
uttar pradesh,shravasti,2025,2,8101,24119
uttar pradesh,shravasti,2025,3,8102,25807
uttar pradesh,shravasti,2025,4,8103,28368
uttar pradesh,shravasti,2026,1,8104,29104
uttar pradesh,shravasti,2026,2,8105,29805
uttar pradesh,siddharthnagar,2018,3,8074,2
uttar pradesh,siddharthnagar,2018,4,8075,22
uttar pradesh,siddharthnagar,2019,1,8076,175
uttar pradesh,siddharthnagar,2019,2,8077,369
uttar pradesh,siddharthnagar,2019,3,8078,548
uttar pradesh,siddharthnagar,2019,4,8079,695
uttar pradesh,siddharthnagar,2020,1,8080,852
uttar pradesh,siddharthnagar,2020,2,8081,979
uttar pradesh,siddharthnagar,2020,3,8082,1078
uttar pradesh,siddharthnagar,2020,4,8083,2213
uttar pradesh,siddharthnagar,2021,1,8084,6052
uttar pradesh,siddharthnagar,2021,2,8085,9597
uttar pradesh,siddharthnagar,2021,3,8086,14729
uttar pradesh,siddharthnagar,2021,4,8087,20150
uttar pradesh,siddharthnagar,2022,1,8088,24515
uttar pradesh,siddharthnagar,2022,2,8089,27297
uttar pradesh,siddharthnagar,2022,3,8090,29240
uttar pradesh,siddharthnagar,2022,4,8091,31335
uttar pradesh,siddharthnagar,2023,1,8092,32327
uttar pradesh,siddharthnagar,2023,2,8093,32937
uttar pradesh,siddharthnagar,2023,3,8094,34394
uttar pradesh,siddharthnagar,2023,4,8095,36902
uttar pradesh,siddharthnagar,2024,1,8096,39337
uttar pradesh,siddharthnagar,2024,2,8097,41096
uttar pradesh,siddharthnagar,2024,3,8098,42999
uttar pradesh,siddharthnagar,2024,4,8099,45035
uttar pradesh,siddharthnagar,2025,1,8100,46743
uttar pradesh,siddharthnagar,2025,2,8101,47825
uttar pradesh,siddharthnagar,2025,3,8102,48930
uttar pradesh,siddharthnagar,2025,4,8103,50968
uttar pradesh,siddharthnagar,2026,1,8104,51869
uttar pradesh,siddharthnagar,2026,2,8105,52702
uttar pradesh,sitapur,2018,3,8074,1
uttar pradesh,sitapur,2018,4,8075,11
uttar pradesh,sitapur,2019,1,8076,655
uttar pradesh,sitapur,2019,2,8077,1932
uttar pradesh,sitapur,2019,3,8078,2902
uttar pradesh,sitapur,2019,4,8079,3544
uttar pradesh,sitapur,2020,1,8080,4209
uttar pradesh,sitapur,2020,2,8081,4451
uttar pradesh,sitapur,2020,3,8082,5246
uttar pradesh,sitapur,2020,4,8083,11585
uttar pradesh,sitapur,2021,1,8084,19889
uttar pradesh,sitapur,2021,2,8085,24771
uttar pradesh,sitapur,2021,3,8086,31340
uttar pradesh,sitapur,2021,4,8087,30694
uttar pradesh,sitapur,2022,1,8088,41440
uttar pradesh,sitapur,2022,2,8089,47801
uttar pradesh,sitapur,2022,3,8090,52497
uttar pradesh,sitapur,2022,4,8091,58688
uttar pradesh,sitapur,2023,1,8092,58507
uttar pradesh,sitapur,2023,2,8093,60561
uttar pradesh,sitapur,2023,3,8094,64483
uttar pradesh,sitapur,2023,4,8095,66689
uttar pradesh,sitapur,2024,1,8096,69595
uttar pradesh,sitapur,2024,2,8097,73757
uttar pradesh,sitapur,2024,3,8098,78772
uttar pradesh,sitapur,2024,4,8099,83871
uttar pradesh,sitapur,2025,1,8100,88137
uttar pradesh,sitapur,2025,2,8101,92510
uttar pradesh,sitapur,2025,3,8102,97736
uttar pradesh,sitapur,2025,4,8103,104030
uttar pradesh,sitapur,2026,1,8104,106376
uttar pradesh,sitapur,2026,2,8105,108914
uttar pradesh,sonbhadra,2018,3,8074,1
uttar pradesh,sonbhadra,2018,4,8075,6
uttar pradesh,sonbhadra,2019,1,8076,227
uttar pradesh,sonbhadra,2019,2,8077,757
uttar pradesh,sonbhadra,2019,3,8078,1006
uttar pradesh,sonbhadra,2019,4,8079,1480
uttar pradesh,sonbhadra,2020,1,8080,1887
uttar pradesh,sonbhadra,2020,2,8081,2063
uttar pradesh,sonbhadra,2020,3,8082,2262
uttar pradesh,sonbhadra,2020,4,8083,4480
uttar pradesh,sonbhadra,2021,1,8084,7557
uttar pradesh,sonbhadra,2021,2,8085,9103
uttar pradesh,sonbhadra,2021,3,8086,14677
uttar pradesh,sonbhadra,2021,4,8087,20846
uttar pradesh,sonbhadra,2022,1,8088,26182
uttar pradesh,sonbhadra,2022,2,8089,30451
uttar pradesh,sonbhadra,2022,3,8090,33053
uttar pradesh,sonbhadra,2022,4,8091,36125
uttar pradesh,sonbhadra,2023,1,8092,36700
uttar pradesh,sonbhadra,2023,2,8093,37957
uttar pradesh,sonbhadra,2023,3,8094,39735
uttar pradesh,sonbhadra,2023,4,8095,41163
uttar pradesh,sonbhadra,2024,1,8096,42110
uttar pradesh,sonbhadra,2024,2,8097,43694
uttar pradesh,sonbhadra,2024,3,8098,45245
uttar pradesh,sonbhadra,2024,4,8099,46789
uttar pradesh,sonbhadra,2025,1,8100,48072
uttar pradesh,sonbhadra,2025,2,8101,49739
uttar pradesh,sonbhadra,2025,3,8102,52486
uttar pradesh,sonbhadra,2025,4,8103,55515
uttar pradesh,sonbhadra,2026,1,8104,57510
uttar pradesh,sonbhadra,2026,2,8105,59854
uttar pradesh,sultanpur,2018,1,8072,4
uttar pradesh,sultanpur,2018,2,8073,4
uttar pradesh,sultanpur,2018,3,8074,5
uttar pradesh,sultanpur,2018,4,8075,23
uttar pradesh,sultanpur,2019,1,8076,231
uttar pradesh,sultanpur,2019,2,8077,652
uttar pradesh,sultanpur,2019,3,8078,953
uttar pradesh,sultanpur,2019,4,8079,1377
uttar pradesh,sultanpur,2020,1,8080,1688
uttar pradesh,sultanpur,2020,2,8081,1852
uttar pradesh,sultanpur,2020,3,8082,1974
uttar pradesh,sultanpur,2020,4,8083,2791
uttar pradesh,sultanpur,2021,1,8084,6187
uttar pradesh,sultanpur,2021,2,8085,8286
uttar pradesh,sultanpur,2021,3,8086,14252
uttar pradesh,sultanpur,2021,4,8087,21738
uttar pradesh,sultanpur,2022,1,8088,29408
uttar pradesh,sultanpur,2022,2,8089,33273
uttar pradesh,sultanpur,2022,3,8090,36375
uttar pradesh,sultanpur,2022,4,8091,40848
uttar pradesh,sultanpur,2023,1,8092,43779
uttar pradesh,sultanpur,2023,2,8093,45240
uttar pradesh,sultanpur,2023,3,8094,47448
uttar pradesh,sultanpur,2023,4,8095,49687
uttar pradesh,sultanpur,2024,1,8096,51337
uttar pradesh,sultanpur,2024,2,8097,53747
uttar pradesh,sultanpur,2024,3,8098,57296
uttar pradesh,sultanpur,2024,4,8099,60537
uttar pradesh,sultanpur,2025,1,8100,63343
uttar pradesh,sultanpur,2025,2,8101,65709
uttar pradesh,sultanpur,2025,3,8102,68507
uttar pradesh,sultanpur,2025,4,8103,71593
uttar pradesh,sultanpur,2026,1,8104,73411
uttar pradesh,sultanpur,2026,2,8105,74816
uttar pradesh,unnao,2018,3,8074,3
uttar pradesh,unnao,2018,4,8075,29
uttar pradesh,unnao,2019,1,8076,707
uttar pradesh,unnao,2019,2,8077,3619
uttar pradesh,unnao,2019,3,8078,5069
uttar pradesh,unnao,2019,4,8079,5647
uttar pradesh,unnao,2020,1,8080,6343
uttar pradesh,unnao,2020,2,8081,6691
uttar pradesh,unnao,2020,3,8082,7473
uttar pradesh,unnao,2020,4,8083,11582
uttar pradesh,unnao,2021,1,8084,14549
uttar pradesh,unnao,2021,2,8085,17520
uttar pradesh,unnao,2021,3,8086,25701
uttar pradesh,unnao,2021,4,8087,29633
uttar pradesh,unnao,2022,1,8088,35194
uttar pradesh,unnao,2022,2,8089,39481
uttar pradesh,unnao,2022,3,8090,41492
uttar pradesh,unnao,2022,4,8091,44540
uttar pradesh,unnao,2023,1,8092,43323
uttar pradesh,unnao,2023,2,8093,44449
uttar pradesh,unnao,2023,3,8094,46202
uttar pradesh,unnao,2023,4,8095,48081
uttar pradesh,unnao,2024,1,8096,49403
uttar pradesh,unnao,2024,2,8097,51478
uttar pradesh,unnao,2024,3,8098,54051
uttar pradesh,unnao,2024,4,8099,55850
uttar pradesh,unnao,2025,1,8100,57098
uttar pradesh,unnao,2025,2,8101,58669
uttar pradesh,unnao,2025,3,8102,60644
uttar pradesh,unnao,2025,4,8103,62224
uttar pradesh,unnao,2026,1,8104,62841
uttar pradesh,unnao,2026,2,8105,63425
uttar pradesh,varanasi,2018,3,8074,14
uttar pradesh,varanasi,2018,4,8075,123
uttar pradesh,varanasi,2019,1,8076,8730
uttar pradesh,varanasi,2019,2,8077,19399
uttar pradesh,varanasi,2019,3,8078,27640
uttar pradesh,varanasi,2019,4,8079,35877
uttar pradesh,varanasi,2020,1,8080,44234
uttar pradesh,varanasi,2020,2,8081,46421
uttar pradesh,varanasi,2020,3,8082,53548
uttar pradesh,varanasi,2020,4,8083,60602
uttar pradesh,varanasi,2021,1,8084,69381
uttar pradesh,varanasi,2021,2,8085,74346
uttar pradesh,varanasi,2021,3,8086,87138
uttar pradesh,varanasi,2021,4,8087,101889
uttar pradesh,varanasi,2022,1,8088,118018
uttar pradesh,varanasi,2022,2,8089,127485
uttar pradesh,varanasi,2022,3,8090,137720
uttar pradesh,varanasi,2022,4,8091,146371
uttar pradesh,varanasi,2023,1,8092,146760
uttar pradesh,varanasi,2023,2,8093,149996
uttar pradesh,varanasi,2023,3,8094,155486
uttar pradesh,varanasi,2023,4,8095,160271
uttar pradesh,varanasi,2024,1,8096,165715
uttar pradesh,varanasi,2024,2,8097,171332
uttar pradesh,varanasi,2024,3,8098,175545
uttar pradesh,varanasi,2024,4,8099,180322
uttar pradesh,varanasi,2025,1,8100,184792
uttar pradesh,varanasi,2025,2,8101,188862
uttar pradesh,varanasi,2025,3,8102,192262
uttar pradesh,varanasi,2025,4,8103,196528
uttar pradesh,varanasi,2026,1,8104,199502
uttar pradesh,varanasi,2026,2,8105,202209
uttarakhand,almora,2018,3,8074,1
uttarakhand,almora,2018,4,8075,4
uttarakhand,almora,2019,1,8076,23
uttarakhand,almora,2019,2,8077,52
uttarakhand,almora,2019,3,8078,83
uttarakhand,almora,2019,4,8079,109
uttarakhand,almora,2020,1,8080,138
uttarakhand,almora,2020,2,8081,160
uttarakhand,almora,2020,3,8082,173
uttarakhand,almora,2020,4,8083,691
uttarakhand,almora,2021,1,8084,1679
uttarakhand,almora,2021,2,8085,2356
uttarakhand,almora,2021,3,8086,3078
uttarakhand,almora,2021,4,8087,3564
uttarakhand,almora,2022,1,8088,4488
uttarakhand,almora,2022,2,8089,5185
uttarakhand,almora,2022,3,8090,5823
uttarakhand,almora,2022,4,8091,5875
uttarakhand,almora,2023,1,8092,5845
uttarakhand,almora,2023,2,8093,6020
uttarakhand,almora,2023,3,8094,6100
uttarakhand,almora,2023,4,8095,6157
uttarakhand,almora,2024,1,8096,6241
uttarakhand,almora,2024,2,8097,6411
uttarakhand,almora,2024,3,8098,6519
uttarakhand,almora,2024,4,8099,6577
uttarakhand,almora,2025,1,8100,6697
uttarakhand,almora,2025,2,8101,6713
uttarakhand,almora,2025,3,8102,6793
uttarakhand,almora,2025,4,8103,6879
uttarakhand,almora,2026,1,8104,6899
uttarakhand,almora,2026,2,8105,6989
uttarakhand,bageshwar,2019,1,8076,2
uttarakhand,bageshwar,2019,2,8077,9
uttarakhand,bageshwar,2019,3,8078,17
uttarakhand,bageshwar,2019,4,8079,23
uttarakhand,bageshwar,2020,1,8080,32
uttarakhand,bageshwar,2020,2,8081,34
uttarakhand,bageshwar,2020,3,8082,38
uttarakhand,bageshwar,2020,4,8083,82
uttarakhand,bageshwar,2021,1,8084,594
uttarakhand,bageshwar,2021,2,8085,750
uttarakhand,bageshwar,2021,3,8086,906
uttarakhand,bageshwar,2021,4,8087,1022
uttarakhand,bageshwar,2022,1,8088,1236
uttarakhand,bageshwar,2022,2,8089,1557
uttarakhand,bageshwar,2022,3,8090,1679
uttarakhand,bageshwar,2022,4,8091,1745
uttarakhand,bageshwar,2023,1,8092,1703
uttarakhand,bageshwar,2023,2,8093,1722
uttarakhand,bageshwar,2023,3,8094,1732
uttarakhand,bageshwar,2023,4,8095,1765
uttarakhand,bageshwar,2024,1,8096,1765
uttarakhand,bageshwar,2024,2,8097,1812
uttarakhand,bageshwar,2024,3,8098,1831
uttarakhand,bageshwar,2024,4,8099,1837
uttarakhand,bageshwar,2025,1,8100,1843
uttarakhand,bageshwar,2025,2,8101,1846
uttarakhand,bageshwar,2025,3,8102,1860
uttarakhand,bageshwar,2025,4,8103,1871
uttarakhand,bageshwar,2026,1,8104,1909
uttarakhand,bageshwar,2026,2,8105,2047
uttarakhand,chamoli,2019,1,8076,5
uttarakhand,chamoli,2019,2,8077,18
uttarakhand,chamoli,2019,3,8078,36
uttarakhand,chamoli,2019,4,8079,52
uttarakhand,chamoli,2020,1,8080,65
uttarakhand,chamoli,2020,2,8081,76
uttarakhand,chamoli,2020,3,8082,236
uttarakhand,chamoli,2020,4,8083,481
uttarakhand,chamoli,2021,1,8084,663
uttarakhand,chamoli,2021,2,8085,725
uttarakhand,chamoli,2021,3,8086,947
uttarakhand,chamoli,2021,4,8087,1251
uttarakhand,chamoli,2022,1,8088,1911
uttarakhand,chamoli,2022,2,8089,2357
uttarakhand,chamoli,2022,3,8090,3027
uttarakhand,chamoli,2022,4,8091,3090
uttarakhand,chamoli,2023,1,8092,3066
uttarakhand,chamoli,2023,2,8093,3096
uttarakhand,chamoli,2023,3,8094,3174
uttarakhand,chamoli,2023,4,8095,3214
uttarakhand,chamoli,2024,1,8096,3196
uttarakhand,chamoli,2024,2,8097,3237
uttarakhand,chamoli,2024,3,8098,3295
uttarakhand,chamoli,2024,4,8099,3318
uttarakhand,chamoli,2025,1,8100,3340
uttarakhand,chamoli,2025,2,8101,3382
uttarakhand,chamoli,2025,3,8102,3406
uttarakhand,chamoli,2025,4,8103,3504
uttarakhand,chamoli,2026,1,8104,3648
uttarakhand,chamoli,2026,2,8105,3917
uttarakhand,champawat,2019,1,8076,4
uttarakhand,champawat,2019,2,8077,14
uttarakhand,champawat,2019,3,8078,24
uttarakhand,champawat,2019,4,8079,36
uttarakhand,champawat,2020,1,8080,47
uttarakhand,champawat,2020,2,8081,56
uttarakhand,champawat,2020,3,8082,60
uttarakhand,champawat,2020,4,8083,73
uttarakhand,champawat,2021,1,8084,238
uttarakhand,champawat,2021,2,8085,353
uttarakhand,champawat,2021,3,8086,683
uttarakhand,champawat,2021,4,8087,1287
uttarakhand,champawat,2022,1,8088,1492
uttarakhand,champawat,2022,2,8089,1733
uttarakhand,champawat,2022,3,8090,1922
uttarakhand,champawat,2022,4,8091,2108
uttarakhand,champawat,2023,1,8092,2245
uttarakhand,champawat,2023,2,8093,2347
uttarakhand,champawat,2023,3,8094,2411
uttarakhand,champawat,2023,4,8095,2493
uttarakhand,champawat,2024,1,8096,2553
uttarakhand,champawat,2024,2,8097,2688
uttarakhand,champawat,2024,3,8098,2822
uttarakhand,champawat,2024,4,8099,2898
uttarakhand,champawat,2025,1,8100,2919
uttarakhand,champawat,2025,2,8101,2931
uttarakhand,champawat,2025,3,8102,2947
uttarakhand,champawat,2025,4,8103,2972
uttarakhand,champawat,2026,1,8104,3036
uttarakhand,champawat,2026,2,8105,3121
uttarakhand,dehradun,2018,3,8074,2
uttarakhand,dehradun,2018,4,8075,44
uttarakhand,dehradun,2019,1,8076,5469
uttarakhand,dehradun,2019,2,8077,10299
uttarakhand,dehradun,2019,3,8078,14219
uttarakhand,dehradun,2019,4,8079,19145
uttarakhand,dehradun,2020,1,8080,23738
uttarakhand,dehradun,2020,2,8081,26118
uttarakhand,dehradun,2020,3,8082,32669
uttarakhand,dehradun,2020,4,8083,39478
uttarakhand,dehradun,2021,1,8084,51602
uttarakhand,dehradun,2021,2,8085,59049
uttarakhand,dehradun,2021,3,8086,69483
uttarakhand,dehradun,2021,4,8087,80573
uttarakhand,dehradun,2022,1,8088,92048
uttarakhand,dehradun,2022,2,8089,101854
uttarakhand,dehradun,2022,3,8090,108499
uttarakhand,dehradun,2022,4,8091,113904
uttarakhand,dehradun,2023,1,8092,112984
uttarakhand,dehradun,2023,2,8093,116387
uttarakhand,dehradun,2023,3,8094,120009
uttarakhand,dehradun,2023,4,8095,123899
uttarakhand,dehradun,2024,1,8096,128683
uttarakhand,dehradun,2024,2,8097,132590
uttarakhand,dehradun,2024,3,8098,135782
uttarakhand,dehradun,2024,4,8099,139285
uttarakhand,dehradun,2025,1,8100,142430
uttarakhand,dehradun,2025,2,8101,145209
uttarakhand,dehradun,2025,3,8102,148126
uttarakhand,dehradun,2025,4,8103,150844
uttarakhand,dehradun,2026,1,8104,153054
uttarakhand,dehradun,2026,2,8105,155822
uttarakhand,haridwar,2018,3,8074,1
uttarakhand,haridwar,2018,4,8075,12
uttarakhand,haridwar,2019,1,8076,719
uttarakhand,haridwar,2019,2,8077,5019
uttarakhand,haridwar,2019,3,8078,7806
uttarakhand,haridwar,2019,4,8079,10527
uttarakhand,haridwar,2020,1,8080,12899
uttarakhand,haridwar,2020,2,8081,13924
uttarakhand,haridwar,2020,3,8082,16482
uttarakhand,haridwar,2020,4,8083,20476
uttarakhand,haridwar,2021,1,8084,31107
uttarakhand,haridwar,2021,2,8085,39105
uttarakhand,haridwar,2021,3,8086,50044
uttarakhand,haridwar,2021,4,8087,64077
uttarakhand,haridwar,2022,1,8088,78503
uttarakhand,haridwar,2022,2,8089,87134
uttarakhand,haridwar,2022,3,8090,95110
uttarakhand,haridwar,2022,4,8091,101496
uttarakhand,haridwar,2023,1,8092,101077
uttarakhand,haridwar,2023,2,8093,104134
uttarakhand,haridwar,2023,3,8094,107640
uttarakhand,haridwar,2023,4,8095,110877
uttarakhand,haridwar,2024,1,8096,114080
uttarakhand,haridwar,2024,2,8097,117993
uttarakhand,haridwar,2024,3,8098,121632
uttarakhand,haridwar,2024,4,8099,124333
uttarakhand,haridwar,2025,1,8100,126420
uttarakhand,haridwar,2025,2,8101,128930
uttarakhand,haridwar,2025,3,8102,131861
uttarakhand,haridwar,2025,4,8103,134835
uttarakhand,haridwar,2026,1,8104,136916
uttarakhand,haridwar,2026,2,8105,139663
uttarakhand,nainital,2018,3,8074,1
uttarakhand,nainital,2018,4,8075,15
uttarakhand,nainital,2019,1,8076,124
uttarakhand,nainital,2019,2,8077,1196
uttarakhand,nainital,2019,3,8078,2589
uttarakhand,nainital,2019,4,8079,3827
uttarakhand,nainital,2020,1,8080,4977
uttarakhand,nainital,2020,2,8081,5532
uttarakhand,nainital,2020,3,8082,7248
uttarakhand,nainital,2020,4,8083,8975
uttarakhand,nainital,2021,1,8084,11718
uttarakhand,nainital,2021,2,8085,13499
uttarakhand,nainital,2021,3,8086,16715
uttarakhand,nainital,2021,4,8087,20545
uttarakhand,nainital,2022,1,8088,24460
uttarakhand,nainital,2022,2,8089,27239
uttarakhand,nainital,2022,3,8090,29774
uttarakhand,nainital,2022,4,8091,32076
uttarakhand,nainital,2023,1,8092,33830
uttarakhand,nainital,2023,2,8093,36180
uttarakhand,nainital,2023,3,8094,38422
uttarakhand,nainital,2023,4,8095,40414
uttarakhand,nainital,2024,1,8096,42605
uttarakhand,nainital,2024,2,8097,44953
uttarakhand,nainital,2024,3,8098,46686
uttarakhand,nainital,2024,4,8099,48214
uttarakhand,nainital,2025,1,8100,49432
uttarakhand,nainital,2025,2,8101,50683
uttarakhand,nainital,2025,3,8102,51824
uttarakhand,nainital,2025,4,8103,52808
uttarakhand,nainital,2026,1,8104,53436
uttarakhand,nainital,2026,2,8105,54087
uttarakhand,pauri garhwal,2018,4,8075,5
uttarakhand,pauri garhwal,2019,1,8076,25
uttarakhand,pauri garhwal,2019,2,8077,90
uttarakhand,pauri garhwal,2019,3,8078,139
uttarakhand,pauri garhwal,2019,4,8079,194
uttarakhand,pauri garhwal,2020,1,8080,267
uttarakhand,pauri garhwal,2020,2,8081,305
uttarakhand,pauri garhwal,2020,3,8082,464
uttarakhand,pauri garhwal,2020,4,8083,2316
uttarakhand,pauri garhwal,2021,1,8084,3266
uttarakhand,pauri garhwal,2021,2,8085,4047
uttarakhand,pauri garhwal,2021,3,8086,6177
uttarakhand,pauri garhwal,2021,4,8087,6905
uttarakhand,pauri garhwal,2022,1,8088,7888
uttarakhand,pauri garhwal,2022,2,8089,8827
uttarakhand,pauri garhwal,2022,3,8090,9477
uttarakhand,pauri garhwal,2022,4,8091,9921
uttarakhand,pauri garhwal,2023,1,8092,10109
uttarakhand,pauri garhwal,2023,2,8093,10347
uttarakhand,pauri garhwal,2023,3,8094,10386
uttarakhand,pauri garhwal,2023,4,8095,10433
uttarakhand,pauri garhwal,2024,1,8096,10430
uttarakhand,pauri garhwal,2024,2,8097,10562
uttarakhand,pauri garhwal,2024,3,8098,10703
uttarakhand,pauri garhwal,2024,4,8099,10813
uttarakhand,pauri garhwal,2025,1,8100,10897
uttarakhand,pauri garhwal,2025,2,8101,11003
uttarakhand,pauri garhwal,2025,3,8102,11159
uttarakhand,pauri garhwal,2025,4,8103,11446
uttarakhand,pauri garhwal,2026,1,8104,11737
uttarakhand,pauri garhwal,2026,2,8105,12088
uttarakhand,pithoragarh,2019,1,8076,15
uttarakhand,pithoragarh,2019,2,8077,33
uttarakhand,pithoragarh,2019,3,8078,58
uttarakhand,pithoragarh,2019,4,8079,74
uttarakhand,pithoragarh,2020,1,8080,96
uttarakhand,pithoragarh,2020,2,8081,118
uttarakhand,pithoragarh,2020,3,8082,124
uttarakhand,pithoragarh,2020,4,8083,143
uttarakhand,pithoragarh,2021,1,8084,645
uttarakhand,pithoragarh,2021,2,8085,1274
uttarakhand,pithoragarh,2021,3,8086,2083
uttarakhand,pithoragarh,2021,4,8087,2831
uttarakhand,pithoragarh,2022,1,8088,3779
uttarakhand,pithoragarh,2022,2,8089,4788
uttarakhand,pithoragarh,2022,3,8090,5803
uttarakhand,pithoragarh,2022,4,8091,6175
uttarakhand,pithoragarh,2023,1,8092,6193
uttarakhand,pithoragarh,2023,2,8093,6347
uttarakhand,pithoragarh,2023,3,8094,6503
uttarakhand,pithoragarh,2023,4,8095,6699
uttarakhand,pithoragarh,2024,1,8096,6833
uttarakhand,pithoragarh,2024,2,8097,7142
uttarakhand,pithoragarh,2024,3,8098,7379
uttarakhand,pithoragarh,2024,4,8099,7610
uttarakhand,pithoragarh,2025,1,8100,7778
uttarakhand,pithoragarh,2025,2,8101,7888
uttarakhand,pithoragarh,2025,3,8102,7934
uttarakhand,pithoragarh,2025,4,8103,8045
uttarakhand,pithoragarh,2026,1,8104,8167
uttarakhand,pithoragarh,2026,2,8105,8496
uttarakhand,rudraprayag,2019,1,8076,5
uttarakhand,rudraprayag,2019,2,8077,15
uttarakhand,rudraprayag,2019,3,8078,24
uttarakhand,rudraprayag,2019,4,8079,33
uttarakhand,rudraprayag,2020,1,8080,39
uttarakhand,rudraprayag,2020,2,8081,50
uttarakhand,rudraprayag,2020,3,8082,172
uttarakhand,rudraprayag,2020,4,8083,286
uttarakhand,rudraprayag,2021,1,8084,314
uttarakhand,rudraprayag,2021,2,8085,381
uttarakhand,rudraprayag,2021,3,8086,587
uttarakhand,rudraprayag,2021,4,8087,746
uttarakhand,rudraprayag,2022,1,8088,1130
uttarakhand,rudraprayag,2022,2,8089,1501
uttarakhand,rudraprayag,2022,3,8090,1761
uttarakhand,rudraprayag,2022,4,8091,1941
uttarakhand,rudraprayag,2023,1,8092,1991
uttarakhand,rudraprayag,2023,2,8093,2099
uttarakhand,rudraprayag,2023,3,8094,2117
uttarakhand,rudraprayag,2023,4,8095,2125
uttarakhand,rudraprayag,2024,1,8096,2109
uttarakhand,rudraprayag,2024,2,8097,2117
uttarakhand,rudraprayag,2024,3,8098,2148
uttarakhand,rudraprayag,2024,4,8099,2215
uttarakhand,rudraprayag,2025,1,8100,2246
uttarakhand,rudraprayag,2025,2,8101,2362
uttarakhand,rudraprayag,2025,3,8102,2389
uttarakhand,rudraprayag,2025,4,8103,2489
uttarakhand,rudraprayag,2026,1,8104,2595
uttarakhand,rudraprayag,2026,2,8105,2696
uttarakhand,tehri garhwal,2018,3,8074,3
uttarakhand,tehri garhwal,2018,4,8075,3
uttarakhand,tehri garhwal,2019,1,8076,46
uttarakhand,tehri garhwal,2019,2,8077,180
uttarakhand,tehri garhwal,2019,3,8078,300
uttarakhand,tehri garhwal,2019,4,8079,472
uttarakhand,tehri garhwal,2020,1,8080,619
uttarakhand,tehri garhwal,2020,2,8081,694
uttarakhand,tehri garhwal,2020,3,8082,1090
uttarakhand,tehri garhwal,2020,4,8083,2212
uttarakhand,tehri garhwal,2021,1,8084,3003
uttarakhand,tehri garhwal,2021,2,8085,3506
uttarakhand,tehri garhwal,2021,3,8086,4420
uttarakhand,tehri garhwal,2021,4,8087,5444
uttarakhand,tehri garhwal,2022,1,8088,6840
uttarakhand,tehri garhwal,2022,2,8089,8484
uttarakhand,tehri garhwal,2022,3,8090,9831
uttarakhand,tehri garhwal,2022,4,8091,10311
uttarakhand,tehri garhwal,2023,1,8092,10246
uttarakhand,tehri garhwal,2023,2,8093,10428
uttarakhand,tehri garhwal,2023,3,8094,10585
uttarakhand,tehri garhwal,2023,4,8095,10790
uttarakhand,tehri garhwal,2024,1,8096,11092
uttarakhand,tehri garhwal,2024,2,8097,11459
uttarakhand,tehri garhwal,2024,3,8098,11700
uttarakhand,tehri garhwal,2024,4,8099,11943
uttarakhand,tehri garhwal,2025,1,8100,12260
uttarakhand,tehri garhwal,2025,2,8101,12470
uttarakhand,tehri garhwal,2025,3,8102,12613
uttarakhand,tehri garhwal,2025,4,8103,12852
uttarakhand,tehri garhwal,2026,1,8104,13089
uttarakhand,tehri garhwal,2026,2,8105,13438
uttarakhand,udham singh nagar,2018,3,8074,2
uttarakhand,udham singh nagar,2018,4,8075,19
uttarakhand,udham singh nagar,2019,1,8076,574
uttarakhand,udham singh nagar,2019,2,8077,2800
uttarakhand,udham singh nagar,2019,3,8078,3649
uttarakhand,udham singh nagar,2019,4,8079,4518
uttarakhand,udham singh nagar,2020,1,8080,5337
uttarakhand,udham singh nagar,2020,2,8081,5767
uttarakhand,udham singh nagar,2020,3,8082,6797
uttarakhand,udham singh nagar,2020,4,8083,10232
uttarakhand,udham singh nagar,2021,1,8084,18685
uttarakhand,udham singh nagar,2021,2,8085,22661
uttarakhand,udham singh nagar,2021,3,8086,29530
uttarakhand,udham singh nagar,2021,4,8087,37103
uttarakhand,udham singh nagar,2022,1,8088,44770
uttarakhand,udham singh nagar,2022,2,8089,49747
uttarakhand,udham singh nagar,2022,3,8090,53511
uttarakhand,udham singh nagar,2022,4,8091,59665
uttarakhand,udham singh nagar,2023,1,8092,61885
uttarakhand,udham singh nagar,2023,2,8093,64572
uttarakhand,udham singh nagar,2023,3,8094,66700
uttarakhand,udham singh nagar,2023,4,8095,68882
uttarakhand,udham singh nagar,2024,1,8096,70672
uttarakhand,udham singh nagar,2024,2,8097,73402
uttarakhand,udham singh nagar,2024,3,8098,76314
uttarakhand,udham singh nagar,2024,4,8099,79018
uttarakhand,udham singh nagar,2025,1,8100,80800
uttarakhand,udham singh nagar,2025,2,8101,82448
uttarakhand,udham singh nagar,2025,3,8102,83704
uttarakhand,udham singh nagar,2025,4,8103,85229
uttarakhand,udham singh nagar,2026,1,8104,86137
uttarakhand,udham singh nagar,2026,2,8105,87601
uttarakhand,uttarkashi,2019,1,8076,9
uttarakhand,uttarkashi,2019,2,8077,22
uttarakhand,uttarkashi,2019,3,8078,37
uttarakhand,uttarkashi,2019,4,8079,48
uttarakhand,uttarkashi,2020,1,8080,66
uttarakhand,uttarkashi,2020,2,8081,84
uttarakhand,uttarkashi,2020,3,8082,105
uttarakhand,uttarkashi,2020,4,8083,447
uttarakhand,uttarkashi,2021,1,8084,810
uttarakhand,uttarkashi,2021,2,8085,856
uttarakhand,uttarkashi,2021,3,8086,1007
uttarakhand,uttarkashi,2021,4,8087,1213
uttarakhand,uttarkashi,2022,1,8088,1412
uttarakhand,uttarkashi,2022,2,8089,2237
uttarakhand,uttarkashi,2022,3,8090,2820
uttarakhand,uttarkashi,2022,4,8091,3393
uttarakhand,uttarkashi,2023,1,8092,3419
uttarakhand,uttarkashi,2023,2,8093,3523
uttarakhand,uttarkashi,2023,3,8094,3575
uttarakhand,uttarkashi,2023,4,8095,3616
uttarakhand,uttarkashi,2024,1,8096,3606
uttarakhand,uttarkashi,2024,2,8097,3620
uttarakhand,uttarkashi,2024,3,8098,3637
uttarakhand,uttarkashi,2024,4,8099,3649
uttarakhand,uttarkashi,2025,1,8100,3660
uttarakhand,uttarkashi,2025,2,8101,3750
uttarakhand,uttarkashi,2025,3,8102,3764
uttarakhand,uttarkashi,2025,4,8103,3926
uttarakhand,uttarkashi,2026,1,8104,3961
uttarakhand,uttarkashi,2026,2,8105,4027
west bengal,alipurduar,2018,3,8074,1
west bengal,alipurduar,2018,4,8075,26
west bengal,alipurduar,2019,1,8076,239
west bengal,alipurduar,2019,2,8077,738
west bengal,alipurduar,2019,3,8078,1047
west bengal,alipurduar,2019,4,8079,1500
west bengal,alipurduar,2020,1,8080,2032
west bengal,alipurduar,2020,2,8081,2283
west bengal,alipurduar,2020,3,8082,2852
west bengal,alipurduar,2020,4,8083,4455
west bengal,alipurduar,2021,1,8084,7425
west bengal,alipurduar,2021,2,8085,10773
west bengal,alipurduar,2021,3,8086,14186
west bengal,alipurduar,2021,4,8087,17199
west bengal,alipurduar,2022,1,8088,21917
west bengal,alipurduar,2022,2,8089,25393
west bengal,alipurduar,2022,3,8090,29273
west bengal,alipurduar,2022,4,8091,32361
west bengal,alipurduar,2023,1,8092,32598
west bengal,alipurduar,2023,2,8093,34697
west bengal,alipurduar,2023,3,8094,37482
west bengal,alipurduar,2023,4,8095,40092
west bengal,alipurduar,2024,1,8096,42277
west bengal,alipurduar,2024,2,8097,44586
west bengal,alipurduar,2024,3,8098,46044
west bengal,alipurduar,2024,4,8099,48300
west bengal,alipurduar,2025,1,8100,50589
west bengal,alipurduar,2025,2,8101,52039
west bengal,alipurduar,2025,3,8102,53315
west bengal,alipurduar,2025,4,8103,54490
west bengal,alipurduar,2026,1,8104,55330
west bengal,alipurduar,2026,2,8105,56482
west bengal,bankura,2018,3,8074,1
west bengal,bankura,2018,4,8075,60
west bengal,bankura,2019,1,8076,4000
west bengal,bankura,2019,2,8077,13772
west bengal,bankura,2019,3,8078,20804
west bengal,bankura,2019,4,8079,26628
west bengal,bankura,2020,1,8080,30967
west bengal,bankura,2020,2,8081,32150
west bengal,bankura,2020,3,8082,35401
west bengal,bankura,2020,4,8083,43126
west bengal,bankura,2021,1,8084,49985
west bengal,bankura,2021,2,8085,53357
west bengal,bankura,2021,3,8086,58366
west bengal,bankura,2021,4,8087,63146
west bengal,bankura,2022,1,8088,68419
west bengal,bankura,2022,2,8089,71652
west bengal,bankura,2022,3,8090,74780
west bengal,bankura,2022,4,8091,78087
west bengal,bankura,2023,1,8092,78037
west bengal,bankura,2023,2,8093,79471
west bengal,bankura,2023,3,8094,81459
west bengal,bankura,2023,4,8095,82894
west bengal,bankura,2024,1,8096,84681
west bengal,bankura,2024,2,8097,86564
west bengal,bankura,2024,3,8098,88291
west bengal,bankura,2024,4,8099,90288
west bengal,bankura,2025,1,8100,92242
west bengal,bankura,2025,2,8101,94415
west bengal,bankura,2025,3,8102,96895
west bengal,bankura,2025,4,8103,99942
west bengal,bankura,2026,1,8104,101707
west bengal,bankura,2026,2,8105,103002
west bengal,birbhum,2018,1,8072,18
west bengal,birbhum,2018,2,8073,31
west bengal,birbhum,2018,3,8074,31
west bengal,birbhum,2018,4,8075,89
west bengal,birbhum,2019,1,8076,4307
west bengal,birbhum,2019,2,8077,14097
west bengal,birbhum,2019,3,8078,20029
west bengal,birbhum,2019,4,8079,25392
west bengal,birbhum,2020,1,8080,29278
west bengal,birbhum,2020,2,8081,30605
west bengal,birbhum,2020,3,8082,34096
west bengal,birbhum,2020,4,8083,41488
west bengal,birbhum,2021,1,8084,49293
west bengal,birbhum,2021,2,8085,53029
west bengal,birbhum,2021,3,8086,59475
west bengal,birbhum,2021,4,8087,66479
west bengal,birbhum,2022,1,8088,74137
west bengal,birbhum,2022,2,8089,79384
west bengal,birbhum,2022,3,8090,83410
west bengal,birbhum,2022,4,8091,87594
west bengal,birbhum,2023,1,8092,88260
west bengal,birbhum,2023,2,8093,90226
west bengal,birbhum,2023,3,8094,93830
west bengal,birbhum,2023,4,8095,97054
west bengal,birbhum,2024,1,8096,100730
west bengal,birbhum,2024,2,8097,103784
west bengal,birbhum,2024,3,8098,107072
west bengal,birbhum,2024,4,8099,109699
west bengal,birbhum,2025,1,8100,112225
west bengal,birbhum,2025,2,8101,115042
west bengal,birbhum,2025,3,8102,118037
west bengal,birbhum,2025,4,8103,121337
west bengal,birbhum,2026,1,8104,123732
west bengal,birbhum,2026,2,8105,125234
west bengal,cooch behar,2018,4,8075,8
west bengal,cooch behar,2019,1,8076,797
west bengal,cooch behar,2019,2,8077,2100
west bengal,cooch behar,2019,3,8078,3387
west bengal,cooch behar,2019,4,8079,4237
west bengal,cooch behar,2020,1,8080,5082
west bengal,cooch behar,2020,2,8081,5735
west bengal,cooch behar,2020,3,8082,6633
west bengal,cooch behar,2020,4,8083,9788
west bengal,cooch behar,2021,1,8084,15713
west bengal,cooch behar,2021,2,8085,19147
west bengal,cooch behar,2021,3,8086,23242
west bengal,cooch behar,2021,4,8087,29732
west bengal,cooch behar,2022,1,8088,36625
west bengal,cooch behar,2022,2,8089,42431
west bengal,cooch behar,2022,3,8090,48460
west bengal,cooch behar,2022,4,8091,54515
west bengal,cooch behar,2023,1,8092,59453
west bengal,cooch behar,2023,2,8093,63162
west bengal,cooch behar,2023,3,8094,67743
west bengal,cooch behar,2023,4,8095,73533
west bengal,cooch behar,2024,1,8096,78564
west bengal,cooch behar,2024,2,8097,82624
west bengal,cooch behar,2024,3,8098,87004
west bengal,cooch behar,2024,4,8099,91826
west bengal,cooch behar,2025,1,8100,95677
west bengal,cooch behar,2025,2,8101,98329
west bengal,cooch behar,2025,3,8102,101139
west bengal,cooch behar,2025,4,8103,104931
west bengal,cooch behar,2026,1,8104,107081
west bengal,cooch behar,2026,2,8105,110248
west bengal,dakshin dinajpur,2018,1,8072,2
west bengal,dakshin dinajpur,2018,2,8073,6
west bengal,dakshin dinajpur,2018,3,8074,3
west bengal,dakshin dinajpur,2018,4,8075,57
west bengal,dakshin dinajpur,2019,1,8076,1492
west bengal,dakshin dinajpur,2019,2,8077,5182
west bengal,dakshin dinajpur,2019,3,8078,7887
west bengal,dakshin dinajpur,2019,4,8079,9674
west bengal,dakshin dinajpur,2020,1,8080,10941
west bengal,dakshin dinajpur,2020,2,8081,11493
west bengal,dakshin dinajpur,2020,3,8082,12599
west bengal,dakshin dinajpur,2020,4,8083,15431
west bengal,dakshin dinajpur,2021,1,8084,18447
west bengal,dakshin dinajpur,2021,2,8085,22631
west bengal,dakshin dinajpur,2021,3,8086,27833
west bengal,dakshin dinajpur,2021,4,8087,33563
west bengal,dakshin dinajpur,2022,1,8088,38103
west bengal,dakshin dinajpur,2022,2,8089,40771
west bengal,dakshin dinajpur,2022,3,8090,42213
west bengal,dakshin dinajpur,2022,4,8091,44323
west bengal,dakshin dinajpur,2023,1,8092,45152
west bengal,dakshin dinajpur,2023,2,8093,45959
west bengal,dakshin dinajpur,2023,3,8094,48422
west bengal,dakshin dinajpur,2023,4,8095,50667
west bengal,dakshin dinajpur,2024,1,8096,52579
west bengal,dakshin dinajpur,2024,2,8097,54239
west bengal,dakshin dinajpur,2024,3,8098,56042
west bengal,dakshin dinajpur,2024,4,8099,57861
west bengal,dakshin dinajpur,2025,1,8100,59558
west bengal,dakshin dinajpur,2025,2,8101,61523
west bengal,dakshin dinajpur,2025,3,8102,64034
west bengal,dakshin dinajpur,2025,4,8103,67294
west bengal,dakshin dinajpur,2026,1,8104,69055
west bengal,dakshin dinajpur,2026,2,8105,71119
west bengal,darjeeling,2018,3,8074,1
west bengal,darjeeling,2018,4,8075,76
west bengal,darjeeling,2019,1,8076,771
west bengal,darjeeling,2019,2,8077,2369
west bengal,darjeeling,2019,3,8078,4895
west bengal,darjeeling,2019,4,8079,6552
west bengal,darjeeling,2020,1,8080,7675
west bengal,darjeeling,2020,2,8081,7999
west bengal,darjeeling,2020,3,8082,9078
west bengal,darjeeling,2020,4,8083,11433
west bengal,darjeeling,2021,1,8084,13726
west bengal,darjeeling,2021,2,8085,15644
west bengal,darjeeling,2021,3,8086,19110
west bengal,darjeeling,2021,4,8087,22627
west bengal,darjeeling,2022,1,8088,27232
west bengal,darjeeling,2022,2,8089,30757
west bengal,darjeeling,2022,3,8090,35559
west bengal,darjeeling,2022,4,8091,39183
west bengal,darjeeling,2023,1,8092,41941
west bengal,darjeeling,2023,2,8093,44279
west bengal,darjeeling,2023,3,8094,50570
west bengal,darjeeling,2023,4,8095,53183
west bengal,darjeeling,2024,1,8096,55623
west bengal,darjeeling,2024,2,8097,58198
west bengal,darjeeling,2024,3,8098,60301
west bengal,darjeeling,2024,4,8099,62479
west bengal,darjeeling,2025,1,8100,64418
west bengal,darjeeling,2025,2,8101,66107
west bengal,darjeeling,2025,3,8102,67809
west bengal,darjeeling,2025,4,8103,69918
west bengal,darjeeling,2026,1,8104,71473
west bengal,darjeeling,2026,2,8105,73322
west bengal,hooghly,2018,3,8074,27
west bengal,hooghly,2018,4,8075,142
west bengal,hooghly,2019,1,8076,17577
west bengal,hooghly,2019,2,8077,36209
west bengal,hooghly,2019,3,8078,45038
west bengal,hooghly,2019,4,8079,50932
west bengal,hooghly,2020,1,8080,57690
west bengal,hooghly,2020,2,8081,60373
west bengal,hooghly,2020,3,8082,67415
west bengal,hooghly,2020,4,8083,81152
west bengal,hooghly,2021,1,8084,94054
west bengal,hooghly,2021,2,8085,100342
west bengal,hooghly,2021,3,8086,107820
west bengal,hooghly,2021,4,8087,114768
west bengal,hooghly,2022,1,8088,123833
west bengal,hooghly,2022,2,8089,129414
west bengal,hooghly,2022,3,8090,134004
west bengal,hooghly,2022,4,8091,138070
west bengal,hooghly,2023,1,8092,133734
west bengal,hooghly,2023,2,8093,136278
west bengal,hooghly,2023,3,8094,139970
west bengal,hooghly,2023,4,8095,143755
west bengal,hooghly,2024,1,8096,148265
west bengal,hooghly,2024,2,8097,152221
west bengal,hooghly,2024,3,8098,156005
west bengal,hooghly,2024,4,8099,160421
west bengal,hooghly,2025,1,8100,165191
west bengal,hooghly,2025,2,8101,169768
west bengal,hooghly,2025,3,8102,174455
west bengal,hooghly,2025,4,8103,179109
west bengal,hooghly,2026,1,8104,182191
west bengal,hooghly,2026,2,8105,185273
west bengal,howrah,2018,2,8073,4
west bengal,howrah,2018,3,8074,20
west bengal,howrah,2018,4,8075,91
west bengal,howrah,2019,1,8076,13447
west bengal,howrah,2019,2,8077,30904
west bengal,howrah,2019,3,8078,39437
west bengal,howrah,2019,4,8079,44431
west bengal,howrah,2020,1,8080,51590
west bengal,howrah,2020,2,8081,53417
west bengal,howrah,2020,3,8082,59512
west bengal,howrah,2020,4,8083,71855
west bengal,howrah,2021,1,8084,82290
west bengal,howrah,2021,2,8085,88154
west bengal,howrah,2021,3,8086,96208
west bengal,howrah,2021,4,8087,104883
west bengal,howrah,2022,1,8088,114515
west bengal,howrah,2022,2,8089,119460
west bengal,howrah,2022,3,8090,123276
west bengal,howrah,2022,4,8091,125909
west bengal,howrah,2023,1,8092,122171
west bengal,howrah,2023,2,8093,123872
west bengal,howrah,2023,3,8094,127767
west bengal,howrah,2023,4,8095,131712
west bengal,howrah,2024,1,8096,137501
west bengal,howrah,2024,2,8097,142693
west bengal,howrah,2024,3,8098,148107
west bengal,howrah,2024,4,8099,154097
west bengal,howrah,2025,1,8100,160028
west bengal,howrah,2025,2,8101,165541
west bengal,howrah,2025,3,8102,170177
west bengal,howrah,2025,4,8103,174946
west bengal,howrah,2026,1,8104,177627
west bengal,howrah,2026,2,8105,179662
west bengal,jalpaiguri,2018,4,8075,8
west bengal,jalpaiguri,2019,1,8076,604
west bengal,jalpaiguri,2019,2,8077,1958
west bengal,jalpaiguri,2019,3,8078,2510
west bengal,jalpaiguri,2019,4,8079,2873
west bengal,jalpaiguri,2020,1,8080,3615
west bengal,jalpaiguri,2020,2,8081,4073
west bengal,jalpaiguri,2020,3,8082,4689
west bengal,jalpaiguri,2020,4,8083,6569
west bengal,jalpaiguri,2021,1,8084,7219
west bengal,jalpaiguri,2021,2,8085,7627
west bengal,jalpaiguri,2021,3,8086,8536
west bengal,jalpaiguri,2021,4,8087,11187
west bengal,jalpaiguri,2022,1,8088,13959
west bengal,jalpaiguri,2022,2,8089,16481
west bengal,jalpaiguri,2022,3,8090,18876
west bengal,jalpaiguri,2022,4,8091,21940
west bengal,jalpaiguri,2023,1,8092,24876
west bengal,jalpaiguri,2023,2,8093,27004
west bengal,jalpaiguri,2023,3,8094,29482
west bengal,jalpaiguri,2023,4,8095,31375
west bengal,jalpaiguri,2024,1,8096,33746
west bengal,jalpaiguri,2024,2,8097,35679
west bengal,jalpaiguri,2024,3,8098,37865
west bengal,jalpaiguri,2024,4,8099,39907
west bengal,jalpaiguri,2025,1,8100,41311
west bengal,jalpaiguri,2025,2,8101,42926
west bengal,jalpaiguri,2025,3,8102,44607
west bengal,jalpaiguri,2025,4,8103,46075
west bengal,jalpaiguri,2026,1,8104,47371
west bengal,jalpaiguri,2026,2,8105,49094
west bengal,jhargram,2018,4,8075,19
west bengal,jhargram,2019,1,8076,564
west bengal,jhargram,2019,2,8077,1780
west bengal,jhargram,2019,3,8078,2402
west bengal,jhargram,2019,4,8079,3520
west bengal,jhargram,2020,1,8080,4295
west bengal,jhargram,2020,2,8081,4534
west bengal,jhargram,2020,3,8082,5414
west bengal,jhargram,2020,4,8083,8071
west bengal,jhargram,2021,1,8084,9970
west bengal,jhargram,2021,2,8085,11288
west bengal,jhargram,2021,3,8086,12371
west bengal,jhargram,2021,4,8087,13308
west bengal,jhargram,2022,1,8088,15062
west bengal,jhargram,2022,2,8089,16082
west bengal,jhargram,2022,3,8090,17027
west bengal,jhargram,2022,4,8091,18206
west bengal,jhargram,2023,1,8092,18507
west bengal,jhargram,2023,2,8093,19206
west bengal,jhargram,2023,3,8094,20105
west bengal,jhargram,2023,4,8095,20786
west bengal,jhargram,2024,1,8096,21191
west bengal,jhargram,2024,2,8097,21913
west bengal,jhargram,2024,3,8098,22560
west bengal,jhargram,2024,4,8099,23174
west bengal,jhargram,2025,1,8100,23916
west bengal,jhargram,2025,2,8101,24671
west bengal,jhargram,2025,3,8102,25488
west bengal,jhargram,2025,4,8103,26310
west bengal,jhargram,2026,1,8104,26833
west bengal,jhargram,2026,2,8105,27224
west bengal,kalimpong,2019,1,8076,7
west bengal,kalimpong,2019,2,8077,19
west bengal,kalimpong,2019,3,8078,59
west bengal,kalimpong,2019,4,8079,133
west bengal,kalimpong,2020,1,8080,139
west bengal,kalimpong,2020,2,8081,143
west bengal,kalimpong,2020,3,8082,171
west bengal,kalimpong,2020,4,8083,185
west bengal,kalimpong,2021,1,8084,214
west bengal,kalimpong,2021,2,8085,234
west bengal,kalimpong,2021,3,8086,262
west bengal,kalimpong,2021,4,8087,300
west bengal,kalimpong,2022,1,8088,336
west bengal,kalimpong,2022,2,8089,393
west bengal,kalimpong,2022,3,8090,460
west bengal,kalimpong,2022,4,8091,888
west bengal,kalimpong,2023,1,8092,955
west bengal,kalimpong,2023,2,8093,1005
west bengal,kalimpong,2023,3,8094,1228
west bengal,kalimpong,2023,4,8095,1392
west bengal,kalimpong,2024,1,8096,1485
west bengal,kalimpong,2024,2,8097,1607
west bengal,kalimpong,2024,3,8098,1806
west bengal,kalimpong,2024,4,8099,1989
west bengal,kalimpong,2025,1,8100,2174
west bengal,kalimpong,2025,2,8101,2395
west bengal,kalimpong,2025,3,8102,2596
west bengal,kalimpong,2025,4,8103,2773
west bengal,kalimpong,2026,1,8104,2832
west bengal,kalimpong,2026,2,8105,2898
west bengal,kolkata,2018,1,8072,5
west bengal,kolkata,2018,2,8073,65
west bengal,kolkata,2018,3,8074,149
west bengal,kolkata,2018,4,8075,363
west bengal,kolkata,2019,1,8076,29924
west bengal,kolkata,2019,2,8077,60765
west bengal,kolkata,2019,3,8078,78771
west bengal,kolkata,2019,4,8079,92763
west bengal,kolkata,2020,1,8080,107471
west bengal,kolkata,2020,2,8081,112764
west bengal,kolkata,2020,3,8082,128536
west bengal,kolkata,2020,4,8083,145067
west bengal,kolkata,2021,1,8084,160049
west bengal,kolkata,2021,2,8085,167382
west bengal,kolkata,2021,3,8086,178114
west bengal,kolkata,2021,4,8087,191721
west bengal,kolkata,2022,1,8088,204638
west bengal,kolkata,2022,2,8089,215204
west bengal,kolkata,2022,3,8090,224181
west bengal,kolkata,2022,4,8091,231173
west bengal,kolkata,2023,1,8092,226454
west bengal,kolkata,2023,2,8093,231126
west bengal,kolkata,2023,3,8094,237006
west bengal,kolkata,2023,4,8095,242469
west bengal,kolkata,2024,1,8096,250606
west bengal,kolkata,2024,2,8097,258147
west bengal,kolkata,2024,3,8098,266102
west bengal,kolkata,2024,4,8099,273864
west bengal,kolkata,2025,1,8100,281696
west bengal,kolkata,2025,2,8101,289390
west bengal,kolkata,2025,3,8102,296234
west bengal,kolkata,2025,4,8103,303936
west bengal,kolkata,2026,1,8104,308888
west bengal,kolkata,2026,2,8105,313504
west bengal,malda,2018,3,8074,2
west bengal,malda,2018,4,8075,42
west bengal,malda,2019,1,8076,3547
west bengal,malda,2019,2,8077,13355
west bengal,malda,2019,3,8078,17357
west bengal,malda,2019,4,8079,19597
west bengal,malda,2020,1,8080,21820
west bengal,malda,2020,2,8081,23456
west bengal,malda,2020,3,8082,25663
west bengal,malda,2020,4,8083,37957
west bengal,malda,2021,1,8084,51997
west bengal,malda,2021,2,8085,59539
west bengal,malda,2021,3,8086,68917
west bengal,malda,2021,4,8087,82491
west bengal,malda,2022,1,8088,94618
west bengal,malda,2022,2,8089,101336
west bengal,malda,2022,3,8090,108275
west bengal,malda,2022,4,8091,115301
west bengal,malda,2023,1,8092,120303
west bengal,malda,2023,2,8093,124071
west bengal,malda,2023,3,8094,130005
west bengal,malda,2023,4,8095,136230
west bengal,malda,2024,1,8096,141757
west bengal,malda,2024,2,8097,146600
west bengal,malda,2024,3,8098,151658
west bengal,malda,2024,4,8099,157387
west bengal,malda,2025,1,8100,162861
west bengal,malda,2025,2,8101,167081
west bengal,malda,2025,3,8102,170223
west bengal,malda,2025,4,8103,175358
west bengal,malda,2026,1,8104,178172
west bengal,malda,2026,2,8105,181875
west bengal,murshidabad,2018,3,8074,3
west bengal,murshidabad,2018,4,8075,148
west bengal,murshidabad,2019,1,8076,6053
west bengal,murshidabad,2019,2,8077,20485
west bengal,murshidabad,2019,3,8078,27431
west bengal,murshidabad,2019,4,8079,33159
west bengal,murshidabad,2020,1,8080,37089
west bengal,murshidabad,2020,2,8081,38478
west bengal,murshidabad,2020,3,8082,43422
west bengal,murshidabad,2020,4,8083,63970
west bengal,murshidabad,2021,1,8084,86951
west bengal,murshidabad,2021,2,8085,104894
west bengal,murshidabad,2021,3,8086,132091
west bengal,murshidabad,2021,4,8087,162644
west bengal,murshidabad,2022,1,8088,190927
west bengal,murshidabad,2022,2,8089,215785
west bengal,murshidabad,2022,3,8090,240936
west bengal,murshidabad,2022,4,8091,258214
west bengal,murshidabad,2023,1,8092,262870
west bengal,murshidabad,2023,2,8093,267503
west bengal,murshidabad,2023,3,8094,275930
west bengal,murshidabad,2023,4,8095,284560
west bengal,murshidabad,2024,1,8096,292344
west bengal,murshidabad,2024,2,8097,300852
west bengal,murshidabad,2024,3,8098,309926
west bengal,murshidabad,2024,4,8099,318050
west bengal,murshidabad,2025,1,8100,325759
west bengal,murshidabad,2025,2,8101,333716
west bengal,murshidabad,2025,3,8102,343060
west bengal,murshidabad,2025,4,8103,354934
west bengal,murshidabad,2026,1,8104,362356
west bengal,murshidabad,2026,2,8105,369999
west bengal,nadia,2018,3,8074,3
west bengal,nadia,2018,4,8075,74
west bengal,nadia,2019,1,8076,8389
west bengal,nadia,2019,2,8077,23447
west bengal,nadia,2019,3,8078,32689
west bengal,nadia,2019,4,8079,40294
west bengal,nadia,2020,1,8080,47724
west bengal,nadia,2020,2,8081,49844
west bengal,nadia,2020,3,8082,56112
west bengal,nadia,2020,4,8083,69254
west bengal,nadia,2021,1,8084,80612
west bengal,nadia,2021,2,8085,86081
west bengal,nadia,2021,3,8086,93972
west bengal,nadia,2021,4,8087,102256
west bengal,nadia,2022,1,8088,110923
west bengal,nadia,2022,2,8089,116901
west bengal,nadia,2022,3,8090,123024
west bengal,nadia,2022,4,8091,129653
west bengal,nadia,2023,1,8092,130810
west bengal,nadia,2023,2,8093,134634
west bengal,nadia,2023,3,8094,140693
west bengal,nadia,2023,4,8095,145666
west bengal,nadia,2024,1,8096,152444
west bengal,nadia,2024,2,8097,158163
west bengal,nadia,2024,3,8098,163656
west bengal,nadia,2024,4,8099,168609
west bengal,nadia,2025,1,8100,173160
west bengal,nadia,2025,2,8101,177754
west bengal,nadia,2025,3,8102,183109
west bengal,nadia,2025,4,8103,189534
west bengal,nadia,2026,1,8104,194373
west bengal,nadia,2026,2,8105,198519
west bengal,north twenty four parganas,2018,1,8072,4
west bengal,north twenty four parganas,2018,2,8073,41
west bengal,north twenty four parganas,2018,3,8074,87
west bengal,north twenty four parganas,2018,4,8075,570
west bengal,north twenty four parganas,2019,1,8076,37629
west bengal,north twenty four parganas,2019,2,8077,82116
west bengal,north twenty four parganas,2019,3,8078,109081
west bengal,north twenty four parganas,2019,4,8079,128002
west bengal,north twenty four parganas,2020,1,8080,148976
west bengal,north twenty four parganas,2020,2,8081,154919
west bengal,north twenty four parganas,2020,3,8082,174600
west bengal,north twenty four parganas,2020,4,8083,210169
west bengal,north twenty four parganas,2021,1,8084,239362
west bengal,north twenty four parganas,2021,2,8085,254004
west bengal,north twenty four parganas,2021,3,8086,275549
west bengal,north twenty four parganas,2021,4,8087,302608
west bengal,north twenty four parganas,2022,1,8088,328184
west bengal,north twenty four parganas,2022,2,8089,346100
west bengal,north twenty four parganas,2022,3,8090,362676
west bengal,north twenty four parganas,2022,4,8091,379042
west bengal,north twenty four parganas,2023,1,8092,378246
west bengal,north twenty four parganas,2023,2,8093,386885
west bengal,north twenty four parganas,2023,3,8094,400214
west bengal,north twenty four parganas,2023,4,8095,412049
west bengal,north twenty four parganas,2024,1,8096,427015
west bengal,north twenty four parganas,2024,2,8097,439285
west bengal,north twenty four parganas,2024,3,8098,450952
west bengal,north twenty four parganas,2024,4,8099,461874
west bengal,north twenty four parganas,2025,1,8100,472892
west bengal,north twenty four parganas,2025,2,8101,484272
west bengal,north twenty four parganas,2025,3,8102,496309
west bengal,north twenty four parganas,2025,4,8103,509500
west bengal,north twenty four parganas,2026,1,8104,518452
west bengal,north twenty four parganas,2026,2,8105,526367
west bengal,paschim bardhaman,2018,3,8074,5
west bengal,paschim bardhaman,2018,4,8075,42
west bengal,paschim bardhaman,2019,1,8076,2759
west bengal,paschim bardhaman,2019,2,8077,11626
west bengal,paschim bardhaman,2019,3,8078,16657
west bengal,paschim bardhaman,2019,4,8079,20964
west bengal,paschim bardhaman,2020,1,8080,25101
west bengal,paschim bardhaman,2020,2,8081,27183
west bengal,paschim bardhaman,2020,3,8082,31538
west bengal,paschim bardhaman,2020,4,8083,37761
west bengal,paschim bardhaman,2021,1,8084,45305
west bengal,paschim bardhaman,2021,2,8085,49483
west bengal,paschim bardhaman,2021,3,8086,55375
west bengal,paschim bardhaman,2021,4,8087,61659
west bengal,paschim bardhaman,2022,1,8088,68117
west bengal,paschim bardhaman,2022,2,8089,72310
west bengal,paschim bardhaman,2022,3,8090,76362
west bengal,paschim bardhaman,2022,4,8091,79254
west bengal,paschim bardhaman,2023,1,8092,78640
west bengal,paschim bardhaman,2023,2,8093,80546
west bengal,paschim bardhaman,2023,3,8094,84437
west bengal,paschim bardhaman,2023,4,8095,89159
west bengal,paschim bardhaman,2024,1,8096,94330
west bengal,paschim bardhaman,2024,2,8097,99179
west bengal,paschim bardhaman,2024,3,8098,103502
west bengal,paschim bardhaman,2024,4,8099,107914
west bengal,paschim bardhaman,2025,1,8100,111987
west bengal,paschim bardhaman,2025,2,8101,115198
west bengal,paschim bardhaman,2025,3,8102,118446
west bengal,paschim bardhaman,2025,4,8103,121803
west bengal,paschim bardhaman,2026,1,8104,124670
west bengal,paschim bardhaman,2026,2,8105,127430
west bengal,paschim medinipur,2018,3,8074,2
west bengal,paschim medinipur,2018,4,8075,78
west bengal,paschim medinipur,2019,1,8076,3434
west bengal,paschim medinipur,2019,2,8077,14987
west bengal,paschim medinipur,2019,3,8078,24409
west bengal,paschim medinipur,2019,4,8079,29723
west bengal,paschim medinipur,2020,1,8080,34614
west bengal,paschim medinipur,2020,2,8081,36291
west bengal,paschim medinipur,2020,3,8082,43530
west bengal,paschim medinipur,2020,4,8083,55281
west bengal,paschim medinipur,2021,1,8084,63280
west bengal,paschim medinipur,2021,2,8085,67484
west bengal,paschim medinipur,2021,3,8086,73542
west bengal,paschim medinipur,2021,4,8087,81575
west bengal,paschim medinipur,2022,1,8088,90919
west bengal,paschim medinipur,2022,2,8089,96310
west bengal,paschim medinipur,2022,3,8090,101519
west bengal,paschim medinipur,2022,4,8091,107105
west bengal,paschim medinipur,2023,1,8092,108166
west bengal,paschim medinipur,2023,2,8093,111369
west bengal,paschim medinipur,2023,3,8094,116876
west bengal,paschim medinipur,2023,4,8095,120074
west bengal,paschim medinipur,2024,1,8096,122898
west bengal,paschim medinipur,2024,2,8097,126412
west bengal,paschim medinipur,2024,3,8098,129800
west bengal,paschim medinipur,2024,4,8099,133685
west bengal,paschim medinipur,2025,1,8100,137937
west bengal,paschim medinipur,2025,2,8101,141650
west bengal,paschim medinipur,2025,3,8102,144968
west bengal,paschim medinipur,2025,4,8103,148959
west bengal,paschim medinipur,2026,1,8104,151557
west bengal,paschim medinipur,2026,2,8105,153294
west bengal,purba bardhaman,2018,3,8074,2
west bengal,purba bardhaman,2018,4,8075,67
west bengal,purba bardhaman,2019,1,8076,5151
west bengal,purba bardhaman,2019,2,8077,13444
west bengal,purba bardhaman,2019,3,8078,19213
west bengal,purba bardhaman,2019,4,8079,23204
west bengal,purba bardhaman,2020,1,8080,26058
west bengal,purba bardhaman,2020,2,8081,27900
west bengal,purba bardhaman,2020,3,8082,32191
west bengal,purba bardhaman,2020,4,8083,39334
west bengal,purba bardhaman,2021,1,8084,50494
west bengal,purba bardhaman,2021,2,8085,59330
west bengal,purba bardhaman,2021,3,8086,69296
west bengal,purba bardhaman,2021,4,8087,80715
west bengal,purba bardhaman,2022,1,8088,93821
west bengal,purba bardhaman,2022,2,8089,101784
west bengal,purba bardhaman,2022,3,8090,108882
west bengal,purba bardhaman,2022,4,8091,115542
west bengal,purba bardhaman,2023,1,8092,116878
west bengal,purba bardhaman,2023,2,8093,120194
west bengal,purba bardhaman,2023,3,8094,126454
west bengal,purba bardhaman,2023,4,8095,131147
west bengal,purba bardhaman,2024,1,8096,136016
west bengal,purba bardhaman,2024,2,8097,140545
west bengal,purba bardhaman,2024,3,8098,145112
west bengal,purba bardhaman,2024,4,8099,148871
west bengal,purba bardhaman,2025,1,8100,152454
west bengal,purba bardhaman,2025,2,8101,156326
west bengal,purba bardhaman,2025,3,8102,160687
west bengal,purba bardhaman,2025,4,8103,166215
west bengal,purba bardhaman,2026,1,8104,169436
west bengal,purba bardhaman,2026,2,8105,171963
west bengal,purba medinipur,2018,3,8074,1
west bengal,purba medinipur,2018,4,8075,60
west bengal,purba medinipur,2019,1,8076,3747
west bengal,purba medinipur,2019,2,8077,17330
west bengal,purba medinipur,2019,3,8078,25720
west bengal,purba medinipur,2019,4,8079,31873
west bengal,purba medinipur,2020,1,8080,37320
west bengal,purba medinipur,2020,2,8081,39102
west bengal,purba medinipur,2020,3,8082,44324
west bengal,purba medinipur,2020,4,8083,54149
west bengal,purba medinipur,2021,1,8084,64837
west bengal,purba medinipur,2021,2,8085,70332
west bengal,purba medinipur,2021,3,8086,78094
west bengal,purba medinipur,2021,4,8087,87679
west bengal,purba medinipur,2022,1,8088,97989
west bengal,purba medinipur,2022,2,8089,104412
west bengal,purba medinipur,2022,3,8090,110428
west bengal,purba medinipur,2022,4,8091,116086
west bengal,purba medinipur,2023,1,8092,118309
west bengal,purba medinipur,2023,2,8093,121783
west bengal,purba medinipur,2023,3,8094,126495
west bengal,purba medinipur,2023,4,8095,130788
west bengal,purba medinipur,2024,1,8096,134545
west bengal,purba medinipur,2024,2,8097,137924
west bengal,purba medinipur,2024,3,8098,141106
west bengal,purba medinipur,2024,4,8099,145366
west bengal,purba medinipur,2025,1,8100,149111
west bengal,purba medinipur,2025,2,8101,152857
west bengal,purba medinipur,2025,3,8102,157622
west bengal,purba medinipur,2025,4,8103,162381
west bengal,purba medinipur,2026,1,8104,165052
west bengal,purba medinipur,2026,2,8105,166868
west bengal,purulia,2018,4,8075,49
west bengal,purulia,2019,1,8076,2507
west bengal,purulia,2019,2,8077,9780
west bengal,purulia,2019,3,8078,15645
west bengal,purulia,2019,4,8079,20534
west bengal,purulia,2020,1,8080,23995
west bengal,purulia,2020,2,8081,25049
west bengal,purulia,2020,3,8082,27252
west bengal,purulia,2020,4,8083,33416
west bengal,purulia,2021,1,8084,38997
west bengal,purulia,2021,2,8085,41591
west bengal,purulia,2021,3,8086,45576
west bengal,purulia,2021,4,8087,50365
west bengal,purulia,2022,1,8088,55626
west bengal,purulia,2022,2,8089,58863
west bengal,purulia,2022,3,8090,62096
west bengal,purulia,2022,4,8091,65595
west bengal,purulia,2023,1,8092,66433
west bengal,purulia,2023,2,8093,68073
west bengal,purulia,2023,3,8094,70411
west bengal,purulia,2023,4,8095,72242
west bengal,purulia,2024,1,8096,74260
west bengal,purulia,2024,2,8097,76196
west bengal,purulia,2024,3,8098,77853
west bengal,purulia,2024,4,8099,78943
west bengal,purulia,2025,1,8100,79818
west bengal,purulia,2025,2,8101,80904
west bengal,purulia,2025,3,8102,82285
west bengal,purulia,2025,4,8103,84193
west bengal,purulia,2026,1,8104,85393
west bengal,purulia,2026,2,8105,86277
west bengal,south twenty four parganas,2018,2,8073,6
west bengal,south twenty four parganas,2018,3,8074,49
west bengal,south twenty four parganas,2018,4,8075,186
west bengal,south twenty four parganas,2019,1,8076,12033
west bengal,south twenty four parganas,2019,2,8077,27492
west bengal,south twenty four parganas,2019,3,8078,37176
west bengal,south twenty four parganas,2019,4,8079,44313
west bengal,south twenty four parganas,2020,1,8080,53773
west bengal,south twenty four parganas,2020,2,8081,56577
west bengal,south twenty four parganas,2020,3,8082,67010
west bengal,south twenty four parganas,2020,4,8083,81449
west bengal,south twenty four parganas,2021,1,8084,93884
west bengal,south twenty four parganas,2021,2,8085,99946
west bengal,south twenty four parganas,2021,3,8086,109249
west bengal,south twenty four parganas,2021,4,8087,119910
west bengal,south twenty four parganas,2022,1,8088,130745
west bengal,south twenty four parganas,2022,2,8089,138291
west bengal,south twenty four parganas,2022,3,8090,145320
west bengal,south twenty four parganas,2022,4,8091,151909
west bengal,south twenty four parganas,2023,1,8092,150793
west bengal,south twenty four parganas,2023,2,8093,154699
west bengal,south twenty four parganas,2023,3,8094,160791
west bengal,south twenty four parganas,2023,4,8095,168460
west bengal,south twenty four parganas,2024,1,8096,177613
west bengal,south twenty four parganas,2024,2,8097,185725
west bengal,south twenty four parganas,2024,3,8098,193425
west bengal,south twenty four parganas,2024,4,8099,201270
west bengal,south twenty four parganas,2025,1,8100,208070
west bengal,south twenty four parganas,2025,2,8101,214323
west bengal,south twenty four parganas,2025,3,8102,221466
west bengal,south twenty four parganas,2025,4,8103,229278
west bengal,south twenty four parganas,2026,1,8104,233893
west bengal,south twenty four parganas,2026,2,8105,238625
west bengal,uttar dinajpur,2018,4,8075,18
west bengal,uttar dinajpur,2019,1,8076,1253
west bengal,uttar dinajpur,2019,2,8077,4317
west bengal,uttar dinajpur,2019,3,8078,5961
west bengal,uttar dinajpur,2019,4,8079,7559
west bengal,uttar dinajpur,2020,1,8080,8687
west bengal,uttar dinajpur,2020,2,8081,9252
west bengal,uttar dinajpur,2020,3,8082,10450
west bengal,uttar dinajpur,2020,4,8083,14763
west bengal,uttar dinajpur,2021,1,8084,20825
west bengal,uttar dinajpur,2021,2,8085,25668
west bengal,uttar dinajpur,2021,3,8086,32850
west bengal,uttar dinajpur,2021,4,8087,41162
west bengal,uttar dinajpur,2022,1,8088,51651
west bengal,uttar dinajpur,2022,2,8089,59466
west bengal,uttar dinajpur,2022,3,8090,65085
west bengal,uttar dinajpur,2022,4,8091,70173
west bengal,uttar dinajpur,2023,1,8092,73267
west bengal,uttar dinajpur,2023,2,8093,74948
west bengal,uttar dinajpur,2023,3,8094,78314
west bengal,uttar dinajpur,2023,4,8095,81868
west bengal,uttar dinajpur,2024,1,8096,85077
west bengal,uttar dinajpur,2024,2,8097,88673
west bengal,uttar dinajpur,2024,3,8098,92495
west bengal,uttar dinajpur,2024,4,8099,95606
west bengal,uttar dinajpur,2025,1,8100,98383
west bengal,uttar dinajpur,2025,2,8101,101528
west bengal,uttar dinajpur,2025,3,8102,104441
west bengal,uttar dinajpur,2025,4,8103,107950
west bengal,uttar dinajpur,2026,1,8104,110486
west bengal,uttar dinajpur,2026,2,8105,113217
