district_key,period_id,transactions,value_inr,registered_users,registered_merchants,state,district,year,quarter,period_label,quarter_start,prior_period,prior_transactions,prior_users,prior_merchants,average_transaction_value,users_per_merchant,transactions_per_merchant,value_per_merchant,merchants_per_1000_users,transaction_qoq,user_qoq,merchant_qoq,transaction_yoy,user_yoy,merchant_yoy,district_share_of_state,district_share_of_mapped_india,growth_percentile,intensity_percentile,low_penetration_percentile,scale_percentile,opportunity_score,equal_weight_score,no_intensity_score,market_segment,score_rank,display_rank,equal_weight_rank,no_intensity_rank
gujarat|dahod,8105,16933391,19207494272.848843,613068,18617,gujarat,dahod,2026,2,2026-Q2,2026-04-01,8104,16699724,602454,18293,1134.2969800230114,32.93054734919697,909.566041789762,1031718.0143336114,30.366941350714765,0.01399226717758939,0.01761794261470584,0.017711692997321338,0.3569970644086313,0.1498093553717148,0.09350954478707774,0.014624191829536873,0.00043795949407495806,0.9602356406480118,0.6936671575846833,0.9617083946980854,0.4256259204712813,78.7039764359352,76.03092783505154,82.70986745213548,High growth / low relative penetration,15,15,24,1
andhra pradesh|west godavari,8105,116947182,175440890450.4419,1195968,48583,andhra pradesh,west godavari,2026,2,2026-Q2,2026-04-01,8104,108897235,1163644,47124,1500.1720216776314,24.617005948582836,2407.162628903114,3611158.027508427,40.62232434312624,0.07392241869134697,0.027778255205200164,0.030960869196163365,0.3053306759084742,0.11051395143692844,0.13307834036896238,0.036028569366727284,0.003024682336940784,0.8070692194403535,0.9955817378497791,0.9057437407952872,0.7466863033873343,86.67893961708396,86.37702503681885,82.65095729013254,High growth / low relative penetration,1,1,1,2
gujarat|jamnagar,8105,21411527,18808789438.998512,728437,32448,gujarat,jamnagar,2026,2,2026-Q2,2026-04-01,8104,19624177,697212,31791,878.4422259560708,22.449365138067062,659.8720106015779,579659.4378389581,44.544689520164404,0.09107897875156756,0.044785517174116274,0.020666226290459555,0.43114839094848834,0.13633803871527328,0.06663160316886363,0.018491646369667374,0.0005537804880482772,0.9926362297496318,0.4786450662739323,0.8527245949926362,0.5228276877761414,73.519882179676,71.17083946980854,82.62150220913107,High growth / low relative penetration,44,44,53,3
telangana|sangareddy,8105,199983054,247694265165.85773,1849509,102640,telangana,sangareddy,2026,2,2026-Q2,2026-04-01,8104,185277689,1780493,99533,1238.5762703966793,18.019378409976618,1948.392965705378,2413233.292730492,55.49580996902421,0.07936932438746047,0.03876229785795293,0.03121577768177386,0.32340520180300913,0.11661119358786354,0.16237457815225032,0.0515655152428151,0.005172294028609215,0.8792341678939617,0.9867452135493373,0.695139911634757,0.8924889543446245,86.2739322533137,86.340206185567,81.81148748159058,Mixed signals,2,2,2,4
gujarat|bharuch,8105,54956816,49075687018.12626,1267931,55060,gujarat,bharuch,2026,2,2026-Q2,2026-04-01,8104,53313819,1216696,53959,892.9863589281857,23.028169269887396,998.1259716672721,891312.8771908147,43.42507597022235,0.030817469669542907,0.042109943650673554,0.020404381104171643,0.29796967218297166,0.12302386201289073,0.09120456617384765,0.04746237888941213,0.0014213844900487185,0.7776141384388807,0.7496318114874816,0.8674521354933726,0.7717231222385862,79.1899852724595,79.16053019145802,80.75846833578792,High growth / low relative penetration,14,14,14,5
andhra pradesh|dr br ambedkar konaseema,8105,90739703,131195398848.14876,930577,45653,andhra pradesh,dr br ambedkar konaseema,2026,2,2026-Q2,2026-04-01,8104,84156459,919295,43914,1445.8433795859873,20.383698771165093,1987.5956235077651,2873751.973542785,49.05880974922011,0.07822624761338881,0.0122724479084515,0.03960012752197484,0.3295914408846017,0.09187922620856503,0.12075907104630046,0.02795468542244765,0.00234686096945331,0.9086892488954345,0.9896907216494846,0.8070692194403535,0.6406480117820325,84.99263622974962,83.65243004418262,80.61119293078056,High growth / low relative penetration,3,3,5,6
andhra pradesh|east godavari,8105,137797638,199632453172.0641,1370485,74989,andhra pradesh,east godavari,2026,2,2026-Q2,2026-04-01,8104,127045400,1339657,73104,1448.7363939581032,18.27581378602195,1837.571350464735,2662156.4919130015,54.71712568908087,0.08463303669396915,0.02301186049862025,0.025785182753337743,0.32186243402769366,0.10141662775568139,0.10918987678790648,0.0424520854145436,0.0035639514745277076,0.8748159057437408,0.9764359351988218,0.7172312223858616,0.7952871870397643,84.4918998527246,84.09425625920471,79.9779086892489,Mixed signals,4,4,4,7
andhra pradesh|alluri sitharama raju,8105,22403546,28684114124.232155,411684,11247,andhra pradesh,alluri sitharama raju,2026,2,2026-Q2,2026-04-01,8104,20991582,403857,10865,1280.3381270193636,36.60389437183249,1991.9574997777186,2550379.1343675787,27.31949747864867,0.06726334394425337,0.019380622348999843,0.03515876668200635,0.3787052917103264,0.14787758470701085,0.10081237153763345,0.006901985129677307,0.0005794377317363693,0.9823269513991163,0.9911634756995582,0.9720176730486009,0.2547864506627393,83.64506627393226,80.00736377025038,79.68335787923417,High growth / low relative penetration,6,6,12,8
andhra pradesh|sri potti sriramulu nellore,8105,167305685,260563771098.71765,1729942,93583,andhra pradesh,sri potti sriramulu nellore,2026,2,2026-Q2,2026-04-01,8104,152707700,1687374,90460,1557.4113401987365,18.48564376008463,1787.7786029513907,2784306.67000115,54.09603327741624,0.09559429550703724,0.025227365124744106,0.034523546318814935,0.3048670644189575,0.10795777322482247,0.15370769894594094,0.05154279371580176,0.0043271376157595545,0.8055964653902798,0.9705449189985272,0.727540500736377,0.8748159057437408,84.11634756995582,84.46244477172313,79.55817378497791,Mixed signals,5,5,3,9
karnataka|dakshina kannada,8105,65808357,80430221043.3572,1572822,54458,karnataka,dakshina kannada,2026,2,2026-Q2,2026-04-01,8104,61858620,1548592,53902,1222.1885594766816,28.881376473612693,1208.424051562672,1476922.0508163574,34.62438851948917,0.06385103644407208,0.015646471116988803,0.010315016140402866,0.2679983917348101,0.08969563358804011,0.057436893203883566,0.014651063587365329,0.001702045073997537,0.6303387334315169,0.8321060382916053,0.9410898379970545,0.8497790868924889,80.23564064801178,81.33284241531665,79.3961708394698,Mixed signals,11,11,8,10
gujarat|kachchh,8105,60579670,60581479510.03189,1507864,60486,gujarat,kachchh,2026,2,2026-Q2,2026-04-01,8104,58549681,1442061,59063,1000.0298699222345,24.92914062758324,1001.54862282181,1001578.5390012878,40.1136972565165,0.03467122220529273,0.045631218096876536,0.024092917731913355,0.27231207645591327,0.13776412203545352,0.09109603867522909,0.05231844673344164,0.0015668120829683738,0.6524300441826215,0.7525773195876289,0.9131075110456554,0.833578792341679,77.88659793814432,78.79234167893962,78.89543446244477,Mixed signals,17,17,15,11
bihar|bhagalpur,8105,68065095,76007496069.88295,1447411,80820,bihar,bhagalpur,2026,2,2026-Q2,2026-04-01,8104,63018127,1390690,78242,1116.6883124145047,17.909069537243255,842.1813288789904,940454.0468928848,55.83763008571857,0.08008755956837632,0.04078622841898616,0.03294905549449134,0.3098775231104103,0.1696477345823273,0.1488109621753777,0.02973506009315325,0.0017604125818841577,0.8173784977908689,0.6597938144329897,0.6907216494845361,0.8144329896907216,74.57290132547864,74.55817378497791,77.23122238586156,Mixed signals,36,36,31,12
maharashtra|nanded,8105,131031097,173603862249.46436,1764475,100568,maharashtra,nanded,2026,2,2026-Q2,2026-04-01,8104,117254514,1740406,97700,1324.9058141478,17.54509386683637,1302.9104387081377,1726233.6155582725,56.99599030873206,0.11749298624017146,0.013829531729952604,0.029355168884339866,0.3006844741384538,0.10550467050231149,0.133607619906442,0.025872709867297467,0.003388943948096796,0.7967599410898379,0.8733431516936672,0.6656848306332842,0.882179675994109,80.02209131075111,80.44918998527245,77.22385861561119,Mixed signals,12,12,11,13
meghalaya|east khasi hills,8105,6655012,7872656201.484827,253230,6726,meghalaya,east khasi hills,2026,2,2026-Q2,2026-04-01,8104,5511988,240220,6159,1182.9664922444658,37.64942016057092,989.445732976509,1170481.1480054753,26.56083402440469,0.20737055305635654,0.054158687869453104,0.0920603994154896,0.4228173742898753,0.1959252682484509,0.37912651220012306,0.29708796729832976,0.0001721229781195494,0.9896907216494846,0.7437407952871871,0.979381443298969,0.13107511045655376,75.39027982326951,71.09720176730487,77.14285714285715,High growth / low relative penetration,28,28,55,14
bihar|jehanabad,8105,20442084,22974201792.07982,416235,17868,bihar,jehanabad,2026,2,2026-Q2,2026-04-01,8104,20505814,402811,16989,1123.8678890116985,23.29499664204164,1144.061114842176,1285773.5500380467,42.92767306929979,-0.0031078990573112364,0.033325802919979886,0.051739360762846465,0.43401455642959474,0.1789355916841331,0.16647081864473168,0.008930371670961255,0.000528707142383814,0.9955817378497791,0.8070692194403535,0.8777614138438881,0.2621502209131075,77.23122238586157,73.5640648011782,77.09867452135492,High growth / low relative penetration,18,18,39,15
andhra pradesh|tirupati,8105,225322514,296625059979.7168,2219362,118910,andhra pradesh,tirupati,2026,2,2026-Q2,2026-04-01,8104,211434880,2150225,115731,1316.446611188249,18.6642166344294,1894.8996215625264,2494534.185347883,53.57846083694323,0.06568279557280232,0.03215337929751527,0.027468871780248927,0.28171313827999156,0.10963716933181145,0.12249136254649118,0.06941636118717577,0.005827665246443412,0.7010309278350515,0.9808541973490427,0.7349042709867453,0.9189985272459499,82.30486008836525,83.39469808541973,76.7378497790869,Mixed signals,7,7,6,16
maharashtra|raigad,8105,132572113,123706961028.08688,2644996,145090,maharashtra,raigad,2026,2,2026-Q2,2026-04-01,8104,128547514,2570653,142615,933.1295868240924,18.230036529050935,913.7232958853126,852622.2415610095,54.85452529984922,0.031308260072614,0.028919889226589612,0.017354415734670336,0.2811671212625888,0.1012401356629975,0.10279251478345475,0.026176990765356827,0.0034288002643964323,0.6980854197349042,0.6980854197349042,0.7142857142857143,0.9440353460972017,75.13254786450662,76.3622974963181,76.52430044182621,Mixed signals,29,29,23,17
assam|dibrugarh,8105,14518888,12272905193.346869,518303,21703,assam,dibrugarh,2026,2,2026-Q2,2026-04-01,8104,13364587,498042,20781,845.3061414446388,23.881629267843156,668.9806939132839,565493.4890727949,41.87319000661775,0.08637012127647492,0.04068130800213643,0.0443674510370049,0.32896328439438705,0.16524431095183933,0.15755506960371224,0.026440038706956423,0.0003755116056205741,0.9072164948453608,0.49337260677466865,0.8851251840942562,0.35051546391752575,68.68924889543446,65.90574374079529,76.03092783505156,High growth / low relative penetration,76,76,98,18
gujarat|panchmahals,8105,14559552,14130695548.494362,598664,26426,gujarat,panchmahals,2026,2,2026-Q2,2026-04-01,8104,13786221,583676,25880,970.5446670676654,22.654355558919246,550.9555740558541,534726.9941911134,44.14162201167934,0.056094487387080116,0.025678629924821283,0.02109737248840804,0.32556096124699785,0.1329171295183631,0.12791839173673658,0.012574072222162546,0.000376563325554701,0.8910162002945509,0.35051546391752575,0.8571428571428571,0.41384388807069217,65.19882179675994,62.812960235640645,75.98674521354934,High growth / low relative penetration,112,112,135,19
karnataka|mandya,8105,78895989,121870206985.62411,975953,41069,karnataka,mandya,2026,2,2026-Q2,2026-04-01,8104,71413936,954428,40005,1544.6945849886501,23.76373907326694,1921.0594122087218,2967450.071480292,42.08091988036309,0.10477020899674261,0.022552775065274755,0.02659667541557309,0.2821500060787401,0.0934888343363065,0.1585703001579779,0.01756479274550306,0.0020405391588125175,0.7069219440353461,0.9823269513991163,0.8836524300441826,0.6612665684830633,81.08247422680412,80.8541973490427,75.73637702503682,Mixed signals,9,9,9,20
andhra pradesh|eluru,8105,131965615,190892439048.94632,1279217,67639,andhra pradesh,eluru,2026,2,2026-Q2,2026-04-01,8104,121039764,1255721,65450,1446.5316518166214,18.912417392332827,1951.0284746965508,2822224.442244065,52.87531357072334,0.09026662510677075,0.01871116275032425,0.033445378151260474,0.29155981607310877,0.1046473672575543,0.14551120294003073,0.04065538162390546,0.003413114005380889,0.7466863033873343,0.9882179675994109,0.7466863033873343,0.7790868924889544,81.35493372606774,81.51693667157585,75.47864506627393,Mixed signals,8,8,7,21
maharashtra|satara,8105,97105417,106457835629.04172,1737945,89747,maharashtra,satara,2026,2,2026-Q2,2026-04-01,8104,90979878,1721310,87196,1096.3120175781926,19.364936989537256,1081.9906737829676,1186199.3785757932,51.63972392682162,0.06732850312241578,0.00966415114070096,0.02925592917106279,0.27526098217853257,0.08277308332819344,0.10304438135270333,0.019173923886052293,0.002511501642007666,0.6642120765832106,0.780559646539028,0.7658321060382917,0.8777614138438881,76.14138438880708,77.20913107511046,75.31664212076583,Mixed signals,24,24,19,22
karnataka|hassan,8105,88081824,127101185281.3815,1110612,42357,karnataka,hassan,2026,2,2026-Q2,2026-04-01,8104,81190857,1087481,41466,1442.9899326492318,26.220270557404916,2079.510446915504,3000712.639737977,38.138431783557174,0.0848736822669578,0.021270256675748778,0.02148748372160325,0.26413395707656595,0.09182496777941962,0.163685815544383,0.019609855999217874,0.0022781184865004003,0.5994108983799705,0.9941089837997055,0.9234167893961709,0.7172312223858616,80.26509572901327,80.8541973490427,74.22680412371135,Mixed signals,10,10,9,23
jharkhand|deoghar,8105,33053789,34302808109.92493,942391,47866,jharkhand,deoghar,2026,2,2026-Q2,2026-04-01,8104,30084715,921905,46492,1037.787471503643,19.688108469477292,690.5483850750011,716642.4624979094,50.79208099398233,0.09869044795671167,0.02222137855852835,0.029553471565000322,0.2941498329994183,0.1372770739454381,0.13909711810761283,0.040541377612336074,0.0008548920123382501,0.759941089837997,0.5198821796759941,0.7776141384388807,0.646539027982327,68.16642120765832,67.59941089837996,73.77761413843888,High growth / low relative penetration,85,85,88,24
andhra pradesh|annamayya,8105,96492048,153851950124.24747,1083722,50051,andhra pradesh,annamayya,2026,2,2026-Q2,2026-04-01,8104,90781521,1063009,48188,1594.4521161396374,21.652354598309724,1927.8745279814589,3073903.6207917416,46.18435355192568,0.06290406832906004,0.01948525365260312,0.038661077446667136,0.2755989757933628,0.10527598702293428,0.13107048428284096,0.02972684236808356,0.0024956376737734673,0.6671575846833578,0.9837997054491899,0.833578792341679,0.7039764359351989,79.52871870397644,79.71281296023565,73.46097201767306,Mixed signals,13,13,13,25
west bengal|darjeeling,8105,43173444,51509108295.92288,1141432,73322,west bengal,darjeeling,2026,2,2026-Q2,2026-04-01,8104,38629826,1112881,71473,1193.073878839105,15.56738768718802,588.8197812389187,702505.50033991,64.2368533561351,0.11761942701994044,0.02565503409618808,0.02586990891665386,0.3429870127931005,0.1267582276019399,0.10914124071580922,0.024222723434693064,0.001116623344474449,0.93519882179676,0.39764359351988215,0.5051546391752577,0.7290132547864506,65.20618556701031,64.17525773195875,73.3136966126657,Mixed signals,111,111,117,26
bihar|patna,8105,252700915,271833749795.09665,4677723,268226,bihar,patna,2026,2,2026-Q2,2026-04-01,8104,232340513,4538938,260707,1075.7133578052008,17.439483868081393,942.119388127922,1013450.4104564682,57.34114653646657,0.0876317338595185,0.03057653574470498,0.028840805962248917,0.26797901300118343,0.13280435324858986,0.1215618388151567,0.11039545148831147,0.006535770944265031,0.6288659793814433,0.7157584683357879,0.6597938144329897,0.9779086892488954,72.81296023564065,74.55817378497791,72.69513991163475,Mixed signals,48,48,31,27
sikkim|gangtok,8105,7028410,9043265131.132269,178569,5664,sikkim,gangtok,2026,2,2026-Q2,2026-04-01,8104,6026537,180438,5426,1286.6729646011358,31.52701271186441,1240.8915960451977,1596621.6686321096,31.718831376106714,0.16624356574928512,-0.01035812855385232,0.043862882417987414,0.3445187657318458,0.0745322927134544,0.24128862590401057,0.46993148814635544,0.00018178041762287163,0.9396170839469808,0.8409425625920471,0.9543446244477173,0.06480117820324006,74.36671575846833,69.99263622974964,72.60677466863034,High growth / low relative penetration,37,37,64,28
maharashtra|yavatmal,8105,68274135,80904288500.13358,1276959,52956,maharashtra,yavatmal,2026,2,2026-Q2,2026-04-01,8104,63601566,1253856,51214,1184.9917761701936,24.113584862905054,1289.261556764106,1527764.3420978468,41.47039959779445,0.07346625710442423,0.018425560829951726,0.03401413675947973,0.2569549936108504,0.12224614627458563,0.14658121508682287,0.013481050885925952,0.0017658191216989784,0.5478645066273933,0.8674521354933726,0.8895434462444771,0.7776141384388807,75.91310751104565,77.06185567010309,72.48895434462445,Mixed signals,26,26,21,29
andhra pradesh|guntur,8105,198471270,269685684581.6649,2002926,132072,andhra pradesh,guntur,2026,2,2026-Q2,2026-04-01,8104,187148603,1949876,127784,1358.8147270971,15.165409776485554,1502.750545157187,2041959.5719127816,65.93953046692688,0.06050094319966681,0.027206858282270208,0.03355662680773808,0.31367338522430255,0.10912400331586625,0.153930836842749,0.06114414897570991,0.005133193758864624,0.8379970544918999,0.9219440353460973,0.4683357879234168,0.9027982326951399,77.95287187039764,78.27687776141384,72.48159057437408,Mixed signals,16,16,17,30
karnataka|mysuru,8105,183550671,234615696478.40112,2414508,133130,karnataka,mysuru,2026,2,2026-Q2,2026-04-01,8104,169070463,2364693,129639,1278.2066946429256,18.136468113873658,1378.7325997145647,1762305.2390776018,55.137526982722775,0.08564599482997814,0.02106615953952584,0.026928624873687745,0.2656812000608104,0.08967530987609473,0.098731502801918,0.040864301661938975,0.004747292435890666,0.614138438880707,0.8954344624447718,0.7025036818851251,0.9322533136966127,77.01767304860087,78.60824742268042,72.45949926362297,Mixed signals,20,20,16,31
maharashtra|buldhana,8105,91306788,109721219470.54532,1350212,69454,maharashtra,buldhana,2026,2,2026-Q2,2026-04-01,8104,85347068,1333223,68273,1201.6764785389814,19.44037780401417,1314.6368531690039,1579768.1842736965,51.439329527511234,0.06982922951729287,0.012742804467069657,0.017298199874035136,0.2689636267569706,0.10214639920004909,0.10360059745129813,0.018028957163037703,0.002361527863975352,0.6377025036818851,0.8777614138438881,0.7717231222385862,0.792341678939617,76.21502209131074,76.98821796759941,72.32695139911634,Mixed signals,23,23,22,32
kerala|kannur,8105,23650060,27986601957.535408,1167934,66381,kerala,kannur,2026,2,2026-Q2,2026-04-01,8104,22093276,1138404,64766,1183.3628311105938,17.594402012624094,356.2775492987451,421605.60939930717,56.83625958316138,0.07046415389007943,0.02593982452626653,0.024935923169564278,0.29271369377707246,0.11297209884284376,0.0933392627730012,0.08026497460972451,0.0006116771479759962,0.7496318114874816,0.13696612665684832,0.6715758468335787,0.7393225331369662,57.48895434462445,57.437407952871865,71.97349042709867,Mixed signals,206,206,205,33
maharashtra|ratnagiri,8105,13848541,15608330604.23619,524576,14161,maharashtra,ratnagiri,2026,2,2026-Q2,2026-04-01,8104,13020892,533015,13798,1127.0740075966262,37.04371160228797,977.9352446861097,1102205.3953983611,26.995135118648204,0.0635631568098407,-0.01583257506824387,0.02630816060298602,0.28644097916182654,0.06010286257035169,0.0892239058533959,0.002734459922734017,0.000358173977677378,0.7245949926362297,0.7407952871870398,0.9734904270986745,0.35640648011782033,71.72312223858616,69.88217967599411,71.9661266568483,Mixed signals,56,56,65,34
assam|tinsukia,8105,13913248,13298220538.251854,488784,25687,assam,tinsukia,2026,2,2026-Q2,2026-04-01,8104,12847397,470142,24612,955.7955509922524,19.028457974851094,541.6455016156033,517702.3606591604,52.55286588759043,0.08296240864978333,0.03965184986663606,0.04367788070859735,0.33758183205355374,0.1720370805538105,0.22599274532264224,0.02533712056043714,0.0003598475376266586,0.9278350515463918,0.33726067746686306,0.7569955817378498,0.3284241531664212,61.759941089838,58.76288659793815,71.81885125184094,High growth / low relative penetration,152,152,182,35
maharashtra|sindhudurg,8105,7558165,9214363961.101068,296619,9275,maharashtra,sindhudurg,2026,2,2026-Q2,2026-04-01,8104,7019075,305190,8917,1219.1271242558305,31.980485175202155,814.8964959568733,993462.4216820559,31.269069075143534,0.07680356742163319,-0.028084144303548664,0.04014803184927662,0.31447765175902775,0.04669971946292151,0.1243787125712208,0.0014923954286528056,0.00019548182165846493,0.845360824742268,0.6362297496318114,0.9572901325478645,0.17820324005891017,68.76288659793815,65.42709867452136,71.77466863033874,High growth / low relative penetration,74,74,104,36
uttar pradesh|kushinagar,8105,62347702,68203879551.46507,1386079,98458,uttar pradesh,kushinagar,2026,2,2026-Q2,2026-04-01,8104,54843245,1352607,96928,1093.927720888014,14.077870767230698,633.2416055576997,692720.5463392012,71.03346923227319,0.13683466395907096,0.024746286245746152,0.015784912512380345,0.3617041100321936,0.1528676989207245,0.12321891006993169,0.017010229955573917,0.0016125398642632329,0.9690721649484536,0.44477172312223856,0.36671575846833576,0.7997054491899853,65.35346097201767,64.50662739322533,71.59057437407952,Mixed signals,108,108,114,37
maharashtra|parbhani,8105,65772822,83078117306.7797,907133,50831,maharashtra,parbhani,2026,2,2026-Q2,2026-04-01,8104,59225411,895007,49547,1263.1070825390416,17.846058507603626,1293.9509747988432,1634398.6407267158,56.03478211023081,0.11055070601367367,0.013548497386054015,0.025914787979090637,0.29802520756658013,0.10145365709137444,0.10735681763719152,0.01298715480310296,0.001701126008783608,0.7790868924889544,0.8718703976435935,0.6877761413843888,0.6318114874815906,75.0,74.26362297496317,71.03092783505154,Mixed signals,31,31,36,38
andhra pradesh|srikakulam,8105,98256003,148236447419.4173,1148380,59392,andhra pradesh,srikakulam,2026,2,2026-Q2,2026-04-01,8104,92908737,1144688,58081,1508.675733730155,19.335600754310345,1654.3642746497844,2495899.235914219,51.71807241505425,0.057553962874342,0.0032253330165075145,0.022571925414507366,0.2714539142872694,0.07867190670133306,0.1095086867177284,0.03027027380431334,0.0025412600089201012,0.6494845360824743,0.9587628865979382,0.7628865979381443,0.7334315169366715,77.19440353460972,77.61413843888072,71.0162002945508,Mixed signals,19,19,18,39
gujarat|mahisagar,8105,6137394,6998223144.40125,282541,9790,gujarat,mahisagar,2026,2,2026-Q2,2026-04-01,8104,5941319,277330,9733,1140.259716811606,28.860163432073545,626.9043922369765,714833.8247600868,34.64983843052867,0.033001931052683675,0.01878988930155412,0.005856364944004877,0.31579918896060244,0.13787881838867522,0.04773116438356162,0.005300440247877619,0.00015873548134444444,0.8541973490427098,0.4374079528718704,0.9396170839469808,0.15758468335787923,63.20324005891016,59.72017673048601,70.9941089837997,High growth / low relative penetration,136,136,170,40
maharashtra|latur,8105,114882213,135860687108.5986,1416945,90127,maharashtra,latur,2026,2,2026-Q2,2026-04-01,8104,106349124,1396494,88404,1182.6085480142917,15.721648340674825,1274.670331865035,1507436.0303638044,63.606562004876686,0.0802365706369148,0.014644531233216851,0.019490068322700393,0.3094632291274635,0.10457719633861706,0.09364154835578198,0.022684036338809475,0.00297127467756999,0.8159057437407953,0.8586156111929307,0.5169366715758469,0.8085419734904271,75.03681885125184,75.0,70.94256259204712,Mixed signals,30,30,27,41
maharashtra|sangli,8105,77033307,95139218961.47244,1580036,86833,maharashtra,sangli,2026,2,2026-Q2,2026-04-01,8104,72724743,1554515,85693,1235.040045229688,18.196261789872516,887.1432174403741,1095657.3993927706,54.95634276687367,0.059244815756860136,0.016417339170094802,0.013303303653740661,0.2666103646931479,0.09454809701908706,0.059429979746711936,0.015210590827377832,0.0019923633819499548,0.6215022091310751,0.6833578792341679,0.7083946980854198,0.8512518409425626,70.46391752577318,71.61266568483063,70.93519882179676,Mixed signals,63,63,52,42
maharashtra|gadchiroli,8105,20235867,26586391668.450592,463308,17139,maharashtra,gadchiroli,2026,2,2026-Q2,2026-04-01,8104,19213271,449945,16774,1313.8251831982584,27.032382286014354,1180.6912305268686,1551221.8722475402,36.99267010282576,0.053223420416024014,0.029699185456000254,0.021759866459997612,0.2950117784386417,0.1477593933553485,0.046592574499267236,0.0039956676528795235,0.0005233736156856083,0.7658321060382917,0.8217967599410898,0.9293078055964654,0.30927835051546393,72.93814432989691,70.65537555228276,70.89101620029454,High growth / low relative penetration,45,45,58,43
gujarat|valsad,8105,51903972,48772915110.49753,1252554,52222,gujarat,valsad,2026,2,2026-Q2,2026-04-01,8104,50752709,1210516,50852,939.6759675829343,23.985178660334725,993.9100762130903,933953.4125559635,41.69241405959344,0.022683774377442623,0.03472733941558803,0.026940926610556026,0.2522159268808184,0.12148091773922776,0.14404013407233762,0.044825849898753926,0.0013424267660033828,0.5110456553755522,0.7466863033873343,0.8865979381443299,0.7687776141384389,71.53902798232696,72.82768777614137,70.6921944035346,Mixed signals,58,58,44,44
telangana|mahabubnagar,8105,64498115,88892397070.01947,650091,35675,telangana,mahabubnagar,2026,2,2026-Q2,2026-04-01,8104,59175967,636963,34484,1378.216976884045,18.22259285213735,1807.935949544499,2491728.0187812047,54.876932614049416,0.0899376599963293,0.02061030232525285,0.034537756640760975,0.31723851601984476,0.09806547945807065,0.1532617831512253,0.01663080178866226,0.0016681574183333074,0.8586156111929307,0.9749631811487481,0.7128129602356407,0.4477172312223859,76.90721649484537,74.85272459499264,70.4860088365243,Mixed signals,21,21,29,45
andhra pradesh|kakinada,8105,150675340,202569584371.67105,1518007,94093,andhra pradesh,kakinada,2026,2,2026-Q2,2026-04-01,8104,139653754,1481623,90998,1344.410998984114,16.13304921726377,1601.3448396798913,2152865.6156320986,61.9845626535319,0.07892080008103464,0.024556854206502,0.03401173652168188,0.29229469216679327,0.10334789678002698,0.14712587625723872,0.046419390755779125,0.0038970160008690692,0.748159057437408,0.946980854197349,0.5552282768777614,0.8379970544918999,76.75994108983801,77.20913107511046,70.30927835051547,Mixed signals,22,22,19,46
telangana|narayanpet,8105,21594457,34646353257.66289,248512,12071,telangana,narayanpet,2026,2,2026-Q2,2026-04-01,8104,19116959,244654,11645,1604.4095601784702,20.587523817413636,1788.9534421340402,2870214.005274036,48.57310713365954,0.12959686736786957,0.01576920876012644,0.03658222413052803,0.36120629043773134,0.09936253323365074,0.19966209501093224,0.00556811829463218,0.0005585117276594769,0.96759941089838,0.9720176730486009,0.8114874815905744,0.12371134020618557,76.0898379970545,71.87039764359352,70.19882179675994,High growth / low relative penetration,25,25,50,47
punjab|tarn taran,8105,6589627,13907125870.89544,360111,19428,punjab,tarn taran,2026,2,2026-Q2,2026-04-01,8104,5668487,344684,19172,2110.457218731112,18.53567016676961,339.1819538809965,715829.0030314721,53.95003207344402,0.1625019162961827,0.04475693678847881,0.013352806175672916,0.3645411268848662,0.16235704994335265,0.043954862976894216,0.023337342212088007,0.0001704318826077236,0.9720176730486009,0.11487481590574374,0.7304860088365243,0.21796759941089838,54.65390279823269,50.88365243004418,69.89690721649484,Mixed signals,243,243,306,48
assam|sribhumi,8105,15234907,16362420835.915243,431489,21520,assam,sribhumi,2026,2,2026-Q2,2026-04-01,8104,15304557,424586,20845,1074.0085801583982,20.05060408921933,707.9417750929368,760335.5407023812,49.873809065816275,-0.0045509321177999995,0.016258190331287503,0.03238186615495331,0.32343417062736557,0.16012873320929621,0.18862192764429708,0.027743965707076282,0.00039403047871504516,0.8807069219440353,0.5346097201767305,0.7908689248895434,0.2768777614138439,65.09572901325478,62.07658321060382,69.83063328424153,High growth / low relative penetration,113,113,145,49
gujarat|gandhinagar,8105,60548590,66840655989.80335,1507310,81825,gujarat,gandhinagar,2026,2,2026-Q2,2026-04-01,8104,58252097,1462040,80600,1103.917630283436,18.421142682554233,739.9766575007638,816873.278213301,54.28544891230072,0.03942335329147029,0.030963585127629978,0.015198511166253148,0.26347120159681436,0.11155111714828903,0.0701534115431397,0.05229160509953252,0.0015660082403667443,0.593519882179676,0.5699558173784978,0.7216494845360825,0.8321060382916053,66.7378497790869,67.93078055964654,69.80117820324007,Mixed signals,95,95,83,50
jharkhand|dumka,8105,14676610,16856831249.46046,435783,15734,jharkhand,dumka,2026,2,2026-Q2,2026-04-01,8104,13905097,416449,15257,1148.5507381786708,27.696898436506928,932.795856107792,1071363.3691026096,36.105125716239506,0.05548418684170264,0.04642585286553702,0.0312643376810644,0.29030496913806014,0.18746168120396645,0.13660333742685826,0.018001264184235817,0.00037959087405088973,0.7437407952871871,0.7083946980854198,0.93519882179676,0.28424153166421207,69.08689248895435,66.78939617083948,69.58762886597938,Mixed signals,72,72,91,51
maharashtra|ahilyanagar,8105,222959472,288700445193.80884,3056663,192869,maharashtra,ahilyanagar,2026,2,2026-Q2,2026-04-01,8104,211296117,2996198,189297,1294.8561575074452,15.848389321249138,1156.0150775915258,1496873.2413908343,63.09789466486819,0.0551990976720127,0.020180575516037358,0.01886981832781287,0.2765194202570498,0.10092888735214878,0.09029599312590442,0.044024402323532656,0.005766548327877138,0.6745213549337261,0.8100147275405007,0.5287187039764359,0.9617083946980854,72.9381443298969,74.37407952871871,69.52871870397644,Mixed signals,46,46,33,52
west bengal|jalpaiguri,8105,30674417,32880174686.24262,849446,49094,west bengal,jalpaiguri,2026,2,2026-Q2,2026-04-01,8104,28292533,828261,47371,1071.9087077104878,17.302440216727096,624.8098953028883,669739.1674388442,57.79531600596153,0.08418772543271391,0.025577686260731758,0.036372464165839835,0.3025933714976028,0.14391484800249943,0.14368913944928474,0.01721006828900301,0.0007933527401785202,0.7997054491899853,0.43446244477172313,0.6480117820324006,0.593519882179676,62.92341678939617,61.89248895434463,69.50662739322534,Mixed signals,143,143,147,53
telangana|khammam,8105,97870411,143375171782.8214,954846,63019,telangana,khammam,2026,2,2026-Q2,2026-04-01,8104,88524270,943615,61189,1464.9491129941348,15.151716149097892,1553.0302131103317,2275110.2331490726,65.99912446614428,0.10557715980035765,0.011902099903032592,0.029907336285933672,0.33301667680351654,0.09079506081449273,0.12834148000931056,0.025235829083003595,0.002531287187927581,0.9175257731958762,0.9381443298969072,0.4639175257731959,0.6524300441826215,75.62592047128129,74.30044182621502,69.24889543446244,Mixed signals,27,27,35,54
telangana|nizamabad,8105,95166828,166485715948.49988,1064071,75876,telangana,nizamabad,2026,2,2026-Q2,2026-04-01,8104,81148447,1045443,73882,1749.40911079331,14.023815172122937,1254.2414992883125,2194181.505990035,71.30727178919452,0.1727498370979299,0.017818283732350837,0.026988982431444652,0.3763685593852395,0.10374626317612923,0.1280495963605548,0.0245387117642696,0.002461362632186226,0.979381443298969,0.8483063328424153,0.36082474226804123,0.6966126656848306,73.5419734904271,72.1281296023564,69.21944035346097,Mixed signals,43,43,47,55
gujarat|aravalli,8105,14115677,16774255949.303696,404397,21620,gujarat,aravalli,2026,2,2026-Q2,2026-04-01,8104,13353672,398242,21241,1188.3422912910019,18.704764107308048,652.8990286771508,775867.5277198749,53.462315496900324,0.05706333059550972,0.015455426599906508,0.01784285108987338,0.33554108864984555,0.1093320092938792,0.09142309051441266,0.012190728262979433,0.000365083092774833,0.9263622974963182,0.46686303387334316,0.7393225331369662,0.2503681885125184,62.95287187039765,59.57290132547865,69.1899852724595,Mixed signals,142,142,175,56
punjab|ludhiana,8105,60025670,67446697678.67803,2834380,161319,punjab,ludhiana,2026,2,2026-Q2,2026-04-01,8104,55115184,2716444,158348,1123.6309012240602,17.57003204830181,372.0929958653351,418095.18828332704,56.91509254228438,0.08909497607773575,0.043415583019565274,0.01876247252886043,0.25676299487853593,0.1458503462963352,0.08210411929245565,0.21258253347266315,0.0015524836144579894,0.5449189985272459,0.15022091310751104,0.6701030927835051,0.9572901325478645,56.00147275405008,58.06332842415317,69.18262150220913,Mixed signals,221,221,194,57
maharashtra|jalgaon,8105,127870732,164063763388.2356,2154509,140145,maharashtra,jalgaon,2026,2,2026-Q2,2026-04-01,8104,118674810,2117158,136153,1283.0439055298095,15.373427521495595,912.4173677262835,1170671.5429607593,65.04730312103592,0.07748840718599004,0.01764204655486279,0.029319956225716703,0.2867620774437958,0.10523291872096174,0.11583967642281601,0.02524868084982109,0.003307205337295675,0.7304860088365243,0.6966126656848306,0.4889543446244477,0.9131075110456554,69.81590574374079,70.72901325478644,69.16053019145802,Mixed signals,68,68,57,58
telangana|vikarabad,8105,42818239,57046973920.63382,479805,26777,telangana,vikarabad,2026,2,2026-Q2,2026-04-01,8104,38555114,472905,26005,1332.3054673181168,17.918549501437802,1599.067819397244,2130446.7983954074,55.808088702702136,0.11057223174077513,0.014590668316046607,0.029686598731013314,0.33513363438166,0.10021531709397591,0.10256938153668771,0.01104065825409887,0.0011074364425660895,0.9234167893961709,0.9455081001472754,0.6921944035346097,0.3166421207658321,74.97790868924889,71.9440353460972,69.07952871870397,Mixed signals,32,32,49,59
andhra pradesh|sri sathyasai,8105,85330321,122295803386.53796,1068571,55634,andhra pradesh,sri sathyasai,2026,2,2026-Q2,2026-04-01,8104,81324483,1040756,53365,1433.2045391759157,19.20715749361901,1533.7800805262968,2198220.57350789,52.0639246245687,0.049257466536860806,0.02672576473255983,0.042518504637871324,0.265733382787678,0.10736188689803838,0.21188489772801544,0.026288186997388326,0.0022069545440965587,0.6156111929307806,0.930780559646539,0.7614138438880707,0.6995581737849779,74.76435935198822,75.1840942562592,68.76288659793815,Mixed signals,35,35,26,60
assam|cachar,8105,26018006,25000437571.493942,716688,43480,assam,cachar,2026,2,2026-Q2,2026-04-01,8104,24892848,697446,41813,960.8898380411605,16.483164673413064,598.3902023919043,574987.0646617742,60.667961511843366,0.04520005103473901,0.027589232714790857,0.03986798364145128,0.32360724556011977,0.16156135130404348,0.21666620029661132,0.04738083837535109,0.0006729209019386149,0.882179675994109,0.40942562592047127,0.5846833578792342,0.5125184094256259,61.56848306332843,59.72017673048601,68.5640648011782,Mixed signals,156,156,170,61
assam|nagaon,8105,29307996,29584684211.675774,813711,55055,assam,nagaon,2026,2,2026-Q2,2026-04-01,8104,25961915,807028,52134,1009.4407072962537,14.779965489056398,532.3403142312234,537365.983319876,67.65915662931926,0.12888421366451586,0.008281001402677513,0.05602869528522647,0.37753102206583344,0.14248186332804957,0.2374969093483783,0.05337216931925668,0.0007580120898708885,0.9808541973490427,0.3284241531664212,0.43151693667157587,0.5670103092783505,59.76435935198822,57.695139911634755,68.51251840942562,Mixed signals,175,175,200,62
uttar pradesh|siddharthnagar,8105,36272308,42057498055.46584,830190,52702,uttar pradesh,siddharthnagar,2026,2,2026-Q2,2026-04-01,8104,28885001,829384,51869,1159.4932987298698,15.752533110697886,688.2529695267732,798024.7059972268,63.48185355159662,0.255748891959533,0.0009718055810095105,0.016059688831479235,0.32648515102226305,0.12981917503970464,0.10197595399895443,0.009896119348543165,0.0009381346985143763,0.8939617083946981,0.5154639175257731,0.5184094256259205,0.5817378497790869,64.30044182621502,62.73932253313696,68.44624447717233,Mixed signals,120,120,136,63
gujarat|surat,8105,201601478,201596061242.6408,5936087,396519,gujarat,surat,2026,2,2026-Q2,2026-04-01,8104,204111967,5678566,390252,999.9731313608763,14.970498261117374,508.4282922129835,508414.63143667975,66.79804389659384,-0.01229956791313469,0.04534965341602093,0.016058854278773627,0.280729186456228,0.12910313890256808,0.07107375063140342,0.17410917207251386,0.005214152399223746,0.695139911634757,0.3019145802650957,0.4536082474226804,0.9852724594992637,59.447717231222384,60.89837997054492,68.31369661266568,Mixed signals,180,180,155,64
karnataka|udupi,8105,34716559,44882874883.02049,782137,38146,karnataka,udupi,2026,2,2026-Q2,2026-04-01,8104,32458111,785567,37022,1292.8376594875226,20.50377496985267,910.0969695380905,1176607.6360043122,48.77150678205992,0.06958038932086952,-0.00436627302317949,0.03036032629247476,0.27306785013083434,0.06493465823219124,0.12938180956892475,0.007729026169784487,0.0008978973328888131,0.6553755522827688,0.695139911634757,0.8100147275405007,0.5478645066273933,68.24742268041237,67.7098674521355,68.26215022091311,Mixed signals,83,83,86,65
bihar|nalanda,8105,46158183,59422599132.5031,1207639,70735,bihar,nalanda,2026,2,2026-Q2,2026-04-01,8104,42733666,1186407,68455,1287.3686802728587,17.072722131900758,652.5508305647841,840073.5015551439,58.57296758385577,0.0801362794383238,0.017896050849329104,0.03330655174932429,0.27693274324693573,0.15369124375096122,0.1122205100789333,0.020164760591251135,0.0011938196238484855,0.6759941089837997,0.4653902798232695,0.6347569955817378,0.748159057437408,62.746686303387335,63.10751104565537,67.96023564064801,Mixed signals,145,145,130,66
bihar|aurangabad,8105,55540259,64766758939.850586,995686,60210,bihar,aurangabad,2026,2,2026-Q2,2026-04-01,8104,52056676,983495,58336,1166.1227388199718,16.536887560205948,922.4424348114931,1075681.0984861415,60.47087133895626,0.06691904415871663,0.012395589199741819,0.03212424574876582,0.2949388249177429,0.14362669257866933,0.16717714108479043,0.024263433981166052,0.0014364744623467406,0.7643593519882179,0.7054491899852725,0.5891016200294551,0.6686303387334315,68.66715758468335,68.18851251840942,67.90868924889543,Mixed signals,77,77,80,67
telangana|nalgonda,8105,105596264,170442770836.59183,988045,66537,telangana,nalgonda,2026,2,2026-Q2,2026-04-01,8104,95056308,976304,65095,1614.098495346311,14.849557389121841,1587.0307347791454,2561623.921075369,67.34207450065533,0.11088118423450655,0.012025967321653841,0.022152239035256205,0.32680730458895435,0.0902902379328685,0.11693609306541775,0.02722793582738429,0.0027311060352675793,0.8969072164948454,0.9440353460972017,0.4374079528718704,0.6671575846833578,74.78645066273933,73.63770250368188,67.86450662739323,Mixed signals,34,34,38,68
west bengal|south twenty four parganas,8105,118227823,154834767040.5728,3352814,238625,west bengal,south twenty four parganas,2026,2,2026-Q2,2026-04-01,8104,113529625,3301082,233893,1309.6305346041331,14.050556312205343,495.45447040335256,648862.3029463502,71.17155917387603,0.0413830134645472,0.015671225373983466,0.020231473366026265,0.2951410142375459,0.13142655055037356,0.11338960354231697,0.06633243942305932,0.0030578044023588475,0.7673048600883653,0.28276877761413843,0.36524300441826213,0.9690721649484536,58.60088365243005,59.609720176730484,67.70250368188513,Mixed signals,187,188,174,69
telangana|siddipet,8105,73789970,113459275640.81883,698859,42335,telangana,siddipet,2026,2,2026-Q2,2026-04-01,8104,65491328,693278,41300,1537.5975304071656,16.507830400377937,1743.001535372623,2680034.8562848433,60.577312447861445,0.12671360092133122,0.008050161695596803,0.025060532687651405,0.3203036717572365,0.08323529548529907,0.11923331130204895,0.01902670124640595,0.001908478811420957,0.865979381443299,0.96759941089838,0.5876288659793815,0.49779086892488955,74.8159057437408,72.97496318114875,67.65095729013255,Mixed signals,33,33,41,70
andhra pradesh|nandyal,8105,94934254,144896192540.19897,1064099,64306,andhra pradesh,nandyal,2026,2,2026-Q2,2026-04-01,8104,89220060,1053266,62510,1526.2793610849776,16.547429477809224,1476.289210960097,2253229.7536808224,60.432346990270645,0.06404606766684529,0.0102851511394082,0.0287314029755239,0.28830771394537336,0.09068219719216453,0.11716062680240436,0.029246924098756885,0.0024553474169599914,0.7349042709867453,0.9175257731958762,0.5905743740795287,0.6980854197349042,73.71134020618557,73.52724594992637,67.51840942562592,Mixed signals,40,40,40,71
maharashtra|hingoli,8105,34948727,44828505246.38193,538841,31541,maharashtra,hingoli,2026,2,2026-Q2,2026-04-01,8104,30807593,531598,30645,1282.6935083038054,17.08382739925811,1108.0411844900289,1421277.2342786193,58.534892482197904,0.13441926475723043,0.013624957204504184,0.029238048621308632,0.3268978405593115,0.10543051683355587,0.16512134756750774,0.0069007914503103444,0.0009039020474684501,0.898379970544919,0.792341678939617,0.6362297496318114,0.36524300441826213,69.97054491899853,67.30486008836523,67.33431516936672,Mixed signals,67,67,90,72
madhya pradesh|morena,8105,45334539,57660544335.05185,883974,59538,madhya pradesh,morena,2026,2,2026-Q2,2026-04-01,8104,40811012,856989,58150,1271.8899454354626,14.847223621888542,761.4387282071954,968466.2624718978,67.3526596936109,0.11084084364288738,0.031488152123306135,0.023869303525365426,0.3300950390221902,0.14164572296454336,0.10770432938287233,0.019850154569954988,0.0011725171741774258,0.9101620029455081,0.5876288659793815,0.43593519882179677,0.625920471281296,65.4123711340206,63.99116347569955,67.31222385861561,Mixed signals,107,107,121,73
kerala|kasargod,8105,12223358,15555412016.368893,575308,34362,kerala,kasargod,2026,2,2026-Q2,2026-04-01,8104,11362518,559426,33314,1272.5972696184544,16.742564460741516,355.7231243815843,452692.2768281501,59.7280065634408,0.0757613761315934,0.028389813844905243,0.03145824578255385,0.3279454418681558,0.12523519494286872,0.1223909848113669,0.0414843564674074,0.0003161407945742876,0.9042709867452136,0.13402061855670103,0.6067746686303387,0.3961708394698085,53.571428571428555,51.03092783505154,67.31222385861561,Mixed signals,259,259,303,73
andhra pradesh|anakapalli,8105,97152961,137194912578.20892,1005920,60549,andhra pradesh,anakapalli,2026,2,2026-Q2,2026-04-01,8104,91693396,994246,59202,1412.1536921371746,16.613321442137774,1604.5345257559993,2265849.3547079046,60.19265945602036,0.059541529032254514,0.011741560941658236,0.02275260970913151,0.28688892090890605,0.0862832336234638,0.08452444922084901,0.02993045351508727,0.0025127313039334017,0.7319587628865979,0.9499263622974963,0.5979381443298969,0.6715758468335787,74.08689248895433,73.78497790868924,66.99558173784978,Mixed signals,38,38,37,75
maharashtra|beed,8105,110400541,153976872062.70868,1411573,87769,maharashtra,beed,2026,2,2026-Q2,2026-04-01,8104,99578459,1392043,85555,1394.7112094560177,16.0828196743725,1257.8534676252436,1754342.3311500493,62.17815160817046,0.10867894631709452,0.014029739023866394,0.025878090117468222,0.279410741993521,0.10538820494709045,0.1187462557199852,0.02179910900452645,0.0028553622296893554,0.6877761413843888,0.8512518409425626,0.5508100147275405,0.8070692194403535,71.8262150220913,72.42268041237112,66.96612665684832,Mixed signals,55,55,46,76
bihar|pashchim champaran,8105,104473063,110397679459.65224,1743350,132309,bihar,pashchim champaran,2026,2,2026-Q2,2026-04-01,8104,98737738,1725092,129585,1056.7095123807392,13.176352326750258,789.6141834644658,834392.8187776511,75.89353830269309,0.05808645322622241,0.010583783357641208,0.02102095149901606,0.3211410398679895,0.16124704750765018,0.11587248039133002,0.04564032131918402,0.0027020559447272683,0.8689248895434463,0.6126656848306333,0.2916053019145803,0.8792341678939617,66.25920471281297,66.31075110456554,66.94403534609721,Mixed signals,100,100,93,77
jharkhand|pakur,8105,11376615,16448732639.638298,259537,10677,jharkhand,pakur,2026,2,2026-Q2,2026-04-01,8104,10592485,261921,10249,1445.8371527592608,24.308045331085513,1065.5254284911491,1540576.2517222345,41.138643045114954,0.07402701065897199,-0.009101981131715342,0.04176017172407054,0.3042254344603681,0.12460785163359045,0.12342171717171713,0.013953729923827093,0.00029424092018459733,0.8041237113402062,0.7717231222385862,0.8939617083946981,0.13843888070692195,68.53460972017673,65.20618556701031,66.91458026509572,High growth / low relative penetration,78,78,109,78
andhra pradesh|ntr,8105,237905762,322775184105.8538,2258324,155490,andhra pradesh,ntr,2026,2,2026-Q2,2026-04-01,8104,222832715,2202153,151376,1356.7354627831746,14.523917936844812,1530.0389864299955,2075858.1523303995,68.85194507076929,0.06764288179139233,0.025507310345829648,0.02717735968713675,0.29009827946487343,0.09959445490483643,0.12507597464617515,0.07329295244549897,0.0061531141141805195,0.7422680412371134,0.9278350515463918,0.4005891016200295,0.9219440353460973,73.91752577319588,74.8159057437408,66.75994108983801,Mixed signals,39,39,30,79
telangana|nirmal,8105,35201110,59291923176.45661,404313,23502,telangana,nirmal,2026,2,2026-Q2,2026-04-01,8104,30790719,400480,22773,1684.3765204124702,17.2033443962216,1497.7921027997618,2522845.8504151395,58.128232334849486,0.1432376749630302,0.009571014782261189,0.03201159267553688,0.3490276251067739,0.09869454393278154,0.14081840687345282,0.009076585930470945,0.0009104295959667468,0.9513991163475699,0.9204712812960235,0.6421207658321061,0.24889543446244478,72.58468335787923,69.0721649484536,66.75257731958763,Mixed signals,49,49,70,80
gujarat|devbhumi dwarka,8105,4455573,5423263634.887159,239469,12813,gujarat,devbhumi dwarka,2026,2,2026-Q2,2026-04-01,8104,4088437,236076,12644,1217.1865739574146,18.68953406696324,347.7384687426832,423262.5954021041,53.505881763401526,0.0897986198637768,0.014372490215015521,0.013366023410313232,0.3520907371391133,0.10881191282082159,0.021525950729490484,0.003847968446633347,0.0001152374321772906,0.9543446244477173,0.12665684830633284,0.7363770250368189,0.11192930780559647,52.444771723122244,48.23269513991164,66.74521354933727,Mixed signals,282,282,351,81
maharashtra|kolhapur,8105,86408217,97444712001.9273,2174003,121947,maharashtra,kolhapur,2026,2,2026-Q2,2026-04-01,8104,82052254,2148138,118764,1127.7250634847298,17.82744142947346,708.5718959876011,799074.2863861129,56.0932988592932,0.05308767020586669,0.01204066033001605,0.026801050823481942,0.2497434328358965,0.08344617138858834,0.11266526154435708,0.01706171114931199,0.0022348328814493913,0.49189985272459497,0.5390279823269514,0.6863033873343152,0.9160530191458026,63.71134020618556,65.8321060382916,66.59793814432989,Mixed signals,130,130,100,82
andhra pradesh|palnadu,8105,99141013,154004558094.93427,1145432,76084,andhra pradesh,palnadu,2026,2,2026-Q2,2026-04-01,8104,92520235,1125032,73145,1553.3889904366245,15.05483413069765,1303.0468035329372,2024138.5586317,66.42384707254556,0.0715603240739715,0.01813281755541185,0.04018046346298454,0.30387542695762915,0.10555997934492534,0.1851090342679127,0.030542923761584198,0.0025641496080471326,0.8026509572901326,0.8748159057437408,0.46244477172312226,0.7319587628865979,72.15022091310752,71.79675994108983,66.59057437407954,Mixed signals,53,53,51,83
telangana|jagtial,8105,48888034,86097905647.64975,584597,36289,telangana,jagtial,2026,2,2026-Q2,2026-04-01,8104,42551448,580124,35492,1761.1243202712908,16.109482212240625,1347.1860343354736,2372562.0889980365,62.0752415766759,0.14891587238112325,0.007710420530782969,0.022455764679364387,0.33988062222293847,0.09172314237106449,0.12363760217983644,0.012605751397407217,0.0012644235662519897,0.930780559646539,0.8895434462444771,0.5522827687776142,0.39911634756995584,71.95139911634757,69.29307805596466,66.53902798232694,Mixed signals,54,54,68,84
assam|hojai,8105,19368667,18498314601.667057,442831,27188,assam,hojai,2026,2,2026-Q2,2026-04-01,8104,17445237,433271,26028,955.0638978752155,16.28773723701633,712.3976386641165,680385.2656196505,61.39588240209019,0.11025530922853033,0.022064712385550855,0.044567388965729204,0.4110208531472046,0.15267141793647743,0.162327390876833,0.035271868285102106,0.0005009446483711582,0.9867452135493373,0.5463917525773195,0.5640648011782032,0.2916053019145803,63.19587628865979,59.720176730485996,66.5022091310751,Mixed signals,137,137,172,85
madhya pradesh|ratlam,8105,45486079,55691329826.35943,852323,46531,madhya pradesh,ratlam,2026,2,2026-Q2,2026-04-01,8104,43823487,827329,45281,1224.359871211573,18.317315338161656,977.5435516107541,1196865.0969538465,54.59315306521119,0.037938377655799105,0.030210472496431384,0.02760539740730117,0.27337523861396895,0.11842550723420553,0.14122090599171022,0.01991650778518303,0.001176436553451909,0.658321060382916,0.7393225331369662,0.7201767304860088,0.5979381443298969,68.19587628865979,67.8939617083947,66.48748159057438,Mixed signals,84,84,84,86
karnataka|chamarajanagar,8105,26827517,38087786669.394966,429301,17204,karnataka,chamarajanagar,2026,2,2026-Q2,2026-04-01,8104,24561631,417414,16738,1419.7283583640992,24.953557312252965,1559.3767147175076,2213891.3432570896,40.07444660040391,0.09225307553883533,0.028477722357180157,0.027840841199665345,0.2797540297855854,0.10553409559126492,0.12393022800026121,0.005972670879142665,0.0006938578204806903,0.6892488954344624,0.9396170839469808,0.9160530191458026,0.27393225331369664,72.54786450662739,70.47128129602356,66.480117820324,Mixed signals,50,50,62,87
jharkhand|godda,8105,20667004,22357295683.185238,458276,25126,jharkhand,godda,2026,2,2026-Q2,2026-04-01,8104,19239456,444628,24362,1081.7869722764478,18.239114861100056,822.5345856881319,889807.1990442267,54.827222023409476,0.0741989794306035,0.030695322831670424,0.03136031524505367,0.31414818516978316,0.1694144965997677,0.11725732580372616,0.02534864651310203,0.0005345243971443838,0.8409425625920471,0.6421207658321061,0.7157584683357879,0.3078055964653903,65.33136966126656,62.66568483063328,66.38438880706923,Mixed signals,110,110,139,88
uttar pradesh|gorakhpur,8105,84223276,95476560476.63704,2244276,168785,uttar pradesh,gorakhpur,2026,2,2026-Q2,2026-04-01,8104,73662205,2208323,166105,1133.6125238899167,13.29665550848713,498.99739905797315,565669.7009606129,75.20688186301507,0.14337163814197518,0.016280679954879806,0.01613437283645891,0.3104090272872342,0.12670679605801527,0.1092526994433527,0.022978509975744892,0.00217832230687259,0.8217967599410898,0.29455081001472755,0.29896907216494845,0.9204712812960235,57.90132547864506,58.39469808541974,66.34756995581738,Mixed signals,199,199,186,89
punjab|kapurthala,8105,10609846,11348650293.753052,364471,22011,punjab,kapurthala,2026,2,2026-Q2,2026-04-01,8104,10119263,361259,21747,1069.633837640344,16.55858434419154,482.0247149152696,515589.94565231254,60.39163609724779,0.04848011164449417,0.008891127971898172,0.012139605462822445,0.43308148462913376,0.12895591920430927,0.037960954446854656,0.037575056512235534,0.00027440946626539346,0.9941089837997055,0.26804123711340205,0.593519882179676,0.2268041237113402,55.89837997054492,52.0618556701031,66.20765832106039,Mixed signals,222,222,287,90
bihar|gaya,8105,93692841,115999667055.51263,1850142,104785,bihar,gaya,2026,2,2026-Q2,2026-04-01,8104,87829219,1808853,102131,1238.084637176416,17.65655389607291,894.1436369709405,1107025.5003627678,56.63619333002548,0.06676163202589791,0.022826067126516136,0.025986233366950273,0.25112738261832557,0.14940282234391833,0.13184415472191313,0.04093085093664017,0.0024232399312580383,0.5007363770250368,0.6892488954344624,0.6759941089837997,0.8939617083946981,67.03240058910163,68.99852724594993,66.03829160530191,Mixed signals,93,93,73,91
goa|north goa,8105,32267206,44147463987.336136,722076,20847,goa,north goa,2026,2,2026-Q2,2026-04-01,8104,32187106,716540,20650,1368.1836595128855,34.63692617642826,1547.8105242960619,2117689.067363944,28.870922174397155,0.002488574151400913,0.007726016691322224,0.009539951573849903,0.24577029766990677,0.10019731378987218,0.06487204372477917,0.5844576906828816,0.0008345480958286767,0.4786450662739323,0.93519882179676,0.96759941089838,0.5154639175257731,72.23858615611192,72.42268041237114,65.89837997054492,Mixed signals,52,52,45,92
kerala|kozhikode,8105,33385313,35843449264.669266,1633191,97156,kerala,kozhikode,2026,2,2026-Q2,2026-04-01,8104,31964658,1589307,95963,1073.6292711908757,16.80998600189386,343.6258491498209,368926.769985068,59.48844929956141,0.04444455498319422,0.027612034679265873,0.012431874785073349,0.26071938462214694,0.11271363408743285,0.07755953107150382,0.11330505293782366,0.0008634664368769445,0.5743740795287187,0.12076583210603829,0.6111929307805597,0.8586156111929307,52.70250368188512,54.123711340206185,65.8321060382916,Mixed signals,277,277,252,93
andhra pradesh|chittoor,8105,96240891,140514197718.7638,1126392,50979,andhra pradesh,chittoor,2026,2,2026-Q2,2026-04-01,8104,91197763,1104837,49320,1460.0259438450523,22.095215677043488,1887.8536456187842,2756315.300785888,45.258666609848085,0.05529881253775937,0.01950966522663533,0.03363746958637459,0.24228225739184017,0.10360368745768622,0.12044220752104451,0.029649467032981946,0.002489141834124257,0.45508100147275404,0.979381443298969,0.845360824742268,0.7201767304860088,73.67452135493373,75.0,65.79528718703976,Mixed signals,42,42,27,94
assam|golaghat,8105,11228754,9487475595.68726,425542,18623,assam,golaghat,2026,2,2026-Q2,2026-04-01,8104,10494302,407235,17324,844.926836556154,22.85034634591634,602.9508672072169,509449.3688281834,43.763012816596245,0.06998578847835701,0.044954387515807825,0.07498268298314481,0.2846334950381675,0.17588445139558595,0.24610237537638002,0.02044844552770789,0.00029041669332103426,0.7172312223858616,0.41384388807069217,0.8630338733431517,0.2709867452135493,58.85861561119293,56.62739322533137,65.6701030927835,Mixed signals,186,186,221,95
west bengal|kalimpong,8105,3031832,3556603728.074074,102778,2898,west bengal,kalimpong,2026,2,2026-Q2,2026-04-01,8104,2658589,101385,2832,1173.0873373175275,35.465148378191856,1046.1808143547273,1227261.4658640695,28.19669579092802,0.14039138806336737,0.013739705084578668,0.02330508474576276,0.3001541231149507,0.11615733802480399,0.21002087682672244,0.0017010277900565993,7.841427678840395e-05,0.7908689248895434,0.7628865979381443,0.9690721649484536,0.0014727540500736377,67.05449189985272,63.10751104565537,65.58910162002944,High growth / low relative penetration,92,92,130,96
bihar|banka,8105,26011792,29187204208.369865,653038,38472,bihar,banka,2026,2,2026-Q2,2026-04-01,8104,24274212,623881,37166,1122.0758726799702,16.974370971095862,676.1226866292368,758660.953638227,58.91234507027156,0.07158131435945281,0.04673487411862198,0.03513964376042611,0.3060578028087999,0.19519315064231035,0.18492053714426504,0.011363565984159765,0.0006727601851456121,0.8085419734904271,0.5022091310751104,0.6244477172312224,0.45508100147275404,61.52430044182622,59.75699558173785,65.57437407952872,Mixed signals,157,157,169,97
punjab|hoshiarpur,8105,9789677,14262689120.913525,566617,33238,punjab,hoshiarpur,2026,2,2026-Q2,2026-04-01,8104,8720387,544909,32928,1456.9111034933558,17.047265178410253,294.5326734460557,429107.92228514125,58.66043553229077,0.12261955805401747,0.039837844484124973,0.009414480077745369,0.31272660031211474,0.1501527469070021,0.029008389833132142,0.034670405820360864,0.00025319689281829333,0.8350515463917526,0.08394698085419734,0.6332842415316642,0.390279823269514,50.7879234167894,48.564064801178205,65.3240058910162,Mixed signals,309,309,339,98
maharashtra|solapur,8105,234327059,299971694631.2792,2688732,178647,maharashtra,solapur,2026,2,2026-Q2,2026-04-01,8104,221152066,2639327,174751,1280.141081066012,15.05052981578196,1311.6764289352745,1679130.8817460085,66.44284368988802,0.05957436092864721,0.018718787024116335,0.022294579144039206,0.2680877826913255,0.0991001523523456,0.0896897092282074,0.04626898614428982,0.006060555750925072,0.6318114874815906,0.8762886597938144,0.46097201767304863,0.946980854197349,71.32547864506627,72.90132547864508,65.08100147275404,Mixed signals,60,60,43,99
nagaland|chumoukedima,8105,2459057,2841541200.478739,104347,3389,nagaland,chumoukedima,2026,2,2026-Q2,2026-04-01,8104,2218803,99896,3117,1155.5410063608688,30.789908527589258,725.5995868987902,838460.0768600587,32.47817378554247,0.10828090641665788,0.044556338592135925,0.08726339428938079,0.30000502226980164,0.17322914324263539,0.3069803316621673,0.19897978091854834,6.36002180320223e-05,0.7893961708394698,0.5625920471281296,0.9528718703976435,0.004418262150220913,61.65684830633285,57.73195876288659,65.03681885125184,High growth / low relative penetration,154,154,198,100
haryana|jhajjar,8105,41818978,53437506951.901535,876045,37642,haryana,jhajjar,2026,2,2026-Q2,2026-04-01,8104,37569670,846998,36672,1277.829098355812,23.273072631634875,1110.9658891663566,1419624.5404575085,42.96811236865686,0.11310474646170698,0.03429405972623312,0.026450698080279222,0.24434061130693463,0.12319509512050653,0.08425267160180883,0.036984545436331714,0.0010815918942408997,0.4742268041237113,0.7952871870397643,0.8748159057437408,0.6170839469808542,68.32106038291606,69.03534609720177,65.01472754050073,Mixed signals,81,81,71,101
uttar pradesh|varanasi,8105,92690252,106481545483.72472,2544739,202209,uttar pradesh,varanasi,2026,2,2026-Q2,2026-04-01,8104,85002819,2505266,199502,1148.7890386113604,12.584697021398652,458.38836055764085,526591.5240356498,79.46158721975024,0.09043738890589026,0.015756011537297887,0.013568786277831757,0.31527492775514876,0.10717365483094832,0.07067064840995019,0.02528854232927615,0.00239730930866714,0.8497790868924889,0.24005891016200295,0.21649484536082475,0.9366715758468336,55.640648011782034,56.07511045655376,64.98527245949927,Mixed signals,226,226,232,102
telangana|rangareddy,8105,845329674,1039785726319.6312,7229570,452117,telangana,rangareddy,2026,2,2026-Q2,2026-04-01,8104,782985571,6946775,441736,1230.0357580013585,15.99048476389961,1869.7144190552447,2299815.592688687,62.53719100859387,0.07962356563017692,0.04070881812063876,0.023500461814296214,0.254739883674155,0.10727193168261895,0.10153151221603918,0.21796776935835233,0.021863320604336677,0.5287187039764359,0.9779086892488954,0.5419734904270986,0.9926362297496318,73.71134020618557,76.03092783505154,64.93372606774669,Mixed signals,40,41,24,103
assam|karbi anglong,8105,6761183,6036811417.183432,250231,12381,assam,karbi anglong,2026,2,2026-Q2,2026-04-01,8104,6205643,240110,11886,892.8631893536134,20.210887650432113,546.0934496405783,487586.73913120356,49.47828206736975,0.08952174657807421,0.04215151388946725,0.041645633518424985,0.3141734071059463,0.19623581378894928,0.2650454684785941,0.01231264682424823,0.0001748689489322137,0.8424153166421208,0.3431516936671576,0.801178203240059,0.12665684830633284,56.4138438880707,52.83505154639175,64.90427098674522,High growth / low relative penetration,217,217,273,104
west bengal|hooghly,8105,87725602,110505245954.49196,2429162,185273,west bengal,hooghly,2026,2,2026-Q2,2026-04-01,8104,82383693,2375255,182191,1259.6692805196362,13.111257441721136,473.49372007793903,596445.4937011435,76.27033520201617,0.06484182494708035,0.0226952474576414,0.016916313099988534,0.2997959678820361,0.12027615340626086,0.09133052165307953,0.04921898274754168,0.002268905281248223,0.7864506627393225,0.2621502209131075,0.2812960235640648,0.9337260677466863,55.854197349042714,56.59057437407953,64.64653902798231,Mixed signals,224,224,222,105
telangana|bhadradri kothagudem,8105,71857650,96566093902.97136,706875,47526,telangana,bhadradri kothagudem,2026,2,2026-Q2,2026-04-01,8104,66655801,697182,46071,1343.8526573436698,14.873437697260448,1511.9650296679713,2031858.2229300037,67.2339522546419,0.0780404544234643,0.013903112817026164,0.031581689131992,0.3319468843879747,0.09388322936767945,0.12615515852329273,0.018528453647816943,0.0018585019408939067,0.9131075110456554,0.9248895434462445,0.4418262150220913,0.5022091310751104,71.60530191458027,69.55081001472753,64.54344624447718,Mixed signals,57,57,66,106
karnataka|bengaluru rural,8105,158598671,187652207915.3858,1550735,91224,karnataka,bengaluru rural,2026,2,2026-Q2,2026-04-01,8104,148652595,1489653,89514,1183.189031359448,16.999199771989826,1738.562998772253,2057048.6704747195,58.826298497164245,0.06690818952740107,0.04100418016813312,0.019103157048059538,0.25585032203843294,0.11732956551436935,0.07290796824463386,0.03530918138090932,0.004101942352368803,0.5375552282768777,0.9661266568483063,0.6288659793814433,0.8409425625920471,72.82032400589102,74.33726067746687,64.5360824742268,Mixed signals,47,47,34,107
karnataka|chikkamagaluru,8105,46620100,64728212930.01889,675439,29068,karnataka,chikkamagaluru,2026,2,2026-Q2,2026-04-01,8104,42736111,659338,28366,1388.4185776096338,23.236514380074308,1603.8289528003302,2226785.9133761832,43.03571455009261,0.09088307075952695,0.024419948493792365,0.024747937671860676,0.2573886257332796,0.09681059918385371,0.10883082204844552,0.01037913846640071,0.001205766488810419,0.5522827687776142,0.9484536082474226,0.8733431516936672,0.47128129602356406,71.53902798232696,71.1340206185567,64.44035346097202,Mixed signals,58,59,54,108
jharkhand|sahibganj,8105,21869671,26671891522.54516,417642,18727,jharkhand,sahibganj,2026,2,2026-Q2,2026-04-01,8104,20286884,404906,18390,1219.5835740988127,22.30159662519357,1167.8149730335879,1424247.958698412,44.839838905090964,0.07802021246831203,0.03145421406449889,0.018325176726481818,0.2820366551928424,0.1684352767061048,0.13800437530384047,0.026823750531854474,0.0005656297694151031,0.7025036818851251,0.812960235640648,0.8497790868924889,0.26362297496318116,67.9160530191458,65.72164948453609,64.43298969072164,Mixed signals,87,87,101,109
gujarat|sabarkantha,8105,22687281,28403788188.494583,637937,31827,gujarat,sabarkantha,2026,2,2026-Q2,2026-04-01,8104,21698901,626782,31459,1251.9696912333648,20.043893549501995,712.831275332265,892443.1516792215,49.89050642931826,0.045549772313353554,0.01779725646237451,0.011697765345370259,0.2706604950009004,0.10912580780324466,0.06744700831768169,0.019593426351202023,0.0005867761577522428,0.6435935198821797,0.5478645066273933,0.7893961708394698,0.4418262150220913,61.575846833578794,60.56701030927836,64.41826215022091,Mixed signals,155,155,158,110
andhra pradesh|vizianagaram,8105,94948956,134025035315.11954,1027416,54937,andhra pradesh,vizianagaram,2026,2,2026-Q2,2026-04-01,8104,92192390,1011134,52970,1411.5482777411428,18.701712871106903,1728.3243715528697,2439613.290043496,53.47103802159982,0.029900146855939003,0.016102712400136943,0.037134226920898517,0.2553473957938486,0.09360071528930902,0.16091881154642662,0.02925145342573827,0.0024557276645124095,0.5346097201767305,0.9646539027982327,0.7378497790868925,0.6818851251840943,72.23858615611194,72.97496318114875,64.25625920471282,Mixed signals,51,51,41,111
tamil nadu|krishnagiri,8105,73564258,97815725330.0166,1558111,75543,tamil nadu,krishnagiri,2026,2,2026-Q2,2026-04-01,8104,71000927,1504682,74158,1329.6637251478373,20.62548482321327,973.8064148895331,1294835.065194877,48.4837087986671,0.03610278215099916,0.035508499470319865,0.01867633970711191,0.2278428257203695,0.11992153920021154,0.0794478659102924,0.07010840662577318,0.001902641072640423,0.36524300441826213,0.7378497790868925,0.812960235640648,0.845360824742268,66.63475699558174,69.03534609720177,64.19734904270987,Mixed signals,97,97,71,112
gujarat|mahesana,8105,38171930,51062246904.23306,1174556,56740,gujarat,mahesana,2026,2,2026-Q2,2026-04-01,8104,36550667,1150074,56032,1337.6909918946478,20.700669721536833,672.751674303842,899933.8544982915,48.307615813975666,0.044356591358510666,0.02128732585903159,0.012635636778983494,0.2389168474045793,0.10528450426424696,0.07299546142208779,0.032966440497573905,0.0009872658790353753,0.42857142857142855,0.49779086892488955,0.8144329896907216,0.7407952871870398,60.47864506627393,62.03976435935199,64.16789396170839,Mixed signals,169,169,146,113
bihar|purbi champaran,8105,140716258,154784076480.3259,2309199,165992,bihar,purbi champaran,2026,2,2026-Q2,2026-04-01,8104,128159827,2284748,162491,1099.972943285103,13.91150778350764,847.7291556219577,932479.1344180797,71.88293429886293,0.09797478113012748,0.010701836701465517,0.021545808690942803,0.28394763372660625,0.15247088627305372,0.08902199799242894,0.061473599467005174,0.003639437674462325,0.7157584683357879,0.6671575846833578,0.35051546391752575,0.9263622974963182,65.44182621502209,66.49484536082475,64.05743740795286,Mixed signals,106,106,92,114
andhra pradesh|kurnool,8105,124254577,167377641230.33197,1445853,96636,andhra pradesh,kurnool,2026,2,2026-Q2,2026-04-01,8104,115907895,1413409,94882,1347.0541308939628,14.961846516826027,1285.8000848545055,1732042.3158070694,66.83667011791655,0.07201133279143757,0.022954431449071055,0.018486119601188955,0.2808740296435184,0.09970450993143265,0.10899951800592156,0.03827979922233489,0.0032136783281870667,0.6966126656848306,0.8630338733431517,0.4521354933726068,0.812960235640648,70.03681885125184,70.61855670103093,64.01325478645066,Mixed signals,66,66,59,115
andhra pradesh|krishna,8105,84435471,117569474962.5828,944398,57805,andhra pradesh,krishna,2026,2,2026-Q2,2026-04-01,8104,79546058,926773,54565,1392.4180628137053,16.337652452210015,1460.6949398840932,2033898.0185551906,61.20830412601467,0.061466439983738796,0.019017601937043827,0.05937872262439292,0.2807225865237155,0.09879009504484637,0.23120340788072413,0.0260125055765413,0.0021838104465396677,0.6936671575846833,0.9116347569955817,0.5699558173784978,0.6480117820324006,70.81001472754049,70.58173784977909,63.89543446244477,Mixed signals,61,61,60,116
uttar pradesh|kaushambi,8105,13172520,15708455882.602396,437646,28000,uttar pradesh,kaushambi,2026,2,2026-Q2,2026-04-01,8104,11588991,422439,27415,1192.517140425856,15.630214285714287,470.44714285714286,561016.2815215142,63.97864941071094,0.13664079987636546,0.03599809676663379,0.02133868320262633,0.3673480784909027,0.1899312381216507,0.09903049809632214,0.003593838860242139,0.0003406895993184275,0.9734904270986745,0.25773195876288657,0.508100147275405,0.2857142857142857,54.06480117820324,50.62592047128129,63.865979381443296,Mixed signals,251,251,309,117
uttarakhand|rudraprayag,8105,4124958,6024953584.430118,100742,2696,uttarakhand,rudraprayag,2026,2,2026-Q2,2026-04-01,8104,1477452,118655,2595,1460.6096800088917,37.36721068249258,1530.0289317507418,2234775.0684087975,26.761430188005004,1.791940448826764,-0.15096708946104254,0.03892100192678227,0.28767839990360256,-0.07955303383310952,0.14140558848433527,0.01669842422187243,0.00010668651770696435,0.7334315169366715,0.9263622974963182,0.9779086892488954,0.0,69.60972017673048,65.94256259204712,63.5640648011782,Mixed signals,70,70,97,118
uttar pradesh|deoria,8105,55210840,61067500236.83841,1276888,97264,uttar pradesh,deoria,2026,2,2026-Q2,2026-04-01,8104,47960687,1250331,95435,1106.078086057709,13.12806382628722,567.639003125514,627853.0621487745,76.17269486438904,0.15116866445220012,0.021239975654446797,0.01916487661759314,0.3160171533945182,0.1429307960490689,0.10782828570452296,0.015063090608221592,0.0014279544808156533,0.8556701030927835,0.3711340206185567,0.28276877761413843,0.7761413843888071,57.54050073637702,57.14285714285714,63.52724594992636,Mixed signals,205,205,211,119
uttar pradesh|azamgarh,8105,63064954,70961566600.84297,1681167,147768,uttar pradesh,azamgarh,2026,2,2026-Q2,2026-04-01,8104,52071396,1655700,145514,1125.2139595763913,11.377070813707975,426.7835661306913,480222.82632804784,87.8960864685067,0.21112470270626127,0.015381409675665925,0.015489918495814825,0.3424773138411119,0.14088418223831312,0.11654476213504195,0.017205916742171045,0.0016310906272524212,0.9337260677466863,0.21502209131075112,0.12223858615611193,0.865979381443299,53.762886597938156,53.424153166421206,63.27687776141384,Mixed signals,256,256,260,120
andhra pradesh|parvathipuram manyam,8105,25863941,38730494382.04067,362705,15686,andhra pradesh,parvathipuram manyam,2026,2,2026-Q2,2026-04-01,8104,25060702,359604,15261,1497.4707211882626,23.122848399846998,1648.85509371414,2469112.226319053,43.24726706276451,0.032051735821287064,0.008623374600949862,0.027848764825371797,0.2783878219541367,0.09722083571560369,0.092263769932456,0.007968048280252207,0.0006689362169186647,0.6818851251840943,0.9572901325478645,0.8703976435935199,0.21944035346097202,70.53755522827687,68.22533136966126,63.22533136966126,Mixed signals,62,62,79,121
haryana|sonipat,8105,56947232,67951561768.79909,1337266,70723,haryana,sonipat,2026,2,2026-Q2,2026-04-01,8104,51664135,1292309,68980,1193.237307281223,18.908502184579273,805.2151633839062,960812.7733382222,52.88626197031854,0.10225850098912903,0.034788119559640895,0.02526819367932731,0.23939826607263193,0.12995917070565732,0.09478328173374617,0.05036391586081619,0.0014728639358584032,0.43593519882179677,0.6273932253313697,0.7452135493372607,0.7879234167893961,63.15169366715758,64.91163475699558,63.2179675994109,Mixed signals,138,138,113,122
bihar|arwal,8105,11862510,13125577472.300203,237075,14113,bihar,arwal,2026,2,2026-Q2,2026-04-01,8104,11062336,234871,13490,1106.4755664947977,16.7983419542266,840.5378020265003,930034.5406575642,59.529684698934936,0.07233318532360622,0.009383874552413962,0.04618235730170506,0.3705662579985256,0.1512742565218237,0.2708689779378659,0.005182280987129032,0.0003068079440236826,0.9764359351988218,0.6553755522827688,0.6097201767304861,0.10898379970544919,63.10014727540501,58.76288659793815,63.12223858615612,Mixed signals,139,139,182,123
maharashtra|amravati,8105,90020867,110126913785.36089,1621144,101787,maharashtra,amravati,2026,2,2026-Q2,2026-04-01,8104,87188276,1584049,99196,1223.3487351922624,15.926827590949728,884.404364015051,1081934.96011633,62.78714290649072,0.032488209768019694,0.02341783619067339,0.026120004838904753,0.2605557504607594,0.11313179724261713,0.13070283600493227,0.017775045979303468,0.002328269238424193,0.572901325478645,0.6804123711340206,0.5331369661266568,0.8571428571428571,64.66863033873342,66.08983799705449,63.00441826215022,Mixed signals,116,116,94,124
punjab|jalandhar,8105,20981567,27306258557.31991,1105536,66786,punjab,jalandhar,2026,2,2026-Q2,2026-04-01,8104,19252355,1061502,65918,1301.440381327091,16.55340939717905,314.16115652981165,408862.01535231795,60.410515804098644,0.08981820665575713,0.041482729189393996,0.013167875238933258,0.2650643714718539,0.1506782587697979,0.06191566494943723,0.07430678689777931,0.0005426601481191709,0.6097201767304861,0.10014727540500737,0.5920471281296024,0.7142857142857143,49.88217967599411,50.40500736377025,62.96759941089838,Mixed signals,334,334,314,125
maharashtra|washim,8105,36665387,44215467086.537766,585804,34770,maharashtra,washim,2026,2,2026-Q2,2026-04-01,8104,33276307,577608,34183,1205.9184616417049,16.847972389991373,1054.512136899626,1271655.653912504,59.35432328901817,0.1018466382101837,0.014189554161299744,0.017172278618026615,0.2988271677272787,0.10908657177585179,0.08615519180307385,0.007239754086949148,0.0009483011607410792,0.7849779086892489,0.7702503681885126,0.6126656848306333,0.40353460972017674,66.19293078055965,64.28571428571429,62.930780559646536,Mixed signals,101,101,116,126
maharashtra|chandrapur,8105,58320968,68741856497.5659,1141464,63509,maharashtra,chandrapur,2026,2,2026-Q2,2026-04-01,8104,55993302,1118806,62251,1178.6816792472632,17.973263631926184,918.3102867310145,1082395.510834148,55.63819796331728,0.04157043640684033,0.020251947165102813,0.020208510706655414,0.25215719250062185,0.11007226637906631,0.08655260906757922,0.01151575098424109,0.0015083937788504275,0.5095729013254786,0.7010309278350515,0.6936671575846833,0.7304860088365243,64.76435935198822,65.86892488954345,62.92341678939617,Mixed signals,114,114,99,127
telangana|kumuram bheem asifabad,8105,18359220,21753771816.72348,250254,14621,telangana,kumuram bheem asifabad,2026,2,2026-Q2,2026-04-01,8104,17096495,245897,14176,1184.8962982481544,17.11606593256275,1255.6747144518158,1487844.320957765,58.42464056518577,0.07385870612660672,0.017718800961378234,0.031391083521444596,0.33976232511472926,0.11725024666169626,0.08528800475059373,0.004733914298339478,0.00047483665278920514,0.9293078055964654,0.8497790868924889,0.6391752577319587,0.12812960235640647,67.66568483063328,63.65979381443299,62.746686303387335,Mixed signals,89,89,126,128
assam|kamrup metropolitan,8105,79523271,68054016965.645294,1676886,132725,assam,kamrup metropolitan,2026,2,2026-Q2,2026-04-01,8104,73910832,1599338,127064,855.7748708003384,12.634288943303824,599.1581917498587,512744.5241336997,79.1496857866307,0.07593527021857915,0.04848756172866531,0.0445523515708619,0.3118185952237944,0.13805930391099586,0.17717230308029341,0.1448181405727343,0.0020567629681701545,0.8321060382916053,0.4108983799705449,0.22238586156111928,0.8645066273932254,58.08541973490428,58.24742268041238,62.68041237113402,Mixed signals,196,196,190,129
andhra pradesh|ysr kadapa,8105,121279922,197400435315.9624,1407575,79060,andhra pradesh,ysr kadapa,2026,2,2026-Q2,2026-04-01,8104,118638280,1379098,76884,1627.6431585762596,17.803883126739187,1534.0238047052871,2496843.350821685,56.16752215690105,0.022266354502105123,0.020649003914152475,0.028302377607824836,0.2428596447989293,0.0992617571787926,0.14162767862299996,0.037363380697520994,0.003136742857976313,0.4653902798232695,0.9322533136966127,0.6833578792341679,0.8041237113402062,70.43446244477173,72.1281296023564,62.63622974963181,Mixed signals,64,64,47,130
assam|kamrup,8105,28257339,26317059691.43629,710607,53444,assam,kamrup,2026,2,2026-Q2,2026-04-01,8104,25756656,688715,50610,931.3353848158275,13.296291445251104,528.7279956590075,492423.091299983,75.20894108839344,0.09708880686996024,0.0317867332641224,0.0559968385694527,0.41857992600701177,0.16206245247381457,0.2474674384949349,0.05145884016155984,0.0007308382527955907,0.9882179675994109,0.3240058910162003,0.2974963181148748,0.5066273932253313,55.316642120765835,52.908689248895435,62.60677466863034,Mixed signals,233,233,271,131
maharashtra|dharashiv,8105,72380736,88338946821.79315,866411,56399,maharashtra,dharashiv,2026,2,2026-Q2,2026-04-01,8104,66703276,860668,55248,1220.4759401975846,15.362169542013156,1283.3691377506693,1566321.1550168116,65.09497224758226,0.08511515986111395,0.006672723977189765,0.02083333333333326,0.2929274568430902,0.0936922880777189,0.0921149451996437,0.014291918677208762,0.0018720308601704824,0.7525773195876289,0.8615611192930781,0.48748159057437407,0.6082474226804123,68.46833578792342,67.74668630338734,62.371134020618555,Mixed signals,80,80,85,132
uttar pradesh|sitapur,8105,27065106,28882757584.33529,1345990,108914,uttar pradesh,sitapur,2026,2,2026-Q2,2026-04-01,8104,25588163,1306289,106376,1067.15848754981,12.358282681748904,248.49978882420993,265188.65879809106,80.91739165967057,0.05771977456920219,0.03039220264428466,0.023858765134992854,0.3267825387179757,0.18996636949702772,0.1773213706626311,0.007384132246477718,0.0007000027419697042,0.8954344624447718,0.044182621502209134,0.19145802650957292,0.7908689248895434,48.57142857142857,48.048600883652426,62.29013254786451,Mixed signals,350,350,359,133
west bengal|howrah,8105,97633524,121047492804.01653,2608014,179662,west bengal,howrah,2026,2,2026-Q2,2026-04-01,8104,93374670,2537395,177627,1239.8148488834279,14.516224911222183,543.4289053890083,673751.2262137599,68.88843388110647,0.04561037806077395,0.027831299423227263,0.011456591621769263,0.26592979582844056,0.12758455649803868,0.0853021305900048,0.054777882668023144,0.00252516042272899,0.6170839469808542,0.3387334315169367,0.39911634756995584,0.9425625920471281,55.810014727540505,57.437407952871865,62.21649484536083,Mixed signals,225,225,205,134
maharashtra|chhatrapati sambhaji nagar,8105,277774357,293960407146.0085,3285314,222633,maharashtra,chhatrapati sambhaji nagar,2026,2,2026-Q2,2026-04-01,8104,261870295,3197336,219029,1058.2704981151608,14.756635359537894,1247.6782732119677,1320381.1076794926,67.76612524708445,0.06073259282806398,0.02751603209672049,0.016454442105839906,0.26222151910568847,0.10698184386342535,0.07741632629357897,0.05484786063598406,0.00718426196257541,0.5802650957290133,0.8468335787923417,0.422680412371134,0.96759941089838,68.4977908689249,70.43446244477173,62.19440353460972,Mixed signals,79,79,63,135
andhra pradesh|prakasam,8105,128930871,197524532200.39468,1391582,87194,andhra pradesh,prakasam,2026,2,2026-Q2,2026-04-01,8104,121369372,1359367,84604,1532.0189080270363,15.959607312429755,1478.666777530564,2265345.4618482315,62.65818327629992,0.06230154177612457,0.023698530271810236,0.03061320977731552,0.2616331838383621,0.11007568650725275,0.14068550497121923,0.0397204511463651,0.00333462441360999,0.5787923416789397,0.9189985272459499,0.5360824742268041,0.801178203240059,69.76435935198822,70.8762886597938,61.9440353460972,Mixed signals,69,69,56,136
nagaland|dimapur,8105,4967829,6661501677.139313,183603,9304,nagaland,dimapur,2026,2,2026-Q2,2026-04-01,8104,4477073,176929,8841,1340.9281352355954,19.733770421324163,533.9455073086845,715982.5534328582,50.67455324804061,0.10961536700429053,0.03772134585059539,0.052369641443275716,0.31022073284687157,0.14961680066120664,0.28668233992532155,0.40198235586276004,0.0001284862479990514,0.8188512518409425,0.33136966126656847,0.780559646539028,0.07216494845360824,53.80706921944035,50.07363770250368,61.87776141384389,High growth / low relative penetration,254,254,319,137
tamil nadu|kancheepuram,8105,31446921,30317450514.156666,1058912,26414,tamil nadu,kancheepuram,2026,2,2026-Q2,2026-04-01,8104,31168277,1007964,26125,964.0832727043982,40.08904368895283,1190.539903081699,1147779.6060481814,24.94447130639751,0.008939987282582162,0.05054545598850746,0.011062200956937884,0.20750949379701722,0.13344993459910648,0.0625527977794762,0.029969629063567333,0.0008133325221968343,0.2503681885125184,0.8262150220913107,0.9852724594992637,0.6936671575846833,66.67157584683359,68.8880706921944,61.84094256259205,Mixed signals,96,96,74,138
bihar|muzaffarpur,8105,120957767,144189239784.89355,2261303,152204,bihar,muzaffarpur,2026,2,2026-Q2,2026-04-01,8104,107795208,2220779,148869,1192.0626790745364,14.857053691098788,794.7082008357205,947341.9869707337,67.30809626131483,0.12210708847094587,0.01824765093690095,0.0224022462702107,0.26281835712838775,0.1433645706611817,0.09344310581406212,0.05284186366710616,0.003128410750082878,0.5832106038291606,0.6156111929307806,0.44035346097201766,0.9234167893961709,62.36377025036819,64.06480117820324,61.82621502209131,Mixed signals,149,149,118,139
maharashtra|dhule,8105,60349231,75760704418.91873,1026399,63028,maharashtra,dhule,2026,2,2026-Q2,2026-04-01,8104,57128663,1006089,61620,1255.3714962651095,16.284809925747286,957.4987465888177,1202016.634177171,61.4069187518694,0.05637394314654265,0.020187080864615403,0.022849724115546977,0.26750046647131853,0.11418690004114151,0.12155453138067873,0.011916241107082498,0.001560852086659593,0.625920471281296,0.7319587628865979,0.561119293078056,0.6804123711340206,64.71281296023564,64.98527245949927,61.68630338733432,Mixed signals,115,115,111,140
telangana|peddapalli,8105,52753397,74408615014.31557,508652,29278,telangana,peddapalli,2026,2,2026-Q2,2026-04-01,8104,48092000,503458,27944,1410.499024628036,17.37318122822597,1801.810130473393,2541451.431597635,57.55998207025628,0.0969266613989852,0.010316650048266096,0.047738333810478206,0.2927236523984813,0.08038096209070367,0.15869874940636386,0.013602433019718642,0.0013643960067334067,0.7511045655375552,0.9734904270986745,0.6539027982326951,0.3431516936671576,70.08100147275404,68.04123711340206,61.509572901325484,Mixed signals,65,65,81,141
maharashtra|nandurbar,8105,30301467,36697802052.87086,656167,32535,maharashtra,nandurbar,2026,2,2026-Q2,2026-04-01,8104,29233531,640671,31549,1211.0899466639967,20.16803442446596,931.3498386353158,1127948.4263983667,49.583413978453656,0.03653120110601771,0.02418714129404953,0.03125297156803697,0.25727272161470816,0.14557694624316708,0.11360213581599132,0.005983167982211799,0.0007837068875955818,0.5508100147275405,0.7069219440353461,0.7982326951399117,0.46097201767304863,63.37260677466864,62.92341678939617,61.49484536082475,Mixed signals,135,135,134,142
uttar pradesh|rampur,8105,37111982,45917532683.87357,865393,58423,uttar pradesh,rampur,2026,2,2026-Q2,2026-04-01,8104,32398723,854626,56611,1237.2697498040814,14.812539582013933,635.2289680434076,785949.5863593717,67.51036812176665,0.14547669054734036,0.012598493376049902,0.03200791365635647,0.2968108333935522,0.13743130866118758,0.12679125923354362,0.010125206345650398,0.0009598517426804206,0.7746686303387335,0.4477172312223859,0.43446244477172313,0.6067746686303387,57.4300441826215,56.59057437407953,61.36229749631812,Mixed signals,207,207,222,143
madhya pradesh|raisen,8105,42673046,48744202994.28973,724170,42754,madhya pradesh,raisen,2026,2,2026-Q2,2026-04-01,8104,39679439,702778,41456,1142.271470245872,16.938064274687747,998.1065163493474,1140108.5978923545,59.03862352762473,0.07544479144475802,0.030439199861122646,0.031310304901582375,0.27539572626778863,0.12699707111798642,0.10908194765104162,0.018684794811099754,0.0011036812199515982,0.6656848306332842,0.748159057437408,0.6185567010309279,0.5213549337260678,64.56553755522827,63.84388807069219,61.31075110456554,Mixed signals,118,118,125,144
uttar pradesh|etawah,8105,29095635,31609255804.18602,692265,47913,uttar pradesh,etawah,2026,2,2026-Q2,2026-04-01,8104,26371129,671801,46990,1086.3916805454157,14.448375180013775,607.2597207438482,659721.9085464492,69.21193473597539,0.10331396884828092,0.030461401516222786,0.0196424771227921,0.32318660767006735,0.14801197986109726,0.11542311721569076,0.007938118425815356,0.00075251965683599,0.8777614138438881,0.41973490427098675,0.39322533136966126,0.4948453608247423,56.553755522827686,54.639175257731964,61.24447717231223,Mixed signals,215,215,245,145
bihar|saharsa,8105,43201041,46768041531.86552,822035,54683,bihar,saharsa,2026,2,2026-Q2,2026-04-01,8104,40812030,796901,52113,1082.567467109543,15.032734122122049,790.026900499241,855257.4206218664,66.52149847634224,0.05853693139008276,0.031539676823093554,0.049315909657858814,0.29563730443395997,0.17963226314724534,0.2090519147430796,0.018872897337787853,0.0011173371039428263,0.7702503681885126,0.614138438880707,0.45949926362297494,0.572901325478645,61.40648011782033,60.41973490427098,61.21502209131076,Mixed signals,159,159,160,146
odisha|sambalpur,8105,44790183,44626977883.07773,679444,28902,odisha,sambalpur,2026,2,2026-Q2,2026-04-01,8104,43911117,654235,28097,996.3562301827999,23.508546121375684,1549.7260743201164,1544079.2292255806,42.537722019769106,0.02001921290228159,0.038532025953976756,0.028650745631206176,0.2425250246818722,0.12418884620093773,0.10795062485624474,0.029406670938090178,0.001158438134819233,0.45949926362297494,0.9366715758468336,0.8807069219440353,0.4786450662739323,68.79234167893962,68.8880706921944,61.170839469808534,Mixed signals,73,73,74,147
bihar|begusarai,8105,61486211,69932590617.15247,1240451,95483,bihar,begusarai,2026,2,2026-Q2,2026-04-01,8104,55245185,1202403,93057,1137.3703059561185,12.991328299278406,643.9492998753705,732408.8122194785,76.97442301227538,0.11296959182958655,0.03164330095650136,0.026070043091868333,0.3083637363825711,0.16361625506200106,0.11978561962729706,0.026860995036961315,0.0015902585525926923,0.812960235640648,0.4580265095729013,0.2665684830633284,0.7628865979381443,57.761413843888064,57.51104565537555,60.92047128129603,Mixed signals,202,202,203,148
chhattisgarh|raigarh,8105,40139436,38841710743.401024,721223,29404,chhattisgarh,raigarh,2026,2,2026-Q2,2026-04-01,8104,39423489,698142,28648,967.6695692336341,24.52805740715549,1365.10121071963,1320966.9005373768,40.769637130263455,0.01816041700418758,0.033060609446215805,0.02638927673834135,0.23529803876600663,0.12638998213326347,0.15057129441227102,0.06211596783629608,0.0010381527883584663,0.40942562592047127,0.8939617083946981,0.9027982326951399,0.5139911634756995,67.48159057437407,68.00441826215022,60.824742268041234,Mixed signals,90,90,82,149
madhya pradesh|narmadapuram,8105,39505428,45717598379.79654,723310,41661,madhya pradesh,narmadapuram,2026,2,2026-Q2,2026-04-01,8104,36683391,702752,40219,1157.2485274630246,17.361801204963875,948.2592352559948,1097371.6036532137,57.597710525224315,0.07692955648511335,0.029253563134647775,0.035853700987095616,0.2672591984201662,0.12022983521248909,0.1672690594267463,0.01729782345756792,0.0010217550200131021,0.6244477172312224,0.7245949926362297,0.6524300441826215,0.5198821796759941,63.55670103092783,63.03387334315169,60.8100147275405,Mixed signals,131,131,133,150
telangana|mancherial,8105,56029293,77148073697.25494,542518,31746,telangana,mancherial,2026,2,2026-Q2,2026-04-01,8104,51666034,538372,30807,1376.9239190159858,17.089334089334088,1764.9244944244945,2430166.7516302825,58.51603080450787,0.08445120831221531,0.007700994851143728,0.030480085694809533,0.2865926740631102,0.0800504869522285,0.18503863526074138,0.014447120915733457,0.0014491226722194975,0.727540500736377,0.9690721649484536,0.6377025036818851,0.37260677466863035,69.44771723122238,67.67304860088365,60.736377025036816,Mixed signals,71,71,87,151
telangana|jogulamba gadwal,8105,26349442,39134697003.31409,301478,17219,telangana,jogulamba gadwal,2026,2,2026-Q2,2026-04-01,8104,23556730,298669,16819,1485.2191937618295,17.50844996805854,1530.2539055694292,2272762.471880718,57.11527872680593,0.11855261744732815,0.009405060451536551,0.02378262679112919,0.3102454412686826,0.0907032021620291,0.09850079744816598,0.006794188437039632,0.0006814930504750909,0.8203240058910162,0.9293078055964654,0.6627393225331369,0.18556701030927836,68.1222385861561,64.94845360824742,60.648011782032405,Mixed signals,86,86,112,152
karnataka|kodagu,8105,18266557,26269669875.39904,353712,14501,karnataka,kodagu,2026,2,2026-Q2,2026-04-01,8104,16927683,347366,14124,1438.1292476408685,24.392248810426867,1259.6756775394801,1811576.4344113537,40.99663002668838,0.07909375429584786,0.018268915207590775,0.026692155196827994,0.2637446547085265,0.09030044664737047,0.11391918881548624,0.004066724962138672,0.00047244004831704315,0.5979381443298969,0.8541973490427098,0.8954344624447718,0.21354933726067746,65.94992636229749,64.0279823269514,60.59646539027983,Mixed signals,102,102,120,153
rajasthan|banswara,8105,22967500,25092318176.831764,639092,21879,rajasthan,banswara,2026,2,2026-Q2,2026-04-01,8104,22587244,617428,21207,1092.514125474334,29.210292974998858,1049.750902692079,1146867.6894205294,34.23450770781046,0.016834988810498608,0.03508749198287098,0.03168765030414478,0.2353194379819621,0.1565852528557572,0.1721311475409837,0.008994769087582321,0.0005940236471340324,0.4108983799705449,0.7643593519882179,0.9440353460972017,0.44329896907216493,63.90279823269515,64.06480117820324,60.55964653902799,Mixed signals,125,125,118,154
uttar pradesh|etah,8105,27332676,27918641150.470013,678168,49184,uttar pradesh,etah,2026,2,2026-Q2,2026-04-01,8104,25186856,649503,47757,1021.4382649715678,13.788386467143786,555.722918022121,567636.6531894521,72.52480211393048,0.08519602446609453,0.04413374534066827,0.029880436375819164,0.33407366440599184,0.17335584880262567,0.1538226945363268,0.007457132967967228,0.000706923081896281,0.9189985272459499,0.35640648011782033,0.3402061855670103,0.47569955817378495,54.49926362297496,52.282768777614145,60.55964653902799,Mixed signals,246,246,282,154
punjab|sas nagar,8105,46199012,44467731285.67928,1555702,98314,punjab,sas nagar,2026,2,2026-Q2,2026-04-01,8104,42393256,1510688,96305,962.5255900641183,15.823809426938178,469.9128506621641,452303.1438623114,63.195907699546574,0.08977267516323817,0.029797019636086386,0.020860806811692,0.2534643157395453,0.11941059945270771,0.0909716365573261,0.16361505027588974,0.0011948756112867716,0.5213549337260678,0.25625920471281294,0.5257731958762887,0.8424153166421208,52.03976435935198,53.64506627393225,60.31664212076584,Mixed signals,286,286,257,156
punjab|gurdaspur,8105,9751226,17132876680.16252,538763,38371,punjab,gurdaspur,2026,2,2026-Q2,2026-04-01,8104,8595160,517686,37852,1756.9971899084812,14.040890255661829,254.13009825128353,446505.8684986714,71.22055523486208,0.13450197553041487,0.04071386902485297,0.013711296628976077,0.35803797515952507,0.15967755822463303,0.09263055982686952,0.03453423056409871,0.0002522024091672233,0.9631811487481591,0.047128129602356406,0.36229749631811486,0.3637702503681885,46.40648011782032,43.40942562592047,60.30191458026509,Mixed signals,385,385,456,157
tamil nadu|tiruvallur,8105,59754761,67850935234.4465,1997839,80350,tamil nadu,tiruvallur,2026,2,2026-Q2,2026-04-01,8104,58410838,1920854,78852,1135.4900278899368,24.86420659614188,743.6809085252022,844442.2555624953,40.218456041753115,0.02300811024145899,0.04007852757159047,0.018997615786536803,0.18876391096077927,0.11855449613401348,0.07080506949904719,0.056947642726361665,0.0015454769157654267,0.14727540500736377,0.572901325478645,0.9116347569955817,0.8998527245949927,59.52871870397644,63.29160530191458,60.29455081001473,Mixed signals,177,177,129,158
uttar pradesh|maharajganj,8105,31399123,35506528759.09976,969112,75127,uttar pradesh,maharajganj,2026,2,2026-Q2,2026-04-01,8104,27478992,950770,74145,1130.8127542001655,12.899649926125095,417.94724932447724,472620.08011899533,77.52148358497263,0.14265919943497196,0.019291731964618197,0.01324431856497399,0.32264489863728807,0.14753267544327064,0.07510124644027538,0.008566575599423856,0.0008120962909010593,0.8762886597938144,0.20913107511045656,0.24889543446244478,0.6597938144329897,50.93519882179676,49.85272459499264,60.25773195876288,Mixed signals,305,305,325,159
madhya pradesh|ujjain,8105,92566816,104728146385.7399,1368511,122336,madhya pradesh,ujjain,2026,2,2026-Q2,2026-04-01,8104,88203401,1340299,119932,1131.3789423818996,11.1864945723254,756.6604760659168,856069.7291536416,89.39350871129278,0.04946991783230681,0.021049034581089643,0.020044691992128882,0.3324740065425471,0.10196629145626668,0.0962989515189534,0.040531251583888005,0.0023941168017374507,0.9160530191458026,0.5832106038291606,0.10751104565537556,0.7938144329896907,60.62592047128129,60.014727540500736,60.25036818851252,Mixed signals,167,167,164,160
bihar|purnea,8105,83663761,98352755311.13593,1472576,101115,bihar,purnea,2026,2,2026-Q2,2026-04-01,8104,76870776,1448799,98413,1175.5717665039697,14.56337833160263,827.4119665727143,972682.1471704092,68.66538637055065,0.0883688880674236,0.016411524303923564,0.02745572231310911,0.2687959399384523,0.16348558339963604,0.12038781163434908,0.03654952602290809,0.002163851200268641,0.6362297496318114,0.6450662739322534,0.40795287187039764,0.8203240058910162,61.81885125184093,62.73932253313696,60.23564064801178,Mixed signals,151,151,136,161
gujarat|ahmedabad,8105,260700084,294794035228.6818,6724772,515128,gujarat,ahmedabad,2026,2,2026-Q2,2026-04-01,8104,248708675,6510110,508603,1130.7784435876201,13.054565078970663,506.08797036852974,572273.3674517437,76.60155615684815,0.04821467928289991,0.03297363639016848,0.01282925975662752,0.27097739222024986,0.11038895312942976,0.05909298376186811,0.22514852685988157,0.006742658744130993,0.6450662739322534,0.29896907216494845,0.27540500736377027,0.9911634756995582,53.53460972017674,55.26509572901326,60.22091310751105,Mixed signals,261,261,239,162
telangana|nagarkurnool,8105,40723633,63926616098.00396,412595,25720,telangana,nagarkurnool,2026,2,2026-Q2,2026-04-01,8104,37167279,410394,24923,1569.7670219649597,16.04179626749611,1583.3449844479005,2485482.7409799364,62.33715871496261,0.09568507826467476,0.005363138837312542,0.03197849376078321,0.31940879689173474,0.08865552315993619,0.15093748601601997,0.010500565303919742,0.0010532622618573129,0.8630338733431517,0.9425625920471281,0.5493372606774669,0.25625920471281294,68.31369661266568,65.279823269514,60.15463917525774,Mixed signals,82,82,108,163
chhattisgarh|kabirdham,8105,13834070,13776528240.732182,325935,19882,chhattisgarh,kabirdham,2026,2,2026-Q2,2026-04-01,8104,13260398,317090,19309,995.8405762535668,16.393471481742278,695.8087717533448,692914.6082251373,60.99989261662601,0.04326204990227289,0.027894288687754232,0.02967528095706662,0.32156300544107874,0.13451169719900724,0.13023705303848554,0.0214082890244165,0.00035779970463078277,0.8718703976435935,0.5213549337260678,0.5743740795287187,0.20176730486008837,57.58468335787924,54.234167893961704,60.022091310751115,Mixed signals,204,204,251,164
assam|sonitpur,8105,19332246,17390349905.85811,528844,37276,assam,sonitpur,2026,2,2026-Q2,2026-04-01,8104,17557864,516056,35603,899.5514492138218,14.187251851056981,518.6244768752013,466529.3997708474,70.48581434222568,0.10105910377253169,0.024780256406281564,0.04699042215543625,0.34767023740360536,0.14384466808986485,0.17619588539694564,0.03520554277520451,0.0005000026679530775,0.9484536082474226,0.3122238586156112,0.374079528718704,0.3593519882179676,52.798232695139916,49.85272459499264,60.014727540500736,Mixed signals,274,274,325,165
karnataka|kolar,8105,100222275,138935018500.43454,1166361,61066,karnataka,kolar,2026,2,2026-Q2,2026-04-01,8104,93308094,1131209,59278,1386.268855904883,19.10000655028985,1641.212376772672,2275161.6038455856,52.35600298706833,0.0741005490906288,0.031074717404122598,0.030162960963595165,0.2295717462751521,0.10661906325131443,0.11344905550288087,0.02231271210578034,0.0025921150024848134,0.37260677466863035,0.9543446244477173,0.7584683357879234,0.7378497790868925,68.75552282768778,70.58173784977909,59.896907216494846,Mixed signals,75,75,60,166
uttar pradesh|bahraich,8105,24510819,27823630302.23141,1023926,77455,uttar pradesh,bahraich,2026,2,2026-Q2,2026-04-01,8104,22331686,983797,75180,1135.1571035725658,13.219624297979472,316.4523788005939,359223.16573793057,75.64511497901215,0.09758031704368397,0.04078991905850504,0.03026070763500921,0.3089961990178103,0.2081551647646287,0.26051719367910553,0.006687249958137195,0.0006339395274462669,0.8144329896907216,0.101620029455081,0.2930780559646539,0.678939617083947,47.87923416789396,47.201767304860084,59.808541973490435,Mixed signals,361,361,374,167
assam|tamulpur,8105,4217108,4522560677.831939,148083,8979,assam,tamulpur,2026,2,2026-Q2,2026-04-01,8104,3895601,142357,8784,1072.4317892337447,16.492148346140997,469.6634369083417,503681.99998128286,60.634914203521,0.08253078279834103,0.04022282009314604,0.02219945355191255,0.35546593631305345,0.18207289621150435,0.12561113200451302,0.00767968585138308,0.00010906985412074038,0.9587628865979382,0.2547864506627393,0.5861561119293078,0.036818851251840944,50.52282768777614,45.913107511045666,59.78645066273932,Mixed signals,321,321,399,168
jammu & kashmir|poonch,8105,5796263,7239764766.045919,183644,8647,jammu & kashmir,poonch,2026,2,2026-Q2,2026-04-01,8104,4812592,176343,8390,1249.0400739314139,21.237885972013416,670.3206892563895,837257.4032665571,47.0856657445928,0.2043952614308464,0.04140226717249895,0.03063170441001195,0.2855476270901123,0.1703779236505003,0.1480350504514074,0.030873534642265287,0.0001499125846090366,0.7216494845360825,0.4963181148748159,0.8276877761413843,0.07363770250368189,56.22238586156112,52.982326951399116,59.6759941089838,Mixed signals,218,218,268,169
punjab|sangrur,8105,5598997,9283294078.180857,437953,29143,punjab,sangrur,2026,2,2026-Q2,2026-04-01,8104,4921668,420272,28794,1658.0280500562612,15.02772535428748,192.12150430635143,318542.8431589355,66.54367021118705,0.13762183877498435,0.04207037347241793,0.01212058067652988,0.3308811417202582,0.13949664228714753,0.07849159943749529,0.01982899927923904,0.00014481056354555375,0.9116347569955817,0.011782032400589101,0.4580265095729013,0.28718703976435933,44.83799705449189,41.715758468335785,59.6759941089838,Mixed signals,422,422,492,169
madhya pradesh|dhar,8105,74462317,80332199196.38478,1178501,69467,madhya pradesh,dhar,2026,2,2026-Q2,2026-04-01,8104,73337032,1152074,67987,1078.8302383390082,16.964904199116127,1071.9092086890178,1156408.0670877506,58.9452193931104,0.015344021557894605,0.02293863067823776,0.021768867577625084,0.24498561531265262,0.11518524266258878,0.11001565945479541,0.032604026305131,0.0019258681666872955,0.47717231222385864,0.7746686303387335,0.6229749631811488,0.7422680412371134,64.10162002945509,65.42709867452136,59.447717231222384,Mixed signals,122,122,104,171
maharashtra|wardha,8105,30257256,37140139909.07158,665734,31148,maharashtra,wardha,2026,2,2026-Q2,2026-04-01,8104,28918537,652211,30470,1227.4787875368334,21.37325028894311,971.4028509053551,1192376.3936391287,46.78745565045499,0.04629276370377933,0.020734087588219152,0.022251394814571723,0.24378655624326284,0.10756673842662678,0.08950995137990136,0.005974438311147967,0.0007825634292538623,0.4698085419734904,0.7363770250368189,0.8291605301914581,0.4653902798232695,62.54050073637703,62.51840942562593,59.447717231222384,Mixed signals,146,146,140,171
maharashtra|nashik,8105,326726159,379281693778.8296,4715835,331234,maharashtra,nashik,2026,2,2026-Q2,2026-04-01,8104,308700991,4614253,324810,1160.854995326008,14.237170701075373,986.3907660445485,1145056.648106262,70.23867459315264,0.058390379446498164,0.022014831002981516,0.019777716203318807,0.256395892819576,0.10263594391604713,0.08312242081788268,0.06451362547825956,0.008450334802798465,0.5434462444771723,0.7422680412371134,0.37702503681885124,0.979381443298969,63.87334315169366,66.05301914580265,59.41826215022091,Mixed signals,126,126,95,173
uttar pradesh|ambedkar nagar,8105,28593166,31661201602.156868,820870,65372,uttar pradesh,ambedkar nagar,2026,2,2026-Q2,2026-04-01,8104,24763529,809044,64618,1107.299611458097,12.556905096983417,437.3916355626262,484323.58811351756,79.63745781914311,0.1546482732731671,0.014617251966518419,0.01166857531957044,0.34455692256110915,0.1408593796689177,0.09616513238425806,0.007801030562728641,0.0007395239686700256,0.9410898379970545,0.22385861561119294,0.21354933726067746,0.5699558173784978,50.567010309278345,48.71134020618557,59.36671575846834,Mixed signals,319,319,335,174
arunachal pradesh|itanagar capital complex,8105,11925439,12990219734.28034,229815,13506,arunachal pradesh,itanagar capital complex,2026,2,2026-Q2,2026-04-01,8104,10396670,217274,12294,1089.2865020969325,17.015770768547313,882.9734192210869,961811.0272679061,58.76900985575354,0.1470441016209998,0.057719745574712045,0.09858467545143967,0.3203407361218198,0.15982073914820805,0.40951784596117724,0.29349498286027786,0.00030843551838268977,0.8674521354933726,0.678939617083947,0.6303387334315169,0.10309278350515463,60.81737849779088,56.99558173784979,59.337260677466865,Mixed signals,166,166,215,175
assam|udalguri,8105,8475087,7983221904.46859,285968,19161,assam,udalguri,2026,2,2026-Q2,2026-04-01,8104,7388715,276076,18422,941.9634163600432,14.924482020771359,442.30922185689684,416639.1057078748,67.00400044760254,0.14703124968279324,0.035830713281849835,0.040115079795896236,0.4311439391802998,0.16829879112483814,0.1435306755788972,0.015433801013192139,0.00021919678195355283,0.9911634756995582,0.2268041237113402,0.44624447717231225,0.16200294550810015,49.801178203240056,45.65537555228277,59.31516936671576,Mixed signals,335,335,403,176
assam|jorhat,8105,9287808,7887445872.133333,359897,19001,assam,jorhat,2026,2,2026-Q2,2026-04-01,8104,8710454,347610,18103,849.2257669552744,18.940950476290723,488.806273354034,415106.882381629,52.79566098078061,0.06628288261438486,0.035347084376168736,0.04960503783903225,0.27992044705535735,0.1504077124947658,0.22405462861560266,0.016913829972569492,0.00024021672284927148,0.6907216494845361,0.27540500736377027,0.7496318114874816,0.21649484536082475,50.67746686303387,48.30633284241532,59.27835051546393,Mixed signals,312,312,344,177
karnataka|kalaburagi,8105,121286983,151224426334.60477,1442143,84694,karnataka,kalaburagi,2026,2,2026-Q2,2026-04-01,8104,112423299,1414261,82057,1246.8314619929556,17.027687911776514,1432.0611023212978,1785538.8378705075,58.72787927410805,0.0788420556845606,0.019714889967269222,0.03213619800870138,0.236797407361784,0.10050120493696024,0.1388806712745072,0.027002395763393663,0.0031369254812906662,0.4212076583210604,0.9072164948453608,0.6318114874815906,0.8114874815905744,67.34167893961708,69.29307805596466,59.24889543446243,Mixed signals,91,91,68,178
karnataka|belagavi,8105,169229045,205774959801.1408,2597822,153187,karnataka,belagavi,2026,2,2026-Q2,2026-04-01,8104,157663160,2545605,149977,1215.9553332061928,16.958501700535948,1104.721973796732,1343292.5757482084,58.9674735220504,0.0733581960427534,0.02051260898686169,0.02140328183654816,0.22571187477495358,0.09557778818980678,0.07801493304058371,0.03767584562434994,0.004376882747878928,0.3475699558173785,0.7893961708394698,0.6215022091310751,0.9410898379970545,64.52135493372606,67.48895434462445,59.18262150220913,Mixed signals,119,119,89,179
gujarat|vadodara,8105,66298282,63196981477.48862,2202693,149674,gujarat,vadodara,2026,2,2026-Q2,2026-04-01,8104,64128325,2131647,147486,953.2220077360167,14.716604086214039,442.9512273340727,422230.85824851756,67.95045882472047,0.03383773083111086,0.03332915815798776,0.01483530640196351,0.25570633408135346,0.10927616063429424,0.060209386997605696,0.05725721410063298,0.0017147163283927536,0.5360824742268041,0.22827687776141384,0.41973490427098675,0.9175257731958762,50.63328424153166,52.54050073637703,59.07216494845361,Mixed signals,313,313,276,180
punjab|amritsar,8105,23249586,37298610903.00245,1219911,100269,punjab,amritsar,2026,2,2026-Q2,2026-04-01,8104,21060292,1181022,98511,1604.2698955156643,12.16638243125991,231.87212398647637,371985.4681207796,82.19370101589378,0.10395363938923552,0.03292826043884034,0.01784572281268071,0.31472022029335345,0.13804143705938499,0.06754325259515581,0.08233903751629196,0.0006013194239719752,0.8483063328424153,0.03240058910162003,0.1796759941089838,0.7540500736377025,45.832106038291606,45.36082474226804,59.07216494845361,Mixed signals,402,402,410,180
punjab|bathinda,8105,13099461,17609533699.008507,652707,47582,punjab,bathinda,2026,2,2026-Q2,2026-04-01,8104,11817428,630098,46779,1344.2945247142998,13.71751922996091,275.3028666302383,370088.1362491805,72.89947863283219,0.10848663516291368,0.03588171998641476,0.017165822270676978,0.3270589229288443,0.13220674737333282,0.09939926062846571,0.046392095356975534,0.00033880002606770517,0.8998527245949927,0.06480117820324006,0.3328424153166421,0.4536082474226804,46.00883652430044,43.77761413843888,58.983799705449194,Mixed signals,397,397,440,182
punjab|barnala,8105,2788820,4536205893.128601,208611,13130,punjab,barnala,2026,2,2026-Q2,2026-04-01,8104,2437109,198691,12935,1626.5681876666838,15.888118811881188,212.4006092916984,345484.0741148973,62.94011341683804,0.14431484188848342,0.049926770714325164,0.015075376884422065,0.35269885447290084,0.15809429699166722,0.06049592116953395,0.009876681443109797,7.212909666268998e-05,0.9558173784977909,0.027982326951399118,0.5316642120765832,0.08541973490427099,44.374079528718696,40.0220913107511,58.97643593519882,Mixed signals,433,433,519,183
chhattisgarh|raipur,8105,133634746,139753378041.5661,2143139,139909,chhattisgarh,raipur,2026,2,2026-Q2,2026-04-01,8104,127878467,2085582,138163,1045.7862361751793,15.31809247439407,955.1547505878822,998887.6915821434,65.28227987078766,0.045013669111313215,0.02759757228437909,0.012637247309337463,0.24582796699153242,0.10870616743119155,0.06767347624026065,0.20680040408010708,0.0034562838446827054,0.48159057437407954,0.7304860088365243,0.4845360824742268,0.9086892488954345,62.99705449189985,65.13254786450663,58.939617083946985,Established acceptance / slower growth,140,140,110,184
tamil nadu|thanjavur,8105,14103875,20964319827.14477,867508,49010,tamil nadu,thanjavur,2026,2,2026-Q2,2026-04-01,8104,13379008,849622,47971,1486.422690724696,17.7006325239747,287.77545398898184,427755.9646428233,56.495156240634095,0.054179427951609016,0.021051714762565066,0.02165891893018701,0.25096868000436023,0.11228813830967099,0.10504836418570052,0.01344131281116268,0.000364777849840971,0.4992636229749632,0.07658321060382917,0.6774668630338734,0.6097201767304861,46.02356406480118,46.575846833578794,58.92488954344625,Mixed signals,396,396,385,185
madhya pradesh|ashoknagar,8105,18555375,22026371920.097103,382035,25838,madhya pradesh,ashoknagar,2026,2,2026-Q2,2026-04-01,8104,17541668,371831,25036,1187.0615344662722,14.785780633175943,718.142851613902,852479.7554027828,67.63254675618727,0.05778851817284414,0.0274425747180842,0.03203387122543533,0.3453717320018568,0.14267127282516046,0.12100308039394325,0.008124645578804244,0.00047990993932468253,0.9425625920471281,0.5567010309278351,0.4329896907216495,0.23858615611192932,57.79086892488955,54.27098674521355,58.821796759941094,Mixed signals,201,201,248,186
bihar|katihar,8105,74442821,87208566595.45883,1315773,86038,bihar,katihar,2026,2,2026-Q2,2026-04-01,8104,66069514,1305259,84148,1171.483904343964,15.29292870592064,865.2318859108766,1013605.2278697649,65.38969867902746,0.12673480540510718,0.008055106304572401,0.022460426866948602,0.2584162015656173,0.1471839882681072,0.10052571662466914,0.03252124684375818,0.0019253639287413055,0.5567010309278351,0.6745213549337261,0.48306332842415317,0.7835051546391752,61.31075110456554,62.44477172312224,58.76288659793815,Mixed signals,162,162,141,187
telangana|adilabad,8105,29166193,37363232638.97027,374803,24947,telangana,adilabad,2026,2,2026-Q2,2026-04-01,8104,26682821,368739,24373,1281.0459232362025,15.023970818134446,1169.1262676874976,1497704.4389694259,66.56029967743055,0.09307006931538453,0.016445236332473634,0.023550650309769106,0.3350971397360383,0.11260757148921385,0.07294309922153897,0.007520486059365746,0.0007543445450691231,0.9219440353460973,0.8173784977908689,0.4565537555228277,0.23564064801178203,64.21944035346097,60.787923416789404,58.74815905743741,Mixed signals,121,121,156,188
karnataka|tumakuru,8105,127067740,170409235171.7622,1670563,96101,karnataka,tumakuru,2026,2,2026-Q2,2026-04-01,8104,117813036,1631203,94133,1341.0896831230507,17.383409121653262,1322.2311942643678,1773230.6133314138,57.52611544730728,0.07855415932070531,0.02412943085563235,0.020906589612569526,0.2264156543184801,0.095996630454108,0.07472684776166139,0.028289378788818643,0.0032864370239633818,0.35346097201767307,0.882179675994109,0.6568483063328424,0.8615611192930781,66.31075110456554,68.85125184094257,58.66715758468336,Mixed signals,98,98,76,189
odisha|sundargarh,8105,64723458,71328860185.85616,1180407,59341,odisha,sundargarh,2026,2,2026-Q2,2026-04-01,8104,62491841,1147094,57765,1102.0557675681691,19.89192969447768,1090.7038641074469,1202016.4841485003,50.27164359411627,0.035710533795923816,0.029041211966935654,0.0272829568077555,0.2193055796507717,0.116410973751635,0.1526776869136186,0.04249371857626257,0.0016739856134227217,0.3122238586156112,0.7864506627393225,0.7849779086892489,0.7437407952871871,63.52724594992636,65.68483063328424,58.556701030927826,Mixed signals,133,133,102,190
karnataka|raichur,8105,77801824,100057615961.17644,987196,46754,karnataka,raichur,2026,2,2026-Q2,2026-04-01,8104,71636932,961839,44980,1286.0574574855268,21.11468537451341,1664.0677589083286,2140086.751105284,47.36040259482413,0.08605745427512157,0.02636303996822753,0.03943975100044472,0.22175574999267433,0.10178739836717843,0.16419322709163353,0.01732119631306106,0.0020122400455495847,0.32989690721649484,0.9602356406480118,0.8203240058910162,0.6642120765832106,67.69513991163475,69.36671575846833,58.51251840942562,Mixed signals,88,88,67,191
madhya pradesh|harda,8105,15245765,19369542249.886307,276204,17586,madhya pradesh,harda,2026,2,2026-Q2,2026-04-01,8104,14598525,274616,16885,1270.4867384408922,15.70590242238144,866.926248151939,1101418.3014833564,63.670330625190076,0.04433598599858546,0.005782620094968882,0.041516138584542395,0.33238409189624263,0.10520503217132426,0.20073740270381002,0.00667550169170596,0.00039431130635238405,0.914580265095729,0.6759941089837997,0.5139911634756995,0.1561119293078056,60.30927835051546,56.51693667157585,58.47569955817379,Mixed signals,170,170,225,192
west bengal|malda,8105,100728885,137504105725.43527,1861790,181875,west bengal,malda,2026,2,2026-Q2,2026-04-01,8104,88725199,1911354,178172,1365.0911128961197,10.236646048109966,553.835793814433,756036.3201398503,97.68824625763378,0.1352906066742099,-0.025931355468427064,0.020783288058729754,0.31614748170037577,0.07276309140430848,0.08854387991453239,0.05651455379005675,0.002605217792073344,0.8571428571428571,0.35198821796759944,0.050073637702503684,0.8954344624447718,53.67452135493374,53.865979381443296,58.42415316642121,Mixed signals,257,257,253,193
andhra pradesh|bapatla,8105,74429207,109531301288.4546,832865,59133,andhra pradesh,bapatla,2026,2,2026-Q2,2026-04-01,8104,68137122,827051,56499,1471.6172011406034,14.084605888421017,1258.6746317622985,1852287.2387407133,70.99950171996662,0.09234444918292861,0.007029796227802088,0.04662029416449842,0.29609663010937504,0.09173216373655757,0.17248284887179288,0.022929820124353267,0.0019250118208526765,0.7717231222385862,0.8527245949926362,0.36818851251840945,0.5832106038291606,65.33873343151694,64.39617083946982,58.335787923416795,Mixed signals,109,109,115,194
west bengal|cooch behar,8105,49830577,53502404660.88046,1223787,110248,west bengal,cooch behar,2026,2,2026-Q2,2026-04-01,8104,45890104,1217403,107081,1073.6862360811208,11.10031020970902,451.9862219722807,485291.38542994397,90.08757242886222,0.08586759794660748,0.005243949620626909,0.029575741728224525,0.32712975492727514,0.11724842471593755,0.12121551119201857,0.027957748408076438,0.0012888011794201905,0.9013254786450663,0.23711340206185566,0.09572901325478646,0.7555228276877761,50.47128129602356,49.74226804123711,58.291605301914586,Mixed signals,323,323,327,195
uttar pradesh|kasganj,8105,19870998,20600642972.35669,540645,39844,uttar pradesh,kasganj,2026,2,2026-Q2,2026-04-01,8104,17973727,517567,39263,1036.7190904229717,13.569044272663387,498.71995783555866,517032.50106306316,73.69715802421182,0.10555801810053089,0.044589396155473526,0.014797646639329587,0.3465429770603834,0.17461300309597516,0.1157658919070288,0.005421374558869057,0.000513936767351826,0.9455081001472754,0.2916053019145803,0.32106038291605304,0.36818851251840945,51.04565537555228,48.15905743740795,58.2621502209131,Mixed signals,304,304,354,196
gujarat|tapi,8105,7984270,8883646476.402473,268397,9584,gujarat,tapi,2026,2,2026-Q2,2026-04-01,8104,7593831,263511,9435,1112.6435449205092,28.00469532554257,833.083263772955,926924.7158182882,35.7082977827621,0.051415286961219,0.01854192045113856,0.01579226285108648,0.2559298364168954,0.11284932415623183,0.06880785100925624,0.006895458570514103,0.00020650245717221467,0.5390279823269514,0.6509572901325479,0.9381443298969072,0.15316642120765833,58.961708394698086,57.03240058910162,58.22533136966127,Mixed signals,185,185,213,197
bihar|kishanganj,8105,36907622,45876217130.44731,687898,45364,bihar,kishanganj,2026,2,2026-Q2,2026-04-01,8104,33157342,683726,43917,1243.001164649603,15.163962613526143,813.5883519971784,1011291.2690778439,65.94582336334747,0.11310556799154758,0.006101859516824071,0.03294851651979869,0.2898876358942766,0.15631765797506825,0.15055290656386333,0.016123541119943855,0.0009545662448017524,0.7407952871870398,0.6347569955817378,0.46686303387334316,0.4889543446244477,59.543446244477174,58.284241531664215,58.1958762886598,Mixed signals,176,176,189,198
uttar pradesh|kanpur dehat,8105,20478974,24560512463.09357,582286,41453,uttar pradesh,kanpur dehat,2026,2,2026-Q2,2026-04-01,8104,18564811,564387,40986,1199.303854924254,14.046896485175983,494.02875545798855,592490.5908641974,71.19010245824217,0.10310705560105093,0.031714054363406685,0.01139413458254035,0.3248148902163146,0.1710690913186359,0.05569704069678605,0.005587247738404527,0.0005296612528591716,0.8880706921944035,0.2812960235640648,0.3637702503681885,0.39764359351988215,50.72164948453608,48.26951399116347,58.1958762886598,Mixed signals,311,311,350,198
uttar pradesh|mathura,8105,90335602,97966320831.5084,1700916,175515,uttar pradesh,mathura,2026,2,2026-Q2,2026-04-01,8104,82227835,1692943,171058,1084.4707807615916,9.69100076916503,514.6887844343788,558164.9479047854,103.18851724600157,0.09860124615952737,0.0047095501738687595,0.026055489950777,0.3246500353943955,0.10212848951695097,0.11706190094321611,0.0246461267039995,0.0023364094379487704,0.8865979381443299,0.30633284241531666,0.026509572901325478,0.8718703976435935,52.356406480117826,52.28276877761413,58.18851251840943,Mixed signals,283,283,283,200
maharashtra|akola,8105,56701182,67336291835.71501,987281,70953,maharashtra,akola,2026,2,2026-Q2,2026-04-01,8104,53458444,966986,68663,1187.5641646361978,13.914577255366229,799.1372035009091,949026.7055052642,71.86707735690244,0.060659042002793706,0.020987894343868385,0.033351295457524355,0.28665686135065926,0.11042240277852766,0.14723430400827842,0.011195916577107109,0.0014665001819288363,0.7290132547864506,0.6200294550810015,0.35198821796759944,0.6656848306332842,59.48453608247423,59.167893961708394,58.122238586156115,Mixed signals,178,178,178,201
uttar pradesh|amethi,8105,20498800,23435719920.9659,553416,41736,uttar pradesh,amethi,2026,2,2026-Q2,2026-04-01,8104,17434256,542563,41161,1143.2727730874929,13.259919493962046,491.15391987732414,561522.9039909407,75.415239169088,0.17577715963331042,0.020003207000846013,0.01396953426787495,0.3504571663931777,0.15530393176096302,0.09233668341708534,0.005592656836226596,0.00053017402581348,0.9528718703976435,0.27982326951399117,0.2960235640648012,0.3799705449189985,50.58173784977909,47.71723122238586,57.974963181148745,Mixed signals,318,318,365,202
telangana|wanaparthy,8105,28730127,43465751206.45389,291788,18574,telangana,wanaparthy,2026,2,2026-Q2,2026-04-01,8104,26241722,287332,18053,1512.8979835854498,15.709486378809087,1546.7926671691612,2340139.5071849837,63.655804899447546,0.09482628464702136,0.015508192613422844,0.028859469340275945,0.32501642081486914,0.09586797965913263,0.10889552238805966,0.0074080466925288265,0.0007430662816224638,0.8895434462444771,0.9337260677466863,0.5154639175257731,0.16936671575846834,66.30338733431516,62.70250368188511,57.857142857142854,Mixed signals,99,99,138,203
uttar pradesh|unnao,8105,20661240,25223708093.615643,887209,63425,uttar pradesh,unnao,2026,2,2026-Q2,2026-04-01,8104,18340824,856149,62841,1220.8225689075603,13.988316909735909,325.75861253448954,397693.4661981181,71.48822881643446,0.1265164531320948,0.036278731856254076,0.009293295778233901,0.28942366595721425,0.17258902704645895,0.08106495764373012,0.005636975097611489,0.000534375318999088,0.7393225331369662,0.10456553755522828,0.35640648011782033,0.6273932253313697,46.251840942562595,45.69219440353461,57.73195876288659,Mixed signals,390,391,402,204
kerala|idukki,8105,8810940,11451139841.48898,541617,32521,kerala,idukki,2026,2,2026-Q2,2026-04-01,8104,8405142,524831,32213,1299.650189592595,16.654377171673687,270.9307831862489,352115.2437344786,60.044274828892,0.048279731621428956,0.03198362901581642,0.009561357216030686,0.2790250368932501,0.12528593540612687,0.05955755383963779,0.029903090114266354,0.00022788317028318847,0.6848306332842415,0.05891016200294551,0.6008836524300442,0.3711340206185567,44.46244477172313,42.8939617083947,57.70250368188512,Mixed signals,429,429,466,205
haryana|sirsa,8105,17121408,29476341651.778214,690128,37959,haryana,sirsa,2026,2,2026-Q2,2026-04-01,8104,15405999,669119,37325,1721.607338121854,18.180879369846412,451.05002766142417,776531.0374819731,55.00284005285976,0.11134682015752428,0.031398002447994955,0.01698593436034823,0.2526909605805745,0.1237508731878807,0.11160243645308654,0.015142108257881705,0.0004428223021325699,0.5184094256259205,0.2341678939617084,0.7039764359351989,0.49189985272459497,48.8438880706922,48.71134020618557,57.67304860088366,Mixed signals,345,345,335,206
gujarat|chhotaudepur,8105,3256480,3955489213.374757,198583,4982,gujarat,chhotaudepur,2026,2,2026-Q2,2026-04-01,8104,3088252,196133,4954,1214.6517753447763,39.86009634684866,653.6491368928141,793956.0845794374,25.087746685265103,0.054473533895549986,0.012491523608979538,0.0056519983851432976,0.2546580404945151,0.14596425624246212,0.020483408439164297,0.002812395237849893,8.42244966330264e-05,0.5272459499263623,0.4698085419734904,0.9837997054491899,0.08247422680412371,53.807069219440365,51.583210603829166,57.58468335787924,Mixed signals,253,253,297,207
bihar|supaul,8105,51328514,56264216543.22532,936778,81960,bihar,supaul,2026,2,2026-Q2,2026-04-01,8104,49861990,918888,78797,1096.15907725724,11.429697413372377,626.262981942411,686483.8524063607,87.491380028139,0.02941166206964474,0.01946918449256052,0.04014112212393872,0.3354797896224102,0.17927756223201907,0.20265887980748065,0.022423482230976947,0.001327543315043006,0.9248895434462445,0.43593519882179677,0.12812960235640647,0.6435935198821797,54.72017673048602,53.31369661266569,57.569955817378506,Mixed signals,242,242,262,208
uttar pradesh|shahjahanpur,8105,27340701,32967006288.25599,1011541,88410,uttar pradesh,shahjahanpur,2026,2,2026-Q2,2026-04-01,8104,25574358,980999,87158,1205.7849682879744,11.441477208460581,309.2489650492026,372887.7535149416,87.40130157848273,0.06906695370417504,0.031133568943495282,0.014364716950824974,0.32768060533690613,0.17093716321727848,0.11497862358594069,0.007459322416672065,0.0007071306377803891,0.9027982326951399,0.09425625920471281,0.13107511045655376,0.6745213549337261,46.20765832106038,45.06627393225332,57.562592047128135,Mixed signals,392,392,419,209
karnataka|uttara kannada,8105,39791180,49226243947.96534,757002,34215,karnataka,uttara kannada,2026,2,2026-Q2,2026-04-01,8104,38163912,757330,33472,1237.1144547099468,22.12485751863218,1162.9747186906327,1438732.834954416,45.198031180895164,0.04263892024486382,-0.0004331004978015418,0.022197657743785904,0.22694765843567177,0.07156688994456739,0.08292451337236906,0.008858800537997013,0.0010291456130343643,0.35640648011782033,0.8114874815905744,0.8483063328424153,0.540500736377025,62.99705449189985,63.91752577319587,57.45949926362297,Mixed signals,140,141,122,210
telangana|suryapet,8105,63010913,106341776016.41817,616636,43066,telangana,suryapet,2026,2,2026-Q2,2026-04-01,8104,56656194,609675,41941,1687.67235631736,14.318395021594762,1463.1243440300934,2469274.509274559,69.84022989251358,0.11216282901036378,0.011417558535285144,0.02682339476884188,0.3112705871805834,0.09148001430204933,0.1311428046121923,0.016247327609894367,0.0016296929291174577,0.8306332842415317,0.9131075110456554,0.38291605301914583,0.42857142857142855,65.89101620029454,63.88070692194403,57.34167893961708,Mixed signals,104,104,124,211
tamil nadu|pudukkottai,8105,9189681,14089456885.733536,521706,21484,tamil nadu,pudukkottai,2026,2,2026-Q2,2026-04-01,8104,8749580,510908,20826,1533.1823689781545,24.28346676596537,427.74534537330106,655811.6219388166,41.18028161454919,0.05029967152709047,0.02113492057278421,0.03159512148276189,0.23906022850735664,0.12015854237208079,0.1191914982287976,0.008757974454240291,0.00023767879933028502,0.4329896907216495,0.21649484536082475,0.8910162002945509,0.35198821796759944,47.71723122238586,47.31222385861562,57.30486008836525,Mixed signals,366,366,371,212
assam|charaideo,8105,4118189,3376148832.8662195,163599,6174,assam,charaideo,2026,2,2026-Q2,2026-04-01,8104,3846712,156912,5873,819.8139601815797,26.498056365403304,667.021218011014,546833.3062627502,37.7386169842114,0.07057377833328826,0.042616243499541184,0.05125148986889161,0.2630579259381485,0.17984018692936776,0.18685121107266434,0.007499546560491559,0.00010651144658178964,0.5905743740795287,0.4889543446244477,0.9263622974963182,0.050073637702503684,54.10162002945508,51.39911634756995,57.297496318114874,Mixed signals,250,250,300,213
rajasthan|dungarpur,8105,12874541,15340250578.335651,445900,19716,rajasthan,dungarpur,2026,2,2026-Q2,2026-04-01,8104,12317067,429913,18967,1191.5182512786787,22.616149320348956,652.9996449584094,778060.995046442,44.21619197129401,0.045260288021490735,0.037186593566605364,0.03948963990088039,0.2507359932975648,0.1648897678319048,0.23890913660927482,0.0050420604507939995,0.0003329827713071354,0.49779086892488955,0.4683357879234168,0.8556701030927835,0.2960235640648012,53.954344624447714,52.94550810014728,57.26067746686303,Mixed signals,252,252,270,214
uttar pradesh|raebareli,8105,24574273,27740775651.597683,823720,61439,uttar pradesh,raebareli,2026,2,2026-Q2,2026-04-01,8104,22149624,796150,60664,1128.8543775678606,13.407119256498316,399.9784013411677,451517.36928657175,74.58723838197446,0.10946682435783117,0.03462915279783951,0.01277528682579443,0.30348880679745904,0.16632920353982295,0.06611254750212558,0.006704562017715606,0.0006355806802275989,0.801178203240059,0.18998527245949925,0.30927835051546393,0.5743740795287187,48.00441826215022,46.87039764359352,57.23122238586156,Mixed signals,358,358,380,215
bihar|jamui,8105,33273643,37261798825.09138,673203,41271,bihar,jamui,2026,2,2026-Q2,2026-04-01,8104,30495966,645678,39897,1119.8593080141954,16.311768554190593,806.2233287296165,902856.6990160495,61.305430902714335,0.09108342395187607,0.04262960794699522,0.034438679599969824,0.27029027402433536,0.179491447323467,0.1967465058284521,0.014535993435741594,0.0008605782417893008,0.6406480117820325,0.6318114874815906,0.5670103092783505,0.4698085419734904,58.5861561119293,57.73195876288659,57.216494845360835,Mixed signals,189,189,198,216
odisha|malkangiri,8105,13391611,14969373860.742924,244763,7993,odisha,malkangiri,2026,2,2026-Q2,2026-04-01,8104,13419863,236123,7830,1117.8172559479904,30.622169398223445,1675.4173651945453,1872810.4417293787,32.65607955450783,-0.0021052375870006523,0.0365910987070297,0.020817369093231175,0.2543455174110125,0.17282637341575025,0.0950815180161666,0.0087921654173172,0.0003463560947956994,0.5257731958762887,0.9631811487481591,0.9499263622974963,0.11634756995581738,65.9278350515464,63.88070692194404,57.18703976435936,Mixed signals,103,103,123,217
uttar pradesh|jaunpur,8105,55014511,63791962418.00882,1605649,151304,uttar pradesh,jaunpur,2026,2,2026-Q2,2026-04-01,8104,44426482,1593438,149167,1159.5479312359755,10.612072384074446,363.6024890287104,421614.5139454926,94.23230108199239,0.23832697353799026,0.007663304126046988,0.01432622496932967,0.31408398359949374,0.12675936744525496,0.1010653781219073,0.015009526461832559,0.0014228766940030627,0.8394698085419735,0.13991163475699558,0.061855670103092786,0.8556701030927835,47.34167893961708,47.42268041237113,57.135493372606774,Mixed signals,375,375,369,218
gujarat|banaskantha,8105,39156532,54304178244.40022,918807,54340,gujarat,banaskantha,2026,2,2026-Q2,2026-04-01,8104,38078479,901406,52855,1386.8485146846053,16.908483621641516,720.583952889216,999340.7847699709,59.14190901897787,0.02831134615434605,0.019304286858529807,0.02809573361082207,0.24967864042070786,0.10457430694140557,0.13196542026872193,0.03381677275079747,0.0010127312919455947,0.49042709867452133,0.5581737849779087,0.6170839469808542,0.6347569955817378,56.78939617083947,57.51104565537555,57.08394698085419,Mixed signals,212,212,203,219
assam|morigaon,8105,18226572,18185301597.02541,432252,32830,assam,morigaon,2026,2,2026-Q2,2026-04-01,8104,15692741,426816,30571,997.7357013170337,13.166372220530002,555.1803837953091,553923.2895834728,75.95106558211414,0.16146516405260236,0.012736167341430571,0.07389355925550367,0.45517327163877574,0.1445502712750324,0.20960907851589838,0.033192023326795286,0.0004714058898091231,0.9970544918998527,0.3549337260677467,0.29013254786450665,0.27982326951399117,51.634756995581746,48.04860088365244,57.03240058910162,Mixed signals,291,291,358,220
madhya pradesh|guna,8105,35844855,41560271643.20058,711351,47884,madhya pradesh,guna,2026,2,2026-Q2,2026-04-01,8104,34078069,696556,46892,1159.4487310159457,14.855713808370227,748.5768732770863,867936.505789002,67.31416698648066,0.051845249799805204,0.021240216149168267,0.02115499445534419,0.2856161406181743,0.11147725408395237,0.09023018601580102,0.015695007117809755,0.0009270791987848288,0.7231222385861561,0.5787923416789397,0.43888070692194403,0.508100147275405,57.297496318114874,56.22238586156112,56.98821796759941,Mixed signals,208,208,228,221
uttar pradesh|balrampur,8105,17893265,19869894867.594547,569395,40015,uttar pradesh,balrampur,2026,2,2026-Q2,2026-04-01,8104,13757246,561561,39265,1110.4678138726804,14.229538922903911,447.16393852305384,496561.1612543933,70.2763459461358,0.3006429484505837,0.013950398977137013,0.019100980516999932,0.31576348521782616,0.15281748313478416,0.10900171830829786,0.004881792632967007,0.00046278535036184745,0.8512518409425626,0.23122238586156113,0.3755522827687776,0.3917525773195876,48.5419734904271,46.24447717231222,56.98821796759941,Mixed signals,351,351,393,221
karnataka|vijayapura,8105,98492191,130094120370.1037,1324162,80472,karnataka,vijayapura,2026,2,2026-Q2,2026-04-01,8104,88327026,1289802,78728,1320.8572075536802,16.454940848990955,1223.9311934585944,1616638.3384295618,60.77202034192191,0.11508555716570834,0.026639747806252334,0.02215222030281483,0.23871904082492712,0.10688214234066895,0.106950768257287,0.02192753958589076,0.002547368695419254,0.4270986745213549,0.8350515463917526,0.5787923416789397,0.7849779086892489,63.85861561119294,65.6480117820324,56.9661266568483,Mixed signals,127,127,103,223
madhya pradesh|pandhurna,8105,7501763,9154858384.829811,168840,6875,madhya pradesh,pandhurna,2026,2,2026-Q2,2026-04-01,8104,6838245,165551,6725,1220.3609184707395,24.558545454545456,1091.1655272727273,1331615.7650661543,40.71902392797915,0.09703045152667089,0.019866989628573695,0.02230483271375472,0.2636467889521912,0.1106068080907745,0.05622983561222927,0.0032847175328543487,0.00019402305941853228,0.5964653902798233,0.7879234167893961,0.9042709867452136,0.05743740795287187,61.34756995581737,58.652430044182616,56.9440353460972,Mixed signals,161,161,184,224
bihar|darbhanga,8105,76137061,92163716667.89967,1583605,108685,bihar,darbhanga,2026,2,2026-Q2,2026-04-01,8104,68693597,1553479,105083,1210.4974299953562,14.570593918203985,700.529613102084,847989.296295714,68.63138219442348,0.10835746452467765,0.019392602024230765,0.03427766622574535,0.2547590022339494,0.15085565368045906,0.1403315496799915,0.03326139608195764,0.0019691831787215105,0.5301914580265096,0.5301914580265096,0.40942562592047127,0.8527245949926362,56.45066273932253,58.06332842415317,56.855670103092784,Mixed signals,216,216,194,225
uttar pradesh|mainpuri,8105,31602854,32176097350.39866,796709,60774,uttar pradesh,mainpuri,2026,2,2026-Q2,2026-04-01,8104,28798487,771667,59311,1018.1389741065367,13.109372428999244,520.0061539474117,529438.5321091035,76.28130220695385,0.09737896994380302,0.03245182183506623,0.024666587985365362,0.3110461510455935,0.15257942248712464,0.14904237015749366,0.008622159222362822,0.0008173655205365992,0.8262150220913107,0.3136966126656848,0.27982326951399117,0.5581737849779087,50.7879234167894,49.447717231222384,56.79675994108984,Mixed signals,309,310,329,226
uttar pradesh|sultanpur,8105,29338089,33125987141.95485,844802,74816,uttar pradesh,sultanpur,2026,2,2026-Q2,2026-04-01,8104,25064523,830107,73411,1129.1119589266652,11.291729041916168,392.1365616980325,442766.0813456326,88.5603964005767,0.17050258646454197,0.01770253714280212,0.019138821157592245,0.34545500322421185,0.14245337494911858,0.1385959305422393,0.008004266786722848,0.0007587904050385474,0.9440353460972017,0.1796759941089838,0.11782032400589101,0.5905743740795287,47.5699558173785,45.80265095729013,56.649484536082475,Mixed signals,368,368,401,227
telangana|mulugu,8105,14134739,22049667335.79906,150289,9726,telangana,mulugu,2026,2,2026-Q2,2026-04-01,8104,14974636,149940,9541,1559.962821796643,15.452292823360066,1453.2941599835492,2267084.8587085195,64.71531515945944,-0.05608797435877577,0.002327597705748863,0.019390001048108063,0.3547041256222554,0.09560849723708564,0.10812350461433295,0.003644634306653368,0.0003655761058917011,0.9572901325478645,0.9101620029455081,0.4948453608247423,0.039764359351988215,64.63917525773195,60.051546391752574,56.60530191458027,Mixed signals,117,117,163,228
uttar pradesh|budaun,8105,32014414,36307085165.97882,1034114,83067,uttar pradesh,budaun,2026,2,2026-Q2,2026-04-01,8104,29385837,997690,81287,1134.085576764854,12.449155500981135,385.40472148988164,437081.9358587504,80.326733803043,0.08945047234829495,0.03650833425212241,0.021897720422699773,0.306658135853874,0.16735733339052827,0.11272303488185176,0.008734444519429842,0.0008280099690927974,0.8100147275405007,0.1723122238586156,0.203240058910162,0.6833578792341679,47.35640648011782,46.72312223858616,56.597938144329895,Mixed signals,373,373,382,229
karnataka|bengaluru south,8105,77937527,100974038297.56992,858513,37552,karnataka,bengaluru south,2026,2,2026-Q2,2026-04-01,8104,74269616,834632,36615,1295.576626360879,22.861978057094163,2075.4560875585853,2688912.396079301,43.740747082455364,0.04938642741871724,0.02861261010840699,0.02559060494332921,0.2125791702098212,0.10135804306328122,0.07883245230981384,0.017351408179344184,0.0020157498220157665,0.27835051546391754,0.9926362297496318,0.865979381443299,0.6023564064801178,66.86303387334316,68.48306332842415,56.50220913107511,Mixed signals,94,94,77,230
bihar|gopalganj,8105,57730004,68023765078.5872,1098808,72440,bihar,gopalganj,2026,2,2026-Q2,2026-04-01,8104,51811510,1071555,71341,1178.308684658799,15.168525676421867,796.935450027609,939035.96188,65.92598524947033,0.11423125865275874,0.025433132223730892,0.015404886390715022,0.25826712283369324,0.15615441514563888,0.07516029446687256,0.025220050572440655,0.0014931092859537293,0.5552282768777614,0.6185567010309279,0.4698085419734904,0.711340206185567,58.09278350515464,58.87334315169367,56.435935198821795,Mixed signals,195,195,180,231
bihar|siwan,8105,71421194,87675605091.68164,1376348,87346,bihar,siwan,2026,2,2026-Q2,2026-04-01,8104,64109173,1349467,86191,1227.5852611996606,15.757424495683832,817.6813362947358,1003773.556793461,63.46214765451761,0.11405576858712552,0.019919716451013647,0.013400471046861151,0.24227161517343831,0.14520069227184984,0.09032580202221951,0.031201212538008744,0.0018472135906192344,0.4536082474226804,0.6377025036818851,0.5213549337260678,0.7982326951399117,58.54933726067746,60.27245949926363,56.34756995581738,Mixed signals,190,190,161,232
bihar|nawada,8105,36238773,47259162412.96415,836648,43103,bihar,nawada,2026,2,2026-Q2,2026-04-01,8104,33446785,812382,41783,1304.1049268683614,19.410435468528874,840.7482773820848,1096423.9707900644,51.5186793012115,0.08347552687051984,0.02987018422367793,0.031591795706387815,0.2282563639492925,0.1686790744972706,0.16315405996168075,0.015831346343630894,0.0009372673606235898,0.36818851251840945,0.6568483063328424,0.7702503681885126,0.5846833578792342,58.41678939617084,59.499263622974965,56.30338733431517,Mixed signals,192,192,176,233
maharashtra|jalna,8105,80240072,102979501441.42152,1090655,70630,maharashtra,jalna,2026,2,2026-Q2,2026-04-01,8104,74648789,1074926,68735,1283.3924356576042,15.441809429420926,1136.0621832082684,1458013.612366155,64.75925017535334,0.07490118828317494,0.014632635176746955,0.027569651560340525,0.2552819806029072,0.10254484359331029,0.1328350548534034,0.0158437817443218,0.0020753020666479743,0.5331369661266568,0.8026509572901326,0.49337260677466865,0.7069219440353461,62.533136966126655,63.40206185567011,56.26656848306333,Mixed signals,147,147,127,234
madhya pradesh|jhabua,8105,17596269,20328460536.041367,407346,18613,madhya pradesh,jhabua,2026,2,2026-Q2,2026-04-01,8104,17816437,396950,18038,1155.2710711595378,21.8850265943158,945.3752216192984,1092164.644927812,45.693341778242576,-0.012357577443795287,0.02618969643531921,0.03187714824259902,0.25222710623179845,0.14346909501258986,0.10417037432520604,0.007704691990019073,0.0004551039463298797,0.5125184094256259,0.7231222385861561,0.8394698085419735,0.25184094256259204,59.47717231222386,58.173784977908696,56.17820324005891,Mixed signals,179,179,192,235
jammu & kashmir|jammu,8105,36376849,40933379457.51096,1077002,66318,jammu & kashmir,jammu,2026,2,2026-Q2,2026-04-01,8104,35902750,1040435,65122,1125.2590750097943,16.239965017039115,548.5215024578546,617228.7984787081,61.57648732314332,0.01320508874668369,0.035145876484355076,0.018365529314210205,0.2438576303170843,0.1306086799512065,0.08568528583589807,0.1937596530347145,0.0009408385115586798,0.4727540500736377,0.34609720176730485,0.5596465390279823,0.7010309278350515,50.84683357879234,51.988217967599404,56.02356406480118,Mixed signals,308,308,288,236
uttar pradesh|fatehpur,8105,20011856,23983282526.327583,730302,65788,uttar pradesh,fatehpur,2026,2,2026-Q2,2026-04-01,8104,17590519,707717,63835,1198.4536829731128,11.100839058794916,304.18702498935977,364554.06041113246,90.08328061541664,0.13765011708864305,0.03191247348869686,0.030594501449048295,0.4106216514500247,0.17854514704743218,0.14050933550612843,0.005459804635587557,0.0005175798709934067,0.9852724594992637,0.09131075110456553,0.09720176730486009,0.5257731958762887,44.78645066273933,42.48895434462445,55.95729013254787,Mixed signals,423,423,472,237
tamil nadu|chengalpattu,8105,82177962,86472947648.93594,2706058,130494,tamil nadu,chengalpattu,2026,2,2026-Q2,2026-04-01,8104,81193991,2603679,128873,1052.264445897745,20.737030055021688,629.7451377074808,662658.4183865614,48.22291318220083,0.012118766276681736,0.03932089938890315,0.012578274735592476,0.17315686568395527,0.11026418469542243,0.06428408312400102,0.07831746193339348,0.0021254229977699757,0.0898379970544919,0.44035346097201766,0.8159057437407953,0.9484536082474226,53.070692194403534,57.363770250368184,55.86156111929308,Mixed signals,269,269,207,238
madhya pradesh|sagar,8105,51924904,64306030353.9808,1149850,85489,madhya pradesh,sagar,2026,2,2026-Q2,2026-04-01,8104,47505264,1119147,83482,1238.4429320077472,13.450268455590777,607.3869620652949,752214.0901634222,74.34795842936035,0.0930347424234923,0.027434287006085967,0.024041110658585163,0.2751117735456239,0.1228971008873998,0.1266787036915007,0.022735807910830946,0.001342968144167389,0.6627393225331369,0.4212076583210604,0.31075110456553756,0.7349042709867453,52.87923416789396,53.240058910162006,55.758468335787924,Mixed signals,273,273,263,239
bihar|sheikhpura,8105,9345600,12432111926.485474,244878,11592,bihar,sheikhpura,2026,2,2026-Q2,2026-04-01,8104,8691695,237207,11268,1330.2636456177745,21.124741200828158,806.2111801242236,1072473.423609858,47.33785803542989,0.0752333117993671,0.03233884328877301,0.028753993610223683,0.26415984555650307,0.18355727404543254,0.13269493844049252,0.004082738408086744,0.00024171143557878797,0.6008836524300442,0.6303387334315169,0.8217967599410898,0.11782032400589101,56.68630338733433,54.27098674521355,55.74374079528719,Mixed signals,214,214,248,240
gujarat|navsari,8105,11247754,12752446048.511734,482976,19373,gujarat,navsari,2026,2,2026-Q2,2026-04-01,8104,10526149,473379,18932,1133.7771121693925,24.930367005626387,580.5891704950188,658258.7130806656,40.11172397800305,0.06855356123117762,0.02027339615825796,0.023293893936192633,0.23201477048020158,0.10309292478039822,0.06791246348051372,0.009713902675928329,0.000290908102890885,0.38880706921944036,0.3858615611192931,0.914580265095729,0.3225331369661267,50.62592047128129,50.29455081001473,55.6259204712813,Mixed signals,314,314,316,241
west bengal|nadia,8105,94303859,128549402716.23402,2331051,198519,west bengal,nadia,2026,2,2026-Q2,2026-04-01,8104,89659450,2305039,194373,1363.1404279673648,11.742206035694316,475.03694356711446,647542.0625543854,85.16287288437705,0.051800551977510434,0.011284841601378437,0.021330123010911972,0.2756905721748073,0.11235121852522911,0.11681874950774662,0.052909753861222895,0.0024390430940238834,0.6701030927835051,0.2650957290132548,0.15758468335787923,0.9278350515463918,49.22680412371135,50.51546391752577,55.51546391752578,Mixed signals,343,343,312,242
uttar pradesh|jalaun,8105,25987938,29829826452.53456,682487,44367,uttar pradesh,jalaun,2026,2,2026-Q2,2026-04-01,8104,23619549,671703,43537,1147.8335238653624,15.38276196272004,585.7492731083913,672342.6522535795,65.0078316510058,0.10027240570935536,0.016054714658115365,0.019064244206077552,0.27237938695432007,0.1344568964657462,0.11203849913527342,0.007090250117818259,0.0006721432333624953,0.6539027982326951,0.3946980854197349,0.49042709867452133,0.48600883652430044,51.465390279823275,50.62592047128129,55.47128129602357,Mixed signals,293,293,309,243
chhattisgarh|bilaspur,8105,63534413,60121606059.721565,1094847,58872,chhattisgarh,bilaspur,2026,2,2026-Q2,2026-04-01,8104,61053267,1060645,57276,946.2841194380999,18.597075010191602,1079.1957636907189,1021225.8129453995,53.771896895182614,0.040639037383535914,0.032246416095866204,0.02786507437670238,0.21726398027713345,0.12449082718628479,0.16714577427093036,0.09831980584893997,0.001643232555949924,0.3019145802650957,0.7790868924889544,0.7334315169366715,0.7083946980854198,61.03829160530192,63.070692194403534,55.45655375552283,Mixed signals,164,164,132,244
jammu & kashmir|reasi,8105,5574835,6099552843.463333,161465,9108,jammu & kashmir,reasi,2026,2,2026-Q2,2026-04-01,8104,4668636,151911,8554,1094.1225782401332,17.727821695213,612.0811374615722,669691.7922116088,56.408509584120395,0.19410358828574337,0.06289208813055014,0.06476502221183078,0.29480416291278466,0.16306626232649268,0.2007910349373765,0.029694108341428434,0.00014418564575467306,0.7628865979381443,0.4256259204712813,0.678939617083947,0.047128129602356406,51.44329896907216,47.864506627393226,55.45655375552283,Mixed signals,294,294,364,244
punjab|patiala,8105,18047391,23677742632.407875,962685,68658,punjab,patiala,2026,2,2026-Q2,2026-04-01,8104,16330546,927224,67817,1311.9759322778498,14.0214541641178,262.8592589355938,344865.0212998904,71.31927889184936,0.10513090009360382,0.038244264600571176,0.012401020393116857,0.2747601268022275,0.1327398328926792,0.05805119353993615,0.06391532325006517,0.00046677161306515343,0.6612665684830633,0.054491899852724596,0.3593519882179676,0.6568483063328424,43.32106038291605,43.29896907216495,55.44918998527246,Mixed signals,452,452,459,246
kerala|palakkad,8105,17712733,21062656307.14966,1136377,87983,kerala,palakkad,2026,2,2026-Q2,2026-04-01,8104,16666837,1107803,86559,1189.125151220292,12.915870111271495,201.31994817180592,239394.61381346008,77.42412949223717,0.06275311866312716,0.0257933946739628,0.016451206691389775,0.28304326252693723,0.11651201817267176,0.0999387415769668,0.06011452252188069,0.00045811613181109524,0.7098674521354934,0.017673048600883652,0.2533136966126657,0.727540500736377,42.62150220913108,42.7098674521355,55.44918998527246,Mixed signals,464,464,469,246
bihar|araria,8105,62008432,71383208832.85849,1128215,92877,bihar,araria,2026,2,2026-Q2,2026-04-01,8104,57072990,1099430,90252,1151.1855167190567,12.147410015396707,667.6403415269658,768577.8915432076,82.32207513638801,0.08647596700295535,0.026181748724338982,0.029085228028187693,0.29796874581357335,0.1824863956130569,0.16593228637065494,0.027089133597803794,0.001603765099802009,0.7761413843888071,0.49189985272459497,0.17820324005891017,0.7245949926362297,54.528718703976445,54.27098674521355,55.39764359351989,Mixed signals,245,245,248,248
karnataka|chitradurga,8105,61694303,82876639399.53412,857762,42818,karnataka,chitradurga,2026,2,2026-Q2,2026-04-01,8104,56783740,837009,41351,1343.3434753211186,20.032743238824793,1440.8497127376338,1935556.0605244085,49.91827569885353,0.08647832988809823,0.024794237576895917,0.035476772024860326,0.22022855428784882,0.09922136105472523,0.12386151867503092,0.013735142426229903,0.0015956405736563437,0.31958762886597936,0.9086892488954345,0.7879234167893961,0.5994108983799705,63.99116347569955,65.39027982326951,55.3460972017673,Mixed signals,123,123,106,249
andhra pradesh|ananthapuramu,8105,140056538,199801031290.9932,1555974,108540,andhra pradesh,ananthapuramu,2026,2,2026-Q2,2026-04-01,8104,134752991,1516713,106385,1426.5741117418825,14.335489220563847,1290.3679565137277,1840805.5213837589,69.75694966625406,0.0393575456889117,0.02588558283604092,0.02025661512431265,0.25250647666754644,0.10203717383652045,0.10140339127522902,0.04314799731212571,0.003622374899650645,0.5169366715758469,0.8689248895434463,0.3858615611192931,0.8438880706921944,63.75552282768777,65.39027982326951,55.279823269514,Mixed signals,128,128,106,250
telangana|mahabubabad,8105,36822158,56025279963.49769,369170,27080,telangana,mahabubabad,2026,2,2026-Q2,2026-04-01,8104,32923949,363816,26033,1521.5099550520013,13.632570162481537,1359.7547267355983,2068880.3531572262,73.35373946962105,0.11840040816488928,0.014716230182289847,0.04021818461183879,0.34901105919078446,0.1012274971288798,0.12323198805425362,0.009494572223216204,0.0009523558328292407,0.9499263622974963,0.8924889543446245,0.32547864506627394,0.22974963181148747,63.5419734904271,59.94108983799706,55.13254786450662,Mixed signals,132,132,166,251
telangana|rajanna sircilla,8105,30997630,51861888094.23535,339164,22194,telangana,rajanna sircilla,2026,2,2026-Q2,2026-04-01,8104,27603863,335253,21335,1673.0920426573048,15.281787870595657,1396.6671172388933,2336752.6400935096,65.43736953214375,0.1229453645672709,0.011665816562417053,0.04026247949378958,0.3111350225906804,0.09515137425087827,0.10472872075659523,0.007992721034533969,0.0008017122118258972,0.8276877761413843,0.9013254786450663,0.4801178203240059,0.20765832106038293,63.51988217967599,60.419734904270996,55.10309278350516,Mixed signals,134,134,159,252
telangana|medak,8105,42806476,60364666741.465225,452561,34997,telangana,medak,2026,2,2026-Q2,2026-04-01,8104,37188835,446084,33897,1410.176038351422,12.931422693373717,1223.1470126010802,1724852.6085511679,77.33101173101527,0.15105719229978565,0.014519686875117621,0.03245124937310084,0.35993942449970695,0.0983637193227711,0.17958138123967782,0.01103762517132676,0.001107132208315029,0.9646539027982327,0.833578792341679,0.25625920471281294,0.3019145802650957,62.22385861561119,58.9101620029455,55.10309278350515,Mixed signals,150,150,179,253
bihar|sitamarhi,8105,54917497,65875900837.863815,1218209,89815,bihar,sitamarhi,2026,2,2026-Q2,2026-04-01,8104,50072637,1200701,86345,1199.5430315745057,13.563536157657406,611.4512831932306,733462.1259017293,73.7270862388966,0.09675663776205745,0.014581481984274225,0.04018761943366722,0.26773711307959425,0.15719584886841287,0.15403394708777163,0.023991372868289736,0.0014203675567394049,0.6273932253313697,0.42415316642120765,0.31958762886597936,0.7525773195876289,52.466863033873345,53.09278350515464,55.09572901325479,Mixed signals,281,281,267,254
bihar|bhojpur,8105,47979063,61555430238.12782,1035757,70550,bihar,bhojpur,2026,2,2026-Q2,2026-04-01,8104,43259981,1026935,68294,1282.9644096661043,14.681176470588236,680.0717647058824,872507.8701364681,68.11443224617358,0.10908654814249696,0.008590611869300435,0.03303364863677638,0.26225378894657125,0.1317052330701538,0.14376965727440738,0.0209602340453383,0.0012409142479300537,0.5817378497790869,0.508100147275405,0.4182621502209131,0.6848306332842415,54.3078055964654,54.82326951399117,55.02945508100148,Mixed signals,247,247,241,255
west bengal|uttar dinajpur,8105,59201120,74974168495.01831,1268350,113217,west bengal,uttar dinajpur,2026,2,2026-Q2,2026-04-01,8104,54292605,1285493,110486,1266.4315893857804,11.202822897621383,522.8995645530265,662216.5266260218,89.26321598927741,0.0904085372215977,-0.013335739673417168,0.024718063827091186,0.3001760453376865,0.10366929687472815,0.11513080135529119,0.03321514857105392,0.0015311577323095463,0.792341678939617,0.3181148748159057,0.1134020618556701,0.7731958762886598,50.02209131075111,49.92636229749632,54.99263622974963,Mixed signals,332,332,322,256
kerala|thiruvananthapuram,8105,29708347,34085333435.639824,1697961,103214,kerala,thiruvananthapuram,2026,2,2026-Q2,2026-04-01,8104,28773296,1655492,100715,1147.331873955822,16.450878756757803,287.83253240839423,330239.43879357283,60.7870263215704,0.032497180719233576,0.02565340092250512,0.024812589981631383,0.22112489329462792,0.10655207268219913,0.0917379761161825,0.10082594791099411,0.0007683666326445363,0.32547864506627394,0.0780559646539028,0.5773195876288659,0.8703976435935199,43.55670103092783,46.28129602356407,54.98527245949927,Mixed signals,448,448,392,257
kerala|malappuram,8105,33828704,36364696971.52072,1843408,164619,kerala,malappuram,2026,2,2026-Q2,2026-04-01,8104,31568693,1779858,162379,1074.9657146641125,11.19802695922099,205.49695964621338,220902.18608739405,89.3014460173765,0.07159026190916418,0.0357050955750402,0.013794887269905631,0.2848722581805687,0.13879189987274043,0.09138462558424765,0.11480985957920978,0.0008749341516446121,0.7201767304860088,0.020618556701030927,0.11045655375552282,0.8880706921944035,42.64359351988218,43.48306332842415,54.874815905743745,Mixed signals,462,462,450,258
uttar pradesh|auraiya,8105,20938024,22597364412.34155,544431,42872,uttar pradesh,auraiya,2026,2,2026-Q2,2026-04-01,8104,18802361,526787,41970,1079.2500960139098,12.698987684269452,488.38458667661877,527089.1120624545,78.7464343507258,0.11358483118157348,0.03349361316813049,0.02149154157731714,0.3433739589393068,0.1611456382738219,0.13460011644524417,0.0057124896608912006,0.0005415339667033808,0.9381443298969072,0.27393225331369664,0.2268041237113402,0.3755522827687776,48.17378497790869,45.36082474226804,54.852724594992644,Mixed signals,356,356,410,259
bihar|vaishali,8105,69068186,84271988663.20894,1456708,105317,bihar,vaishali,2026,2,2026-Q2,2026-04-01,8104,62409488,1429119,103318,1220.1274355635885,13.831651110457,655.8123189988321,800174.602991055,72.2979485250304,0.10669368093518083,0.01930490043166455,0.01934803228866211,0.2590537263655308,0.15360790534242574,0.10485512263695673,0.030173272530290098,0.0017863561880331648,0.561119293078056,0.4742268041237113,0.34167893961708395,0.8159057437407953,53.54933726067747,54.82326951399117,54.80117820324006,Mixed signals,260,260,241,260
uttar pradesh|aligarh,8105,80702139,89329809467.2925,1827241,154365,uttar pradesh,aligarh,2026,2,2026-Q2,2026-04-01,8104,74362346,1769407,151432,1106.9075810653853,11.837145726038933,522.8007579438345,578692.1223547598,84.47982504770854,0.08525541945650827,0.03268552684599979,0.01936842939405148,0.27645197071052174,0.14524160658649565,0.10671780900487526,0.02201784345310257,0.0020872528111591437,0.6730486008836525,0.3166421207658321,0.1634756995581738,0.8851251840942562,49.896907216494846,50.95729013254786,54.77172312223859,Mixed signals,333,333,304,261
odisha|kalahandi,8105,37492566,39390212804.048615,681984,30471,odisha,kalahandi,2026,2,2026-Q2,2026-04-01,8104,38985648,665278,29293,1050.6139484837772,22.381411834203014,1230.4343802303829,1292711.5225640319,44.679933840090094,-0.038298247601271096,0.02511130685217311,0.040214385689413934,0.22045914638810804,0.12976724923382754,0.2191813707838195,0.024615473238558276,0.0009696950384557927,0.32106038291605304,0.8365243004418262,0.8512518409425626,0.4845360824742268,61.51693667157585,62.33431516936672,54.74963181148749,Mixed signals,158,158,143,262
uttar pradesh|basti,8105,36750004,41648872406.75082,920943,73966,uttar pradesh,basti,2026,2,2026-Q2,2026-04-01,8104,31429207,912105,72385,1133.3025271711758,12.450896357786009,496.8499580888516,563081.3131269882,80.3155026966924,0.16929466276384253,0.00968967388623021,0.021841541755888594,0.2998435200791494,0.1304616275972459,0.11844313731420009,0.010026448431223035,0.0009504896661922403,0.7879234167893961,0.28718703976435933,0.20471281296023564,0.6377025036818851,48.68924889543446,47.9381443298969,54.62444771723122,Mixed signals,347,347,362,263
haryana|panipat,8105,37978024,44721871421.82805,1103364,71025,haryana,panipat,2026,2,2026-Q2,2026-04-01,8104,34817059,1064781,69687,1177.5723618961335,15.534868004223865,534.7134670890531,629663.8003777268,64.37132260976432,0.09078782329087587,0.03623562028248073,0.019200137758836,0.24582432772749918,0.13103360614062431,0.0779492783317397,0.03358762029550546,0.0009822507598747714,0.4801178203240059,0.3328424153166421,0.5022091310751104,0.7128129602356407,49.5360824742268,50.69955817378498,54.602356406480126,Mixed signals,339,339,308,264
tamil nadu|tirunelveli,8105,16412702,22225421966.090096,722203,46193,tamil nadu,tirunelveli,2026,2,2026-Q2,2026-04-01,8104,15235540,709820,45424,1354.1598431562393,15.634468425951985,355.3071244560864,481142.6399257484,63.96124081456322,0.07726421249263238,0.017445267814375498,0.016929376541035657,0.263597469494842,0.1051646569137541,0.08628068855234683,0.015641677316226593,0.00042449256999516825,0.5949926362297496,0.1325478645066274,0.5095729013254786,0.5169366715758469,44.24153166421208,43.85125184094256,54.5581737849779,Mixed signals,435,435,437,265
telangana|medchal malkajgiri,8105,759040841,904396129212.849,6313836,455298,telangana,medchal malkajgiri,2026,2,2026-Q2,2026-04-01,8104,708421079,6048369,446806,1191.4986392844821,13.867480199781243,1667.1297501855927,1986382.8288568126,72.11115397992599,0.0714543419168927,0.04389067532090052,0.019006011557588742,0.2403439127483864,0.11032999498808582,0.09113523617801422,0.1957182434892943,0.019631575430260288,0.4418262150220913,0.9617083946980854,0.34609720176730485,0.9896907216494846,65.7437407952872,68.48306332842415,54.528718703976445,Established acceptance / slower growth,105,105,77,266
assam|biswanath,8105,8327357,6466231987.32224,265100,16764,assam,biswanath,2026,2,2026-Q2,2026-04-01,8104,7517769,256865,15815,776.5047166012265,15.813648293963254,496.74045573848724,385721.30680757813,63.23651452282158,0.10768992768998364,0.03205964222451474,0.06000632311097065,0.30741080330017967,0.16537205305058444,0.34348453277768876,0.015164773046437477,0.00021537594322965556,0.8114874815905744,0.2857142857142857,0.524300441826215,0.14432989690721648,47.481590574374074,44.145802650957286,54.41826215022091,Mixed signals,372,372,431,267
odisha|koraput,8105,36717088,42685500563.22002,613733,26166,odisha,koraput,2026,2,2026-Q2,2026-04-01,8104,36197172,595770,25444,1162.5513592804532,23.45536192004892,1403.236566536727,1631334.577819308,42.63417479588029,0.014363442536339477,0.030150897158299328,0.0283760415029084,0.22082255386542005,0.14373541755186325,0.1760528563081487,0.02410633876224394,0.0009496383379079662,0.3240058910162003,0.9027982326951399,0.8792341678939617,0.4270986745213549,62.81296023564066,63.32842415316642,54.41089837997054,Mixed signals,144,144,128,268
uttar pradesh|pilibhit,8105,20580232,23095919547.77236,681943,53794,uttar pradesh,pilibhit,2026,2,2026-Q2,2026-04-01,8104,19295333,666826,53125,1122.238055808718,12.676934230583337,382.5748596497751,429340.0666946567,78.88342574086104,0.0665911803647028,0.02267008185043773,0.012592941176470696,0.3183771178435848,0.15357536758486767,0.08200414345193807,0.00561487380656084,0.0005322801555025371,0.8600883652430045,0.16936671575846834,0.22533136966126657,0.48306332842415317,45.33136966126657,43.44624447717232,54.366715758468345,Mixed signals,410,410,453,269
odisha|ganjam,8105,103810532,138516622121.4452,1688000,115340,odisha,ganjam,2026,2,2026-Q2,2026-04-01,8104,96890250,1669555,113110,1334.3214744477486,14.634992196982834,900.0392925264435,1200941.7558647927,68.32938388625593,0.07142392552398213,0.011047854068898522,0.01971532136857923,0.2420915124927432,0.09691661159339482,0.09210040430628808,0.06815605451828764,0.0026849204671629116,0.4521354933726068,0.6907216494845361,0.4167893961708395,0.8674521354933726,58.60088365243005,60.67746686303388,54.35935198821797,Established acceptance / slower growth,187,187,157,270
uttar pradesh|lakhimpur kheri,8105,30118233,30880976121.34795,1504025,119776,uttar pradesh,lakhimpur kheri,2026,2,2026-Q2,2026-04-01,8104,28581588,1454904,117068,1025.324962501882,12.556981365215067,251.45465702644938,257822.73678656784,79.63697411944615,0.05376345778967906,0.03376236507700847,0.023131854990262157,0.2712100460186464,0.19713853623592148,0.15225735697313114,0.008217112303281923,0.0007789677854312645,0.6480117820324006,0.045655375552282766,0.21502209131075112,0.8306332842415317,42.5699558173785,43.48306332842415,54.21207658321061,Mixed signals,467,467,450,271
assam|hailakandi,8105,10306306,9414297181.74484,247578,16305,assam,hailakandi,2026,2,2026-Q2,2026-04-01,8104,9891678,243679,15672,913.4501907613495,15.184176632934683,632.0948175406317,577387.1316617504,65.85803262002278,0.04191685172121451,0.016000558111285645,0.04039050535987743,0.3196596951453816,0.14227053362984554,0.18323657474600874,0.01876859505808828,0.00026655881043210453,0.8645066273932254,0.44329896907216493,0.4727540500736377,0.12076583210603829,51.2518409425626,47.533136966126655,54.1458026509573,Mixed signals,299,299,366,272
chhattisgarh|korba,8105,39693602,37083892777.44479,681484,33599,chhattisgarh,korba,2026,2,2026-Q2,2026-04-01,8104,39084451,666018,32751,934.2536557263005,20.282865561475045,1181.3923628679424,1103720.1338565075,49.30269822915872,0.015585507392696929,0.02322159461155704,0.025892339165216383,0.22538786844585035,0.11526351276159796,0.1276724282597752,0.06142603760398472,0.0010266218886655805,0.3431516936671576,0.8232695139911634,0.8026509572901326,0.48159057437407954,60.57437407952872,61.266568483063324,53.85861561119293,Mixed signals,168,168,153,273
uttar pradesh|gonda,8105,32176272,38053376989.47112,1036138,96101,uttar pradesh,gonda,2026,2,2026-Q2,2026-04-01,8104,27653336,1010156,94459,1182.6533847510714,10.78176085576633,334.8172443574989,395972.7473124226,92.74922838463603,0.16355842202908177,0.025720779760749934,0.01738320329455112,0.3157984444135471,0.1667248450016552,0.13548928326677223,0.00877860399462829,0.0008321962096273711,0.8527245949926362,0.11192930780559647,0.07363770250368189,0.6863033873343152,43.94698085419735,43.11487481590574,53.8438880706922,Mixed signals,439,440,461,274
uttar pradesh|barabanki,8105,30401058,32285958408.42981,1048794,111643,uttar pradesh,barabanki,2026,2,2026-Q2,2026-04-01,8104,27675144,1015501,107488,1062.0011451058647,9.394176079109304,272.30599321050136,289189.27660874225,106.44893086726277,0.09849683166960221,0.03278480277222773,0.03865547782077994,0.32600679013977274,0.1705525334214304,0.210852259170083,0.008294275023524365,0.0007862826755151084,0.8924889543446245,0.061855670103092786,0.023564064801178203,0.6921944035346097,42.7540500736377,41.75257731958763,53.829160530191466,Mixed signals,460,460,491,275
tamil nadu|tenkasi,8105,8027441,12071909048.602,440344,24824,tamil nadu,tenkasi,2026,2,2026-Q2,2026-04-01,8104,7463778,430166,24337,1503.830305149798,17.738640025781503,323.3741943280696,486299.913333951,56.37410751594208,0.07551979707863765,0.02366063333689783,0.020010683321691314,0.26032441326384426,0.11414055542061363,0.11238573221007342,0.007650333369669865,0.00020761901730590024,0.5684830633284241,0.10309278350515463,0.6804123711340206,0.28865979381443296,42.415316642120764,41.016200294550806,53.77025036818851,Mixed signals,468,468,504,276
haryana|panchkula,8105,12728807,13291531031.507307,474365,26943,haryana,panchkula,2026,2,2026-Q2,2026-04-01,8104,11387465,459453,26280,1044.2087016880141,17.606242808892848,472.43465835281893,493320.3812310176,56.79803526820065,0.11779109749184746,0.032455985704740176,0.025228310502283025,0.2585600486306512,0.11594025609236835,0.12435838584484404,0.01125730860380656,0.000329213556451734,0.5596465390279823,0.2606774668630339,0.6730486008836525,0.3122238586156112,46.37702503681885,45.139911634757,53.74815905743742,Mixed signals,386,386,415,277
telangana|kamareddy,8105,44069147,71132180453.00835,498746,40658,telangana,kamareddy,2026,2,2026-Q2,2026-04-01,8104,37176917,493912,39671,1614.1038639347466,12.266860150523883,1083.8985439519897,1749524.8279061525,81.52045329686855,0.1853900365110963,0.009787168564440618,0.02487963499785728,0.36174314530439045,0.09015280840916184,0.15554923973284063,0.011363204161120369,0.0011397895037346599,0.9705449189985272,0.7820324005891016,0.18556701030927836,0.33726067746686306,60.05154639175257,56.88512518409426,53.748159057437405,Mixed signals,172,172,218,278
andhra pradesh|visakhapatnam,8105,304675634,382678787292.2216,2800236,213703,andhra pradesh,visakhapatnam,2026,2,2026-Q2,2026-04-01,8104,286270738,2726369,209298,1256.020319932186,13.103400513797185,1425.6965695380973,1790703.861397461,76.316067645727,0.06429192214539237,0.027093544564217087,0.021046546073063332,0.25145508794473215,0.08828132499521013,0.09350150949188962,0.09386311859930592,0.007880027486733584,0.5036818851251841,0.9042709867452136,0.27835051546391754,0.9528718703976435,63.73343151693667,65.97938144329896,53.71134020618557,Mixed signals,129,129,96,279
bihar|samastipur,8105,79535856,95167057640.53925,1693494,133736,bihar,samastipur,2026,2,2026-Q2,2026-04-01,8104,71662868,1644229,130709,1196.5302497095051,12.662962852186396,594.7228569719447,711603.8885605914,78.97045988943569,0.10986146968050448,0.029962371421499157,0.023158313505573513,0.26422584083823075,0.16606200152996697,0.13156269302038304,0.0347462007908809,0.0020570884623510267,0.6023564064801178,0.40353460972017674,0.22385861561119294,0.8689248895434463,51.13402061855671,52.466863033873345,53.65243004418262,Mixed signals,302,302,279,280
west bengal|paschim bardhaman,8105,77353246,80344969026.41142,1737895,127430,west bengal,paschim bardhaman,2026,2,2026-Q2,2026-04-01,8104,74395636,1692394,124670,1038.6761148512296,13.638036569096759,607.0253943341443,630502.7782030245,73.32433777644795,0.03975515445556521,0.026885583380702238,0.02213844549610977,0.2515318649211924,0.11502233708173715,0.10618239899998261,0.043399509305622634,0.002000638175969348,0.5066273932253313,0.4182621502209131,0.3269513991163476,0.8762886597938144,51.35493372606774,53.20324005891016,53.61561119293078,Mixed signals,296,296,265,281
telangana|karimnagar,8105,85576688,127171020442.31355,851085,66317,telangana,karimnagar,2026,2,2026-Q2,2026-04-01,8104,78197824,836394,64168,1486.0474670661893,12.83358716467874,1290.4185653753939,1917623.24053129,77.92053672664892,0.09436150039162206,0.017564688412399,0.03349021319037537,0.2935511801360289,0.08944736869054082,0.16722402140242187,0.022065899691148992,0.0022133264968068438,0.7555228276877761,0.8703976435935199,0.24300441826215022,0.5949926362297496,62.40058910162003,61.5979381443299,53.60088365243004,Mixed signals,148,148,149,282
telangana|yadadri bhuvanagiri,8105,60031560,89833254950.00801,554483,36456,telangana,yadadri bhuvanagiri,2026,2,2026-Q2,2026-04-01,8104,53525348,552106,35565,1496.4337916590541,15.20964998902787,1646.685319289006,2464155.5560129476,65.74773257250448,0.12155384772089661,0.004305332671624695,0.02505272037115147,0.27861674600643394,0.08195393798428441,0.10065817281565126,0.015479103155560217,0.0015526359514246432,0.6833578792341679,0.9558173784977909,0.47569955817378495,0.38144329896907214,63.91752577319587,62.4079528718704,53.519882179675996,Mixed signals,124,124,142,283
odisha|bargarh,8105,29700496,35559031495.46181,599124,33221,odisha,bargarh,2026,2,2026-Q2,2026-04-01,8104,29500339,588557,32175,1197.2537931845247,18.034496252370488,894.0277535293941,1070378.1191253066,55.449289295705064,0.006784905081938186,0.01795408091314865,0.03250971250971246,0.243566316127785,0.10691837843230712,0.14527527838108045,0.019499645995419656,0.0007681635770375418,0.4683357879234168,0.6877761413843888,0.6966126656848306,0.41531664212076586,56.9661266568483,56.70103092783505,53.49779086892489,Mixed signals,210,210,220,284
bihar|madhepura,8105,43205068,49961623078.923416,824589,77228,bihar,madhepura,2026,2,2026-Q2,2026-04-01,8104,40956583,794494,74292,1156.3833918493872,10.677332055731082,559.4482312114777,646936.6431724688,93.65635486284683,0.05489923317089218,0.037879455351456315,0.03951973294567379,0.3345867916673604,0.19990134077594468,0.17687935264625643,0.018874656581450044,0.001117441256907973,0.9204712812960235,0.36082474226804123,0.06332842415316642,0.5758468335787923,49.73490427098674,48.01178203240058,53.43151693667158,Mixed signals,336,336,360,285
madhya pradesh|bhind,8105,29660171,37798339115.54021,653769,46747,madhya pradesh,bhind,2026,2,2026-Q2,2026-04-01,8104,26198783,641054,45791,1274.3803505225983,13.985261086272915,634.4828759064753,808572.5097982802,71.50384921891371,0.13212018283444693,0.019834522520723707,0.020877465004040197,0.2889368700525763,0.12612587783590312,0.10385133060993179,0.012986985020875506,0.0007671206248846874,0.7378497790868925,0.44624447717231225,0.3549337260677467,0.4580265095729013,51.32547864506628,49.92636229749632,53.38733431516937,Mixed signals,297,297,322,286
tamil nadu|perambalur,8105,4740871,7039270105.026129,233597,8891,tamil nadu,perambalur,2026,2,2026-Q2,2026-04-01,8104,4556019,228722,8805,1484.8052404349598,26.27342256214149,533.2213474299854,791729.8509758327,38.061276471872496,0.04057314071780649,0.02131408434693638,0.009767177739920418,0.24243563845790184,0.11277998494678987,0.08705220687125559,0.004518157606215996,0.00012261628309619973,0.4580265095729013,0.32989690721649484,0.9248895434462445,0.10751104565537556,47.26067746686303,45.50810014727541,53.379970544919,Mixed signals,377,377,407,287
uttar pradesh|sant kabir nagar,8105,20392963,24114392169.530464,586802,46027,uttar pradesh,sant kabir nagar,2026,2,2026-Q2,2026-04-01,8104,16702806,586200,45116,1182.4859472127941,12.74908206052969,443.06522258674255,523918.3994075318,78.43701964205984,0.22093036343713734,0.0010269532582736218,0.02019239294263686,0.32156897409498475,0.1299647609327761,0.12061451561853276,0.005563781486373155,0.0005274366934637805,0.8733431516936672,0.22974963181148747,0.2341678939617084,0.4050073637702504,45.89837997054492,43.55670103092783,53.25478645066274,Mixed signals,401,401,449,288
assam|dhemaji,8105,7533742,6504831704.517851,285951,19750,assam,dhemaji,2026,2,2026-Q2,2026-04-01,8104,6964998,274468,18918,863.4263961412338,14.478531645569621,381.4552911392405,329358.56731735956,69.06777734646845,0.08165745345511954,0.04183729979451156,0.04397927899355114,0.3240876022736281,0.17492542464807825,0.19133791772228248,0.013719537618047834,0.0001948501534519142,0.8836524300441826,0.16642120765832105,0.3961708394698085,0.16053019145802652,43.78497790868925,40.16936671575847,53.22533136966127,Mixed signals,443,443,515,289
uttar pradesh|pratapgarh,8105,35330680,38096459249.41992,1007843,93707,uttar pradesh,pratapgarh,2026,2,2026-Q2,2026-04-01,8104,29516826,995112,92079,1078.282649793888,10.75525841185824,377.0335193742196,406548.70233194873,92.97777530825734,0.1969674517172002,0.012793534798092976,0.017680470031168793,0.3146685007917627,0.1369402968237423,0.11855565502834975,0.009639216394644285,0.0009137807505965131,0.8468335787923417,0.15758468335787923,0.06921944035346098,0.6730486008836525,44.5360824742268,43.66715758468336,53.12223858615612,Mixed signals,427,427,444,290
assam|baksa,8105,6593640,6910592354.27977,198012,13259,assam,baksa,2026,2,2026-Q2,2026-04-01,8104,6130322,192026,12831,1048.0694054088137,14.934157930462327,497.2954219775247,521200.11722450936,66.96058824717694,0.0755780854578274,0.03117286200826963,0.03335671420777797,0.32439907684705904,0.15930048067071412,0.18574494723663038,0.012007537823815168,0.0001705356734816084,0.8851251840942562,0.28865979381443296,0.4491899852724595,0.07952871870397643,46.59057437407953,42.56259204712812,53.11487481590574,Mixed signals,383,383,471,291
tamil nadu|kallakurichi,8105,14030753,19273366533.433952,541240,33007,tamil nadu,kallakurichi,2026,2,2026-Q2,2026-04-01,8104,13248455,532753,32621,1373.6516160917345,16.397733814039444,425.0841639652195,583917.5488058276,60.9840366565664,0.05904824373860951,0.015930459331059632,0.011832868397657847,0.2634067000363425,0.10839652760854301,0.11067366579177595,0.013371625886443209,0.00036288664717956963,0.5920471281296024,0.21354933726067746,0.5758468335787923,0.3696612665684831,44.88954344624448,43.77761413843888,53.078055964653906,Mixed signals,420,420,440,292
gujarat|rajkot,8105,33468985,44272311227.45392,1844876,115528,gujarat,rajkot,2026,2,2026-Q2,2026-04-01,8104,32947858,1771030,113669,1322.7861922748455,15.969081088567274,289.70453050342775,383217.152789401,62.621010843005166,0.01581671864677814,0.041696639808473046,0.016354502986742236,0.21697080345052777,0.13413160253423229,0.06126273436279961,0.028904834063058733,0.0008656305011679208,0.29896907216494845,0.07952871870397643,0.5375552282768777,0.8895434462444771,42.187039764359355,45.13991163475699,53.011782032400575,Mixed signals,474,474,417,293
tamil nadu|tiruchirappalli,8105,23611945,33353493554.16856,1242623,70943,tamil nadu,tiruchirappalli,2026,2,2026-Q2,2026-04-01,8104,22950557,1220630,69489,1412.5686619280436,17.51579437012813,332.8298070281775,470144.95516356174,57.09133019427453,0.028817949821435596,0.01801774493499253,0.02092417504928834,0.20974440836459363,0.10019991996118471,0.09452912861021967,0.022502719204826233,0.0006106913545152141,0.2650957290132548,0.10898379970544919,0.6642120765832106,0.7658321060382917,42.59941089837997,45.10309278350515,52.99705449189985,Mixed signals,466,466,418,294
bihar|buxar,8105,28799633,37695576744.28938,656368,43975,bihar,buxar,2026,2,2026-Q2,2026-04-01,8104,26411096,646760,42756,1308.8908717791433,14.925935190449119,654.9092211483797,857204.7014051025,66.99747702508348,0.0904368754708249,0.014855587853299435,0.02851061839274016,0.27033551885287954,0.1444772444721878,0.1587004637436762,0.012581468047840959,0.000744863961283624,0.6421207658321061,0.4727540500736377,0.4477172312223859,0.46244477172312226,51.52430044182621,50.62592047128129,52.91605301914581,Mixed signals,292,292,309,295
odisha|kendrapara,8105,43209456,48056400890.498,628446,36601,odisha,kendrapara,2026,2,2026-Q2,2026-04-01,8104,41266119,613352,35075,1112.173244914215,17.17018660692331,1180.5539739351384,1312980.5439878146,58.240485260467885,0.04709279784706677,0.024609033638106625,0.04350677120456159,0.24796004629149615,0.10825504929822127,0.16545136124820892,0.028368856050574435,0.001117554746654947,0.48748159057437407,0.8203240058910162,0.6406480117820325,0.4374079528718704,59.896907216494846,59.646539027982335,52.85714285714286,Mixed signals,173,173,173,296
uttar pradesh|ghazipur,8105,53218822,61711949660.90965,1344805,115729,uttar pradesh,ghazipur,2026,2,2026-Q2,2026-04-01,8104,45731905,1332136,113527,1159.5887947484002,11.620293962619568,459.857270001469,533245.3374772931,86.05634274114091,0.1637132107223611,0.009510290240636099,0.019396266967329323,0.2816918572135729,0.12890904710457907,0.12183986041101202,0.014519611327210684,0.0013764336014201318,0.6995581737849779,0.24300441826215022,0.14580265095729014,0.7893961708394698,46.49484536082474,46.9440353460972,52.82032400589102,Mixed signals,384,384,379,297
tamil nadu|kanniyakumari,8105,15305255,25415705589.821808,775938,51933,tamil nadu,kanniyakumari,2026,2,2026-Q2,2026-04-01,8104,14461259,759753,51344,1660.586876195255,14.941135694067356,294.7115514220245,489394.134554557,66.92931651755681,0.05836255335721452,0.021302976098811044,0.01147164225615449,0.26288192362138174,0.10902152474058835,0.07497257353397768,0.014586255203595584,0.0003958499355792482,0.5846833578792342,0.08541973490427099,0.45066273932253315,0.5463917525773195,41.87039764359352,41.67893961708394,52.82032400589102,Mixed signals,479,479,493,297
odisha|balangir,8105,36690739,39113097449.35257,708006,33078,odisha,balangir,2026,2,2026-Q2,2026-04-01,8104,37570894,684641,32306,1066.0209773739518,21.404135679303465,1109.218785899994,1182450.4942666597,46.71994305133008,-0.02342651202284407,0.03412737478474126,0.023896489816133126,0.21210494152908987,0.1279674612822077,0.1427090890247693,0.02408903951672517,0.0009489568562892296,0.2768777614138439,0.7938144329896907,0.8306332842415317,0.5036818851251841,58.99116347569956,60.125184094256255,52.73932253313697,Mixed signals,184,184,162,299
assam|chirang,8105,8505823,8825037132.324192,216130,13494,assam,chirang,2026,2,2026-Q2,2026-04-01,8104,7546792,210621,12872,1037.5288943026667,16.01674818437824,630.3411145694382,653997.1196327399,62.43464581501874,0.1270779690231294,0.02615598634514127,0.04832193909260418,0.29820292985437424,0.15438643343570568,0.27026263767297376,0.015489773690279875,0.0002199917274556019,0.7820324005891016,0.4418262150220913,0.5478645066273933,0.09131075110456553,50.02945508100147,46.575846833578794,52.73932253313697,Mixed signals,330,330,385,299
uttar pradesh|bareilly,8105,76189965,89673607534.33525,2011083,191716,uttar pradesh,bareilly,2026,2,2026-Q2,2026-04-01,8104,69300638,1968026,188757,1176.9739956480523,10.489906945690501,397.410570844374,467741.9074794762,95.32973029954508,0.09941217279990977,0.021878267868412404,0.015676239821569515,0.2820845853464109,0.13466975476685494,0.07552144692405216,0.02078679379325205,0.0019705514698732675,0.7039764359351989,0.18114874815905743,0.055964653902798235,0.9042709867452136,45.13254786450663,46.134020618556704,52.724594992636234,Mixed signals,413,413,395,301
jharkhand|simdega,8105,3902634,5996791648.927645,143496,3525,jharkhand,simdega,2026,2,2026-Q2,2026-04-01,8104,3807134,140390,3392,1536.6010876058695,40.70808510638298,1107.1302127659574,1701217.4890574878,24.565144673022246,0.025084486125258598,0.022124082911888276,0.03920990566037741,0.23902504379695988,0.17609068034849318,0.4027059291683248,0.004786687501294983,0.00010093640501183312,0.43151693667157587,0.7908689248895434,0.9896907216494846,0.03240058910162003,58.10751104565537,56.111929307805596,52.7098674521355,Mixed signals,194,194,231,302
assam|sivasagar,8105,6855933,5492370695.953931,255464,14775,assam,sivasagar,2026,2,2026-Q2,2026-04-01,8104,6545066,245978,14119,801.1120727046094,17.290287648054147,464.022538071066,371734.0572557652,57.83593774465287,0.04749638888286234,0.03856442446072417,0.04646221403782147,0.2756320636303995,0.15618112285306962,0.19259020098474444,0.012485194037745857,0.00017731953086607457,0.6686303387334315,0.24889543446244478,0.646539027982327,0.1325478645066274,45.09572901325478,42.415316642120764,52.68777614138439,Mixed signals,415,415,476,303
karnataka|bidar,8105,81955236,105846329419.46835,920924,62324,karnataka,bidar,2026,2,2026-Q2,2026-04-01,8104,73797733,900909,60892,1291.5139359670486,14.776394326423208,1314.9867787690137,1698323.7503925993,67.6755085110172,0.11053866654684374,0.02221645027411201,0.02351704657426268,0.2563078837151098,0.10260456451307798,0.12634413460322058,0.018245879834889848,0.002119662487882893,0.5419734904270986,0.8792341678939617,0.43004418262150224,0.6362297496318114,61.71575846833579,62.187039764359355,52.636229749631816,Mixed signals,153,153,144,304
uttar pradesh|lucknow,8105,192163913,188217721681.5336,4467992,425169,uttar pradesh,lucknow,2026,2,2026-Q2,2026-04-01,8104,175711947,4347370,419430,979.4644516919969,10.508743581963877,451.97065872629474,442689.19343022094,95.15885435784128,0.09363032099348367,0.027745970552310872,0.01368285530362634,0.27119827982644185,0.12201424518666837,0.06702521193990885,0.05242779195443162,0.004970062412008573,0.646539027982327,0.23564064801178203,0.05743740795287187,0.9764359351988218,46.251840942562595,47.90132547864506,52.282768777614145,Mixed signals,390,390,363,305
odisha|rayagada,8105,29274719,33516333975.6451,456600,24311,odisha,rayagada,2026,2,2026-Q2,2026-04-01,8104,28838004,443422,23569,1144.8900321005676,18.78162148821521,1204.175846324709,1378648.9233534243,53.243539202803326,0.015143731861608778,0.029718868256424003,0.031482031482031436,0.2430562381874024,0.139685051555398,0.15005440181654772,0.019220105183273224,0.0007571514248047873,0.46686303387334316,0.8306332842415317,0.7407952871870398,0.30633284241531666,59.41826215022091,58.61561119293077,52.26067746686304,Mixed signals,181,181,185,306
maharashtra|nagpur,8105,229616391,266544319142.9767,4040766,307247,maharashtra,nagpur,2026,2,2026-Q2,2026-04-01,8104,220363589,3932942,303371,1160.8244428115618,13.151523041722132,747.3348511132737,867524.5621372274,76.03682074141388,0.04198879697861524,0.02741560897668971,0.012776435453619506,0.24051255140797068,0.10174424311431318,0.053861509754959735,0.04533884246667746,0.005938720627999303,0.44329896907216493,0.5743740795287187,0.28718703976435933,0.9720176730486009,54.27835051546391,56.921944035346094,52.0839469808542,Established acceptance / slower growth,248,248,217,307
himachal pradesh|kullu,8105,7910270,10643095336.581928,266297,15362,himachal pradesh,kullu,2026,2,2026-Q2,2026-04-01,8104,5592501,276186,14475,1345.4781362180972,17.334787137091524,514.9244889988282,692819.6417511996,57.687469254253706,0.41444230407826477,-0.035805580297335826,0.06127806563039728,0.26904749605100653,0.04001546566894887,0.19279447162046748,0.10567738165342157,0.00020458854621595394,0.6391752577319587,0.30927835051546393,0.6509572901325479,0.1487481590574374,46.156111929307805,43.703976435935196,52.06921944035345,Mixed signals,393,393,443,308
uttar pradesh|banda,8105,15135085,16995694032.518051,530964,45191,uttar pradesh,banda,2026,2,2026-Q2,2026-04-01,8104,13456286,516570,44672,1122.9335040086032,11.749330618928548,334.9136996304574,376085.8142665144,85.11123164658997,0.12475946186042708,0.027864568209535978,0.011618015759312428,0.34317187524821025,0.16744134913480346,0.09652294179021181,0.004129282523470672,0.0003914487162896957,0.9366715758468336,0.1134020618556701,0.15905743740795286,0.36082474226804123,42.12812960235641,39.24889543446245,52.05449189985272,Mixed signals,475,475,530,309
chhattisgarh|manendragarh chirmiri bharatpur,8105,6513328,6700876467.415782,155037,7232,chhattisgarh,manendragarh chirmiri bharatpur,2026,2,2026-Q2,2026-04-01,8104,6263414,150169,7175,1028.7945682170132,21.437638274336283,900.6261061946902,926559.2460475363,46.646929442649174,0.039900603728254325,0.0324168103936231,0.007944250871080083,0.2567638099578611,0.1494098632899381,0.057309941520467866,0.010079406012462325,0.00016845851109351096,0.5463917525773195,0.6921944035346097,0.8321060382916053,0.042709867452135494,55.353460972017665,52.83505154639175,52.04712812960235,Mixed signals,232,232,273,310
assam|nalbari,8105,9311034,9462664687.1947,285495,22097,assam,nalbari,2026,2,2026-Q2,2026-04-01,8104,8344707,274947,21538,1016.2850535391343,12.920079648821106,421.3709553333032,428233.0039007422,77.39890365855794,0.11580118990397148,0.038363757378694796,0.025954127588448284,0.37474279956910816,0.17624156428447835,0.14706187707641205,0.016956126348091346,0.00024081743225292163,0.9779086892488954,0.21207658321060383,0.2547864506627393,0.15905743740795286,44.189985272459495,40.09572901325479,52.010309278350505,Mixed signals,436,436,516,311
rajasthan|barmer,8105,50998855,68579226924.88129,868007,43058,rajasthan,barmer,2026,2,2026-Q2,2026-04-01,8104,47298688,831478,42157,1344.7209143201605,20.159018068651587,1184.4222908634865,1592717.4259111264,49.60559073832354,0.07822980206131724,0.04393261156639139,0.02137248855468843,0.20270061402310602,0.12982906917413817,0.15480341146811138,0.01997269726596683,0.0013190171262331416,0.22091310751104565,0.8247422680412371,0.7967599410898379,0.6111929307805597,59.38880706921944,61.340206185567006,52.00294550810014,Mixed signals,182,182,151,312
kerala|kollam,8105,17340785,21693339257.9798,1114869,72421,kerala,kollam,2026,2,2026-Q2,2026-04-01,8104,16523637,1088656,70897,1251.0009932064668,15.394277902818244,239.44415293906462,299544.873144251,64.95920148465873,0.04945327714473513,0.02407831307593944,0.02149597303129891,0.2367140383724866,0.10924071262414503,0.10552909568296998,0.05885218336603339,0.0004484961946170511,0.41973490427098675,0.036818851251840944,0.49189985272459497,0.7187039764359352,40.18409425625921,41.67893961708394,51.97349042709868,Established acceptance / slower growth,501,501,493,313
tamil nadu|salem,8105,45190578,65690428020.38304,1763372,100404,tamil nadu,salem,2026,2,2026-Q2,2026-04-01,8104,43399025,1732144,98413,1453.631064873369,17.562766423648462,450.0874267957452,654261.0654992136,56.9386380185236,0.041280950436098474,0.018028524187365447,0.02023106703382682,0.18987923104083748,0.0989781596902819,0.1105408693728569,0.04306764594944626,0.00116879381559399,0.15758468335787923,0.23269513991163476,0.6686303387334315,0.8807069219440353,44.87481590574374,48.49042709867452,51.72312223858615,Mixed signals,421,421,341,314
jammu & kashmir|rajouri,8105,7841470,10023682203.693249,249474,13542,jammu & kashmir,rajouri,2026,2,2026-Q2,2026-04-01,8104,6769663,241945,13175,1278.291213725647,18.42224191404519,579.0481465071629,740192.1580042274,54.28220976935472,0.15832501558792522,0.03111864266672182,0.027855787476280813,0.26154239693168035,0.15422945419382894,0.15378716878248277,0.04176723790678304,0.00020280912629986288,0.5773195876288659,0.38438880706921946,0.7245949926362297,0.1251840942562592,47.54786450662739,45.287187039764355,51.58321060382916,Mixed signals,369,369,414,315
rajasthan|jaisalmer,8105,31064252,39523807260.20828,493547,23267,rajasthan,jaisalmer,2026,2,2026-Q2,2026-04-01,8104,31425607,471579,22631,1272.3244474133253,21.212317875102077,1335.120642970731,1698706.634297859,47.14242007346818,-0.011498743683773571,0.04658392337232997,0.02810304449648715,0.22745689424393212,0.1341918819357788,0.12793290672871827,0.012165702563120379,0.0008034353006870865,0.3593519882179676,0.8836524300441826,0.8247422680412371,0.3328424153166421,60.14727540500736,60.014727540500736,51.561119293078065,Mixed signals,171,171,164,316
karnataka|chikkaballapur,8105,67210396,103742639326.31938,804875,48503,karnataka,chikkaballapur,2026,2,2026-Q2,2026-04-01,8104,62215265,782416,47704,1543.550484754165,16.59433437106983,1385.6956476918954,2138891.1887165615,60.26153129367914,0.08028786825869827,0.028704678840923536,0.016749119570685922,0.2358298671859389,0.10450667541260761,0.07177107501933477,0.014963202705820544,0.0017383069362030077,0.41384388807069217,0.8969072164948454,0.5949926362297496,0.5625920471281296,60.96465390279824,61.70839469808542,51.44329896907216,Mixed signals,165,165,148,317
assam|darrang,8105,21610773,22799514027.28425,412727,35618,assam,darrang,2026,2,2026-Q2,2026-04-01,8104,18611789,404746,34490,1055.0068721412347,11.587596159245326,606.7374080521084,640112.135080135,86.29917596861848,0.1611335696960674,0.01971853952849445,0.032705131922296404,0.5244983267800827,0.14863672669689043,0.14922724486174288,0.03935491992274124,0.0005589337191616708,1.0,0.4167893961708395,0.14285714285714285,0.25773195876288657,49.145802650957286,45.434462444771725,51.44329896907216,Mixed signals,344,344,409,317
uttar pradesh|agra,8105,109610679,126828100016.51054,2675497,224888,uttar pradesh,agra,2026,2,2026-Q2,2026-04-01,8104,100455072,2617063,221901,1157.0779523819074,11.897019849880829,487.40119081498347,563961.1718567044,84.05466348869014,0.09114131141133419,0.0223280830457655,0.013460957814520835,0.2571246014480366,0.12269324150919014,0.07732842785011451,0.029904917030889076,0.0028349335062334904,0.5493372606774669,0.2709867452135493,0.16642120765832105,0.9455081001472754,46.325478645066276,48.30633284241531,51.435935198821795,Mixed signals,389,389,347,319
bihar|rohtas,8105,63055764,83571325462.84268,1210717,88618,bihar,rohtas,2026,2,2026-Q2,2026-04-01,8104,58198885,1199751,86515,1325.355846340117,13.662201810016024,711.5457807668871,943051.360478037,73.19464416539951,0.08345312801095761,0.00914022993104413,0.024307923481477145,0.25413254589362433,0.13521072879561702,0.1285754310893763,0.027546673250947337,0.0016308529402025828,0.5228276877761414,0.5449189985272459,0.3284241531664212,0.7496318114874816,52.51104565537554,53.64506627393225,51.14874815905743,Mixed signals,280,280,257,320
madhya pradesh|chhatarpur,8105,35713356,41196604695.272125,836724,60450,madhya pradesh,chhatarpur,2026,2,2026-Q2,2026-04-01,8104,33433844,815954,59327,1153.5349602897059,13.841588089330024,590.7916625310173,681498.8369772064,72.2460452909203,0.06817977615735726,0.025454866328249004,0.018928986801961978,0.2653970728811914,0.12738688727801883,0.14091046353616177,0.01563742904304882,0.0009236781531518919,0.6111929307805597,0.39911634756995584,0.3431516936671576,0.5861561119293078,48.615611192930785,48.49042709867453,51.1119293078056,Mixed signals,349,349,340,321
jharkhand|ranchi,8105,141573465,148823277216.8411,2376732,176099,jharkhand,ranchi,2026,2,2026-Q2,2026-04-01,8104,131580218,2305962,172073,1051.2088350514066,13.496567271818693,803.9424698607033,845111.4271906206,74.09291413588069,0.07594794378589653,0.030690011370525516,0.02339704660231412,0.23592148384818845,0.12305475095803553,0.11379635310264558,0.17364373277907247,0.0036616081862066957,0.41531664212076586,0.625920471281296,0.3136966126656848,0.930780559646539,54.56553755522828,57.14285714285714,50.86156111929307,Established acceptance / slower growth,244,244,211,322
tamil nadu|tiruvarur,8105,5220121,7769144781.781065,363956,22112,tamil nadu,tiruvarur,2026,2,2026-Q2,2026-04-01,8104,4977274,356145,21473,1488.3074131387118,16.459659913169318,236.07638386396528,351354.23217171966,60.754596709492354,0.0487911656059119,0.021932078226565066,0.02975830112233968,0.26716606093325335,0.12239605016853394,0.16256572029442684,0.004974893727654233,0.00013501144290414507,0.6229749631811488,0.035346097201767304,0.5817378497790869,0.22238586156111928,38.564064801178205,36.56111929307806,50.83946980854197,Mixed signals,530,530,568,323
telangana|jayashankar bhupalpally,8105,22458424,33493445796.817543,211902,13900,telangana,jayashankar bhupalpally,2026,2,2026-Q2,2026-04-01,8104,20716270,213429,13319,1491.3533468251176,15.24474820143885,1615.7139568345324,2409600.4170372332,65.59636058177837,0.08409593039673657,-0.007154604107220686,0.04362189353555079,0.3006829354176608,0.06866309944676141,0.1638616762957381,0.005790891687760726,0.0005808570777560676,0.7952871870397643,0.9513991163475699,0.4786450662739323,0.08836524300441827,61.37702503681886,57.842415316642125,50.77319587628865,Mixed signals,160,160,197,324
kerala|ernakulam,8105,53710581,55471147409.0763,2553505,143949,kerala,ernakulam,2026,2,2026-Q2,2026-04-01,8104,54115511,2459330,140790,1032.7787630723321,17.738956158083766,373.12229331221477,385352.78056170105,56.37310285274554,-0.007482697520864168,0.038292949705814205,0.022437673130193847,0.1720917860800908,0.11814771869411467,0.0933389032356069,0.18228615150399416,0.00138915228977067,0.08541973490427099,0.15316642120765833,0.6818851251840943,0.9381443298969072,42.20176730486009,46.46539027982327,50.736377025036816,Mixed signals,473,473,388,325
rajasthan|dholpur,8105,30668717,32898126738.28407,523190,39344,rajasthan,dholpur,2026,2,2026-Q2,2026-04-01,8104,28356469,504727,38291,1072.693283461583,13.297834485563238,779.5017537616917,836166.2957066915,75.20021407136987,0.08154216944288795,0.03658017106277245,0.02749993471050649,0.29825583228897745,0.14502881229441278,0.139547008051903,0.012010799069442057,0.000793205317307565,0.7835051546391752,0.5994108983799705,0.3004418262150221,0.3549337260677467,53.10014727540501,50.95729013254786,50.72901325478645,Mixed signals,268,268,304,326
chhattisgarh|bemetara,8105,11905849,12923528911.899153,293299,17266,chhattisgarh,bemetara,2026,2,2026-Q2,2026-04-01,8104,11544934,286623,16826,1085.4773071537488,16.987084443414805,689.554558091046,748495.8248522618,58.868253897899415,0.03126176381779233,0.023291920048286396,0.026150005943183174,0.2654633806008573,0.1332905723658535,0.144580709313888,0.018424357869597317,0.00030792884925251213,0.6126656848306333,0.5184094256259205,0.625920471281296,0.17083946980854198,50.40500736377025,48.1958762886598,50.684830633284236,Mixed signals,325,325,352,327
bihar|madhubani,8105,73614601,89680489498.47305,1548198,112605,bihar,madhubani,2026,2,2026-Q2,2026-04-01,8104,67962091,1518041,108978,1218.2432327314123,13.748927667510324,653.7418498290484,796416.5845075534,72.73294501090946,0.08317151395474287,0.01986573485169374,0.033281946814953445,0.24056823877671474,0.15434737386006003,0.14615353296826328,0.03215942891828035,0.0019039431269548964,0.4477172312223859,0.47128129602356406,0.33578792341678937,0.8394698085419735,50.39764359351988,52.356406480117826,50.6480117820324,Established acceptance / slower growth,326,326,281,328
uttar pradesh|hathras,8105,26681326,29345957065.635483,650495,53134,uttar pradesh,hathras,2026,2,2026-Q2,2026-04-01,8104,24632601,627011,52049,1099.8687646047083,12.242537734783754,502.15165430797606,552300.9196679242,81.68241108694149,0.08317128183093625,0.037453888368784494,0.02084574151280516,0.3105432285366725,0.15592386659061153,0.11021960341837489,0.007279426125114174,0.0006900767859319509,0.8232695139911634,0.2974963181148748,0.18409425625920472,0.45066273932253315,45.75110456553755,43.888070692194404,50.640648011782034,Mixed signals,404,404,434,329
odisha|nabarangpur,8105,19506626,23839025802.53085,430505,17948,odisha,nabarangpur,2026,2,2026-Q2,2026-04-01,8104,19765175,417865,17103,1222.098880787013,23.986238020949408,1086.8412079340317,1328227.4238093854,41.690572699504074,-0.013081037734297807,0.030249003864884605,0.049406536864877504,0.22006216700880388,0.16444599521784764,0.19494007989347528,0.012806934320728143,0.0005045127732578444,0.3166421207658321,0.7835051546391752,0.8880706921944035,0.27540500736377027,56.79675994108984,56.59057437407953,50.63328424153166,Mixed signals,211,211,222,330
gujarat|kheda,8105,16157480,17711587003.275333,757478,45638,gujarat,kheda,2026,2,2026-Q2,2026-04-01,8104,16146714,739799,44925,1096.1849869704517,16.597528375476575,354.0356720276962,388088.5885287553,60.249934651567436,0.0006667610511958966,0.023897031490986098,0.01587089593767388,0.23440904871274837,0.11930761978786464,0.08866677798716638,0.013954091475352186,0.00041789159456167126,0.4050073637702504,0.12960235640648013,0.5964653902798233,0.5419734904270986,41.141384388807076,41.826215022091304,50.62592047128129,Mixed signals,487,487,490,331
uttar pradesh|chandauli,8105,29423937,35449694490.27943,804893,72690,uttar pradesh,chandauli,2026,2,2026-Q2,2026-04-01,8104,26372384,792182,71583,1204.7910002757085,11.072953638739854,404.7865868757738,487683.2369002535,90.31014060253972,0.11571016863701056,0.016045555188075378,0.015464565609152991,0.3112481751044134,0.13561144227716837,0.08936412546645278,0.008027688567708875,0.0007610107486571024,0.8291605301914581,0.19293078055964655,0.09278350515463918,0.5640648011782032,43.298969072164944,41.973490427098675,50.51546391752577,Mixed signals,453,453,485,332
west bengal|dakshin dinajpur,8105,20664951,28382801994.161263,651149,71119,west bengal,dakshin dinajpur,2026,2,2026-Q2,2026-04-01,8104,19350686,649995,69055,1373.4754074259001,9.155767094587944,290.5686384791687,399088.87912036537,109.22077742575048,0.06791826398299272,0.0017753982722943373,0.02988921873868655,0.36095585230515126,0.10207704988507849,0.15597418851486444,0.011594196489501368,0.0005344712990471783,0.9661266568483063,0.08100147275405008,0.016200294550810016,0.4521354933726068,40.456553755522826,37.88659793814433,50.51546391752577,Mixed signals,496,496,550,332
rajasthan|jalore,8105,36420288,56666618196.27289,840748,39619,rajasthan,jalore,2026,2,2026-Q2,2026-04-01,8104,34087167,819147,38950,1555.9080201747138,21.22082839041874,919.2631818067089,1430288.9572243844,47.12351382340487,0.06844572915079739,0.02637011427741287,0.017175866495507064,0.19338535517383826,0.116239177798106,0.092606381511817,0.014263288588799189,0.0009419620031536664,0.1723122238586156,0.7025036818851251,0.8262150220913107,0.5876288659793815,55.13991163475699,57.21649484536082,50.500736377025035,Mixed signals,235,235,209,334
uttar pradesh|ayodhya,8105,39302916,44115461056.74588,1018415,94422,uttar pradesh,ayodhya,2026,2,2026-Q2,2026-04-01,8104,36276738,1004554,93135,1122.4475318000802,10.785780856156403,416.2474423333545,467215.91426517,92.71465954448824,0.08341924238061327,0.013798163164946864,0.01381865034627161,0.2967427809202119,0.1299350718514507,0.10745953553835319,0.01072295558037737,0.0010165173181810173,0.7731958762886598,0.20765832106038293,0.07511045655375552,0.6774668630338734,43.81443298969072,43.33578792341679,50.49337260677467,Mixed signals,442,442,458,335
himachal pradesh|solan,8105,17710629,14099892031.457178,679941,26040,himachal pradesh,solan,2026,2,2026-Q2,2026-04-01,8104,16023700,660245,25546,796.1259891705246,26.111405529953917,680.1316820276497,541470.5081204753,38.297440513221,0.10527712076486706,0.02983135048353258,0.019337665387927583,0.18945801526871353,0.11451669215525251,0.08985895450550374,0.23660543826634944,0.0004580617146671497,0.15463917525773196,0.5095729013254786,0.9219440353460973,0.4801178203240059,50.02945508100147,51.65684830633285,50.456553755522826,Mixed signals,330,331,295,336
tamil nadu|thoothukudi,8105,13826830,18322886874.137333,677424,37239,tamil nadu,thoothukudi,2026,2,2026-Q2,2026-04-01,8104,12982219,664717,36518,1325.1690281964363,18.191251107709657,371.2997126668278,492034.87940431625,54.971480195564375,0.0650590627072305,0.019116405929139768,0.019743688044252083,0.22555366199706106,0.10625845096643127,0.082906827963243,0.013177282641598035,0.00035761245172100803,0.34609720176730485,0.14727540500736377,0.7069219440353461,0.4727540500736377,41.19293078055964,41.82621502209132,50.40500736377025,Mixed signals,486,486,488,337
odisha|nuapada,8105,12281276,13079826087.756071,257425,8138,odisha,nuapada,2026,2,2026-Q2,2026-04-01,8104,12526999,247403,7820,1065.021752442993,31.632464979110345,1509.1270582452692,1607253.1442315152,31.613091191609207,-0.019615472149395075,0.040508805471235254,0.040664961636828645,0.22411251096403806,0.15076509059048093,0.13484869613721928,0.008063182997753422,0.0003176387661251621,0.3387334315169367,0.9234167893961709,0.9558173784977909,0.13549337260677466,59.852724594992644,58.83652430044183,50.39027982326951,Mixed signals,174,174,181,338
tripura|west tripura,8105,9674111,10906141389.760015,442037,25048,tripura,west tripura,2026,2,2026-Q2,2026-04-01,8104,9290827,424584,24674,1127.3533443806894,17.64759661450016,386.2228920472692,435409.669025871,56.66493981273061,0.04125402399592626,0.04110611798843111,0.015157655832049866,0.2471866105727052,0.14260419574635286,0.1387007319179887,0.4231340392251339,0.00025020793290516865,0.48600883652430044,0.17378497790868924,0.6745213549337261,0.29013254786450665,41.59057437407953,40.61119293078057,50.30191458026509,Mixed signals,484,484,509,339
odisha|mayurbhanj,8105,40074486,45347480243.70856,897828,46357,odisha,mayurbhanj,2026,2,2026-Q2,2026-04-01,8104,39011144,867292,45001,1131.5798347035209,19.36768988502276,864.475397458852,978222.9273617481,51.63238393099792,0.027257390862467368,0.035208441908838095,0.03013266371858414,0.19625045671532715,0.14064510883305403,0.15026922408873222,0.026310614154336043,0.001036472943539424,0.187039764359352,0.6730486008836525,0.7673048600883653,0.6303387334315169,54.22680412371135,56.44329896907217,50.09572901325478,Mixed signals,249,249,226,340
tamil nadu|tiruppur,8105,61845424,59410002857.68047,2018773,106121,tamil nadu,tiruppur,2026,2,2026-Q2,2026-04-01,8104,60800225,1944883,104010,960.620835224292,19.02331301061995,582.7821449100555,559832.6707973019,52.567079111916,0.017190709409381277,0.03799200260375568,0.020296125372560425,0.1248095548338215,0.1299309203787682,0.10341564855731744,0.05894009199053366,0.0015995491160566285,0.01914580265095729,0.390279823269514,0.7555228276877761,0.9057437407952872,47.33431516936671,51.76730486008836,49.85272459499262,Mixed signals,376,376,293,341
odisha|jharsuguda,8105,30025889,29952190380.906776,431562,15500,odisha,jharsuguda,2026,2,2026-Q2,2026-04-01,8104,29122401,418906,15224,997.545497517385,27.842709677419354,1937.154129032258,1932399.3794133405,35.91604450808922,0.03102381565311174,0.030212028474168484,0.018129269574356233,0.20767841929892206,0.10696376400819774,0.08225108225108224,0.01971328041786794,0.0007765794314671437,0.25184094256259204,0.9852724594992637,0.9366715758468336,0.27835051546391754,61.17083946980855,61.303387334315175,49.8159057437408,Mixed signals,163,163,152,342
jharkhand|lohardaga,8105,8784162,10285443883.743437,192845,6972,jharkhand,lohardaga,2026,2,2026-Q2,2026-04-01,8104,8173881,186430,6526,1170.9078092757666,27.659925415949512,1259.9199655765922,1475250.1267560867,36.153387435505195,0.07466232992626143,0.03440969800997684,0.06834201654918792,0.23027944223318486,0.16931034064588113,0.2587109586567973,0.010774015307289985,0.00022719059315363778,0.3799705449189985,0.8556701030927835,0.9337260677466863,0.07658321060382917,57.66568483063328,56.14874815905745,49.79381443298969,Mixed signals,203,203,230,343
madhya pradesh|gwalior,8105,100545755,121378693087.84584,1674749,131713,madhya pradesh,gwalior,2026,2,2026-Q2,2026-04-01,8104,95549086,1641928,129660,1207.198584245012,12.715138217184332,763.3700166270603,921539.2033272786,78.64641208921456,0.05229426265783421,0.01998930525577247,0.015833718957272813,0.2512097145261003,0.10707663506673537,0.0907728236385319,0.04402490511931366,0.00260048137972983,0.5022091310751104,0.5905743740795287,0.22827687776141384,0.8630338733431517,52.798232695139916,54.602356406480126,49.65390279823269,Mixed signals,274,275,246,344
uttar pradesh|mirzapur,8105,25859376,32209418119.327717,875729,77621,uttar pradesh,mirzapur,2026,2,2026-Q2,2026-04-01,8104,22859519,859459,76596,1245.5605316743806,11.282114376264156,333.1492250808415,414957.52591860085,88.63586794544888,0.13123010156075465,0.018930513264739712,0.013381899838111666,0.2934015721660468,0.14405885104081473,0.08562357515489727,0.007055174740324017,0.0006688181493035927,0.7540500736377025,0.11045655375552282,0.11634756995581738,0.6156111929307806,40.60382916053019,39.91163475699558,49.62444771723123,Mixed signals,495,495,520,345
uttar pradesh|farrukhabad,8105,25126268,25934100300.481503,715245,61597,uttar pradesh,farrukhabad,2026,2,2026-Q2,2026-04-01,8104,22953729,687564,60346,1032.1509067913112,11.611685634040619,407.9138269720928,421028.62640195957,86.12014065110557,0.09464862985879119,0.040259524931497204,0.020730454379743524,0.3003750480532259,0.16888433479761522,0.0707307745793353,0.00685516198504603,0.0006498572920965333,0.7938144329896907,0.19882179675994108,0.14432989690721648,0.5110456553755522,42.6141384388807,41.200294550810014,49.58026509572901,Mixed signals,465,465,501,346
madhya pradesh|shivpuri,8105,36939876,42810732077.050125,811527,53080,madhya pradesh,shivpuri,2026,2,2026-Q2,2026-04-01,8104,37930217,787433,51937,1158.93004289051,15.288752825923135,695.9283345892992,806532.2546542977,65.40755883661295,-0.026109552708332817,0.030598158827481292,0.02200743208117517,0.24285861941159226,0.15534330279095454,0.2283909189789637,0.016174472368517316,0.0009554004513420664,0.4639175257731959,0.5228276877761414,0.48159057437407954,0.5655375552282769,50.33873343151695,50.84683357879234,49.55081001472754,Established acceptance / slower growth,327,327,307,347
uttar pradesh|hardoi,8105,26448028,30999497263.570946,1096682,99254,uttar pradesh,hardoi,2026,2,2026-Q2,2026-04-01,8104,24157461,1068370,98095,1172.0910634082416,11.049247385495798,266.46813226670963,312324.91651289567,90.5039017691546,0.09481820130021124,0.026500182521036697,0.011815077221061232,0.28348199055577994,0.1686958708669506,0.1129500678395623,0.007215775781943939,0.0006840428454147385,0.7128129602356407,0.055964653902798235,0.09131075110456553,0.7098674521354934,39.263622974963184,39.24889543446245,49.455081001472756,Mixed signals,518,518,530,348
west bengal|purba bardhaman,8105,65138355,86934831042.26067,1848710,171963,west bengal,purba bardhaman,2026,2,2026-Q2,2026-04-01,8104,61792628,1819445,169436,1334.6181530414863,10.750626588277711,378.79285078766947,505543.8149035587,93.01783405726155,0.05414443612917719,0.016084575241350985,0.01491418588729676,0.2660069180065481,0.11919715126000563,0.10002814630963508,0.03654627039149011,0.0016847163690175827,0.6185567010309279,0.16053019145802652,0.06774668630338733,0.8910162002945509,42.0839469808542,43.446244477172314,49.38880706921944,Mixed signals,477,477,454,349
maharashtra|mumbai,8105,115367379,109080267441.78622,2820660,193713,maharashtra,mumbai,2026,2,2026-Q2,2026-04-01,8104,116212192,2749911,191401,945.5035590414707,14.561025847516687,595.5582691920522,563102.4631376636,68.67647997277233,-0.0072695728861219555,0.025727741734187015,0.012079351727524834,0.2132826964635839,0.09351303069493944,0.057506591912828364,0.02277983466029859,0.0029838228467997897,0.2812960235640648,0.4050073637702504,0.406480117820324,0.9558173784977909,47.84241531664212,51.21502209131076,49.37407952871871,Established acceptance / slower growth,362,362,301,350
punjab|rupnagar,8105,5977948,7687807615.044579,300679,19193,punjab,rupnagar,2026,2,2026-Q2,2026-04-01,8104,5374303,292942,18762,1286.0278501995297,15.66607617360496,311.4650132860939,400552.6814486833,63.83219313620173,0.11232061162163731,0.026411371534296846,0.02297196460931672,0.27622425620008495,0.1226403118372712,0.06871206637340599,0.02117106449303839,0.00015461162396158024,0.6715758468335787,0.09867452135493372,0.5125184094256259,0.18262150220913106,39.07952871870397,36.63475699558173,49.36671575846833,Mixed signals,520,520,567,351
madhya pradesh|mauganj,8105,9536330,12028290886.00502,195796,12229,madhya pradesh,mauganj,2026,2,2026-Q2,2026-04-01,8104,7907150,197478,11993,1261.3123587381122,16.010794014228473,779.812740207703,983587.4467254084,62.457864307748885,0.20603883826663205,-0.008517404470371415,0.019678145584924644,0.2820859957387174,0.107324439115706,0.08711885500933425,0.004175571842256935,0.00024664441175024216,0.7054491899852725,0.6023564064801178,0.5449189985272459,0.0780559646539028,51.40648011782032,48.26951399116348,49.241531664212076,Mixed signals,295,295,348,352
tamil nadu|sivaganga,8105,9280151,14726181267.230145,480988,23878,tamil nadu,sivaganga,2026,2,2026-Q2,2026-04-01,8104,8845089,472862,23173,1586.8471609169014,20.143563112488483,388.6485886590167,616725.9095079213,49.64365015343418,0.049186842551838694,0.017184717740059474,0.03042333750485482,0.22323392215007276,0.11108339108339105,0.16911476694085392,0.008844194416486545,0.00024001868479262163,0.33578792341678937,0.17525773195876287,0.7952871870397643,0.3181148748159057,40.69955817378498,40.611192930780554,49.21944035346097,Mixed signals,493,493,510,353
uttar pradesh|kanpur nagar,8105,82570995,97309405985.34804,2597690,221356,uttar pradesh,kanpur nagar,2026,2,2026-Q2,2026-04-01,8104,75984056,2540830,218418,1178.4938038514376,11.735349391929741,373.0235231934079,439605.91077426425,85.21263122235524,0.08668843632143042,0.022378514107594727,0.013451272331034936,0.25147469366634567,0.12248469470649437,0.060184874754538153,0.022527720630514083,0.0021355882702682465,0.5051546391752577,0.15169366715758467,0.1561119293078056,0.9396170839469808,41.642120765832104,43.81443298969072,49.16053019145802,Mixed signals,483,483,438,354
tripura|north tripura,8105,3562235,4057307348.72632,142104,5658,tripura,north tripura,2026,2,2026-Q2,2026-04-01,8104,3539235,137225,5465,1138.9780148491943,25.11558854718982,629.5926122304701,717092.1436419794,39.81590947475089,0.006498579495286316,0.035554745855347125,0.03531564501372375,0.23431437874458205,0.15644531250000004,0.1259701492537313,0.1558078963761264,9.213244047669531e-05,0.40353460972017674,0.43888070692194403,0.9189985272459499,0.029455081001472753,46.642120765832104,44.77172312223858,49.042709867452125,Mixed signals,382,382,421,355
manipur|imphal west,8105,3117269,5087216585.960027,250480,12915,manipur,imphal west,2026,2,2026-Q2,2026-04-01,8104,3147318,239189,12347,1631.9466128717243,19.394502516453738,241.36809910956254,393899.8517971372,51.561002874481,-0.009547494088617658,0.0472053480720267,0.04600307767068923,0.24380058613583278,0.17762659909073375,0.46995219667653076,0.2980268728779846,8.062399044205325e-05,0.47128129602356406,0.03829160530191458,0.7687776141384389,0.12960235640648013,36.907216494845365,35.19882179675994,48.99852724594992,Mixed signals,558,558,585,356
jharkhand|khunti,8105,4171911,5849937408.849911,140949,4334,jharkhand,khunti,2026,2,2026-Q2,2026-04-01,8104,3904631,136400,4204,1402.220087832629,32.52168897092755,962.6005999077065,1349777.8977503255,30.748710526502492,0.06845205091082862,0.033350439882698035,0.030922930542340632,0.22757350150154387,0.181199560870549,0.09004024144869205,0.005116963117785335,0.00010790089420871179,0.36229749631811486,0.7334315169366715,0.9602356406480118,0.027982326951399118,53.77025036818851,52.09867452135492,48.79970544918998,Mixed signals,255,255,286,357
uttar pradesh|mau,8105,31881391,33940896508.809418,846977,78331,uttar pradesh,mau,2026,2,2026-Q2,2026-04-01,8104,27147212,834446,77351,1064.5989853080569,10.812794423663684,407.00860451162373,433300.94737472286,92.48303082610272,0.17438914169160347,0.01501714910251839,0.012669519463226031,0.2981642933583226,0.13695208026267403,0.11057392389270126,0.00869815205400136,0.0008245695072396262,0.780559646539028,0.1958762886597938,0.0780559646539028,0.5920471281296024,42.1060382916053,41.16347569955817,48.755522827687784,Mixed signals,476,476,503,358
uttar pradesh|ballia,8105,53284416,60633243329.40767,1234052,114621,uttar pradesh,ballia,2026,2,2026-Q2,2026-04-01,8104,47957567,1220332,112506,1137.9170099078813,10.766369164463754,464.8748135158479,528988.9577774375,92.88182345638596,0.11107421275145168,0.011242842111818696,0.018798997386806127,0.2778101147363037,0.12912883237992756,0.12035226961723433,0.01453750723977705,0.001378130102437226,0.6804123711340206,0.2503681885125184,0.07069219440353461,0.759941089837997,43.637702503681886,44.03534609720177,48.68924889543447,Mixed signals,447,447,433,359
maharashtra|thane,8105,346477174,319459017989.9066,8346491,741350,maharashtra,thane,2026,2,2026-Q2,2026-04-01,8104,337525812,8052974,731708,922.020386803047,11.258502731503338,467.35978147973293,430915.2464961309,88.82175755056825,0.026520525784262006,0.03644827364399794,0.01317738770110477,0.24975961373196331,0.10757318662810778,0.063390312368663,0.06841355681043516,0.008961168370444007,0.49337260677466865,0.2533136966126657,0.11487481590574374,0.9970544918998527,43.94698085419735,46.46539027982327,48.681885125184095,Established acceptance / slower growth,439,439,388,360
punjab|shaheed bhagat singh nagar,8105,2464453,3618015947.6024976,174023,8832,punjab,shaheed bhagat singh nagar,2026,2,2026-Q2,2026-04-01,8104,2260584,166558,8699,1468.0807252572874,19.703691123188406,279.0367980072464,409648.54479194945,50.751912103572515,0.09018421788352038,0.044819222132830516,0.015289113691228984,0.25061174323733204,0.1687239758226997,0.03795980726289816,0.008727926941328687,6.373977834985991e-05,0.4963181148748159,0.0662739322533137,0.7790868924889544,0.061855670103092786,37.26067746686304,35.08836524300442,48.66715758468336,Mixed signals,554,554,588,361
jharkhand|giridih,8105,55023454,64673775222.51787,1062615,65886,jharkhand,giridih,2026,2,2026-Q2,2026-04-01,8104,50534129,1026972,63998,1175.385595068566,16.128084873873053,835.1311963087758,981601.1781337138,62.0036419587527,0.08883748644406242,0.03470688587420101,0.029500921903809596,0.216569655638432,0.16853446996064259,0.12837814694296967,0.0674877735242094,0.001423107992728493,0.2960235640648012,0.6524300441826215,0.5537555228276878,0.695139911634757,52.93814432989691,54.93372606774669,48.60088365243004,Mixed signals,270,270,240,362
bihar|lakhisarai,8105,17572787,21310782420.73329,383951,27074,bihar,lakhisarai,2026,2,2026-Q2,2026-04-01,8104,16188382,374165,26396,1212.7150019364196,14.181539484376154,649.0650439536087,787130.9160350629,70.51420623985874,0.0855184292043516,0.026154236767201633,0.025685709956053904,0.2887514389814303,0.16251207319916317,0.15252649951045072,0.007676884568355957,0.00045449661582886737,0.7363770250368189,0.4639175257731959,0.37260677466863035,0.24005891016200295,47.80559646539028,45.324005891016206,48.497790868924895,Mixed signals,363,363,413,363
bihar|khagaria,8105,33366032,40726751612.19319,646160,59965,bihar,khagaria,2026,2,2026-Q2,2026-04-01,8104,31130238,620848,57668,1220.6051835049848,10.77561911114817,556.4251146502127,679175.3791744049,92.80209236102513,0.07182065231881629,0.04077004355333358,0.0398314489838385,0.3215510001710655,0.18805182006391097,0.18589933748640375,0.014576354687965606,0.0008629677596181923,0.8703976435935199,0.35787923416789397,0.07216494845360824,0.44624447717231225,45.7879234167894,43.66715758468336,48.497790868924895,Mixed signals,403,403,444,363
west bengal|purba medinipur,8105,98690655,138073280768.4156,2152939,166868,west bengal,purba medinipur,2026,2,2026-Q2,2026-04-01,8104,92189626,2142141,165052,1399.051214812746,12.902048325622648,591.4294831843133,827440.136925088,77.50707288966385,0.0705180103453289,0.0050407512857464365,0.011002593122167559,0.23758827209997713,0.09950467264423302,0.09166083332788166,0.055370992447433855,0.002552501701149299,0.422680412371134,0.4005891016200295,0.2503681885125184,0.9116347569955817,47.18703976435935,49.63181148748159,48.46097201767304,Established acceptance / slower growth,378,378,328,365
odisha|kendujhar,8105,55567166,63156435261.21816,863006,39852,odisha,kendujhar,2026,2,2026-Q2,2026-04-01,8104,53531555,831911,38821,1136.5783034754402,21.65527451570812,1394.3382013449764,1584774.54735567,46.17812622391965,0.038026375284633485,0.037377796422934706,0.026557790886375887,0.17619474629643794,0.12695158451164024,0.13706916229171417,0.03648222123861902,0.001437170375888634,0.10309278350515463,0.8998527245949927,0.8350515463917526,0.6038291605301914,58.541973490427104,61.045655375552286,48.446244477172314,Mixed signals,191,191,154,366
telangana|hanumakonda,8105,92268996,130492790364.809,801280,67951,telangana,hanumakonda,2026,2,2026-Q2,2026-04-01,8104,86183745,788126,66583,1414.2647695528085,11.79202660740828,1357.8754690880194,1920395.4373711792,84.80306509584665,0.07060787390940138,0.016690224659508868,0.020545784960124935,0.2847339833756093,0.08785168028608248,0.10582931909907556,0.023791507452812704,0.0023864140860483485,0.7187039764359352,0.8910162002945509,0.16200294550810015,0.561119293078056,59.10898379970545,58.32106038291606,48.446244477172314,Mixed signals,183,183,188,366
gujarat|anand,8105,12636908,14814305108.992392,788309,47377,gujarat,anand,2026,2,2026-Q2,2026-04-01,8104,12480312,770465,46735,1172.3045786985545,16.63906536927201,266.7308609662917,312689.80959099124,60.099529499219216,0.012547442724188285,0.023160039716275227,0.013737027923397926,0.22434963037199784,0.10702319062825616,0.07226597863479989,0.010913618348753014,0.00032683671181701234,0.3402061855670103,0.05743740795287187,0.5994108983799705,0.5537555228276878,37.702503681885126,38.77025036818851,48.43151693667158,Mixed signals,545,545,537,368
chhattisgarh|mungeli,8105,11076519,11111977724.550283,248400,14393,chhattisgarh,mungeli,2026,2,2026-Q2,2026-04-01,8104,10528885,243041,13762,1003.2012516342259,17.25838949489335,769.5768081706385,772040.4171854571,57.94283413848631,0.052012535040510066,0.02204977760953919,0.04585089376544116,0.26047863170053076,0.13138453410095008,0.18950413223140505,0.017140965756024137,0.00028647933880175924,0.5699558173784978,0.5920471281296024,0.6435935198821797,0.12223858615611193,50.434462444771725,48.19587628865979,48.379970544919,Mixed signals,324,324,353,369
chhattisgarh|bastar,8105,17986213,19987567012.473183,372527,15085,chhattisgarh,bastar,2026,2,2026-Q2,2026-04-01,8104,17242771,360500,14540,1111.27156186092,24.695193901226382,1192.3243619489558,1324996.155947841,40.49370918081105,0.04311615575014005,0.0333619972260748,0.03748280605226961,0.2100363746646976,0.1442617512539892,0.24443161194522367,0.027833750035869225,0.0004651893259775572,0.2665684830633284,0.8276877761413843,0.9086892488954345,0.2341678939617084,56.089837997054495,55.927835051546396,48.32106038291605,Mixed signals,219,219,233,370
karnataka|shivamogga,8105,78141129,99027089431.42952,1109281,76982,karnataka,shivamogga,2026,2,2026-Q2,2026-04-01,8104,72898037,1095236,75235,1267.285112190144,14.409615234730197,1015.0571432282871,1286366.805635467,69.39810561976631,0.07192363766942034,0.01282372018450828,0.023220575530005894,0.2364099950990517,0.08102621774675312,0.10360547630994188,0.017396736553801473,0.0020210157152389637,0.4182621502209131,0.7569955817378498,0.390279823269514,0.7157584683357879,55.54491899852725,57.03240058910162,48.28424153166422,Established acceptance / slower growth,230,230,213,371
karnataka|yadgiri,8105,36611216,52656710449.24321,499174,25671,karnataka,yadgiri,2026,2,2026-Q2,2026-04-01,8104,33688154,484997,24996,1438.2671815446722,19.44505473101944,1426.170230999961,2051213.838543228,51.42695733351497,0.08676824500386693,0.029231108646032844,0.027004320691310646,0.2202217456890374,0.11614106325128781,0.09991859119928015,0.008150837949453243,0.0009469001003301116,0.3181148748159057,0.9057437407952872,0.7731958762886598,0.3387334315169367,58.29160530191457,58.39469808541974,48.254786450662735,Mixed signals,193,193,186,372
haryana|rohtak,8105,29566479,43689109372.14713,785846,43357,haryana,rohtak,2026,2,2026-Q2,2026-04-01,8104,26433973,767040,42406,1477.6568211638298,18.125008649122403,681.9309223424129,1007659.8789618085,55.17238746522855,0.11850303395558437,0.024517626199416,0.022426071782295054,0.20706687297706994,0.10928922409351483,0.07928407846261076,0.026148481820092485,0.0007646974067047688,0.24742268041237114,0.5125184094256259,0.7010309278350515,0.5522827687776142,48.80706921944035,50.331369661266564,48.240058910162006,Mixed signals,346,346,315,373
jharkhand|gumla,8105,8157749,11072837204.307022,272860,6097,jharkhand,gumla,2026,2,2026-Q2,2026-04-01,8104,7639076,263588,5864,1357.3397764882227,44.753157290470725,1337.9939314416927,1816112.3838456655,22.344792201128783,0.06789734779441914,0.035176108168808895,0.039733969986357476,0.20506090929798537,0.19116427292967209,0.0837184500533239,0.01000570260419031,0.00021098925931790596,0.23564064801178203,0.8865979381443299,0.9941089837997055,0.15463917525773196,57.17967599410898,56.77466863033873,48.085419734904264,Mixed signals,209,209,219,374
haryana|rewari,8105,57775474,67560465787.51904,959217,53143,haryana,rewari,2026,2,2026-Q2,2026-04-01,8104,52383888,933311,51789,1169.362380090885,18.0497337372749,1087.1699753495286,1271295.6699380735,55.40247931385703,0.10292450991801139,0.027757092759005397,0.026144548070053508,0.1955314989391983,0.1029590330191934,0.08962109407036833,0.051096409942361615,0.0014942853066453668,0.18114874815905743,0.7849779086892489,0.6980854197349042,0.6553755522827688,55.61855670103093,57.98969072164948,48.06332842415316,Mixed signals,229,229,196,375
gujarat|morbi,8105,17114095,24215568859.58344,731697,18032,gujarat,morbi,2026,2,2026-Q2,2026-04-01,8104,17723495,697190,17456,1414.9488395140636,40.57769520851819,949.095774179237,1342921.964262613,24.644080814872822,-0.034383737519039004,0.04949439894433372,0.03299725022914757,0.09757118989742453,0.1560016114889684,0.19353984643897282,0.014780253303601025,0.00044263316117550047,0.007363770250368188,0.727540500736377,0.9882179675994109,0.5272459499263623,53.659793814433,56.25920471281296,48.06332842415316,Mixed signals,258,258,227,375
uttar pradesh|firozabad,8105,42129937,47975403445.89278,1184617,121786,uttar pradesh,firozabad,2026,2,2026-Q2,2026-04-01,8104,38793636,1150982,119917,1138.7485209363779,9.727037590527647,345.9341549931848,393932.0073398648,102.80622344605894,0.08600124515268437,0.02922287229513576,0.01558578016461376,0.28298013007056544,0.14456744068305905,0.09814070079890347,0.011494247476576474,0.0010896344325793846,0.7083946980854198,0.1251840942562592,0.029455081001472753,0.7452135493372607,40.02209131075111,40.20618556701031,47.99705449189986,Mixed signals,504,504,514,377
madhya pradesh|agar malwa,8105,20389453,24029834136.59593,293677,19358,madhya pradesh,agar malwa,2026,2,2026-Q2,2026-04-01,8104,19809396,286676,19096,1178.5423638680218,15.170833763818576,1053.283035437545,1241338.67840665,65.9159552842068,0.029281912482339134,0.02442129791123082,0.013720150816924903,0.27770885303660453,0.11901677322989457,0.11644270142453439,0.008927713892642263,0.000527345912011666,0.678939617083947,0.7673048600883653,0.47128129602356406,0.1723122238586156,54.77908689248896,52.2459499263623,47.960235640648015,Mixed signals,240,240,284,378
madhya pradesh|alirajpur,8105,7216690,9138493683.348429,215732,9463,madhya pradesh,alirajpur,2026,2,2026-Q2,2026-04-01,8104,7191796,220013,9185,1266.2998803258042,22.79742153651062,762.6217901299799,965707.8815754442,43.86460979363284,0.0034614441232760917,-0.019457941121660993,0.03026673924877521,0.23173482547426483,0.10003926307791944,0.26849865951742635,0.0031598956368222575,0.00018665002782347666,0.3873343151693667,0.5891016200294551,0.8600883652430045,0.0898379970544919,49.64653902798233,48.15905743740795,47.84241531664212,Mixed signals,337,337,354,379
bihar|kaimur,8105,25569530,33775397086.720512,585303,46633,bihar,kaimur,2026,2,2026-Q2,2026-04-01,8104,23040662,581187,45831,1320.9236574438605,12.55126198185834,548.3140694358073,724281.0260270734,79.6732632499748,0.10975674223249321,0.007082057926278473,0.017499072680063676,0.2939703718353188,0.1446141029502066,0.14692933913770623,0.011170358479683085,0.0006613216704518583,0.7584683357879234,0.3446244477172312,0.21207658321060383,0.4020618556701031,44.71281296023564,42.93078055964654,47.81296023564066,Mixed signals,425,425,465,380
gujarat|vav tharad,8105,36805128,49059437959.39836,782868,39215,gujarat,vav tharad,2026,2,2026-Q2,2026-04-01,8104,38761285,771439,38177,1332.9511572245683,19.96348336095882,938.5471885758001,1251037.5611219779,50.09145858561086,-0.05046677374086028,0.014815170091219132,0.027189145296906414,0.19142221716801555,0.0977729540540313,0.16378798670465344,0.03178602869222466,0.000951915374672685,0.1634756995581738,0.7142857142857143,0.7864506627393225,0.5493372606774669,53.40942562592047,55.33873343151694,47.79823269513991,Mixed signals,263,263,236,381
west bengal|paschim medinipur,8105,83507774,101267331357.6538,1918896,153294,west bengal,paschim medinipur,2026,2,2026-Q2,2026-04-01,8104,80200547,1877594,151557,1212.669509759101,12.517750205487495,544.7556590603676,660608.578011232,79.88655977186882,0.041236963134428484,0.021997300800918662,0.011461034462281416,0.2405595189929437,0.12110651439668763,0.08220261207200852,0.046852544685776105,0.0021598168052911516,0.44624447717231225,0.34167893961708395,0.2106038291605302,0.8969072164948454,45.13254786450663,47.3858615611193,47.64359351988219,Established acceptance / slower growth,413,414,370,382
goa|south goa,8105,22941591,24942344316.90929,625864,15557,goa,south goa,2026,2,2026-Q2,2026-04-01,8104,22982010,608749,15429,1087.2107482392694,40.230378607700715,1474.6796297486662,1603287.5436722562,24.85683790727698,-0.0017587234536926566,0.028115035917923414,0.008296065850022627,0.15456889203194368,0.11403544684130806,0.04627076467818947,0.41554230931711844,0.000593353545526387,0.055964653902798235,0.9160530191458026,0.9867452135493373,0.43446244477172313,57.938144329896915,59.83063328424154,47.636229749631816,Mixed signals,198,198,168,383
west bengal|bankura,8105,40102940,46614138632.20736,1239593,103002,west bengal,bankura,2026,2,2026-Q2,2026-04-01,8104,39070291,1213817,101707,1162.3621268716797,12.034649812624998,389.3413720121939,452555.66525123164,83.09340243128187,0.026430542838802973,0.021235491017179697,0.012732653602996802,0.2591188371593298,0.11876523577144793,0.0909495313244717,0.022499998483745932,0.0010372088681657678,0.5625920471281296,0.17673048600883653,0.1723122238586156,0.7614138438880707,40.832106038291606,41.82621502209131,47.56995581737849,Mixed signals,492,492,489,384
uttar pradesh|moradabad,8105,63326492,75825135609.53381,1476607,114124,uttar pradesh,moradabad,2026,2,2026-Q2,2026-04-01,8104,56322125,1463807,112076,1197.3683242952068,12.93861939644597,554.891977147664,664410.0768421525,77.28799877015346,0.12436261948568172,0.008744322168154683,0.018273314536564556,0.24055699295051114,0.12457978873293074,0.08156979444070633,0.017277271762154312,0.0016378549575724011,0.44477172312223856,0.35346097201767307,0.25920471281296026,0.8217967599410898,45.09572901325478,46.98085419734904,47.40795287187039,Established acceptance / slower growth,415,416,378,385
madhya pradesh|vidisha,8105,36892479,50063707206.02168,737979,80267,madhya pradesh,vidisha,2026,2,2026-Q2,2026-04-01,8104,33636789,719792,78954,1357.016621355851,9.194052350280938,459.6219990780769,623714.6922897539,108.76596759528388,0.09678955978824266,0.025267021584013172,0.016629936418674163,0.31313994586268934,0.12095919167124891,0.12333809163937648,0.01615371914598753,0.0009541745913745814,0.8365243004418262,0.24153166421207659,0.017673048600883652,0.5316642120765832,42.209131075110456,40.68483063328424,47.371134020618555,Mixed signals,472,472,507,386
jharkhand|garhwa,8105,35094203,42245762504.87309,555347,31016,jharkhand,garhwa,2026,2,2026-Q2,2026-04-01,8104,30878843,557156,30149,1203.7817899689328,17.905177972659274,1131.4870711890637,1362063.5318826765,55.84976600215721,0.1365128868332275,-0.0032468464846470146,0.02875717270887934,0.22526384183315784,0.12423200176525717,0.15104282639352773,0.04304400127401363,0.0009076645894991661,0.34167893961708395,0.7997054491899853,0.6892488954344624,0.38291605301914583,55.132547864506634,55.33873343151694,47.363770250368184,Mixed signals,236,236,236,387
jharkhand|seraikela kharsawan,8105,23751521,20997103014.583168,517394,27519,jharkhand,seraikela kharsawan,2026,2,2026-Q2,2026-04-01,8104,22913503,500912,26696,884.0319327163581,18.801337257894545,863.0953523020459,763003.8524140837,53.18770608085907,0.036573107132506166,0.03290398313476217,0.030828588552592073,0.2197738720009672,0.13917016193841714,0.16630642085187541,0.02913189110417357,0.0006143013009426607,0.31516936671575846,0.6715758468335787,0.7422680412371134,0.3490427098674521,51.782032400589095,51.951399116347574,47.31222385861561,Mixed signals,288,288,289,388
madhya pradesh|katni,8105,25861912,29653214824.70945,595770,35500,madhya pradesh,katni,2026,2,2026-Q2,2026-04-01,8104,24573179,581410,34382,1146.5979323071492,16.782253521126762,728.5045633802816,835301.8260481536,59.58675327727143,0.05244469997146073,0.024698577595844595,0.03251701471700308,0.23273791631977625,0.1360550703634491,0.1928763440860215,0.011323881570177073,0.0006688837395493369,0.39322533136966126,0.5655375552282769,0.6082474226804123,0.4108983799705449,49.359351988217966,49.44771723122238,47.2901325478645,Mixed signals,341,341,330,389
uttarakhand|tehri garhwal,8105,9376523,10177480824.107042,243271,13438,uttarakhand,tehri garhwal,2026,2,2026-Q2,2026-04-01,8104,5810801,251134,13089,1085.4216242104928,18.1032147641018,697.7617949099568,757365.7407431941,55.238807749382374,0.6136369151172101,-0.03130997794006385,0.026663610665444315,0.25019673233655615,0.04896621607054308,0.07762630312750596,0.03795751587777231,0.0002425112175855508,0.4948453608247423,0.5257731958762887,0.6995581737849779,0.1134020618556701,47.74668630338733,45.83946980854197,47.113402061855666,Mixed signals,364,364,400,390
karnataka|bagalkote,8105,70893420,85906091966.12144,1014150,55759,karnataka,bagalkote,2026,2,2026-Q2,2026-04-01,8104,66375999,991001,53817,1211.763968590053,18.188095195394464,1271.4255994547966,1540667.7301623316,54.98101858699403,0.06805804911501223,0.023359209526529146,0.03608525187208511,0.18686875197488018,0.09871954185621479,0.14169004279366892,0.015783162681690974,0.0018335634224972135,0.13696612665684832,0.8571428571428571,0.7054491899852725,0.6759941089837997,56.693667157584684,59.38880706921945,47.069219440353464,Mixed signals,213,213,177,391
telangana|warangal,8105,68462628,103422925021.93268,644742,64159,telangana,warangal,2026,2,2026-Q2,2026-04-01,8104,62832382,635197,62995,1510.647897155404,10.049127947754796,1067.0775417322589,1611978.4445195948,99.51112227836872,0.08960739384351202,0.01502683419474593,0.0184776569569014,0.31879336310643236,0.08739950178860245,0.08733010202352309,0.017653049181343035,0.001770694240859498,0.8615611192930781,0.7731958762886598,0.039764359351988215,0.44477172312223856,55.06627393225332,52.982326951399116,46.97349042709868,Mixed signals,237,238,268,392
uttar pradesh|kannauj,8105,21749809,22799488926.03855,669253,66500,uttar pradesh,kannauj,2026,2,2026-Q2,2026-04-01,8104,19531972,646254,65601,1048.2615698390064,10.063954887218046,327.0647969924812,342849.4575344143,99.3645153626506,0.11354905690014294,0.035588174309172604,0.013704059389338497,0.3142307362294601,0.15932330814043127,0.08859350445259295,0.005933967743988563,0.0005625296992118689,0.8438880706921944,0.10603829160530191,0.042709867452135494,0.4683357879234168,38.402061855670105,36.52430044182621,46.95876288659794,Mixed signals,535,535,570,393
telangana|hyderabad,8105,572092204,660300696926.1522,5840094,433462,telangana,hyderabad,2026,2,2026-Q2,2026-04-01,8104,540787927,5678271,427788,1154.185797865115,13.473139513959701,1319.820893180948,1523318.5306351013,74.22175054031665,0.05788641986454701,0.028498639814831028,0.013263579156030492,0.2134746322365051,0.0957797398090372,0.06100259460517932,0.1475136451594428,0.014796399151715548,0.28424153166421207,0.8807069219440353,0.3122238586156112,0.9837997054491899,58.02650957290132,61.524300441826206,46.89248895434462,Established acceptance / slower growth,197,197,150,394
haryana|gurugram,8105,405201286,332087409061.3963,5282943,357594,haryana,gurugram,2026,2,2026-Q2,2026-04-01,8104,370105054,5103569,350327,819.5615871302944,14.77357841574523,1133.1322281693765,928671.647346981,67.68840776817012,0.09482775666176124,0.03514677669685673,0.020743476808809946,0.19586492000150946,0.10980158852701072,0.10638284706537537,0.35835847956224665,0.01047998892927485,0.18409425625920472,0.801178203240059,0.42857142857142855,0.9808541973490427,55.88365243004419,59.86745213549337,46.88512518409426,Established acceptance / slower growth,223,223,167,395
rajasthan|phalodi,8105,20362210,29762174837.648865,413508,19930,rajasthan,phalodi,2026,2,2026-Q2,2026-04-01,8104,18674616,401204,19258,1461.6377513859677,20.748018063221274,1021.6864024084296,1493335.4158378758,48.197374657805895,0.09036833742659023,0.030667690252340396,0.03489458926160549,0.21536198845065857,0.12322047019516758,0.17671370372557127,0.007974458563747018,0.0005266413082794847,0.29013254786450665,0.7584683357879234,0.8173784977908689,0.2606774668630339,53.31369661266569,53.166421207658324,46.73048600883652,Mixed signals,264,264,266,396
uttar pradesh|gautambuddha nagar,8105,431415785,325053679782.4923,5609621,426703,uttar pradesh,gautambuddha nagar,2026,2,2026-Q2,2026-04-01,8104,390944738,5451316,414040,753.4580121645116,13.146429718094318,1011.0446493228311,761779.691688346,76.06627970053592,0.10352114523152878,0.029039776817194163,0.030584001545744366,0.21746641476926998,0.1094151009705171,0.13866414047072628,0.11770252108593252,0.011157991859666554,0.30338733431516934,0.7555228276877761,0.2857142857142857,0.9823269513991163,54.77908689248895,58.173784977908696,46.693667157584684,Established acceptance / slower growth,241,241,192,397
tamil nadu|erode,8105,24547544,30315059820.03489,1135364,61545,tamil nadu,erode,2026,2,2026-Q2,2026-04-01,8104,24096455,1104034,60427,1234.9528661618813,18.447704931351044,398.85521163376393,492567.38679072045,54.207285064525564,0.018720139539197822,0.028377749235983574,0.018501663163817517,0.16873159271870697,0.11434850160817156,0.11202457313217096,0.023394366275210153,0.0006348893704174653,0.0780559646539028,0.18851251840942562,0.7260677466863034,0.7260677466863034,39.72754050073638,42.96759941089838,46.68630338733431,Mixed signals,510,510,464,398
karnataka|haveri,8105,46557286,57928673228.11783,737809,38854,karnataka,haveri,2026,2,2026-Q2,2026-04-01,8104,42955790,722476,37738,1244.2450624831918,18.989267514284244,1198.26236680908,1490932.0334616213,52.661325627635335,0.08384192212504993,0.021222850309214447,0.02957231437808039,0.19374919969783266,0.09583134681049832,0.11068549539763306,0.010365154043295043,0.0012041418887724926,0.17525773195876287,0.8291605301914581,0.7540500736377025,0.5301914580265096,55.4418262150221,57.21649484536082,46.65684830633283,Mixed signals,231,231,209,399
maharashtra|bhandara,8105,22715086,33389032928.15433,539714,31943,maharashtra,bhandara,2026,2,2026-Q2,2026-04-01,8104,21355185,533524,30999,1469.9056357591749,16.896158782831918,711.1131077231319,1045269.1647044526,59.18504985974053,0.06368013201477773,0.011602102248446267,0.030452595245007874,0.23387687807680413,0.09419082257822531,0.10361387506909892,0.004485201170899993,0.000587495296862227,0.39764359351988215,0.5434462444771723,0.6156111929307806,0.36671575846833576,48.240058910162006,48.08541973490427,46.620029455081,Mixed signals,355,355,357,400
maharashtra|palghar,8105,97634788,91446458789.29855,2729334,236136,maharashtra,palghar,2026,2,2026-Q2,2026-04-01,8104,96956300,2642473,233121,936.6175792720372,11.558313853033845,413.4684588542196,387261.8270373791,86.51780983932343,0.006997874300071372,0.03287110218344713,0.012933197781409556,0.24114376817227323,0.11639339032010265,0.05529511134548604,0.01927845069387686,0.002525193114397216,0.45066273932253315,0.20618556701030927,0.13843888070692195,0.9499263622974963,41.1340206185567,43.630338733431515,46.620029455081,Established acceptance / slower growth,488,488,446,400
west bengal|murshidabad,8105,137557474,203052465280.8546,3131835,369999,west bengal,murshidabad,2026,2,2026-Q2,2026-04-01,8104,128873297,3271760,362356,1476.1281911941376,8.464441795788638,371.7779615620583,548791.9299264447,118.14128138934522,0.06738538705966368,-0.04276750128371276,0.021092516751481938,0.25851717550220776,0.05003837267664246,0.10872418463603784,0.07717745772324723,0.0035577399541101484,0.5581737849779087,0.1487481590574374,0.004418262150220913,0.9646539027982327,39.86745213549337,41.89985272459499,46.597938144329895,Mixed signals,508,508,487,402
gujarat|patan,8105,22885128,30611398150.66674,655094,43133,gujarat,patan,2026,2,2026-Q2,2026-04-01,8104,22224110,643995,42375,1337.6109651065417,15.187768066213804,530.5712099784388,709697.8682370051,65.84245925012289,0.02974328330808307,0.017234605858741148,0.017887905604719867,0.2426350731611222,0.10631233724343137,0.1253652682112294,0.019764293041807487,0.0005918932056030985,0.46097201767304863,0.3269513991163476,0.4742268041237113,0.45949926362297494,43.04860088365243,43.04123711340206,46.52430044182621,Established acceptance / slower growth,458,458,463,403
chhattisgarh|surguja,8105,23181503,24430957933.13102,481559,23910,chhattisgarh,surguja,2026,2,2026-Q2,2026-04-01,8104,22627872,467375,23413,1053.8987887511444,20.140485152655792,969.5317022166457,1021788.2866219581,49.65123692008664,0.024466772659841762,0.030348221449585377,0.021227523170888052,0.21031024536901,0.1358997039710339,0.16146895948703,0.03587348598383398,0.0005995585483012305,0.26804123711340205,0.7349042709867453,0.7938144329896907,0.31958762886597936,52.65095729013255,52.90868924889543,46.49484536082474,Mixed signals,278,278,272,404
chhattisgarh|rajnandgaon,8105,17458223,19822368770.39637,419103,18948,chhattisgarh,rajnandgaon,2026,2,2026-Q2,2026-04-01,8104,16748859,407749,18537,1135.4173199870554,22.118587713742876,921.3755013721765,1046145.7024697261,45.210843157887204,0.04235297461158405,0.027845561853002687,0.022171872471273613,0.20780856458026586,0.1184102729691432,0.15677655677655689,0.027016683003390593,0.0004515335713046369,0.2533136966126657,0.7039764359351989,0.8468335787923417,0.2665684830633284,51.701030927835056,51.76730486008837,46.435935198821795,Mixed signals,290,290,292,405
kerala|wayanad,8105,9857443,11832011442.854237,426923,33869,kerala,wayanad,2026,2,2026-Q2,2026-04-01,8104,8846595,420500,33134,1200.312438312272,12.605125631108093,291.04617792081257,349346.3474815978,79.33280708699226,0.11426407561327268,0.015274673008323525,0.022182652260517965,0.30232696093326816,0.09359758596663803,0.10243473732178887,0.03345477398838763,0.0002549495697083199,0.7982326951399117,0.08247422680412371,0.21944035346097202,0.27245949926362295,36.9440353460972,34.31516936671576,46.42120765832106,Mixed signals,556,556,595,406
chhattisgarh|janjgir champa,8105,22795210,22802167585.773155,476214,25851,chhattisgarh,janjgir champa,2026,2,2026-Q2,2026-04-01,8104,21692567,464166,25322,1000.305221394019,18.421492398746665,881.7921937255812,882061.3355681852,54.28441834973352,0.05083045266150377,0.02595623117591561,0.02089092488744959,0.22221071244014068,0.11907111838023798,0.12655249052163686,0.03527569573178893,0.0005895675968819491,0.33136966126656847,0.6774668630338734,0.7231222385861561,0.3136966126656848,51.22974963181149,51.14138438880707,46.40648011782032,Mixed signals,300,300,302,407
tamil nadu|coimbatore,8105,79944035,89418278721.60106,3153601,208047,tamil nadu,coimbatore,2026,2,2026-Q2,2026-04-01,8104,78478621,3039855,205468,1118.5109523381082,15.158118117540749,384.2594942488957,429798.45285729214,65.97125000911656,0.01867277968607528,0.03741823211962414,0.01255183288881967,0.18894602221033607,0.11911057423597904,0.062439995914615354,0.07618847882738168,0.002067645465867453,0.1487481590574374,0.17083946980854198,0.4653902798232695,0.9661266568483063,39.69072164948454,43.77761413843888,46.391752577319586,Established acceptance / slower growth,511,511,440,408
odisha|angul,8105,51937142,59165505575.1386,760844,41773,odisha,angul,2026,2,2026-Q2,2026-04-01,8104,50527077,737174,40649,1139.1752279156717,18.2137744476097,1243.3184592918872,1416357.5892355973,54.903501900521,0.02790711602018847,0.03210910856866889,0.02765135673694319,0.19807740670294982,0.10873515615095286,0.13884950926935669,0.03409895521656749,0.001343284663657696,0.19734904270986744,0.8424153166421208,0.711340206185567,0.5434462444771723,55.63328424153167,57.363770250368184,46.37702503681885,Mixed signals,227,228,207,409
telangana|jangaon,8105,31754925,50174692628.14667,294708,20220,telangana,jangaon,2026,2,2026-Q2,2026-04-01,8104,28166027,291978,19733,1580.0601836769151,14.57507418397626,1570.4710682492582,2481438.8045572042,68.61028543507472,0.12741939074332342,0.00935001952201886,0.024679470937009063,0.2790829426928403,0.08541669735853508,0.07759539543807281,0.008187989113927374,0.0008212986334153766,0.6863033873343152,0.9410898379970545,0.4108983799705449,0.17378497790868924,57.86450662739322,55.30191458026509,46.17820324005891,Mixed signals,200,200,238,410
punjab|mansa,8105,2684030,4663731409.42922,255495,21813,punjab,mansa,2026,2,2026-Q2,2026-04-01,8104,2340074,244449,21554,1737.5854254345966,11.712969330215927,123.04726539219732,213805.13498506488,85.37544766042389,0.14698509534313864,0.045187339690487605,0.012016331075438424,0.34068504043988357,0.14467547479200538,0.13408547364042844,0.009505564824459804,6.941884356665535e-05,0.9322533136966127,0.0,0.15316642120765833,0.13402061855670103,34.47717231222386,30.486008836524302,46.00147275405008,Mixed signals,580,580,622,411
chhattisgarh|jashpur,8105,12455048,14689241241.382366,345466,9677,chhattisgarh,jashpur,2026,2,2026-Q2,2026-04-01,8104,11896552,339939,9573,1179.3805404348795,35.69970032034721,1287.0774000206675,1517954.0396178947,28.01143962068626,0.04694603949110632,0.016258799372828703,0.010863888018385115,0.19221722066185376,0.13421496720138149,0.08171249720545504,0.019274245930299666,0.0003221331463236937,0.16789396170839468,0.865979381443299,0.9705449189985272,0.2106038291605302,55.16200294550809,55.37555228276878,45.94992636229749,Mixed signals,234,234,235,412
assam|bongaigaon,8105,20085153,19750217442.44181,364372,36579,assam,bongaigaon,2026,2,2026-Q2,2026-04-01,8104,17750586,361887,35021,983.3242217493594,9.961234588151672,549.0897236119084,539933.2251412508,100.38916272380973,0.131520559377589,0.006866784382970392,0.04448759315839057,0.3696464518346372,0.12686562548322255,0.25666483440978416,0.036576645729007755,0.0005194755997955829,0.9749631811487481,0.3475699558173785,0.036818851251840944,0.22533136966126657,43.36524300441826,39.617083946980856,45.920471281296024,Mixed signals,451,451,525,413
andaman & nicobar islands|south andaman,8105,6820738,8937260921.360214,180817,5317,andaman & nicobar islands,south andaman,2026,2,2026-Q2,2026-04-01,8104,7088684,176200,5114,1310.307025626877,34.007334963325185,1282.8170020688358,1680884.1304044037,29.40542095046373,-0.037799117579511265,0.026203178206583466,0.03969495502542042,0.2089942274113148,0.11476430623543488,0.20131043831902384,0.8797438958248287,0.00017640925929708002,0.25920471281296026,0.8600883652430045,0.9661266568483063,0.06774668630338733,54.78645066273932,53.829160530191466,45.876288659793815,Mixed signals,239,239,254,414
himachal pradesh|kangra,8105,13562231,16348362279.88591,678305,35775,himachal pradesh,kangra,2026,2,2026-Q2,2026-04-01,8104,11114672,663905,34988,1205.433109042746,18.96030747728861,379.09800139762405,456977.2824566292,52.741760712363906,0.2202097371834275,0.021689850204472005,0.022493426317594656,0.19714999825665025,0.0999427573446543,0.08851092314245723,0.1811848472250461,0.00035076895273295893,0.19145802650957292,0.16200294550810015,0.7511045655375552,0.47717231222385864,38.11487481590574,39.543446244477174,45.876288659793815,Mixed signals,537,537,526,414
jharkhand|jamtara,8105,7915444,8902230933.015835,335026,7882,jharkhand,jamtara,2026,2,2026-Q2,2026-04-01,8104,7356058,330775,7601,1124.6660241694383,42.50520172545039,1004.2430855112915,1129438.0782816336,23.52653226913732,0.07604426174997525,0.012851636308669034,0.03696881989211942,0.18919398053707392,0.14173448383974696,0.12151394422310746,0.00970850888451245,0.00020472236480092277,0.15022091310751104,0.7540500736377025,0.9911634756995582,0.20618556701030927,52.26067746686304,52.54050073637703,45.85419734904271,Mixed signals,284,284,276,416
gujarat|narmada,8105,4126831,4111500178.485862,170846,3827,gujarat,narmada,2026,2,2026-Q2,2026-04-01,8104,4040075,167278,3772,996.2850861801372,44.64227854716488,1078.3462241964985,1074340.2609056341,22.400290319937252,0.021473858777374177,0.021329762431401722,0.014581124072110319,0.20659211627732232,0.1410652863583235,0.0309806034482758,0.0035640568502835306,0.00010673496034508701,0.24005891016200295,0.7776141384388807,0.9926362297496318,0.05891016200294551,52.6362297496318,51.73048600883652,45.81737849779087,Mixed signals,279,279,294,417
tamil nadu|ranipet,8105,13588193,17954512727.721478,556069,23878,tamil nadu,ranipet,2026,2,2026-Q2,2026-04-01,8104,13134416,544531,23357,1321.3318892159891,23.287921936510596,569.0674679621409,751926.9925337749,42.940714191943805,0.034548700147764455,0.02118887629905375,0.0223059468253628,0.18741032614608422,0.09619277982467045,0.0825097470305558,0.012949856167290979,0.0003514404251146676,0.13843888070692195,0.37702503681885124,0.8762886597938144,0.38438880706921946,43.17378497790869,44.403534609720175,45.81737849779087,Mixed signals,456,456,427,417
uttar pradesh|prayagraj,8105,112729000,114458812998.81268,2902034,298785,uttar pradesh,prayagraj,2026,2,2026-Q2,2026-04-01,8104,105128042,2866703,293954,1015.3448801888838,9.712783439597034,377.29136335492075,383080.85412190267,102.9570983661804,0.07230190780115553,0.012324611234578509,0.016434544180381927,0.2532790191282004,0.11718528042869836,0.11367262046755733,0.030755683868860028,0.0029155847052475163,0.5198821796759941,0.15905743740795286,0.027982326951399118,0.9587628865979382,39.44771723122239,41.64212076583211,45.74374079528719,Mixed signals,514,514,495,419
rajasthan|pali,8105,37686843,47928081163.0695,828897,45541,rajasthan,pali,2026,2,2026-Q2,2026-04-01,8104,34976602,814689,43930,1271.745716749729,18.20111547836016,827.536571441119,1052416.0901839992,54.94168756793667,0.07748725848211335,0.017439783770248463,0.03667197814705214,0.19026605480160996,0.1048939956411914,0.16798748429124677,0.014759309912919048,0.0009747197530348395,0.16053019145802652,0.646539027982327,0.7098674521354934,0.5787923416789397,50.30191458026509,52.39322533136966,45.73637702503682,Mixed signals,328,328,280,420
gujarat|surendranagar,8105,12940991,19016607621.182587,624714,20845,gujarat,surendranagar,2026,2,2026-Q2,2026-04-01,8104,12259537,610617,20010,1469.486194773073,29.96948908611178,620.8199088510435,912286.2854968859,33.367268862231356,0.05558562285019408,0.023086484654046613,0.04172913543228396,0.14744770956296938,0.11400111272789526,0.1713306360979996,0.011176233682214638,0.00033470141161853436,0.044182621502209134,0.43151693667157587,0.946980854197349,0.4329896907216495,44.44771723122239,46.391752577319586,45.736377025036816,Mixed signals,430,430,390,421
chhattisgarh|balrampur ramanujganj,8105,11189861,13836670036.09806,286133,9749,chhattisgarh,balrampur ramanujganj,2026,2,2026-Q2,2026-04-01,8104,11144307,277940,9551,1236.5363641333936,29.349984613806544,1147.7957739255307,1419291.2130575506,34.071568116924645,0.004087647621336954,0.02947758509030729,0.020730813527379377,0.20017029973847977,0.16663268967316847,0.12471158283341022,0.017316363039296914,0.00028941077793154983,0.21207658321060383,0.8085419734904271,0.9455081001472754,0.1634756995581738,53.48306332842415,53.240058910162006,45.662739322533135,Mixed signals,262,262,263,422
uttar pradesh|saharanpur,8105,72908360,88561453963.17151,1662653,178814,uttar pradesh,saharanpur,2026,2,2026-Q2,2026-04-01,8104,65448916,1630192,176336,1214.6954610304156,9.29822608967978,407.7329515586028,495271.3655707691,107.54739563817586,0.11397353013455569,0.019912378419229215,0.014052717539243309,0.26298919455612557,0.12263213936777828,0.06988404513743474,0.01989147842664301,0.0018856771487432676,0.5861561119293078,0.19734904270986744,0.01914580265095729,0.8600883652430045,40.198821796759944,41.56848306332843,45.61855670103093,Mixed signals,500,500,496,423
uttar pradesh|bagpat,8105,27626144,32318774689.70922,591733,43038,uttar pradesh,bagpat,2026,2,2026-Q2,2026-04-01,8104,25043754,584377,42171,1169.8619499597635,13.749082206422232,641.9012035875273,750935.7937104239,72.73212749669192,0.10311513202054301,0.012587764405512125,0.02055915202390257,0.26299235003495536,0.11622252278253464,0.12907287895482455,0.007537199401925008,0.0007145132389302259,0.5876288659793815,0.45508100147275404,0.33726067746686306,0.40942562592047127,45.6259204712813,44.73490427098674,45.54491899852725,Mixed signals,406,407,422,424
maharashtra|pune,8105,1190115541,1049927403995.6864,14753740,1261805,maharashtra,pune,2026,2,2026-Q2,2026-04-01,8104,1150074364,14260176,1238659,882.2062798318558,11.692567393535452,943.1849937193148,832083.7245023489,85.52441618193082,0.03481616341810745,0.03461135402536408,0.01868633740198078,0.23050227325062944,0.10181646090823859,0.08728396370219671,0.234993942703958,0.030780745582919867,0.38144329896907214,0.7172312223858616,0.15169366715758467,0.9985272459499264,53.13696612665684,56.22238586156112,45.53019145802651,Established acceptance / slower growth,265,265,228,425
kerala|thrissur,8105,20261573,23378298140.875237,1327312,102993,kerala,thrissur,2026,2,2026-Q2,2026-04-01,8104,19653930,1291029,101639,1153.8244410182385,12.887400114570893,196.7276708125795,226989.1948081446,77.595169786757,0.030917124463148093,0.028103938796107508,0.01332165802497065,0.2389296381120447,0.1162277511237444,0.08837577935115704,0.06876492670200751,0.0005240384669699548,0.43004418262150224,0.014727540500736377,0.24742268041237114,0.7864506627393225,35.1840942562592,36.96612665684831,45.52282768777614,Established acceptance / slower growth,572,572,563,426
uttarakhand|haridwar,8105,64545515,63420640754.68816,1508985,139663,uttarakhand,haridwar,2026,2,2026-Q2,2026-04-01,8104,53732793,1489857,136916,982.5723871703273,10.804472193780743,462.15185840201053,454097.65474526654,92.55426660967471,0.20123134116627805,0.012838816074294268,0.020063396535101807,0.25606966570520884,0.10493873716475322,0.08324672302799963,0.2612895430909188,0.0016693833558917772,0.540500736377025,0.24447717231222385,0.07658321060382917,0.8365243004418262,40.9720176730486,42.45213549337261,45.21354933726068,Mixed signals,491,491,474,427
rajasthan|bikaner,8105,77321307,106404957148.18813,1507919,90391,rajasthan,bikaner,2026,2,2026-Q2,2026-04-01,8104,73572719,1465442,88906,1376.1401776122088,16.682180748083326,855.4093549136529,1177163.1816020194,59.94420124688395,0.05095078788647189,0.028985794047120317,0.016703034665826788,0.1694095880558173,0.11508387241808715,0.0939379636689297,0.030281367236968,0.001999812116482429,0.07952871870397643,0.6686303387334315,0.6038291605301914,0.8350515463917526,50.898379970544916,54.67599410898381,45.191458026509565,Mixed signals,307,307,243,428
uttar pradesh|sambhal,8105,32083316,37791415530.99252,819195,94285,uttar pradesh,sambhal,2026,2,2026-Q2,2026-04-01,8104,29013335,793756,92816,1177.914886696641,8.688497640133637,340.2801718194835,400821.08003386034,115.0946966229042,0.10581275816792513,0.03204889159892965,0.01582701258403718,0.2953872024127242,0.16347721604563037,0.08919412226791734,0.008753242948671051,0.0008297920271023687,0.7687776141384389,0.11929307805596466,0.005891016200294551,0.5684830633284241,37.56259204712813,36.56111929307806,45.16936671575847,Mixed signals,546,546,568,429
jharkhand|palamu,8105,55340012,65100938675.0037,872834,53967,jharkhand,palamu,2026,2,2026-Q2,2026-04-01,8104,50515524,866396,52681,1176.3810003330627,16.173476383715975,1025.4416958511683,1206310.1279486297,61.82962625195627,0.09550505701969958,0.00743078222891147,0.02441107799776021,0.20868992390300445,0.12827413615028926,0.13326053631801105,0.06787604058231296,0.0014312953417081142,0.25625920471281294,0.759941089837997,0.5567010309278351,0.614138438880707,52.886597938144334,54.67599410898381,45.08836524300442,Mixed signals,272,272,243,430
chhattisgarh|north bastar kanker,8105,11399887,13519470792.530724,325355,14238,chhattisgarh,north bastar kanker,2026,2,2026-Q2,2026-04-01,8104,10830442,314669,14068,1185.93024584636,22.8511729175446,800.6663154937492,949534.4003744011,43.76142982280893,0.052578186559699036,0.03395949394443054,0.012084162638612561,0.20698416664593244,0.14014031202253974,0.09430481899930832,0.017641379271731917,0.0002948428193166798,0.24594992636229748,0.6229749631811488,0.8645066273932254,0.19882179675994108,48.54197349042709,48.306332842415316,45.06627393225331,Mixed signals,352,352,345,431
west bengal|birbhum,8105,54763936,72189233160.89285,1399953,125234,west bengal,birbhum,2026,2,2026-Q2,2026-04-01,8104,53008141,1403337,123732,1318.1892762582452,11.178697478320585,437.29287573662106,576434.7793801432,89.45586030388164,0.03312311971098936,-0.002411395124620852,0.012139139430381807,0.25513919756118963,0.09362015265887513,0.0885937309852054,0.03072563949086923,0.0014163959070048865,0.5316642120765832,0.22238586156111928,0.10603829160530191,0.8026509572901326,40.21354933726068,41.56848306332842,45.044182621502216,Mixed signals,499,499,497,432
madhya pradesh|dewas,8105,58935467,68793857560.79462,865214,66296,madhya pradesh,dewas,2026,2,2026-Q2,2026-04-01,8104,57388265,851759,65106,1167.2743266935447,13.050772293954386,888.9747043562206,1037677.3494750003,76.62381792250241,0.026960250497205296,0.015796721842680883,0.01827788529475005,0.2517421612963031,0.09808067437205947,0.11937324823557227,0.025805448900726252,0.0015242869730222014,0.508100147275405,0.6848306332842415,0.27393225331369664,0.605301914580265,51.318114874815905,51.80412371134021,45.0441826215022,Mixed signals,298,298,291,433
odisha|puri,8105,74152838,77443452393.96326,968686,102056,odisha,puri,2026,2,2026-Q2,2026-04-01,8104,70706039,965031,98581,1044.3761086253132,9.491710433487498,726.589695853257,758832.9191224745,105.3550892652521,0.04874829715747486,0.0037874430976829743,0.03525020034286519,0.28062713269578454,0.07871732453747105,0.1304511569689517,0.048684509866626556,0.0019178639065679359,0.6921944035346097,0.5640648011782032,0.025036818851251842,0.658321060382916,48.65979381443298,48.490427098674516,45.02209131075111,Mixed signals,348,348,342,434
jharkhand|west singhbhum,8105,12932528,14143437226.15145,393232,11581,jharkhand,west singhbhum,2026,2,2026-Q2,2026-04-01,8104,12532096,381616,11224,1093.6328323550856,33.95492617217857,1116.7021846127277,1221262.1730551291,29.450807665703707,0.03195251616329786,0.030438975305018712,0.03180684248039922,0.18433984220497268,0.1629369161020533,0.13874139626352022,0.015862099837634633,0.0003344825274506582,0.12812960235640647,0.7967599410898379,0.9646539027982327,0.24447717231222385,52.76877761413844,53.350515463917525,44.99999999999999,Mixed signals,276,276,261,435
tamil nadu|madurai,8105,29998831,45364800766.108185,1497042,110144,tamil nadu,madurai,2026,2,2026-Q2,2026-04-01,8104,28617293,1471158,108360,1512.2189516687563,13.591679982568275,272.36010132190586,411868.1068974087,73.57442209370211,0.048276334173186886,0.017594303263143818,0.01646363971945375,0.22056432386625402,0.0954668555568321,0.07864816428858235,0.02858956644469723,0.0007758796125123532,0.3225331369661267,0.06332842415316642,0.3240058910162003,0.8276877761413843,35.91310751104565,38.43888070692194,44.93372606774669,Established acceptance / slower growth,567,567,543,436
punjab|fatehgarh sahib,8105,6715970,7496362871.68133,308884,27572,punjab,fatehgarh sahib,2026,2,2026-Q2,2026-04-01,8104,6392874,297020,27195,1116.1995767821074,11.202814449441462,243.57935586827216,271883.1739330237,89.26328330376452,0.050540023157033875,0.03994343815231294,0.01386284243427105,0.3284056568655105,0.14660954975889884,0.05220577011143335,0.02378478936305753,0.00017369957520159998,0.9057437407952872,0.039764359351988215,0.11192930780559647,0.18998527245949925,34.76435935198822,31.185567010309278,44.896907216494846,Mixed signals,578,578,616,437
madhya pradesh|mandla,8105,15497639,17547555714.27339,443113,19715,madhya pradesh,mandla,2026,2,2026-Q2,2026-04-01,8104,14469663,437221,19368,1132.2728393836887,22.475932031448135,786.0836418970327,890061.157203824,44.49203701990237,0.07104353432419264,0.013476022423442702,0.017916150351094506,0.19705795570056317,0.12138206094409965,0.07644007644007633,0.006785787093133619,0.00040082569024694104,0.18998527245949925,0.6082474226804123,0.8541973490427098,0.2930780559646539,48.12223858615611,48.637702503681886,44.823269513991164,Mixed signals,357,357,338,438
uttar pradesh|sonbhadra,8105,32043554,35440286675.10405,746953,59854,uttar pradesh,sonbhadra,2026,2,2026-Q2,2026-04-01,8104,29911596,733787,57510,1106.003618546933,12.479583653556988,535.361947405353,592112.2510626533,80.13087838190623,0.07127530072283683,0.0179425364581276,0.040758129021039924,0.2644634690101315,0.14290064095207922,0.2033615472767849,0.008742394741892017,0.0008287636361909791,0.605301914580265,0.33431516936671574,0.20765832106038293,0.5331369661266568,42.371134020618555,42.01030927835051,44.80854197349042,Mixed signals,470,470,484,439
bihar|saran,8105,80750696,92523946582.7246,1566925,130370,bihar,saran,2026,2,2026-Q2,2026-04-01,8104,71630380,1535533,128440,1145.797512169116,12.019061133696402,619.3963028304057,709702.7428298274,83.20117427445474,0.12732469100401245,0.020443715634896886,0.01502647150420433,0.23986426988868703,0.15102340942547454,0.09010485475859986,0.035276918340067694,0.002088508672974051,0.44035346097201766,0.43004418262150224,0.17083946980854198,0.8483063328424153,45.198821796759944,47.23858615611193,44.801178203240056,Established acceptance / slower growth,412,412,372,440
tamil nadu|dharmapuri,8105,30627477,48027628352.49653,750112,51384,tamil nadu,dharmapuri,2026,2,2026-Q2,2026-04-01,8104,29746670,740055,50424,1568.1222567727837,14.598162852249727,596.050852405418,934680.6078253256,68.5017704022866,0.029610272343089106,0.013589530507867709,0.0190385530699666,0.2381838102883076,0.09537543133094539,0.09472069538540207,0.029188680343075243,0.0007921386999043732,0.42415316642120765,0.406480117820324,0.41237113402061853,0.5360824742268041,43.91752577319588,44.47717231222386,44.801178203240056,Established acceptance / slower growth,441,441,426,440
rajasthan|baran,8105,25227700,31281337308.70728,543301,34865,rajasthan,baran,2026,2,2026-Q2,2026-04-01,8104,24105353,533440,34209,1239.95993723991,15.582991538792486,723.5823892155457,897213.1739196122,64.17253051255197,0.046560073192041695,0.01848567786442712,0.019176240170715397,0.23948990659594527,0.10560064142219905,0.09862927367260133,0.009879931908601309,0.0006524806950170122,0.43888070692194403,0.561119293078056,0.5066273932253313,0.374079528718704,47.34167893961709,47.017673048600884,44.63917525773196,Mixed signals,374,374,377,442
tamil nadu|ramanathapuram,8105,8534958,13333443795.62181,484803,23359,tamil nadu,ramanathapuram,2026,2,2026-Q2,2026-04-01,8104,8292375,475541,22859,1562.2155136114097,20.754441542874268,365.38199409221284,570805.4195651273,48.18245761680517,0.0292537421426311,0.019476764358909104,0.021873222800647518,0.19743961318090775,0.14840046902204174,0.16777483377493385,0.00813400858332447,0.00022074526523547562,0.19440353460972018,0.14138438880706922,0.8188512518409425,0.3240058910162003,36.318114874815905,36.9661266568483,44.5360824742268,Mixed signals,562,562,564,443
west bengal|north twenty four parganas,8105,270929160,304165799886.47595,6080783,526367,west bengal,north twenty four parganas,2026,2,2026-Q2,2026-04-01,8104,262627430,5942599,518452,1122.6764955329133,11.552363655016366,514.71532219915,577858.7941236361,86.56237198400272,0.031610292953786256,0.023253125442251887,0.01526660134400104,0.22978678936085006,0.1109592061903153,0.08692429048138228,0.15200645362166862,0.007007220103979962,0.374079528718704,0.3078055964653903,0.13696612665684832,0.9867452135493373,42.07658321060383,45.139911634757,44.425625920471276,Established acceptance / slower growth,478,478,415,444
chhattisgarh|balod,8105,10017813,11141904473.7461,286794,14096,chhattisgarh,balod,2026,2,2026-Q2,2026-04-01,8104,9476498,281074,13811,1112.2092690037337,20.345771850170262,710.684804199773,790430.2265710911,49.150261163064776,0.05712183973446727,0.020350512676376997,0.020635725146622264,0.21705850251142977,0.11746049063308495,0.13012106149282454,0.01550261319312082,0.0002590973251144758,0.3004418262150221,0.5419734904270986,0.8055964653902798,0.16642120765832105,46.03092783505154,45.36082474226804,44.37407952871871,Mixed signals,395,395,410,445
punjab|faridkot,8105,3314633,5306004131.73284,228922,20635,punjab,faridkot,2026,2,2026-Q2,2026-04-01,8104,2926819,220898,20161,1600.781785414204,11.093869638962927,160.63159680155076,257136.13432192098,90.13987296983252,0.13250358153339858,0.03632445744189616,0.023510738554635147,0.3577299845779205,0.1359033011963302,0.0765338063439065,0.011738862401237568,8.572854614437005e-05,0.9617083946980854,0.008836524300441826,0.09425625920471281,0.09867452135493372,33.4020618556701,29.086892488954348,44.23416789396171,Mixed signals,597,597,634,446
tamil nadu|cuddalore,8105,17253514,23744437714.41816,979145,61807,tamil nadu,cuddalore,2026,2,2026-Q2,2026-04-01,8104,16402027,961407,60533,1376.2087951717058,15.841975827980649,279.1514553367742,384170.68801945023,63.12343932716809,0.051913522639610354,0.018450042489809304,0.02104637140072363,0.20472048112531627,0.10487789465607156,0.12831793785826417,0.016442990225436247,0.0004462390470080804,0.22974963181148747,0.06774668630338733,0.5272459499263623,0.6627393225331369,35.0220913107511,37.187039764359355,44.2120765832106,Mixed signals,577,577,558,447
west bengal|kolkata,8105,178593980,211557401967.3325,3957483,313504,west bengal,kolkata,2026,2,2026-Q2,2026-04-01,8104,175338559,3836575,308888,1184.5718538067883,12.623389175257731,569.6704986220271,674815.6386117322,79.21802822652681,0.01856648656500015,0.03151456702918609,0.014943927896195364,0.21806376890622658,0.10700466328591718,0.08332699816856137,0.10020123909135219,0.004619094257354193,0.30486008836524303,0.3784977908689249,0.22091310751104565,0.9705449189985272,43.5419734904271,46.87039764359352,44.189985272459495,Established acceptance / slower growth,449,449,380,448
karnataka|koppal,8105,55378515,67208742515.988594,722414,37767,karnataka,koppal,2026,2,2026-Q2,2026-04-01,8104,50645260,700219,36247,1213.6248600380236,19.12818068684301,1466.3202001747557,1779562.6477080148,52.27888717549771,0.09345899300349125,0.03169722615353199,0.041934504924545424,0.17860920171986217,0.10715807348420059,0.1665842960400321,0.012329044237327861,0.001432291170269586,0.1134020618556701,0.914580265095729,0.759941089837997,0.5184094256259205,55.63328424153167,57.65832106038291,44.09425625920471,Mixed signals,227,227,201,449
punjab|sri muktsar sahib,8105,4023393,6629531097.1818695,323828,27353,punjab,sri muktsar sahib,2026,2,2026-Q2,2026-04-01,8104,3552801,311284,27096,1647.7463417523145,11.838847658392133,147.0914707710306,242369.43286593317,84.46768037353162,0.1324566166244605,0.04029760604464094,0.009484794803661156,0.3121127517531448,0.1414532354828022,0.07174202648695238,0.014248955106976375,0.0001040596749194965,0.833578792341679,0.0014727540500736377,0.16494845360824742,0.19734904270986744,33.11487481590575,29.933726067746687,44.05007363770251,Mixed signals,603,603,627,450
odisha|jajpur,8105,82165322,85133400878.8733,1078499,61458,odisha,jajpur,2026,2,2026-Q2,2026-04-01,8104,80245170,1048621,60027,1036.1232550013412,17.54855348367991,1336.9345243906407,1385228.9511353006,56.98475381062013,0.023928567912560927,0.028492658453340258,0.023839272327452754,0.16811305123410625,0.10379127323490467,0.11975949713036349,0.0539450483284746,0.002125096081087717,0.07363770250368189,0.8851251840942562,0.6671575846833578,0.7025036818851251,55.06627393225332,58.210603829160526,43.858615611192924,Mixed signals,237,237,191,451
west bengal|purulia,8105,35421506,32741927784.589764,998795,86277,west bengal,purulia,2026,2,2026-Q2,2026-04-01,8104,33834853,982594,85393,924.3516575661623,11.576607902453725,410.5556057813786,379497.75472709717,86.38108921250107,0.04689404147847198,0.01648798995312406,0.0103521365919923,0.2576099028699199,0.11422665277409028,0.066412043903886,0.019873451454980543,0.0009161298435223689,0.5537555228276878,0.203240058910162,0.14138438880706922,0.6701030927835051,38.630338733431515,39.212076583210596,43.85125184094256,Mixed signals,529,529,532,452
madhya pradesh|umaria,8105,10435685,10930459068.51757,247075,13119,madhya pradesh,umaria,2026,2,2026-Q2,2026-04-01,8104,9973721,242125,12793,1047.4117481044675,18.83337144599436,795.4634499580761,833177.7626737991,53.09723768086614,0.04631811938593433,0.020443985544656762,0.02548268584382085,0.22916678445163097,0.14187802713794495,0.18552322429061996,0.00456936289334189,0.0002699050251025107,0.3696612665684831,0.6170839469808542,0.7437407952871871,0.11929307805596466,47.49631811487482,46.24447717231222,43.799705449189986,Mixed signals,371,371,393,453
maharashtra|gondia,8105,24254677,32733496271.677155,589555,34154,maharashtra,gondia,2026,2,2026-Q2,2026-04-01,8104,23097519,580897,33148,1349.574610772065,17.261667740235403,710.156262809627,958408.8619686465,57.931829939530665,0.05009880065473693,0.014904535571710564,0.030348738988777546,0.2118155361866778,0.11097606018120687,0.1177510145306977,0.004789200695969239,0.0006273147574441246,0.27393225331369664,0.540500736377025,0.6450662739322534,0.406480117820324,45.986745213549334,46.649484536082475,43.69661266568483,Mixed signals,398,398,384,454
odisha|subarnapur,8105,12902456,15670713434.775862,243572,12250,odisha,subarnapur,2026,2,2026-Q2,2026-04-01,8104,13234707,239113,11900,1214.5527514122784,19.88342857142857,1053.2617142857143,1279241.9130429274,50.29313714220025,-0.0251045225255081,0.018648086887789406,0.02941176470588225,0.22261934520633986,0.10353888881337814,0.11454826676371588,0.008471014237320424,0.00033370475541989237,0.33431516936671574,0.7658321060382917,0.7835051546391752,0.11487481590574374,51.06038291605303,49.96318114874816,43.66715758468336,Mixed signals,303,303,320,455
rajasthan|nagaur,8105,39799872,60471687356.62741,881192,44999,rajasthan,nagaur,2026,2,2026-Q2,2026-04-01,8104,37055826,856700,43920,1519.3940160568206,19.582479610658016,884.4612546945488,1343845.1378170052,51.06605597871973,0.07405167543694757,0.028588770864946822,0.024567395264116554,0.1282095823286662,0.1115719576559393,0.10742235566274538,0.015586836109952464,0.0010293704199807404,0.023564064801178203,0.6818851251840943,0.7761413843888071,0.6200294550810015,49.55817378497791,52.54050073637703,43.608247422680414,Mixed signals,338,338,276,456
assam|lakhimpur,8105,12193149,10078119061.302568,423368,30576,assam,lakhimpur,2026,2,2026-Q2,2026-04-01,8104,11374762,409775,29503,826.539482237326,13.846415489272632,398.78169152276297,329608.81283694954,72.2208575045823,0.07194761525559823,0.03317186260752858,0.03636918279496992,0.26642160449595464,0.17322603350902566,0.18013045659809324,0.022204684788510457,0.00031535947922188654,0.6200294550810015,0.187039764359352,0.3446244477172312,0.2695139911634757,37.28276877761414,35.53019145802651,43.60088365243004,Mixed signals,553,553,581,457
west bengal|alipurduar,8105,22512831,24404111198.80289,621707,56482,west bengal,alipurduar,2026,2,2026-Q2,2026-04-01,8104,21314505,609079,55330,1084.0089901977628,11.007170425976417,398.5841684076343,432068.8219043747,90.84986979397047,0.05622115080786538,0.020732942688879374,0.020820531357310657,0.29143108135922,0.13745755393577475,0.08537827398681763,0.01263096080648522,0.000582264241991166,0.7452135493372607,0.18409425625920472,0.08541973490427099,0.43151693667157587,37.724594992636234,36.156111929307805,43.586156111929306,Mixed signals,544,544,574,458
rajasthan|deeg,8105,21708206,24125420180.02864,666700,33003,rajasthan,deeg,2026,2,2026-Q2,2026-04-01,8104,20491679,658639,31732,1111.3502506853233,20.20119383086386,657.7646274581099,731006.8836175087,49.50202489875506,0.05936687764823967,0.012238874406161893,0.040054203958149515,0.17425749933019596,0.10641461589141299,0.17796337937680695,0.008501591391125246,0.0005614536932995269,0.09572901325478646,0.47717231222385864,0.7997054491899853,0.46686303387334316,44.13107511045655,45.98674521354934,43.49042709867452,Mixed signals,437,437,397,459
gujarat|porbandar,8105,2128556,3828104922.872644,161118,10103,gujarat,porbandar,2026,2,2026-Q2,2026-04-01,8104,1998527,158525,9732,1798.4515901261907,15.947540334554093,210.6855389488271,378907.7425391115,62.70559465733189,0.06506241847120409,0.016357041476107836,0.038121660501438503,0.2630288516026129,0.11253202228958514,0.18774982365389148,0.001838285743470501,5.505225201911516e-05,0.5891016200294551,0.026509572901325478,0.5346097201767305,0.045655375552282766,32.61413843888071,29.896907216494846,43.41678939617084,Mixed signals,607,607,628,460
odisha|cuttack,8105,129280852,138824443605.34204,1711793,138121,odisha,cuttack,2026,2,2026-Q2,2026-04-01,8104,124949758,1672405,134411,1073.8206119289966,12.393430397984377,935.9970750284172,1005092.9518707658,80.68791027887134,0.03466268418062879,0.02355171145745194,0.027601907581968677,0.22794059344625217,0.0955201758164117,0.11258699574687459,0.08487840903351382,0.003343676203750302,0.36671575846833576,0.7128129602356407,0.19734904270986744,0.8733431516936672,51.222385861561115,53.75552282768778,43.40942562592047,Established acceptance / slower growth,301,301,256,461
punjab|ferozepur,8105,6432438,10026888385.76501,386612,31154,punjab,ferozepur,2026,2,2026-Q2,2026-04-01,8104,5680449,371929,30252,1558.8006267242702,12.409706618732747,206.47229890222764,321849.1489299933,80.58208229439335,0.132381964876368,0.03947796488039379,0.02981621049847938,0.29387328749970587,0.1386748662849604,0.08777932960893864,0.022780653118004854,0.0001663663995090254,0.7569955817378498,0.023564064801178203,0.20029455081001474,0.24153166421207659,33.136966126656844,30.559646539027984,43.328424153166424,Mixed signals,602,602,621,462
odisha|bhadrak,8105,54814334,62290022037.21466,794945,65079,odisha,bhadrak,2026,2,2026-Q2,2026-04-01,8104,51900041,773942,63578,1136.3819915647366,12.215077060188387,842.273759584505,957144.732359358,81.86604104686488,0.05615203656582857,0.02713769248858444,0.02360879549529704,0.2612221488900328,0.11088829699522362,0.13176932976244315,0.03598795482993602,0.0014176993838207464,0.5758468335787923,0.6612665684830633,0.18262150220913106,0.5552282768777614,49.47717231222386,49.37407952871871,43.306332842415316,Mixed signals,340,340,331,463
uttarakhand|dehradun,8105,77212838,76315776283.85492,1944680,155822,uttarakhand,dehradun,2026,2,2026-Q2,2026-04-01,8104,66792505,1912974,153054,988.38196160922,12.480137592894456,495.5194901875217,489762.5257271433,80.12732171874036,0.15601051345506511,0.01657419285364048,0.01808512028434417,0.22330825941959076,0.10028374452242939,0.0730877562685508,0.3125686914384854,0.001997006710975474,0.33726067746686306,0.28424153166421207,0.20913107511045656,0.898379970544919,40.41973490427099,43.22533136966127,43.26951399116348,Established acceptance / slower growth,497,497,460,464
madhya pradesh|sidhi,8105,23714024,27542590524.413746,443502,30053,madhya pradesh,sidhi,2026,2,2026-Q2,2026-04-01,8104,21244989,437232,29559,1161.4473580870858,14.757328719262636,789.0734369280937,916467.2586568311,67.76294131706283,0.1162172877566563,0.01434021297617738,0.01671233803579275,0.25428991151854197,0.14136963738837283,0.07689826925144239,0.010383408594396919,0.0006133314912247295,0.524300441826215,0.6111929307805597,0.42415316642120765,0.29455081001472755,47.50368188512519,46.35493372606775,43.18114874815907,Mixed signals,370,370,391,465
bihar|munger,8105,23152893,26207295554.316284,553098,47318,bihar,munger,2026,2,2026-Q2,2026-04-01,8104,21180356,540057,46408,1131.9231490559855,11.688955577158797,489.30413373346295,553854.6759016925,85.55084270780223,0.09313049317962352,0.024147451102383588,0.01960868815721417,0.2832190552010101,0.14545059178031128,0.10357534342421348,0.010114621373632803,0.0005988185889436816,0.711340206185567,0.2768777614138439,0.15022091310751104,0.3784977908689249,39.58762886597938,37.92341678939617,43.17378497790869,Mixed signals,512,512,549,466
uttar pradesh|meerut,8105,86313793,105106105853.32104,1999429,198558,uttar pradesh,meerut,2026,2,2026-Q2,2026-04-01,8104,77861280,1975620,193863,1217.7208554989704,10.069747882230885,434.70317489096385,529347.122016343,99.30735224906711,0.10855861860991745,0.012051406647027196,0.02421813342411916,0.24493303438753178,0.10991150923904391,0.10476942935992173,0.02354886259108325,0.0022323907310692025,0.47569955817378495,0.21944035346097202,0.044182621502209134,0.9013254786450663,38.888070692194404,41.016200294550806,43.10751104565538,Established acceptance / slower growth,522,522,504,467
himachal pradesh|shimla,8105,7992452,8928945601.073767,434661,9559,himachal pradesh,shimla,2026,2,2026-Q2,2026-04-01,8104,6316230,426075,9277,1117.1722521541283,45.47138822052516,836.1180039753112,934087.8335677128,21.991851120758476,0.26538330618106043,0.02015138179897913,0.030397757895871402,0.13137905920506432,0.10019312690943782,0.15002406159769,0.1067752934287518,0.00020671407365118933,0.027982326951399118,0.6539027982326951,0.9955817378497791,0.28276877761413843,47.7319587628866,49.005891016200295,43.0338733431517,Mixed signals,365,365,333,468
madhya pradesh|rajgarh,8105,46547793,58063738058.21193,752285,66612,madhya pradesh,rajgarh,2026,2,2026-Q2,2026-04-01,8104,43987296,739350,65026,1247.400452653296,11.293535699273404,698.7899027202305,871670.8409627684,88.5462291551739,0.05820992042793449,0.017495097044701424,0.024390243902439046,0.2682528562176911,0.1067457964741727,0.09402663951253953,0.020381389252469708,0.0012038963650331982,0.6332842415316642,0.5287187039764359,0.11929307805596466,0.5375552282768777,45.9499263622975,45.471281296023555,42.94550810014728,Mixed signals,399,399,408,469
ladakh|leh ladakh,8105,6775664,12496089553.552267,177949,1629,ladakh,leh ladakh,2026,2,2026-Q2,2026-04-01,8104,4364060,169942,1610,1844.2605113760462,109.23818293431553,4159.400859422959,7671018.756017352,9.154308256860112,0.5526056012062162,0.047116074896141,0.011801242236024745,0.1902266584292902,0.1260741903231113,0.03297400126823091,0.7319167046992009,0.00017524348061542466,0.15905743740795286,1.0,1.0,0.06332842415316642,56.038291605301914,55.55964653902799,42.94550810014727,Mixed signals,220,220,234,470
tripura|gomati,8105,1849515,2366209502.5007563,129970,5347,tripura,gomati,2026,2,2026-Q2,2026-04-01,8104,1754365,124719,4713,1279.3675652810366,24.307088086777632,345.8976996446606,442530.29783070064,41.140263137647146,0.054236148121969974,0.042102646749893724,0.13452153617653306,0.21182567149471043,0.16996282260169782,0.32187886279357225,0.08089557299450807,4.783523003065635e-05,0.27540500736377027,0.12371134020618557,0.8924889543446245,0.025036818851251842,34.167893961708394,32.9160530191458,42.87923416789396,Mixed signals,585,585,604,471
jharkhand|latehar,8105,14792792,18464645731.418983,298677,11936,jharkhand,latehar,2026,2,2026-Q2,2026-04-01,8104,13852242,291815,11511,1248.21911451327,25.023207104557642,1239.3424932975872,1546970.9895625825,39.96290306920185,0.06789875602808548,0.023514898137518614,0.03692120580314473,0.18919829720294512,0.1616384758689624,0.1196998123827393,0.018143764589673643,0.0003825957659795422,0.15169366715758467,0.8379970544918999,0.9175257731958762,0.18114874815905743,52.061855670103085,52.20913107511045,42.70986745213549,Mixed signals,285,285,285,472
tamil nadu|chennai,8105,179679932,197424700549.70596,6215686,417360,tamil nadu,chennai,2026,2,2026-Q2,2026-04-01,8104,174402318,5999453,412895,1098.7576539694257,14.892864673183823,430.5154590760974,473032.1558120231,67.14624902223181,0.030261145955640334,0.036042119173197884,0.010813887307911108,0.15730205865036173,0.10283888902886007,0.04785337685161939,0.17123905110478074,0.004647180952364643,0.061855670103092786,0.21796759941089838,0.44329896907216493,0.9882179675994109,38.15169366715759,42.78350515463918,42.695139911634755,Established acceptance / slower growth,536,536,468,473
madhya pradesh|seoni,8105,29764135,35233187437.704575,609996,38119,madhya pradesh,seoni,2026,2,2026-Q2,2026-04-01,8104,27462682,602434,37580,1183.7463926871912,16.002413494582754,780.8215063354232,924294.6414571361,62.49057370868006,0.08380292208896423,0.012552412380443245,0.014342735497605119,0.22154274682529196,0.1082957388474739,0.07726437756111348,0.013032506636739093,0.0007698095145962644,0.3269513991163476,0.6038291605301914,0.5434462444771723,0.422680412371134,46.9440353460972,47.422680412371136,42.66568483063328,Mixed signals,379,379,368,474
mizoram|aizawl,8105,2457520,3373654124.941715,164163,16407,mizoram,aizawl,2026,2,2026-Q2,2026-04-01,8104,2131692,153960,15514,1372.788064773314,10.005668312305723,149.78484793076126,205622.8515232349,99.94334898850532,0.15284947356372314,0.06627045985970392,0.05756091272399133,0.48254681069524397,0.2214599811010498,0.3320613785824471,0.5307101026945384,6.356046558418753e-05,0.9985272459499264,0.004418262150220913,0.03829160530191458,0.05154639175257732,32.05449189985273,27.319587628865982,42.5699558173785,Mixed signals,612,612,645,475
tamil nadu|the nilgiris,8105,8615183,10896196810.189186,306989,18060,tamil nadu,the nilgiris,2026,2,2026-Q2,2026-04-01,8104,6764923,307937,17562,1264.7667275540387,16.99828349944629,477.0311738648948,603333.1567103646,58.82946945981778,0.2735079172371955,-0.003078551781695582,0.028356679193713763,0.23349782485189752,0.07256306337782115,0.10981380200331836,0.008210464828170339,0.00022282017748501641,0.3946980854197349,0.2665684830633284,0.6273932253313697,0.18851251840942562,37.96023564064801,36.92930780559646,42.45949926362297,Mixed signals,538,539,565,476
karnataka|dharwad,8105,118951459,128383326792.5395,1462055,110356,karnataka,dharwad,2026,2,2026-Q2,2026-04-01,8104,110886677,1439934,108056,1079.2917369137901,13.248532023632608,1077.8884609808256,1163356.1092513276,75.48006059963545,0.0727299457264825,0.015362509670582059,0.021285259495076536,0.21563147182325992,0.08386196180531091,0.0736063819437689,0.026482432764867232,0.0030765202789635056,0.2916053019145803,0.7761413843888071,0.29455081001472755,0.8188512518409425,51.89248895434463,54.528718703976445,42.44477172312224,Established acceptance / slower growth,287,287,247,477
assam|bajali,8105,4707327,4693357584.736686,116152,10703,assam,bajali,2026,2,2026-Q2,2026-04-01,8104,4321270,113906,10337,997.0324102694981,10.85228440624124,439.81379052602074,438508.6036379226,92.14649769267857,0.08933878234870773,0.019718013098519727,0.03540679113862821,0.3823514728787798,0.1344408958168517,0.23093732029902236,0.008572413265141314,0.00012174871243245904,0.9837997054491899,0.22533136966126657,0.07952871870397643,0.011782032400589101,37.37113402061855,32.51104565537555,42.4300441826215,Mixed signals,550,550,609,478
madhya pradesh|chhindwara,8105,42486945,48670267451.3883,882155,56824,madhya pradesh,chhindwara,2026,2,2026-Q2,2026-04-01,8104,40238313,868953,55758,1145.5346448512196,15.524338307757287,747.6936681683795,856509.0006227703,64.41498376135713,0.05588285970139961,0.015192996629276756,0.019118332795293957,0.20491940242363604,0.11015677894646769,0.10498784637822078,0.018603308736748734,0.0010988679666695566,0.23269513991163476,0.5773195876288659,0.4992636229749632,0.6229749631811488,46.35493372606775,48.306332842415316,42.35640648011782,Established acceptance / slower growth,387,387,345,479
assam|barpeta,8105,38736056,40039394467.52526,677950,67370,assam,barpeta,2026,2,2026-Q2,2026-04-01,8104,35069405,684642,63666,1033.6466486811476,10.063084458957993,574.9748552768294,594320.8322328227,99.37311011136515,0.10455412631038374,-0.009774451465145328,0.05817861967141025,0.28644784154981395,0.11080890220064532,0.2587817638266068,0.07054140923153561,0.0010018562429828287,0.7260677466863034,0.38144329896907214,0.041237113402061855,0.4742268041237113,41.83357879234168,40.57437407952872,42.34167893961709,Mixed signals,480,480,511,480
uttar pradesh|shravasti,8105,4975721,5880719536.27097,267873,29805,uttar pradesh,shravasti,2026,2,2026-Q2,2026-04-01,8104,4460521,257636,29104,1181.8828942119083,8.98751887267237,166.94249287032378,197306.47664052912,111.26541308754521,0.11550220254539778,0.03973435389464197,0.02408603628367234,0.346710523822902,0.21042999674655682,0.23574775073593424,0.0013575184920974024,0.00012869036401617044,0.946980854197349,0.010309278350515464,0.013254786450662739,0.15169366715758467,32.03240058910162,28.055964653902794,42.13549337260677,Mixed signals,613,613,641,481
kerala|kottayam,8105,12928740,15396414475.353914,888447,52611,kerala,kottayam,2026,2,2026-Q2,2026-04-01,8104,13287206,860264,51336,1190.8673602651081,16.887095854479103,245.7421451787649,292646.2997349207,59.216813158241294,-0.026978282717976976,0.03276087340630318,0.024836372136512352,0.18102189634330768,0.11995517390909738,0.09947545505841049,0.04387832368441051,0.0003343845559006269,0.11929307805596466,0.041237113402061855,0.614138438880707,0.6288659793814433,32.54050073637703,35.08836524300442,41.98821796759941,Mixed signals,608,608,588,482
dadra & nagar haveli & daman & diu|daman,8105,10968314,8542747705.300419,237457,9624,dadra & nagar haveli & daman & diu,daman,2026,2,2026-Q2,2026-04-01,8104,11111686,230755,9402,778.856960632274,24.673420615128844,1139.6834995843724,887650.4265690377,40.529443225510306,-0.012902812408486009,0.02904379103378041,0.02361199744735165,0.1960198366991146,0.1157120706667294,0.1581227436823105,0.3320087166138817,0.00028368076130145934,0.18556701030927836,0.8055964653902798,0.9072164948453608,0.11045655375552282,50.59646539027983,50.220913107511045,41.93667157584684,Mixed signals,317,317,317,483
tamil nadu|viluppuram,8105,13664685,17776740127.684875,711501,43884,tamil nadu,viluppuram,2026,2,2026-Q2,2026-04-01,8104,13037756,702715,43165,1300.925716742455,16.21322121957889,311.3819387476073,405084.7718458863,61.67805807721985,0.04808565216284144,0.012502935044790497,0.016657013784316055,0.20677627786114572,0.09446369815918088,0.07390368050117457,0.013022754778456453,0.0003534187883155635,0.24153166421207659,0.09720176730486009,0.5581737849779087,0.5095729013254786,33.821796759941094,35.1620029455081,41.93667157584684,Mixed signals,588,589,586,483
uttar pradesh|amroha,8105,36081613,41354127429.06046,769082,54541,uttar pradesh,amroha,2026,2,2026-Q2,2026-04-01,8104,32306791,759342,53426,1146.127459131621,14.100988247373536,661.5502649383033,758220.9242415882,70.91701535076884,0.11684298821260208,0.012826894864237826,0.020869988395163297,0.2312374943103026,0.12978343964015315,0.10617369082870232,0.009844092317917752,0.0009332026275710772,0.38438880706921946,0.48159057437407954,0.3696612665684831,0.5449189985272459,43.71134020618557,44.513991163475694,41.93667157584683,Established acceptance / slower growth,446,446,424,485
assam|kokrajhar,8105,14292150,14449261261.076963,370984,27744,assam,kokrajhar,2026,2,2026-Q2,2026-04-01,8104,13243575,365093,26533,1010.9928360027682,13.37168396770473,515.1438148788927,520806.70635369676,74.78489638367154,0.07917612880207958,0.016135614761170425,0.04564127690046349,0.2683482369194974,0.14053118457418856,0.20710059171597628,0.02602713094870814,0.00036964733072326813,0.6347569955817378,0.31075110456553756,0.30338733431516934,0.23269513991163476,39.0500736377025,37.03976435935199,41.826215022091304,Mixed signals,521,521,562,486
chhattisgarh|surajpur,8105,12643548,13256049916.581123,327627,13390,chhattisgarh,surajpur,2026,2,2026-Q2,2026-04-01,8104,12264869,318363,13150,1048.4438321095568,24.4680358476475,944.2530246452577,989996.2596401138,40.869647495475036,0.0308750953638397,0.029098858849803566,0.018250950570342095,0.184874485874571,0.14499246869528437,0.12078346028291631,0.019565950575505486,0.00032700844652984435,0.13107511045655376,0.7216494845360825,0.898379970544919,0.203240058910162,48.49779086892489,48.85861561119293,41.767304860088366,Mixed signals,354,354,334,487
madhya pradesh|jabalpur,8105,76408578,85907588827.53561,1602539,146620,madhya pradesh,jabalpur,2026,2,2026-Q2,2026-04-01,8104,73195296,1560994,143882,1124.3186442697,10.92987996180603,521.1333924430501,585919.9892752395,91.49231313559295,0.043900116204188766,0.02661445207348656,0.01902948249259806,0.2394082716996997,0.11556871387977341,0.08749184121521392,0.03345621500133623,0.0019762056025203084,0.4374079528718704,0.31516936671575846,0.08247422680412371,0.8541973490427098,40.14727540500736,42.231222385861564,41.73784977908689,Established acceptance / slower growth,503,503,479,488
assam|goalpara,8105,23737889,24413062110.47961,482678,37138,assam,goalpara,2026,2,2026-Q2,2026-04-01,8104,22229449,480940,31486,1028.442845548718,12.996876514621142,639.1805966934138,657360.7116829018,76.94156352682326,0.06785773232615888,0.003613756393728851,0.17950835291875755,0.2648476426397064,0.13125711901826698,0.6000172332083926,0.04322856571256938,0.0006139487275081235,0.6067746686303387,0.45066273932253315,0.2695139911634757,0.32106038291605304,42.628865979381445,41.200294550810014,41.73048600883652,Mixed signals,463,463,501,489
rajasthan|jhalawar,8105,33007685,39264343431.37933,664353,42068,rajasthan,jhalawar,2026,2,2026-Q2,2026-04-01,8104,32393835,647136,40882,1189.5515675025174,15.792359988589903,784.6269135685081,933354.1749400812,63.32175816170018,0.018949593340831683,0.026604917668001882,0.029010322391272547,0.21619202251774783,0.11261968122966226,0.06063585709603414,0.012926809826522464,0.0008536995940851765,0.29455081001472755,0.6067746686303387,0.5228276877761414,0.4639175257731959,46.35493372606775,47.201767304860084,41.67893961708394,Mixed signals,387,388,374,490
jammu & kashmir|srinagar,8105,21983296,25199270567.64258,628879,44070,jammu & kashmir,srinagar,2026,2,2026-Q2,2026-04-01,8104,15768434,593604,42635,1146.2917374920748,14.270002269117313,498.8267755842977,571801.0112920939,70.07707365009803,0.39413311429657494,0.05942513864461829,0.03365779289316295,0.23932257892661335,0.16578459051584304,0.1391129032258065,0.11709303918872763,0.0005685685279611183,0.43446244477172313,0.2930780559646539,0.3799705449189985,0.43888070692194403,38.637702503681886,38.659793814432994,41.649484536082475,Established acceptance / slower growth,527,527,540,491
madhya pradesh|indore,8105,339895092,333242773526.7916,4118995,358011,madhya pradesh,indore,2026,2,2026-Q2,2026-04-01,8104,334698036,4015409,351941,980.4283185318593,11.505219113379198,949.3984598238602,930817.1355818443,86.91707564587963,0.015527596343589023,0.02579712303279691,0.01724720904924415,0.2194506587855316,0.09971597978164781,0.07356385259641529,0.14882626497578527,0.008790931629162837,0.3136966126656848,0.7290132547864506,0.13402061855670103,0.9749631811487481,50.4860088365243,53.792341678939614,41.61266568483063,Established acceptance / slower growth,322,322,255,492
madhya pradesh|panna,8105,15717249,18793623865.35958,362752,22025,madhya pradesh,panna,2026,2,2026-Q2,2026-04-01,8104,14854356,359636,21302,1195.7323998213415,16.4700113507378,713.6094892167991,853285.987076485,60.71641231474947,0.05809023292561455,0.008664316141876682,0.03394047507276321,0.23253961245998833,0.1240003346419487,0.18420345179848385,0.006881945398506654,0.0004065056089645683,0.3917525773195876,0.5493372606774669,0.5832106038291606,0.22091310751104565,44.48453608247423,43.630338733431515,41.60530191458026,Mixed signals,428,428,446,493
rajasthan|pratapgarh,8105,14774001,16762811402.286264,366670,15573,rajasthan,pratapgarh,2026,2,2026-Q2,2026-04-01,8104,14453769,355162,15340,1134.615558932632,23.545238553907403,948.6933153534965,1076402.196255459,42.4714320778902,0.022155605226567454,0.03240211509114155,0.015189048239895753,0.18264499407556856,0.13949816956821692,0.07570629274020857,0.005785946554684241,0.0003821097619149599,0.1251840942562592,0.7260677466863034,0.882179675994109,0.22827687776141384,48.52724594992636,49.04270986745214,41.59057437407952,Mixed signals,353,353,332,494
maharashtra|mumbai suburban,8105,281998060,249149562810.7086,7625449,749720,maharashtra,mumbai suburban,2026,2,2026-Q2,2026-04-01,8104,279927702,7392981,742516,883.5151660642935,10.171062530011204,376.1378381262338,332323.48451516376,98.31814493808824,0.0073960454260435515,0.03144442005193837,0.00970214783250456,0.22985832017546692,0.0985624014413442,0.04836149817866553,0.05568185077104821,0.0072935023875442115,0.3755522827687776,0.15463917525773196,0.047128129602356406,0.9941089837997055,36.19293078055964,39.285714285714285,41.52430044182622,Established acceptance / slower growth,563,563,529,495
uttar pradesh|bulandshahr,8105,67639035,74269667365.12015,1498671,128820,uttar pradesh,bulandshahr,2026,2,2026-Q2,2026-04-01,8104,62332918,1458681,126718,1098.0296712559566,11.63383791336749,525.0662552398696,576538.3276286302,85.95615715523954,0.08512543885720225,0.027415178507158133,0.016588014331034184,0.2324674045165327,0.13535251760409994,0.0766761947745851,0.018453856395911954,0.0017493931102351785,0.390279823269514,0.31958762886597936,0.14727540500736377,0.8291605301914581,39.96318114874816,42.15758468335788,41.49484536082474,Established acceptance / slower growth,506,506,480,496
chhattisgarh|balodabazar bhatapara,8105,20168991,21082719724.23255,448499,24256,chhattisgarh,balodabazar bhatapara,2026,2,2026-Q2,2026-04-01,8104,19355530,433609,23797,1045.3036408332252,18.490229221635882,831.505235817942,869175.4503723842,54.08261779847893,0.042027317257651964,0.034339693133675686,0.01928814556456704,0.20001659996929888,0.13595528100075738,0.1349960226475131,0.031211609357105694,0.00052164395745438,0.2106038291605302,0.6494845360824743,0.7290132547864506,0.29896907216494845,46.759941089837994,47.20176730486009,41.413843888070694,Mixed signals,381,381,373,497
chhattisgarh|sarangarh bilaigarh,8105,11209318,12666977535.17809,257463,14460,chhattisgarh,sarangarh bilaigarh,2026,2,2026-Q2,2026-04-01,8104,11053261,251706,14179,1130.039984161221,17.805186721991703,775.1948824343016,876001.2126679176,56.16340988802275,0.014118638834277109,0.02287192200424304,0.01981804076451099,0.225843132837644,0.12032008772387859,0.08282162647895763,0.0173464728392002,0.0002899140071947385,0.35051546391752575,0.5949926362297496,0.6848306332842415,0.13696612665684832,45.25036818851252,44.18262150220913,41.41384388807069,Mixed signals,411,411,430,498
jammu & kashmir|pulwama,8105,7936368,8507456410.518658,230528,10444,jammu & kashmir,pulwama,2026,2,2026-Q2,2026-04-01,8104,5994066,219393,10204,1071.9584084960095,22.072769054002297,759.8973573343546,814578.3617884582,45.30469183786785,0.3240374730608573,0.05075367035411338,0.02352018816150525,0.20474254300310957,0.1706504572853349,0.09075718015665801,0.04227270784327172,0.00020526353605563626,0.23122238586156113,0.5846833578792342,0.8438880706921944,0.10456553755522828,44.74226804123712,44.10898379970545,41.39911634756996,Mixed signals,424,424,432,499
madhya pradesh|mandsaur,8105,41268884,51053851408.78799,784250,54577,madhya pradesh,mandsaur,2026,2,2026-Q2,2026-04-01,8104,39918057,770714,53068,1237.1027869032753,14.369606244388661,756.1588947725232,935446.2760647889,69.59132929550526,0.0338399987754916,0.017562935148446757,0.028435215195597996,0.22578217235028752,0.10012891532970203,0.1720605605068184,0.01806996926404264,0.0010673644491926118,0.3490427098674521,0.5817378497790869,0.3873343151693667,0.5508100147275405,45.714285714285715,46.72312223858616,41.28865979381444,Established acceptance / slower growth,405,405,382,500
tamil nadu|karur,8105,9530498,13649622487.578588,453542,27105,tamil nadu,karur,2026,2,2026-Q2,2026-04-01,8104,9196925,444398,26070,1432.2045382705699,16.732779929902232,351.6140195535879,503583.19452420546,59.7629326501184,0.03627005765514024,0.020576150207696653,0.03970080552359034,0.21898613024870484,0.10363740777511721,0.15046689303904914,0.009082780786426447,0.0002464935748759595,0.31075110456553756,0.12812960235640647,0.605301914580265,0.30486008836524303,33.75552282768778,33.7260677466863,41.23711340206185,Mixed signals,592,592,602,501
jharkhand|east singhbhum,8105,60278892,58701796668.39952,1272271,101073,jharkhand,east singhbhum,2026,2,2026-Q2,2026-04-01,8104,57832258,1230573,98867,973.8366901037185,12.587644573723942,596.389658959366,580786.1314930745,79.44298030844058,0.042305697280573096,0.03388502754407896,0.022312804070114378,0.22677099594673766,0.12585770844726674,0.12589811854607835,0.07393371218728431,0.0015590328625683441,0.3549337260677467,0.40795287187039764,0.21796759941089838,0.7746686303387335,41.78939617083947,43.888070692194404,41.19293078055964,Established acceptance / slower growth,481,481,434,502
chhattisgarh|khairagarh chhuikhadan gandai,8105,4273302,4671631551.659877,127822,5154,chhattisgarh,khairagarh chhuikhadan gandai,2026,2,2026-Q2,2026-04-01,8104,4099881,123824,5012,1093.2135270710744,24.800543267365153,829.1233993015134,906408.9157275663,40.321697360391795,0.04229903258167744,0.03228776327690919,0.028332003192338417,0.20166697364702513,0.13520666441677465,0.1329962629149264,0.0066129551393492355,0.00011052323671906628,0.21796759941089838,0.6480117820324006,0.9101620029455081,0.022091310751104567,45.93519882179676,44.955817378497784,41.12665684830633,Mixed signals,400,400,420,503
uttarakhand|udham singh nagar,8105,43576307,44579270574.55,1249806,87601,uttarakhand,udham singh nagar,2026,2,2026-Q2,2026-04-01,8104,39405152,1218612,86137,1023.0162591462833,14.267028915195032,497.4407483932832,508889.9735682241,70.09167822846106,0.10585303667906176,0.02559797540152231,0.016996180503151992,0.20141545793054605,0.12637348772152457,0.0625,0.17640316830099823,0.0011270428567659633,0.21649484536082475,0.29013254786450665,0.3784977908689249,0.7673048600883653,38.55670103092784,41.31075110456553,41.08983799705449,Established acceptance / slower growth,531,531,499,504
chandigarh|chandigarh,8105,25137055,25233291728.69225,829123,64346,chandigarh,chandigarh,2026,2,2026-Q2,2026-04-01,8104,22820289,811491,62840,1003.8284806510648,12.88538526093308,390.654508438753,392150.121665562,77.60730313837634,0.10152220245764632,0.021727905793163416,0.023965626989178812,0.2410009484846265,0.09388321065804006,0.0879732174559964,1.0,0.0006501362834139007,0.4491899852724595,0.17820324005891017,0.24594992636229748,0.5802650957290133,35.68483063328424,36.34020618556701,41.08247422680412,Established acceptance / slower growth,568,568,573,505
bihar|sheohar,8105,10658823,12527743229.879131,217997,15916,bihar,sheohar,2026,2,2026-Q2,2026-04-01,8104,9647278,217850,15570,1175.3402068764187,13.696720281477758,669.6923221915054,787116.3125081133,73.01017903916109,0.10485289218368132,0.0006747762221712694,0.022222222222222143,0.27729675467286397,0.1578525257997525,0.0924565859015718,0.004656435760903353,0.0002756761908181608,0.6774668630338734,0.4948453608247423,0.32989690721649484,0.09278350515463918,42.79823269513991,39.874815905743745,40.96465390279823,Mixed signals,459,459,522,506
madhya pradesh|rewa,8105,46023993,53782459422.635925,841494,67932,madhya pradesh,rewa,2026,2,2026-Q2,2026-04-01,8104,41952704,830403,65816,1168.5743873339266,12.387299063769651,677.5009273979862,791710.2311522688,80.7278483269043,0.09704473399378499,0.013356165620789007,0.03215023702443176,0.2469514181703858,0.11628110586240803,0.12838230652957483,0.020152038492693758,0.0011903489791022608,0.4845360824742268,0.5036818851251841,0.19440353460972018,0.5891016200294551,43.77025036818851,44.29307805596465,40.91310751104565,Established acceptance / slower growth,444,444,428,507
chhattisgarh|kondagaon,8105,6896760,8377319302.264477,218397,5888,chhattisgarh,kondagaon,2026,2,2026-Q2,2026-04-01,8104,6793810,210387,5723,1214.6746156549564,37.09188179347826,1171.3247282608695,1422778.414107418,26.96007729043897,0.015153500024286837,0.03807269460565532,0.028831032675170398,0.1779589498532752,0.15610244140004648,0.12645877176200493,0.010672768853420197,0.00017837546657703752,0.11045655375552282,0.8188512518409425,0.9749631811487481,0.09425625920471281,50.04418262150221,49.96318114874816,40.898379970544916,Mixed signals,329,329,320,508
odisha|khordha,8105,304619745,295222880387.0763,3062384,236790,odisha,khordha,2026,2,2026-Q2,2026-04-01,8104,302109179,3007702,231673,969.1521486470823,12.932911018201782,1286.4552768275687,1246770.8956758152,77.32211244572855,0.008310128173894427,0.01818065752524678,0.02208716596236937,0.1973230762649214,0.08586012953516686,0.08412387370888585,0.199995892011871,0.007878581992552038,0.19293078055964655,0.8645066273932254,0.25773195876288657,0.9631811487481591,53.10751104565538,56.95876288659794,40.81737849779087,Established acceptance / slower growth,267,267,216,509
kerala|alappuzha,8105,14056562,16547026796.816353,910417,68176,kerala,alappuzha,2026,2,2026-Q2,2026-04-01,8104,13830947,890610,66125,1177.1745322089678,13.353922201361183,206.18050340295704,242710.43764398547,74.88436617506044,0.016312332047834444,0.022239813161765598,0.031017013232514268,0.22734323382058097,0.10425586624974836,0.16299619590249237,0.047705992797904884,0.0003635541624210579,0.35787923416789397,0.022091310751104567,0.3019145802650957,0.6332842415316642,31.50220913107511,32.87923416789396,40.714285714285715,Established acceptance / slower growth,620,620,605,510
delhi|north,8105,101611929,109861766626.10445,2039167,145465,delhi,north,2026,2,2026-Q2,2026-04-01,8104,94161615,1976355,142873,1081.1896566406533,14.01826556216272,698.5318049015227,755245.3622940532,71.33550121201452,0.07912262337471598,0.031781739616617566,0.01814198623952734,0.186004702866992,0.12085745443831986,0.08736927872504241,0.08670663926423663,0.0026280565432417265,0.13402061855670103,0.5272459499263623,0.35787923416789397,0.9072164948453608,44.293078055964656,48.159057437407945,40.56701030927835,Established acceptance / slower growth,434,434,356,511
dadra & nagar haveli & daman & diu|dadra and nagar haveli,8105,21410200,17094055716.546885,423162,17263,dadra & nagar haveli & daman & diu,dadra and nagar haveli,2026,2,2026-Q2,2026-04-01,8104,21978227,406244,16889,798.4071011268874,24.512657127961536,1240.2363436250942,990213.5038259216,40.7952509913461,-0.025844987405035047,0.04164492275578224,0.022144591154005466,0.1568821878604585,0.12108664033254124,0.112593451920598,0.6480825607697345,0.0005537461669693724,0.05891016200294551,0.8394698085419735,0.8998527245949927,0.26804123711340205,50.61119293078056,51.65684830633285,40.552282768777616,Mixed signals,315,315,295,512
uttar pradesh|hapur,8105,37094680,40929420499.41087,755084,55877,uttar pradesh,hapur,2026,2,2026-Q2,2026-04-01,8104,33618782,739617,55112,1103.3771014984056,13.51332390786907,663.8631279417292,732491.3739000103,74.00103829507711,0.10339155059216609,0.020912174814802897,0.013880824502830569,0.23407893036654137,0.12467287575906982,0.06625322011258472,0.010120485866959919,0.0009594042496079176,0.4005891016200295,0.48306332842415317,0.31516936671575846,0.5390279823269514,42.7540500736377,43.446244477172314,40.53019145802651,Established acceptance / slower growth,460,461,454,513
rajasthan|balotra,8105,30160090,41976917972.68091,558892,24199,rajasthan,balotra,2026,2,2026-Q2,2026-04-01,8104,29858875,539862,23529,1391.8034718291924,23.095665110128518,1246.3362122401752,1734655.067262321,43.29816851914144,0.010087955423638606,0.03524974900993216,0.028475498321220538,0.10392734891320576,0.12366074570001095,0.0946801773274224,0.01181160532102757,0.0007800503607136457,0.010309278350515464,0.845360824742268,0.8689248895434463,0.3873343151693667,50.91310751104565,52.798232695139916,40.5081001472754,Mixed signals,306,306,275,514
haryana|fatehabad,8105,9957401,19037814263.847168,479172,34883,haryana,fatehabad,2026,2,2026-Q2,2026-04-01,8104,8819309,463895,33886,1911.926040123037,13.736547888656366,285.45139466215636,545761.9546440148,72.79849406893558,0.12904548417568762,0.03293202125480987,0.029422180251431174,0.2524002427976366,0.1202255544178088,0.10295001106649382,0.00880628765514726,0.000257534849591643,0.5154639175257731,0.07216494845360824,0.33431516936671574,0.31516936671575846,31.929307805596462,30.92783505154639,40.19882179675994,Mixed signals,614,614,620,515
odisha|kandhamal,8105,11650060,13535674655.013372,286456,7193,odisha,kandhamal,2026,2,2026-Q2,2026-04-01,8104,11200002,281550,7088,1161.854501608865,39.824273599332685,1619.6385374669817,1881784.325735211,25.110313625827352,0.04018374282433168,0.01742496892203871,0.014813769751693018,0.14473908140713543,0.13713627882974078,0.04367382472431802,0.00764876269491926,0.0003013132091229043,0.041237113402061855,0.9528718703976435,0.9823269513991163,0.16494845360824742,52.91605301914581,53.53460972017673,40.15463917525773,Mixed signals,271,271,259,516
himachal pradesh|sirmaur,8105,6086236,5744384380.4154415,286899,10545,himachal pradesh,sirmaur,2026,2,2026-Q2,2026-04-01,8104,5566209,278577,10268,943.8320138120575,27.207112375533427,577.1679468942626,544749.5856249826,36.755094998588355,0.0934257049995788,0.029873248688872422,0.02697701597195179,0.17059298256141808,0.11857567274627079,0.20459218642906096,0.08130916954854814,0.00015741234814579055,0.08394698085419734,0.38291605301914583,0.930780559646539,0.16789396170839468,38.71870397643594,39.13843888070692,40.13254786450663,Mixed signals,524,524,534,517
gujarat|amreli,8105,6205543,8811243821.913565,434295,21573,gujarat,amreli,2026,2,2026-Q2,2026-04-01,8104,5693124,421070,20842,1419.8989229328627,20.131414267834792,287.6532239373291,408438.50284677907,49.67360895244016,0.09000664661440716,0.031408079416723966,0.03507340946166404,0.18504235033776006,0.11766355957938512,0.07724957555178258,0.005359295798369018,0.0001604980640168527,0.1325478645066274,0.07511045655375552,0.792341678939617,0.2812960235640648,31.288659793814432,32.03240058910162,40.0662739322533,Mixed signals,623,623,612,518
uttarakhand|chamoli,8105,4129071,5352668563.393774,145515,3917,uttarakhand,chamoli,2026,2,2026-Q2,2026-04-01,8104,2391192,153668,3648,1296.3372544075348,37.149604288996684,1054.1411794740873,1366522.4823573588,26.918187128474727,0.7267835456123974,-0.053055938777103906,0.0737390350877194,0.18112222130686106,0.02507836990595602,0.15819041986989957,0.016715074238387643,0.00010679289494700625,0.12076583210603829,0.7687776141384389,0.9764359351988218,0.033873343151693665,47.930780559646536,47.49631811487482,39.85272459499264,Mixed signals,360,360,367,519
manipur|imphal east,8105,1728134,2633503240.45336,152751,6579,manipur,imphal east,2026,2,2026-Q2,2026-04-01,8104,1771567,145925,6320,1523.8999061724148,23.21796625626995,262.67426660586716,400289.29023458884,43.07009446746666,-0.024516713169753124,0.04677745417166346,0.040981012658227955,0.1997772808406677,0.18318990557780346,0.5275133503598792,0.16521845626223566,4.469587292549576e-05,0.20765832106038293,0.053019145802650956,0.8718703976435935,0.041237113402061855,30.17673048600884,29.344624447717234,39.85272459499264,Mixed signals,631,631,632,519
rajasthan|jodhpur,8105,136439834,176605696180.78516,2341306,170176,rajasthan,jodhpur,2026,2,2026-Q2,2026-04-01,8104,130348077,2286494,166686,1294.3851586684366,13.75814450921399,801.7572043061301,1037782.6261093525,72.68421983286251,0.04673453678952244,0.02397207252675937,0.020937571241735897,0.180008051636122,0.1074623081587689,0.10128458178288313,0.05343397414512086,0.003528833691391834,0.11634756995581738,0.6244477172312224,0.3387334315169367,0.9293078055964654,46.156111929307805,50.220913107511045,39.74226804123712,Established acceptance / slower growth,393,394,317,521
karnataka|bengaluru urban,8105,2113433404,2237234966747.105,20543058,1517644,karnataka,bengaluru urban,2026,2,2026-Q2,2026-04-01,8104,2025840374,20007804,1498110,1058.5784073029183,13.536150770536437,1392.5752047252188,1474150.0422675575,73.87624568844619,0.04323787358776365,0.0267522612676534,0.013039095927535271,0.17317188223955826,0.08638149572252041,0.05912829624584237,0.4705184660614754,0.054661126314094824,0.09131075110456553,0.898379970544919,0.3166421207658321,1.0,53.11487481590574,57.65832106038291,39.734904270986746,Established acceptance / slower growth,266,266,201,522
tamil nadu|namakkal,8105,17552038,26017394276.82457,828052,48841,tamil nadu,namakkal,2026,2,2026-Q2,2026-04-01,8104,17286760,812237,47528,1482.3004756954474,16.954034520177718,359.37097930017813,532695.7735677928,58.98301072879481,0.015345732803602186,0.019470917970986212,0.027625820568927706,0.17269625348677953,0.10915369386601514,0.1176174458250383,0.016727490369236413,0.0004539599707149288,0.08836524300441827,0.13843888070692195,0.6200294550810015,0.5773195876288659,33.15905743740795,35.60382916053019,39.66863033873343,Mixed signals,600,600,580,523
odisha|deogarh,8105,4503723,5777047843.940623,108489,3354,odisha,deogarh,2026,2,2026-Q2,2026-04-01,8104,4410183,105003,3236,1282.727166821899,32.34615384615385,1342.7915921288015,1722435.2546036444,30.915576694411413,0.021210004210709732,0.03319905145567259,0.03646477132262049,0.18794128508124075,0.14285563795718859,0.09464751958224538,0.002956886786046583,0.00011648276748193864,0.14285714285714285,0.8880706921944035,0.9587628865979382,0.007363770250368188,50.60382916053019,49.92636229749632,39.455081001472756,Mixed signals,316,316,322,524
tamil nadu|dindigul,8105,22404585,34117314438.5512,932728,63258,tamil nadu,dindigul,2026,2,2026-Q2,2026-04-01,8104,21670855,919115,61571,1522.7826999942736,14.744822789212432,354.17789054348856,539335.9644400898,67.82041495484214,0.03385791654274839,0.014810986655641623,0.02739926263987913,0.20108979809577243,0.10213626282212629,0.12995016344247357,0.021352077736741373,0.0005794646040807416,0.21502209131075112,0.13107511045655376,0.4212076583210604,0.6421207658321061,33.100147275405014,35.23564064801178,39.39617083946981,Established acceptance / slower growth,604,604,584,525
uttar pradesh|bhadohi,8105,14424005,15887538173.835009,522081,72244,uttar pradesh,bhadohi,2026,2,2026-Q2,2026-04-01,8104,11761079,517482,71360,1101.46510444464,7.2266347378328994,199.65678810697082,219914.98496532597,138.3769951406008,0.2264185114307964,0.008887265644022424,0.012387892376681586,0.29439277035583133,0.12543652401852157,0.07915452983792659,0.003935279634369651,0.0003730575838197243,0.7614138438880707,0.016200294550810016,0.0014727540500736377,0.35346097201767307,30.353460972017672,28.313696612665684,39.34462444771724,Mixed signals,630,630,640,526
uttarakhand|pauri garhwal,8105,7748054,8098743702.991955,265938,12088,uttarakhand,pauri garhwal,2026,2,2026-Q2,2026-04-01,8104,5710062,264111,11737,1045.2616493111632,22.000165453342156,640.9707147584381,669982.1064685602,45.454203611368065,0.35691241180918887,0.006917546031782074,0.029905427281247343,0.18972860465062724,0.08504492154030707,0.09860947014450594,0.03136523876994034,0.00020039304649053784,0.1561119293078056,0.4536082474226804,0.8409425625920471,0.14580265095729014,39.96318114874816,39.91163475699558,39.32253313696613,Mixed signals,506,507,520,527
tamil nadu|tiruvannamalai,8105,23087075,29490281720.856224,883828,60705,tamil nadu,tiruvannamalai,2026,2,2026-Q2,2026-04-01,8104,22036815,876390,59699,1277.3502802263267,14.559393789638415,380.3158718392225,485796.5854683506,68.68417836954701,0.047659337340718144,0.0084870890813451,0.016851203537747717,0.2065088976018683,0.08966722927780713,0.07510980447718896,0.022002506188531425,0.0005971162944663956,0.23858615611192932,0.1634756995581738,0.40353460972017674,0.6244477172312224,33.821796759941094,35.75110456553755,39.27835051546392,Established acceptance / slower growth,588,588,579,528
rajasthan|udaipur,8105,71477414,78339056044.8245,1439898,99601,rajasthan,udaipur,2026,2,2026-Q2,2026-04-01,8104,68205918,1396831,97542,1095.9973460263195,14.456662081706007,717.6375136795815,786528.8104017479,69.1722608129187,0.04796498743701383,0.030831933140086365,0.021108855672428373,0.18403931470798174,0.12116441172073555,0.08593639267763487,0.02799272162436155,0.0018486676456727612,0.12665684830633284,0.5552282768777614,0.3946980854197349,0.8100147275405007,43.748159057437405,47.16494845360825,39.13107511045656,Established acceptance / slower growth,445,445,376,529
uttar pradesh|ghaziabad,8105,205969183,207586145620.068,4061254,379016,uttar pradesh,ghaziabad,2026,2,2026-Q2,2026-04-01,8104,187059378,3957364,373144,1007.8505075201856,10.715257403381388,543.4313670135298,547697.5790469743,93.32486960923892,0.1010898528701405,0.026252323516360976,0.01573655210856928,0.2187011387111233,0.1104432280733989,0.07184448447587877,0.05619426304744457,0.005327117243186108,0.3078055964653903,0.3402061855670103,0.06480117820324006,0.9734904270986745,38.82916053019146,42.15758468335788,38.91752577319588,Established acceptance / slower growth,523,523,480,530
uttar pradesh|chitrakoot,8105,9447556,11126214298.50351,304813,31012,uttar pradesh,chitrakoot,2026,2,2026-Q2,2026-04-01,8104,8542170,296517,30521,1177.6817516089357,9.82887269444086,304.64194505352765,358771.25946419156,101.74106747415628,0.10599016409179396,0.027978159768242694,0.016087284165001048,0.3109148223313345,0.16410597189919152,0.16093287912252463,0.002577562523124944,0.0002443483910579301,0.8247422680412371,0.09278350515463918,0.03240058910162003,0.187039764359352,31.61266568483063,28.424153166421206,38.799705449189986,Mixed signals,617,617,638,531
himachal pradesh|mandi,8105,5727956,6869750993.009743,378762,15444,himachal pradesh,mandi,2026,2,2026-Q2,2026-04-01,8104,4842026,371900,15066,1199.3372492752637,24.524864024864026,370.8855218855219,444816.82161420246,40.77494574429325,0.1829667994347821,0.01845119655821459,0.02508960573476693,0.13260856110744967,0.09715169615002472,0.07339449541284404,0.07652272201909746,0.00014814591547810006,0.030927835051546393,0.14580265095729014,0.9013254786450663,0.23711340206185566,31.84830633284242,32.87923416789396,38.71134020618557,Mixed signals,615,615,605,532
madhya pradesh|maihar,8105,14231574,16026118625.970982,301225,17377,madhya pradesh,maihar,2026,2,2026-Q2,2026-04-01,8104,13275620,298228,17048,1126.0960049795603,17.334695286873455,818.9891235541232,922260.3801560098,57.68777491908042,0.07200823765669706,0.010049358209155423,0.01929845143125286,0.21333759844382572,0.11721638893112929,0.0841652108809583,0.006231428617234921,0.0003680806135599377,0.28276877761413843,0.6391752577319587,0.6494845360824743,0.18409425625920472,44.38144329896907,43.888070692194404,38.64506627393226,Mixed signals,432,432,434,533
assam|dhubri,8105,33561698,32172625603.19859,704855,63485,assam,dhubri,2026,2,2026-Q2,2026-04-01,8104,30715562,724438,52187,958.6113790547364,11.10270142553359,528.655556430653,506775.23199493723,90.06817004915905,0.09266104263369823,-0.02703198893487091,0.21649069691685674,0.25936381179782564,0.09905539755008363,0.48222082136770106,0.061118495727164636,0.0008680283988231614,0.5655375552282769,0.3225331369661267,0.09867452135493372,0.5007363770250368,37.511045655375554,37.187039764359355,38.59351988217968,Mixed signals,548,548,558,534
chhattisgarh|dhamtari,8105,9913984,12547316581.190872,297814,15279,chhattisgarh,dhamtari,2026,2,2026-Q2,2026-04-01,8104,9439641,289584,15189,1265.6179978897355,19.491720662347014,648.8634072910531,821213.2064396146,51.303833936618155,0.05025011014719727,0.028420078457373377,0.0059253407070907205,0.19358559277018728,0.12481540373233835,0.05634679203539816,0.015341937322526256,0.00025641192699721094,0.17378497790868924,0.46244477172312226,0.7746686303387335,0.1796759941089838,39.734904270986746,39.76435935198822,38.55670103092784,Mixed signals,509,509,524,535
chhattisgarh|gariaband,8105,7393434,8000604068.960997,211270,7918,chhattisgarh,gariaband,2026,2,2026-Q2,2026-04-01,8104,7494642,204790,7691,1082.1228767256184,26.682242990654206,933.7501894417783,1010432.4411418283,37.478108581436075,-0.01350404729138499,0.031642170027833316,0.029515017552983913,0.17511957129170064,0.13937021037928665,0.12105337675208827,0.011441374227175935,0.00019122127482419754,0.09720176730486009,0.7098674521354934,0.9278350515463918,0.08689248895434462,45.596465390279825,45.544918998527244,38.53460972017673,Mixed signals,408,408,406,536
madhya pradesh|niwari,8105,6682206,7392456103.302877,167319,10039,madhya pradesh,niwari,2026,2,2026-Q2,2026-04-01,8104,6419078,161386,9964,1106.2897646829322,16.666899093535214,665.6246638111365,736373.7526947781,59.99916327494188,0.04099155673135613,0.036762792311600734,0.007527097551184303,0.23422650996918404,0.1500931380298729,0.050544160736709864,0.002925866787093184,0.00017282631453231366,0.4020618556701031,0.48748159057437407,0.6023564064801178,0.054491899852724596,40.39764359351988,38.659793814432994,38.52724594992637,Mixed signals,498,498,540,537
madhya pradesh|anuppur,8105,15223710,14801396612.398954,325563,25153,madhya pradesh,anuppur,2026,2,2026-Q2,2026-04-01,8104,14374023,317827,24373,972.2594960360486,12.943306961396255,605.2443048542917,588454.5228163223,77.26000804759755,0.059112678475608416,0.024340285752941115,0.032002625856480504,0.26501853814285536,0.13903311128526652,0.14259107840465157,0.006665844702383969,0.0003937408832964336,0.6082474226804123,0.41531664212076586,0.2606774668630339,0.20029455081001474,39.15316642120766,37.113402061855666,38.46097201767304,Mixed signals,519,519,560,538
delhi|new delhi,8105,126479485,111992067477.10498,1776422,127391,delhi,new delhi,2026,2,2026-Q2,2026-04-01,8104,117304687,1739905,125810,885.456384306949,13.944642871160443,992.8447457041706,879120.7187093671,71.7121269608235,0.07821339653717341,0.020987927501788795,0.012566568635243636,0.17408812419415143,0.08387412474770528,0.06139707720251297,0.10792641364205799,0.0032712225957258795,0.09425625920471281,0.7452135493372607,0.35346097201767307,0.8836524300441826,47.96759941089839,51.91458026509572,38.232695139911634,Established acceptance / slower growth,359,359,290,539
uttar pradesh|jhansi,8105,49353339,59042114659.99965,1127343,102254,uttar pradesh,jhansi,2026,2,2026-Q2,2026-04-01,8104,46693531,1100570,100548,1196.3144917104728,11.024928120171339,482.6543607096055,577406.4062041548,90.70353920678977,0.056963094095411115,0.02432648536667359,0.016967020726419202,0.23860383380551853,0.12336628335691646,0.10123419561892866,0.013464997402236164,0.0012764580572993264,0.4256259204712813,0.2695139911634757,0.0898379970544919,0.7216494845360825,36.18556701030928,37.66568483063328,38.210603829160526,Established acceptance / slower growth,564,564,551,540
uttar pradesh|bijnor,8105,46340376,55411411112.664,1286473,121720,uttar pradesh,bijnor,2026,2,2026-Q2,2026-04-01,8104,40533551,1295095,120377,1195.747982551199,10.569117647058823,380.712914886625,455236.6999068682,94.61527758452762,0.14325971588326913,-0.006657426675263256,0.01115661629713327,0.23580475478021756,0.10803408320636398,0.06640967233222361,0.012642975229267609,0.0011985318019411073,0.41237113402061853,0.16494845360824742,0.05891016200294551,0.780559646539028,33.57879234167894,35.41973490427098,38.070692194403534,Established acceptance / slower growth,594,594,583,541
madhya pradesh|balaghat,8105,35363210,40121252612.07895,737407,49478,madhya pradesh,balaghat,2026,2,2026-Q2,2026-04-01,8104,33432660,732596,48341,1134.5478142985025,14.903734993330369,714.7259388010833,810890.7516892144,67.09727463937826,0.05774443313813493,0.0065670574231908585,0.023520407107838093,0.20437543663586633,0.09991468060415687,0.08855301080236733,0.015484114321528183,0.0009146220955074207,0.2268041237113402,0.5522827687776142,0.44477172312223856,0.5287187039764359,42.304860088365245,43.81443298969072,37.857142857142854,Established acceptance / slower growth,471,471,438,542
rajasthan|chittorgarh,8105,49570984,62278861894.65788,881264,55529,rajasthan,chittorgarh,2026,2,2026-Q2,2026-04-01,8104,47484069,855993,54512,1256.3571845710765,15.870338021574312,892.7044247150138,1121555.6176890973,63.01063018573322,0.04394979292949808,0.029522437683485725,0.018656442618139035,0.17361709065080433,0.11380118348579793,0.12202465144473629,0.019413499707161767,0.0012820871539219664,0.09278350515463918,0.6863033873343152,0.5301914580265096,0.6215022091310751,45.6259204712813,48.26951399116348,37.80559646539028,Mixed signals,406,406,348,543
madhya pradesh|khandwa,8105,33814350,36719283393.86986,590699,43518,madhya pradesh,khandwa,2026,2,2026-Q2,2026-04-01,8104,32945323,579894,42254,1085.908302063173,13.573670665012179,777.0198538535778,843772.3101675137,73.6720393973919,0.026377856425933377,0.01863271563423652,0.02991432763762014,0.2346823780143954,0.11600248630736121,0.23308398503910244,0.014805931393336932,0.0008745629046464207,0.40795287187039764,0.5964653902798233,0.3225331369661267,0.40795287187039764,43.372606774668625,43.37260677466863,37.80559646539028,Established acceptance / slower growth,450,450,457,543
madhya pradesh|shajapur,8105,29610293,37031451022.80005,474022,38004,madhya pradesh,shajapur,2026,2,2026-Q2,2026-04-01,8104,28304455,467680,37576,1250.6276456906403,12.472950215766762,779.1362225028944,974409.2996210938,80.17349405723785,0.04613542285127914,0.013560554225111154,0.011390249095167171,0.2592831020297137,0.09749163027824981,0.09282263630089727,0.012965145469145638,0.0007658305971728446,0.5640648011782032,0.5979381443298969,0.20618556701030927,0.31075110456553756,43.240058910162,41.97349042709867,37.54786450662739,Mixed signals,454,454,486,545
tamil nadu|ariyalur,8105,4482816,6482660795.370613,267209,12108,tamil nadu,ariyalur,2026,2,2026-Q2,2026-04-01,8104,4305536,262307,11921,1446.1135133297046,22.068797489263297,370.23587710604556,535403.1050025283,45.312845001478244,0.0411748966911436,0.01868802586282481,0.015686603472863103,0.17655012839436712,0.10782708197727198,0.14637379284226482,0.004272225337425711,0.00011594203590947183,0.10456553755522828,0.14432989690721648,0.8424153166421208,0.15022091310751104,30.8100147275405,31.038291605301914,37.422680412371136,Mixed signals,626,626,619,546
chhattisgarh|dantewada,8105,5794933,6992201362.017855,123252,2342,chhattisgarh,dantewada,2026,2,2026-Q2,2026-04-01,8104,5866522,117991,2277,1206.6060749999792,52.6268146883006,2474.3522630230573,2985568.4722535675,19.00172005322429,-0.012202971368725835,0.0445881465535507,0.028546332894159088,0.1498779567533739,0.15291146344885642,0.13030888030888033,0.008967686338230831,0.00014987818593914704,0.050073637702503684,0.9970544918998527,0.9970544918998527,0.01914580265095729,51.737849779086886,51.58321060382916,37.37849779086892,Mixed signals,289,289,298,547
assam|south salmara mankachar,8105,8651577,8613738828.395508,164915,12553,assam,south salmara mankachar,2026,2,2026-Q2,2026-04-01,8104,8061762,169564,9522,995.6264422538814,13.137497012666294,689.2039353142675,686189.6621043183,76.1180001819119,0.07316204571655671,-0.027417376329881393,0.3183154799411889,0.27204642755376685,0.0979620641673491,0.8274858057941477,0.01575520320538418,0.00022376145958423468,0.6509572901325479,0.5169366715758469,0.28424153166421207,0.053019145802650956,40.61855670103093,37.62886597938145,37.31222385861561,Mixed signals,494,494,552,548
karnataka|ballari,8105,82212932,96997196357.14758,945047,66038,karnataka,ballari,2026,2,2026-Q2,2026-04-01,8104,77575985,921752,64361,1179.8289392859458,14.310654471667828,1244.9337048366092,1468808.8124586993,69.8780060674231,0.059772969689008804,0.02527252449682771,0.026056152017526202,0.19676197832533338,0.09616038174641561,0.12269427585386161,0.01830325127910034,0.0021263274500151167,0.18851251840942562,0.8438880706921944,0.38144329896907214,0.6494845360824743,49.27835051546392,51.58321060382916,37.12812960235641,Established acceptance / slower growth,342,342,298,549
tamil nadu|vellore,8105,24701946,32870885574.669945,821262,53046,tamil nadu,vellore,2026,2,2026-Q2,2026-04-01,8104,24063902,808520,52052,1330.7002442103121,15.482072163782378,465.6702861667232,619667.5635235446,64.59083702886534,0.026514569416048905,0.015759659624993816,0.019096288327057565,0.18638834683804384,0.09395267799698703,0.06687315218921586,0.023541514883707402,0.0006388827714913648,0.13549337260677466,0.25184094256259204,0.49779086892488955,0.5714285714285714,34.23416789396171,36.41384388807069,37.12812960235641,Established acceptance / slower growth,584,584,572,549
jammu & kashmir|kathua,8105,7370927,8571671135.903561,260377,11396,jammu & kashmir,kathua,2026,2,2026-Q2,2026-04-01,8104,6581104,249489,11224,1162.9027306746575,22.848104598104598,646.799491049491,752164.8943404318,43.76730663614682,0.12001375453115459,0.04364120261815141,0.015324305060584464,0.17264006831956835,0.14624751272253422,0.049162216902964406,0.039260911742636344,0.000190639161393217,0.08689248895434462,0.45949926362297494,0.8615611192930781,0.13991163475699558,38.43151693667158,38.696612665684825,37.1281296023564,Mixed signals,534,534,539,551
punjab|moga,8105,4231131,7249244137.9812765,319177,28657,punjab,moga,2026,2,2026-Q2,2026-04-01,8104,3805675,305561,28390,1713.3112016577309,11.13783717765293,147.6473810936246,252965.9119231349,89.78403832356341,0.11179514803549973,0.044560660555502896,0.009404719971821018,0.28362579841115654,0.1610531714823047,0.03458608614029379,0.014984664851466425,0.0001094325402469518,0.7142857142857143,0.0029455081001472753,0.10309278350515463,0.1958762886597938,27.997054491899853,25.40500736377025,37.07658321060383,Mixed signals,642,642,656,552
rajasthan|ajmer,8105,100906421,134326654053.7458,1477232,119199,rajasthan,ajmer,2026,2,2026-Q2,2026-04-01,8104,95749759,1446901,117117,1331.200261812336,12.392989874076125,846.5374793412697,1126910.9141330533,80.6907784288453,0.053855613359820476,0.02096273345584798,0.017777094700171636,0.20492875252314424,0.10179033321499209,0.08273155843801949,0.03951801268528867,0.002609809523094029,0.2341678939617084,0.6656848306332842,0.1958762886597938,0.8232695139911634,45.029455081001466,47.974963181148745,36.8041237113402,Established acceptance / slower growth,418,418,361,553
rajasthan|sirohi,8105,22510550,27500415013.84897,498425,27214,rajasthan,sirohi,2026,2,2026-Q2,2026-04-01,8104,21105602,483509,26994,1221.6678408057096,18.315021680017637,827.1680017637981,1010524.5466983527,54.599989968400465,0.06656753974608254,0.030849477465776154,0.008149959250203676,0.16962608783349964,0.12086471364737261,0.06830493836853258,0.008815813618568683,0.0005822052469791223,0.08100147275405008,0.6435935198821797,0.7187039764359352,0.33578792341678937,43.20324005891016,44.477172312223864,36.78939617083947,Mixed signals,455,455,425,554
rajasthan|bharatpur,8105,39793494,43444134522.535446,709955,47304,rajasthan,bharatpur,2026,2,2026-Q2,2026-04-01,8104,37211938,693170,45935,1091.7396326780313,15.008350245222392,841.2289446981227,918402.9790828566,66.62957511391568,0.06937440345084966,0.024214839072666194,0.029802982475236828,0.19961733788341984,0.1127594578793849,0.14543077146593064,0.015584338291851208,0.00102920546154724,0.20471281296023564,0.658321060382916,0.45508100147275404,0.5051546391752577,44.079528718703976,45.58173784977909,36.74521354933726,Established acceptance / slower growth,438,438,404,555
haryana|ambala,8105,15032050,18877018868.793537,650109,50067,haryana,ambala,2026,2,2026-Q2,2026-04-01,8104,13592233,633888,49552,1255.7847312105494,12.984780394271676,300.2386801685741,377035.1502745029,77.0132393183297,0.10592939364709242,0.025589694078449243,0.01039312237649348,0.23447285178869026,0.10962067576516854,0.07856527358897036,0.013294287971987508,0.0003887838539197183,0.406480117820324,0.0898379970544919,0.26362297496318116,0.4491899852724595,30.014727540500736,30.228276877761413,36.715758468335785,Established acceptance / slower growth,632,632,625,556
chhattisgarh|gaurela pendra marwahi,8105,5647656,5663085403.84427,148923,7494,chhattisgarh,gaurela pendra marwahi,2026,2,2026-Q2,2026-04-01,8104,5327926,144707,7237,1002.7320013549462,19.872297838270615,753.6236989591673,755682.5999258433,50.32130698414617,0.06001021785963245,0.029134734325222622,0.03551195246649175,0.19982613358396395,0.15121132944759674,0.21105365223012273,0.008739774481297261,0.00014606906345394146,0.20913107511045656,0.5802650957290133,0.7820324005891016,0.03829160530191458,41.09720176730486,40.24300441826216,36.69366715758468,Mixed signals,489,489,513,557
madhya pradesh|khargone,8105,42775875,54891736926.43589,795653,64277,madhya pradesh,khargone,2026,2,2026-Q2,2026-04-01,8104,42548224,778567,62634,1283.2405398238118,12.378502419216828,665.4927112341895,853987.2260129733,80.78521667108652,0.005350423086989409,0.02194544592822445,0.02623175910847153,0.23383653123855885,0.11449574387915606,0.18099805240142586,0.018729819456531217,0.0011063407544072918,0.3961708394698085,0.48600883652430044,0.19293078055964655,0.5567010309278351,39.99263622974963,40.79528718703976,36.51693667157584,Established acceptance / slower growth,505,505,506,558
odisha|jagatsinghpur,8105,45300125,46474285160.43494,606478,38761,odisha,jagatsinghpur,2026,2,2026-Q2,2026-04-01,8104,43317597,591793,37421,1025.9195788187105,15.646603544800186,1168.703722814169,1198996.0310733712,63.91163405762451,0.045767266360597025,0.02481441990696065,0.035808770476470464,0.1991823399101289,0.0969432788308493,0.17141648281906363,0.029741469672703778,0.0011716271021281182,0.20176730486008837,0.8159057437407953,0.5110456553755522,0.41973490427098675,47.62150220913107,48.71134020618557,36.45066273932253,Mixed signals,367,367,335,559
tamil nadu|nagapattinam,8105,3810707,4957462418.541241,207623,16320,tamil nadu,nagapattinam,2026,2,2026-Q2,2026-04-01,8104,3132637,205549,16038,1300.929832322779,12.721997549019608,233.49920343137254,303766.079567478,78.6040082264489,0.21645342246803567,0.010090051520561971,0.01758323980546206,0.2733409207253421,0.10671471138521249,0.12497415041014692,0.0036316902141211053,9.855883619458744e-05,0.6568483063328424,0.033873343151693665,0.22974963181148747,0.08394698085419734,27.97496318114875,25.110456553755522,36.41384388807069,Mixed signals,643,643,658,560
uttarakhand|uttarkashi,8105,2845784,4065076080.4285126,117001,4027,uttarakhand,uttarkashi,2026,2,2026-Q2,2026-04-01,8104,1883920,124232,3961,1428.455596218305,29.054134591507324,706.6759374223988,1009455.1975238422,34.41850924351074,0.510565204467281,-0.05820561530040569,0.0166624589750064,0.168449309839944,0.02381889936033743,0.07386666666666675,0.011520143593175254,7.36023942804256e-05,0.07511045655375552,0.5331369661266568,0.9425625920471281,0.013254786450662739,39.41089837997055,39.10162002945508,36.32547864506627,Mixed signals,516,517,535,561
punjab|malerkotla,8105,2346114,3610297595.015605,155514,11187,punjab,malerkotla,2026,2,2026-Q2,2026-04-01,8104,2165104,148411,10945,1538.8415034459558,13.90131402520783,209.71788683293107,322722.5882734965,71.93564566534202,0.08360337424899678,0.047860333802750565,0.022110552763819014,0.2605146582779714,0.15641847425992172,0.08254306173795234,0.008308826172797133,6.067909850319857e-05,0.5714285714285714,0.025036818851251842,0.3490427098674521,0.044182621502209134,27.378497790868924,24.74226804123711,36.178203240058906,Mixed signals,648,648,659,562
rajasthan|karauli,8105,37506937,40783358261.7154,605403,39758,rajasthan,karauli,2026,2,2026-Q2,2026-04-01,8104,35295359,592515,38267,1087.3550741217657,15.227199557321796,943.3808793198853,1025789.9859579304,65.67195735733057,0.06265917283912592,0.021751348067137632,0.03896307523453624,0.20416927013420816,0.11707038947811266,0.11040357491970387,0.014688853270817356,0.0009700667251362308,0.22533136966126657,0.7187039764359352,0.47717231222385864,0.4182621502209131,45.02209131075111,45.98674521354934,36.17083946980854,Established acceptance / slower growth,419,419,397,563
karnataka|davanagere,8105,76675463,95178342095.38748,1037636,90750,karnataka,davanagere,2026,2,2026-Q2,2026-04-01,8104,71103862,1021886,88934,1241.3142141102883,11.434005509641873,844.9086831955923,1048797.1580758952,87.45841508968464,0.07835862698990947,0.015412678126522916,0.02041963703420513,0.2274914840941198,0.08736329836062828,0.11823054648512099,0.01707043201220899,0.001983108225838709,0.36082474226804123,0.6642120765832106,0.12960235640648013,0.6877761413843888,44.425625920471276,46.060382916053015,36.16347569955818,Established acceptance / slower growth,431,431,396,564
tripura|dhalai,8105,1672139,1870327805.6073728,115534,2940,tripura,dhalai,2026,2,2026-Q2,2026-04-01,8104,1625826,109826,2641,1118.5241212646633,39.297278911564625,568.754761904762,636165.9202746166,25.44705454671352,0.028485828126749047,0.051973121118860766,0.11321469140477092,0.1353515834529473,0.19880880735468076,0.13909337466098415,0.0731373590003129,4.324763719582252e-05,0.033873343151693665,0.3755522827687776,0.9808541973490427,0.010309278350515464,35.13254786450663,35.014727540500736,35.942562592047125,Mixed signals,573,573,590,565
tamil nadu|virudhunagar,8105,12061180,17085329184.642609,685785,42923,tamil nadu,virudhunagar,2026,2,2026-Q2,2026-04-01,8104,11994657,671576,42237,1416.5553606398882,15.977098525266173,280.9957365514992,398046.01692898,62.589587115495384,0.005546052713303995,0.021157694735964405,0.01624168383171143,0.18183738724649823,0.10580698424779134,0.1166814090223216,0.011494578139109932,0.00031194627766801126,0.12223858615611193,0.07069219440353461,0.5390279823269514,0.48748159057437407,28.659793814432987,30.4860088365243,35.942562592047125,Mixed signals,637,637,623,565
himachal pradesh|bilaspur,8105,2815832,3264443076.9501023,162388,5355,himachal pradesh,bilaspur,2026,2,2026-Q2,2026-04-01,8104,2419113,159306,5266,1159.3174155809374,30.32455648926237,525.8323062558356,609606.5503174794,32.97657462374067,0.16399357946486992,0.019346415075389478,0.016900873528294724,0.14298332386879098,0.09563938385971538,0.051856216853270576,0.03761815373380648,7.282772588904829e-05,0.035346097201767304,0.32106038291605304,0.9484536082474226,0.048600883652430045,33.77025036818851,33.83652430044183,35.824742268041234,Mixed signals,591,591,599,567
chhattisgarh|bijapur,8105,4987418,6665544813.194512,106685,1244,chhattisgarh,bijapur,2026,2,2026-Q2,2026-04-01,8104,4912689,102495,1240,1336.4720609330343,85.7596463022508,4009.17845659164,5358154.994529351,11.66049585227539,0.015211424944668872,0.04088004292892333,0.003225806451612856,0.1204573832784348,0.15615111188174602,0.012205044751830707,0.00771805304075932,0.00012899289126556748,0.016200294550810016,0.9985272459499264,0.9985272459499264,0.005891016200294551,50.53019145802651,50.47864506627393,35.74374079528718,Mixed signals,320,320,313,568
rajasthan|churu,8105,45422509,72029958788.80814,1087096,70025,rajasthan,churu,2026,2,2026-Q2,2026-04-01,8104,42729240,1055913,68591,1585.776751980128,15.524398429132452,648.6613209568011,1028632.0426820155,64.41473430129446,0.06303105320852898,0.029531789077319903,0.02090653292706035,0.11710878604748687,0.11772731712583351,0.08485158331784093,0.017788831167241965,0.0011747924004858346,0.013254786450662739,0.46097201767304863,0.5007363770250368,0.7054491899852725,38.549337260677476,42.01030927835052,35.69219440353461,Mixed signals,532,532,483,569
delhi|west,8105,103992037,114916053001.7152,2163729,177715,delhi,west,2026,2,2026-Q2,2026-04-01,8104,96046730,2104731,175404,1105.0466585409342,12.175275018991082,585.1618434009509,646631.1397558743,82.13366831058788,0.08272334727064634,0.028031135570293797,0.013175298168798921,0.19099595604150843,0.1065788316255245,0.06270443523551528,0.08873761306619962,0.0026896148510563724,0.16200294550810015,0.39322533136966126,0.18114874815905743,0.914580265095729,37.511045655375554,41.273932253313696,35.684830633284236,Established acceptance / slower growth,548,549,500,570
odisha|gajapati,8105,12441460,15897102480.757889,230741,12440,odisha,gajapati,2026,2,2026-Q2,2026-04-01,8104,12062487,228135,12072,1277.7521674110506,18.54831189710611,1000.1173633440515,1277902.128678287,53.913262055724815,0.0314174846364601,0.011423060906919247,0.03048376408217357,0.19568638520013915,0.12313331126730409,0.11429595127194547,0.00816835064526107,0.00032178171089026575,0.18262150220913106,0.7511045655375552,0.7319587628865979,0.10603829160530191,44.675994108983794,44.29307805596465,35.57437407952872,Mixed signals,426,426,428,571
tripura|sepahijala,8105,1664679,2234983399.738893,121938,5579,tripura,sepahijala,2026,2,2026-Q2,2026-04-01,8104,1574390,117037,5309,1342.5912141253016,21.856605126366734,298.3830435561929,400606.4527225117,45.752759599140546,0.057348560394819614,0.04187564616317907,0.05085703522320584,0.18837481073355788,0.1626208500982056,0.139967306906416,0.07281106752685147,4.305469428050218e-05,0.14432989690721648,0.08689248895434462,0.8379970544918999,0.017673048600883652,27.80559646539028,27.172312223858615,35.544918998527244,Mixed signals,644,644,646,572
uttar pradesh|muzaffarnagar,8105,55654222,65203363585.84559,1259729,134717,uttar pradesh,muzaffarnagar,2026,2,2026-Q2,2026-04-01,8104,50148692,1253519,131840,1171.5798234650658,9.350928242166912,413.1195172101516,484002.49104304274,106.94125482544261,0.1097841195937872,0.004954053349011778,0.02182190533980588,0.23159697750745623,0.11059791233205196,0.12959810835059238,0.015184057853785227,0.0014394219628103668,0.3858615611192931,0.20471281296023564,0.022091310751104567,0.7702503681885126,32.65095729013255,34.57290132547865,35.4639175257732,Established acceptance / slower growth,606,606,592,573
tamil nadu|tirupathur,8105,20400757,27929576456.683235,611315,41786,tamil nadu,tirupathur,2026,2,2026-Q2,2026-04-01,8104,19588979,604178,41222,1369.0460827842435,14.629660651892978,488.2199061886756,668395.5501048972,68.3542854338598,0.041440546748250595,0.011812743926458813,0.013682014458298974,0.20831530552333,0.0919459131180338,0.08237061596643014,0.019442384197358296,0.0005276382748420655,0.2547864506627393,0.27245949926362295,0.41531664212076586,0.42415316642120765,33.32106038291606,34.167893961708394,35.33136966126657,Established acceptance / slower growth,598,598,596,574
karnataka|vijayanagara,8105,55201325,67123438641.19968,697767,47237,karnataka,vijayanagara,2026,2,2026-Q2,2026-04-01,8104,50625148,680812,45911,1215.9751354011823,14.771619704892352,1168.603531130258,1420992.8369964154,67.69738322391285,0.09039335549201755,0.0249040851218838,0.028881967284528853,0.19885601042458467,0.10138492524497433,0.10625292740046843,0.012289596026258783,0.0014277083880758043,0.20029455081001474,0.8144329896907216,0.4256259204712813,0.4963181148748159,46.93667157584683,48.41678939617084,35.316642120765835,Established acceptance / slower growth,380,380,343,575
madhya pradesh|bhopal,8105,230703048,219407172463.69556,2930803,361968,madhya pradesh,bhopal,2026,2,2026-Q2,2026-04-01,8104,223735759,2860563,358024,951.037163859645,8.096856628210228,637.3575785704813,606150.7438881214,123.50471867266411,0.03114070379782241,0.02455460690780109,0.011016021272316934,0.21109206455874308,0.0975425527612297,0.06141814481721175,0.10101550084274034,0.00596682555689116,0.2709867452135493,0.4491899852724595,0.0029455081001472753,0.9602356406480118,38.63770250368188,42.0839469808542,34.94845360824742,Established acceptance / slower growth,528,528,482,576
haryana|faridabad,8105,166618683,162810392921.06937,2760927,296168,haryana,faridabad,2026,2,2026-Q2,2026-04-01,8104,153065849,2682683,291865,977.1436791459297,9.322165122498042,562.5816529807406,549723.1062135996,107.27121723971695,0.08854250695725074,0.02916632341577441,0.014743117537217465,0.20914994990827052,0.11127850720075982,0.07470788881631463,0.14735693091197138,0.004309369228532892,0.2606774668630339,0.36229749631811486,0.020618556701030927,0.9513991163475699,36.421207658321066,39.874815905743745,34.93372606774668,Established acceptance / slower growth,561,561,522,577
jammu & kashmir|doda,8105,4015464,3962662600.459391,147939,4394,jammu & kashmir,doda,2026,2,2026-Q2,2026-04-01,8104,3291350,141785,4168,986.8504861354481,33.66841147018662,913.8516158397815,901834.9113471532,29.701430995207485,0.22000516505385326,0.04340374510702816,0.05422264875239913,0.08221687869198147,0.1587608678624579,0.4197092084006462,0.021388188718967572,0.00010385460194689932,0.004418262150220913,0.6995581737849779,0.9631811487481591,0.035346097201767304,42.40795287187039,42.56259204712813,34.77172312223858,Mixed signals,469,469,470,578
uttar pradesh|lalitpur,8105,19053993,19822244921.311565,501972,47339,uttar pradesh,lalitpur,2026,2,2026-Q2,2026-04-01,8104,18283563,489051,46614,1040.3197335756115,10.603772787764845,402.5009611525381,418729.69267013593,94.30605691154088,0.04213784807698584,0.026420557365182784,0.015553267258763492,0.26430894482650347,0.14032712403452985,0.11904593054866086,0.005198472311006679,0.0004928060265299367,0.6038291605301914,0.19145802650957292,0.060382916053019146,0.3402061855670103,31.21502209131075,29.896907216494846,34.77172312223858,Mixed signals,624,624,628,578
jharkhand|koderma,8105,25431588,33417544025.840385,370924,22537,jharkhand,koderma,2026,2,2026-Q2,2026-04-01,8104,23450344,361578,22062,1314.0171988410784,16.45844611083995,1128.4371478013932,1482785.8200222028,60.75907733120531,0.08448677767797341,0.025847811537206278,0.02153023297978418,0.20050981897178,0.1351295108456152,0.12403990024937661,0.031192539299786624,0.0006577539852474188,0.21354933726067746,0.7982326951399117,0.5802650957290133,0.23122238586156113,45.49337260677467,45.58173784977909,34.63181148748159,Mixed signals,409,409,404,580
madhya pradesh|damoh,8105,17914198,23472496352.942783,495257,36577,madhya pradesh,damoh,2026,2,2026-Q2,2026-04-01,8104,16878778,485623,35698,1310.2733570848543,13.540120840965635,489.76673866090715,641728.3088537273,73.8545845894152,0.06134448832729489,0.019838434341042266,0.024623228192055535,0.2300013189719874,0.12228864334726208,0.14665036521521047,0.007843900194877431,0.0004633267543895151,0.37702503681885124,0.27835051546391754,0.3181148748159057,0.33431516936671574,32.90868924889543,32.695139911634755,34.57290132547865,Established acceptance / slower growth,605,605,607,581
madhya pradesh|barwani,8105,23886109,28325317817.91883,514005,35210,madhya pradesh,barwani,2026,2,2026-Q2,2026-04-01,8104,23952797,505373,34109,1185.8489726358878,14.598267537631354,678.389917637035,804467.9868764223,68.50127917043609,-0.0027841424949245352,0.017080453447255728,0.032278870679292915,0.21442501132639613,0.12119962830630704,0.16327474560592048,0.010458757631235492,0.0006177822394261907,0.2857142857142857,0.5066273932253313,0.41384388807069217,0.34609720176730485,38.50515463917525,38.80706921944035,34.565537555228275,Established acceptance / slower growth,533,533,536,582
uttar pradesh|mahoba,8105,13412438,13862444130.05769,346353,31845,uttar pradesh,mahoba,2026,2,2026-Q2,2026-04-01,8104,12523124,333137,31537,1033.551404305294,10.876212906264719,421.17877217773594,435309.91144787846,91.94376835194151,0.07101375024315026,0.03967136643483005,0.009766306243460088,0.27387552955713557,0.16425089918988878,0.138337801608579,0.003659295328076052,0.0003468947572752405,0.6597938144329897,0.2106038291605302,0.08100147275405008,0.21207658321060383,31.325478645066273,29.086892488954348,34.52871870397644,Mixed signals,622,622,634,583
madhya pradesh|dindori,8105,8377423,9165872258.594456,263383,13611,madhya pradesh,dindori,2026,2,2026-Q2,2026-04-01,8104,7864537,259421,13194,1094.1159660428339,19.350745720373226,615.4891631768422,673416.5203581261,51.67759498524962,0.06521502791582012,0.015272472159154393,0.03160527512505684,0.17541160830477498,0.14015653273075168,0.16472702378914938,0.0036681335051823518,0.00021667083330987382,0.09867452135493372,0.4270986745213549,0.7643593519882179,0.14285714285714285,35.60382916053019,35.824742268041234,34.27098674521354,Mixed signals,570,570,577,584
uttarakhand|almora,8105,4086066,4802358324.474648,180992,6989,uttarakhand,almora,2026,2,2026-Q2,2026-04-01,8104,3120835,177233,6899,1175.3012125782227,25.896694806123907,584.642438117041,687130.9664436469,38.61496640735502,0.309286136562811,0.02120936845846999,0.01304536889404262,0.09030929221498107,0.10265501821593492,0.041114255921346654,0.016540983803124635,0.00010568062818114148,0.005891016200294551,0.3917525773195876,0.9204712812960235,0.06921944035346098,34.36671575846834,34.683357879234165,34.18262150220912,Mixed signals,582,583,591,585
odisha|balasore,8105,70787250,87477581509.19444,1217410,98662,odisha,balasore,2026,2,2026-Q2,2026-04-01,8104,69712096,1191279,96267,1235.7816062807135,12.339198475603576,717.4722790942815,886639.0455210157,81.04254113240404,0.015422775410453893,0.02193524774632971,0.024878722719104074,0.20242705715803377,0.10658244807767647,0.12531508411747927,0.04647485738922576,0.0018308174775482108,0.21944035346097202,0.5537555228276878,0.18851251840942562,0.7511045655375552,40.1620029455081,42.82032400589102,34.15316642120766,Established acceptance / slower growth,502,502,467,586
delhi|north west,8105,99528310,111673913587.1853,2150430,178617,delhi,north west,2026,2,2026-Q2,2026-04-01,8104,91357803,2093832,176114,1122.031646947339,12.03933556156469,557.2163343914633,625214.3613832127,83.06106220616341,0.08943414499580293,0.027030821957062523,0.01421238515961254,0.18248687830733346,0.10737995826784785,0.055949347632025415,0.08492866296976918,0.0025741665265826314,0.12371134020618557,0.3593519882179676,0.17378497790868924,0.9101620029455081,35.24300441826215,39.175257731958766,33.78497790868925,Established acceptance / slower growth,571,571,533,587
karnataka|gadag,8105,33600829,39897315937.86161,513867,29558,karnataka,gadag,2026,2,2026-Q2,2026-04-01,8104,30281882,501867,28315,1187.3908211568712,17.385039583192366,1136.776135056499,1349797.5484762706,57.520720342034025,0.10960174139771106,0.02391071738129824,0.0438989934663605,0.1538790998742543,0.09906085111570717,0.1788306612427215,0.007480628672543656,0.0008690404697640998,0.053019145802650956,0.8041237113402062,0.658321060382916,0.3446244477172312,45.0441826215022,46.50220913107511,33.777614138438885,Mixed signals,417,417,387,588
delhi|shahdara,8105,62806814,73821224935.52066,1370880,123302,delhi,shahdara,2026,2,2026-Q2,2026-04-01,8104,57986138,1331613,120947,1175.3696809954515,11.11806783344958,509.3738463285267,598702.5752665866,89.9436858076564,0.08313497270675274,0.029488297275559683,0.019471338685539852,0.20882434569857278,0.11000721446390704,0.0887497682139673,0.053593783903403774,0.0016244141816544597,0.25773195876288657,0.30338733431516934,0.10014727540500737,0.7967599410898379,33.75552282768777,36.45066273932253,33.733431516936676,Established acceptance / slower growth,593,593,571,589
madhya pradesh|tikamgarh,8105,16488594,17629384717.405968,418578,29026,madhya pradesh,tikamgarh,2026,2,2026-Q2,2026-04-01,8104,16095569,406606,28207,1069.1866582078476,14.4207951491766,568.062909115965,607365.2834495269,69.34430380956476,0.02441821099956143,0.029443736688588018,0.02903534583613987,0.22221722290198986,0.13873986615158596,0.17286245353159857,0.007219686066317613,0.0004264554149991215,0.3328424153166421,0.374079528718704,0.3917525773195876,0.2650957290132548,34.43298969072165,34.094256259204705,33.652430044182616,Established acceptance / slower growth,581,581,597,590
jammu & kashmir|ramban,8105,3744394,3866453700.828023,110548,3597,jammu & kashmir,ramban,2026,2,2026-Q2,2026-04-01,8104,2995338,102703,3405,1032.5979853690671,30.733388935223797,1040.9769252154574,1074910.6757931674,32.53790208778087,0.25007394824891205,0.07638530520043241,0.05638766519823779,0.08122794241218978,0.18804943578721112,0.36146858440575325,0.01994434653384263,9.684373920482368e-05,0.0029455081001472753,0.7614138438880707,0.9513991163475699,0.008836524300441826,43.08541973490427,43.11487481590574,33.63770250368188,Mixed signals,457,457,461,591
madhya pradesh|betul,8105,31998217,38090711001.3292,729487,52533,madhya pradesh,betul,2026,2,2026-Q2,2026-04-01,8104,30145865,718308,51808,1190.4010464498444,13.886261968667315,609.106980374241,725081.5868374013,72.01362053059205,0.06144630449317012,0.015562961849234558,0.013993977764051868,0.19976157159526187,0.11386005576270608,0.09541881268636487,0.014010720466639386,0.0008275910553663305,0.20618556701030927,0.422680412371134,0.3475699558173785,0.524300441826215,35.92783505154639,37.51840942562592,33.519882179675996,Established acceptance / slower growth,566,566,553,592
haryana|bhiwani,8105,22148120,38600171112.519226,635555,39027,haryana,bhiwani,2026,2,2026-Q2,2026-04-01,8104,20026687,620205,38078,1742.8193053188816,16.285007815102365,567.5076229277167,989063.241154053,61.40617255784314,0.10593030190165753,0.024749881087704928,0.024922527443668185,0.16450640716913112,0.10742967863795316,0.09123699809864672,0.019587713273847278,0.0005728314801159119,0.06774668630338733,0.3696612665684831,0.5625920471281296,0.44035346097201766,34.14580265095729,36.00883652430044,33.40942562592047,Mixed signals,586,586,575,593
manipur|thoubal,8105,1132307,1671648789.3159657,121356,4424,manipur,thoubal,2026,2,2026-Q2,2026-04-01,8104,1125399,116625,4235,1476.3211649455188,27.43128390596745,255.94642857142858,377859.12959221646,36.45472823758199,0.006138267405604525,0.040565916398713764,0.044628099173553704,0.10266086011494946,0.17767620600308587,0.8922155688622755,0.10825434518094272,2.9285605042577327e-05,0.008836524300441826,0.048600883652430045,0.9322533136966127,0.016200294550810016,25.110456553755522,25.147275405007363,33.38733431516936,Mixed signals,659,659,657,594
jharkhand|hazaribag,8105,65325880,81131102750.49986,1040823,81718,jharkhand,hazaribag,2026,2,2026-Q2,2026-04-01,8104,61667425,1007599,79940,1241.9442761505832,12.736765461709782,799.4062507648254,992818.0174563727,78.51286914297629,0.05932556775315323,0.03297343486843474,0.02224168126094561,0.19797238867176636,0.13910996414640864,0.10589636366096933,0.08012398121553184,0.0016895664521537016,0.1958762886597938,0.6215022091310751,0.23269513991163476,0.6892488954344624,41.01620029455081,43.48306332842415,33.210603829160526,Established acceptance / slower growth,490,490,450,595
jammu & kashmir|budgam,8105,8763825,9741535081.661283,295344,15558,jammu & kashmir,budgam,2026,2,2026-Q2,2026-04-01,8104,6730924,282533,15229,1111.562027044274,18.983416891631315,563.3002313922098,626143.1470408333,52.67755566390379,0.30202406088673706,0.04534337581804593,0.02160351960076179,0.15704507179262128,0.16477561789377781,0.12186328237669453,0.04668012040451763,0.00022666460386826652,0.060382916053019146,0.3637702503681885,0.7525773195876289,0.17673048600883653,33.254786450662735,33.83652430044183,33.17378497790869,Mixed signals,599,599,599,596
himachal pradesh|chamba,8105,2978163,3537320851.624281,182594,7476,himachal pradesh,chamba,2026,2,2026-Q2,2026-04-01,8104,2492933,178960,7087,1187.7526017294153,24.42402354200107,398.3631621187801,473156.88223973796,40.943294960403954,0.19464221461226594,0.0203062136790344,0.05488923380838151,-0.026203756201970907,0.09774851955391228,0.22436947264985263,0.03978681738766173,7.702619993554507e-05,0.0,0.18262150220913106,0.8969072164948454,0.07069219440353461,28.4020618556701,28.755522827687773,33.15905743740795,Mixed signals,639,639,637,597
rajasthan|sikar,8105,100642547,148112890520.6823,1831450,140979,rajasthan,sikar,2026,2,2026-Q2,2026-04-01,8104,96400715,1787384,137776,1471.6727163183014,12.990941913334611,713.8832521155633,1050602.5047750538,76.97671244096207,0.044002080275026945,0.02465390761022812,0.023247880617814465,0.14537221077087636,0.10866684544647232,0.08617501579425868,0.03941467162952655,0.0026029847752606187,0.042709867452135494,0.5508100147275405,0.2650957290132548,0.8865979381443299,39.41089837997055,43.630338733431515,33.15169366715758,Established acceptance / slower growth,516,516,446,598
jammu & kashmir|samba,8105,7902714,8947697648.571154,226948,13915,jammu & kashmir,samba,2026,2,2026-Q2,2026-04-01,8104,7136387,219448,13663,1132.2309840101962,16.309593963348902,567.9277039166367,643025.3430521849,61.313604878650615,0.10738304971409196,0.03417666144143494,0.018443972773183104,0.21039633758766607,0.1302979291384858,0.14094785175467361,0.04209345132319132,0.00020439312038912278,0.2695139911634757,0.37260677466863035,0.5655375552282769,0.09720176730486009,33.48306332842415,32.62150220913107,33.004418262150224,Mixed signals,595,595,608,599
kerala|pathanamthitta,8105,7174677,8833964909.928535,487491,31349,kerala,pathanamthitta,2026,2,2026-Q2,2026-04-01,8104,7524137,473710,30807,1231.2700501957838,15.550448180165237,228.86462088104884,281794.15324024804,64.30682822862371,-0.04644519364812205,0.02909163834413464,0.017593404096471588,0.19494264183650056,0.11733750174766278,0.09298514747925535,0.02434984381595541,0.0001855634178098904,0.1796759941089838,0.030927835051546393,0.5036818851251841,0.3269513991163476,25.294550810014726,26.03092783505155,32.98969072164948,Mixed signals,658,658,652,600
jammu & kashmir|udhampur,8105,7647998,8969644368.187098,229751,10873,jammu & kashmir,udhampur,2026,2,2026-Q2,2026-04-01,8104,6899547,220581,10634,1172.8094552570617,21.1304147889267,703.3935436402097,824946.5987480086,47.32514765985785,0.1084782812552767,0.04157203022925815,0.022475079932292585,0.14454509932388304,0.14167660504869817,0.20090567704881823,0.04073671798484224,0.00019780523196838076,0.039764359351988215,0.5316642120765832,0.8232695139911634,0.101620029455081,37.09867452135493,37.4079528718704,32.94550810014727,Mixed signals,555,555,555,601
meghalaya|west garo hills,8105,6421154,6234955223.039194,198200,8710,meghalaya,west garo hills,2026,2,2026-Q2,2026-04-01,8104,5391030,191115,6053,971.0022876011375,22.755453501722158,737.2163030998852,715838.7167668421,43.945509586276486,0.1910811106597441,0.03707192004813864,0.4389558896415,0.1269239382317986,0.19547384674773216,1.103864734299517,0.28664825691817525,0.0001660745539518572,0.020618556701030927,0.5670103092783505,0.8586156111929307,0.08100147275405008,37.87923416789396,38.18114874815905,32.90132547864506,Mixed signals,540,540,545,602
jharkhand|dhanbad,8105,74512731,78547803179.19537,1460404,160903,jharkhand,dhanbad,2026,2,2026-Q2,2026-04-01,8104,71998005,1428465,158784,1054.1527887253974,9.07630062832887,463.09099892481805,488168.667950227,110.17704689935114,0.03492771778884696,0.022358965742947934,0.013345173317210746,0.216733967774273,0.11736081994656522,0.08004537582730342,0.09139190561171127,0.0019271720573217405,0.2974963181148748,0.24742268041237114,0.014727540500736377,0.8173784977908689,31.826215022091308,34.42562592047128,32.84977908689249,Established acceptance / slower growth,616,616,593,603
rajasthan|kota,8105,99833807,111070080610.9268,1566004,175128,rajasthan,kota,2026,2,2026-Q2,2026-04-01,8104,96852694,1536548,171334,1112.5497859750735,8.942053812068886,570.061937554246,634222.2866185122,111.83113197667438,0.030779866587913318,0.019170243949424348,0.02214388270862755,0.21319348337123678,0.09943083888605342,0.09820840675500264,0.03909794453463632,0.002582067797601615,0.27982326951399117,0.3799705449189985,0.011782032400589101,0.8468335787923417,35.125184094256255,37.96023564064801,32.77614138438881,Established acceptance / slower growth,574,574,547,604
punjab|pathankot,8105,8677466,12046029239.28823,332301,25573,punjab,pathankot,2026,2,2026-Q2,2026-04-01,8104,7774670,321359,25464,1388.1966508757546,12.994212646150237,339.321393657373,471044.8222456587,76.9573368722935,0.11612016973067663,0.034049147526598045,0.004280552937480309,0.24239345118996058,0.11726356985313902,0.025257587299041706,0.03073148048831269,0.00022443104391864867,0.4565537555228277,0.11634756995581738,0.26804123711340205,0.20471281296023564,27.40058910162003,26.141384388807065,32.76141384388807,Established acceptance / slower growth,647,647,651,605
rajasthan|rajsamand,8105,26297004,33460299716.363197,575113,35187,rajasthan,rajsamand,2026,2,2026-Q2,2026-04-01,8104,24562641,557216,34377,1272.399689195134,16.344473811350785,747.349987211186,950927.8914475004,61.182758866518405,0.07060979314072946,0.03211860391661392,0.023562265468190846,0.16574727638442055,0.12627023216191602,0.0794220504325418,0.01029870376293583,0.0006801368117896261,0.07069219440353461,0.5758468335787923,0.5714285714285714,0.3946980854197349,38.69661266568483,40.31664212076583,32.695139911634755,Mixed signals,525,525,512,606
delhi|central,8105,138308624,149199859352.2232,2295062,209427,delhi,central,2026,2,2026-Q2,2026-04-01,8104,130895006,2250589,205859,1078.7458875465582,10.958768449149346,660.4144833283196,712419.4079666099,91.25112959911323,0.056637898011173915,0.019760604890541877,0.017332251686834166,0.191447128368063,0.09663559377510067,0.08722647631408176,0.1180203553492321,0.0035771674434992734,0.16494845360824742,0.4801178203240059,0.08394698085419734,0.9248895434462445,37.54786450662739,41.347569955817384,32.65832106038292,Established acceptance / slower growth,547,547,498,607
haryana|charkhi dadri,8105,9464743,18057882059.217915,261445,12773,haryana,charkhi dadri,2026,2,2026-Q2,2026-04-01,8104,8681381,254870,12381,1907.9104481989543,20.46856650747671,740.9960854928364,1413754.1735863083,48.8553997972805,0.09023472187201542,0.025797465374504558,0.031661416686858956,0.11748240965266543,0.0998300478726537,0.08420337832102542,0.008370582789629688,0.00024479290980935245,0.014727540500736377,0.5714285714285714,0.8085419734904271,0.14138438880706922,37.768777614138436,38.4020618556701,32.42268041237113,Mixed signals,543,543,544,608
madhya pradesh|sehore,8105,48550426,58028983695.67752,747638,69616,madhya pradesh,sehore,2026,2,2026-Q2,2026-04-01,8104,46659516,735102,68536,1195.2311952047037,10.73945644679384,697.4032693633648,833558.1431808424,93.11458219084638,0.04052570969660296,0.017053415716458353,0.015758141706548434,0.23611319214506987,0.10043538288082754,0.09695413075335235,0.021258260959423486,0.0012556917871962968,0.4167893961708395,0.524300441826215,0.0662739322533137,0.5346097201767305,37.96023564064801,38.54933726067746,32.35640648011782,Established acceptance / slower growth,538,538,542,609
madhya pradesh|satna,8105,34648269,40031410277.21944,704595,61414,madhya pradesh,satna,2026,2,2026-Q2,2026-04-01,8104,32648067,696681,60139,1155.3653741611,11.472872634904094,564.1754160289184,651828.7406327456,87.16212859869854,0.061265556702024604,0.011359574898698321,0.021200884617303295,0.23026629725350722,0.11027333150545049,0.11523934045180506,0.015171070675966944,0.0008961311034401233,0.3784977908689249,0.36524300441826213,0.1325478645066274,0.4992636229749632,33.78497790868925,34.38880706921944,32.26067746686304,Established acceptance / slower growth,590,590,594,610
haryana|karnal,8105,25652429,36442489114.457,925983,74492,haryana,karnal,2026,2,2026-Q2,2026-04-01,8104,23222506,898384,72666,1420.6252793627068,12.430636846909735,344.36488481984645,489213.4606999007,80.44640128382487,0.10463655386718385,0.030720716308393792,0.025128670905237627,0.20471098362264795,0.11764180491602438,0.09291509558532263,0.022686910854272272,0.0006634657421324402,0.22827687776141384,0.12223858615611193,0.20176730486008837,0.6391752577319587,27.7319587628866,29.786450662739323,32.17231222385861,Established acceptance / slower growth,645,645,631,611
chhattisgarh|durg,8105,64109778,65448051084.09168,1150479,103081,chhattisgarh,durg,2026,2,2026-Q2,2026-04-01,8104,62241333,1123679,101926,1020.8747109386603,11.160921993383845,621.9359338772422,634918.6667192953,89.59833252062836,0.030019360285873153,0.02385022768958045,0.011331750485646497,0.20750731993811122,0.1060330614265732,0.11465429615692391,0.09921018591890733,0.0016581136015897746,0.24889543446244478,0.4329896907216495,0.10456553755522828,0.7363770250368189,35.63328424153166,38.070692194403534,32.025036818851255,Established acceptance / slower growth,569,569,546,612
tamil nadu|theni,8105,12345455,20261714202.71048,516798,39823,tamil nadu,theni,2026,2,2026-Q2,2026-04-01,8104,11637728,511199,38879,1641.2286305130494,12.977374883861085,310.0081611129247,508794.2697112342,77.05718675381871,0.060813158719640104,0.010952681832319788,0.024280459888371686,0.2262583236231226,0.0942526107172803,0.13975386376645682,0.011765498662681877,0.00031929867006113313,0.35198821796759944,0.09572901325478646,0.2621502209131075,0.3475699558173785,26.458026509572907,26.4359351988218,31.9440353460972,Established acceptance / slower growth,652,652,649,613
assam|dima hasao,8105,3604607,3168468881.1922097,102858,4743,assam,dima hasao,2026,2,2026-Q2,2026-04-01,8104,3372026,97293,4273,879.0053620803071,21.686274509803923,759.9846088973223,668030.5463192514,46.1121157323689,0.06897366746282496,0.057198359594215376,0.10999297917154216,0.15599782950171548,0.18326871973034842,0.663626797614872,0.006564273283419919,9.322833554478558e-05,0.05743740795287187,0.5861561119293078,0.8365243004418262,0.0029455081001472753,37.349042709867454,37.07658321060383,31.649484536082472,Mixed signals,552,552,561,614
delhi|south west,8105,152799651,150937833857.50015,2807436,254998,delhi,south west,2026,2,2026-Q2,2026-04-01,8104,141272014,2729898,251087,987.8153050068167,11.00963929128856,599.219017404058,591917.7164428746,90.8294970927209,0.08159887208799899,0.02840325902286467,0.015576274359086595,0.180056269814304,0.10000670010449819,0.06800971687049762,0.13038571700531593,0.0039519584616448155,0.11782032400589101,0.41237113402061853,0.08689248895434462,0.9543446244477173,35.103092783505154,39.28571428571429,31.61266568483063,Established acceptance / slower growth,575,575,528,615
rajasthan|deedwana kuchaman,8105,42871872,65799407653.12005,871497,60541,rajasthan,deedwana kuchaman,2026,2,2026-Q2,2026-04-01,8104,39721184,848445,59601,1534.7920345796902,14.39515369749426,708.1460828199072,1086856.967230803,69.46782375613456,0.07932009277467666,0.02716970457719703,0.015771547457257507,0.16433405363002973,0.11226869134724726,0.06257020499859589,0.016789924414602638,0.001108823588327132,0.0662739322533137,0.5360824742268041,0.38880706921944036,0.6126656848306333,37.36377025036819,40.09572901325479,31.57584683357879,Established acceptance / slower growth,551,551,516,616
rajasthan|kotputli behror,8105,54444801,73205317652.99188,851871,57663,rajasthan,kotputli behror,2026,2,2026-Q2,2026-04-01,8104,50790989,830536,56425,1344.5786614775557,14.773268820560846,944.1895322823995,1269537.097497388,67.6898262765137,0.07193819360359366,0.02568823025130751,0.02194062915374384,0.1440936174388705,0.10316547656972364,0.08360581801781497,0.021322234157586637,0.0014081419073693963,0.03829160530191458,0.7201767304860088,0.4270986745213549,0.5964653902798233,41.759941089838,44.55081001472754,31.391752577319586,Established acceptance / slower growth,482,482,423,617
madhya pradesh|singrauli,8105,38472012,40003109141.87662,598461,41104,madhya pradesh,singrauli,2026,2,2026-Q2,2026-04-01,8104,36584338,583269,40198,1039.7976883006954,14.559677890229661,935.9675943947061,973216.9409759784,68.68283814651247,0.05159787229168944,0.026046301106350533,0.022538434747997327,0.1933533292537486,0.1339836400120511,0.09121800998194751,0.01684533253590961,0.0009950270983269515,0.17083946980854198,0.711340206185567,0.4050073637702504,0.41237113402061853,41.28129602356407,42.48895434462444,31.318114874815905,Established acceptance / slower growth,485,485,473,618
jharkhand|bokaro,8105,62276101,60075360583.96661,1045849,92190,jharkhand,bokaro,2026,2,2026-Q2,2026-04-01,8104,60154883,1019738,89695,964.66155747237,11.344495064540622,675.5190476190476,651647.2565784425,88.14848032555369,0.03526260702726325,0.02560559673170948,0.027816489213445594,0.20613984145782704,0.11811022780241442,0.11573698669926302,0.07638334373299777,0.0016106880002310813,0.23711340206185566,0.4992636229749632,0.12076583210603829,0.6907216494845361,36.42857142857143,38.69661266568483,30.97938144329897,Established acceptance / slower growth,560,560,538,619
madhya pradesh|sheopur,8105,11694412,14090280943.76323,266068,23293,madhya pradesh,sheopur,2026,2,2026-Q2,2026-04-01,8104,11054393,260498,22895,1204.872972130897,11.422659167990384,502.05692697376895,604914.8217817898,87.54528917419607,0.05789725405999224,0.021382121935677123,0.01738370823323865,0.2602160762301491,0.1423100536233315,0.12325794473646146,0.005120508356878548,0.0003024603142409053,0.5670103092783505,0.2960235640648012,0.12665684830633284,0.14727540500736377,30.52282768777614,28.424153166421206,30.79528718703976,Mixed signals,627,628,638,620
delhi|south east,8105,161160262,139043986333.5641,2525338,284668,delhi,south east,2026,2,2026-Q2,2026-04-01,8104,150544736,2452239,279704,862.7684306790472,8.871169221689827,566.1341000744727,488442.6290751475,112.7247124939315,0.07051409622186999,0.02980908467730914,0.01774733289477437,0.19389945336814196,0.10157711643529366,0.07860247117530483,0.13751992348225042,0.004168194475076356,0.17673048600883653,0.36818851251840945,0.008836524300441826,0.93519882179676,33.43151693667158,37.22385861561119,30.758468335787924,Established acceptance / slower growth,596,596,557,621
punjab|fazilka,8105,8765617,13018405562.987583,502467,38594,punjab,fazilka,2026,2,2026-Q2,2026-04-01,8104,8257095,486126,37966,1485.1670524719004,13.01930351868166,227.12382753795927,337316.8254906872,76.80902427423095,0.061586066286024366,0.03361474185704938,0.016541115735131395,0.21892712483048848,0.13344897903940378,0.055836730227341036,0.031043669638523737,0.0002267109515498019,0.30927835051546393,0.029455081001472753,0.27245949926362295,0.34167893961708395,23.65979381443299,23.82179675994109,30.44918998527246,Established acceptance / slower growth,661,661,662,622
gujarat|junagadh,8105,5426332,8547632836.191215,447860,34942,gujarat,junagadh,2026,2,2026-Q2,2026-04-01,8104,5096682,440761,34333,1575.2137606381648,12.817239997710491,155.29540381203137,244623.45704857234,78.01991693832895,0.06467933451606367,0.01610623444451753,0.017738036291614412,0.22766914598731058,0.1048914129515004,0.07322317095644704,0.004686345463749965,0.00014034481442038132,0.3637702503681885,0.005891016200294551,0.24153166421207659,0.2974963181148748,23.04860088365243,22.71723122238586,30.441826215022093,Established acceptance / slower growth,666,666,668,623
madhya pradesh|narsinghpur,8105,25072717,29892639621.33175,559578,46725,madhya pradesh,narsinghpur,2026,2,2026-Q2,2026-04-01,8104,23963962,549234,45528,1192.2377467640124,11.975987158908508,536.6017549491706,639756.867230214,83.50042353344843,0.04626759965651761,0.018833502660068335,0.0262915129151291,0.22939958943385985,0.1139959706638849,0.12679962379723642,0.010978325111869741,0.0006484722671557398,0.3711340206185567,0.33578792341678937,0.16789396170839468,0.38880706921944036,31.50220913107511,31.590574374079527,30.44182621502209,Established acceptance / slower growth,620,621,615,624
haryana|mahendragarh,8105,26422660,40129490210.94658,549446,33554,haryana,mahendragarh,2026,2,2026-Q2,2026-04-01,8104,24495018,538615,32636,1518.7528511870712,16.374977647970436,787.4667699827145,1195967.402126321,61.06878564954518,0.07869526774791513,0.020108983225495036,0.02812844711361695,0.12799181233813428,0.09470148272413192,0.09599869345092271,0.023368100227574778,0.0006833867360480031,0.022091310751104567,0.6097201767304861,0.572901325478645,0.37702503681885124,37.76877761413844,39.543446244477174,30.36082474226804,Mixed signals,542,542,526,625
madhya pradesh|neemuch,8105,24175498,29806179223.68877,487255,33488,madhya pradesh,neemuch,2026,2,2026-Q2,2026-04-01,8104,23683786,476078,33035,1232.9085929766068,14.550137362637363,721.9152532250358,890055.5191020297,68.72787349539769,0.02076154547250164,0.023477245325345786,0.013712728923868545,0.19953440665179856,0.10678647928530371,0.10063761256819825,0.010585469328487881,0.0006252668985845871,0.203240058910162,0.5596465390279823,0.4020618556701031,0.32547864506627394,36.649484536082475,37.26067746686303,30.338733431516935,Established acceptance / slower growth,559,559,556,626
uttar pradesh|shamli,8105,27887933,32977626856.716103,602945,68105,uttar pradesh,shamli,2026,2,2026-Q2,2026-04-01,8104,25442178,591535,66437,1182.5052382590027,8.853167902503488,409.4843697232215,484217.4121828956,112.95391785320386,0.09612993824663918,0.019288799479320717,0.025106491864473002,0.248468084614895,0.13187234018588434,0.13713016763507646,0.0076086229018615375,0.0007212840610292603,0.4889543446244477,0.20176730486008837,0.007363770250368188,0.4167893961708395,28.232695139911634,27.871870397643594,30.23564064801178,Established acceptance / slower growth,640,640,643,627
odisha|dhenkanal,8105,38144409,41408351799.91671,574091,44485,odisha,dhenkanal,2026,2,2026-Q2,2026-04-01,8104,37047701,558638,43350,1085.5680527103384,12.905271439811171,857.466764077779,930838.5253437498,77.48771536219867,0.029602592614316414,0.027661920599744372,0.026182237600922642,0.2152425992506508,0.10741153685899918,0.13086915626509388,0.025043436049165625,0.0009865540852052775,0.28865979381443296,0.6701030927835051,0.25184094256259204,0.39322533136966126,39.57290132547865,40.09572901325478,30.191458026509572,Established acceptance / slower growth,513,513,518,628
uttarakhand|pithoragarh,8105,3890802,4621153366.778733,172416,8496,uttarakhand,pithoragarh,2026,2,2026-Q2,2026-04-01,8104,3203989,168258,8167,1187.7122934497138,20.293785310734464,457.9569209039548,543921.0648280053,49.27616926503341,0.21436184706002415,0.024712049352779708,0.04028407003795764,0.10766915589379167,0.1107274460793155,0.07707910750507097,0.015750527001562122,0.00010063038616812397,0.011782032400589101,0.23858615611192932,0.8041237113402062,0.060382916053019146,27.628865979381445,27.871870397643594,30.12518409425626,Mixed signals,646,646,643,629
west bengal|jhargram,8105,12585118,13246347493.358175,364140,27224,west bengal,jhargram,2026,2,2026-Q2,2026-04-01,8104,12410902,354194,26833,1052.5405874905723,13.375697913605642,462.28026741110784,486568.7442461863,74.76245400120833,0.014037335884208968,0.02808065636346191,0.014571609585212197,0.22539906642700935,0.1369320257397364,0.10348182076121759,0.00706095702504015,0.0003254972327842455,0.3446244477172312,0.24594992636229748,0.30486008836524303,0.22385861561119294,28.586156111929306,27.982326951399116,30.05154639175258,Established acceptance / slower growth,638,638,642,630
haryana|hisar,8105,36869760,63066914045.109726,1127535,97843,haryana,hisar,2026,2,2026-Q2,2026-04-01,8104,33093725,1101021,95444,1710.532263977572,11.523920975440246,376.82573101805957,644572.5708033249,86.7760202565774,0.11410123822567564,0.024081284553155724,0.02513515778886055,0.1942193189796111,0.10632020377245932,0.09512670128939837,0.03260747581986929,0.0009535869948473478,0.17820324005891017,0.1561119293078056,0.13549337260677466,0.7231222385861561,27.098674521354937,29.823269513991164,29.948453608247423,Established acceptance / slower growth,650,650,630,631
rajasthan|khairthal tijara,8105,59369090,60462828818.36538,940761,70316,rajasthan,khairthal tijara,2026,2,2026-Q2,2026-04-01,8104,55457014,905934,68188,1018.4226980464982,13.379046020820297,844.318362819273,859872.9850726062,74.74374469179739,0.07054249260517342,0.038443197848849975,0.031207837156097762,0.16872019023914508,0.14067308321875194,0.1716013796091107,0.023250734972891814,0.0015355020515436424,0.07658321060382917,0.6627393225331369,0.30633284241531666,0.6450662739322534,39.42562592047128,42.26804123711341,29.911634756995586,Established acceptance / slower growth,515,515,477,632
tripura|south tripura,8105,1793135,2420384251.3367896,120944,6386,tripura,south tripura,2026,2,2026-Q2,2026-04-01,8104,1781895,116559,6009,1349.8059272373746,18.938928906984028,280.7915753210147,379014.13268662535,52.80129646778674,0.006307891317950842,0.037620432570629525,0.06273922449658853,0.1699755843891464,0.1585562112039236,0.26756649464073035,0.07842957925807967,4.637703679127824e-05,0.08247422680412371,0.06921944035346098,0.748159057437408,0.014727540500736377,23.20324005891016,22.864506627393226,29.852724594992637,Mixed signals,663,663,667,633
madhya pradesh|shahdol,8105,24446442,26094399831.849743,493527,42096,madhya pradesh,shahdol,2026,2,2026-Q2,2026-04-01,8104,23764583,481773,41273,1067.4109480573795,11.723845496009123,580.7307582668187,619878.3692476659,85.29624519023275,0.02869223499524476,0.02439738216961107,0.019940396869624122,0.23396362129419468,0.1381161575979799,0.12924513117656522,0.010704104708894019,0.0006322745025053048,0.39911634756995584,0.38880706921944036,0.15463917525773196,0.33136966126656847,32.18703976435935,31.84830633284242,29.661266568483065,Established acceptance / slower growth,610,610,613,634
rajasthan|alwar,8105,74083150,84832395788.10603,1286894,100122,rajasthan,alwar,2026,2,2026-Q2,2026-04-01,8104,70178105,1257597,97591,1145.0970401245902,12.85325902399073,739.9287868800064,847290.263759274,77.80127967027587,0.05564477695714354,0.023296016132354103,0.025934768574971123,0.13429866599256757,0.1128556221133199,0.10859888832296205,0.029013206815314,0.0019160615197203695,0.03240058910162003,0.5684830633284241,0.24447717231222385,0.7820324005891016,36.93667157584684,40.68483063328424,29.40353460972017,Established acceptance / slower growth,557,557,507,635
rajasthan|bhilwara,8105,104898430,134223576735.11964,1480816,129896,rajasthan,bhilwara,2026,2,2026-Q2,2026-04-01,8104,101669185,1438409,127147,1279.5575370872532,11.400012317546345,807.5570456365092,1033315.7043721103,87.71920346619702,0.03176227880650373,0.029481878937075656,0.021620643821718133,0.17753087051703687,0.11162274297905372,0.10287912106572472,0.04108140439751466,0.0027130574928587786,0.10898379970544919,0.6332842415316642,0.12371134020618557,0.8247422680412371,38.68924889543446,42.2680412371134,29.307805596465386,Established acceptance / slower growth,526,526,478,636
rajasthan|sri ganganagar,8105,61808283,83651200138.29231,1227393,96171,rajasthan,sri ganganagar,2026,2,2026-Q2,2026-04-01,8104,58075429,1202511,93901,1353.397895526273,12.762610350313505,642.6914870387122,869817.3060308441,78.35387687562175,0.06427596083706932,0.020691702612283702,0.024174396438802592,0.14937677167190477,0.10349977029020763,0.11484512658814805,0.02420599687754174,0.0015985885138022167,0.048600883652430045,0.4565537555228277,0.23711340206185566,0.7569955817378498,33.939617083946985,37.48159057437408,29.16789396170839,Established acceptance / slower growth,587,587,554,637
haryana|kaithal,8105,8615306,16614088136.391508,492920,55360,haryana,kaithal,2026,2,2026-Q2,2026-04-01,8104,7623071,477398,54313,1928.438541404276,8.903901734104046,155.6233020231214,300109.97356198536,112.31031404690417,0.13016210920769322,0.03251375162862025,0.01927715279951392,0.25237688765669786,0.1175170318646066,0.08907774630154242,0.00761934393052124,0.00022282335871538964,0.5139911634756995,0.007363770250368188,0.010309278350515464,0.32989690721649484,22.459499263622973,21.539027982326946,29.16789396170839,Mixed signals,668,668,670,637
haryana|jind,8105,13404299,26541342999.526318,607617,52148,haryana,jind,2026,2,2026-Q2,2026-04-01,8104,11732332,587860,50926,1980.0619935086734,11.651779550510087,257.0433957198742,508961.85854733293,85.82380018992227,0.14250934937742987,0.033608342122273926,0.02399560146094326,0.22164585309516815,0.11822362742626202,0.11720976069584599,0.011854711165052283,0.0003466842529337134,0.3284241531664212,0.050073637702503684,0.1487481590574374,0.4212076583210604,23.24742268041237,23.711340206185564,28.87334315169367,Established acceptance / slower growth,662,662,663,639
delhi|south,8105,87191033,73434879528.87497,1483295,132581,delhi,south,2026,2,2026-Q2,2026-04-01,8104,80067909,1444212,130803,842.2297225091365,11.187839886559914,657.6435009541337,553886.9033185372,89.38275932973549,0.08896353219365327,0.027061816409225337,0.013592960406106913,0.17733277373668654,0.09759797425042605,0.06309737635512214,0.07440112120504229,0.0022550793695458263,0.10751104565537556,0.47569955817378495,0.10898379970544919,0.8262150220913107,34.36671575846834,37.96023564064801,28.77025036818851,Established acceptance / slower growth,582,582,547,640
jammu & kashmir|ganderbal,8105,3229873,3385426373.652848,128599,7398,jammu & kashmir,ganderbal,2026,2,2026-Q2,2026-04-01,8104,2302550,109077,7223,1048.1608328416776,17.38294133549608,436.5873208975399,457613.72988008213,57.52766351215795,0.4027373998393087,0.17897448591362064,0.024228160044302838,0.18466238361976628,0.3172617950136234,0.25008448800270355,0.017203773527118646,8.353634218960438e-05,0.12960235640648013,0.22091310751104565,0.6553755522827688,0.023564064801178203,26.266568483063324,25.736377025036816,28.711340206185564,Mixed signals,653,653,654,641
rajasthan|jaipur,8105,637259898,720658659256.9841,7999367,813696,rajasthan,jaipur,2026,2,2026-Q2,2026-04-01,8104,613042253,7816580,796569,1130.8708762605743,9.83090367901526,783.1670525601699,885660.8109871305,101.72004859884538,0.0395040388839234,0.023384523666360568,0.021500962251857603,0.1591281293865714,0.09858085082481116,0.09870577036031847,0.24957028981326934,0.016481874334699966,0.06332842415316642,0.605301914580265,0.033873343151693665,0.9955817378497791,37.790868924889544,42.45213549337261,28.60824742268041,Established acceptance / slower growth,541,541,474,642
rajasthan|jhunjhunu,8105,57588972,89410708729.10902,1242437,97004,rajasthan,jhunjhunu,2026,2,2026-Q2,2026-04-01,8104,54670092,1212949,95766,1552.566500563841,12.80810069687848,593.6762607727517,921721.8746557774,78.07558854090792,0.053390800952008544,0.024310997412092306,0.012927343733684094,0.12926029581108334,0.10655532567329629,0.059724482995946904,0.022553586813159634,0.001489461682035035,0.026509572901325478,0.4020618556701031,0.24005891016200295,0.7643593519882179,32.135493372606774,35.824742268041234,28.57142857142857,Established acceptance / slower growth,611,611,577,643
gujarat|gir somnath,8105,7300379,11466839678.47913,395797,29545,gujarat,gir somnath,2026,2,2026-Q2,2026-04-01,8104,6862443,391533,29213,1570.718407698988,13.396412252496193,247.0935522084955,388114.39087761485,74.64685179523846,0.06381634062388564,0.010890525192001732,0.011364803340978336,0.21504598210979275,0.09524982289914097,0.07023835398101852,0.006304829488926499,0.00018881453179669968,0.28718703976435933,0.042709867452135494,0.3078055964653903,0.24594992636229748,22.297496318114874,22.091310751104565,28.40942562592047,Established acceptance / slower growth,669,669,669,644
haryana|yamunanagar,8105,14090173,18267393422.916565,626454,49238,haryana,yamunanagar,2026,2,2026-Q2,2026-04-01,8104,12905112,608695,48618,1296.4633878460234,12.722978187578699,286.16460863560667,371001.93799335,78.5979497297487,0.09182880396543625,0.029175531259497678,0.01275247850590322,0.20284908680630753,0.12197568187638907,0.06762939352544506,0.012461295527697362,0.00036442346595012387,0.22385861561119294,0.07363770250368189,0.23122238586156113,0.43593519882179677,23.055964653902798,24.116347569955817,27.945508100147276,Established acceptance / slower growth,665,665,661,645
rajasthan|beawar,8105,38786360,51444356727.34477,618043,50260,rajasthan,beawar,2026,2,2026-Q2,2026-04-01,8104,35614010,600682,49399,1326.351756837836,12.29691603660963,771.7142857142857,1023564.5986339987,81.32120257004772,0.0890759001864716,0.028902147891896268,0.01742950262151055,0.2097292191651816,0.11814415457538807,0.11310433415276955,0.015189914093734167,0.0010031572886145008,0.26362297496318116,0.593519882179676,0.187039764359352,0.43004418262150224,36.023564064801185,36.855670103092784,27.84241531664212,Established acceptance / slower growth,565,565,566,646
uttarakhand|nainital,8105,21564039,23316227315.98149,653240,54087,uttarakhand,nainital,2026,2,2026-Q2,2026-04-01,8104,17976343,641975,53436,1081.2551079128307,12.077578715772736,398.69171889733207,431087.45754028676,82.79805278305064,0.1995787463556964,0.017547412282409747,0.012182798113631321,0.2068081113655107,0.10223572091453637,0.06716255943807581,0.0872943363687586,0.0005577250068018074,0.24300441826215022,0.18556701030927836,0.17673048600883653,0.4565537555228277,25.47864506627393,26.54639175257732,27.31958762886598,Established acceptance / slower growth,657,657,648,647
madhya pradesh|datia,8105,15206962,18912163812.827003,354340,26932,madhya pradesh,datia,2026,2,2026-Q2,2026-04-01,8104,14307591,346011,26589,1243.6516782791332,13.1568394474974,564.6428783603149,702219.063301166,76.00609584015352,0.06285970852815126,0.024071489056706197,0.012900071458121776,0.21605176345539,0.128687010256737,0.09868233182393027,0.006658511432959136,0.00039330771869244103,0.2930780559646539,0.36671575846833576,0.28865979381443296,0.21502209131075112,29.47717231222386,29.08689248895434,27.20176730486009,Established acceptance / slower growth,634,634,636,648
chhattisgarh|mahasamund,8105,19256541,22746153076.108856,450856,31122,chhattisgarh,mahasamund,2026,2,2026-Q2,2026-04-01,8104,19304412,437945,30492,1181.2169732928078,14.486729644624381,618.743686138423,730870.544184463,69.02869208793939,-0.0024797958104084694,0.029480870885613575,0.02066115702479343,0.1876102599094922,0.12792672889340317,0.13055797733217078,0.029799588648787113,0.0004980446594538381,0.13991163475699558,0.42857142857142855,0.39764359351988215,0.3004418262150221,30.86156111929308,31.66421207658321,27.02503681885125,Established acceptance / slower growth,625,625,614,649
rajasthan|hanumangarh,8105,40701272,62892506132.51664,945946,74116,rajasthan,hanumangarh,2026,2,2026-Q2,2026-04-01,8104,37829761,929412,72631,1545.2221280090862,12.763047115332721,549.1563495061795,848568.5429936402,78.35119552278883,0.07590613644109467,0.017789742331710823,0.02044581514780197,0.14992180917336007,0.10191168128006112,0.10294949254442098,0.01593985166913595,0.0010526839245209218,0.05154639175257732,0.3490427098674521,0.23858615611192932,0.6509572901325479,29.256259204712816,32.253313696612665,26.686303387334316,Established acceptance / slower growth,635,635,610,650
odisha|boudh,8105,7914517,9483940998.596975,168203,9629,odisha,boudh,2026,2,2026-Q2,2026-04-01,8104,8208413,165298,9417,1198.2968763093156,17.46837677848167,821.9458926160556,984935.1956170916,57.24630357365802,-0.035804241331424236,0.017574320318455072,0.02251247743442719,0.14870506260788363,0.12175716591306207,0.1272535705923672,0.0051962189360316,0.00020469838918664635,0.047128129602356406,0.6406480117820325,0.6612665684830633,0.055964653902798235,35.08100147275405,35.12518409425626,26.42857142857143,Mixed signals,576,576,587,651
delhi|north east,8105,57168307,68373348959.13196,1227659,120485,delhi,north east,2026,2,2026-Q2,2026-04-01,8104,54385808,1184451,118967,1196.000940855778,10.18930987259825,474.4848487363572,567484.3255104948,98.14207365400327,0.051162225998370836,0.03647934781599238,0.01275984096430105,0.18770484853676228,0.12324547077332415,0.06630499234465859,0.04878238038760325,0.001478581744840232,0.14138438880706922,0.26362297496318116,0.048600883652430045,0.7584683357879234,27.216494845360828,30.301914580265095,26.318114874815908,Established acceptance / slower growth,649,649,624,652
puducherry|puducherry,8105,15606710,17533264133.070396,585100,40844,puducherry,puducherry,2026,2,2026-Q2,2026-04-01,8104,14972481,572785,40338,1123.4439630819306,14.32523748898247,382.10532758789543,429273.92354006454,69.80687062040677,0.042359646340509594,0.021500213867332363,0.012544003173186491,0.16532260443054825,0.09064609270584989,0.07143044516145958,0.7549718799555474,0.0004036466656781615,0.06921944035346098,0.16789396170839468,0.38438880706921946,0.4005891016200295,23.89543446244477,25.552282768777612,26.23711340206186,Established acceptance / slower growth,660,660,655,653
uttar pradesh|hamirpur,8105,13645360,15698613774.149685,409645,28965,uttar pradesh,hamirpur,2026,2,2026-Q2,2026-04-01,8104,12714806,396164,28518,1150.472671600433,14.14275850163991,471.0982219920594,541985.6300414185,70.70756386627446,0.07318664555322352,0.03402883654244193,0.015674310961498072,0.19328034299805164,0.16620926829546034,0.1025465342012104,0.0037228430877306448,0.0003529189730557022,0.16936671575846834,0.25920471281296026,0.3711340206185567,0.2533136966126657,25.90574374079529,26.325478645066276,26.097201767304863,Established acceptance / slower growth,655,655,650,654
haryana|palwal,8105,54368476,65675470380.471344,797664,81486,haryana,palwal,2026,2,2026-Q2,2026-04-01,8104,49082092,780396,79459,1207.9696767750368,9.78896988439732,667.212478217117,805972.4416522022,102.15579492116981,0.10770494460586555,0.02212722771516007,0.025510011452447134,0.21116402407416923,0.11522560674674143,0.11204214203832086,0.04808327384103243,0.0014061678633999829,0.27245949926362295,0.49042709867452133,0.030927835051546393,0.5596465390279823,32.40058910162003,33.83652430044183,25.972017673048605,Established acceptance / slower growth,609,609,599,655
gujarat|bhavnagar,8105,15337119,23522968872.04957,956952,74999,gujarat,bhavnagar,2026,2,2026-Q2,2026-04-01,8104,14394923,937105,73702,1533.7280014616545,12.759530127068361,204.49764663528848,313643.7668775526,78.3727919477675,0.06545335463065682,0.02117905677592158,0.017597894222680432,0.13171739383083403,0.10112822401086219,0.08052153868318679,0.013245602748347024,0.0003966740552915495,0.029455081001472753,0.01914580265095729,0.23564064801178203,0.6539027982326951,20.331369661266567,23.45360824742268,25.773195876288657,Established acceptance / slower growth,672,672,664,656
delhi|east,8105,80858374,73306032817.97568,1410783,139256,delhi,east,2026,2,2026-Q2,2026-04-01,8104,73758287,1380204,137047,906.5979093022038,10.130859711610272,580.6455305336933,526412.0240275153,98.70830595492006,0.09626154956662702,0.022155420503056078,0.01611855786700911,0.175891961655553,0.09242517749800028,0.0744647197253192,0.06899738972488881,0.0020912936203247028,0.10014727540500737,0.3873343151693667,0.045655375552282766,0.8055964653902798,29.941089837997055,33.46833578792342,25.74374079528719,Established acceptance / slower growth,633,633,603,657
rajasthan|bundi,8105,28350508,34572936106.55798,528271,42623,rajasthan,bundi,2026,2,2026-Q2,2026-04-01,8104,27233505,514905,41441,1219.482067360415,12.394036083804519,665.1457663702696,811133.3342692439,80.68396713050689,0.04101576348692548,0.025958186461580324,0.028522477739436836,0.20697649716152733,0.11452399638809418,0.09121863799283148,0.011102918165915111,0.0007332479442805078,0.24447717231222385,0.4845360824742268,0.19882179675994108,0.35787923416789397,31.57584683357879,32.14285714285714,25.68483063328424,Established acceptance / slower growth,618,618,611,658
himachal pradesh|una,8105,4304644,5318956150.669153,229301,14351,himachal pradesh,una,2026,2,2026-Q2,2026-04-01,8104,3792491,224843,14205,1235.6320640380839,15.97805031008292,299.9542888997282,370633.13711024687,62.585858762063836,0.13504395923418144,0.01982716829076292,0.01027807110172474,0.17665369734893432,0.10501180665991994,0.06993215537165431,0.057507962037972316,0.0001113338556000274,0.10603829160530191,0.08836524300441827,0.540500736377025,0.10014727540500737,20.905743740795288,20.87628865979381,25.662739322533135,Mixed signals,671,671,672,659
tamil nadu|mayiladuthurai,8105,4732029,6777708285.815271,295000,24596,tamil nadu,mayiladuthurai,2026,2,2026-Q2,2026-04-01,8104,4513651,289010,24159,1432.3048920062138,11.993820133355017,192.39018539599934,275561.40371667227,83.37627118644068,0.048381675942601676,0.02072592643853155,0.018088497040440465,0.23091444000499428,0.11812730732202814,0.11526253740817993,0.0045097309796416464,0.00012238759660058814,0.38291605301914583,0.013254786450662739,0.16936671575846834,0.17525773195876287,19.55817378497791,18.519882179675996,25.6259204712813,Established acceptance / slower growth,673,673,675,660
rajasthan|sawai madhopur,8105,34152477,39984318802.53328,691207,50402,rajasthan,sawai madhopur,2026,2,2026-Q2,2026-04-01,8104,33157029,682108,48832,1170.7589702068544,13.713880401571366,677.6016229514702,793308.1782971565,72.91882171332176,0.030022231485215434,0.01333952981052855,0.0321510484927916,0.12903669113032934,0.10600552357118409,0.12864724455292564,0.013375145069509795,0.000883308106942469,0.025036818851251842,0.5051546391752577,0.33136966126656847,0.49337260677466865,31.53166421207658,33.87334315169367,24.933726067746687,Established acceptance / slower growth,619,619,598,661
jharkhand|ramgarh,8105,32965214,35515993664.591934,535722,40906,jharkhand,ramgarh,2026,2,2026-Q2,2026-04-01,8104,31653482,524979,40039,1077.3779191784386,13.096416173666455,805.8772307240991,868234.3339508125,76.35676712922,0.04144036981460686,0.02046367568988483,0.02165388745972674,0.18944647240574253,0.11258286397846784,0.10166707064178171,0.04043273794860455,0.0008526011385145908,0.15316642120765833,0.6288659793814433,0.2768777614138439,0.36229749631811486,34.48453608247423,35.53019145802651,24.87481590574374,Established acceptance / slower growth,579,579,581,662
madhya pradesh|burhanpur,8105,18353878,21162837935.433388,343006,49665,madhya pradesh,burhanpur,2026,2,2026-Q2,2026-04-01,8104,17442662,335066,48950,1153.0444920377802,6.906392831974228,369.55356891170845,426111.70714654966,144.7933855384454,0.05224064996501099,0.023696823909319376,0.014606741573033766,0.24642368962336203,0.11906222268622435,0.12341378452351326,0.008036418220952822,0.0004746984891090924,0.48306332842415317,0.14285714285714285,0.0,0.20913107511045656,22.245949926362297,20.876288659793815,24.550810014727542,Established acceptance / slower growth,670,670,671,663
rajasthan|salumber,8105,6323620,7699711289.652384,187970,11929,rajasthan,salumber,2026,2,2026-Q2,2026-04-01,8104,6153145,182718,11598,1217.6113190945034,15.757397937798642,530.1047866543717,645461.5885365398,63.46225461509815,0.027705344177652247,0.028743747195131286,0.02853940334540428,0.17833067988026663,0.15021233371271925,0.14978313253012043,0.0024765212451340946,0.0001635519675841824,0.11192930780559647,0.32547864506627394,0.5198821796759941,0.07511045655375552,25.99410898379971,25.810014727540505,24.55081001472754,Mixed signals,654,654,653,664
chhattisgarh|korea,8105,5270734,5226968495.199009,125942,7716,chhattisgarh,korea,2026,2,2026-Q2,2026-04-01,8104,5161862,122632,7532,991.6965066343718,16.32218766200104,683.0914981855884,677419.4524622873,61.26629718441822,0.021091613840122037,0.02699132363494039,0.02442910249601704,0.17611537446248193,0.1391589858624962,0.07976490344248521,0.008156485896256047,0.0001363204804072427,0.101620029455081,0.5139911634756995,0.5684830633284241,0.020618556701030927,30.52282768777614,30.117820324005883,24.477172312223857,Mixed signals,627,627,626,665
chhattisgarh|sakti,8105,13642403,13794830380.379513,312402,20186,chhattisgarh,sakti,2026,2,2026-Q2,2026-04-01,8104,13486860,302778,19678,1011.1730594954212,15.476171604082037,675.8348855642524,683386.028949743,64.61546340932516,0.011532929088015953,0.03178566474446631,0.02581563166988521,0.15426339746150775,0.12538770510996233,0.12550878171173685,0.02111168343167027,0.00035284249420843646,0.054491899852724596,0.5007363770250368,0.4963181148748159,0.19145802650957292,30.390279823269516,31.075110456553755,24.337260677466862,Established acceptance / slower growth,629,629,618,666
jammu & kashmir|shopian,8105,5995932,5175103276.986042,136065,11766,jammu & kashmir,shopian,2026,2,2026-Q2,2026-04-01,8104,4290765,130334,11598,863.1023962556684,11.56425293217746,509.5981642019378,439835.396650182,86.47337669496197,0.39740395943380724,0.04397164208878723,0.014485256078634157,0.24266758741724703,0.17673766961575388,0.03628677118196233,0.03193706260648749,0.00015507675605127476,0.46244477172312226,0.30486008836524303,0.13991163475699558,0.026509572901325478,25.52282768777614,23.34315169366716,24.05743740795287,Established acceptance / slower growth,656,656,665,667
rajasthan|dausa,8105,56636243,66315645695.23984,876805,72655,rajasthan,dausa,2026,2,2026-Q2,2026-04-01,8104,53839586,860743,70558,1170.9047454867343,12.06806138600234,779.5229922235221,912747.1708105408,82.86335045990842,0.051944251577268785,0.018660622276335692,0.029720230165254158,0.14761891069921473,0.10952582214281015,0.12232760751359373,0.02218046926192231,0.001464820621610071,0.045655375552282766,0.6008836524300442,0.17525773195876287,0.6185567010309279,33.144329896907216,36.00883652430044,23.424153166421206,Established acceptance / slower growth,601,601,575,668
himachal pradesh|hamirpur,8105,3753732,4422561493.123875,220830,13790,himachal pradesh,hamirpur,2026,2,2026-Q2,2026-04-01,8104,3379929,216250,13718,1178.177209540765,16.013778100072518,272.2068165337201,320707.86752167327,62.44622560340533,0.11059492669816429,0.021179190751445143,0.005248578509986945,0.14304976732373875,0.09855287311149685,0.04691770422107511,0.05014804414876629,9.708525407657453e-05,0.036818851251840944,0.060382916053019146,0.5463917525773195,0.09572901325478646,18.18851251840942,18.48306332842415,22.98969072164948,Mixed signals,676,676,676,669
haryana|kurukshetra,8105,13800114,21030787180.605556,557185,53559,haryana,kurukshetra,2026,2,2026-Q2,2026-04-01,8104,12421699,545213,52973,1523.9574963370271,10.403200209115182,257.6619055620904,392665.7925018308,96.124267523354,0.11096831439885957,0.021958390573959097,0.01106223925395966,0.20958785036890815,0.10619960968288233,0.06629636265902161,0.012204768448897948,0.0003569214781384748,0.2621502209131075,0.05154639175257732,0.053019145802650956,0.3858615611192931,18.195876288659793,18.814432989690722,21.988217967599414,Established acceptance / slower growth,675,675,674,670
gujarat|botad,8105,7050498,10543126126.081083,317962,20731,gujarat,botad,2026,2,2026-Q2,2026-04-01,8104,6492027,310727,20371,1495.3732525108273,15.337513868120206,340.0944479282234,508568.14075930166,65.19961504833911,0.08602413391071839,0.023284104696405628,0.017672181041676893,-0.0033810559937306195,0.10984987311992356,0.13061736474694596,0.006089024652284121,0.0001823516941796539,0.0014727540500736377,0.11782032400589101,0.48600883652430044,0.19440353460972018,19.0279823269514,19.992636229749632,21.929307805596462,Established acceptance / slower growth,674,674,673,671
jharkhand|chatra,8105,21435991,28389351685.64631,388651,31476,jharkhand,chatra,2026,2,2026-Q2,2026-04-01,8104,20038948,382568,30769,1324.377850580657,12.347534629559028,681.0265281484305,901936.4495376258,80.9878271251071,0.0697163843131885,0.015900441228748896,0.022977672332542554,0.20280092929260274,0.13885396978887377,0.09470316140924417,0.02629183013256476,0.0005544132166649524,0.22238586156111928,0.5110456553755522,0.18998527245949925,0.24300441826215022,29.057437407952868,29.160530191458022,21.620029455081003,Established acceptance / slower growth,636,636,633,672
jammu & kashmir|kupwara,8105,12264398,11880257433.847227,314641,24191,jammu & kashmir,kupwara,2026,2,2026-Q2,2026-04-01,8104,9270804,307315,23564,968.6784001829708,13.00653135463602,506.98185275515686,491102.37004866387,76.88444926122152,0.3229055430359653,0.023838732245415883,0.026608385673060564,0.19173597180660296,0.1425619684656223,0.19745569745569735,0.06532576532837263,0.0003172022392451652,0.16642120765832105,0.3004418262150221,0.2709867452135493,0.19293078055964655,23.136966126656848,23.269513991163475,20.96465390279823,Established acceptance / slower growth,664,664,666,673
odisha|nayagarh,8105,25259486,29370367632.71364,413390,39438,odisha,nayagarh,2026,2,2026-Q2,2026-04-01,8104,25192924,402805,38951,1162.7460524221926,10.482022414929764,640.4859779907704,744722.5425405354,95.40143689977987,0.0026420910887516857,0.026278223954518953,0.012502888244204202,0.21852682801074863,0.10712066675236742,0.04383039542639344,0.01658393297627955,0.0006533027973637109,0.30633284241531666,0.4521354933726068,0.054491899852724596,0.25920471281296026,27.03976435935199,26.804123711340207,20.64064801178203,Established acceptance / slower growth,651,651,647,674
haryana|nuh,8105,55133036,66141626693.24094,858037,77842,haryana,nuh,2026,2,2026-Q2,2026-04-01,8104,52341029,829734,75791,1199.6732175830284,11.022802600138743,708.2684925875492,849690.7414151863,90.72102951271332,0.053342608147807,0.034110931937223254,0.027061260571835666,0.1216745620028794,0.16553717672340595,0.14933262461611152,0.048759447803456896,0.001425942184490776,0.017673048600883652,0.5375552282768777,0.08836524300441827,0.6008836524300442,28.195876288659793,31.111929307805596,18.82179675994109,Established acceptance / slower growth,641,641,617,675
rajasthan|tonk,8105,40709985,50329758460.18019,687950,69324,rajasthan,tonk,2026,2,2026-Q2,2026-04-01,8104,40094494,680609,67945,1236.3000983709571,9.923691650799146,587.2422970399862,726007.7095981217,100.76895123192092,0.015351010540250343,0.010785928484636553,0.020295827507542885,0.16060044830952824,0.09362282531284971,0.07552438873029654,0.015943263944005224,0.0010529092746041906,0.06480117820324006,0.3961708394698085,0.035346097201767304,0.49042709867452133,22.540500736377023,24.66863033873343,16.08983799705449,Established acceptance / slower growth,667,667,660,676
jammu & kashmir|baramulla,8105,14493705,14607556242.477604,452576,40699,jammu & kashmir,baramulla,2026,2,2026-Q2,2026-04-01,8104,11414540,437307,39680,1007.8552200750329,11.120076660360205,356.11943782402517,358916.8343811298,89.92743760164039,0.26975813304784957,0.03491597436126104,0.025680443548387055,0.17862635434194485,0.14975268590474777,0.16867193108399148,0.0772000689775936,0.00037486028103122935,0.11487481590574374,0.13549337260677466,0.101620029455081,0.30338733431516934,15.441826215022092,16.384388807069218,15.736377025036818,Established acceptance / slower growth,677,677,677,677
jammu & kashmir|kulgam,8105,6478738,5775859514.577648,180724,15825,jammu & kashmir,kulgam,2026,2,2026-Q2,2026-04-01,8104,4682095,172917,15322,891.5099691602976,11.420157977883097,409.39892575039494,364983.2236699936,87.56446293796064,0.38372630200796864,0.045148828628764015,0.032828612452682426,0.1982817583401304,0.17031031445889244,0.11029256998526615,0.034508707089578324,0.0001675638870397669,0.19882179675994108,0.20029455081001474,0.1251840942562592,0.0662739322533137,15.427098674521355,14.764359351988219,13.991163475699558,Established acceptance / slower growth,678,678,678,678
jammu & kashmir|anantnag,8105,12753501,12695912594.158527,396835,38705,jammu & kashmir,anantnag,2026,2,2026-Q2,2026-04-01,8104,8999904,360303,37810,995.4845021895186,10.252809714507169,329.505257718641,328017.37744887033,97.53423967139996,0.41707078208834236,0.10139243914150042,0.023670986511504788,0.18857586097535806,0.22184658679795444,0.12279531213738681,0.0679309504992553,0.00032985223371057054,0.14580265095729014,0.10751104565537556,0.05154639175257732,0.24742268041237114,13.29896907216495,13.807069219440354,13.82179675994109,Established acceptance / slower growth,679,679,679,679
jammu & kashmir|bandipore,8105,4916327,4743115810.978844,143040,12141,jammu & kashmir,bandipore,2026,2,2026-Q2,2026-04-01,8104,3828323,137074,11869,964.7681716409107,11.781566592537683,404.9359196112347,390669.28679506166,84.87835570469798,0.2841985903488289,0.04352393597618809,0.022916842193950737,0.16671832223964644,0.16487776275713806,0.17474600870827284,0.026186595043600363,0.00012715421770081707,0.07216494845360824,0.19440353460972018,0.16053019145802652,0.030927835051546393,11.656848306332842,11.450662739322533,9.278350515463918,Established acceptance / slower growth,680,680,680,680
