state,period_id,transactions,value_inr,registered_users,registered_merchants,year,quarter,period_label,quarter_start,retail_transactions,prior_period,prior_transactions,prior_users,prior_merchants,prior_retail,average_transaction_value,users_per_merchant,transactions_per_merchant,value_per_merchant,merchants_per_1000_users,transaction_qoq,user_qoq,merchant_qoq,retail_qoq,transaction_yoy,user_yoy,merchant_yoy,state_contribution
tripura,8072,184069,166034070.60133272,55908,,2018,1,2018-Q1,2018-01-01,127863,,,,,,902.020821546989,,,,,,,,,,,,0.0013149807779013333
uttar pradesh,8072,14786466,15841767520.712671,4921602,24.0,2018,1,2018-Q1,2018-01-01,10010877,,,,,,1071.369421247286,205066.75,616102.75,660073646.6963613,0.0048764609572249035,,,,,,,,0.10563385775492677
uttarakhand,8072,1451113,1711189177.2167993,499946,,2018,1,2018-Q1,2018-01-01,992270,,,,,,1179.2253099633174,,,,,,,,,,,,0.01036668695740585
west bengal,8072,10151521,7623652076.70104,2576622,29.0,2018,1,2018-Q1,2018-01-01,5952060,,,,,,750.9861898232826,88849.03448275862,350052.4482758621,262884554.3690014,0.01125504633586145,,,,,,,,0.07252201609973283
andaman & nicobar islands,8072,9089,18569126.204451814,9292,,2018,1,2018-Q1,2018-01-01,6656,,,,,,2043.032919402774,,,,,,,,,,,,6.493141316759052e-05
andhra pradesh,8072,10862829,14001071206.72507,2979027,30.0,2018,1,2018-Q1,2018-01-01,6888562,,,,,,1288.8973219338232,99300.9,362094.3,466702373.5575024,0.010070402181651929,,,,,,,,0.0776035689259417
arunachal pradesh,8072,56572,112009706.82247923,26660,,2018,1,2018-Q1,2018-01-01,40846,,,,,,1979.9495655532637,,,,,,,,,,,,0.00040414786067960505
assam,8072,1295882,1391575090.9188318,449118,,2018,1,2018-Q1,2018-01-01,917663,,,,,,1073.8439849606923,,,,,,,,,,,,0.009257723573379197
bihar,8072,7267806,7318769108.557262,2173873,2.0,2018,1,2018-Q1,2018-01-01,4816218,,,,,,1007.0121723883744,1086936.5,3633903.0,3659384554.278631,0.0009200169467121585,,,,,,,,0.051920883948497455
chandigarh,8072,223975,393507115.8481144,84504,,2018,1,2018-Q1,2018-01-01,135274,,,,,,1756.9242810497349,,,,,,,,,,,,0.0016000674732325982
chhattisgarh,8072,2308574,2600414470.835706,686395,10.0,2018,1,2018-Q1,2018-01-01,1589599,,,,,,1126.4159047254739,68639.5,230857.4,260041447.08357063,0.014568870693988156,,,,,,,,0.01649235033798626
dadra & nagar haveli & daman & diu,8072,175749,203738508.32623297,46505,,2018,1,2018-Q1,2018-01-01,124310,,,,,,1159.2584215343072,,,,,,,,,,,,0.0012555430666509918
delhi,8072,4861388,8271371793.392628,1954765,35.0,2018,1,2018-Q1,2018-01-01,2985448,,,,,,1701.442426194459,55850.42857142857,138896.8,236324908.3826465,0.017904965558519823,,,,,,,,0.034729540411042634
goa,8072,183383,349066357.90028584,97236,,2018,1,2018-Q1,2018-01-01,115688,,,,,,1903.4826450668047,,,,,,,,,,,,0.0013100800243054517
gujarat,8072,6635512,8197590210.363687,2813458,23.0,2018,1,2018-Q1,2018-01-01,4636584,,,,,,1235.4118582505293,122324.26086956522,288500.52173913043,356416965.6679864,0.00817499319342958,,,,,,,,0.047403803636319165
haryana,8072,5044397,7580699902.527901,1988481,4.0,2018,1,2018-Q1,2018-01-01,3258301,,,,,,1502.796053230525,497120.25,1261099.25,1895174975.6319752,0.0020115857280004184,,,,,,,,0.036036948595924094
himachal pradesh,8072,532148,653574896.6591835,232961,,2018,1,2018-Q1,2018-01-01,374817,,,,,,1228.1825669911068,,,,,,,,,,,,0.00380164172673638
jammu & kashmir,8072,656163,592623090.2033798,256997,2.0,2018,1,2018-Q1,2018-01-01,389224,,,,,,903.1644426817418,128498.5,328081.5,296311545.1016899,0.007782192010023463,,,,,,,,0.004687599390283386
jharkhand,8072,2678000,2859566816.5828524,880343,,2018,1,2018-Q1,2018-01-01,1726726,,,,,,1067.799408731461,,,,,,,,,,,,0.019131513308703642
karnataka,8072,11259403,17637623160.251854,3901200,11162.0,2018,1,2018-Q1,2018-01-01,6950094,,,,,,1566.4794270399464,349.5072567640208,1008.7263035298333,1580149.0019935365,2.8611709217676613,,,,,,,,0.08043667600543604
kerala,8072,1825372,2419982815.1613374,776998,3.0,2018,1,2018-Q1,2018-01-01,1222873,,,,,,1325.7477463012128,258999.33333333334,608457.3333333334,806660938.3871125,0.0038610137992633187,,,,,,,,0.013040376665920457
ladakh,8072,7733,15241000.350078736,14795,,2018,1,2018-Q1,2018-01-01,5556,,,,,,1970.9039635430927,,,,,,,,,,,,5.524420926669352e-05
lakshadweep,8072,1124,3053772.2105995324,862,,2018,1,2018-Q1,2018-01-01,548,,,,,,2716.8791909248507,,,,,,,,,,,,8.029806183339392e-06
madhya pradesh,8072,8614129,9240858109.528645,2501837,8.0,2018,1,2018-Q1,2018-01-01,5540953,,,,,,1072.7559465998993,312729.625,1076766.125,1155107263.6910806,0.003197650366510688,,,,,,,,0.06153895579028752
maharashtra,8072,15771297,20616284599.60267,6133954,1643.0,2018,1,2018-Q1,2018-01-01,10256681,,,,,,1307.2028635059417,3733.3864881314666,9599.08520998174,12547951.673525665,0.2678533291902743,,,,,,,,0.11266944677035766
manipur,8072,104908,152517177.2974037,35579,,2018,1,2018-Q1,2018-01-01,74310,,,,,,1453.8183674972709,,,,,,,,,,,,0.0007494581023859154
meghalaya,8072,57738,76092836.20456234,22306,,2018,1,2018-Q1,2018-01-01,42995,,,,,,1317.8987184274192,,,,,,,,,,,,0.00041247771300146783
mizoram,8072,22181,53160735.45542757,9312,,2018,1,2018-Q1,2018-01-01,14367,,,,,,2396.6789349185146,,,,,,,,,,,,0.0001584600809187287
nagaland,8072,52459,93045812.18725257,16047,,2018,1,2018-Q1,2018-01-01,39386,,,,,,1773.686349096486,,,,,,,,,,,,0.00037476477097135336
odisha,8072,7048986,5532172856.319677,1573698,12.0,2018,1,2018-Q1,2018-01-01,4336997,,,,,,784.8182499326396,131141.5,587415.5,461014404.69330645,0.007625351242741619,,,,,,,,0.050357643566790754
puducherry,8072,106212,167573456.07454073,47701,,2018,1,2018-Q1,2018-01-01,65486,,,,,,1577.7262086632466,,,,,,,,,,,,0.0007587738205914978
punjab,8072,2152570,3144283659.55326,902434,12.0,2018,1,2018-Q1,2018-01-01,1378870,,,,,,1460.7114563304608,75202.83333333333,179380.83333333334,262023638.296105,0.013297371331310655,,,,,,,,0.01537786467621964
rajasthan,8072,9272437,10593171156.518476,3184469,33.0,2018,1,2018-Q1,2018-01-01,6171468,,,,,,1142.436573741992,96499.06060606061,280982.9393939394,321005186.5611659,0.010362795178725244,,,,,,,,0.06624187896550264
sikkim,8072,52422,76553394.47007194,23332,,2018,1,2018-Q1,2018-01-01,37037,,,,,,1460.3295271083123,,,,,,,,,,,,0.00037450044461122565
tamil nadu,8072,4923891,8755842361.469446,2155558,48.0,2018,1,2018-Q1,2018-01-01,2877514,,,,,,1778.2364316085482,44907.458333333336,102581.0625,182413382.53061345,0.02226801598472414,,,,,,,,0.03517605907285515
telangana,8072,9340974,14059023660.623735,3449556,36.0,2018,1,2018-Q1,2018-01-01,5817357,,,,,,1505.0918309614967,95821.0,259471.5,390528435.017326,0.010436125692697843,,,,,,,,0.066731504255883
andaman & nicobar islands,8073,15062,35517275.86434877,12739,,2018,2,2018-Q2,2018-04-01,10462,8072.0,9089.0,9292.0,,6656.0,2358.0716946188268,,,,,0.6571680052811091,0.3709642703400775,,0.5718149038461537,,,,7.778011121554089e-05
andhra pradesh,8073,14697368,26355488600.11768,3941740,140.0,2018,2,2018-Q2,2018-04-01,8191674,8072.0,10862829.0,2979027.0,30.0,6888562.0,1793.2114512011728,28155.285714285714,104981.2,188253490.00084057,0.03551730961453571,0.3529963511346814,0.3231635698501558,3.666666666666667,0.18917039579523265,,,,0.07589715294222094
arunachal pradesh,8073,100858,239594007.44920865,39517,,2018,2,2018-Q2,2018-04-01,69003,8072.0,56572.0,26660.0,,40846.0,2375.5577886653377,,,,,0.7828254260057979,0.48225806451612896,,0.6893453459335064,,,,0.0005208303317605247
assam,8073,1996901,2752709124.016653,669433,,2018,2,2018-Q2,2018-04-01,1336377,8072.0,1295882.0,449118.0,,917663.0,1378.4905330893484,,,,,0.5409589762030802,0.4905503676094034,,0.456282970981722,,,,0.01031198923558789
bihar,8073,10434579,15988264138.119148,3075993,4.0,2018,2,2018-Q2,2018-04-01,6197442,8072.0,7267806.0,2173873.0,2.0,4816218.0,1532.2385443743487,768998.25,2608644.75,3997066034.529787,0.0013003930763171437,0.43572613248069647,0.4149828439839862,1.0,0.28678602172908296,,,,0.05388412661713898
chandigarh,8073,319560,664062457.5527933,113150,2.0,2018,2,2018-Q2,2018-04-01,171635,8072.0,223975.0,84504.0,,135274.0,2078.0525020427876,56575.0,159780.0,332031228.77639663,0.017675651789659744,0.42676638017635904,0.33898987030199756,,0.26879518606679786,,,,0.001650206635243543
chhattisgarh,8073,3380470,5020388075.196792,967619,17.0,2018,2,2018-Q2,2018-04-01,2124217,8072.0,2308574.0,686395.0,10.0,1589599.0,1485.11540560833,56918.76470588235,198851.17647058822,295316945.59981126,0.01756889850240642,0.46431086896066587,0.40971160920461247,0.7,0.33632255682093404,,,,0.017456734335466705
dadra & nagar haveli & daman & diu,8073,233330,339720413.4266238,62632,1.0,2018,2,2018-Q2,2018-04-01,150355,8072.0,175749.0,46505.0,,124310.0,1455.965428477366,62632.0,233330.0,339720413.4266238,0.01596627921829097,0.32763202066583585,0.3467799161380496,,0.2095165312525138,,,,0.0012049152403347599
delhi,8073,6889986,13364589444.285055,2581867,1582.0,2018,2,2018-Q2,2018-04-01,3933398,8072.0,4861388.0,1954765.0,35.0,2985448.0,1939.7121335638499,1632.027180783818,4355.237673830594,8447907.3604836,0.6127348930057203,0.4172878198572094,0.32080684890511146,44.2,0.3175235341563478,,,,0.035579861728423826
goa,8073,257510,535602446.42051774,128359,1.0,2018,2,2018-Q2,2018-04-01,155786,8072.0,183383.0,97236.0,,115688.0,2079.9287267310697,128359.0,257510.0,535602446.42051774,0.007790649662275337,0.4042195841490215,0.3200769262413099,,0.3466046608118387,,,,0.0013297806691750056
gujarat,8073,8576111,13039616415.945614,3729318,112.0,2018,2,2018-Q2,2018-04-01,5503458,8072.0,6635512.0,2813458.0,23.0,4636584.0,1520.4579810062642,33297.482142857145,76572.41964285714,116425146.57094298,0.030032300812105592,0.29245655798678394,0.325528228962366,3.8695652173913047,0.18696393724345328,,,,0.044287004871652075
haryana,8073,6867153,12521529537.94452,2621706,168.0,2018,2,2018-Q2,2018-04-01,4054740,8072.0,5044397.0,1988481.0,4.0,3258301.0,1823.394576754664,15605.392857142857,40875.91071428572,74532913.91633643,0.0640804117624173,0.3613426936856874,0.3184465931532663,41.0,0.24443383223342474,,,,0.03546195220250533
himachal pradesh,8073,752625,1221455463.8391795,321663,2.0,2018,2,2018-Q2,2018-04-01,495410,8072.0,532148.0,232961.0,,374817.0,1622.9270404772358,160831.5,376312.5,610727731.9195898,0.006217687455504674,0.4143151905109106,0.380759011164959,,0.32173834164405557,,,,0.003886552662567817
jammu & kashmir,8073,1086777,1213266618.9379668,380192,2.0,2018,2,2018-Q2,2018-04-01,571507,8072.0,656163.0,256997.0,2.0,389224.0,1116.3896723412133,190096.0,543388.5,606633309.4689834,0.005260499957916,0.6562607157063107,0.47936357233742033,0.0,0.46832415267301086,,,,0.005612112330798823
jharkhand,8073,3756004,5562125948.332726,1238359,,2018,2,2018-Q2,2018-04-01,2116672,8072.0,2678000.0,880343.0,,1726726.0,1480.862626432966,,,,,0.4025407020164302,0.4066778517009848,,0.22582969156658317,,,,0.019395990495685595
karnataka,8073,16008698,30747418632.82169,5226252,18604.0,2018,2,2018-Q2,2018-04-01,8777546,8072.0,11259403.0,3901200.0,11162.0,6950094.0,1920.669540572362,280.92087723070307,860.4976349172221,1652731.597120065,3.5597211921660112,0.42180699989155723,0.33965241464164864,0.6667263931195127,0.26293917751328255,,,,0.08266885611844423
kerala,8073,2318135,3784132744.672252,1053063,8.0,2018,2,2018-Q2,2018-04-01,1454296,8072.0,1825372.0,776998.0,3.0,1222873.0,1632.4039560561625,131632.875,289766.875,473016593.0840315,0.007596886416102361,0.26995209743548165,0.35529692483120945,1.6666666666666665,0.18924532637485658,,,,0.011970840400520374
ladakh,8073,18412,56386931.460005626,21011,,2018,2,2018-Q2,2018-04-01,11482,8072.0,7733.0,14795.0,,5556.0,3062.5098555293084,,,,,1.3809646967541704,0.42014193984454207,,1.066594672426206,,,,9.507949858588094e-05
lakshadweep,8073,2875,8629831.452342758,1172,,2018,2,2018-Q2,2018-04-01,1202,8072.0,1124.0,862.0,,548.0,3001.6805051626984,,,,,1.5578291814946619,0.3596287703016241,,1.1934306569343067,,,,1.4846489161112737e-05
madhya pradesh,8073,11249274,16791412396.439934,3390239,23.0,2018,2,2018-Q2,2018-04-01,6493926,8072.0,8614129.0,2501837.0,8.0,5540953.0,1492.6663175276851,147401.69565217392,489098.8695652174,730061408.5408667,0.006784182472091201,0.30590962823983703,0.35509987261360343,1.875,0.17198720147960112,,,,0.05809120852569994
maharashtra,8073,21707384,34569981679.03545,8236836,6629.0,2018,2,2018-Q2,2018-04-01,13039678,8072.0,15771297.0,6133954.0,1643.0,10256681.0,1592.5448077500014,1242.5457836777794,3274.6091416503245,5214961.785945913,0.8047993185732968,0.3763854678534049,0.34282650310061014,3.0346926354230064,0.2713350449331513,,,,0.11209684913812593
manipur,8073,184930,296675858.0878379,54326,,2018,2,2018-Q2,2018-04-01,113472,8072.0,104908.0,35579.0,,74310.0,1604.2603043737515,,,,,0.7627826285888588,0.5269119424379549,,0.5270084779975777,,,,0.0009549778228050708
meghalaya,8073,79675,131316474.46133496,31651,,2018,2,2018-Q2,2018-04-01,56085,8072.0,57738.0,22306.0,,42995.0,1648.1515464240347,,,,,0.3799404205202812,0.4189455751815654,,0.3044540062798,,,,0.00041144139962144604
mizoram,8073,31560,94300176.91130026,12467,,2018,2,2018-Q2,2018-04-01,18364,8072.0,22181.0,9312.0,,14367.0,2987.9650478865733,,,,,0.422839367025833,0.3388101374570447,,0.27820700215772254,,,,0.00016297572101729322
nagaland,8073,82859,188284254.35889083,23866,,2018,2,2018-Q2,2018-04-01,58079,8072.0,52459.0,16047.0,,39386.0,2272.3452414208573,,,,,0.5795001810938065,0.48725618495668965,,0.47461026760777947,,,,0.000427883563617614
odisha,8073,9547287,9915788853.374895,2160851,7.0,2018,2,2018-Q2,2018-04-01,4832463,8072.0,7048986.0,1573698.0,12.0,4336997.0,1038.5975464417163,308693.0,1363898.142857143,1416541264.767842,0.003239464451736839,0.35441991231079184,0.37310398818578916,-0.41666666666666663,0.11424172071135863,,,,0.049302154074272186
puducherry,8073,128321,287317471.5783924,63878,,2018,2,2018-Q2,2018-04-01,68910,8072.0,106212.0,47701.0,,65486.0,2239.052622551199,,,,,0.2081591533913305,0.3391333515020649,,0.05228598479064228,,,,0.0006626491602237035
punjab,8073,2932771,5247370432.120748,1225027,12.0,2018,2,2018-Q2,2018-04-01,1731538,8072.0,2152570.0,902434.0,12.0,1378870.0,1789.2192851473053,102085.58333333333,244397.58333333334,437280869.34339565,0.009795702462068182,0.3624509307478967,0.35746990915679144,0.0,0.25576595328058493,,,,0.015144818387313309
rajasthan,8073,11883013,18090200568.25764,4262966,139.0,2018,2,2018-Q2,2018-04-01,7030908,8072.0,9272437.0,3184469.0,33.0,6171468.0,1522.358055844729,30668.820143884892,85489.30215827338,130145327.82919165,0.03260640596242147,0.28154151923598936,0.33867404581423144,3.212121212121212,0.13926022139303007,,,,0.06136383433247365
sikkim,8073,87348,165371421.67374858,32306,,2018,2,2018-Q2,2018-04-01,59274,8072.0,52422.0,23332.0,,37037.0,1893.2479469907564,,,,,0.6662469955362254,0.38462197839876566,,0.6003996003996004,,,,0.00045106474269386966
tamil nadu,8073,7129251,15152943528.927313,3061794,58.0,2018,2,2018-Q2,2018-04-01,3673579,8072.0,4923891.0,2155558.0,48.0,2877514.0,2125.4607993079935,52789.55172413793,122918.12068965517,261257647.05047092,0.01894314248443886,0.4478896872412488,0.420418286123593,0.20833333333333326,0.27665026130194326,,,,0.03681542528638335
telangana,8073,11544276,24401325668.781406,4414688,395.0,2018,2,2018-Q2,2018-04-01,6332946,8072.0,9340974.0,3449556.0,36.0,5817357.0,2113.7164139857196,11176.425316455696,29226.01518987342,61775508.02223141,0.08947404663704434,0.23587497406587365,0.2797844128345792,9.972222222222221,0.08862942398068396,,,,0.059614597741528316
tripura,8073,262983,281717097.5101464,84393,,2018,2,2018-Q2,2018-04-01,166739,8072.0,184069.0,55908.0,,127863.0,1071.236914591994,,,,,0.42871966490826807,0.5094977462974888,,0.3040441722781415,,,,0.0013580432205415342
uttar pradesh,8073,20337966,28765798204.42304,6777728,342.0,2018,2,2018-Q2,2018-04-01,12691830,8072.0,14786466.0,4921602.0,24.0,10010877.0,1414.3891382463241,19817.918128654972,59467.73684210526,84110521.06556444,0.050459386980415855,0.37544468029074696,0.37713858211208473,13.25,0.26780400957878125,,,,0.10502517974889718
uttarakhand,8073,1963467,3023055876.683943,673206,,2018,2,2018-Q2,2018-04-01,1238396,8072.0,1451113.0,499946.0,,992270.0,1539.6519914436774,,,,,0.35307656950216826,0.3465574282022459,,0.2480433752909994,,,,0.010139336185635667
west bengal,8073,16783697,14426440347.675003,3795442,153.0,2018,2,2018-Q2,2018-04-01,8205192,8072.0,10151521.0,2576622.0,29.0,5952060.0,859.5508097932775,24806.81045751634,109697.36601307189,94290459.78872551,0.04031151049074126,0.653318453461309,0.4730301922439535,4.275862068965517,0.37854658723198353,,,,0.086670948032661
tripura,8074,446745,527779192.5187116,116340,,2018,3,2018-Q3,2018-07-01,221767,8073.0,262983.0,84393.0,,166739.0,1181.3880234109204,,,,,0.6987599958932706,0.3785503537023214,,0.33002476925014546,,,,0.0012873534428596413
uttar pradesh,8074,29327534,40693763120.75839,8443146,5805.0,2018,3,2018-Q3,2018-07-01,13655861,8073.0,20337966.0,6777728.0,342.0,12691830.0,1387.561706373212,1454.4609819121447,5052.1161068044785,7010122.845953211,0.6875399288369525,0.44200919600317956,0.24571921446242762,15.973684210526315,0.0759568163141171,,,,0.0845110787260813
uttarakhand,8074,2523526,4119317467.9760265,835826,10.0,2018,3,2018-Q3,2018-07-01,1333958,8073.0,1963467.0,673206.0,,1238396.0,1632.3657723265092,83582.6,252352.6,411931746.79760265,0.011964212647129905,0.2852398334171138,0.24156053273440814,,0.07716594691843315,,,,0.007271866241918363
west bengal,8074,54031451,38668036734.002266,4790914,387.0,2018,3,2018-Q3,2018-07-01,9636974,8073.0,16783697.0,3795442.0,153.0,8205192.0,715.6579365970066,12379.622739018088,139616.15245478036,99917407.5814012,0.08077790584427105,2.2192818423735843,0.2622809148447005,1.5294117647058822,0.17449707453524543,,,,0.15569860763422536
andaman & nicobar islands,8074,21154,67343424.71247172,15949,,2018,3,2018-Q3,2018-07-01,13138,8073.0,15062.0,12739.0,,10462.0,3183.484197431773,,,,,0.40446155888992164,0.2519821022058246,,0.25578283311030403,,,,6.0957984376440366e-05
andhra pradesh,8074,29262730,40288693498.011696,4841052,9605.0,2018,3,2018-Q3,2018-07-01,9823208,8073.0,14697368.0,3941740.0,140.0,8191674.0,1376.7920319810112,504.01374284226966,3046.614263404477,4194554.242374982,1.98407288333197,0.9910183918644482,0.228151019600481,67.60714285714286,0.19916979118065492,,,,0.08432433762654783
arunachal pradesh,8074,160327,390349037.86985934,53503,,2018,3,2018-Q3,2018-07-01,102215,8073.0,100858.0,39517.0,,69003.0,2434.705557204085,,,,,0.5896309663090682,0.3539236278057545,,0.48131240670695474,,,,0.00046200296686780537
assam,8074,2726534,4337172377.059211,900297,12.0,2018,3,2018-Q3,2018-07-01,1729859,8073.0,1996901.0,669433.0,,1336377.0,1590.7274132870564,75024.75,227211.16666666666,361431031.4216009,0.013328934784854331,0.3653826604323398,0.34486498275406197,,0.2944393685314848,,,,0.00785686002523558
bihar,8074,16507213,23175783209.3531,3846555,79.0,2018,3,2018-Q3,2018-07-01,6195903,8073.0,10434579.0,3075993.0,4.0,6197442.0,1403.9791701575002,48690.56962025316,208952.06329113923,293364344.42219114,0.020537857901420882,0.5819721140642089,0.25050837241827284,18.75,-0.00024832826188614376,,,,0.04756766720963285
chandigarh,8074,417919,971597704.088122,141119,6.0,2018,3,2018-Q3,2018-07-01,197262,8073.0,319560.0,113150.0,2.0,171635.0,2324.8469298790483,23519.833333333332,69653.16666666667,161932950.68135366,0.04251730808750062,0.3077950932532232,0.24718515245249661,2.0,0.14931103795845835,,,,0.0012042875991593825
chhattisgarh,8074,4512546,7219788715.082321,1229445,27.0,2018,3,2018-Q3,2018-07-01,2435063,8073.0,3380470.0,967619.0,17.0,2124217.0,1599.9368682518298,45535.0,167131.33333333334,267399582.04008597,0.021961128802020422,0.3348871606610915,0.2705879070171213,0.588235294117647,0.14633439050718455,,,,0.013003484379595748
dadra & nagar haveli & daman & diu,8074,327117,494728286.0806344,79851,5.0,2018,3,2018-Q3,2018-07-01,190778,8073.0,233330.0,62632.0,1.0,150355.0,1512.3894083176185,15970.2,65423.4,98945657.21612689,0.06261662346119648,0.40195002785754075,0.2749233618597522,4.0,0.26885038741644784,,,,0.0009426299033406468
delhi,8074,12574966,19957898704.19008,3271387,20830.0,2018,3,2018-Q3,2018-07-01,7857195,8073.0,6889986.0,2581867.0,1582.0,3933398.0,1587.1135320914648,157.05170427268362,603.6949591934709,958132.4389913623,6.367329820654053,0.825107627214337,0.2670625558946298,12.166877370417193,0.9975591079265307,,,,0.03623638938083903
goa,8074,376513,784750606.0741248,160129,4.0,2018,3,2018-Q3,2018-07-01,206471,8073.0,257510.0,128359.0,1.0,155786.0,2084.258992582261,40032.25,94128.25,196187651.5185312,0.024979859987884767,0.4621296260339405,0.2475089397704875,3.0,0.3253501598346449,,,,0.0010849708599568258
gujarat,8074,12242103,18865469253.16249,4601012,274.0,2018,3,2018-Q3,2018-07-01,6110333,8073.0,8576111.0,3729318.0,112.0,5503458.0,1541.0317372074464,16792.014598540147,44679.20802919708,68852077.56628646,0.059552115925800675,0.4274655493614763,0.23374086092953195,1.4464285714285716,0.11027157834219858,,,,0.03527720163603922
haryana,8074,9035319,17864845143.183334,3194626,3949.0,2018,3,2018-Q3,2018-07-01,4806047,8073.0,6867153.0,2621706.0,168.0,4054740.0,1977.2235095610165,808.9708787034692,2288.0017726006586,4523890.894703301,1.2361384399926627,0.31572996844543866,0.2185294613507387,22.50595238095238,0.18529104208901193,,,,0.02603643918115509
himachal pradesh,8074,983069,1754538049.2417238,411528,1.0,2018,3,2018-Q3,2018-07-01,591381,8073.0,752625.0,321663.0,2.0,495410.0,1784.7557488250811,411528.0,983069.0,1754538049.2417238,0.0024299683132131956,0.3061870121242318,0.27937624159446384,-0.5,0.19372035283906253,,,,0.0028328403490102514
jammu & kashmir,8074,1277209,2141341083.7828207,476825,8.0,2018,3,2018-Q3,2018-07-01,484480,8073.0,1086777.0,380192.0,2.0,571507.0,1676.5784486194668,59603.125,159651.125,267667635.4728526,0.01677764378965029,0.17522638038898508,0.25416894621664854,3.0,-0.15227635007095275,,,,0.003680442765786566
jharkhand,8074,9200318,9973432389.379925,1545612,16.0,2018,3,2018-Q3,2018-07-01,2349945,8073.0,3756004.0,1238359.0,,2116672.0,1084.0312681996345,96600.75,575019.875,623339524.3362453,0.010351886501916393,1.4494963264149878,0.24811302699782534,,0.11020743884739814,,,,0.026511905119707056
karnataka,8074,23401492,43888971406.79382,6536115,65096.0,2018,3,2018-Q3,2018-07-01,11393430,8073.0,16008698.0,5226252.0,18604.0,8777546.0,1875.4774869394578,100.40732149440827,359.49201179795995,674219.1748616478,9.959433088310105,0.46179857974708494,0.2506314276464281,2.4990324661363146,0.2980199705020059,,,,0.06743442298011695
kerala,8074,3089723,5223931290.203843,1311720,97.0,2018,3,2018-Q3,2018-07-01,1718134,8073.0,2318135.0,1053063.0,8.0,1454296.0,1690.7442156477598,13522.886597938144,31852.81443298969,53854961.75467879,0.07394870856585246,0.3328486045894652,0.24562348121622346,11.125,0.18141973848515014,,,,0.008903436057555471
ladakh,8074,30349,97489777.85152242,27274,,2018,3,2018-Q3,2018-07-01,18155,8073.0,18412.0,21011.0,,11482.0,3212.2896257379953,,,,,0.6483271779274387,0.2980819570701061,,0.5811705277826162,,,,8.745456499199153e-05
lakshadweep,8074,2676,7647500.449565986,1491,,2018,3,2018-Q3,2018-07-01,1481,8073.0,2875.0,1172.0,,1202.0,2857.810332423762,,,,,-0.06921739130434779,0.2721843003412969,,0.23211314475873546,,,,7.711239774574757e-06
madhya pradesh,8074,18062698,25331787718.834587,4233736,76.0,2018,3,2018-Q3,2018-07-01,7152252,8073.0,11249274.0,3390239.0,23.0,6493926.0,1402.4365418075743,55707.05263157895,237667.07894736843,333312996.3004551,0.01795104843570785,0.6056767752301171,0.24880163315919623,2.3043478260869565,0.101375654727202,,,,0.05204999822635722
maharashtra,8074,30786153,50334957437.10378,10390459,38653.0,2018,3,2018-Q3,2018-07-01,16189479,8073.0,21707384.0,8236836.0,6629.0,13039678.0,1634.9869188626387,268.8137790080977,796.4751248286032,1302226.4102942536,3.720047401178331,0.4182341363657638,0.26146241105201073,4.830894554231407,0.2415551212230853,,,,0.08871427784743796
manipur,8074,219782,436231935.4022121,71019,,2018,3,2018-Q3,2018-07-01,113751,8073.0,184930.0,54326.0,,113472.0,1984.839228882311,,,,,0.1884604985670253,0.30727460147995433,,0.0024587563451776706,,,,0.0006333302317397568
meghalaya,8074,123884,233167830.81494468,42882,,2018,3,2018-Q3,2018-07-01,81832,8073.0,79675.0,31651.0,,56085.0,1882.1464500253842,,,,,0.5548666457483526,0.35483870967741926,,0.4590710528661852,,,,0.00035698775345045563
mizoram,8074,45614,129714622.12975363,16728,,2018,3,2018-Q3,2018-07-01,24604,8073.0,31560.0,12467.0,,18364.0,2843.7458264952347,,,,,0.44531051964512036,0.341782305285955,,0.33979525157917667,,,,0.00013144263493178362
nagaland,8074,117956,289452939.43801266,33223,1.0,2018,3,2018-Q3,2018-07-01,77504,8073.0,82859.0,23866.0,,58079.0,2453.9060279935966,33223.0,117956.0,289452939.43801266,0.030099629774553775,0.42357498883645706,0.3920640241347524,,0.33445823791731955,,,,0.00033990545547449183
odisha,8074,33773146,26439174825.05436,2740899,41.0,2018,3,2018-Q3,2018-07-01,6109834,8073.0,9547287.0,2160851.0,7.0,4832463.0,782.8460761415107,66851.19512195123,823735.268292683,644857922.5623014,0.014958595701629282,2.537460013509597,0.2684349823287213,4.857142857142857,0.26433125302770044,,,,0.09732168413591942
puducherry,8074,186869,415949662.45048106,79099,2.0,2018,3,2018-Q3,2018-07-01,84545,8073.0,128321.0,63878.0,,68910.0,2225.889058380368,39549.5,93434.5,207974831.22524053,0.025284769718959786,0.45626203037694535,0.23828235073108117,,0.22689014656798734,,,,0.0005384871694450711
punjab,8074,3874407,7787076149.215161,1542608,17.0,2018,3,2018-Q3,2018-07-01,1933346,8073.0,2932771.0,1225027.0,12.0,1731538.0,2009.875614310825,90741.64705882352,227906.29411764705,458063302.8950095,0.011020298092580877,0.3210738240387674,0.2592440819671731,0.41666666666666674,0.11654840956421397,,,,0.011164604395101219
rajasthan,8074,16464948,27314548840.20022,5199376,8587.0,2018,3,2018-Q3,2018-07-01,7654080,8073.0,11883013.0,4262966.0,139.0,7030908.0,1658.9514185043413,605.4938861069057,1917.4272737859555,3180918.695726123,1.6515443391668538,0.3855869719237033,0.21966161587964805,60.776978417266186,0.08863321778637978,,,,0.04744587515093614
sikkim,8074,124034,264307338.56030768,41742,,2018,3,2018-Q3,2018-07-01,75943,8073.0,87348.0,32306.0,,59274.0,2130.9265085404622,,,,,0.4199981682465541,0.29208196619822946,,0.28121942166885994,,,,0.0003574199978324385
tamil nadu,8074,10812101,22361948450.27646,3937412,211.0,2018,3,2018-Q3,2018-07-01,4759711,8073.0,7129251.0,3061794.0,58.0,3673579.0,2068.2334035056147,18660.72037914692,51242.184834123225,105980798.34254245,0.05358849924772922,0.5165830183282929,0.28598200924033423,2.6379310344827585,0.29566044448751483,,,,0.031156466097877245
telangana,8074,19955785,33180363175.15136,5290796,31579.0,2018,3,2018-Q3,2018-07-01,7792425,8073.0,11544276.0,4414688.0,395.0,6332946.0,1662.6939594283742,167.54159409734316,631.9321384464359,1050709.7493635442,5.968667096595673,0.7286302752983382,0.19845298240781672,78.94683544303797,0.23045814696667244,,,,0.05750517302872284
andaman & nicobar islands,8075,31139,107983057.52065912,20050,,2018,4,2018-Q4,2018-10-01,18359,8074.0,21154.0,15949.0,,13138.0,3467.775378806613,,,,,0.4720147489836437,0.2571321085961502,,0.3973968640584564,,,,7.268828963735514e-05
andhra pradesh,8075,35722329,57943164106.78687,6134766,28877.0,2018,4,2018-Q4,2018-10-01,14242724,8074.0,29262730.0,4841052.0,9605.0,9823208.0,1622.043291376295,212.44471378605812,1237.051251861343,2006550.6841703388,4.707107002940291,0.22074492024496695,0.2672381953344025,2.0064549713690787,0.4499055705630992,,,,0.08338723134567234
arunachal pradesh,8075,222216,597276469.6237385,71555,2.0,2018,4,2018-Q4,2018-10-01,141727,8074.0,160327.0,53503.0,,102215.0,2687.8193722492465,35777.5,111108.0,298638234.81186926,0.027950527566207813,0.3860173270877645,0.3374016410294749,,0.3865577459277014,,,,0.0005187225334806676
assam,8075,4296227,6693717176.148428,1200972,58.0,2018,4,2018-Q4,2018-10-01,2764241,8074.0,2726534.0,900297.0,12.0,1729859.0,1558.045507406482,20706.41379310345,74072.87931034483,115408916.83014531,0.04829421501916781,0.57571004065968,0.33397312220300623,3.833333333333333,0.5979574057770027,,,,0.010028754697447746
bihar,8075,18324599,32563096733.8254,4894391,780.0,2018,4,2018-Q4,2018-10-01,8778363,8074.0,16507213.0,3846555.0,79.0,6195903.0,1777.0155152549532,6274.860256410257,23493.07564102564,41747559.91516077,0.15936609886705005,0.11009647721877713,0.27240894774674995,8.873417721518987,0.41680123139435854,,,,0.04277541859405852
chandigarh,8075,603259,1354040230.1718202,175644,17.0,2018,4,2018-Q4,2018-10-01,279421,8074.0,417919.0,141119.0,6.0,197262.0,2244.5421123792935,10332.0,35485.82352941176,79649425.30422471,0.09678668215253582,0.4434830672929444,0.2446516769534932,1.8333333333333335,0.4164968417637456,,,,0.0014081975952452302
chhattisgarh,8075,6353226,10755271064.359688,1584333,828.0,2018,4,2018-Q4,2018-10-01,3372461,8074.0,4512546.0,1229445.0,27.0,2435063.0,1692.8834365973582,1913.445652173913,7672.978260869565,12989457.80719769,0.5226174042956878,0.4079027670853661,0.2886570769737564,29.666666666666668,0.38495841791362273,,,,0.014830441941602981
dadra & nagar haveli & daman & diu,8075,460719,718948346.7433174,101702,9.0,2018,4,2018-Q4,2018-10-01,240461,8074.0,327117.0,79851.0,5.0,190778.0,1560.4920716170102,11300.222222222223,51191.0,79883149.63814637,0.08849383492949991,0.4084226744559285,0.2736471678501209,0.8,0.26042310958286596,,,,0.0010754640840564124
delhi,8075,24850974,31024643827.81318,4336314,122312.0,2018,4,2018-Q4,2018-10-01,16093319,8074.0,12574966.0,3271387.0,20830.0,7857195.0,1248.4276804528135,35.45289096736216,203.17690823467854,253651.67626899388,28.206444459511005,0.9762259396963777,0.3255276737359414,4.871915506481037,1.0482270072207704,,,,0.05801004514860406
goa,8075,579647,1267443769.8483543,204229,231.0,2018,4,2018-Q4,2018-10-01,301078,8074.0,376513.0,160129.0,4.0,206471.0,2186.5786760707024,884.1082251082252,2509.2943722943724,5486769.566443092,1.1310832447889378,0.5395139078863147,0.27540295636642953,56.75,0.4582096275021674,,,,0.001353079707871929
gujarat,8075,16308079,26472137603.705414,5796205,1087.0,2018,4,2018-Q4,2018-10-01,8704983,8074.0,12242103.0,4601012.0,274.0,6110333.0,1623.252965827883,5332.295308187672,15002.832566697332,24353392.45971059,0.1875365001755459,0.33213051711785146,0.2597674163857864,2.9671532846715327,0.42463315829104564,,,,0.03806822215809336
haryana,8075,14526062,27650255494.45132,3994128,29642.0,2018,4,2018-Q4,2018-10-01,7602117,8074.0,9035319.0,3194626.0,3949.0,4806047.0,1903.4928733232255,134.74556372714392,490.0499966264085,932806.6761504393,7.421394607283492,0.6076977470302931,0.25026466321879304,6.506204102304381,0.5817816596466909,,,,0.0339084300056578
himachal pradesh,8075,1486465,2782592809.741012,536663,17.0,2018,4,2018-Q4,2018-10-01,826781,8074.0,983069.0,411528.0,1.0,591381.0,1871.9531302391997,31568.41176470588,87439.11764705883,163681929.9847654,0.03167723506185446,0.5120657858197135,0.30407408487393317,16.0,0.3980513408445656,,,,0.0034698801649311506
jammu & kashmir,8075,1268516,3101815416.7378845,601895,21.0,2018,4,2018-Q4,2018-10-01,673367,8074.0,1277209.0,476825.0,8.0,484480.0,2445.231606647362,28661.666666666668,60405.52380952381,147705496.03513736,0.034889806361574696,-0.006806247059017001,0.2622974885964453,1.625,0.3898757430647293,,,,0.002961118161071942
jharkhand,8075,7195365,11735730521.99698,1954512,227.0,2018,4,2018-Q4,2018-10-01,3314423,8074.0,9200318.0,1545612.0,16.0,2349945.0,1631.0125368201586,8610.185022026431,31697.64317180617,51699253.40086775,0.11614152279443667,-0.21792214138685206,0.2645553994146008,13.1875,0.41042577592241525,,,,0.016796261124843052
karnataka,8075,42808188,67783584568.181816,8476930,230749.0,2018,4,2018-Q4,2018-10-01,22411453,8074.0,23401492.0,6536115.0,65096.0,11393430.0,1583.425688753325,36.7365839071892,185.51841178076612,293754.6189503825,27.220821688984103,0.8292931066104674,0.29693709489505626,2.544749293351358,0.9670505721279721,,,,0.09992787077922703
kerala,8075,4444604,7775997131.858362,1712592,172.0,2018,4,2018-Q4,2018-10-01,2322398,8074.0,3089723.0,1311720.0,97.0,1718134.0,1749.5365463061191,9956.93023255814,25840.720930232557,45209285.65033931,0.10043256070330821,0.43851212552063723,0.30560790412588057,0.7731958762886597,0.35169783032056867,,,,0.010375113615573629
ladakh,8075,44498,157126695.5508374,35989,3.0,2018,4,2018-Q4,2018-10-01,25020,8074.0,30349.0,27274.0,,18155.0,3531.0956795999236,11996.333333333334,14832.666666666666,52375565.183612466,0.08335880407902414,0.46620975979439194,0.3195350883625432,,0.3781327458000552,,,,0.0001038724272546655
lakshadweep,8075,3019,9506907.55399945,1903,,2018,4,2018-Q4,2018-10-01,1800,8074.0,2676.0,1491.0,,1481.0,3149.0253574029316,,,,,0.12817638266068765,0.2763246143527833,,0.21539500337609718,,,,7.0473023030660955e-06
madhya pradesh,8075,22807607,35619617648.65941,5311159,498.0,2018,4,2018-Q4,2018-10-01,10163524,8074.0,18062698.0,4233736.0,76.0,7152252.0,1561.7428715191124,10664.977911646587,45798.40763052209,71525336.64389439,0.09376484492367862,0.2626910442725665,0.25448516393086384,5.552631578947368,0.42102431513878424,,,,0.053240179310542035
maharashtra,8075,45715147,76570396171.72795,13355155,229210.0,2018,4,2018-Q4,2018-10-01,23240057,8074.0,30786153.0,10390459.0,38653.0,16189479.0,1674.9458592297199,58.266022424850576,199.4465642860259,334062.19698847324,17.16266115967954,0.48492560925036665,0.28532868470969386,4.929940754921998,0.43550369965580726,,,,0.10671363389801429
manipur,8075,285294,690125762.2015524,93713,3.0,2018,4,2018-Q4,2018-10-01,164993,8074.0,219782.0,71019.0,,113751.0,2418.9985145202927,31237.666666666668,95098.0,230041920.7338508,0.032012634319678164,0.2980771855747968,0.31954828989425366,,0.45047516065792825,,,,0.0006659665661646037
meghalaya,8075,182356,368078549.9946032,56903,3.0,2018,4,2018-Q4,2018-10-01,118819,8074.0,123884.0,42882.0,,81832.0,2018.4614161014895,18967.666666666668,60785.333333333336,122692849.99820107,0.05272129764687275,0.47198992605986234,0.32696702579170744,,0.45198699775149076,,,,0.00042567666736598907
mizoram,8075,66234,213839671.5236764,22190,,2018,4,2018-Q4,2018-10-01,36184,8074.0,45614.0,16728.0,,24604.0,3228.5483516574027,,,,,0.4520541938878415,0.32651841224294587,,0.47065517801983425,,,,0.00015461113638333217
nagaland,8075,173326,459578755.8604632,44601,15.0,2018,4,2018-Q4,2018-10-01,109267,8074.0,117956.0,33223.0,1.0,77504.0,2651.5280792291014,2973.4,11555.066666666668,30638583.72403088,0.33631532925270735,0.46941232323917403,0.3424735875748728,14.0,0.4098240090834022,,,,0.00040459778700935214
odisha,8075,23730246,26644806732.25345,3565892,448.0,2018,4,2018-Q4,2018-10-01,9660259,8074.0,33773146.0,2740899.0,41.0,6109834.0,1122.820502250733,7959.580357142857,52969.299107142855,59475015.02735145,0.1256347640366001,-0.29736347333470203,0.3009935791140059,9.926829268292684,0.5811000757140046,,,,0.05539391099308546
puducherry,8075,317336,629583184.6702774,106491,193.0,2018,4,2018-Q4,2018-10-01,135865,8074.0,186869.0,79099.0,2.0,84545.0,1983.9639519949749,551.7668393782384,1644.2279792746115,3262089.0397423697,1.8123597299302288,0.6981735868442598,0.3463002060708733,95.5,0.6070140162043882,,,,0.0007407627438376226
punjab,8075,5490558,11861935853.584469,1950642,113.0,2018,4,2018-Q4,2018-10-01,2824577,8074.0,3874407.0,1542608.0,17.0,1933346.0,2160.424469349831,17262.318584070796,48589.008849557526,104972883.66003954,0.05792964572689402,0.417135060926743,0.2645091948181262,5.647058823529412,0.46097853151996593,,,,0.012816701569565412
rajasthan,8075,24362909,42987736624.69517,6407477,45801.0,2018,4,2018-Q4,2018-10-01,11168140,8074.0,16464948.0,5199376.0,8587.0,7654080.0,1764.4747031109941,139.89818999585162,531.9296303574158,938576.3766008421,7.148055311006188,0.4796833248425685,0.23235499798437353,4.333760335390707,0.45910939002466655,,,,0.05687074683838679
sikkim,8075,181845,431701308.0315608,53799,1.0,2018,4,2018-Q4,2018-10-01,108280,8074.0,124034.0,41742.0,,75943.0,2374.007028136934,53799.0,181845.0,431701308.0315608,0.018587706091191286,0.4660899430801231,0.2888457668535289,,0.4258061967528277,,,,0.00042448383150084606
tamil nadu,8075,17123273,33652624050.33696,5262463,12417.0,2018,4,2018-Q4,2018-10-01,7901767,8074.0,10812101.0,3937412.0,211.0,4759711.0,1965.3149284215092,423.8111460095031,1379.0185229926713,2710205.689807277,2.3595415302682414,0.5837137481420123,0.33652841003176714,57.84834123222749,0.6601358779976347,,,,0.039971143176193935
telangana,8075,30393583,51158381363.15648,6687832,116006.0,2018,4,2018-Q4,2018-10-01,13909469,8074.0,19955785.0,5290796.0,31579.0,7792425.0,1683.1967906895504,57.6507422029895,262.0000948226816,440997.7187658955,17.345830457463645,0.5230462244406822,0.2640502487716405,2.6735172108046488,0.7849987648260972,,,,0.07094825023992399
tripura,8075,538364,726298399.8778081,155407,6.0,2018,4,2018-Q4,2018-10-01,319338,8074.0,446745.0,116340.0,,221767.0,1349.0842624651873,25901.166666666668,89727.33333333333,121049733.31296802,0.03860829949744864,0.20508119844654105,0.3358002406738869,,0.4399707801431232,,,,0.0012567121090055898
uttar pradesh,8075,40312896,60754036465.70648,10830097,44207.0,2018,4,2018-Q4,2018-10-01,22044677,8074.0,29327534.0,8443146.0,5805.0,13655861.0,1507.0620693116784,244.98602031352502,911.9120501278078,1374308.061295869,4.081865564084976,0.3745750324592583,0.28270872018558,6.615331610680448,0.6143015076090772,,,,0.0941030688387095
uttarakhand,8075,3625698,6268906600.516947,1050477,102.0,2018,4,2018-Q4,2018-10-01,1847664,8074.0,2523526.0,835826.0,10.0,1333958.0,1729.0206190689205,10298.79411764706,35546.05882352941,61459868.63251909,0.09709874656941561,0.4367587256877876,0.25681302089190816,9.2,0.3850990810805137,,,,0.008463527613654235
west bengal,8075,33555072,33751269225.912643,6251947,2273.0,2018,4,2018-Q4,2018-10-01,16379853,8074.0,54031451.0,4790914.0,387.0,9636974.0,1005.8470214551363,2750.5266168059834,14762.460184777827,14848776.606208818,0.3635667416886292,-0.378971480888048,0.30495913723352164,4.873385012919897,0.6996884084153387,,,,0.07832816700402408
tripura,8076,722617,930951274.7847986,187484,389.0,2019,1,2019-Q1,2019-01-01,343127,8075.0,538364.0,155407.0,6.0,319338.0,1288.305249924647,481.96401028277637,1857.6272493573265,2393190.937750125,2.07484371999744,0.3422461383004807,0.20640640382994335,63.83333333333333,0.07449473598506917,2.9257941315484954,2.353437790656078,,0.0010032357409415816
uttar pradesh,8076,64046373,84430169656.88228,13103108,234825.0,2019,1,2019-Q1,2019-01-01,27231898,8075.0,40312896.0,10830097.0,44207.0,22044677.0,1318.266214027175,55.799459171723626,272.74086234429893,359545.06401312584,17.921320651558393,0.5887316306920742,0.20987909895913215,4.311941547718687,0.23530492190926644,3.331418541793556,1.6623664408458874,9783.375,0.08891793366510324
uttarakhand,8076,6519708,8342691139.590234,1272751,7020.0,2019,1,2019-Q1,2019-01-01,2334030,8075.0,3625698.0,1050477.0,102.0,1847664.0,1279.6111635045977,181.30356125356124,928.7333333333333,1188417.54125217,5.5156114589578005,0.7981938925966807,0.21159339995068915,67.82352941176471,0.2632329254669681,3.4929016554878913,1.5457769439099422,,0.009051550248752462
west bengal,8076,43101342,42921381534.937065,7438601,160231.0,2019,1,2019-Q1,2019-01-01,16502874,8075.0,33555072.0,6251947.0,2273.0,16379853.0,995.8247131826444,46.42423126610955,268.99502593131166,267871.89454560645,21.54047515117426,0.28449558981724143,0.18980551178696814,69.49318081830181,0.0075105069624250564,3.2458013927174063,1.8869585837581142,5524.206896551724,0.05983917729163099
andaman & nicobar islands,8076,40726,126352730.02408026,24369,5.0,2019,1,2019-Q1,2019-01-01,24638,8075.0,31139.0,20050.0,,18359.0,3102.5077352079816,4873.8,8145.2,25270546.00481605,0.20517871065698223,0.3078775811683099,0.2154114713216957,,0.34201209216188255,3.4808009682033223,1.6225785622040463,,5.654140268715911e-05
andhra pradesh,8076,67981444,98042197867.21909,7399826,117391.0,2019,1,2019-Q1,2019-01-01,21565529,8075.0,35722329.0,6134766.0,28877.0,14242724.0,1442.1905758168227,63.035718240750995,579.1026910069767,835176.4434004233,15.864021667536507,0.9030518418885847,0.2062116142653201,3.0652076046680747,0.5141435725357031,5.258171236977034,1.4839741298081557,3912.0333333333333,0.09438113736823053
arunachal pradesh,8076,293223,762934389.2826967,88991,27.0,2019,1,2019-Q1,2019-01-01,175799,8075.0,222216.0,71555.0,2.0,141727.0,2601.891356689948,3295.962962962963,10860.111111111111,28256829.232692473,0.3034014675641357,0.3195404471325196,0.24367269932219981,12.5,0.24040585068476727,4.1831824931061306,2.3379969992498126,,0.00040709226833317427
assam,8076,4947555,8430938338.259106,1461630,2157.0,2019,1,2019-Q1,2019-01-01,2757939,8075.0,4296227.0,1200972.0,58.0,2764241.0,1704.0615694538224,677.6216968011126,2293.720445062587,3908640.861501672,1.4757496767307732,0.15160465217503627,0.21703919824941798,36.189655172413794,-0.002279830159526597,2.817905488308349,2.254445379610704,,0.006868872454252013
bihar,8076,28578223,44383537984.84218,5903371,47091.0,2019,1,2019-Q1,2019-01-01,10134940,8075.0,18324599.0,4894391.0,780.0,8778363.0,1553.0545053428332,125.3609182221656,606.8722898218343,942505.7438755214,7.976967735891916,0.559555164072076,0.20615026466009767,59.37307692307692,0.15453644375380704,2.93216646124016,1.7156006813645508,23544.5,0.03967619738561195
chandigarh,8076,876820,1678862941.0300002,207673,6750.0,2019,1,2019-Q1,2019-01-01,360000,8075.0,603259.0,175644.0,17.0,279421.0,1914.7178908213775,30.76637037037037,129.89925925925925,248720.43570814817,32.50302157719106,0.45347189184081804,0.1823518025096218,396.05882352941177,0.28837846833273084,2.9148119209733228,1.4575523052163213,,0.001217321433584316
chhattisgarh,8076,8806110,13924157587.499626,1925189,23858.0,2019,1,2019-Q1,2019-01-01,4062272,8075.0,6353226.0,1584333.0,828.0,3372461.0,1581.1927840442177,80.6936457372789,369.1051219716657,583626.3554153587,12.392549510723363,0.38608480164250425,0.21514164004663172,27.814009661835748,0.20454232087487445,2.8145235976841114,1.8047829602488363,2384.8,0.012225846182228028
dadra & nagar haveli & daman & diu,8076,765460,972578611.6164718,122413,139.0,2019,1,2019-Q1,2019-01-01,285372,8075.0,460719.0,101702.0,9.0,240461.0,1270.5805811100147,880.6690647482014,5506.906474820144,6996968.42889548,1.1355003145090798,0.6614465650429002,0.20364397946943025,14.444444444444445,0.18677041183393572,3.3554159625374824,1.63225459627997,,0.0010627162525392332
delhi,8076,36894345,44300658315.162735,5182927,291072.0,2019,1,2019-Q1,2019-01-01,20659076,8075.0,24850974.0,4336314.0,122312.0,16093319.0,1200.743862376815,17.806340012093226,126.75332907321899,152198.28192049643,56.15977226767809,0.48462370126820775,0.19523793710510806,1.379750147164628,0.28370512011847904,6.589261544233869,1.6514322693520707,8315.342857142858,0.051221775217894595
goa,8076,869079,1729283766.1123345,248825,766.0,2019,1,2019-Q1,2019-01-01,405891,8075.0,579647.0,204229.0,231.0,301078.0,1989.788921504644,324.8368146214099,1134.5678851174935,2257550.608501742,3.0784688033758667,0.4993245889308493,0.21836272027968606,2.316017316017316,0.3481257348594051,3.739147031077035,1.5589802130898023,,0.0012065743187632853
gujarat,8076,26455226,36847763352.85492,6920980,50733.0,2019,1,2019-Q1,2019-01-01,11548425,8075.0,16308079.0,5796205.0,1087.0,8704983.0,1392.8349488624638,136.41968738296572,521.4599176078686,726307.5976751803,7.330320272562556,0.6222159581149931,0.1940536954783345,45.672493100275986,0.32664532486737774,2.9869155537658587,1.4599549735592285,2204.782608695652,0.036728762619599314
haryana,8076,25636840,38591994904.580345,4759566,120132.0,2019,1,2019-Q1,2019-01-01,10298565,8075.0,14526062.0,3994128.0,29642.0,7602117.0,1505.3335319243847,39.61946858455699,213.40558718742716,321246.58629324695,25.240116430783814,0.7648857618809557,0.1916408287365854,3.0527629714594156,0.3546969876943489,4.082240751471385,1.39356875926901,30032.0,0.03559256725596101
himachal pradesh,8076,2315161,3423445243.3702383,664582,358.0,2019,1,2019-Q1,2019-01-01,1063259,8075.0,1486465.0,536663.0,17.0,826781.0,1478.7072015165418,1856.3743016759777,6466.930167597765,9562696.210531391,0.538684466326202,0.5574944583289885,0.23836001363984471,20.058823529411764,0.2860225380118797,3.35059607477619,1.8527607625310676,,0.0032142231102147514
jammu & kashmir,8076,1828165,3498272585.7855463,740329,1545.0,2019,1,2019-Q1,2019-01-01,772422,8075.0,1268516.0,601895.0,21.0,673367.0,1913.543135212383,479.17734627831715,1183.2783171521035,2264254.100832069,2.086910008928463,0.4411840292120872,0.22999692637420144,72.57142857142857,0.14710403093706703,1.7861446012652342,1.8806912142943304,771.5,0.0025381086638405497
jharkhand,8076,10723720,15422660565.0615,2344245,39115.0,2019,1,2019-Q1,2019-01-01,3804061,8075.0,7195365.0,1954512.0,227.0,3314423.0,1438.181952257379,59.93212322638374,274.15876262303465,394290.18445766333,16.685542680052638,0.49036497801014955,0.1994016920847761,171.31277533039648,0.14772948413645448,3.0043764002987308,1.6628768559527365,,0.014888134627126206
karnataka,8076,84657050,114709621136.2433,10393952,386773.0,2019,1,2019-Q1,2019-01-01,39499009,8075.0,42808188.0,8476930.0,230749.0,22411453.0,1354.991948529311,26.87352012679272,218.88045442675678,296581.2534386922,37.2113513704893,0.9775901283184423,0.22614578626932147,0.6761632769806154,0.7624474861134618,6.518786742067941,1.6642961140162003,33.65086901988891,0.11753249409116935
kerala,8076,6612793,10360769392.460655,2073323,6922.0,2019,1,2019-Q1,2019-01-01,2906623,8075.0,4444604.0,1712592.0,172.0,2322398.0,1566.7766089851377,299.52658191274196,955.3298179716845,1496788.4126640647,3.3386018483371864,0.4878250120820662,0.2106345235759597,39.24418604651163,0.25156110192998793,2.622709781896512,1.6683762377766738,2306.3333333333335,0.00918078357559856
ladakh,8076,60270,187343278.23590052,44058,12.0,2019,1,2019-Q1,2019-01-01,31236,8075.0,44498.0,35989.0,3.0,25020.0,3108.4001698340885,3671.5,5022.5,15611939.85299171,0.2723682418629988,0.3544428963099464,0.2242073967045486,3.0,0.248441247002398,6.793870425449373,1.9778979384927342,,8.367505622833275e-05
lakshadweep,8076,4622,15684901.402080333,2320,,2019,1,2019-Q1,2019-01-01,2458,8075.0,3019.0,1903.0,,1800.0,3393.5312423367227,,,,,0.5309705200397483,0.21912769311613234,,0.36555555555555563,3.112099644128114,1.691415313225058,,6.416892481953774e-06
madhya pradesh,8076,38928866,49298676966.62583,6383958,66408.0,2019,1,2019-Q1,2019-01-01,13270690,8075.0,22807607.0,5311159.0,498.0,10163524.0,1266.3784495193318,96.13236357065414,586.2074750030117,742360.5132909564,10.402324075440346,0.7068369338352769,0.20198962222746486,132.34939759036143,0.3057173870008081,3.5191877205460935,1.5517082048111046,8300.0,0.05404637550116527
maharashtra,8076,73874732,107583453017.91046,16274312,698175.0,2019,1,2019-Q1,2019-01-01,33977457,8075.0,45715147.0,13355155.0,229210.0,23240057.0,1456.2956792575635,23.309789092992446,105.81119633329753,154092.38803725492,42.90043105969703,0.6159793164396912,0.21857904307362963,2.04600584616727,0.46202124203051653,3.6841253449224878,1.653151947340981,423.93913572732805,0.1025630057068693
manipur,8076,322920,790454446.3704455,112463,59.0,2019,1,2019-Q1,2019-01-01,170783,8075.0,285294.0,93713.0,3.0,164993.0,2447.8336627351837,1906.1525423728813,5473.220338983051,13397532.989329584,0.52461698514178,0.13188500283917648,0.20007896449798857,18.666666666666668,0.03509239785930318,2.0781255957600946,2.1609376317490656,,0.0004483217049486181
meghalaya,8076,233798,446378841.01343787,69850,28.0,2019,1,2019-Q1,2019-01-01,135938,8075.0,182356.0,56903.0,3.0,118819.0,1909.2500406908437,2494.6428571428573,8349.92857142857,15942101.464765638,0.4008589835361489,0.282096558380311,0.22752754687802046,8.333333333333334,0.14407628409597795,3.0492916276975306,2.131444454406886,,0.0003245903566628794
mizoram,8076,85219,256961523.2200399,27134,8.0,2019,1,2019-Q1,2019-01-01,43515,8075.0,66234.0,22190.0,,36184.0,3015.3078916678196,3391.75,10652.375,32120190.402504988,0.294833050784993,0.286635262855935,0.2228030644434429,,0.20260336060137085,2.8419818763806863,1.9138745704467355,,0.0001183126699306834
nagaland,8076,214053,552573719.187345,55915,32.0,2019,1,2019-Q1,2019-01-01,124651,8075.0,173326.0,44601.0,15.0,109267.0,2581.4808444046334,1747.34375,6689.15625,17267928.724604532,0.5722972368774032,0.2349734027208843,0.253671442344342,1.1333333333333333,0.14079273705693396,3.0803865876208087,2.4844519224777217,,0.0002971776474339358
odisha,8076,37193760,38343233060.50919,4265066,56750.0,2019,1,2019-Q1,2019-01-01,10887807,8075.0,23730246.0,3565892.0,448.0,9660259.0,1030.904997518648,75.15534801762115,655.3966519823789,675651.6838856245,13.305772993899742,0.5673566974400519,0.19607267971099507,125.67410714285714,0.12707195531714,4.2764695517908535,1.7102188602895856,4728.166666666667,0.05163746406741519
puducherry,8076,497729,890540067.5128368,129946,4824.0,2019,1,2019-Q1,2019-01-01,180367,8075.0,317336.0,106491.0,193.0,135865.0,1789.2067119111741,26.937396351575455,103.17765339966833,184606.14998193135,37.12311267757376,0.5684605591549652,0.22025335474359342,23.99481865284974,0.32754572553637806,3.686184235302979,1.724177690195174,,0.0006910154647664149
punjab,8076,7829874,14541052478.29444,2322582,19290.0,2019,1,2019-Q1,2019-01-01,3247097,8075.0,5490558.0,1950642.0,113.0,2824577.0,1857.124709579546,120.40342146189735,405.90326594090203,753812.984877887,8.305411821843103,0.42606161340978455,0.1906756852359377,169.7079646017699,0.14958700010656467,2.637453834253938,1.5736862751181806,1606.5,0.01087050186180124
rajasthan,8076,48143566,65499410518.32512,7779148,198786.0,2019,1,2019-Q1,2019-01-01,16759749,8075.0,24362909.0,6407477.0,45801.0,11168140.0,1360.501848124942,39.13327900355156,242.1879106174479,329497.0999885561,25.553698168488374,0.9761008835192875,0.21407349569885303,3.3402109124254933,0.5006750452626847,4.1921157296620075,1.4428399208784888,6022.818181818182,0.06683948219814914
sikkim,8076,233031,479741568.5013781,64728,15.0,2019,1,2019-Q1,2019-01-01,122550,8075.0,181845.0,53799.0,1.0,108280.0,2058.702784184843,4315.2,15535.4,31982771.233425207,0.2317389692250649,0.28148148148148144,0.2031450398706296,14.0,0.1317879571481344,3.445290145358819,1.7742156694668267,,0.0003235255023717373
tamil nadu,8076,25178515,46065559235.41664,6377974,89054.0,2019,1,2019-Q1,2019-01-01,9953421,8075.0,17123273.0,5262463.0,12417.0,7901767.0,1829.5582259484581,71.61917488265547,282.7331169852,517276.69992832036,13.962741146326405,0.4704265358614559,0.21197507706942553,6.171941692840461,0.259644962955754,4.1135402875490135,1.9588505621282284,1854.2916666666667,0.03495625781269155
telangana,8076,64813405,93511348877.08844,8100506,280921.0,2019,1,2019-Q1,2019-01-01,24788513,8075.0,30393583.0,6687832.0,116006.0,13909469.0,1442.7779080128323,28.835530273635648,230.71755048572373,332874.1848316375,34.67943854371566,1.1324700348754537,0.21123048545477818,1.4216075030601867,0.7821322294905722,5.938613146766065,1.348274966401473,7802.361111111111,0.08998283238302145
andaman & nicobar islands,8077,46764,163354796.04235423,28099,9.0,2019,2,2019-Q2,2019-04-01,27418,8076.0,40726.0,24369.0,5.0,24638.0,3493.1741519620696,3122.1111111111113,5196.0,18150532.893594913,0.32029609594647496,0.14825909738250753,0.15306331815010865,0.8,0.1128338339150905,2.104766963218696,1.20574613391946,,5.650205976915327e-05
andhra pradesh,8077,73241659,144859083315.21857,8379878,202343.0,2019,2,2019-Q2,2019-04-01,29006645,8076.0,67981444.0,7399826.0,117391.0,21565529.0,1977.8236224171078,41.41422238476251,361.9678417340852,715908.5479370108,24.14629425392589,0.07737721781843887,0.1324425736497048,0.7236670613590479,0.345046764213389,3.9833180335417877,1.1259337247002592,1444.307142857143,0.08849338367996627
arunachal pradesh,8077,387295,1070406251.3836616,108855,81.0,2019,2,2019-Q2,2019-04-01,235969,8076.0,293223.0,88991.0,27.0,175799.0,2763.800853054291,1343.888888888889,4781.419753086419,13214891.992390884,0.7441091360066143,0.32082067232106626,0.22321358339607378,2.0,0.34226588319615026,2.8400027761803726,1.754637244730116,,0.0004679446847637973
assam,8077,5585407,10669441203.404137,1719942,6178.0,2019,2,2019-Q2,2019-04-01,3193461,8076.0,4947555.0,1461630.0,2157.0,2757939.0,1910.235226081848,278.3978633862091,904.0801230171577,1727005.6981877852,3.5919815900768746,0.1289226698844177,0.1767287206748629,1.8641631896152062,0.15791574795526664,1.7970375096211582,1.5692518892854102,,0.0067485031252469225
bihar,8077,29212818,61070184415.5835,6750778,136642.0,2019,2,2019-Q2,2019-04-01,13444865,8076.0,28578223.0,5903371.0,47091.0,10134940.0,2090.5269876936727,49.40485355893503,213.79091348194552,446935.6743576902,20.240926305086614,0.02220554441051137,0.1435462890609449,1.9016584910067742,0.32658555452720983,1.7996163525140783,1.1946662427385237,34159.5,0.035296047999773254
chandigarh,8077,1081281,2214484682.804943,240155,15994.0,2019,2,2019-Q2,2019-04-01,534131,8076.0,876820.0,207673.0,6750.0,360000.0,2048.019601569752,15.015318244341628,67.60541453044893,138457.21413060793,66.59865503528971,0.23318469013024345,0.15640935509189924,1.3694814814814813,0.4836972222222222,2.3836556515208414,1.122448077772868,7996.0,0.0013064452076223124
chhattisgarh,8077,10141906,18246258174.34085,2212185,48515.0,2019,2,2019-Q2,2019-04-01,5256226,8076.0,8806110.0,1925189.0,23858.0,4062272.0,1799.0955718127195,45.597959394001855,209.04681026486654,376095.19064909517,21.93080596785531,0.15168967909780817,0.14907419479334227,1.033489814737195,0.2939128645250737,2.000146725159519,1.286214925502703,2852.823529411765,0.012253840111734115
dadra & nagar haveli & daman & diu,8077,660479,1087297036.7210982,139004,1779.0,2019,2,2019-Q2,2019-04-01,324440,8076.0,765460.0,122413.0,139.0,285372.0,1646.2249923481263,78.13603147835863,371.26419336706016,611184.3938848219,12.798192857759489,-0.13714759752305805,0.13553299077712344,11.798561151079136,0.1369020086063104,1.8306647237817684,1.219376676459318,1778.0,0.000798016079340317
delhi,8077,43013774,58968863487.08167,5845734,377636.0,2019,2,2019-Q2,2019-04-01,25329627,8076.0,36894345.0,5182927.0,291072.0,20659076.0,1370.9297744271794,15.479811246809097,113.9027370271902,156152.6535793242,64.60027089840216,0.1658636032161569,0.12788275814033256,0.2973972075637643,0.22607743928140822,5.242940696831605,1.2641499349114418,237.7079646017699,0.05197089276890025
goa,8077,1066466,2165028896.673666,290801,1863.0,2019,2,2019-Q2,2019-04-01,527008,8076.0,869079.0,248825.0,766.0,405891.0,2030.0965025361015,156.09286097691896,572.4455179817498,1162119.6439472174,6.406442893937779,0.22712204529162472,0.1686968753139757,1.4321148825065273,0.29839784572705486,3.1414547007883193,1.2655287124393304,1862.0,0.0012885451559697591
gujarat,8077,27791578,46130544795.746445,7878532,218360.0,2019,2,2019-Q2,2019-04-01,15025058,8076.0,26455226.0,6920980.0,50733.0,11548425.0,1659.874973481047,36.080472614031876,127.27412529767356,211259.13535329935,27.71582320158121,0.05051372458507819,0.13835497285066567,3.304101866635129,0.3010482381796651,2.2405804915538057,1.1125932409089274,1948.642857142857,0.0335788512795117
haryana,8077,28298601,51094727148.558624,5414773,192408.0,2019,2,2019-Q2,2019-04-01,14367720,8076.0,25636840.0,4759566.0,120132.0,10298565.0,1805.5566474313916,28.14214065943204,147.07601035299987,265554.0681705471,35.53389957436812,0.10382562749543234,0.13766108086325524,0.6016381979822196,0.39511864031542254,3.120863624270495,1.065362401428688,1144.2857142857142,0.03419145592946327
himachal pradesh,8077,2594858,4771816578.540387,782863,3990.0,2019,2,2019-Q2,2019-04-01,1399651,8076.0,2315161.0,664582.0,358.0,1063259.0,1838.950947813093,196.2062656641604,650.340350877193,1195944.0046467136,5.096677196393238,0.12081103646787406,0.177978037322708,10.145251396648044,0.3163782295752964,2.447743564191995,1.433798727239378,1994.0,0.003135207035507346
jammu & kashmir,8077,2119162,5403213176.761848,864680,5604.0,2019,2,2019-Q2,2019-04-01,989235,8076.0,1828165.0,740329.0,1545.0,772422.0,2549.693311205962,154.2969307637402,378.1516773733048,964170.8024200301,6.481010315955035,0.1591743633643572,0.1679672145762221,2.6271844660194175,0.2806924194287579,0.9499510939226723,1.2743245518054036,2801.0,0.002560452869397793
jharkhand,8077,11813006,21079454312.56851,2680159,103275.0,2019,2,2019-Q2,2019-04-01,5681873,8076.0,10723720.0,2344245.0,39115.0,3804061.0,1784.427631084629,25.951672718470103,114.3839845073832,204109.9425085307,38.53316165197662,0.10157725117776284,0.14329304317594782,1.6402914482934934,0.49363351428907154,2.145099419489436,1.1642827322286995,,0.014272927274513863
karnataka,8077,119618345,168764960519.15936,12052561,596683.0,2019,2,2019-Q2,2019-04-01,64951290,8076.0,84657050.0,10393952.0,386773.0,39499009.0,1410.8618583475584,20.1992699641183,200.47218539827682,282838.5600380091,49.50673968793852,0.41297558797524836,0.15957443328581844,0.5427214412588262,0.6443777108433277,6.472084550536215,1.3061576441396245,31.072833799182973,0.14452747580782646
kerala,8077,7662538,13417623455.490543,2457611,36394.0,2019,2,2019-Q2,2019-04-01,3887749,8076.0,6612793.0,2073323.0,6922.0,2906623.0,1751.0677866120263,67.52791668956421,210.54399076770898,368676.79989807506,14.808690228030391,0.1587445728302701,0.18534883373212963,4.257728980063566,0.33754841959208326,2.305475306658154,1.3337739527454673,4548.25,0.009258172527144988
ladakh,8077,103394,370592586.9056551,51485,30.0,2019,2,2019-Q2,2019-04-01,52308,8076.0,60270.0,44058.0,12.0,31236.0,3584.275556663395,1716.1666666666667,3446.4666666666667,12353086.230188502,0.5826939885403516,0.7155135224821636,0.16857324435970766,1.5,0.6746062235881676,4.615576797740604,1.450383132644805,,0.00012492459943058408
lakshadweep,8077,5608,16590874.568089643,2763,,2019,2,2019-Q2,2019-04-01,3217,8076.0,4622.0,2320.0,,2458.0,2958.429844523831,,,,,0.21332756382518392,0.19094827586206886,,0.3087876322213181,0.950608695652174,1.3575085324232083,,6.7758008550468644e-06
madhya pradesh,8077,41244464,67755802214.78655,7278165,225653.0,2019,2,2019-Q2,2019-04-01,19025755,8076.0,38928866.0,6383958.0,66408.0,13270690.0,1642.7853739301001,32.253792327157186,182.77826574430654,300265.4616370558,31.004106117407343,0.0594828012714268,0.1400709403163367,2.3979791591374533,0.4336673526395387,2.6664111835128206,1.1467999748690283,9810.0,0.04983314451447033
maharashtra,8077,99331337,147421594256.61255,18737804,1019256.0,2019,2,2019-Q2,2019-04-01,54030628,8076.0,73874732.0,16274312.0,698175.0,33977457.0,1484.1398365212033,18.383805442401123,97.45474836547443,144636.4743073502,54.39570186559748,0.344591503898789,0.1513730350014182,0.45988613170050496,0.5901904606928059,3.5759238883874724,1.274878849111479,152.75712777191129,0.12001593405448435
manipur,8077,367371,985994013.9163172,130880,165.0,2019,2,2019-Q2,2019-04-01,200970,8076.0,322920.0,112463.0,59.0,170783.0,2683.9190189653436,793.2121212121212,2226.490909090909,5975721.296462528,1.2606968215158925,0.1376532887402453,0.16376052568400268,1.7966101694915255,0.17675646873517858,0.9865408532958417,1.4091595184626144,,0.0004438717432095973
meghalaya,8077,280284,589604772.2250164,83645,90.0,2019,2,2019-Q2,2019-04-01,167684,8076.0,233798.0,69850.0,28.0,135938.0,2103.5976802993264,929.3888888888889,3114.266666666667,6551164.135833515,1.075975850319804,0.19882975902274613,0.19749463135289913,2.2142857142857144,0.23353293413173648,2.517841229996862,1.6427285077880636,,0.00033864988709984936
mizoram,8077,100958,321899390.5114357,32162,21.0,2019,2,2019-Q2,2019-04-01,52540,8076.0,85219.0,27134.0,8.0,43515.0,3188.4485678345022,1531.5238095238096,4807.523809523809,15328542.405306462,0.6529444686275729,0.18468886046538913,0.18530257241836812,1.625,0.20739974721360444,2.1989226869455005,1.5797705943691347,,0.0001219813307282135
nagaland,8077,269720,724857602.930112,68483,75.0,2019,2,2019-Q2,2019-04-01,156958,8076.0,214053.0,55915.0,32.0,124651.0,2687.444768389856,913.1066666666667,3596.266666666667,9664768.03906816,1.0951623030533124,0.2600617604051334,0.22476973978360015,1.34375,0.25917962952563567,2.2551684186388927,1.8694795944020783,,0.0003258860568158417
odisha,8077,30088286,44732976144.56491,4786497,149542.0,2019,2,2019-Q2,2019-04-01,13345566,8076.0,37193760.0,4265066.0,56750.0,10887807.0,1486.7239743920577,32.0077102085033,201.20291289403644,299133.1943170809,31.242472313259572,-0.19103941091193788,0.12225625582347388,1.635101321585903,0.22573498960810023,2.1515011542022355,1.2150981256921463,21362.14285714286,0.036353822040958376
puducherry,8077,579081,1156468427.4018884,152917,9678.0,2019,2,2019-Q2,2019-04-01,246183,8076.0,497729.0,129946.0,4824.0,180367.0,1997.0754132874129,15.800475304815045,59.83477991320521,119494.56782412568,63.2892353368167,0.16344637342811041,0.17677342896280002,1.006218905472637,0.3649004529653428,3.5127531736816264,1.3938914806349603,,0.0006996678913946849
punjab,8077,8907341,18919188553.2558,2699641,62954.0,2019,2,2019-Q2,2019-04-01,4325884,8076.0,7829874.0,2322582.0,19290.0,3247097.0,2123.99958116073,42.88275566286495,141.48967500079422,300524.01044025476,23.31939691240428,0.13760974953109084,0.16234475252111658,2.2635562467599795,0.3322312206872786,2.0371757631264082,1.2037399992000175,5245.166666666667,0.010762191291725034
rajasthan,8077,50086588,86638751323.82938,8846756,329767.0,2019,2,2019-Q2,2019-04-01,23387217,8076.0,48143566.0,7779148.0,198786.0,16759749.0,1729.7794635927162,26.82729321005437,151.8847792532303,262727.17198455083,37.27547137052271,0.040358913172322985,0.13723970799887075,0.6589045506222773,0.3954395737072196,3.2149737612842806,1.0752583999027907,2371.4244604316546,0.06051653812353424
sikkim,8077,298432,708397197.301439,76521,57.0,2019,2,2019-Q2,2019-04-01,165212,8076.0,233031.0,64728.0,15.0,122550.0,2373.730690078273,1342.4736842105262,5235.649122807017,12428021.005288403,0.7448935586309641,0.28065364693967765,0.18219317760474607,2.8,0.3481191350469197,2.4165865274534046,1.3686312140159722,,0.0003605769972848334
tamil nadu,8077,30904172,60589725794.408585,7498284,230529.0,2019,2,2019-Q2,2019-04-01,14143783,8076.0,25178515.0,6377974.0,89054.0,9953421.0,1960.567841597846,32.5264240073917,134.05763266226808,262829.08351837983,30.744234280803447,0.22740248978146638,0.17565295813372717,1.5886428459137152,0.42099716268406606,3.334841345886125,1.4489838310480718,3973.637931034483,0.03733960682277378
telangana,8077,81454985,137682802492.51328,9164840,388096.0,2019,2,2019-Q2,2019-04-01,39189406,8076.0,64813405.0,8100506.0,280921.0,24788513.0,1690.293141574003,23.614878792875988,209.8835983880277,354764.80688415567,42.346183894099624,0.2567613906413342,0.13139105137382767,0.38151295203989743,0.5809502570807696,6.055876436079664,1.075988155901391,981.5215189873418,0.09841703940991967
tripura,8077,787181,1193045264.9864974,222378,882.0,2019,2,2019-Q2,2019-04-01,428388,8076.0,722617.0,187484.0,389.0,343127.0,1515.5920493336316,252.12925170068027,892.4954648526077,1352659.030596936,3.966219680004317,0.08934746899118062,0.18611721533570869,1.2673521850899743,0.24848234035794325,1.9932771319819151,1.6350289715971704,,0.0009511022990150937
uttar pradesh,8077,67580108,110293020020.75024,15042257,480618.0,2019,2,2019-Q2,2019-04-01,35244958,8076.0,64046373.0,13103108.0,234825.0,27231898.0,1632.033793446294,31.29773957696133,140.61085519060876,229481.66739645673,31.95118923975305,0.055174631044290434,0.1479915299484671,1.0467071223251359,0.29425271789722474,2.3228548026877416,1.2193656930464014,1404.3157894736842,0.08165288045124099
uttarakhand,8077,6345096,10996460352.932468,1468181,19747.0,2019,2,2019-Q2,2019-04-01,3147703,8076.0,6519708.0,1272751.0,7020.0,2334030.0,1733.0644568549426,74.34957208689927,321.3194915683395,556867.3901317905,13.44997653559064,-0.026782181042463882,0.1535492802598466,1.8129629629629629,0.3486129141442056,2.2315776124579636,1.180879255383939,,0.0076663885346209765
west bengal,8077,44580900,54718845209.54506,8602074,408272.0,2019,2,2019-Q2,2019-04-01,23489670,8076.0,43101342.0,7438601.0,160231.0,16502874.0,1227.4055752473607,21.06946839361994,109.19411568758083,134025.466379142,47.46204229352131,0.03432742303012293,0.15641019057212513,1.5480212942564173,0.4233684387337624,1.6562026232956897,1.266422197994331,2667.4444444444443,0.053864354553986936
tripura,8078,880275,1426665779.1088414,254600,1187.0,2019,3,2019-Q3,2019-07-01,452124,8077.0,787181.0,222378.0,882.0,428388.0,1620.7046424229263,214.49031171019377,741.5964616680708,1201908.828229858,4.662215239591516,0.1182625088766116,0.1448974269037404,0.3458049886621315,0.055407714501806815,0.9704193667528456,1.1884132714457625,,0.000795950555850763
uttar pradesh,8078,76672707,123828842522.57433,16953678,671645.0,2019,3,2019-Q3,2019-07-01,42320219,8077.0,67580108.0,15042257.0,480618.0,35244958.0,1615.0315720895876,25.24202219922727,114.15659611848521,184366.50689363328,39.61647732132225,0.13454549377162883,0.12707009327124252,0.39746118539047637,0.20074533781541182,1.6143591547792595,1.0079811482591916,114.70111972437554,0.06932797563855918
uttarakhand,8078,6691016,12093509975.50256,1653220,28981.0,2019,3,2019-Q3,2019-07-01,3479573,8077.0,6345096.0,1468181.0,19747.0,3147703.0,1807.4250570470253,57.044960491356406,230.87595321072428,417290.98290267965,17.530032300601253,0.054517693664524636,0.12603282565296792,0.46761533397478106,0.10543243755843545,1.6514551464894756,0.9779475632488102,2897.1,0.006050061519873163
west bengal,8078,60043951,66423789032.74228,9692554,557605.0,2019,3,2019-Q3,2019-07-01,37079581,8077.0,44580900.0,8602074.0,408272.0,23489670.0,1106.2528019307438,17.382473256158033,107.68187336914124,119123.37413176402,57.5292126306441,0.34685371986657954,0.126769427930985,0.3657684092957636,0.5785484002116674,0.11127778152765133,1.023111665122772,1439.8397932816538,0.054292142993866664
andaman & nicobar islands,8078,40623,151428296.95221972,31181,22.0,2019,3,2019-Q3,2019-07-01,21707,8077.0,46764.0,28099.0,9.0,27418.0,3727.649286173343,1417.3181818181818,1846.5,6883104.406919078,0.7055578717808922,-0.1313189633051065,0.10968361863411502,1.4444444444444446,-0.2082938215770661,0.9203460338470266,0.9550442033983322,,3.673158891292556e-05
andhra pradesh,8078,93033155,177040315932.09756,9369779,282013.0,2019,3,2019-Q3,2019-07-01,38574125,8077.0,73241659.0,8379878.0,202343.0,29006645.0,1902.980888180107,33.22463503455514,329.8895972880683,627773.598848626,30.09814852623525,0.27022184191649723,0.11812833074658124,0.3937373667485409,0.32983752516018305,2.179237036325729,0.9354840642075317,28.361061946902655,0.08412120239107118
arunachal pradesh,8078,456122,1290611112.9316866,128047,153.0,2019,3,2019-Q3,2019-07-01,246085,8077.0,387295.0,108855.0,81.0,235969.0,2829.5305048467003,836.9084967320262,2981.1895424836603,8435366.751187494,1.1948737572922443,0.17771207993906457,0.1763079325708512,0.8888888888888888,0.04287003801346789,1.8449481372445065,1.393267667233613,,0.0004124285699761571
assam,8078,6054473,12546298666.063118,1997575,8036.0,2019,3,2019-Q3,2019-07-01,3051698,8077.0,5585407.0,1719942.0,6178.0,3193461.0,2072.2362897750336,248.57827277252363,753.4187406669985,1561261.6558067594,4.022877739258852,0.08398063023876334,0.1614199781155412,0.3007445775331823,-0.04439164906037685,1.2205749130581172,1.2187955752379493,668.6666666666666,0.005474495072259733
bihar,8078,29692696,64038814257.19348,7595450,192625.0,2019,3,2019-Q3,2019-07-01,14352593,8077.0,29212818.0,6750778.0,136642.0,13444865.0,2156.719425450403,39.43127839065542,154.14767553536666,332453.2862151511,25.360577714289477,0.016426967093691625,0.12512217110383417,0.4097056541912443,0.06751484674632291,0.7987709978662054,0.9746110480676866,2437.2911392405063,0.026848334765735397
chandigarh,8078,1428205,2696336857.265588,268117,18880.0,2019,3,2019-Q3,2019-07-01,746995,8077.0,1081281.0,240155.0,15994.0,534131.0,1887.9200515791415,14.201112288135594,75.64645127118644,142814.4521856773,70.41701943554493,0.3208453676703835,0.11643313693239787,0.18044266599975,0.39852395760590564,2.4174206006427084,0.8999355154160673,3145.6666666666665,0.0012913925348542658
chhattisgarh,8078,12460140,21416627955.839325,2488075,65116.0,2019,3,2019-Q3,2019-07-01,6394057,8077.0,10141906.0,2212185.0,48515.0,5256226.0,1718.8111815629138,38.20988697094416,191.3529700841575,328899.62460592366,26.171236799533776,0.22857971667258603,0.1247138010609421,0.3421828300525611,0.2164729979266493,1.7612217138617536,1.0237383534847027,2410.703703703704,0.011266542113519441
dadra & nagar haveli & daman & diu,8078,754087,1278812027.143994,155873,3393.0,2019,3,2019-Q3,2019-07-01,371757,8077.0,660479.0,139004.0,1779.0,324440.0,1695.8414972595922,45.93958149130563,222.24786324786325,376897.1491730015,21.767721157609078,0.1417274432646609,0.12135621996489299,0.9072512647554807,0.14584206632967578,1.3052516377932055,0.9520481897534157,677.6,0.0006818505203599265
delhi,8078,55742193,76468995159.52313,6463153,457771.0,2019,3,2019-Q3,2019-07-01,32091616,8077.0,43013774.0,5845734.0,377636.0,25329627.0,1371.8332746528852,14.118747146499013,121.76872934283736,167046.39472470543,70.82781422627625,0.2959149550560247,0.10561872982930809,0.21220169687212032,0.26695967532407794,3.4327907526747987,0.9756613937757899,20.97652424387902,0.05040246457378718
goa,8078,1351959,2683370624.34643,331094,3458.0,2019,3,2019-Q3,2019-07-01,625843,8077.0,1066466.0,290801.0,1863.0,527008.0,1984.8017760497396,95.74725274725274,390.9655870445344,775989.191540321,10.444163893033398,0.26770004857163765,0.13855867070608419,0.8561460010735373,0.18753984759244635,2.5907365748327416,1.0676704407071798,863.5,0.001222450390545502
gujarat,8078,36868399,55866174464.90448,8815169,379073.0,2019,3,2019-Q3,2019-07-01,21282425,8077.0,27791578.0,7878532.0,218360.0,15025058.0,1515.286152374137,23.254542001144898,97.25936429131065,147375.76789933463,43.00235196852153,0.3266032968692889,0.11888471100961451,0.7360001831837333,0.41646208620292846,2.011606665946202,0.9159195846478991,1382.478102189781,0.03333665352006784
haryana,8078,36134187,62880149756.33475,6054463,260991.0,2019,3,2019-Q3,2019-07-01,19464332,8077.0,28298601.0,5414773.0,192408.0,14367720.0,1740.184434102108,23.197976175423673,138.44993505523178,240928.42188556213,43.10720868225638,0.27688951831929787,0.11813791640018878,0.3564456779343894,0.3547265676112843,2.999215412316931,0.895202443102886,65.09040263357812,0.03267277410793833
himachal pradesh,8078,2800215,5428453807.341392,895546,7828.0,2019,3,2019-Q3,2019-07-01,1483897,8077.0,2594858.0,782863.0,3990.0,1399651.0,1938.5846470151012,114.40291262135922,357.71780786918754,693466.2502991047,8.741036194679001,0.07913997606034706,0.14393706178475663,0.9619047619047618,0.06019071897208672,1.8484419710111903,1.1761484030248246,7827.0,0.0025319731740099903
jammu & kashmir,8078,947784,3026506976.758377,911309,6323.0,2019,3,2019-Q3,2019-07-01,432043,8077.0,2119162.0,864680.0,5604.0,989235.0,3193.2454828931245,144.12604776213823,149.8946702514629,478650.4786902383,6.938371068430137,-0.5527552872314623,0.053926307998334755,0.12830121341898648,-0.5632554448639605,-0.25792568013535766,0.9112022230378021,789.375,0.000856992646191769
jharkhand,8078,15944483,23997376549.448486,3022018,147954.0,2019,3,2019-Q3,2019-07-01,8952523,8077.0,11813006.0,2680159.0,103275.0,5681873.0,1505.0583044585696,20.425388972248133,107.76648823282912,162194.8480571562,48.9586759575886,0.34973968522491217,0.12755176092164677,0.4326216412490922,0.5756288463328907,0.7330360754921732,0.9552242089217733,9246.125,0.01441710841112498
karnataka,8078,179767497,222928023150.4122,13733198,786775.0,2019,3,2019-Q3,2019-07-01,103434009,8077.0,119618345.0,12052561.0,596683.0,64951290.0,1240.0908221490797,17.45505131708557,228.4865393536907,283344.0604371163,57.29000630443106,0.502842202005052,0.13944231437617294,0.31858122319556625,0.5924858305354674,6.681881864626409,1.1011255156924258,11.086380115521692,0.16254697584396963
kerala,8078,9633567,17115421520.797838,2881087,55423.0,2019,3,2019-Q3,2019-07-01,4827707,8077.0,7662538.0,2457611.0,36394.0,3887749.0,1776.6442607185727,51.983598866896415,173.81893798603468,308814.418577086,19.23683665227742,0.25722926268032853,0.1723120542673353,0.5228609111391989,0.24177435323113716,2.117938727840651,1.1964192053182083,570.3711340206186,0.008710735859220775
ladakh,8078,121018,472038870.3422937,56993,47.0,2019,3,2019-Q3,2019-07-01,51154,8077.0,103394.0,51485.0,30.0,52308.0,3900.5674390776057,1212.6170212765958,2574.851063829787,10043380.220048802,0.8246626778727212,0.17045476526684333,0.10698261629600858,0.5666666666666667,-0.022061634931559215,2.9875448943952025,1.089645816528562,,0.00010942528683416845
lakshadweep,8078,5310,16856067.000797197,3275,1.0,2019,3,2019-Q3,2019-07-01,2520,8077.0,5608.0,2763.0,,3217.0,3174.4005651218827,3275.0,5310.0,16856067.000797197,0.3053435114503817,-0.05313837375178321,0.18530582699963816,,-0.2166614858563879,0.9843049327354261,1.1965124077800136,,4.8013375951464615e-06
madhya pradesh,8078,54896351,79071968085.57455,8231531,358087.0,2019,3,2019-Q3,2019-07-01,29189777,8077.0,41244464.0,7278165.0,225653.0,19025755.0,1440.3865948316775,22.987517000058645,153.30450700528084,220817.75681768553,43.50187103711327,0.3309992584701791,0.13098988549998514,0.5868922637855469,0.5342243711221972,2.03921103037874,0.9442712063293508,4710.671052631579,0.04963764856735519
maharashtra,8078,148759948,194352348539.1732,21322044,1309633.0,2019,3,2019-Q3,2019-07-01,84053886,8077.0,99331337.0,18737804.0,1019256.0,54030628.0,1306.4830362751484,16.280930611858437,113.58903448523365,148402.1466618306,61.421550391697906,0.49761346713776744,0.13791584115193012,0.28489113627979634,0.5556710908486941,3.832040820429886,1.0520791237422715,32.8817944273407,0.13450974218162573
manipur,8078,412093,1155501039.9430437,150811,269.0,2019,3,2019-Q3,2019-07-01,204807,8077.0,367371.0,130880.0,165.0,200970.0,2803.9812371067787,560.635687732342,1531.9442379182155,4295542.899416519,1.7836895186690627,0.12173524856344131,0.1522845354523228,0.6303030303030304,0.019092401851022567,0.8750079624355043,1.1235303228713445,,0.00037261725303139185
meghalaya,8078,326183,724948653.2435663,98774,145.0,2019,3,2019-Q3,2019-07-01,175853,8077.0,280284.0,83645.0,90.0,167684.0,2222.5212633508377,681.2,2249.537931034483,4999645.884438388,1.467997651203758,0.16375890168543328,0.18087154043875908,0.6111111111111112,0.04871663366808998,1.6329711665751834,1.3033907000606315,,0.0002949368551408019
mizoram,8078,114147,356730288.3142443,38565,48.0,2019,3,2019-Q3,2019-07-01,55585,8077.0,100958.0,32162.0,21.0,52540.0,3125.183213875479,803.4375,2378.0625,7431881.006546755,1.2446518864255154,0.1306384833297014,0.1990858777439215,1.2857142857142856,0.05795584316711078,1.5024553865041437,1.3054160688665708,,0.0001032124825749874
nagaland,8078,318274,885863908.279764,82418,151.0,2019,3,2019-Q3,2019-07-01,167265,8077.0,269720.0,68483.0,75.0,156958.0,2783.3373391472883,545.8145695364238,2107.774834437086,5866648.399203735,1.832124050571477,0.18001631321370315,0.20348115590730553,1.0133333333333332,0.06566724856330985,1.6982434127979924,1.480751286759173,150.0,0.0002877854843234736
odisha,8078,40800846,56988076003.73456,5361369,205674.0,2019,3,2019-Q3,2019-07-01,21330371,8077.0,30088286.0,4786497.0,149542.0,13345566.0,1396.7376069538989,26.06731526590624,198.37629452434436,277079.6308903146,38.36221681439946,0.3560375622592793,0.12010286437033169,0.3753594307953618,0.5983114541563843,0.2080854416109177,0.9560622262987435,5015.4390243902435,0.03689239845830153
puducherry,8078,765031,1462124362.8365593,173965,11936.0,2019,3,2019-Q3,2019-07-01,338785,8077.0,579081.0,152917.0,9678.0,246183.0,1911.1962297430553,14.574815683646113,64.09442024128687,122497.01431271441,68.61150231368379,0.32111224509179204,0.13764329669036135,0.23331266790659222,0.3761510746071013,3.093942815555282,1.1993324820794196,5967.0,0.0006917461585221267
punjab,8078,11034661,23019351919.045277,3084133,91197.0,2019,3,2019-Q3,2019-07-01,5622095,8077.0,8907341.0,2699641.0,62954.0,4325884.0,2086.095070709039,33.8183602530785,120.99807011195544,252413.47762585696,29.56973645429688,0.2388277264786427,0.14242338147924105,0.448629157797757,0.29964072083301363,1.848090301302883,0.9992979421862196,5363.529411764706,0.009977614446138691
rajasthan,8078,65929301,108541401685.51717,9930100,452793.0,2019,3,2019-Q3,2019-07-01,33642559,8077.0,50086588.0,8846756.0,329767.0,23387217.0,1646.330236164906,21.930771897975454,145.60583092053102,239715.28200638518,45.598030231316905,0.3163064930675654,0.12245663834291354,0.3730694702623367,0.438502024417869,3.00422163495445,0.9098637990405003,51.730057063002214,0.05961371591582433
sikkim,8078,333701,791314969.2661016,88720,111.0,2019,3,2019-Q3,2019-07-01,168555,8077.0,298432.0,76521.0,57.0,165212.0,2371.32933154561,799.2792792792793,3006.3153153153153,7128963.687081996,1.251127141568981,0.1181810261634142,0.1594202898550725,0.9473684210526316,0.02023460765561813,1.6903994066143153,1.1254372095251783,,0.00030173468113709406
tamil nadu,8078,40615165,75113047933.86618,8534286,318903.0,2019,3,2019-Q3,2019-07-01,18733358,8077.0,30904172.0,7498284.0,230529.0,14143783.0,1849.3842862356014,26.761385123376073,127.35899317347281,235535.72068580784,37.36727360672,0.3142291920974294,0.13816521220055145,0.38335307054643875,0.32449416114486485,2.756454457833866,1.167486155881071,1510.3886255924172,0.03672450445340428
telangana,8078,114112049,178114733596.80167,10225604,490375.0,2019,3,2019-Q3,2019-07-01,58293457,8077.0,81454985.0,9164840.0,388096.0,39189406.0,1560.8757809335425,20.852620953352027,232.70364313025746,363221.480697021,47.95560242700578,0.4009216133303566,0.11574277346904038,0.2635404642150396,0.4874799837486692,4.718244058051337,0.9327156064985307,14.528515785807024,0.10318087964649626
andaman & nicobar islands,8079,41665,170840663.89588845,33871,34.0,2019,4,2019-Q4,2019-10-01,18325,8078.0,40623.0,31181.0,22.0,21707.0,4100.339947099207,996.2058823529412,1225.4411764705883,5024725.408702602,1.003808567801364,0.025650493562759946,0.08627048523139091,0.5454545454545454,-0.15580227576357852,0.3380326921224188,0.6893266832917706,,2.8333048385534384e-05
andhra pradesh,8079,130762980,254283893858.3307,10528985,355373.0,2019,4,2019-Q4,2019-10-01,48905204,8078.0,93033155.0,9369779.0,282013.0,38574125.0,1944.6168468960457,29.627982429728764,367.95980561269425,715540.8369750394,33.75187636795,0.4055524613778818,0.12371753912232086,0.26012985216993534,0.2678240660027933,2.6605390426811195,0.7162814359993519,11.306437649340305,0.08892148900460015
arunachal pradesh,8079,570808,1664821348.2619624,146946,195.0,2019,4,2019-Q4,2019-10-01,245850,8078.0,456122.0,128047.0,153.0,246085.0,2916.604792262832,753.5692307692308,2927.220512820513,8537545.375702372,1.3270180882773264,0.2514371155085702,0.14759424273899424,0.27450980392156854,-0.000954954588861523,1.5687079238218669,1.0536091118719866,96.5,0.0003881610628309159
assam,8079,6891858,14599084294.48947,2240183,9805.0,2019,4,2019-Q4,2019-10-01,2890501,8078.0,6054473.0,1997575.0,8036.0,3051698.0,2118.3089225705853,228.47353391126975,702.8921978582356,1488942.8143283497,4.376874567836645,0.1383084869649267,0.1214512596523285,0.22013439522150313,-0.05282206823873137,0.6041652361479037,0.8653082669704206,168.05172413793105,0.004686603772476473
bihar,8079,40967886,89108176121.19955,8557982,237558.0,2019,4,2019-Q4,2019-10-01,13833728,8078.0,29692696.0,7595450.0,192625.0,14352593.0,2175.073815651595,36.024810783050874,172.45424696284698,375100.716966802,27.758646839874167,0.3797294122433341,0.1267248155145515,0.23326670992861787,-0.03615130729339289,1.235677080846353,0.7485284686082496,303.5615384615385,0.027858996670852194
chandigarh,8079,1663318,3246646185.7316084,292017,21146.0,2019,4,2019-Q4,2019-10-01,812438,8078.0,1428205.0,268117.0,18880.0,746995.0,1951.909487982219,13.80956209212144,78.6587534285444,153534.7671300297,72.41359235934894,0.16462132536995733,0.08914018879817398,0.12002118644067794,0.08760835079217388,1.7572203647189681,0.6625503860080617,1242.8823529411766,0.0011310901085930705
chhattisgarh,8079,16357293,28463127103.0982,2780915,82700.0,2019,4,2019-Q4,2019-10-01,7244686,8078.0,12460140.0,2488075.0,65116.0,6394057.0,1740.087868029154,33.62654171704958,197.79072551390567,344173.2418754317,29.738413435865535,0.3127695996995219,0.11769741667755196,0.2700411573192456,0.1330343160844516,1.5746436534762025,0.7552591532209454,98.8792270531401,0.01112329230830104
dadra & nagar haveli & daman & diu,8079,916877,1615369595.516838,174634,4426.0,2019,4,2019-Q4,2019-10-01,375567,8078.0,754087.0,155873.0,3393.0,371757.0,1761.8171199810204,39.45639403524627,207.15702666064166,364972.7960950832,25.344434646174285,0.21587694788532352,0.12036080655405357,0.3044503389330975,0.010248630153568028,0.9901002563384622,0.7171147076753652,490.77777777777777,0.0006234950295111871
delhi,8079,62548835,93652030961.80516,6975942,535746.0,2019,4,2019-Q4,2019-10-01,31670633,8078.0,55742193.0,6463153.0,457771.0,32091616.0,1497.2625942882096,13.020987557536595,116.75091367924352,174806.77590090295,76.79909035940952,0.12210933287106229,0.07934037767634461,0.17033625983297318,-0.013118161453757882,1.5169570818431501,0.608726213092502,3.3801589377984174,0.0425344814235883
goa,8079,1901461,3915138021.176736,370015,4792.0,2019,4,2019-Q4,2019-10-01,742233,8078.0,1351959.0,331094.0,3458.0,625843.0,2059.0156838224584,77.21515025041737,396.799040066778,817015.446823192,12.950826317851979,0.4064487162702419,0.11755271916736643,0.3857721226142279,0.18597315940259773,2.280377540123558,0.8117652243315103,19.744588744588743,0.0012930321976768653
gujarat,8079,41410517,73077071811.67056,9739656,479820.0,2019,4,2019-Q4,2019-10-01,18884739,8078.0,36868399.0,8815169.0,379073.0,21282425.0,1764.698369056116,20.298561960735277,86.30427451961152,152301.01248732975,49.264573615330974,0.1231981350749729,0.10487456338046375,0.26577202807902434,-0.11266037587352007,1.5392639439629892,0.680350505201248,440.4167433302668,0.02815999476373441
haryana,8079,44740993,82429204420.11588,6642686,318003.0,2019,4,2019-Q4,2019-10-01,21364196,8078.0,36134187.0,6054463.0,260991.0,19464332.0,1842.3642144043579,20.888752621830612,140.69361924258575,259208.88928757235,47.87265271909586,0.23819011065614948,0.0971552720695461,0.21844431417175314,0.09760745963437123,2.0800497065205974,0.6631129498103217,9.728122258956885,0.030424786259110888
himachal pradesh,8079,3593015,6985396691.332533,1005852,11892.0,2019,4,2019-Q4,2019-10-01,1623659,8078.0,2800215.0,895546.0,7828.0,1483897.0,1944.1601806094695,84.58224016145307,302.13715102589975,587403.0181073438,11.822812898915545,0.28312111748562163,0.12317178570391696,0.5191619826264691,0.09418578243638209,1.41715412068229,0.8742711906727314,698.5294117647059,0.0024433233612132683
jammu & kashmir,8079,272081,1153430776.5641694,934260,6435.0,2019,4,2019-Q4,2019-10-01,75857,8078.0,947784.0,911309.0,6323.0,432043.0,4239.2918894159075,145.1841491841492,42.28142968142968,179243.32192139386,6.887804251493161,-0.712929317228398,0.025184651967664173,0.017713110865095638,-0.8244225690498399,-0.7855123624770992,0.5521976424459416,305.42857142857144,0.0001850206201316352
jharkhand,8079,20545968,31768782167.634148,3396614,175728.0,2019,4,2019-Q4,2019-10-01,7431278,8078.0,15944483.0,3022018.0,147954.0,8952523.0,1546.2295165471953,19.328814986797777,116.9191477738323,180783.8373374428,51.736229079901335,0.28859418019386385,0.12395558199851897,0.18772050772537408,-0.16992360701000153,1.8554448592948378,0.7378322568497917,773.1321585903083,0.013971676598383323
karnataka,8079,246189422,306446917780.66754,15440057,938176.0,2019,4,2019-Q4,2019-10-01,136538824,8078.0,179767497.0,13733198.0,786775.0,103434009.0,1244.7607021095632,16.457527159083156,262.41283298656117,326641.1822309114,60.76246998310952,0.3694879558789206,0.12428707428524666,0.19243239808077273,0.32005735173621663,4.750989086480372,0.8214208445746278,3.0657857672189266,0.16741381988558127
kerala,8079,12974136,22014232923.56272,3357041,69452.0,2019,4,2019-Q4,2019-10-01,5655198,8078.0,9633567.0,2881087.0,55423.0,4827707.0,1696.7783383465937,48.336131428900536,186.8072337729655,316970.4677124161,20.688457483837702,0.3467634573984901,0.1651994542337667,0.25312595853706954,0.17140456121301484,1.9190758051785939,0.9602106047441539,402.7906976744186,0.008822676660230493
ladakh,8079,113210,464502753.7020103,62146,64.0,2019,4,2019-Q4,2019-10-01,35256,8078.0,121018.0,56993.0,47.0,51154.0,4103.018758961313,971.03125,1768.90625,7257855.5265939105,1.029832973964535,-0.06451932770331681,0.09041461232081138,0.36170212765957444,-0.3107870352269617,1.54415928805789,0.7268054127650114,20.333333333333332,7.698510518963993e-05
lakshadweep,8079,6097,19723480.776782963,3708,1.0,2019,4,2019-Q4,2019-10-01,2626,8078.0,5310.0,3275.0,1.0,2520.0,3234.9484626509698,3708.0,6097.0,19723480.776782963,0.2696871628910464,0.14821092278719394,0.13221374045801526,0.0,0.042063492063492136,1.0195428949983438,0.9485023646873358,,4.146084147524376e-06
madhya pradesh,8079,71003068,108819575634.9737,9219787,440884.0,2019,4,2019-Q4,2019-10-01,31573884,8078.0,54896351.0,8231531.0,358087.0,29189777.0,1532.6038536105748,20.912047159797133,161.04705092495985,246821.33086021198,47.81932597792118,0.2934023246827462,0.12005737450299336,0.23122034589359575,0.08167609502463824,2.113130983009309,0.7359275065950766,884.3092369477912,0.04828353200924968
maharashtra,8079,196478271,260156648249.88,23734339,1597195.0,2019,4,2019-Q4,2019-10-01,103887387,8078.0,148759948.0,21322044.0,1309633.0,84053886.0,1324.0988274468275,14.860013335879463,123.0145793093517,162883.46022237735,67.29469061683159,0.3207739962372129,0.11313619838698386,0.219574491479674,0.23596173768813022,3.297881203356953,0.7771668692725768,5.968260547096549,0.13360922498377864
manipur,8079,511743,1456426016.7193756,170399,358.0,2019,4,2019-Q4,2019-10-01,209319,8078.0,412093.0,150811.0,269.0,204807.0,2846.0106278334547,475.97486033519556,1429.4497206703911,4068229.096981496,2.100951296662539,0.24181434773218657,0.12988442487616947,0.33085501858736066,0.022030497004496885,0.7937390902016868,0.8183069584796132,118.33333333333333,0.0003479956601454103
meghalaya,8079,373215,841717696.7390778,112925,199.0,2019,4,2019-Q4,2019-10-01,163554,8078.0,326183.0,98774.0,145.0,175853.0,2255.3158279787194,567.4623115577889,1875.4522613065326,4229737.169543104,1.762231569625858,0.14418899820039677,0.14326644663575427,0.37241379310344835,-0.06993909685930866,1.0466285726820068,0.9845175122577017,65.33333333333333,0.0002537937994289503
mizoram,8079,144316,463491574.6950983,44755,63.0,2019,4,2019-Q4,2019-10-01,57139,8078.0,114147.0,38565.0,48.0,55585.0,3211.6437172253823,710.3968253968254,2290.7301587301586,7357009.122144417,1.4076639481622164,0.2642995435710094,0.1605082328536238,0.3125,0.0279571826931726,1.1788809372829663,1.016899504281208,,9.81378185721056e-05
nagaland,8079,387002,1129891007.1426184,95667,201.0,2019,4,2019-Q4,2019-10-01,163700,8078.0,318274.0,82418.0,151.0,167265.0,2919.599917164817,475.95522388059703,1925.3830845771145,5621348.294241883,2.1010379754774373,0.21593972489113145,0.16075371884782452,0.33112582781456945,-0.021313484590320786,1.2327983106977602,1.144951906907917,12.4,0.0002631692401607723
odisha,8079,65679564,80400377264.45883,6075390,251989.0,2019,4,2019-Q4,2019-10-01,19167186,8078.0,40800846.0,5361369.0,205674.0,21330371.0,1224.1308006316672,24.10974288560215,260.64456781843654,319063.0434838776,41.477008060387895,0.6097598564500353,0.1331788578626094,0.22518646012621923,-0.10141337907343473,1.7677574012507078,0.7037504220542854,561.4754464285714,0.04466344089170292
puducherry,8079,1092326,1963177051.3888311,199364,13809.0,2019,4,2019-Q4,2019-10-01,451087,8078.0,765031.0,173965.0,11936.0,338785.0,1797.2446425232313,14.437251068143963,79.10246940401187,142166.48934671815,69.265263538051,0.42781926484024835,0.14600063231109717,0.15692024128686333,0.3314845698599407,2.442174855673482,0.8721206486933168,70.54922279792746,0.0007428039220155341
punjab,8079,13980727,29882043953.98229,3442072,116388.0,2019,4,2019-Q4,2019-10-01,6254384,8078.0,11034661.0,3084133.0,91197.0,5622095.0,2137.37411180279,29.57411416984569,120.12172217067051,256745.05923275845,33.81335428195575,0.2669829186415422,0.11605822446697345,0.2762261916510411,0.11246501526566166,1.5463217035499852,0.7645841728005447,1028.9823008849557,0.009507179036504188
rajasthan,8079,83291120,153381418752.1703,11033683,542233.0,2019,4,2019-Q4,2019-10-01,33945223,8078.0,65929301.0,9930100.0,452793.0,33642559.0,1841.5098602608573,20.348601062642814,153.60761886495288,282869.9447510024,49.14342744847754,0.2633399525955842,0.11113513459078961,0.1975295554480745,0.00899646189221226,2.4187674386502858,0.7220011870506908,10.83888998056811,0.05663965757939159
sikkim,8079,409087,1004355162.7638068,100028,153.0,2019,4,2019-Q4,2019-10-01,161964,8078.0,333701.0,88720.0,111.0,168555.0,2455.1138578439472,653.7777777777778,2673.7712418300653,6564412.828521613,1.529571719918423,0.2259088225687067,0.1274571686203787,0.3783783783783783,-0.03910296342440156,1.2496466771151256,0.8592910648896819,152.0,0.0002781874898570288
tamil nadu,8079,54273375,95902389590.0488,9717126,406910.0,2019,4,2019-Q4,2019-10-01,23550229,8078.0,40615165.0,8534286.0,318903.0,18733358.0,1767.0246154776407,23.880283109287067,133.37930992111276,235684.52382602738,41.87555044567704,0.3362835039572041,0.1385985892668702,0.275967927551638,0.25712800662860347,2.1695678156857046,0.8464977330957006,31.770395425626155,0.03690700011811478
telangana,8079,152510054,249883165634.61356,11330987,571643.0,2019,4,2019-Q4,2019-10-01,70715723,8078.0,114112049.0,10225604.0,490375.0,58293457.0,1638.4701144661162,19.82178912363136,266.79248062164675,437131.50626284856,50.44953277238779,0.3364938701608977,0.10809953133330796,0.16572622992607688,0.21309880455365682,4.017837284929519,0.6942690845104962,3.9277020154129962,0.10370994213998468
tripura,8079,1017662,1684739442.0514455,283407,1413.0,2019,4,2019-Q4,2019-10-01,405722,8078.0,880275.0,254600.0,1187.0,452124.0,1655.5000010331971,200.5711252653928,720.2137296532201,1192313.8301850287,4.985762525272841,0.1560728181534179,0.11314611154752563,0.19039595619208094,-0.10263113659084677,0.8902861261154162,0.8236437226122375,234.5,0.0006920308817021407
uttar pradesh,8079,97385189,162877433939.99805,18919521,828695.0,2019,4,2019-Q4,2019-10-01,43340537,8078.0,76672707.0,16953678.0,671645.0,42320219.0,1672.5072427594514,22.830499761673476,117.51632265188037,196546.9007777265,43.801056062677276,0.270141525067062,0.1159537771096042,0.23382888281755987,0.02410946880969589,1.4157328959943736,0.746939201006233,17.745786866333386,0.06622391148377321
uttarakhand,8079,8590151,15233913544.563915,1825409,39058.0,2019,4,2019-Q4,2019-10-01,3887718,8078.0,6691016.0,1653220.0,28981.0,3479573.0,1773.4162699309843,46.735854370423475,219.93320190485943,390033.1185560939,21.396848596670665,0.2838335762461186,0.10415371214962321,0.3477105689934785,0.11729743850754093,1.3692406262187307,0.7376953517306899,381.921568627451,0.005841477593232847
west bengal,8079,90948911,82930838430.99612,10931174,667857.0,2019,4,2019-Q4,2019-10-01,24001204,8078.0,60043951.0,9692554.0,557605.0,37079581.0,911.8398177521458,16.367536763109467,136.180216723041,124174.54399818543,61.096548275601506,0.5147056362097158,0.12779087947304713,0.19772419544301068,-0.35271102443147884,1.7104370689474306,0.7484431649852439,292.82182138143423,0.06184711138784736
tripura,8080,1129990,2057977801.9370823,314602,1614.0,2020,1,2020-Q1,2020-01-01,467518,8079.0,1017662.0,283407.0,1413.0,405722.0,1821.2354108771601,194.92069392812888,700.1177199504338,1275079.1833563088,5.130291606537784,0.1103784950209401,0.1100713814408254,0.1422505307855626,0.15231118844923364,0.5637467704191848,0.6780205244180837,3.149100257069409,0.0006920988114101579
uttar pradesh,8080,108112889,190863464183.66577,21194763,979673.0,2020,1,2020-Q1,2020-01-01,51336077,8079.0,97385189.0,18919521.0,828695.0,43340537.0,1765.408971576606,21.63452805170705,110.35609739168069,194823.6444034548,46.22240880919499,0.11015740802228158,0.12025896427293281,0.18218765649605695,0.1844817935689167,0.6880407732066265,0.6175370759364878,3.171928031512829,0.06621722490908621
uttarakhand,8080,9726841,16698596159.683369,2023901,48320.0,2020,1,2020-Q1,2020-01-01,4599548,8079.0,8590151.0,1825409.0,39058.0,3887718.0,1716.7543048851492,41.885368377483445,201.30051738410597,345583.5297947717,23.874685570094584,0.13232479848142376,0.10873837041452084,0.23713451789646167,0.18309712792954635,0.49191359490333,0.590178283104865,5.883190883190883,0.005957517407123595
west bengal,8080,63993554,91566525988.34715,12052575,775932.0,2020,1,2020-Q1,2020-01-01,29827673,8079.0,90948911.0,10931174.0,667857.0,24001204.0,1430.8710841149275,15.533029956233278,82.47314713144966,118008.4414463473,64.3789397701321,-0.2963791067272922,0.10258742565071244,0.16182356402643072,0.24275736333893927,0.4847230046804576,0.6202744306355457,3.842583520042938,0.0391949155844846
andaman & nicobar islands,8080,49104,181027348.6617951,36875,55.0,2020,1,2020-Q1,2020-01-01,23473,8079.0,41665.0,33871.0,34.0,18325.0,3686.61104312877,670.4545454545455,892.8,3291406.3393053655,1.4915254237288136,0.1785431417256691,0.08868943934339102,0.6176470588235294,0.2809276944065484,0.20571625006138583,0.513192991095244,10.0,3.0075328131651068e-05
andhra pradesh,8080,159186574,328528062231.59393,11664133,413286.0,2020,1,2020-Q1,2020-01-01,58613484,8079.0,130762980.0,10528985.0,355373.0,48905204.0,2063.792529586031,28.222908591145114,385.17291657593046,794916.9878282689,35.43220914919266,0.2173672854503621,0.10781172164268438,0.16296398432069958,0.19851220741252806,1.3416180156455635,0.5762712528645944,2.5205935719092607,0.09749895013040392
arunachal pradesh,8080,696142,1928569155.032096,169049,245.0,2020,1,2020-Q1,2020-01-01,284879,8079.0,570808.0,146946.0,195.0,245850.0,2770.36747536005,689.9959183673469,2841.395918367347,7871710.836865698,1.4492839354270064,0.21957295623046624,0.15041579900099356,0.2564102564102564,0.15875127110026432,1.3741043506136967,0.8996190626018361,8.074074074074074,0.0004263746146184392
assam,8080,8674891,18864649389.34545,2534072,11386.0,2020,1,2020-Q1,2020-01-01,3406812,8079.0,6891858.0,2240183.0,9805.0,2890501.0,2174.626677078185,222.56033725627964,761.8910064992095,1656828.5077591299,4.493163572305759,0.2587158644301726,0.13118972869627177,0.16124426313105555,0.1786233597566651,0.7533692904879279,0.7337301505853056,4.2786277236903105,0.005313216710070599
bihar,8080,44056833,106616037981.9359,9579162,287792.0,2020,1,2020-Q1,2020-01-01,16415988,8079.0,40967886.0,8557982.0,237558.0,13833728.0,2419.9660012315435,33.28501834658364,153.08567646077722,370462.1323106129,30.043546606686473,0.07539922855672865,0.11932485952880012,0.21145993820456477,0.1866640720418964,0.5416225494496281,0.6226596634363655,5.111401329341063,0.026984027959358774
chandigarh,8080,1776530,3334833902.532528,316683,24121.0,2020,1,2020-Q1,2020-01-01,890041,8079.0,1663318.0,292017.0,21146.0,812438.0,1877.161602974635,13.128933294639525,73.65076074789603,138254.38010582182,76.16765030014241,0.06806395409657084,0.08446768510052505,0.1406885462971721,0.09551867342492604,1.026105700143701,0.524911760315496,2.5734814814814815,0.0010880930817392081
chhattisgarh,8080,19093394,32590895619.61272,3094859,99397.0,2020,1,2020-Q1,2020-01-01,8600738,8079.0,16357293.0,2780915.0,82700.0,7244686.0,1706.91997554823,31.13634214312303,192.0922563055223,327886.1094360264,32.11681049120493,0.1672710148311216,0.1128923393918908,0.20189842805320435,0.18717885081561847,1.1681984440348803,0.6075611277645987,3.166191633833515,0.01169436481135748
dadra & nagar haveli & daman & diu,8080,1059367,1783068099.6136131,193453,5118.0,2020,1,2020-Q1,2020-01-01,459843,8079.0,916877.0,174634.0,4426.0,375567.0,1683.1448399030867,37.79855412270418,206.9884720593982,348391.5786662003,26.45603841760014,0.15540797729684575,0.1077625204713859,0.15634884771802993,0.22439671217119717,0.38396127818566606,0.5803305204512592,35.82014388489208,0.0006488434778601091
delhi,8080,64918068,101297919304.47128,7506500,620971.0,2020,1,2020-Q1,2020-01-01,33050230,8079.0,62548835.0,6975942.0,535746.0,31670633.0,1560.3963954144674,12.088326185924947,104.54283372331398,163128.26090827314,82.7244388196896,0.03787813154313735,0.07605539151558305,0.15907724929350842,0.043560764952187636,0.7595668929750616,0.44831289346733993,1.13339311235708,0.039761163994233406
goa,8080,2308644,4491991521.593598,410941,5584.0,2020,1,2020-Q1,2020-01-01,920792,8079.0,1901461.0,370015.0,4792.0,742233.0,1945.7272414428548,73.59258595988538,413.43911174785103,804439.7424057304,13.588325331373603,0.21414217804099067,0.11060632677053639,0.1652754590984975,0.24057000968698516,1.6564259405646666,0.6515261730131618,6.289817232375979,0.0014140034587644072
gujarat,8080,47012185,84177281289.14142,10722212,575783.0,2020,1,2020-Q1,2020-01-01,22371270,8079.0,41410517.0,9739656.0,479820.0,18884739.0,1790.5417773954011,18.621966956301247,81.64913691442783,146196.19073356007,53.70002010779119,0.1352716267705616,0.10088200240337031,0.1999979158851235,0.18462161430984025,0.777047189088462,0.54923320107846,10.349279561626554,0.028794128585469297
haryana,8080,51339201,94252119542.41226,7305629,376341.0,2020,1,2020-Q1,2020-01-01,25036070,8079.0,44740993.0,6642686.0,318003.0,21364196.0,1835.870401302355,19.41225909481029,136.41670984559215,250443.3998485742,51.51383953387176,0.14747567180728427,0.09980044217053163,0.18345109951792904,0.171870450917039,1.002555736198377,0.5349359584466316,2.132728998102088,0.03144434905693607
himachal pradesh,8080,4235511,7195985019.600036,1132310,14466.0,2020,1,2020-Q1,2020-01-01,1973218,8079.0,3593015.0,1005852.0,11892.0,1623659.0,1698.965017349745,78.2738835891055,292.7907507258399,497441.24288677145,12.775653310489178,0.17881806783439536,0.12572227325690055,0.2164480322906155,0.21529089544048352,0.8294671515285545,0.7037927599603961,39.40782122905028,0.0025941752836880407
jammu & kashmir,8080,852425,2717731573.098452,1010260,6711.0,2020,1,2020-Q1,2020-01-01,285108,8079.0,272081.0,934260.0,6435.0,75857.0,3188.2354143748153,150.5379228132916,127.01907316346298,404966.7073608184,6.6428444162888765,2.1329824574299567,0.08134780467963942,0.04289044289044286,2.758492953847371,-0.5337264415411082,0.3646095182006919,3.343689320388349,0.0005220951772283859
jharkhand,8080,20690673,38005984652.31631,3782690,208858.0,2020,1,2020-Q1,2020-01-01,9031137,8079.0,20545968.0,3396614.0,175728.0,7431278.0,1836.8655602607178,18.11130050081874,99.06574323224392,181970.45194494014,55.21414654650526,0.007042987704448889,0.11366496163532269,0.18853000091049799,0.21528719555371234,0.9294305520845378,0.6136069395477008,4.33958839319954,0.012672669838296131
karnataka,8080,278198437,365544124508.5454,17044952,1076061.0,2020,1,2020-Q1,2020-01-01,155213652,8079.0,246189422.0,15440057.0,938176.0,136538824.0,1313.9690087782392,15.840135457004761,258.53407659974664,339705.7643651665,63.13077326354454,0.13001783236649378,0.1039435929543524,0.14697135718671128,0.13677302508479205,2.2861815643233494,0.639891352201742,1.7821512877062258,0.1703916030972519
kerala,8080,15435048,25568200637.84075,3898086,83256.0,2020,1,2020-Q1,2020-01-01,7087979,8079.0,12974136.0,3357041.0,69452.0,5655198.0,1656.5028264143236,46.82048140674546,185.39262035168636,307103.3996089261,21.358174242435904,0.1896782953408227,0.16116723030788127,0.19875597534988199,0.25335646957011937,1.334119335052526,0.8801151581302094,11.02773764807859,0.009453692842289519
ladakh,8080,149508,528768954.05518544,68423,71.0,2020,1,2020-Q1,2020-01-01,50689,8079.0,113210.0,62146.0,64.0,35256.0,3536.726824351777,963.7042253521126,2105.7464788732395,7447450.0571152875,1.0376627742133493,0.3206253864499602,0.1010040871496154,0.109375,0.43774109371454495,1.4806371329019412,0.5530210177493304,4.916666666666667,9.157099540377338e-05
lakshadweep,8080,8729,26322589.50098286,4140,2.0,2020,1,2020-Q1,2020-01-01,4060,8079.0,6097.0,3708.0,1.0,2626.0,3015.533222703959,2070.0,4364.5,13161294.75049143,0.4830917874396135,0.4316877152698049,0.11650485436893199,1.0,0.546077684691546,0.8885763738641281,0.7844827586206897,,5.34635751183574e-06
madhya pradesh,8080,80393376,128103419316.96422,10260896,513846.0,2020,1,2020-Q1,2020-01-01,36937883,8079.0,71003068.0,9219787.0,440884.0,31573884.0,1593.4573927703225,19.968815559525616,156.45422169288074,249303.13618664778,50.07808284968486,0.13225214437212762,0.11292115533688585,0.16549024233131626,0.16988720804827184,1.0651353162971664,0.6072937823212496,6.737712323816408,0.049239515371684625
maharashtra,8080,233758463,308295755638.30304,26163809,1861784.0,2020,1,2020-Q1,2020-01-01,125734064,8079.0,196478271.0,23734339.0,1597195.0,103887387.0,1318.8645736360058,14.053085105468734,125.55616709564589,165591.58078397013,71.15875215263955,0.18974206058643506,0.10236097158635848,0.16565854513694322,0.21029190964250555,2.164254633099718,0.6076752737688695,1.666643749776202,0.14317290807827093
manipur,8080,606999,1627281632.673866,193166,441.0,2020,1,2020-Q1,2020-01-01,244184,8079.0,511743.0,170399.0,358.0,209319.0,2680.8637784804687,438.01814058956916,1376.4149659863945,3689981.0264713517,2.2830104676806475,0.18614030870964537,0.1336099390254637,0.23184357541899447,0.16656395262732948,0.8797194351542177,0.7175960093541875,6.47457627118644,0.00037177610990110925
meghalaya,8080,440231,985286898.5929304,129019,251.0,2020,1,2020-Q1,2020-01-01,189179,8079.0,373215.0,112925.0,199.0,163554.0,2238.1133963599345,514.0199203187251,1753.9083665338646,3925445.811127213,1.945449894976709,0.17956405825060617,0.1425193712641133,0.2613065326633166,0.1566760825170892,0.8829545162918417,0.8470866141732283,7.9642857142857135,0.0002696336709580662
mizoram,8080,179537,512023794.8715464,52556,82.0,2020,1,2020-Q1,2020-01-01,72242,8079.0,144316.0,44755.0,63.0,57139.0,2851.9123906021955,640.9268292682926,2189.4756097560976,6244192.620384712,1.5602405053657051,0.24405471326810613,0.17430454697799136,0.3015873015873016,0.2643203416230595,1.1067719639986389,0.9369057271320116,9.25,0.00010996322472247144
nagaland,8080,457785,1216640719.37332,110228,237.0,2020,1,2020-Q1,2020-01-01,184484,8079.0,387002.0,95667.0,201.0,163700.0,2657.668380076499,465.0970464135021,1931.5822784810127,5133505.145035106,2.1500889066298945,0.18290086356142865,0.15220504458172623,0.17910447761194037,0.1269639584605986,1.1386525766982944,0.9713493695788249,6.40625,0.0002803851842772052
odisha,8080,54421577,92843181623.98956,6631513,289381.0,2020,1,2020-Q1,2020-01-01,21880811,8079.0,65679564.0,6075390.0,251989.0,19167186.0,1705.999471937198,22.916200441632313,188.06202549579965,320833.7161872741,43.637251408539804,-0.17140776086759646,0.0915370042087833,0.14838742961002271,0.14157659867233519,0.46319105677941685,0.5548441688827324,4.099224669603524,0.03333224962766607
puducherry,8080,1319437,2300219163.043279,225275,15161.0,2020,1,2020-Q1,2020-01-01,580921,8079.0,1092326.0,199364.0,13809.0,451087.0,1743.3338333268503,14.85884836092606,87.02836224523449,151719.48836114234,67.29996670735767,0.20791503635361597,0.12996829919142883,0.09790716199579985,0.28782474334219343,1.6509144534475588,0.7336047281178335,2.142827529021559,0.0008081317351751648
punjab,8080,15697948,31954421122.46702,3875890,140707.0,2020,1,2020-Q1,2020-01-01,7210325,8079.0,13980727.0,3442072.0,116388.0,6254384.0,2035.5794988279372,27.545822169472736,111.56479777125516,227099.01513405173,36.303145858112586,0.12282773277813086,0.12603397023653184,0.20894765783414093,0.15284334956088408,1.0048787502838485,0.6687849987643062,6.294297563504406,0.00961471442435638
rajasthan,8080,99812994,183459625889.9085,12268753,628462.0,2020,1,2020-Q1,2020-01-01,42140703,8079.0,83291120.0,11033683.0,542233.0,33945223.0,1838.0334918107808,19.52186926178512,158.82104884623095,291918.4069838885,51.224602858986565,0.19836297074646136,0.11193633168544004,0.15902573248031748,0.24143249846966675,1.073236411278716,0.5771332541815632,2.1615003068626564,0.06113368659075675
sikkim,8080,459577,1060247749.2178302,112394,197.0,2020,1,2020-Q1,2020-01-01,180421,8079.0,409087.0,100028.0,153.0,161964.0,2307.0078555232967,570.5279187817259,2332.8781725888325,5381968.27014127,1.7527626029859245,0.12342117935793606,0.12362538489223018,0.2875816993464053,0.11395742263712916,0.9721710845338174,0.7364046471387962,12.133333333333333,0.0002814827524592661
tamil nadu,8080,65118379,110698166875.72932,10970688,484793.0,2020,1,2020-Q1,2020-01-01,29894565,8079.0,54273375.0,9717126.0,406910.0,23550229.0,1699.9527410798928,22.629633678704106,134.3220281645981,228341.09996581907,44.18984479369024,0.19982180949682982,0.12900542814819937,0.19140104691455107,0.26939593665946937,1.5862676571672316,0.7200897965404061,4.443809374087632,0.03988385092510215
telangana,8080,177329550,318131593325.3983,12385312,640815.0,2020,1,2020-Q1,2020-01-01,83326336,8079.0,152510054.0,11330987.0,571643.0,70715723.0,1794.0134248657278,19.32743771603349,276.725029844807,496448.41853795294,51.73991579703442,0.16274006433700428,0.09304794013089945,0.12100559265135757,0.17832827644285,1.7360011405048077,0.528955351678031,1.2811217388518479,0.10861120079195229
andaman & nicobar islands,8081,78685,197252557.32084328,41393,67.0,2020,2,2020-Q2,2020-04-01,43610,8080.0,49104.0,36875.0,55.0,23473.0,2506.8635358815945,617.8059701492538,1174.402985074627,2944068.019714079,1.6186311695214166,0.6024152818507658,0.12252203389830507,0.21818181818181825,0.8578792655391301,0.6825977247455308,0.4731129221680488,6.444444444444445,5.389111928255616e-05
andhra pradesh,8081,176284886,380612306331.3068,12828761,443589.0,2020,2,2020-Q2,2020-04-01,58995509,8080.0,159186574.0,11664133.0,413286.0,58613484.0,2159.0750912775748,28.92037674514021,397.40590050700087,858029.1809113995,34.57769616255225,0.10741051566321169,0.09984694104568259,0.07332210624119861,0.006517698214288048,1.4068936778179753,0.5309006885303102,1.1922626431356655,0.12073698696241743
arunachal pradesh,8081,972129,2479742352.6607533,198449,290.0,2020,2,2020-Q2,2020-04-01,407472,8080.0,696142.0,169049.0,245.0,284879.0,2550.836722966554,684.3068965517241,3352.1689655172413,8550835.698830184,1.461332634581177,0.39645216062240185,0.17391407225124067,0.18367346938775508,0.4303335802217785,1.5100478963064332,0.8230581966836616,2.580246913580247,0.0006658082213513635
assam,8081,11026960,19908371407.600346,2938372,12767.0,2020,2,2020-Q2,2020-04-01,4571702,8080.0,8674891.0,2534072.0,11386.0,3406812.0,1805.4270086769468,230.15367744967494,863.7079971802303,1559361.74571946,4.344922970951261,0.2711352799706648,0.15954558512938855,0.12128930265238003,0.3419296397922751,0.9742446700840244,0.7084134232433419,1.0665263839430237,0.007552331660214469
bihar,8081,53954783,130329505836.33131,10810307,310562.0,2020,2,2020-Q2,2020-04-01,18443012,8080.0,44056833.0,9579162.0,287792.0,16415988.0,2415.5320175475695,34.80885298265725,173.73272647651677,419656.9632998606,28.728323811710435,0.22466322079937062,0.1285232466054964,0.07911964196364041,0.12347864776704265,0.8469557781108279,0.6013423934248763,1.272815093455892,0.03695346821525619
chandigarh,8081,1098495,2233114743.327046,341687,25176.0,2020,2,2020-Q2,2020-04-01,500782,8080.0,1776530.0,316683.0,24121.0,890041.0,2032.8856693267114,13.571933587543693,43.63262631077217,88700.14074225635,73.68146871259368,-0.3816625669141529,0.07895592753636915,0.043737821815015954,-0.4373495153594048,0.015920005992891673,0.42277695654889547,0.5740902838564461,0.0007523559137865099
chhattisgarh,8081,21009112,37624391296.12829,3484888,105658.0,2020,2,2020-Q2,2020-04-01,8614241,8080.0,19093394.0,3094859.0,99397.0,8600738.0,1790.8606178180348,32.98271782543679,198.84071248745954,356096.00121267,30.31890838385624,0.10033407365919333,0.1260248043610388,0.06298982866686109,0.0015699815527459027,1.0715151570128927,0.5753149035907936,1.1778419045655983,0.01438907747108829
dadra & nagar haveli & daman & diu,8081,1128692,1665874471.905149,217392,5435.0,2020,2,2020-Q2,2020-04-01,483124,8080.0,1059367.0,193453.0,5118.0,459843.0,1475.9336221973301,39.998528058877646,207.67102115915364,306508.64248484804,25.00091999705601,0.06544002220193756,0.12374581939799323,0.06193825713169199,0.05062814917265235,0.7088991474369359,0.5639262179505626,2.055087127599775,0.000773037748049398
delhi,8081,52441310,81000333616.01228,8071753,662128.0,2020,2,2020-Q2,2020-04-01,25679771,8080.0,64918068.0,7506500.0,620971.0,33050230.0,1544.5902021900727,12.1906232631757,79.20116654181669,122333.34584251426,82.03026034121709,-0.19219238009362816,0.07530180510224471,0.06627845744809346,-0.22300779752516098,0.21917481595546584,0.3807937548988716,0.7533497865669587,0.03591689512033431
goa,8081,1740286,2715145069.5507383,451839,6457.0,2020,2,2020-Q2,2020-04-01,763049,8080.0,2308644.0,410941.0,5584.0,920792.0,1560.1717588664958,69.97661452687007,269.519281400031,420496.37131032033,14.290488426187204,-0.24618693917295176,0.09952280254343071,0.15633954154727792,-0.17131230505912298,0.6318251120992138,0.5537738866097435,2.4659151905528716,0.0011919166348320841
gujarat,8081,44779825,70966369720.57262,11915415,623195.0,2020,2,2020-Q2,2020-04-01,21301458,8080.0,47012185.0,10722212.0,575783.0,22371270.0,1584.7844363074803,19.11988221985093,71.85523792713356,113875.06273409225,52.3015774104385,-0.04748471061279114,0.11128328744106164,0.08234352177816984,-0.047820798729799385,0.6112732065807851,0.5123902523972741,1.8539796666056052,0.030669567141475382
haryana,8081,46499694,89232924843.01035,7982067,404251.0,2020,2,2020-Q2,2020-04-01,20771849,8080.0,51339201.0,7305629.0,376341.0,25036070.0,1919.0002592922515,19.745324068462416,115.02678781252241,220736.4356377853,50.64490187817266,-0.09426533537208726,0.09259134292201265,0.07416146526687228,-0.17032309783444444,0.643179957906753,0.47412772428317873,1.1010093135420567,0.031847500234560094
himachal pradesh,8081,4848448,7841832501.069797,1275538,15575.0,2020,2,2020-Q2,2020-04-01,2214649,8080.0,4235511.0,1132310.0,14466.0,1973218.0,1617.3902455115115,81.89650080256821,311.29682182985556,503488.4430863433,12.210533908045075,0.14471382555729395,0.12649186176930338,0.07666251901009269,0.12235394163239954,0.8684829767178011,0.6293246711110374,2.9035087719298245,0.0033206874182280088
jammu & kashmir,8081,2478234,7385817104.091432,1132400,7274.0,2020,2,2020-Q2,2020-04-01,830419,8080.0,852425.0,1010260.0,6711.0,285108.0,2980.2743018179203,155.6777563926313,340.69755292823754,1015372.1616842771,6.423525256093253,1.907275126844004,0.1208995704076179,0.08389211741916247,1.9126471372251919,0.1694405618824799,0.3096174307258177,0.29800142755174885,0.0016973349952860938
jharkhand,8081,22126359,41175811278.05409,4198053,223796.0,2020,2,2020-Q2,2020-04-01,8793799,8080.0,20690673.0,3782690.0,208858.0,9031137.0,1860.9393112555977,18.758391570894922,98.86842928381205,183988.14669633994,53.309474654083694,0.0693880764535788,0.10980624899211944,0.07152227829434343,-0.026279968956289812,0.8730506866753476,0.5663447579042886,1.1669910433309125,0.01515427657314177
karnataka,8081,212551929,323323995220.1348,18659833,1155989.0,2020,2,2020-Q2,2020-04-01,106019637,8080.0,278198437.0,17044952.0,1076061.0,155213652.0,1521.1529565564886,16.141877647624675,183.87020032197537,279694.6988424067,61.95066161631779,-0.23597008203176928,0.094742478594249,0.07427831693556408,-0.3169438665098866,0.7769174870292679,0.5482048172168554,0.9373586980021218,0.1455761753762014
kerala,8081,15681152,22928754785.609818,4520490,91350.0,2020,2,2020-Q2,2020-04-01,7591045,8080.0,15435048.0,3898086.0,83256.0,7087979.0,1462.185608915073,49.485385878489325,171.66012041598248,250998.95769687815,20.207986302369875,0.015944492041748193,0.15966912992684112,0.09721821850677426,0.07097453307917534,1.046469720606932,0.8393838569244685,1.5100291256800573,0.010739973729680297
ladakh,8081,196402,704881827.1637564,74807,79.0,2020,2,2020-Q2,2020-04-01,62740,8080.0,149508.0,68423.0,71.0,50689.0,3588.97479233285,946.9240506329114,2486.1012658227846,8922554.774224764,1.056050904327135,0.31365545656419713,0.09330195986729617,0.11267605633802824,0.23774388920673117,0.8995492968644216,0.4529863066912694,1.6333333333333333,0.00013451513769247755
lakshadweep,8081,11502,30917214.41209224,4578,3.0,2020,2,2020-Q2,2020-04-01,6329,8080.0,8729.0,4140.0,2.0,4060.0,2687.9859513208344,1526.0,3834.0,10305738.13736408,0.6553079947575361,0.31767670981784857,0.10579710144927534,0.5,0.5588669950738916,1.0509985734664764,0.6568946796959827,,7.87768512407652e-06
madhya pradesh,8081,75708003,145115611014.9742,11514232,550154.0,2020,2,2020-Q2,2020-04-01,28763727,8080.0,80393376.0,10260896.0,513846.0,36937883.0,1916.7803305414648,20.92910712273291,137.61238307819266,263772.7091232168,47.78034696539031,-0.058280585206422986,0.12214683785899405,0.07065930259260567,-0.22129465297185547,0.8355918748271283,0.5820240404002932,1.438053116953907,0.051852183012227486
maharashtra,8081,180429884,281354616792.98035,28790127,1925780.0,2020,2,2020-Q2,2020-04-01,80390030,8080.0,233758463.0,26163809.0,1861784.0,125734064.0,1559.357078525752,14.949852527287645,93.6918464206711,146099.04391622113,66.89029193931655,-0.2281353937547066,0.10037980326182638,0.03437348263815787,-0.360634441912257,0.8164447338507081,0.5364728438828799,0.8893977567951525,0.12357588359638777
manipur,8081,879294,2154620599.909894,232085,523.0,2020,2,2020-Q2,2020-04-01,349701,8080.0,606999.0,193166.0,441.0,244184.0,2450.3983876950074,443.7571701720841,1681.2504780114723,4119733.4606307726,2.253484714651959,0.4485921723100037,0.20147955644368065,0.18594104308390014,0.4321208596795858,1.393476893930114,0.7732655867970659,2.16969696969697,0.0006022258097278508
meghalaya,8081,628610,1103805615.6365817,152632,295.0,2020,2,2020-Q2,2020-04-01,289723,8080.0,440231.0,129019.0,251.0,189179.0,1755.946637241822,517.3966101694915,2130.8813559322034,3741713.9513104465,1.9327532889564443,0.4279094384539026,0.1830195552593028,0.17529880478087656,0.5314754808937567,1.2427609139301565,0.8247593998445812,2.2777777777777777,0.00043053309388330215
mizoram,8081,227158,577686076.9074495,62148,98.0,2020,2,2020-Q2,2020-04-01,94994,8080.0,179537.0,52556.0,82.0,72242.0,2543.1024965330275,634.1632653061224,2317.938775510204,5894755.886810709,1.5768809937568384,0.2652433760171997,0.18251008448131523,0.19512195121951215,0.3149414468037983,1.2500247627726382,0.9323425160126857,3.666666666666667,0.0001555798293701073
nagaland,8081,613591,1494171970.2284143,132841,283.0,2020,2,2020-Q2,2020-04-01,239041,8080.0,457785.0,110228.0,237.0,184484.0,2435.126933459608,469.4028268551237,2168.166077738516,5279759.612114538,2.130366377850212,0.3403475430606071,0.20514751242878404,0.19409282700421948,0.29572754276793645,1.2749184339314845,0.9397660733320679,2.7733333333333334,0.00042024662606218364
odisha,8081,50392152,90886955389.31905,7239140,304562.0,2020,2,2020-Q2,2020-04-01,18242091,8080.0,54421577.0,6631513.0,289381.0,21880811.0,1803.5934521970612,23.769019115976384,165.45777871172373,298418.5662995352,42.071572037562476,-0.07404094519348459,0.0916272048324418,0.05246025136411858,-0.1662973095467074,0.674809658483039,0.5124087615640416,1.0366318492463655,0.03451343298388131
puducherry,8081,1040762,1827425177.4942696,249567,15759.0,2020,2,2020-Q2,2020-04-01,455143,8080.0,1319437.0,225275.0,15161.0,580921.0,1755.8530936893062,15.836474395583476,66.04238847642617,115960.73212096388,63.145367776989744,-0.21120750744446304,0.10783264898457445,0.039443308488885886,-0.216514810103267,0.7972649767476399,0.6320422189815389,0.6283323000619963,0.0007128147561384217
punjab,8081,14203459,29836650185.53989,4373346,149795.0,2020,2,2020-Q2,2020-04-01,6014021,8080.0,15697948.0,3875890.0,140707.0,7210325.0,2100.660845047667,29.195540572115224,94.81931306118362,199183.21830194525,34.25180628287814,-0.09520282523550216,0.1283462636968542,0.06458811572985002,-0.1659154060323217,0.594579010728342,0.6199731742109413,1.37943577850494,0.009727906248889825
rajasthan,8081,98305260,184398456319.7787,13697342,671680.0,2020,2,2020-Q2,2020-04-01,36961229,8080.0,99812994.0,12268753.0,628462.0,42140703.0,1875.774056441931,20.39266019533111,146.35728323010957,274533.1948543632,49.037251168876416,-0.01510558835656206,0.116441255276718,0.06876788095382058,-0.12290905540897124,0.9627062638006008,0.5482897911957785,1.036832066277099,0.0673289762059185
sikkim,8081,547369,1206404024.7125049,127647,221.0,2020,2,2020-Q2,2020-04-01,221971,8080.0,459577.0,112394.0,197.0,180421.0,2204.0050216809955,577.5882352941177,2476.7828054298643,5458841.740780565,1.7313372033811998,0.19102783646701216,0.13571009128601164,0.12182741116751261,0.23029469961922389,0.8341498230752735,0.6681303171678363,2.8771929824561404,0.00037489137790650673
tamil nadu,8081,50385378,87932439310.76688,12255108,516057.0,2020,2,2020-Q2,2020-04-01,22003787,8080.0,65118379.0,10970688.0,484793.0,29894565.0,1745.1975712232797,23.747586022474263,97.6352961010121,170392.88162115208,42.10954322067174,-0.22624950476730998,0.11707743397679349,0.06448938000342408,-0.26395359825439846,0.6303746303249931,0.6343883480540347,1.2385773590307512,0.03450879349170339
telangana,8081,138326729,285827211219.7179,13431777,673726.0,2020,2,2020-Q2,2020-04-01,54016206,8080.0,177329550.0,12385312.0,640815.0,83326336.0,2066.3194545698966,19.936557294805308,205.31600235110415,424248.44999260514,50.15911148614215,-0.21994541236923004,0.08449242134554225,0.051358036250712,-0.35175109583601516,0.698198446663516,0.4655768131249427,0.7359776962401055,0.09473955966835891
tripura,8081,1253367,2215013181.2374315,351939,1741.0,2020,2,2020-Q2,2020-04-01,537656,8080.0,1129990.0,314602.0,1614.0,467518.0,1767.2502796367157,202.1476163124641,719.9121194715681,1272264.8944499893,4.9468799990907515,0.10918415207214216,0.11868011010737378,0.0786864931846345,0.15002203123729996,0.5922221191822465,0.5826160861236274,0.973922902494331,0.0008584272796825261
uttar pradesh,8081,110306561,195404454299.56985,23606047,1043964.0,2020,2,2020-Q2,2020-04-01,47549454,8080.0,108112889.0,21194763.0,979673.0,51336077.0,1771.4671958594545,22.611935852194136,105.66126897096069,187175.4718549393,44.22443113834349,0.02029056868510848,0.11376791521565965,0.06562495853208161,-0.0737614407115682,0.632234162750968,0.5693154956732889,1.1721283847046928,0.07554863107961565
uttarakhand,8081,9154035,15661272266.921104,2234769,52918.0,2020,2,2020-Q2,2020-04-01,4009760,8080.0,9726841.0,2023901.0,48320.0,4599548.0,1710.8599941906607,42.23079103518651,172.98527911107752,295953.59361504787,23.679404895987012,-0.05888921182118634,0.10418889066214199,0.09515728476821184,-0.12822738234278674,0.4426944840550875,0.5221345324588726,1.6797994632096014,0.006269570974158912
west bengal,8081,58763095,99278377224.57706,13339774,813620.0,2020,2,2020-Q2,2020-04-01,23778596,8080.0,63993554.0,12052575.0,775932.0,29827673.0,1689.468147050067,16.395582704456626,72.22425087878862,122020.5713042662,60.992037796142576,-0.08173415403682693,0.10679867165315304,0.048571266554285675,-0.20280083531826298,0.3181226713682317,0.5507625254095698,0.9928381079280479,0.040246666608085145
tripura,8082,1676998,3165287940.7535105,395067,1801.0,2020,3,2020-Q3,2020-07-01,751363,8081.0,1253367.0,351939.0,1741.0,537656.0,1887.4726986874823,219.35980011104942,931.1482509716824,1757516.9021396504,4.558720419574401,0.33799437834249657,0.1225439635845984,0.034462952326249185,0.39747905724106114,0.9050842066399705,0.5517164179104477,0.5172704296545914,0.0008188387080048046
uttar pradesh,8082,141565257,273741446015.2779,26045233,1242714.0,2020,3,2020-Q3,2020-07-01,63325777,8081.0,110306561.0,23606047.0,1043964.0,47549454.0,1933.676749622811,20.958348421277943,113.91620034859187,220277.10801944605,47.71368334466426,0.2833802061873727,0.10332886315103917,0.1903801280503925,0.3317876794126806,0.8463578832556413,0.5362585628911909,0.8502542265631396,0.06912298770794487
uttarakhand,8082,12900421,23631778724.122528,2456247,65658.0,2020,3,2020-Q3,2020-07-01,6069189,8081.0,9154035.0,2234769.0,52918.0,4009760.0,1831.8610473350077,37.40971397240245,196.47904291937007,359922.3053416572,26.731025014992383,0.4092606156738532,0.09910554513687986,0.24074983937412608,0.5136040561031083,0.9280212452040169,0.4857351108745358,1.265553293537145,0.006298972368695758
west bengal,8082,78767654,147424950291.97803,14612656,922488.0,2020,3,2020-Q3,2020-07-01,33531712,8081.0,58763095.0,13339774.0,813620.0,23778596.0,1871.6432800192072,15.84048356184579,85.3861014994233,159812.32307843358,63.129385924092105,0.34042725285317266,0.09542005734130132,0.13380693689928957,0.4101636614710136,0.3118332935818964,0.5076166715191888,0.6543754091157719,0.03846039412922942
andaman & nicobar islands,8082,143989,392083841.7156626,50005,76.0,2020,3,2020-Q3,2020-07-01,76639,8081.0,78685.0,41393.0,67.0,43610.0,2723.0124642553433,657.9605263157895,1894.592105263158,5158997.91731135,1.5198480151984801,0.8299421744932325,0.20805450196893194,0.13432835820895517,0.7573721623480854,2.5445191147871897,0.6037009717456143,2.4545454545454546,7.030644444829619e-05
andhra pradesh,8082,251377109,585395478652.1339,14049378,523633.0,2020,3,2020-Q3,2020-07-01,90557252,8081.0,176284886.0,12828761.0,443589.0,58995509.0,2328.7541215701303,26.83058172422288,480.06353495673494,1117949.935646023,37.27090266914308,0.4259708515226881,0.09514691247268536,0.1804463140429542,0.5349855189824704,1.7020163832990507,0.4994353655513113,0.8567690141943811,0.12274153407192073
arunachal pradesh,8082,1160082,3346055621.9050674,228945,315.0,2020,3,2020-Q3,2020-07-01,466194,8081.0,972129.0,198449.0,290.0,407472.0,2884.32681647079,726.8095238095239,3682.8,10622398.799698627,1.375876302168643,0.1933416244140438,0.15367172422133657,0.0862068965517242,0.14411296972552723,1.5433590135972395,0.7879762899560319,1.0588235294117645,0.0005664407745624203
assam,8082,11961802,26368491655.51855,3266212,14007.0,2020,3,2020-Q3,2020-07-01,4773287,8081.0,11026960.0,2938372.0,12767.0,4571702.0,2204.391249371838,233.18426501035196,853.9874348540015,1882522.4284656637,4.288454025641936,0.08477785355165879,0.11157198612020536,0.09712540142555026,0.04409408137275794,0.9756966460995036,0.6350885448606436,0.7430313588850175,0.005840666771868117
bihar,8082,72779613,175427345182.79007,11972054,376344.0,2020,3,2020-Q3,2020-07-01,26489558,8081.0,53954783.0,10810307.0,310562.0,18443012.0,2410.391288873576,31.811465042620583,193.3858730310567,466135.6237452705,31.435207358737273,0.3489001151204705,0.10746660571249267,0.21181599809377838,0.4362924016966425,1.4510948079622006,0.5762139175427394,0.9537650876054511,0.03553657444911066
chandigarh,8082,1787111,3631987949.805449,368783,28162.0,2020,3,2020-Q3,2020-07-01,925689,8081.0,1098495.0,341687.0,25176.0,500782.0,2032.3236496252605,13.09505716923514,63.458241602158935,128967.68517170119,76.36469143100415,0.6268722206291335,0.07930064649811075,0.11860502065459166,0.8484869663845744,0.2512986581058041,0.3754554914458985,0.4916313559322034,0.0008726042978591354
chhattisgarh,8082,28282693,50717527358.68874,3897665,120657.0,2020,3,2020-Q3,2020-07-01,12030721,8081.0,21009112.0,3484888.0,105658.0,8614241.0,1793.235437611572,32.30367902401021,234.40573692367622,420344.6742309915,30.956226356036243,0.34621077749502227,0.1184477090798901,0.14195801548391973,0.3966083605044253,1.269853548997042,0.5665383881112909,0.8529547269488298,0.013809774248398942
dadra & nagar haveli & daman & diu,8082,1381590,2246553945.8118267,239161,7224.0,2020,3,2020-Q3,2020-07-01,633739,8081.0,1128692.0,217392.0,5435.0,483124.0,1626.0641332173993,33.10645071982281,191.25,310984.76547782763,30.20559372138434,0.22406289758410614,0.10013707956134543,0.32916283348666053,0.311752262359146,0.8321360797892021,0.5343324373047289,1.1290893015030945,0.0006745979247395394
delhi,8082,73862510,129779470523.6276,8702719,806650.0,2020,3,2020-Q3,2020-07-01,36733987,8081.0,52441310.0,8071753.0,662128.0,25679771.0,1757.0411636922113,10.78871753548627,91.56698692121738,160886.96525584528,92.68942269651588,0.40847949831916863,0.07816963675672439,0.21826897518304622,0.4304639632495164,0.32507362959329567,0.3465129171474046,0.7621256042868596,0.03606532760229408
goa,8082,2133105,3765761100.712038,499358,7492.0,2020,3,2020-Q3,2020-07-01,966368,8081.0,1740286.0,451839.0,6457.0,763049.0,1765.3894678002434,66.65216230646023,284.7176988788041,502637.6268969618,15.003264191221529,0.22572094471828197,0.10516799125352172,0.16029115688400175,0.26645602051768624,0.5777882317437142,0.5082061287730977,1.1665702718334297,0.0010415450359741567
gujarat,8082,58773255,107948689525.4796,13038677,757523.0,2020,3,2020-Q3,2020-07-01,28750957,8081.0,44779825.0,11915415.0,623195.0,21301458.0,1836.6974829874507,17.21225230125026,77.58609969598282,142502.19402642507,58.098149068344895,0.31249407517782846,0.0942696498611253,0.21554730060414484,0.3497177986596034,0.5941363496689942,0.47911821089306406,0.9983565170824618,0.02869759903675313
haryana,8082,67366856,128348575809.31853,8695590,495270.0,2020,3,2020-Q3,2020-07-01,32099499,8081.0,46499694.0,7982067.0,404251.0,20771849.0,1905.2184327752882,17.557271791144224,136.02046560461972,259148.69830459857,56.95645723866926,0.44875912516757643,0.08939075555241516,0.2251546687577768,0.5453366236197847,0.8643523375799211,0.43622811800154704,0.8976516431601089,0.03289365242497947
himachal pradesh,8082,5877958,10905705832.23328,1408247,18895.0,2020,3,2020-Q3,2020-07-01,2795882,8081.0,4848448.0,1275538.0,15575.0,2214649.0,1855.3562023126535,74.53014024874305,311.0853664990738,577174.1641827616,13.417390557196287,0.2123380512691897,0.10404158872569846,0.21316211878009628,0.2624492639691436,1.099109532660885,0.5725010217230606,1.413771078180889,0.0028700687385593217
jammu & kashmir,8082,3263787,10448451928.001057,1249897,13647.0,2020,3,2020-Q3,2020-07-01,1130325,8081.0,2478234.0,1132400.0,7274.0,830419.0,3201.327760666078,91.58767494687477,239.15783688722797,765622.6224079326,10.918499684373993,0.31698096305675727,0.10375927234192872,0.8761341765191091,0.3611502145302552,2.4435979083841888,0.37154027887357644,1.1583109283567925,0.0015936304815407515
jharkhand,8082,31367125,59164756770.20023,4625467,268769.0,2020,3,2020-Q3,2020-07-01,13724440,8081.0,22126359.0,4198053.0,223796.0,8793799.0,1886.2027288187946,17.209823305515144,116.70663283339968,220132.36932161162,58.1063490454045,0.41763608734722246,0.10181243543137741,0.20095533432232937,0.5606952126151621,0.9672713753089393,0.5305888317012011,0.8165713667761603,0.015315829898917712
karnataka,8082,300996207,475946166041.82654,20469767,1360600.0,2020,3,2020-Q3,2020-07-01,155688887,8081.0,212551929.0,18659833.0,1155989.0,106019637.0,1581.2364241580842,15.044661913861532,221.22314199617816,349806.08999105287,66.46875853545377,0.4161066823345556,0.09699625929128097,0.17700081921194744,0.46849104001365327,0.6743638979409052,0.4905317028124112,0.7293381208096343,0.14696937340069977
kerala,8082,22302087,39547903350.2505,5337146,113135.0,2020,3,2020-Q3,2020-07-01,10639866,8081.0,15681152.0,4520490.0,91350.0,7591045.0,1773.282623740572,47.17502099261944,197.1280947540549,349563.82507845055,21.197658823648446,0.4222224872254283,0.18065652174874858,0.23847837985769016,0.40163389889007384,1.315039382608747,0.8524765132049119,1.0413005430958266,0.01088958490403134
ladakh,8082,291625,1137269183.6259084,81517,89.0,2020,3,2020-Q3,2020-07-01,93272,8081.0,196402.0,74807.0,79.0,62740.0,3899.765738965824,915.9213483146067,3276.6853932584268,12778305.43399897,1.0917968031208214,0.4848372216168879,0.08969748820297574,0.12658227848101267,0.48664328976729365,1.409765489431324,0.43029845770533215,0.8936170212765957,0.00014239363327916976
lakshadweep,8082,13906,37809773.97093214,5137,4.0,2020,3,2020-Q3,2020-07-01,7289,8081.0,11502.0,4578.0,3.0,6329.0,2718.953974610394,1284.25,3476.5,9452443.492733035,0.7786645902277594,0.2090071291949227,0.12210572302315414,0.33333333333333326,0.15168273028914525,1.6188323917137475,0.5685496183206107,3.0,6.789972959726137e-06
madhya pradesh,8082,105895534,198051918982.3343,12744642,654441.0,2020,3,2020-Q3,2020-07-01,44812503,8081.0,75708003.0,11514232.0,550154.0,28763727.0,1870.2575217415144,19.47408857330149,161.81066589654378,302627.6149910141,51.35028508450846,0.39873632646207824,0.10685992778328601,0.18955965057056745,0.5579518954549945,0.9290086147984591,0.5482711539323608,0.8276033477897828,0.051706300331925775
maharashtra,8082,259184002,417445438172.2079,31432433,2160587.0,2020,3,2020-Q3,2020-07-01,127581626,8081.0,180429884.0,28790127.0,1925780.0,80390030.0,1610.614215966184,14.548098734279156,119.9599932796041,193209.2705233383,68.73750434781806,0.4364804557542141,0.0917781988248958,0.12192825764105963,0.5870329442593814,0.742296938689438,0.4741754120758779,0.6497652395747511,0.12655345643417265
manipur,8082,1043328,2794156258.2445955,275979,557.0,2020,3,2020-Q3,2020-07-01,416199,8081.0,879294.0,232085.0,523.0,349701.0,2678.118729914845,495.47396768402155,1873.120287253142,5016438.524676114,2.0182695060131386,0.18655193825955818,0.1891289829157421,0.0650095602294456,0.1901567338955279,1.5317780209807008,0.8299659839136402,1.070631970260223,0.0005094325404951209
meghalaya,8082,692059,1513957555.369562,176427,308.0,2020,3,2020-Q3,2020-07-01,315322,8081.0,628610.0,152632.0,295.0,289723.0,2187.613419332112,572.8149350649351,2246.944805194805,4915446.608342733,1.7457645371740154,0.10093539714608424,0.1558978457990461,0.04406779661016946,0.08835680978037641,1.121689358427631,0.786168424889141,1.1241379310344826,0.0003379161438612909
mizoram,8082,282613,817121389.324712,75962,101.0,2020,3,2020-Q3,2020-07-01,109236,8081.0,227158.0,62148.0,98.0,94994.0,2891.3085715261223,752.0990099009902,2798.1485148514853,8090310.785393189,1.3296121745083067,0.24412523441833445,0.2222758576301731,0.030612244897959107,0.14992525843737492,1.4758688357994516,0.9697134707636459,1.1041666666666665,0.00013799328549310246
nagaland,8082,767214,2071980086.1068025,175583,304.0,2020,3,2020-Q3,2020-07-01,292460,8081.0,613591.0,132841.0,283.0,239041.0,2700.6546884008926,577.5756578947369,2523.7302631578946,6815723.967456587,1.7313749053154348,0.25036710121237116,0.3217530732228755,0.07420494699646651,0.22347212402893235,1.4105456304944797,1.130396272658885,1.0132450331125828,0.0003746125639524902
odisha,8082,69038595,127503888471.30424,7888711,355640.0,2020,3,2020-Q3,2020-07-01,25581574,8081.0,50392152.0,7239140.0,304562.0,18242091.0,1846.849410410282,22.181731526262514,194.1249437633562,358519.53793528356,45.082143331147506,0.3700267255901275,0.08973040996582471,0.16770969457778717,0.4023378131377593,0.6920873405419095,0.4713986297156565,0.7291441796240652,0.033709923286889404
puducherry,8082,1545591,2884349251.874382,278348,17736.0,2020,3,2020-Q3,2020-07-01,727619,8081.0,1040762.0,249567.0,15759.0,455143.0,1866.1788609498774,15.693955796120884,87.14428281461434,162626.81844127097,63.71879805136017,0.4850571023922856,0.11532374071892515,0.12545212259661143,0.5986602012993718,1.0202985238506677,0.6000229931308021,0.48592493297587125,0.000754675758434926
punjab,8082,17887958,41042955723.14191,4858229,181331.0,2020,3,2020-Q3,2020-07-01,7823602,8081.0,14203459.0,4373346.0,149795.0,6014021.0,2294.4461141479596,26.792048794745522,98.6480965747721,226342.7418540785,37.3245065228502,0.25940857082771185,0.11087231607103587,0.21052772121899932,0.3008936949172609,0.6210700084035206,0.5752332989530606,0.9883439148217594,0.008734269461003655
rajasthan,8082,143008603,280234259657.3222,15099115,808116.0,2020,3,2020-Q3,2020-07-01,57900495,8081.0,98305260.0,13697342.0,671680.0,36961229.0,1959.5622485545307,18.684341109444684,176.96543936761555,346774.79428364517,53.520752706367226,0.45474009223921485,0.10233905235044882,0.20312648880419237,0.5665197442433529,1.169120570533578,0.5205400751251246,0.7847360714498679,0.06982773963599957
sikkim,8082,639577,1543361489.5177724,143462,242.0,2020,3,2020-Q3,2020-07-01,256031,8081.0,547369.0,127647.0,221.0,221971.0,2413.0972338245,592.8181818181819,2642.880165289256,6377526.816189142,1.686857843888974,0.16845674490151974,0.12389637045915691,0.09502262443438925,0.15344346784039353,0.9166169714804571,0.6170198376916141,1.1801801801801801,0.0003122904167742531
tamil nadu,8082,70529798,138538123385.73276,13765652,620844.0,2020,3,2020-Q3,2020-07-01,31747599,8081.0,50385378.0,12255108.0,516057.0,22003787.0,1964.2495415304147,22.172481331864365,113.60309192003145,223144.8212203593,45.1009512662386,0.3998068646026631,0.12325831808254972,0.20305315110540123,0.4428243192864938,0.7365385072299966,0.61298226940133,0.9468114128747613,0.03443804266323505
telangana,8082,207472326,428781682179.9675,14605692,802189.0,2020,3,2020-Q3,2020-07-01,91185733,8081.0,138326729.0,13431777.0,673726.0,54016206.0,2066.693377602406,18.207295288267478,258.6327237097492,534514.5373222115,54.92303959305728,0.49987155410867845,0.0873983390284101,0.19067543778924967,0.6881180621978522,0.818145654364685,0.42834516181146864,0.6358684680091766,0.10130386045099136
andaman & nicobar islands,8083,272005,732159322.5032427,61520,187.0,2020,4,2020-Q4,2020-10-01,132834,8082.0,143989.0,50005.0,76.0,76639.0,2691.712735071939,328.98395721925135,1454.572192513369,3915290.494669747,3.039661898569571,0.8890679149101668,0.23027697230276978,1.460526315789474,0.7332428659037826,5.52838113524541,0.8163030320923503,4.5,9.438480755543769e-05
andhra pradesh,8083,326093276,760638671029.0725,15263807,669451.0,2020,4,2020-Q4,2020-10-01,118472460,8082.0,251377109.0,14049378.0,523633.0,90557252.0,2332.5800530430824,22.800484277415375,487.1055178048879,1136212.6145589035,43.85871755322902,0.29722740983547546,0.08644005449920988,0.27847366380652105,0.30826032574398354,1.4937736659106422,0.44969405882903235,0.8837981501126986,0.11315325490480774
arunachal pradesh,8083,1393785,4195981781.202884,257285,364.0,2020,4,2020-Q4,2020-10-01,498430,8082.0,1160082.0,228945.0,315.0,466194.0,3010.494288002012,706.8269230769231,3829.0796703296705,11527422.4758321,1.4147735002040538,0.2014538627441853,0.12378518858241061,0.15555555555555545,0.0691471790713738,1.4417755182127792,0.7508812761150354,0.8666666666666667,0.0004836386426670676
assam,8083,14784484,36013810212.345345,3615153,18200.0,2020,4,2020-Q4,2020-10-01,5154466,8082.0,11961802.0,3266212.0,14007.0,4773287.0,2435.9193200347977,198.63478021978023,812.3342857142857,1978780.7808980958,5.0343650738986705,0.23597464662932888,0.10683354295434588,0.2993503248375813,0.07985671089963797,1.145210188602261,0.6137757495704592,0.8561958184599694,0.00513016553793661
bihar,8083,97696608,239429081339.50943,13128377,527212.0,2020,4,2020-Q4,2020-10-01,37187582,8082.0,72779613.0,11972054.0,376344.0,26489558.0,2450.740985188651,24.901514001957466,185.30801271594729,454141.9416468317,40.15820081949201,0.3423622903848087,0.09658518078852629,0.40087792020066737,0.4038581542206179,1.3847119668317767,0.5340505507022566,1.2192980240614926,0.03390038986378572
chandigarh,8083,2610842,4860838678.860598,396747,31497.0,2020,4,2020-Q4,2020-10-01,1450083,8082.0,1787111.0,368783.0,28162.0,925689.0,1861.7896750782306,12.596342508810363,82.89176746991777,154327.03682447845,79.38812391776119,0.4609288398985849,0.0758277903265605,0.11842198707478158,0.5664904735823804,0.5696589587799807,0.358643503631638,0.4895015605788329,0.0009059532719165237
chhattisgarh,8083,39804658,71088111288.6268,4302482,153533.0,2020,4,2020-Q4,2020-10-01,18163320,8082.0,28282693.0,3897665.0,120657.0,12030721.0,1785.924433482805,28.023174171025122,259.2579966521855,463015.1907969414,35.684751266826915,0.40738571111315314,0.1038614144622485,0.272474866771095,0.5097449271743564,1.433450204749649,0.5471461731120872,0.8565054413542925,0.01381208060565068
dadra & nagar haveli & daman & diu,8083,2074476,3117756826.203451,264058,9628.0,2020,4,2020-Q4,2020-10-01,1023837,8082.0,1381590.0,239161.0,7224.0,633739.0,1502.9129410045964,27.426049023680932,215.4628167843789,323821.8556505454,36.461686447674374,0.5015134736064968,0.10410142121834243,0.33277962347729795,0.6155499345945254,1.2625455759060378,0.5120652335742182,1.1753276095797558,0.0007198360987422075
delhi,8083,101260942,177739597368.565,9361847,956264.0,2020,4,2020-Q4,2020-10-01,50818263,8082.0,73862510.0,8702719.0,806650.0,36733987.0,1755.263123747802,9.790023466323108,105.89224523771678,185868.75315662308,102.14480112738437,0.3709382743695009,0.07573816872634853,0.18547573296968944,0.38341266903589855,0.6189101203883334,0.34201904201611777,0.7849204660417437,0.03513720160861873
goa,8083,4146283,7565195670.719751,553679,9461.0,2020,4,2020-Q4,2020-10-01,1953066,8082.0,2133105.0,499358.0,7492.0,966368.0,1824.572917651726,58.52224923369623,438.24997357573193,799619.0329478651,17.087518219040273,0.9437782012606037,0.10878167567156227,0.26281366791244,1.0210375343554423,1.1805774612258677,0.49636906611894105,0.9743322203672788,0.0014387460635847974
gujarat,8083,77350802,145043226247.8315,14183614,915535.0,2020,4,2020-Q4,2020-10-01,37351915,8082.0,58773255.0,13038677.0,757523.0,28750957.0,1875.1353896476926,15.492159229303086,84.48699612794705,158424.55640454107,64.5487814318692,0.3160884487340372,0.08781082620575686,0.20859036623310456,0.29915379860225166,0.8679023495408182,0.4562746363937289,0.9080801133758494,0.026840464554066155
haryana,8083,91338622,176138927815.97955,9406195,596567.0,2020,4,2020-Q4,2020-10-01,44510568,8082.0,67366856.0,8695590.0,495270.0,32099499.0,1928.416741561741,15.767206365756067,153.10706425263214,295254.225956145,63.42277615975429,0.3558391681511752,0.081720159299139,0.20452884285339312,0.3866436980838859,1.0414974249677473,0.4160228257063483,0.8759791574293325,0.03169419040035612
himachal pradesh,8083,7648490,14312857828.542427,1534598,24496.0,2020,4,2020-Q4,2020-10-01,3543029,8082.0,5877958.0,1408247.0,18895.0,2795882.0,1871.3311815198067,62.64688112344873,312.2342423252776,584293.6736015034,15.962486592579946,0.3012154901413042,0.08972218651983632,0.2964276263561789,0.26723123508073665,1.12871084590518,0.5256697804448369,1.0598721829801545,0.002653999951249755
jammu & kashmir,8083,5697218,13861828201.924194,1396218,21742.0,2020,4,2020-Q4,2020-10-01,2498216,8082.0,3263787.0,1249897.0,13647.0,1130325.0,2433.0872018455666,64.21755128323062,262.03743905804436,637559.9393765152,15.5720668262406,0.745585113244216,0.11706644627517315,0.5931706602183631,1.2101749496826133,19.93941877602626,0.49446406781838026,2.3787101787101785,0.0019769152204237995
jharkhand,8083,43790272,80715425964.23326,5079848,344805.0,2020,4,2020-Q4,2020-10-01,20202143,8082.0,31367125.0,4625467.0,268769.0,13724440.0,1843.2273260196525,14.732524180333812,127.00010730702861,234090.06819574328,67.87703096628088,0.3960562850436564,0.09823462149875883,0.2829046504619208,0.47198304630279986,1.1313316559239261,0.495562345323902,0.9621517344987709,0.015195075074062137
karnataka,8083,428937584,656829679389.3723,22376108,1559103.0,2020,4,2020-Q4,2020-10-01,232139007,8082.0,300996207.0,20469767.0,1360600.0,155688887.0,1531.2943045563766,14.351911323369912,275.1181826986415,421286.9062463303,69.67713062521865,0.4250597649557757,0.09312958960402429,0.1458937233573423,0.49104416810430407,0.742307124795963,0.4492244426299721,0.6618448990381336,0.14883987911668678
kerala,8083,34407413,57569923779.03198,6108425,168782.0,2020,4,2020-Q4,2020-10-01,16554145,8082.0,22302087.0,5337146.0,113135.0,10639866.0,1673.1837345351125,36.19121114810821,203.85712338993494,341090.4230251566,27.63101781555802,0.5427889327128892,0.14451150483797903,0.4918637026561188,0.5558602899698173,1.6520003335867606,0.8195860580791239,1.4301963946322642,0.011939254993420948
ladakh,8083,400254,1364250617.5120263,89518,109.0,2020,4,2020-Q4,2020-10-01,147929,8082.0,291625.0,81517.0,89.0,93272.0,3408.462170301924,821.2660550458716,3672.0550458715597,12516060.711119507,1.2176322080475435,0.37249549935705106,0.09815130586258092,0.2247191011235956,0.5859957972381851,2.5355003974913877,0.44044669005245707,0.703125,0.0001388867732699552
lakshadweep,8083,17672,47628614.570741504,5775,7.0,2020,4,2020-Q4,2020-10-01,7929,8082.0,13906.0,5137.0,4.0,7289.0,2695.1456864385186,825.0,2524.5714285714284,6804087.795820215,1.2121212121212122,0.270818351790594,0.12419700214132767,0.75,0.08780353958018927,1.8984746596686897,0.5574433656957929,6.0,6.132123744488869e-06
madhya pradesh,8083,147699496,269845055092.3077,13925932,839834.0,2020,4,2020-Q4,2020-10-01,67928541,8082.0,105895534.0,12744642.0,654441.0,44812503.0,1826.9869728757078,16.581767349261877,175.86748809883858,321307.60970895167,60.307202419198944,0.39476605311797197,0.09268914732952083,0.28328451304242863,0.5158390282283496,1.0801847041313763,0.5104396663393633,0.9048865461209752,0.05125122150693972
maharashtra,8083,397059155,598117839589.4216,34404572,2544284.0,2020,4,2020-Q4,2020-10-01,211773187,8082.0,259184002.0,31432433.0,2160587.0,127581626.0,1506.3695977225902,13.522300183470085,156.05929015785975,235082.97013596818,73.95191546053822,0.5319585774433717,0.09455644111291028,0.17758923848009833,0.6599034958215693,1.0208807466551861,0.44956941922840143,0.5929701758395187,0.1377781729482903
manipur,8083,1186202,3644196614.138252,306249,638.0,2020,4,2020-Q4,2020-10-01,420543,8082.0,1043328.0,275979.0,557.0,416199.0,3072.1551760477996,480.0141065830721,1859.2507836990596,5711906.918711994,2.08327210864362,0.13694063611826768,0.10968225843270685,0.1454219030520647,0.010437314842178802,1.31796429066934,0.797246462713983,0.782122905027933,0.0004116080494545148
meghalaya,8083,836361,2026601308.7769709,197575,383.0,2020,4,2020-Q4,2020-10-01,321204,8082.0,692059.0,176427.0,308.0,315322.0,2423.1178985832325,515.8616187989556,2183.7101827676242,5291387.229182691,1.9385043654308491,0.20851112405156202,0.11986827413037693,0.24350649350649345,0.01865394739345816,1.240962983802902,0.7496125747177329,0.9246231155778895,0.00029021441529337115
mizoram,8083,352855,1096221440.2761316,87194,116.0,2020,4,2020-Q4,2020-10-01,116071,8082.0,282613.0,75962.0,101.0,109236.0,3106.7193047459486,751.6724137931035,3041.853448275862,9450184.829966651,1.3303667683556208,0.24854482985566828,0.1478634053869039,0.14851485148514842,0.06257094730674861,1.4450164915879045,0.9482515920008938,0.8412698412698412,0.00012243948188442848
nagaland,8083,851689,2766834171.793364,194444,348.0,2020,4,2020-Q4,2020-10-01,266738,8082.0,767214.0,175583.0,304.0,292460.0,3248.6437793529844,558.7471264367816,2447.382183908046,7950672.907452196,1.7897183764991462,0.1101061763732154,0.10741928318800786,0.14473684210526305,-0.08795048895575464,1.2007353967162961,1.0325085975310189,0.7313432835820894,0.00029553317903010303
odisha,8083,94873191,182755800341.008,8592754,464756.0,2020,4,2020-Q4,2020-10-01,36795800,8082.0,69038595.0,7888711.0,355640.0,25581574.0,1926.316574942736,18.48874247992495,204.13548399590323,393229.56635526597,54.08696676292607,0.37420512396001104,0.08924689977868372,0.30681588122820824,0.43837122766566283,0.4444857003009337,0.41435430482652147,0.8443503486263289,0.032920673791677665
puducherry,8083,2534435,4357050361.95191,312159,21019.0,2020,4,2020-Q4,2020-10-01,1272494,8082.0,1545591.0,278348.0,17736.0,727619.0,1719.1407007683804,14.851277415671536,120.57828631238404,207291.0396285223,67.33427516105574,0.6397837461527662,0.12147024587925914,0.18510374379792505,0.7488465804218967,1.320218506196868,0.5657741618346341,0.5221232529509741,0.0008794403034384137
punjab,8083,23593701,54527944550.72394,5310103,228303.0,2020,4,2020-Q4,2020-10-01,10297838,8082.0,17887958.0,4858229.0,181331.0,7823602.0,2311.1229794225137,23.25901543124707,103.34380625747362,238840.24542263543,42.994081282415806,0.3189711760280296,0.09301208320974585,0.25904009794243676,0.3162527950680518,0.687587562506585,0.5427053821070564,0.9615682029075163,0.008186933800501967
rajasthan,8083,184672061,370817106324.8167,16423105,981664.0,2020,4,2020-Q4,2020-10-01,79104977,8082.0,143008603.0,15099115.0,808116.0,57900495.0,2007.9762164175809,16.72986378231248,188.12145601753758,377743.40948106145,59.77334980200151,0.2913353261691536,0.08768659620116814,0.21475629736324975,0.36622281035766613,1.2171878706877757,0.4884517708185019,0.8104099160324068,0.06408057549806456
sikkim,8083,778335,2085958059.255025,157981,291.0,2020,4,2020-Q4,2020-10-01,273203,8082.0,639577.0,143462.0,242.0,256031.0,2680.0260289657085,542.8900343642612,2674.6907216494847,7168240.753453694,1.8419936574651383,0.21695276721958412,0.10120450014638016,0.2024793388429753,0.06707000324179502,0.90261484720854,0.5793677770224337,0.9019607843137254,0.000270079591142301
tamil nadu,8083,112119794,204191947116.8283,15495864,769374.0,2020,4,2020-Q4,2020-10-01,52957176,8082.0,70529798.0,13765652.0,620844.0,31747599.0,1821.1944548955228,20.14087296945309,145.72859753513896,265400.1137506964,49.65028087494831,0.5896797832881926,0.1256905230496892,0.23923884260780492,0.6680686939506828,1.0658341958649156,0.5946962095582582,0.8907719151655158,0.038905186227625656
telangana,8083,321839483,640618169487.1467,15891633,986977.0,2020,4,2020-Q4,2020-10-01,150218614,8082.0,207472326.0,14605692.0,802189.0,91185733.0,1990.489679872953,16.10132049683022,326.0861023103882,649071.0213988236,62.10670734719333,0.5512405399069946,0.0880438256537246,0.23035469197408598,0.6473916374615314,1.110283712836401,0.40249326912121597,0.726561857662912,0.11167720323779548
tripura,8083,1967767,3877627429.546828,431153,1980.0,2020,4,2020-Q4,2020-10-01,835017,8082.0,1676998.0,395067.0,1801.0,751363.0,1970.5724455928105,217.7540404040404,993.8217171717172,1958397.6916903171,4.592337290938484,0.17338661107526665,0.09134146866227755,0.09938922820655183,0.11133633144032906,0.9336154833333661,0.521320927147177,0.4012738853503184,0.0006828084395836141
uttar pradesh,8083,191598396,380442192615.8421,28545839,1586664.0,2020,4,2020-Q4,2020-10-01,86963902,8082.0,141565257.0,26045233.0,1242714.0,63325777.0,1985.6230561337377,17.991105237151658,120.75549454704966,239774.89412745365,55.58302209999853,0.3534280942957635,0.09601012208260906,0.27677325595430635,0.37327808863679635,0.9674284967501579,0.5088034734071756,0.9146537628439897,0.06648399012661732
uttarakhand,8083,18918942,33134968485.44432,2685323,85892.0,2020,4,2020-Q4,2020-10-01,9591103,8082.0,12900421.0,2456247.0,65658.0,6069189.0,1751.417626072553,31.26394774833512,220.2643086666977,385774.7925935398,31.985723877537264,0.4665367897683339,0.09326260754720517,0.3081726522282129,0.5802940063326418,1.2023992360553382,0.4710801798391484,1.1990885349992317,0.006564808366840637
west bengal,8083,101265149,194248152966.42117,15870777,1136123.0,2020,4,2020-Q4,2020-10-01,42774024,8082.0,78767654.0,14612656.0,922488.0,33531712.0,1918.2132736152018,13.96924188666192,89.13220575589087,170974.58018755115,71.58584611200826,0.28561844688176197,0.08609803720829401,0.23158566832305683,0.2756289926383717,0.11342893374501206,0.45188220405237356,0.7011471018496473,0.03513866142327429
tripura,8084,2012544,4367162381.678455,458876,2294.0,2021,1,2021-Q1,2021-01-01,548634,8083.0,1967767.0,431153.0,1980.0,835017.0,2169.971131899951,200.03312990409765,877.3077593722755,1903732.5116296667,4.999171889573654,0.022755234740698516,0.06429968015994314,0.1585858585858586,-0.3429666701396499,0.781028150691599,0.45859212592418364,0.4213135068153655,0.0005807032708553835
uttar pradesh,8084,227417493,433880828404.01526,30976739,2059413.0,2021,1,2021-Q1,2021-01-01,89939335,8083.0,191598396.0,28545839.0,1586664.0,86963902.0,1907.8603966670905,15.04153804992005,110.4283079693097,210681.79544560282,66.4825629321408,0.18694883541718177,0.08515777027958427,0.29795155117907757,0.03421457560632457,1.1035187858128555,0.46152797273552904,1.1021432661714674,0.06561947566603825
uttarakhand,8084,21980872,37055782980.02542,2888932,124324.0,2021,1,2021-Q1,2021-01-01,9483409,8083.0,18918942.0,2685323.0,85892.0,9591103.0,1685.819515259696,23.237122357710497,176.80312731250604,298058.1623823672,43.034588560755324,0.16184467397806923,0.07582290845458806,0.44744562939505417,-0.011228531275287112,1.259816110903838,0.4274077635220299,1.5729304635761587,0.006342402584317916
west bengal,8084,115001959,231129225939.18716,16981214,1344929.0,2021,1,2021-Q1,2021-01-01,38286845,8083.0,101265149.0,15870777.0,1136123.0,42774024.0,2009.785119740327,12.626104426330311,85.50782903781538,171852.3624215012,79.20099234365694,0.13565190132688199,0.06996739983177891,0.183788198989018,-0.10490429892684405,0.79708660969197,0.4089282995542447,0.7333078156333286,0.033182883825683664
andaman & nicobar islands,8084,316270,962447873.368161,69111,329.0,2021,1,2021-Q1,2021-01-01,86168,8083.0,272005.0,61520.0,187.0,132834.0,3043.1209832363515,210.06382978723406,961.306990881459,2925373.475283164,4.760457814240859,0.16273597911803095,0.12339076723016906,0.7593582887700534,-0.35131065841576703,5.440819485174324,0.8741966101694916,4.9818181818181815,9.125714691128847e-05
andhra pradesh,8084,360571899,827396576580.57,16309736,778520.0,2021,1,2021-Q1,2021-01-01,122228605,8083.0,326093276.0,15263807.0,669451.0,118472460.0,2294.67847848168,20.9496686019627,463.1504637003545,1062781.401352014,47.73345197003802,0.10573239480105068,0.06852346862090175,0.16292305187384892,0.03170479451511343,1.2650898875429029,0.39828103811916415,0.8837318467114783,0.10404010105013206
arunachal pradesh,8084,1511740,4824985661.331147,279538,432.0,2021,1,2021-Q1,2021-01-01,268630,8083.0,1393785.0,257285.0,364.0,498430.0,3191.6769162231253,647.0787037037037,3499.3981481481483,11168948.290118396,1.5454070645135902,0.08462926491532041,0.08649163379132085,0.18681318681318682,-0.4610476897458018,1.1715971741397588,0.6535915622097734,0.763265306122449,0.0004362003328537997
assam,8084,17317732,44333318961.29296,3929145,41335.0,2021,1,2021-Q1,2021-01-01,3579513,8083.0,14784484.0,3615153.0,18200.0,5154466.0,2559.9956715632834,95.05612676908189,418.9604935284868,1072537.0499889432,10.520100428973734,0.17134503984041638,0.08685441529030724,1.271153846153846,-0.3055511472963446,0.9963054290826248,0.5505261886797219,2.6303354997365185,0.004996891305828316
bihar,8084,111690707,277382314169.3477,14274751,734157.0,2021,1,2021-Q1,2021-01-01,33189718,8083.0,97696608.0,13128377.0,527212.0,37187582.0,2483.4860627155645,19.443730700653948,152.13463468985518,377824.2449085791,51.43045927736323,0.14324037739365525,0.08732031385143801,0.3925271048458685,-0.10750534950080914,1.5351506087602802,0.4901878682080958,1.550998637905154,0.03222744888014884
chandigarh,8084,3291014,5639239470.444478,420246,34879.0,2021,1,2021-Q1,2021-01-01,1728889,8083.0,2610842.0,396747.0,31497.0,1450083.0,1713.526429983123,12.04868258837696,94.35517073310588,161680.078856747,82.99662578584925,0.26051825426433317,0.0592291813170609,0.10737530558465891,0.19226899425757016,0.8524955953459834,0.32702418506834907,0.44600140956013434,0.0009495954345499323
chhattisgarh,8084,48630460,85037921799.0683,4682835,185878.0,2021,1,2021-Q1,2021-01-01,19091610,8083.0,39804658.0,4302482.0,153533.0,18163320.0,1748.6555093056554,25.193056736138757,261.62568996868913,457493.2041396416,39.69347628092811,0.22172786913531572,0.08840315892082762,0.21067132147486212,0.051107947225507155,1.5469782899781985,0.5131012430614772,0.8700564403352213,0.014031925356763326
dadra & nagar haveli & daman & diu,8084,2468208,3719731952.627505,284780,11346.0,2021,1,2021-Q1,2021-01-01,969125,8083.0,2074476.0,264058.0,9628.0,1023837.0,1507.0577328278268,25.099594570773842,217.53992596509784,327845.22762449365,39.84128098883348,0.1897982912311349,0.07847518348241667,0.17843788948899042,-0.05343819377498571,1.3298894528525054,0.47208882777728967,1.216881594372802,0.0007121814274626664
delhi,8084,120153276,205668430518.44977,9968730,1076714.0,2021,1,2021-Q1,2021-01-01,56615267,8083.0,101260942.0,9361847.0,956264.0,50818263.0,1711.717211259806,9.258475323995045,111.59256404207616,191014.9125194339,108.00914459514902,0.18657079054231995,0.06482513546739233,0.12595894020898002,0.11407324173988398,0.8508449142386678,0.3280130553520282,0.7339199415109563,0.03466925462359563
goa,8084,6169621,11178477599.490131,596406,11748.0,2021,1,2021-Q1,2021-01-01,2615744,8083.0,4146283.0,553679.0,9461.0,1953066.0,1811.8580702915351,50.766598569969354,525.163517194416,951521.7568513901,19.697990965885655,0.4879883982834745,0.07716926233431276,0.24172920410104637,0.3393013856162568,1.6724003354349999,0.451317829080087,1.103868194842407,0.0017801941694880021
gujarat,8084,92994867,178693454967.36502,15212633,1057340.0,2021,1,2021-Q1,2021-01-01,36594813,8083.0,77350802.0,14183614.0,915535.0,37351915.0,1921.541056318356,14.387645412071803,87.95171562600488,169002.83254900508,69.5040759873718,0.20224825852484374,0.07254984519460272,0.15488757939346942,-0.020269429291644103,0.9781013581904352,0.4187961401994289,0.8363515421608487,0.02683291567273131
haryana,8084,105784676,194682830151.4549,10053988,689584.0,2021,1,2021-Q1,2021-01-01,46819759,8083.0,91338622.0,9406195.0,596567.0,44510568.0,1840.3689221627421,14.579787234042554,153.4036114527019,282319.2390650811,68.58810653046334,0.15815931622003232,0.06886876149176158,0.15592045822179235,0.051879612050783175,1.0605049151427193,0.37619744993894444,0.8323382251734464,0.030523311470247103
himachal pradesh,8084,8416756,15284058641.692797,1638990,31399.0,2021,1,2021-Q1,2021-01-01,2729674,8083.0,7648490.0,1534598.0,24496.0,3543029.0,1815.908485608089,52.19879614000446,268.0580910220071,486768.96212276816,19.157529942220513,0.10044675484965015,0.06802563277157936,0.28180111038536904,-0.22956487231687916,0.987187850533265,0.4474746315055065,1.1705378128024333,0.002428586773353365
jammu & kashmir,8084,6819001,14689457308.71754,1549842,37358.0,2021,1,2021-Q1,2021-01-01,1821330,8083.0,5697218.0,1396218.0,21742.0,2498216.0,2154.194919273005,41.48621446544247,182.53121152095937,393207.8084671969,24.1043925767917,0.19690013617172442,0.11002866314572657,0.7182411921626346,-0.27094774831319635,6.999531923629645,0.5341021123275196,4.566681567575622,0.001967567508917137
jharkhand,8084,52349920,96054296641.1572,5505298,414090.0,2021,1,2021-Q1,2021-01-01,21235684,8083.0,43790272.0,5079848.0,344805.0,20202143.0,1834.8508773491383,13.294931053635683,126.42159916926272,231964.7821516028,75.2166367742491,0.19546916721595142,0.083752505980494,0.20093966154783138,0.051159968524131294,1.5301216639980728,0.4553923266247035,0.9826389221384864,0.015105145414469277
karnataka,8084,521967299,752831794629.573,24058436,1724839.0,2021,1,2021-Q1,2021-01-01,278444938,8083.0,428937584.0,22376108.0,1559103.0,232139007.0,1442.2968566649097,13.948221254273587,302.6179828957949,436464.9655008804,71.69372938457013,0.21688403737547035,0.07518412049137413,0.1063021493769174,0.19947501110832278,0.8762409473925261,0.41146985922870294,0.6029193512263711,0.15060943651858044
kerala,8084,43831729,71423214754.64795,6650208,233096.0,2021,1,2021-Q1,2021-01-01,17500843,8083.0,34407413.0,6108425.0,168782.0,16554145.0,1629.4865930259778,28.529910423173284,188.04153224422555,306411.15572402766,35.050933745230225,0.2739036497745413,0.08869438521386441,0.38104774205780245,0.057187973163216776,1.8397533328046665,0.7060187999956902,1.7997501681560486,0.012647290393425816
ladakh,8084,400146,1350829015.224511,96146,257.0,2021,1,2021-Q1,2021-01-01,110768,8083.0,400254.0,89518.0,109.0,147929.0,3375.8403563312163,374.1089494163424,1556.988326848249,5256144.028110937,2.6730181182784514,-0.00026982865880165186,0.07404097499944151,1.3577981651376145,-0.25120834995166597,1.6764186531824383,0.4051707759086858,2.619718309859155,0.00011545888736827531
lakshadweep,8084,16065,49159946.33657811,6336,10.0,2021,1,2021-Q1,2021-01-01,3956,8083.0,17672.0,5775.0,7.0,7929.0,3060.065131439658,633.6,1606.5,4915994.633657811,1.5782828282828283,-0.09093481213218646,0.0971428571428572,0.4285714285714286,-0.5010720141253626,0.8404170008019247,0.5304347826086957,4.0,4.635425633572104e-06
madhya pradesh,8084,187447068,319696045419.15,15131202,1038097.0,2021,1,2021-Q1,2021-01-01,79551215,8083.0,147699496.0,13925932.0,839834.0,67928541.0,1705.5270526778793,14.57590379319081,180.56797004518845,307963.55775919784,68.60638037876964,0.26911108755577606,0.08654860586709745,0.236074033678084,0.17110148148184123,1.3316232919488291,0.4746472432816784,1.0202492575596578,0.054086333267670914
maharashtra,8084,488141386,712800108227.8447,36994904,2884303.0,2021,1,2021-Q1,2021-01-01,241600887,8083.0,397059155.0,34404572.0,2544284.0,211773187.0,1460.232892909934,12.826289054929388,169.24067478347456,247130.80013710234,77.9648732160516,0.22939209398156302,0.07529034222544606,0.13364034832589433,0.14084738687905762,1.0882297895670199,0.4139724074579507,0.549214624252867,0.14084924329111825
manipur,8084,1151135,3880846919.523519,326912,714.0,2021,1,2021-Q1,2021-01-01,220308,8083.0,1186202.0,306249.0,638.0,420543.0,3371.3221468581173,457.85994397759106,1612.233893557423,5435359.831265433,2.1840740015661706,-0.029562418542541713,0.06747124072241872,0.11912225705329149,-0.47613442620611923,0.8964364026958858,0.6923889297288344,0.6190476190476191,0.00033215068077821497
meghalaya,8084,895045,2367708528.6778736,213559,720.0,2021,1,2021-Q1,2021-01-01,170026,8083.0,836361.0,197575.0,383.0,321204.0,2645.3513830900943,296.6097222222222,1243.1180555555557,3288484.0676081576,3.3714336553364643,0.07016587334894853,0.0809009236998608,0.8798955613577024,-0.4706603902815656,1.0331257907780231,0.6552523271766173,1.8685258964143427,0.0002582579854466569
mizoram,8084,384386,1265644701.42484,94488,126.0,2021,1,2021-Q1,2021-01-01,67889,8083.0,352855.0,87194.0,116.0,116071.0,3292.639954173253,749.9047619047619,3050.6825396825398,10044799.21765746,1.333502667005334,0.08935965198169216,0.08365254489987839,0.0862068965517242,-0.41510799424490186,1.1409848666291627,0.7978537179389604,0.5365853658536586,0.00011091146701439444
nagaland,8084,877753,2906783684.005608,208308,390.0,2021,1,2021-Q1,2021-01-01,127106,8083.0,851689.0,194444.0,348.0,266738.0,3311.6191958393856,534.123076923077,2250.648717948718,7453291.497450277,1.8722276628838066,0.030602720006950968,0.07130073440167872,0.1206896551724137,-0.5234799691082636,0.9173913518354686,0.8897920673513082,0.6455696202531647,0.00025326851890101554
odisha,8084,115094652,220742131430.68103,9201367,548595.0,2021,1,2021-Q1,2021-01-01,39886914,8083.0,94873191.0,8592754.0,464756.0,36795800.0,1917.918231601943,16.772604562564368,209.79894457660023,402377.22077430715,59.62103239659933,0.2131419928734135,0.07082863072770373,0.18039358286929064,0.08400725082754001,1.1148716803998533,0.3875215203528968,0.8957533493905958,0.03320962964007848
puducherry,8084,3128221,5316493350.240479,338921,24614.0,2021,1,2021-Q1,2021-01-01,1443581,8083.0,2534435.0,312159.0,21019.0,1272494.0,1699.5261364975427,13.769440156008775,127.0911270008938,215994.69205494758,72.62459393191924,0.23428732636662608,0.08573195070460882,0.17103572957800095,0.1344501427904572,1.3708756083086953,0.5044767506381089,0.6235076841896972,0.0009026228329211678
punjab,8084,27470162,59753193346.67751,5679863,284376.0,2021,1,2021-Q1,2021-01-01,10008900,8083.0,23593701.0,5310103.0,228303.0,10297838.0,2175.203529803629,19.973074380397783,96.59803218274398,210120.38057598923,50.06740479479875,0.16430067499795808,0.06963330089830655,0.2456078106726587,-0.02805812249134232,0.7499205628659236,0.4654345195555085,1.0210508361346626,0.007926292754010477
rajasthan,8084,240954777,468471366342.2837,17806048,1160473.0,2021,1,2021-Q1,2021-01-01,91152365,8083.0,184672061.0,16423105.0,981664.0,79104977.0,1944.2294200387805,15.343784818776482,207.6349703956921,403690.0180721858,65.17296819597476,0.3047711478132038,0.08420715814701296,0.18214888189849066,0.15229620760777163,1.4140622111786367,0.45133315504843896,0.8465285092813886,0.06952554932072517
sikkim,8084,879693,2440814120.1876507,169708,399.0,2021,1,2021-Q1,2021-01-01,153480,8083.0,778335.0,157981.0,291.0,273203.0,2774.6203734571613,425.3333333333333,2204.7443609022557,6117328.622024187,2.3510971786833856,0.13022413228237206,0.07423044543331159,0.3711340206185567,-0.4382199316991394,0.9141362600826413,0.5099382529316512,1.0253807106598987,0.00025382829018823184
tamil nadu,8084,135702280,245293582891.245,16872782,912668.0,2021,1,2021-Q1,2021-01-01,55184006,8083.0,112119794.0,15495864.0,769374.0,52957176.0,1807.5863050439905,18.4873163077921,148.6874526114644,268765.4030723604,54.09113920869718,0.2103329408543151,0.08885712987672068,0.1862475207116434,0.042049636483637354,1.083932095422707,0.5379875902040054,0.8825931892580958,0.03915579379061183
telangana,8084,392460349,745675476381.9314,17082180,1156920.0,2021,1,2021-Q1,2021-01-01,181674390,8083.0,321839483.0,15891633.0,986977.0,150218614.0,1900.0020722652198,14.765221450057048,339.228597482972,644535.038189271,67.72671872091267,0.21942884490651515,0.07491659290143438,0.17218537007447998,0.2093999882065214,1.2131694858527529,0.37922888014448075,0.8053884506448818,0.11324125502117982
andaman & nicobar islands,8085,457972,1105731027.1761088,77369,406.0,2021,2,2021-Q2,2021-04-01,123565,8084.0,316270.0,69111.0,329.0,86168.0,2414.407490362094,190.564039408867,1128.0098522167489,2723475.4363943567,5.2475797800152515,0.4480412305941126,0.11948893808510941,0.23404255319148937,0.43400102126079276,4.820321535235433,0.8691324620104848,5.059701492537314,0.00011592569784856146
andhra pradesh,8085,450715706,1067722803488.4008,17327874,835962.0,2021,2,2021-Q2,2021-04-01,137701586,8084.0,360571899.0,16309736.0,778520.0,122228605.0,2368.9496267263444,20.72806419430548,539.1581268048069,1277238.4432407224,48.24377185568178,0.25000230813882696,0.06242516739694626,0.07378358937471097,0.1265905063712378,1.5567461637068534,0.35070518501358006,0.8845417717752244,0.11408892410312653
arunachal pradesh,8085,2126788,5874285594.840509,303657,565.0,2021,2,2021-Q2,2021-04-01,357066,8084.0,1511740.0,279538.0,432.0,268630.0,2762.0456739649226,537.446017699115,3764.2265486725664,10396965.654584972,1.8606519856285217,0.4068477383677087,0.08628165043750768,0.30787037037037046,0.3292111826676096,1.187763146660577,0.53015132351385,0.9482758620689655,0.0005383503425448419
assam,8085,22621193,51853860554.972015,4267940,70790.0,2021,2,2021-Q2,2021-04-01,4119253,8084.0,17317732.0,3929145.0,41335.0,3579513.0,2292.269048540986,60.29015397655036,319.5535103828224,732502.6212031645,16.586456229469018,0.30624454749617325,0.0862261382565419,0.7125922341841056,0.1507858750617752,1.0514441876999645,0.452484573090133,4.54476384428605,0.005726065315547662
bihar,8085,152928387,374306226227.0451,15401467,873547.0,2021,2,2021-Q2,2021-04-01,42188486,8084.0,111690707.0,14274751.0,734157.0,33189718.0,2447.591539869214,17.630954029949162,175.06600904129942,428490.08264815185,56.71842818609422,0.3692131700804795,0.07893069378232931,0.18986402091105847,0.2711311979209947,1.8343805404610745,0.4247020921792508,1.8127942246636741,0.03871051065093472
chandigarh,8085,3336924,5688419002.539844,442163,37747.0,2021,2,2021-Q2,2021-04-01,1673769,8084.0,3291014.0,420246.0,34879.0,1728889.0,1704.6894093302226,11.713858054944764,88.40236310170344,150698.5721392387,85.36897026662113,0.013950107778332166,0.052152786701122666,0.08222712807133226,-0.03188174602302407,2.037723430693813,0.2940585974883445,0.49932475373371465,0.0008446700745189949
chhattisgarh,8085,57474912,98787017765.85956,5078626,198995.0,2021,2,2021-Q2,2021-04-01,19178737,8084.0,48630460.0,4682835.0,185878.0,19091610.0,1718.785019903285,25.52137490891731,288.8259101987487,496429.64780954074,39.18284197339989,0.18187062182837677,0.0845195271667698,0.07056779177740236,0.0045636276877645265,1.7357135322996995,0.45732832733792295,0.8833879119423045,0.014548529784320132
dadra & nagar haveli & daman & diu,8085,2814882,4058213192.3616095,304287,11960.0,2021,2,2021-Q2,2021-04-01,1065450,8084.0,2468208.0,284780.0,11346.0,969125.0,1441.6992230443796,25.442056856187293,235.35802675585285,339315.48431117134,39.304998241791466,0.14045574765173763,0.0684984900625043,0.05411598801339679,0.09939378305172197,1.4939328000907244,0.3997157209096931,1.2005519779208833,0.0007125264431261177
delhi,8085,121471283,202501475643.4478,10538375,1126168.0,2021,2,2021-Q2,2021-04-01,54742475,8084.0,120153276.0,9968730.0,1076714.0,56615267.0,1667.0728310612133,9.357729042203294,107.86248854522593,179814.62414439747,106.86353446333045,0.010969380476983481,0.057143186744951446,0.04593048850483972,-0.03307927524213561,1.3163281580875839,0.30558690286979795,0.7008312592127202,0.030747825741169986
goa,8085,5343431,8784725625.06963,634949,12752.0,2021,2,2021-Q2,2021-04-01,2174178,8084.0,6169621.0,596406.0,11748.0,2615744.0,1644.0234046382614,49.79211104140527,419.0268977415307,688890.0270600399,20.08350276951377,-0.1339126017627339,0.06462543971723966,0.08546135512427644,-0.1688108622250496,2.0704326760084264,0.4052549691372369,0.9749109493572867,0.0013525738856974589
gujarat,8085,108741359,203060508004.0047,16194721,1139225.0,2021,2,2021-Q2,2021-04-01,41144828,8084.0,92994867.0,15212633.0,1057340.0,36594813.0,1867.3714387182222,14.215559700673703,95.4520476639821,178244.42757489055,70.34545392909207,0.16932646400795437,0.06455739778906122,0.07744434146064649,0.12433497064187748,1.4283560509671487,0.35914032368994286,0.8280393777228636,0.02752552105167117
haryana,8085,124382433,232312577411.7166,10686682,752220.0,2021,2,2021-Q2,2021-04-01,52047541,8084.0,105784676.0,10053988.0,689584.0,46819759.0,1867.7281976926486,14.206857036505278,165.3537967615857,308835.948807153,70.38854529403982,0.17580766613115117,0.06292965537655304,0.090831573818418,0.11165760165489114,1.6749086348826294,0.33883641918816276,0.8607746177498634,0.031484720344534034
himachal pradesh,8085,10673405,18003833831.481735,1741024,38403.0,2021,2,2021-Q2,2021-04-01,3324890,8084.0,8416756.0,1638990.0,31399.0,2729674.0,1686.7938424037816,45.33562482097753,277.9315418066297,468813.21332921216,22.057708566912346,0.26811386714786556,0.06225419313113556,0.2230644288034651,0.21805387749599392,1.2014065119394908,0.3649330713785086,1.465682182985554,0.0027017414231554006
jammu & kashmir,8085,9759120,19030309332.015205,1701193,45615.0,2021,2,2021-Q2,2021-04-01,2461450,8084.0,6819001.0,1549842.0,37358.0,1821330.0,1950.0025957274022,37.29459607585224,213.94541269319302,417194.1100956967,26.813536147867996,0.4311656502176786,0.09765576103886708,0.22102360940093146,0.3514574514228612,2.9379332218022993,0.5022898269162841,5.2709650811108055,0.002470309967395066
jharkhand,8085,65088355,122250011704.13626,5909431,450674.0,2021,2,2021-Q2,2021-04-01,22645520,8084.0,52349920.0,5505298.0,414090.0,21235684.0,1878.2163369182745,13.112429383545534,144.4244731224788,271260.40486945387,76.26351843350062,0.24333246354531202,0.0734080153335932,0.08834794368374022,0.06638995004823012,1.9416658655859287,0.40765993187794436,1.0137714704462994,0.01647570806772009
karnataka,8085,527810680,831158630288.7233,25647896,1777995.0,2021,2,2021-Q2,2021-04-01,240282738,8084.0,521967299.0,24058436.0,1724839.0,278444938.0,1574.7287081965133,14.425178923450291,296.8572352565671,467469.6105943623,69.32323025639218,0.011194917787368919,0.06606663874576046,0.03081794880565658,-0.13705474509290594,1.483208138750884,0.37449761742240684,0.53807259411638,0.13360384785734447
kerala,8085,49530478,76654377740.94525,7167573,257555.0,2021,2,2021-Q2,2021-04-01,16995197,8084.0,43831729.0,6650208.0,233096.0,17500843.0,1547.620391245674,27.829290831084624,192.31029488847042,297623.33381586557,35.93336265985711,0.1300142415098433,0.07779681477631972,0.10493101554724227,-0.028892665341892387,2.1585994447346724,0.5855743514530505,1.819430760810071,0.012537568294399703
ladakh,8085,650578,2108362311.063024,102914,504.0,2021,2,2021-Q2,2021-04-01,196095,8084.0,400146.0,96146.0,257.0,110768.0,3240.75254783135,204.19444444444446,1290.829365079365,4183258.5536964764,4.897292885321725,0.6258515641790747,0.07039294406423569,0.961089494163424,0.7703217535750397,2.312481542957811,0.3757268704800354,5.379746835443038,0.00016467973730909622
lakshadweep,8085,20788,49741657.90632099,6816,12.0,2021,2,2021-Q2,2021-04-01,3416,8084.0,16065.0,6336.0,10.0,3956.0,2392.8063260689337,568.0,1732.3333333333333,4145138.1588600823,1.7605633802816902,0.29399315281668215,0.07575757575757569,0.19999999999999996,-0.13650151668351873,0.8073378542862111,0.4888597640891219,3.0,5.262032191653411e-06
madhya pradesh,8085,203308974,393063852579.44696,16251687,1117867.0,2021,2,2021-Q2,2021-04-01,68475966,8084.0,187447068.0,15131202.0,1038097.0,79551215.0,1933.3325275619509,14.538122155855751,181.87223882626466,351619.515183333,68.7846744771789,0.08462072076795568,0.07405128819243845,0.0768425301296507,-0.13922161968236435,1.6854356995785507,0.4114434206293567,1.031916517920437,0.051463265635945075
maharashtra,8085,533231187,829232878614.5254,39429859,3023504.0,2021,2,2021-Q2,2021-04-01,229413959,8084.0,488141386.0,36994904.0,2884303.0,241600887.0,1555.1094887751294,13.04111355566257,176.36199158327557,274262.2065704313,76.68056839868487,0.09237037115308233,0.06581865978081747,0.04826157307328671,-0.05044239758937641,1.9553374151700944,0.369561829303497,0.5700152665413494,0.1349759318639388
manipur,8085,1435977,4129039191.340685,346378,988.0,2021,2,2021-Q2,2021-04-01,250250,8084.0,1151135.0,326912.0,714.0,220308.0,2875.421536236782,350.585020242915,1453.418016194332,4179189.4649197217,2.852375150846763,0.24744447871014263,0.05954507635082229,0.3837535014005602,0.13590972638306376,0.6331022388416161,0.4924618135596872,0.8891013384321225,0.0003634864922298388
meghalaya,8085,1126432,2534515849.849267,230094,1115.0,2021,2,2021-Q2,2021-04-01,193215,8084.0,895045.0,213559.0,720.0,170026.0,2250.038928092656,206.362331838565,1010.2529147982062,2273108.3855150375,4.845845610924231,0.25851996268344046,0.07742591040415059,0.5486111111111112,0.1363850234669992,0.7919409490781248,0.507508255149641,2.7796610169491527,0.0002851318763569624
mizoram,8085,469489,1293398978.7225688,101851,142.0,2021,2,2021-Q2,2021-04-01,74439,8084.0,384386.0,94488.0,126.0,67889.0,2754.907950394085,717.2605633802817,3306.260563380282,9108443.512130765,1.3941934787090946,0.22139984286628556,0.07792523918381167,0.12698412698412698,0.09648102048932827,1.066794918074644,0.6388459805625282,0.44897959183673475,0.00011884097708423937
nagaland,8085,1107351,3195473116.112031,222211,434.0,2021,2,2021-Q2,2021-04-01,130032,8084.0,877753.0,208308.0,390.0,127106.0,2885.6912723355385,512.0069124423964,2551.5,7362841.281364127,1.9530986314808898,0.2615747254637695,0.06674251588993219,0.11282051282051286,0.023020156404890413,0.8047054145187917,0.6727591632101535,0.5335689045936396,0.00028030193426301694
odisha,8085,138225698,259055016593.60217,9843480,597443.0,2021,2,2021-Q2,2021-04-01,39885033,8084.0,115094652.0,9201367.0,548595.0,39886914.0,1874.1451144171626,16.47601528514017,231.36215170317504,433606.2462755479,60.694286979807956,0.2009741165036929,0.06978452223457676,0.08904200730958167,-4.715832365476125e-05,1.7430004973790365,0.3597582033224942,0.961646561291297,0.03498884320712731
puducherry,8085,3236303,5392106422.861448,362487,25656.0,2021,2,2021-Q2,2021-04-01,1385293,8084.0,3128221.0,338921.0,24614.0,1443581.0,1666.1315157639592,14.128741814780168,126.1421499844091,210169.41155524823,70.77771064893362,0.03455062797673181,0.06953242791092906,0.04233363126675882,-0.040377367116912755,2.1095514632548076,0.45246366707136754,0.6280220826194556,0.0008192000465626567
punjab,8085,32681997,70282984186.27884,6043827,338480.0,2021,2,2021-Q2,2021-04-01,11144498,8084.0,27470162.0,5679863.0,284376.0,10008900.0,2150.5106981767008,17.85578763885606,96.55517903568897,207642.9454806158,56.00425028711113,0.18972713011302944,0.06407971459874995,0.1902551551467071,0.11345882164873267,1.3009885831331651,0.38196863454206453,1.2596214826930137,0.008272740056836645
rajasthan,8085,274437184,536307861093.0911,19130821,1273446.0,2021,2,2021-Q2,2021-04-01,90192431,8084.0,240954777.0,17806048.0,1160473.0,91152365.0,1954.2098970564102,15.02287572460866,215.50751582713363,421146.9203194255,66.56515159490542,0.13895722432595714,0.07440017009950783,0.09735082160463882,-0.01053109263813401,1.791683618964031,0.3966812685264045,0.8959117436874702,0.06946783224912018
sikkim,8085,1064819,2607900949.033514,181725,455.0,2021,2,2021-Q2,2021-04-01,160006,8084.0,879693.0,169708.0,399.0,153480.0,2449.1495259133376,399.3956043956044,2340.2615384615383,5731650.437436295,2.503783188884303,0.21044387075945803,0.07080986164470748,0.14035087719298245,0.042520198071410054,0.9453403462746337,0.4236527297938848,1.0588235294117645,0.0002695358791747255
tamil nadu,8085,142941858,255693504471.958,18151670,975536.0,2021,2,2021-Q2,2021-04-01,50846255,8084.0,135702280.0,16872782.0,912668.0,55184006.0,1788.7937658677838,18.60686842925325,146.526481852028,262105.6572714467,53.743594941953,0.05334897836646513,0.07579591794643004,0.06888375619611953,-0.07860522123022384,1.8369710355254258,0.48115136969825145,0.8903648240407551,0.03618263701802726
telangana,8085,461066776,943090363047.588,18184140,1230127.0,2021,2,2021-Q2,2021-04-01,193360174,8084.0,392460349.0,17082180.0,1156920.0,181674390.0,2045.4528761091822,14.782327353191988,374.8123372627379,766660.973255272,67.6483463061767,0.17481110429323898,0.06450933077628274,0.06327749541887084,0.06432268191460566,2.333171971412698,0.35381491220409633,0.8258565054636455,0.11670907339878064
tripura,8085,2428946,4660359423.354675,485926,4022.0,2021,2,2021-Q2,2021-04-01,628463,8084.0,2012544.0,458876.0,2294.0,548634.0,1918.6755997682433,120.81700646444556,603.9149676777722,1158716.912818169,8.276980445582248,0.20690330248680278,0.05894838692805893,0.7532693984306889,0.14550501791722725,0.9379367735068818,0.38071086182548686,1.3101665709362433,0.0006148350992778422
uttar pradesh,8085,273728175,536955159535.7084,33211904,2328409.0,2021,2,2021-Q2,2021-04-01,93709752,8084.0,227417493.0,30976739.0,2059413.0,89939335.0,1961.636428313265,14.263775822890222,117.56017735715676,230610.32642276696,70.1076638063268,0.2036372901182233,0.07215623955768868,0.13061780225724506,0.04192177983081602,1.4815221553321747,0.4069235734386194,1.230353728672636,0.06928836196904649
uttarakhand,8085,25376378,41298099649.73271,3083983,148562.0,2021,2,2021-Q2,2021-04-01,9938227,8084.0,21980872.0,2888932.0,124324.0,9483409.0,1627.4229383615232,20.758895276046363,170.81338431092743,277985.6198067656,48.17212027433355,0.15447549123619853,0.06751664629004761,0.19495833467391654,0.04795933614167658,1.7721521711463852,0.38000079650290486,1.8074001285006993,0.006423480755414921
west bengal,8085,138748743,266671675321.524,18090085,1467960.0,2021,2,2021-Q2,2021-04-01,41133183,8084.0,115001959.0,16981214.0,1344929.0,38286845.0,1921.9754323938198,12.323281969535955,94.5180679310063,181661.40448072428,81.1472140678167,0.20649025639641505,0.06529986607553506,0.09147769138742645,0.07434245365477365,1.3611544456601545,0.3561013102620778,0.8042329342936505,0.03512124072625773
tripura,8086,2876416,5802800784.247176,514890,6525.0,2021,3,2021-Q3,2021-07-01,823202,8085.0,2428946.0,485926.0,4022.0,628463.0,2017.3718906608697,78.9103448275862,440.83003831417625,889318.1278539733,12.672609683621744,0.1842239391077447,0.05960578359667923,0.622327200397812,0.30986549725282164,0.7152173109329887,0.30329792161835845,2.622987229317046,0.000545534478145684
uttar pradesh,8086,350675338,627645749576.7488,35903262,2857565.0,2021,3,2021-Q3,2021-07-01,141458681,8085.0,273728175.0,33211904.0,2328409.0,93709752.0,1789.8200459615691,12.56428532684296,122.71823668053045,219643.56001586973,79.59067897507474,0.2811079385598505,0.08103594422048199,0.22726076045918053,0.5095406612536975,1.4771285372653264,0.37849647956691346,1.2994550636751496,0.06650828236054568
uttarakhand,8086,33180604,52164580069.14418,3295762,185660.0,2021,3,2021-Q3,2021-07-01,14740374,8085.0,25376378.0,3083983.0,148562.0,9938227.0,1572.1407623907082,17.751599698373372,178.71703113217708,280968.3295763448,56.33295122645385,0.3075390033991454,0.06867061199753688,0.24971392415287896,0.483199568695704,1.5720559042220406,0.34178769480430926,1.8276828413902342,0.0062929574469404274
west bengal,8086,175901327,344476718379.314,19374188,1640034.0,2021,3,2021-Q3,2021-07-01,57001307,8085.0,138748743.0,18090085.0,1467960.0,41133183.0,1958.3520161807194,11.813284358738905,107.25468313461793,210042.42496150325,84.65046380266362,0.2677687970117322,0.07098380134753368,0.11721981525382152,0.38577427864019187,1.233167018024937,0.3258498660339366,0.7778377604911935,0.0333610432670651
andaman & nicobar islands,8086,587428,1530805193.8545938,85547,589.0,2021,3,2021-Q3,2021-07-01,169369,8085.0,457972.0,77369.0,406.0,123565.0,2605.9452287847935,145.24108658743634,997.3310696095076,2598990.1423677313,6.885104094825067,0.28267230311023384,0.10570124985459284,0.4507389162561577,0.3706874924129,3.079672752779726,0.7107689231076892,6.75,0.0001114102506133198
andhra pradesh,8086,552469257,1229581784431.981,18380260,913133.0,2021,3,2021-Q3,2021-07-01,195005296,8085.0,450715706.0,17327874.0,835962.0,137701586.0,2225.611233299776,20.128787372704743,605.0260553500968,1346552.7852262277,49.680091576506534,0.22575994056883397,0.060733705704462126,0.0923140047035631,0.4161441539242692,1.1977707484892748,0.3082614760596518,0.7438415837046175,0.10478005539151111
arunachal pradesh,8086,2552879,7358989851.156297,327708,863.0,2021,3,2021-Q3,2021-07-01,445416,8085.0,2126788.0,303657.0,565.0,357066.0,2882.6238341716535,379.73117033603705,2958.1448435689454,8527218.83100382,2.633441966628828,0.2003448392599545,0.07920449717938327,0.5274336283185841,0.24743324763489105,1.200602198810084,0.43138308327327524,1.7396825396825397,0.00048417319088548934
assam,8086,28693230,64005741457.90784,4661558,115235.0,2021,3,2021-Q3,2021-07-01,6486596,8085.0,22621193.0,4267940.0,70790.0,4119253.0,2230.691402045285,40.452622901028334,248.99752679307502,555436.6421478529,24.72027592491609,0.26842249212939384,0.09222669484575707,0.6278429156660545,0.5747020151469211,1.398738083108214,0.42720619482140165,7.226957949596629,0.005441892359924325
bihar,8086,184812122,398169200251.47766,16692841,1100249.0,2021,3,2021-Q3,2021-07-01,60516429,8085.0,152928387.0,15401467.0,873547.0,42188486.0,2154.453917538362,15.171875639059886,167.9729970215833,361890.0814738097,65.9114287376247,0.20848800948904267,0.08384746725750225,0.25951894975313294,0.43442997693730945,1.5393391690609843,0.39431721574259515,1.923519439661586,0.035051044261423414
chandigarh,8086,4795459,7498822383.400516,465065,39808.0,2021,3,2021-Q3,2021-07-01,2650201,8085.0,3336924.0,442163.0,37747.0,1673769.0,1563.7340207476523,11.682701969453376,120.46470558681672,188374.75842545507,85.59663702923247,0.43708966701069607,0.05179537862733885,0.05460036559196757,0.5833732133884664,1.683358224531101,0.2610803643334969,0.4135359704566437,0.0009094957833060391
chhattisgarh,8086,80717872,128856725337.29623,5517110,234841.0,2021,3,2021-Q3,2021-07-01,33321770,8085.0,57474912.0,5078626.0,198995.0,19178737.0,1596.384073867758,23.492959065921198,343.7128610421519,548697.7373512131,42.56594485156178,0.40440183710068145,0.08633910037872439,0.1801351792758612,0.7374329706904057,1.8539669825642133,0.415491069653241,0.9463520558276768,0.015308766944193789
dadra & nagar haveli & daman & diu,8086,4130800,5487801996.985148,326668,13043.0,2021,3,2021-Q3,2021-07-01,1727177,8085.0,2814882.0,304287.0,11960.0,1065450.0,1328.5082785380914,25.04546500038335,316.70627923023847,420746.9138223682,39.927388051477344,0.4674860260572202,0.07355227137537912,0.09055183946488299,0.6210774789994837,1.9898884618446862,0.3658915960378155,0.8055094130675526,0.0007834380779150831
delhi,8086,172751582,288115773262.4412,11160288,1228686.0,2021,3,2021-Q3,2021-07-01,82693069,8085.0,121471283.0,10538375.0,1126168.0,54742475.0,1667.8039640901304,9.083108296179821,140.5986411499765,234490.9710556165,110.09447068032652,0.4221598532057984,0.05901412694082331,0.0910325990438372,0.5105833084821247,1.3388263139175747,0.2823909401188296,0.5231959338002852,0.03276366983607772
goa,8086,7417529,11618809271.817026,677726,14847.0,2021,3,2021-Q3,2021-07-01,3288618,8085.0,5343431.0,634949.0,12752.0,2174178.0,1566.398900741342,45.64733616218765,499.5978312116926,782569.4936227539,21.90708339358384,0.3881584697173033,0.06737076521106422,0.16428795483061487,0.5125799267585267,2.4773389026794272,0.357194637915083,0.9817138280832889,0.0014067915809623775
gujarat,8086,146565806,266874951666.12268,17323185,1237105.0,2021,3,2021-Q3,2021-07-01,61450401,8085.0,108741359.0,16194721.0,1139225.0,41144828.0,1820.8541197264162,14.003002978728563,118.47483115822828,215725.38439835154,71.41325339422283,0.3478386452757134,0.0696809781409633,0.08591805832912724,0.493514591919062,1.4937500228632903,0.3285999031957001,0.6330923285497603,0.027797335465458255
haryana,8086,165765789,279337569622.5245,11374312,835658.0,2021,3,2021-Q3,2021-07-01,77143949,8085.0,124382433.0,10686682.0,752220.0,52047541.0,1685.1340153336735,13.611204583693329,198.3655861608457,334272.5967112437,73.46888321684864,0.33271061677978264,0.06434457392855886,0.11092233655047723,0.482182395514132,1.460643094283634,0.3080552325949131,0.6872776465362327,0.03143876031718728
himachal pradesh,8086,12997641,22459107257.73033,1846491,50357.0,2021,3,2021-Q3,2021-07-01,4599348,8085.0,10673405.0,1741024.0,38403.0,3324890.0,1727.93718935077,36.66801040570328,258.1099152054332,445997.72142364184,27.27172783403764,0.21775956220156556,0.060577568143804994,0.31127776475796165,0.3833083199744953,1.2112510841350006,0.3111982486026954,1.6650965863985183,0.0024651028571875374
jammu & kashmir,8086,12146768,25141751151.745125,1855715,60539.0,2021,3,2021-Q3,2021-07-01,3104332,8085.0,9759120.0,1701193.0,45615.0,2461450.0,2069.8305221393152,30.65321528271032,200.6436842366078,415298.4217074138,32.623005148958754,0.24465812491290206,0.09083155174045499,0.32717307903102055,0.2611801986633895,2.7216791414390706,0.4846943388135183,3.4360665347695463,0.0023037282305607724
jharkhand,8086,85440030,143139149140.78366,6377290,512007.0,2021,3,2021-Q3,2021-07-01,35362822,8085.0,65088355.0,5909431.0,450674.0,22645520.0,1675.3171685541738,12.455474241563104,166.87277713000017,279564.8284902036,80.28598354473452,0.31267766714952305,0.07917158183249784,0.13609172040099948,0.5615813635544691,1.7238718881631643,0.3787342986124429,0.9050076459710756,0.01620436062753148
karnataka,8086,746649773,1121937537110.1548,27447523,1911755.0,2021,3,2021-Q3,2021-07-01,382783587,8085.0,527810680.0,25647896.0,1777995.0,240282738.0,1502.6289134225115,14.357238767519897,390.5572487060319,586862.6142524303,69.65127600038808,0.4146166443619519,0.07016665226652519,0.0752308077356798,0.5930548743788662,1.480595288697442,0.3408810662085211,0.40508231662501837,0.14160788782677766
kerala,8086,66171196,105680340079.37675,7726125,341400.0,2021,3,2021-Q3,2021-07-01,26792845,8085.0,49530478.0,7167573.0,257555.0,16995197.0,1597.0746558574633,22.630711775043938,193.82306971294668,309549.91235904145,44.1877396495656,0.33596925917008114,0.07792763324489327,0.32554211721768156,0.5764951121190298,1.9670405285388761,0.4476135747457537,2.017633800327043,0.012549877652653781
ladakh,8086,929963,3194633089.416123,109859,561.0,2021,3,2021-Q3,2021-07-01,269662,8085.0,650578.0,102914.0,504.0,196095.0,3435.2260137404637,195.82709447415328,1657.6880570409983,5694533.136214123,5.106545663077217,0.4294412045903797,0.06748352993761775,0.11309523809523814,0.37515999898008623,2.1889001285897987,0.34768207858483513,5.303370786516854,0.00017637465509154267
lakshadweep,8086,24627,71786359.45006213,7374,16.0,2021,3,2021-Q3,2021-07-01,4919,8085.0,20788.0,6816.0,12.0,3416.0,2914.9453628156953,460.875,1539.1875,4486647.465628883,2.1697857336588013,0.184673850298249,0.08186619718309851,0.33333333333333326,0.4399882903981265,0.7709621746008917,0.43546817208487454,3.0,4.670700480491612e-06
madhya pradesh,8086,286544938,471043596822.1968,17570524,1314899.0,2021,3,2021-Q3,2021-07-01,124505570,8085.0,203308974.0,16251687.0,1117867.0,68475966.0,1643.8733837350035,13.362641541289483,217.9216335247042,358235.5730913148,74.83550291385733,0.4094062468683748,0.0811507753010503,0.1762571039309686,0.8182375112459166,1.7059208936988788,0.37865967517957744,1.0091941061149896,0.054345457408496334
maharashtra,8086,734586580,1040338295534.046,42170156,3290552.0,2021,3,2021-Q3,2021-07-01,362427389,8085.0,533231187.0,39429859.0,3023504.0,229413959.0,1416.2228440574643,12.815526391924516,223.2411400883499,316159.2023265537,78.03034923560634,0.37761368409983875,0.06949801671875111,0.08832401081658903,0.5797965850892273,1.8342280940626883,0.34161284937758407,0.522989817119144,0.13932001023952126
manipur,8086,1772255,5444167085.189641,367233,1154.0,2021,3,2021-Q3,2021-07-01,336219,8085.0,1435977.0,346378.0,988.0,250250.0,3071.88699436009,318.2261698440208,1535.7495667244368,4717649.12061494,3.1424191181075773,0.23418063102681996,0.060208789241811056,0.16801619433198378,0.3435324675324676,0.6986556480799901,0.3306555933603643,1.0718132854578095,0.00033612182888917295
meghalaya,8086,1354216,3204114778.4993167,247942,1444.0,2021,3,2021-Q3,2021-07-01,261011,8085.0,1126432.0,230094.0,1115.0,193215.0,2366.0293324693525,171.7049861495845,937.8227146814404,2218916.0515923244,5.823942696275742,0.20221726655492733,0.07756829817378974,0.29506726457399113,0.3508837305592216,0.9567927012003312,0.40535178855844056,3.688311688311688,0.00025683750850243346
mizoram,8086,555934,1666750165.8631315,109595,176.0,2021,3,2021-Q3,2021-07-01,93972,8085.0,469489.0,101851.0,142.0,74439.0,2998.107987392625,622.6988636363636,3158.715909090909,9470171.396949612,1.6059126784981066,0.18412571966542357,0.07603263590931841,0.23943661971830976,0.26240277274009594,0.9671211161553077,0.4427608541112662,0.7425742574257426,0.00010543717062255345
nagaland,8086,1316726,4091491954.330838,236840,553.0,2021,3,2021-Q3,2021-07-01,183947,8085.0,1107351.0,222211.0,434.0,130032.0,3107.322217629817,428.28209764918626,2381.0596745027124,7398719.628084699,2.334909643641277,0.18907735668275016,0.06583382460814269,0.27419354838709675,0.4146287067798695,0.7162434470695269,0.3488777387332487,0.819078947368421,0.00024972724086879435
odisha,8086,183365656,315250260342.6608,10591026,672683.0,2021,3,2021-Q3,2021-07-01,65021952,8085.0,138225698.0,9843480.0,597443.0,39885033.0,1719.2437625433022,15.744453182256724,272.58850900052477,468646.09384013095,63.51443193511186,0.3265670468887776,0.07594326396762119,0.12593670023751224,0.6302343788959632,1.655987654441693,0.3425546961981494,0.89147171296817,0.034776710828962505
puducherry,8086,4590304,7468860247.675983,386770,28079.0,2021,3,2021-Q3,2021-07-01,2208281,8085.0,3236303.0,362487.0,25656.0,1385293.0,1627.0949043191874,13.774350938423733,163.47818654510488,265994.52429488173,72.59870207099827,0.4183789342345263,0.06698998860648797,0.09444184596195826,0.594089481431004,1.969934478138136,0.38951959417707327,0.5831641858367163,0.0008705865553418025
punjab,8086,41656204,84329568328.41077,6430939,402314.0,2021,3,2021-Q3,2021-07-01,16218466,8085.0,32681997.0,6043827.0,338480.0,11144498.0,2024.4179793341411,15.984874998135785,103.54152229353191,209611.3193386528,62.55913794237513,0.27459175765789334,0.0640508075429691,0.1885901678090287,0.4552890583317437,1.3287288577041605,0.32372084560032066,1.2186719314402943,0.00790042035320001
rajasthan,8086,384071639,686772090114.5065,20647987,1461773.0,2021,3,2021-Q3,2021-07-01,155512206,8085.0,274437184.0,19130821.0,1273446.0,90192431.0,1788.1353903210397,14.125303313168324,262.7436948144479,469821.299281425,70.794939961944,0.3994883397433491,0.0793048034896151,0.1478876999888492,0.7242267923790633,1.6856540861391394,0.3674965055898971,0.8088653114156878,0.07284214840705328
sikkim,8086,1295143,3285177951.9864945,193942,792.0,2021,3,2021-Q3,2021-07-01,234862,8085.0,1064819.0,181725.0,455.0,160006.0,2536.536854993228,244.87626262626262,1635.2815656565656,4147951.959578907,4.083695125346753,0.2163034280943521,0.06722795432659234,0.7406593406593407,0.4678324562828895,1.0249993354983058,0.35187018165089023,2.272727272727273,0.00024563385846450433
tamil nadu,8086,200552172,356208315248.4176,19501393,1089153.0,2021,3,2021-Q3,2021-07-01,83456564,8085.0,142941858.0,18151670.0,975536.0,50846255.0,1776.1379081370287,17.90509965082959,184.1359037710955,327050.75893691485,55.8500103043921,0.40303319689604145,0.0743580618202071,0.11646622984697652,0.6413512460258872,1.8435098027644998,0.41667049261451616,0.7543102615149699,0.038036266135706195
telangana,8086,592741458,1102647432922.4187,19355996,1326576.0,2021,3,2021-Q3,2021-07-01,276644191,8085.0,461066776.0,18184140.0,1230127.0,193360174.0,1860.250228898986,14.590943903703971,446.82058020045594,831198.0865946759,68.53566202431536,0.2855870100690143,0.06444385052028845,0.07840572558768333,0.4307196010280794,1.856966369577406,0.3252364899930793,0.6536950768459802,0.11241798890193279
andaman & nicobar islands,8087,722741,2012194678.690066,94375,1110.0,2021,4,2021-Q4,2021-10-01,259587,8086.0,587428.0,85547.0,589.0,169369.0,2784.1158571190317,85.02252252252252,651.118018018018,1812787.9988198793,11.76158940397351,0.23034822991072956,0.10319473505792143,0.8845500848896435,0.5326712680596803,1.6570871858973182,0.5340539661898569,4.935828877005347,0.0001253756755428084
andhra pradesh,8087,576560191,1241105876775.0784,19405303,1003391.0,2021,4,2021-Q4,2021-10-01,223299270,8086.0,552469257.0,18380260.0,913133.0,195005296.0,2152.604179318163,19.33972200268888,574.6116827836805,1236911.5098451932,51.70705141785212,0.04360592683621478,0.0557686887998321,0.0988443085508901,0.14509336197720502,0.7680836540769396,0.27132785418473904,0.49882665049421093,0.10001732769791066
arunachal pradesh,8087,2781103,7765536383.489752,353110,1555.0,2021,4,2021-Q4,2021-10-01,624665,8086.0,2552879.0,327708.0,863.0,445416.0,2792.2505507669985,227.08038585209005,1788.4906752411575,4993914.072983763,4.403726883973833,0.08939867498616261,0.07751412843140848,0.801853997682503,0.4024305368464536,0.9953601165172534,0.37244689740948744,3.271978021978022,0.0004824448417609228
assam,8087,35028733,77820924721.56917,5099567,178337.0,2021,4,2021-Q4,2021-10-01,10034417,8086.0,28693230.0,4661558.0,115235.0,6486596.0,2221.6311598129787,28.595114866797132,196.4187633525292,436370.0450359105,34.97100832286349,0.22080131794154934,0.09396193289882904,0.547594046947542,0.5469465032198706,1.3692901963977913,0.41060890092341884,8.798736263736263,0.006076521275648767
bihar,8087,211595139,455873110665.51166,17989043,1305682.0,2021,4,2021-Q4,2021-10-01,80117478,8086.0,184812122.0,16692841.0,1100249.0,60516429.0,2154.459279263082,13.777507080590834,162.0571770155367,349145.58879230294,72.58207120856846,0.14492023959337463,0.07765017350851178,0.18671500723927048,0.3238963257399077,1.165839155848686,0.3702411958462193,1.476578681820596,0.03670593406725154
chandigarh,8087,5012587,7760737879.59054,487572,41069.0,2021,4,2021-Q4,2021-10-01,2956450,8086.0,4795459.0,465065.0,39808.0,2650201.0,1548.2500113395618,11.872020258589204,122.05281355767124,188968.2699746899,84.23166219553215,0.04527783471821989,0.04839538559126133,0.031677049839228255,0.11555689549585102,0.9199120437008443,0.22892422627014186,0.3039019589167222,0.0008695459111107567
chhattisgarh,8087,90986070,142897547581.29657,5951381,278371.0,2021,4,2021-Q4,2021-10-01,42220296,8086.0,80717872.0,5517110.0,234841.0,33321770.0,1570.5431345841905,21.37931393715581,326.8518272377511,513334.8932945478,46.774185689002266,0.12721096017001043,0.07871349311505482,0.18535945597233883,0.2670484190965845,1.28581464008559,0.3832436719084473,0.8131020692619828,0.01578357944441405
dadra & nagar haveli & daman & diu,8087,4718714,6073199177.991066,349265,14300.0,2021,4,2021-Q4,2021-10-01,2297983,8086.0,4130800.0,326668.0,13043.0,1727177.0,1287.0454064372339,24.424125874125874,329.98,424699.2432161585,40.94312341631712,0.14232448920305996,0.06917420745221459,0.09637353369623547,0.33048494740261125,1.274653454655537,0.32268289542449,0.4852513502285003,0.0008185670322332726
delhi,8087,180172118,312145482478.9022,11796958,1313333.0,2021,4,2021-Q4,2021-10-01,91396064,8086.0,172751582.0,11160288.0,1228686.0,82693069.0,1732.4849479701527,8.982457609760814,137.1869266971895,237674.28556116554,111.3281067882076,0.04295495250515269,0.05704781095254896,0.06889229632306382,0.1052445519950409,0.7792854228039869,0.2601101043415899,0.37340002342449363,0.03125490460376344
goa,8087,11465988,18743523947.17128,720435,17696.0,2021,4,2021-Q4,2021-10-01,5639629,8086.0,7417529.0,677726.0,14847.0,3288618.0,1634.7063983645614,40.71174276672694,647.9423598553345,1059195.5214269485,24.562937669602395,0.5457961809114598,0.06301809285758542,0.19189061763319182,0.7148933077663626,1.7653655093007399,0.30117811945188455,0.870415389493711,0.001989033403758379
gujarat,8087,155616570,290763968555.83673,18430583,1293971.0,2021,4,2021-Q4,2021-10-01,71950994,8086.0,146565806.0,17323185.0,1237105.0,61450401.0,1868.4640623799685,14.24342817574737,120.26279568862053,224706.71178553207,70.2078170831601,0.06175222070555808,0.06392577346486794,0.0459669955258446,0.17087916155339644,1.0118287849168004,0.2994278468097058,0.4133495715619828,0.026995192730735813
haryana,8087,172725358,309594718962.4182,12047369,918155.0,2021,4,2021-Q4,2021-10-01,85064659,8086.0,165765789.0,11374312.0,835658.0,77143949.0,1792.4103475438633,13.121280176005142,188.12222119358933,337192.215870325,76.21207584826197,0.04198435058273686,0.0591734251706828,0.09872100787642801,0.10267441714709213,0.8910440536315514,0.28079090429233067,0.5390643465025722,0.02996309665927826
himachal pradesh,8087,13750261,23742042055.62284,1950122,63178.0,2021,4,2021-Q4,2021-10-01,5779795,8086.0,12997641.0,1846491.0,50357.0,4599348.0,1726.6611925128432,30.86710563803856,217.64318275349015,375796.037475432,32.39694747302989,0.057904353566928135,0.05612320883232025,0.25460214071529275,0.25665529114126606,0.7977745934164784,0.2707705861730565,1.579114957544089,0.0023852919119918925
jammu & kashmir,8087,13451800,27038608302.84806,2040417,89313.0,2021,4,2021-Q4,2021-10-01,4460916,8086.0,12146768.0,1855715.0,60539.0,3104332.0,2010.0364488654352,22.845688757515703,150.61413232116266,302739.89567977854,43.771934854492976,0.10743862070964072,0.09953144744747977,0.4752969160375955,0.43699707376659447,1.3611173032171142,0.46138855107153764,3.1078557630392787,0.002333517141364265
jharkhand,8087,100429690,168572076881.3144,6872363,571098.0,2021,4,2021-Q4,2021-10-01,46792105,8086.0,85440030.0,6377290.0,512007.0,35362822.0,1678.5083861287872,12.033596685682667,175.85368885900493,295171.89148152224,83.10067439685592,0.1754407155521831,0.07763062366616547,0.1154105314966396,0.32320053529664583,1.293424667469524,0.3528678417149489,0.6562926871710097,0.01742178765049282
karnataka,8087,801331486,1182460315270.1006,29180661,2036736.0,2021,4,2021-Q4,2021-10-01,428409513,8086.0,746649773.0,27447523.0,1911755.0,382783587.0,1475.6194358124856,14.327169058729261,393.43905444790096,580566.3155510094,69.79745935158905,0.073236094052894,0.0631436942415533,0.06537500882696778,0.11919509495583469,0.8681773663368235,0.304099041710024,0.30635115191234963,0.1390089622575342
kerala,8087,74793487,111505022241.0132,8323308,474428.0,2021,4,2021-Q4,2021-10-01,35632663,8086.0,66171196.0,7726125.0,341400.0,26792845.0,1490.8386640806464,17.543880209431148,157.6498161997184,235030.44137574764,56.99993319963649,0.13030278310218235,0.07729398631267292,0.38965436438195655,0.32993203969194007,1.1737608404328452,0.36259477688602226,1.8108921567465726,0.01297461187178707
ladakh,8087,857639,2662955792.650712,117697,612.0,2021,4,2021-Q4,2021-10-01,285865,8086.0,929963.0,109859.0,561.0,269662.0,3104.984489570451,192.3153594771242,1401.3709150326797,4351234.955311621,5.199792688003942,-0.07777083604401469,0.07134599805204855,0.09090909090909083,0.06008633029496191,1.1427368620925713,0.31478585312451135,4.614678899082569,0.00014877676649983695
lakshadweep,8087,25317,80761077.71397853,7965,19.0,2021,4,2021-Q4,2021-10-01,5279,8086.0,24627.0,7374.0,16.0,4919.0,3189.993984831478,419.2105263157895,1332.4736842105262,4250583.037577817,2.3854362837413685,0.02801802899256911,0.0801464605370219,0.1875,0.07318560683065667,0.43260525124490723,0.3792207792207791,1.7142857142857144,4.391802841844147e-06
madhya pradesh,8087,321167679,527428491137.57495,18846562,1523277.0,2021,4,2021-Q4,2021-10-01,154372079,8086.0,286544938.0,17570524.0,1314899.0,124505570.0,1642.221573415471,12.372380072698531,210.839971324979,346245.9494481798,80.82519241440428,0.12082831140433536,0.07262378742944708,0.15847452922239658,0.2398809065329366,1.1744669934418734,0.35334295758445466,0.8137834381556355,0.055713754605233194
maharashtra,8087,821255563,1161752565942.6443,44928344,3607998.0,2021,4,2021-Q4,2021-10-01,441281724,8086.0,734586580.0,42170156.0,3290552.0,362427389.0,1414.605414298599,12.45243040600355,227.6208476279643,321993.68346175476,80.30560841503528,0.11798334649674658,0.06540616069810135,0.09647195971982825,0.21757278117852175,1.0683456171662886,0.30588295067295124,0.41807989988539007,0.14246524135812755
manipur,8087,1782570,5545169786.397645,388184,1356.0,2021,4,2021-Q4,2021-10-01,368527,8086.0,1772255.0,367233.0,1154.0,336219.0,3110.77252865113,286.2713864306785,1314.5796460176991,4089358.249555785,3.4931887970653093,0.005820268527948924,0.0570509730879305,0.1750433275563259,0.09609213042689446,0.5027541683456949,0.26754373075503923,1.1253918495297808,0.00030922684329842085
meghalaya,8087,1558644,3952050835.0893,267949,2117.0,2021,4,2021-Q4,2021-10-01,348960,8086.0,1354216.0,247942.0,1444.0,261011.0,2535.569915316968,126.5701464336325,736.2512990080303,1866816.643877799,7.900757233652673,0.150956715915334,0.08069225867339935,0.46606648199445977,0.33695514748420563,0.8636019613540087,0.35618878906744267,4.527415143603133,0.000270381844160972
mizoram,8087,565002,1762778939.6199198,116803,211.0,2021,4,2021-Q4,2021-10-01,107464,8086.0,555934.0,109595.0,176.0,93972.0,3119.951680914262,553.568720379147,2677.734597156398,8354402.557440378,1.8064604505021276,0.016311288750103348,0.06576942378758166,0.19886363636363646,0.14357468182011668,0.6012299669836052,0.3395761176227723,0.8189655172413792,9.801229961083962e-05
nagaland,8087,1369793,4397011067.663409,251384,924.0,2021,4,2021-Q4,2021-10-01,222754,8086.0,1316726.0,236840.0,553.0,183947.0,3209.982141581545,272.06060606060606,1482.4599567099567,4758669.986648711,3.6756515927823568,0.04030223448158532,0.061408545853741,0.6708860759493671,0.21096837676069735,0.6083253394138002,0.29283495505132584,1.6551724137931036,0.00023762139235052415
odisha,8087,212268637,349960811331.7029,11358268,756259.0,2021,4,2021-Q4,2021-10-01,89306095,8086.0,183365656.0,10591026.0,672683.0,65021952.0,1648.6694232257348,15.01901861663795,280.68246063848494,462752.59049043106,66.58224651857132,0.15762483351844248,0.07244265097640201,0.1242427711120988,0.37347606851298476,1.23739324842568,0.3218425664228255,0.6272172925147819,0.03682276743733395
puducherry,8087,4932923,7719396424.895111,411329,30615.0,2021,4,2021-Q4,2021-10-01,2550628,8086.0,4590304.0,386770.0,28079.0,2208281.0,1564.8726779021508,13.435538134901192,161.1276498448473,252144.25689678625,74.42947129913038,0.07463971885086473,0.06349768596323391,0.09031660671676334,0.15502873049217913,0.946360036852395,0.31769066405261426,0.4565393215662019,0.0008557263992573509
punjab,8087,44390425,94107319933.46066,6814717,466703.0,2021,4,2021-Q4,2021-10-01,19076362,8086.0,41656204.0,6430939.0,402314.0,16218466.0,2119.991415569026,14.601828143380265,95.1149339087171,201642.8433788955,68.48457536828015,0.06563778591059322,0.0596768216896475,0.1600466302440382,0.17621247286888897,0.8814523842613755,0.2833493060304104,1.044226313276654,0.007700517228173538
rajasthan,8087,410190115,765489774059.7771,22032956,1643349.0,2021,4,2021-Q4,2021-10-01,182274484,8086.0,384071639.0,20647987.0,1461773.0,155512206.0,1866.1828895115552,13.407350477591796,249.606209636541,465810.83753954706,74.58595206199296,0.06800417773101963,0.06707525532634251,0.12421627708269334,0.17209117334493995,1.221181226758497,0.34158284928459026,0.6740442758418359,0.07115669758476034
sikkim,8087,1498091,3929709746.243639,206238,952.0,2021,4,2021-Q4,2021-10-01,347103,8086.0,1295143.0,193942.0,792.0,234862.0,2623.1448865547145,216.63655462184875,1573.625,4127846.372104663,4.616026144551441,0.15669929884190403,0.06340039805715114,0.202020202020202,0.47790191687033245,0.9247380626593948,0.30546078325874637,2.2714776632302405,0.0002598775649224292
tamil nadu,8087,218792102,374419414326.7141,20870525,1209788.0,2021,4,2021-Q4,2021-10-01,99367500,8086.0,200552172.0,19501393.0,1089153.0,83456564.0,1711.3022403647556,17.251390326238976,180.85160540524456,309491.7575035577,57.966342485395074,0.09094855377582256,0.07020688214426518,0.11076037985480469,0.1906493059072023,0.9514136995292732,0.3468448742193402,0.5724316132336158,0.03795440910600207
telangana,8087,642408303,1206831019294.7505,20513162,1434453.0,2021,4,2021-Q4,2021-10-01,316270714,8086.0,592741458.0,19355996.0,1326576.0,276644191.0,1878.6043294567294,14.300337480558792,447.8420017944122,841317.9234835512,69.92841961663443,0.08379175158016361,0.059783335355101386,0.08131987914751959,0.1432400328261365,0.9960518734738335,0.29081523591691294,0.45338037259226915,0.11144016316070923
tripura,8087,2997566,6336990350.00956,544397,9671.0,2021,4,2021-Q4,2021-10-01,944059,8086.0,2876416.0,514890.0,6525.0,823202.0,2114.0453120997367,56.291696825560955,309.9540895460656,655256.989971002,17.764609283298768,0.04211838621395514,0.05730738604362107,0.4821455938697319,0.14681329734378679,0.5233338093381992,0.2626538606944635,3.8843434343434344,0.0005199952157607692
uttar pradesh,8087,400725104,752059552950.346,38739893,3413744.0,2021,4,2021-Q4,2021-10-01,177938209,8086.0,350675338.0,35903262.0,2857565.0,141458681.0,1876.7467908632595,11.348212695503822,117.38580983225455,220303.4418955686,88.11960322141313,0.14272394028461743,0.0790076121774117,0.19463389284233257,0.257881154709763,1.0914846489633452,0.35711173176588007,1.15152294373604,0.06951477862880638
uttarakhand,8087,36913646,57949052739.9576,3503291,226561.0,2021,4,2021-Q4,2021-10-01,18480818,8086.0,33180604.0,3295762.0,185660.0,14740374.0,1569.8544852480193,15.462904030261166,162.93027484871624,255776.82275394973,64.6709051574648,0.11250675243886454,0.0629684425028263,0.22030054939136057,0.25375502683988893,0.951147479600075,0.3046069318290574,1.6377427467051646,0.006403501813233354
west bengal,8087,189761882,385851696670.8897,20723757,1841977.0,2021,4,2021-Q4,2021-10-01,67551823,8086.0,175901327.0,19374188.0,1640034.0,57001307.0,2033.346700634481,11.25082289301115,103.02076627449746,209476.9352010854,88.88238749373485,0.07879733050564197,0.06965809354177832,0.12313342284367268,0.1850925277906348,0.8739110530514305,0.3057808700859448,0.6212830829056362,0.03291846477233849
tripura,8088,3841505,8167021603.850515,573074,12351.0,2022,1,2022-Q1,2022-01-01,1401056,8087.0,2997566.0,544397.0,9671.0,944059.0,2125.9953075293447,46.3989960327099,311.02785199578983,661243.7538539807,21.552190467548694,0.28154142394195825,0.05267663120847477,0.27711715437907136,0.4840767367293781,0.9087806279017998,0.24886461702072027,4.3840453356582385,0.0005174748544208403
uttar pradesh,8088,521369445,955324276610.6469,41701425,4069314.0,2022,1,2022-Q1,2022-01-01,241296678,8087.0,400725104.0,38739893.0,3413744.0,177938209.0,1832.3365240758342,10.247777635247612,128.12219578041902,234762.97887325648,97.5821329846642,0.3010650937406707,0.07644657149672551,0.1920384188152362,0.3560700613773178,1.2925652645374996,0.34621739880366365,0.9759581977971392,0.07023173929250366
uttarakhand,8088,45265588,69248100029.00323,3709608,269957.0,2022,1,2022-Q1,2022-01-01,23662761,8087.0,36913646.0,3503291.0,226561.0,18480818.0,1529.8177509370526,13.741477346392204,167.67703004552578,256515.29698805083,72.77237918400003,0.226256219718854,0.05889233866099053,0.1915422336589263,0.2803957595383495,1.0593172099814785,0.28407591455942893,1.1713989253885009,0.006097559045367306
west bengal,8088,244077613,512176281443.3121,21954680,2052296.0,2022,1,2022-Q1,2022-01-01,92376770,8087.0,189761882.0,20723757.0,1841977.0,67551823.0,2098.4156438932073,10.697618667092856,118.92904970822923,249562.5784211011,93.47874803914245,0.28623098816020387,0.059396710741203895,0.11418112169695926,0.3674948491027399,1.1223778718412962,0.2928804736810926,0.5259511840401985,0.032878787676850915
andaman & nicobar islands,8088,998495,2453419279.5854826,102605,1618.0,2022,1,2022-Q1,2022-01-01,396140,8087.0,722741.0,94375.0,1110.0,259587.0,2457.1172410332374,63.41470951792336,617.1168108776267,1516328.3557388645,15.769212026704352,0.3815391682497602,0.08720529801324495,0.45765765765765765,0.526039439571319,2.1570967843930817,0.4846406505476697,3.9179331306990886,0.0001345035486781709
andhra pradesh,8088,725554627,1565634867542.4126,20341205,1087914.0,2022,1,2022-Q1,2022-01-01,295596425,8087.0,576560191.0,19405303.0,1003391.0,223299270.0,2157.845611178788,18.697438400461802,666.9227779034004,1439116.3892940183,53.48326217645415,0.2584195688945856,0.048229187660713047,0.08423735114227648,0.32376798634406634,1.0122328695392873,0.24718174469531573,0.3974130401274212,0.09773676592408237
arunachal pradesh,8088,3643158,9915850686.493689,378277,2475.0,2022,1,2022-Q1,2022-01-01,974159,8087.0,2781103.0,353110.0,1555.0,624665.0,2721.7734411995552,152.83919191919193,1471.9830303030303,4006404.3177752276,6.5428244381762575,0.30996874261758744,0.07127240803149171,0.5916398713826367,0.5594902867937215,1.4099104343339461,0.3532221021828874,4.729166666666667,0.0004907562675779725
assam,8088,50025695,110373718442.02956,5551092,254792.0,2022,1,2022-Q1,2022-01-01,16994856,8087.0,35028733.0,5099567.0,178337.0,10034417.0,2206.340530441997,21.7867593958994,196.339347389243,433191.4598654179,45.89943744402002,0.42813315571533805,0.08854183110056213,0.4287108115534073,0.6936565422784402,1.8886978387239162,0.41279896771435,5.164074029273014,0.006738775359507889
bihar,8088,279365074,607780285452.8403,19351497,1548974.0,2022,1,2022-Q1,2022-01-01,110204201,8087.0,211595139.0,17989043.0,1305682.0,80117478.0,2175.5771999360245,12.493106404626547,180.35491493078644,392376.0408198203,80.04414335490428,0.3202811525835667,0.07573799228786093,0.1863332725732605,0.3755325772985516,1.501238299082483,0.3556451527595823,1.1098675079036227,0.03763223033639609
chandigarh,8088,6026078,9061038154.153316,509170,42930.0,2022,1,2022-Q1,2022-01-01,3654287,8087.0,5012587.0,487572.0,41069.0,2956450.0,1503.6377149703865,11.860470533426508,140.36985790822268,211065.4123958378,84.31368698077263,0.20218920888555147,0.04429704741043383,0.04531398378338891,0.23603883035397177,0.8310703023445054,0.21159987245565692,0.23082657186272537,0.0008117505602045625
chhattisgarh,8088,118651612,188186021689.86615,6380734,321437.0,2022,1,2022-Q1,2022-01-01,57726019,8087.0,90986070.0,5951381.0,278371.0,42220296.0,1586.0384744698297,19.85065191623864,369.1286690704555,585452.2711755838,50.37617929222563,0.3040634901584385,0.07214342351800362,0.1547072072881155,0.36725756257132836,1.4398620124095065,0.36257929224497554,0.7292901795801547,0.015983117462166005
dadra & nagar haveli & daman & diu,8088,6099780,7630083652.340666,369790,15792.0,2022,1,2022-Q1,2022-01-01,3219540,8087.0,4718714.0,349265.0,14300.0,2297983.0,1250.878499280411,23.41628672745694,386.25759878419456,483161.3255028284,42.705319235241625,0.2926784712953572,0.058766266302091585,0.10433566433566432,0.40102864120404713,1.4713395305419965,0.2985111313996769,0.39185616076150187,0.0008216786825734062
delhi,8088,223152158,376375724015.03375,12414526,1422784.0,2022,1,2022-Q1,2022-01-01,118196322,8087.0,180172118.0,11796958.0,1313333.0,91396064.0,1686.632687706447,8.725517014529261,156.84190853987675,264534.6897456211,114.60638932167043,0.2385498959389487,0.0523497667788595,0.08333834602496082,0.2932320805412365,0.8572290779653815,0.24534679944185478,0.32141311434605657,0.03005999744234261
goa,8088,13928876,21935946828.79905,759279,20221.0,2022,1,2022-Q1,2022-01-01,7310623,8087.0,11465988.0,720435.0,17696.0,5639629.0,1574.8540534641165,37.54903318332427,688.8322041442066,1084810.1888531253,26.63184415741776,0.214799457316718,0.05391742488912943,0.14268761301989152,0.29629502224348436,1.2576550488271483,0.27309081397571444,0.7212291453864488,0.0018763070932735829
gujarat,8088,202167410,375175981366.9569,19483483,1418981.0,2022,1,2022-Q1,2022-01-01,98716618,8087.0,155616570.0,18430583.0,1293971.0,71950994.0,1855.7688470508522,13.730615843341102,142.47365539073462,264398.17119958403,72.8299452413103,0.2991380673664765,0.05712787273196951,0.09660958398603992,0.3719979740655146,1.1739631070175087,0.2807436424713592,0.3420290540412734,0.02723322006827749
haryana,8088,220541832,382682595071.275,12718254,1026068.0,2022,1,2022-Q1,2022-01-01,112255341,8087.0,172725358.0,12047369.0,918155.0,85064659.0,1735.1927822530968,12.395137554236172,214.9388071745732,372960.26683540957,80.67679730252281,0.2768352866867412,0.055687262505199175,0.11753244277926922,0.3196472227085516,1.0848183341791393,0.2649959399195623,0.4879521566625675,0.029708370133035206
himachal pradesh,8088,16563694,26739954514.571903,2050007,75280.0,2022,1,2022-Q1,2022-01-01,7493598,8087.0,13750261.0,1950122.0,63178.0,5779795.0,1614.3714387969196,27.231761424017,220.02781615302868,355206.622138309,36.72182582791181,0.20460942523200099,0.05121987239772685,0.19155402196967297,0.2965162259215075,0.9679427560927274,0.25077456238293094,1.397528583712857,0.0022312336288307175
jammu & kashmir,8088,16932419,31916535500.418865,2232542,122511.0,2022,1,2022-Q1,2022-01-01,6333871,8087.0,13451800.0,2040417.0,89313.0,4460916.0,1884.9365527996245,18.223196284415277,138.21141775024284,260519.75333169155,54.87511545135545,0.2587474538723442,0.09415967422345539,0.3717040072553828,0.41985883616728037,1.4831231143682189,0.44049651512863885,2.279377911023074,0.0022809032025254863
jharkhand,8088,130487443,222356236530.36456,7352042,638840.0,2022,1,2022-Q1,2022-01-01,62624486,8087.0,100429690.0,6872363.0,571098.0,46792105.0,1704.0431739501905,11.508424644668462,204.25684521946027,348062.48282882187,86.89286595479187,0.29929150433502283,0.06979826298465319,0.11861712000392233,0.33835581878609644,1.4926006190649383,0.33544850796450976,0.5427564056123064,0.01757747824620108
karnataka,8088,1035726006,1526632375838.833,30809500,2174104.0,2022,1,2022-Q1,2022-01-01,573122892,8087.0,801331486.0,29180661.0,2036736.0,428409513.0,1473.9732004362097,14.171125208361698,476.3921164764887,702189.2125854297,70.56602671253997,0.2925063149209639,0.05581912623569418,0.06744516716943183,0.3377921698951629,0.9842737427886263,0.28061109209260326,0.2604677885878044,0.13951879905785058
kerala,8088,96434007,139999474580.00208,8855141,572466.0,2022,1,2022-Q1,2022-01-01,49169365,8087.0,74793487.0,8323308.0,474428.0,35632663.0,1451.7645686962078,15.46841384466501,168.4536845856348,244555.0907477511,64.64786952573652,0.2893369579091827,0.06389683044289596,0.20664463311608916,0.3798958837289259,1.20009589400409,0.33155850162882117,1.4559237395751108,0.012990266505846872
ladakh,8088,991962,2920273909.8131056,125119,683.0,2022,1,2022-Q1,2022-01-01,333285,8087.0,857639.0,117697.0,612.0,285865.0,2943.937277650863,183.19033674963396,1452.3601756954613,4275657.261805425,5.458803219335193,0.15661951007358565,0.06306023093196944,0.11601307189542487,0.16588249698284163,1.479000164939797,0.3013437896532356,1.6575875486381322,0.00013362351254026886
lakshadweep,8088,30348,100573065.28366517,8435,23.0,2022,1,2022-Q1,2022-01-01,6831,8087.0,25317.0,7965.0,19.0,5279.0,3313.993188469262,366.7391304347826,1319.4782608695652,4372741.968855008,2.7267338470657974,0.19872022751510832,0.05900816070307591,0.21052631578947367,0.2939950748247775,0.8890756302521008,0.33128156565656575,1.2999999999999998,4.088066234968758e-06
madhya pradesh,8088,418657344,670680907516.0426,20115633,1697225.0,2022,1,2022-Q1,2022-01-01,208119201,8087.0,321167679.0,18846562.0,1523277.0,154372079.0,1601.9805149197207,11.852072058801868,246.6716811265448,395163.2267472154,84.37343234488321,0.3035475590306831,0.06733700289739852,0.1141932819835132,0.34816608254657244,1.2334696854260745,0.32941408091703495,0.6349387388654433,0.056395774088180445
maharashtra,8088,1069812670,1484934108466.9033,47511322,3932588.0,2022,1,2022-Q1,2022-01-01,597190812,8087.0,821255563.0,44928344.0,3607998.0,441281724.0,1388.0318957775135,12.081438991320729,272.0378208955527,377597.17226083775,82.77159705217211,0.3026550055771129,0.05749105731562243,0.0899640188270614,0.35330964216410643,1.1916041144685896,0.28426666548452184,0.36344482531828315,0.14411048681853086
manipur,8088,2257271,6964838004.509034,406492,1592.0,2022,1,2022-Q1,2022-01-01,509928,8087.0,1782570.0,388184.0,1356.0,368527.0,3085.5125523293545,255.33417085427135,1417.8837939698492,4374898.244038338,3.9164362398275983,0.266301463617137,0.047163200956247486,0.17404129793510315,0.38369237532121114,0.9609090158843228,0.243429424432263,1.2296918767507004,0.00030406858304580744
meghalaya,8088,2011337,5366114455.583481,287587,3093.0,2022,1,2022-Q1,2022-01-01,522433,8087.0,1558644.0,267949.0,2117.0,348960.0,2667.934043665224,92.97995473650178,650.2867765923052,1734922.2294159331,10.755006311133675,0.2904402801409429,0.07329006639323166,0.4610297590930561,0.49711428243924805,1.2471909233613951,0.34663957032951087,3.2958333333333334,0.00027093972837891647
mizoram,8088,676714,2163424217.0168552,123574,253.0,2022,1,2022-Q1,2022-01-01,134652,8087.0,565002.0,116803.0,211.0,107464.0,3196.9550164720326,488.4347826086956,2674.7588932806325,8551083.861726701,2.0473562399857577,0.19771965408972014,0.05796940147085272,0.19905213270142186,0.2529963522668057,0.7605063659966804,0.30782744898823133,1.007936507936508,9.115762666833559e-05
nagaland,8088,1709875,5276073879.483517,266042,1826.0,2022,1,2022-Q1,2022-01-01,323423,8087.0,1369793.0,251384.0,924.0,222754.0,3085.648880464079,145.69660460021905,936.4047097480833,2889416.144295464,6.8635779313040794,0.2482725492099902,0.058309200267320005,0.9761904761904763,0.45192903382206384,0.9480138489985224,0.2771569022793172,3.6820512820512823,0.00023033090330556232
odisha,8088,268911728,461602495894.7236,12011836,839004.0,2022,1,2022-Q1,2022-01-01,119389372,8087.0,212268637.0,11358268.0,756259.0,89306095.0,1716.5576947046488,14.316780372918364,320.51304642170953,550179.1360884139,69.84810648430431,0.26684625576598964,0.057541167368123425,0.10941357392110374,0.3368558103453074,1.3364398199839904,0.3054403764136351,0.5293686599403933,0.03622409896612307
puducherry,8088,6354587,9877119182.394363,433835,33226.0,2022,1,2022-Q1,2022-01-01,3461076,8087.0,4932923.0,411329.0,30615.0,2550628.0,1554.3290511868613,13.057093842171794,191.2534460964305,297270.78740728233,76.58672075789183,0.28819910629053,0.0547153252019672,0.08528499101747511,0.3569505235573356,1.0313740621266847,0.28004756270635345,0.3498821808726742,0.0008560027860772181
punjab,8088,55588571,113838148481.78017,7199914,542139.0,2022,1,2022-Q1,2022-01-01,25097722,8087.0,44390425.0,6814717.0,466703.0,19076362.0,2047.869668781019,13.280568267547622,102.53564307308642,209979.63341833028,75.29798272590479,0.25226489721601,0.05652428413388266,0.16163598691244752,0.3156450899809933,1.0235982226824873,0.26762106762082105,0.9064161532618786,0.007488129700647933
rajasthan,8088,535528877,971889889959.4716,23412998,1863349.0,2022,1,2022-Q1,2022-01-01,249207437,8087.0,410190115.0,22032956.0,1643349.0,182274484.0,1814.822564571941,12.565009560742512,287.4012742647781,521582.3176224484,79.58609145227791,0.3055626096694213,0.0626353540578033,0.13387296307722818,0.36720966934680765,1.222528574314175,0.3148901991053825,0.6056806147148619,0.07213910372724519
sikkim,8088,1834534,4527630666.266523,217994,1219.0,2022,1,2022-Q1,2022-01-01,483455,8087.0,1498091.0,206238.0,952.0,347103.0,2468.0004111488383,178.83018867924528,1504.9499589827728,3714217.117527911,5.591897024688753,0.22458115027725278,0.057002104364860084,0.28046218487394947,0.3928286416423943,1.0854252563110083,0.2845240059396139,2.055137844611529,0.0002471232536675292
tamil nadu,8088,278047655,483121547982.5607,22131653,1356884.0,2022,1,2022-Q1,2022-01-01,133533757,8087.0,218792102.0,20870525.0,1209788.0,99367500.0,1737.5494426757914,16.310644830361326,204.91630456251235,356052.21078777604,61.309654547719504,0.27083040227841493,0.06042627102097331,0.12158824521321088,0.34383734118298226,1.0489534516295524,0.31167776600207353,0.486722444525282,0.037454765721554706
telangana,8088,820292794,1529608338617.9746,21608530,1545651.0,2022,1,2022-Q1,2022-01-01,422012965,8087.0,642408303.0,20513162.0,1434453.0,316270714.0,1864.7101983660418,13.980212868234808,530.7102275998916,989620.773782681,71.52966907050133,0.2769025402836365,0.05339830105178334,0.07751944469424932,0.33434095007607945,1.090129094799332,0.26497496221208294,0.3360050824603258,0.11049859212928638
andaman & nicobar islands,8089,1419556,3229468164.9089017,111074,2036.0,2022,2,2022-Q2,2022-04-01,629016,8088.0,998495.0,102605.0,1618.0,396140.0,2274.9846888103757,54.55500982318271,697.2278978388998,1586182.7921949418,18.330122260835118,0.4216956519561941,0.08253983723990066,0.2583436341161929,0.5878628767607412,2.0996567475740875,0.43563959725471446,4.014778325123153,0.00015854400332368567
andhra pradesh,8089,840332341,1793485874297.8623,21272937,1160039.0,2022,2,2022-Q2,2022-04-01,357185042,8088.0,725554627.0,20341205.0,1087914.0,295596425.0,2134.257824902472,18.338122252786327,724.4000770663745,1546056.5328388636,54.53121024144433,0.15819307014080963,0.04580515264459506,0.06629660065041909,0.20835372755269277,0.8644398892990874,0.22767149622625382,0.3876695352181081,0.09385304522294616
arunachal pradesh,8089,4904907,12095132402.063711,406742,3763.0,2022,2,2022-Q2,2022-04-01,1560097,8088.0,3643158.0,378277.0,2475.0,974159.0,2465.9249200981203,108.08982195057135,1303.4565506245017,3214225.990450096,9.251564874047922,0.34633386748529715,0.07524908995260082,0.5204040404040404,0.6014808670863792,1.306251022668926,0.33947842466994005,5.6601769911504425,0.0005478076185161903
assam,8089,64800277,127094723035.47565,6021618,312828.0,2022,2,2022-Q2,2022-04-01,24578300,8088.0,50025695.0,5551092.0,254792.0,16994856.0,1961.3299343685776,19.24897387701868,207.14346861534133,406276.68570420693,51.95082119124793,0.29533986484345687,0.08476278180941699,0.22777795221200048,0.4462199620873517,1.8645826504375784,0.41089565457808686,3.4190987427602773,0.007237259630520918
bihar,8089,350987405,741819444963.2347,20671708,1703453.0,2022,2,2022-Q2,2022-04-01,149362668,8088.0,279365074.0,19351497.0,1548974.0,110204201.0,2113.5215520432557,12.135179544137701,206.04466633361767,435479.84297966235,82.40504364709486,0.2563753942985729,0.06822268065359482,0.09972988571790098,0.3553264453140039,1.2951095730840345,0.3421908445474706,0.9500416119567694,0.039200248743192806
chandigarh,8089,7761882,10624481178.149662,529517,44644.0,2022,2,2022-Q2,2022-04-01,4970069,8088.0,6026078.0,509170.0,42930.0,3654287.0,1368.8022026294218,11.860877161544664,173.86170594032794,237982.2860440297,84.31079644279598,0.2880487109526295,0.0399611131842017,0.0399254600512462,0.36006531506693373,1.3260589692782934,0.19756062809416441,0.1827165072721011,0.0008668906655363057
chhattisgarh,8089,143649650,217141086234.9268,6782654,353970.0,2022,2,2022-Q2,2022-04-01,73440835,8088.0,118651612.0,6380734.0,321437.0,57726019.0,1511.6019164329798,19.16166341780377,405.8243636466367,613444.8858234505,52.18753602940678,0.2106843521013435,0.06298961843574746,0.10121112379719821,0.2722310713995364,1.499345279554321,0.33552933411517216,0.7787884117691399,0.016043601370461104
dadra & nagar haveli & daman & diu,8089,7431344,8548899697.35703,390083,16607.0,2022,2,2022-Q2,2022-04-01,4326687,8088.0,6099780.0,369790.0,15792.0,3219540.0,1150.3840620696647,23.489070873727947,447.482627807551,514776.8830828584,42.572990876300686,0.21829705333634974,0.05487709240379668,0.051608409321175275,0.34388359827801485,1.6400197237397518,0.2819574940763161,0.38854515050167215,0.0008299743214325124
delhi,8089,280662698,443015534922.1724,12974749,1511233.0,2022,2,2022-Q2,2022-04-01,159256415,8088.0,223152158.0,12414526.0,1422784.0,118196322.0,1578.4624678630162,8.585538431201542,185.7176874777086,293148.3993018763,116.47493142256548,0.2577189506722135,0.04512641078684765,0.062166147496738766,0.3473889229818843,1.3105271556240994,0.23119067218617673,0.34192500586058205,0.031345989678847885
goa,8089,16022094,24878187518.779408,796871,21786.0,2022,2,2022-Q2,2022-04-01,8797632,8088.0,13928876.0,759279.0,20221.0,7310623.0,1552.7425765183632,36.57720554484531,735.4307353346186,1141934.61483427,27.339431350871095,0.15027903184722158,0.04951012737083471,0.07739478759705265,0.20340386858958537,1.9984655926126864,0.2550157571710483,0.7084378920953576,0.0017894376300677142
gujarat,8089,242865983,425192027731.0801,20492610,1508860.0,2022,2,2022-Q2,2022-04-01,126999953,8088.0,202167410.0,19483483.0,1418981.0,98716618.0,1750.7269749303675,13.58151849740864,160.9599187466034,281796.8716322787,73.62946935505043,0.20131124497266883,0.05179397338761249,0.06334052393936207,0.28651037254943246,1.233427880922474,0.26538827065930937,0.32446180517457046,0.027124639828201343
haryana,8089,271267385,444207427107.7095,13329477,1106393.0,2022,2,2022-Q2,2022-04-01,148317828,8088.0,220541832.0,12718254.0,1026068.0,112255341.0,1637.5261150827605,12.047687394985326,245.18176181519587,401491.5379143844,83.00348168198947,0.23000422432330203,0.048058719380820625,0.07828428525204956,0.32125408625323226,1.1809139639518067,0.2472979920240912,0.47083698917869765,0.030296668246302026
himachal pradesh,8089,22234130,33881003865.98244,2145736,86078.0,2022,2,2022-Q2,2022-04-01,11288487,8088.0,16563694.0,2050007.0,75280.0,7493598.0,1523.8286303976113,24.927809661005135,258.30212133181533,393608.16777785774,40.115839040776684,0.3423412675940525,0.04669691371785567,0.14343783209351746,0.5064174779591859,1.0831337328621933,0.232456301578841,1.2414394708746714,0.002483232771809819
jammu & kashmir,8089,24566238,43852978538.412926,2422700,147683.0,2022,2,2022-Q2,2022-04-01,10304279,8088.0,16932419.0,2232542.0,122511.0,6333871.0,1785.0913330080464,16.404731756532573,166.34438628684413,296939.922255188,60.95802204152392,0.45084042628522236,0.08517555324827031,0.20546726416403427,0.6268533097690181,1.5172595479920319,0.42411825113317536,2.237597281595966,0.002743695718324922
jharkhand,8089,158327616,259653640097.40182,7783514,682752.0,2022,2,2022-Q2,2022-04-01,79513404,8088.0,130487443.0,7352042.0,638840.0,62624486.0,1639.9769456353201,11.400206810086239,231.89623172103487,380304.4738022032,87.71770693802311,0.21335518851419288,0.05868736876095104,0.06873708596831762,0.26968553482419,1.4325029569421441,0.31713425539616247,0.5149575968438382,0.017682919220752987
karnataka,8089,1261631220,1828098602933.223,32374488,2291533.0,2022,2,2022-Q2,2022-04-01,722776073,8088.0,1035726006.0,30809500.0,2174104.0,573122892.0,1448.9960092563522,14.127873349412816,550.5620996948331,797762.2853056111,70.78206148001476,0.21811291083869921,0.050795631217643855,0.054012595533608376,0.2611188334804815,1.390310139234015,0.26226681518047323,0.2888298336047064,0.14090607509456873
kerala,8089,109257505,155452076681.6139,9344928,632138.0,2022,2,2022-Q2,2022-04-01,57745367,8088.0,96434007.0,8855141.0,572466.0,49169365.0,1422.8045632344788,14.7830505364335,172.83805909469135,245914.77918051736,67.64503696550685,0.13297692794202765,0.055311033443736335,0.10423675816555034,0.1744175870483582,1.2058641348060481,0.3037785593533544,1.4543806177321348,0.012202493058292595
ladakh,8089,1690971,4971962008.286831,131845,785.0,2022,2,2022-Q2,2022-04-01,587810,8088.0,991962.0,125119.0,683.0,333285.0,2940.2999863905598,167.95541401273886,2154.103184713376,6333709.5646966,5.953961090674656,0.7046731628832557,0.05375682350402422,0.14934114202049775,0.7636857344314925,1.5991825730350548,0.2811182152088152,0.5575396825396826,0.0001888571580439631
lakshadweep,8089,33079,98136938.13431954,8885,27.0,2022,2,2022-Q2,2022-04-01,7795,8088.0,30348.0,8435.0,23.0,6831.0,2966.7444038308154,329.0740740740741,1225.148148148148,3634701.4123822055,3.0388294879009567,0.08998945564781868,0.05334914048606998,0.17391304347826098,0.14112135851266294,0.5912545699441987,0.303550469483568,1.25,3.6944488882046203e-06
madhya pradesh,8089,490063972,789356451377.2751,21283425,1812068.0,2022,2,2022-Q2,2022-04-01,254146400,8088.0,418657344.0,20115633.0,1697225.0,208119201.0,1610.721245546439,11.745378760620463,270.44458154991975,435610.8332453722,85.13986823079462,0.17056103045453797,0.05805395236630129,0.06766515930415817,0.22115786904255885,1.4104394526136361,0.3096132727636214,0.6210050032785654,0.0547331024669591
maharashtra,8089,1272760072,1740994209212.3047,49858004,4180983.0,2022,2,2022-Q2,2022-04-01,739763476,8088.0,1069812670.0,47511322.0,3932588.0,597190812.0,1367.8887698578783,11.924947793377777,304.41646665389453,416407.86609567766,83.85780947027081,0.18970368148659156,0.04939205859184459,0.06316324008515517,0.23873887731548016,1.3868822811370936,0.26447330181931417,0.3828270113087331,0.14214900791897073
manipur,8089,2451327,7208227925.014736,426522,1799.0,2022,2,2022-Q2,2022-04-01,645557,8088.0,2257271.0,406492.0,1592.0,509928.0,2940.5411538382014,237.08838243468594,1362.6053362979433,4006797.0678236443,4.21783636014086,0.08596929655322727,0.04927526248979075,0.13002512562814061,0.26597676534726467,0.7070795702159576,0.23137728146706782,0.8208502024291497,0.00027377799539816705
meghalaya,8089,2495929,6101621809.718108,307758,3790.0,2022,2,2022-Q2,2022-04-01,740673,8088.0,2011337.0,287587.0,3093.0,522433.0,2444.629558660566,81.20263852242743,658.5564643799472,1609926.5988702131,12.314870775089519,0.24093028667001115,0.07013877539666247,0.2253475590042031,0.4177377769015358,1.2157831098548337,0.33753161751284266,2.399103139013453,0.00027875939777767376
mizoram,8089,735958,2227243030.2535167,130454,289.0,2022,2,2022-Q2,2022-04-01,166864,8088.0,676714.0,123574.0,253.0,134652.0,3026.3181190414625,451.3979238754325,2546.567474048443,7706723.288074452,2.2153402731997485,0.0875465854112667,0.05567514202016599,0.14229249011857714,0.23922407390903966,0.5675724031872951,0.2808318033205368,1.035211267605634,8.219593140256042e-05
nagaland,8089,1974012,5909718802.434075,281398,3123.0,2022,2,2022-Q2,2022-04-01,441412,8088.0,1709875.0,266042.0,1826.0,323423.0,2993.760322852179,90.10502721741915,632.088376560999,1892321.102284366,11.098159901633984,0.15447737407705242,0.0577202095909668,0.7102957283680176,0.36481326312599904,0.7826434436777499,0.2663549509250218,6.195852534562212,0.00022046876987522534
odisha,8089,322378227,525877207233.302,12652044,897828.0,2022,2,2022-Q2,2022-04-01,150198940,8088.0,268911728.0,12011836.0,839004.0,119389372.0,1631.242941333324,14.091834961707587,359.06457250163726,585721.5493761634,70.96307916728712,0.1988254636480562,0.05329809697701493,0.0701117038774548,0.2580595532406351,1.3322597148324764,0.2853222640773385,0.5027843660399403,0.03600501473205135
puducherry,8089,7489973,11295663383.730684,453527,35254.0,2022,2,2022-Q2,2022-04-01,4265431,8088.0,6354587.0,433835.0,33226.0,3461076.0,1508.1046865897492,12.864554376808305,212.45739490554263,320407.99295769795,77.73296848919689,0.17867187906940285,0.045390528657208495,0.061036537651236955,0.2324002708984143,1.3143608617610898,0.2511538344823401,0.3741035235422514,0.0008365223381158023
punjab,8089,69470142,131238733411.7305,7570961,604578.0,2022,2,2022-Q2,2022-04-01,34194211,8088.0,55588571.0,7199914.0,542139.0,25097722.0,1889.1386951782897,12.522719979886798,114.90683088038269,217074.94055643855,79.85485594233018,0.2497198749721412,0.05153492111155766,0.11517157039061932,0.3624428145311356,1.125639446084032,0.25267665669450823,0.7861557551406286,0.007758816435663627
rajasthan,8089,620679225,1085864980526.7068,24647652,2003276.0,2022,2,2022-Q2,2022-04-01,309286081,8088.0,535528877.0,23412998.0,1863349.0,249207437.0,1749.4785338218896,12.303672584306906,309.83210750790204,542044.6211738706,81.27654512486626,0.15900234638514177,0.05273369946044504,0.07509435967175238,0.2410788567276987,1.2616440525785309,0.28837398039530027,0.573114211360356,0.06932094902303441
sikkim,8089,2512240,5966964957.632882,229640,1350.0,2022,2,2022-Q2,2022-04-01,766320,8088.0,1834534.0,217994.0,1219.0,483455.0,2375.1572133366567,170.1037037037037,1860.9185185185186,4419974.042691024,5.8787667653718865,0.36941588436082395,0.053423488719873014,0.10746513535684987,0.5850906495951018,1.3593117703572157,0.26366762966020096,1.9670329670329672,0.0002805811020557809
tamil nadu,8089,338126426,560768519721.7483,23307037,1467182.0,2022,2,2022-Q2,2022-04-01,170116252,8088.0,278047655.0,22131653.0,1356884.0,133533757.0,1658.4581286815728,15.885579975763061,230.4597698172415,382207.8785874883,62.95017251656656,0.21607364751916358,0.0531087307396334,0.08128771508839372,0.27395690664196626,1.36548223684066,0.2840161263398906,0.5039752505289399,0.03776386222704138
telangana,8089,993209224,1792476811489.9426,22613597,1632694.0,2022,2,2022-Q2,2022-04-01,533356769,8088.0,820292794.0,21608530.0,1545651.0,422012965.0,1804.7323445819534,13.850480861692393,608.3253959406968,1097864.518084799,72.1996593465427,0.21079842620194955,0.046512511494303466,0.05631478257381528,0.2638397708942426,1.1541548333120408,0.24358902868103738,0.3272564540084073,0.11092719590560095
tripura,8089,4598026,8963681349.511333,603260,15494.0,2022,2,2022-Q2,2022-04-01,1782176,8088.0,3841505.0,573074.0,12351.0,1401056.0,1949.462954213685,38.93507164063509,296.761714211953,578525.9680851513,25.68378476941949,0.19693349351361,0.052673825718842604,0.2544733219982187,0.2720233880729963,0.8930128541350857,0.24146474977671506,2.852312282446544,0.0005135334213137016
uttar pradesh,8089,655438792,1150071386489.6924,44364283,4486248.0,2022,2,2022-Q2,2022-04-01,322162022,8088.0,521369445.0,41701425.0,4069314.0,241296678.0,1754.6587118842554,9.88895018732803,146.09954509871054,256354.83960977913,101.12296867279474,0.25714845448988677,0.06385532388881199,0.10245805558381593,0.33512829380933296,1.3944878600823607,0.3357946295400589,0.9267439698094277,0.07320309309200941
uttarakhand,8089,60660502,88219812501.76044,3904801,302643.0,2022,2,2022-Q2,2022-04-01,34095311,8088.0,45265588.0,3709608.0,269957.0,23662761.0,1454.3205148839756,12.902333772795009,200.43583363897397,291497.9447790315,77.5053581475727,0.34010193350410023,0.05261822812545147,0.12107854213819236,0.44088473023076213,1.3904318417703267,0.26615516363092784,1.0371494729473216,0.0067749062599182005
west bengal,8089,298813188,605707035569.897,23181627,2198980.0,2022,2,2022-Q2,2022-04-01,119264274,8088.0,244077613.0,21954680.0,2052296.0,92376770.0,2027.0425131634317,10.54199083211307,135.88717860098774,275449.08801803424,94.85874308994791,0.22425479472384047,0.05588544219273528,0.07147312083637058,0.29106347840479807,1.1536280728683792,0.28145484114640706,0.4979835962832775,0.033373138552782074
tripura,8090,5814252,11009012067.584845,636726,20339.0,2022,3,2022-Q3,2022-07-01,2338359,8089.0,4598026.0,603260.0,15494.0,1782176.0,1893.4528581810428,31.305668911942572,285.8671517773735,541275.9755929419,31.943096402534213,0.26451046601302375,0.05547525113549723,0.3127016909771525,0.31208084947839043,1.0213529614631542,0.2366252986074695,2.117088122605364,0.000551783142154188
uttar pradesh,8090,775761504,1224796014974.3357,47337748,4865043.0,2022,3,2022-Q3,2022-07-01,391962498,8089.0,655438792.0,44364283.0,4486248.0,322162022.0,1578.8306182493116,9.730180802101852,159.45624817704592,251754.40689308106,102.77301319868448,0.18357581740447237,0.06702384889213686,0.08443469910713808,0.21666264560507376,1.212192931571367,0.3184804210826304,0.7025135036298387,0.07362118467506718
uttarakhand,8090,68009292,92527276762.59744,4107474,329037.0,2022,3,2022-Q3,2022-07-01,38433164,8089.0,60660502.0,3904801.0,302643.0,34095311.0,1360.5093369093954,12.48331950510125,206.69192826338679,281206.29826614464,80.10689781603,0.12114621141776905,0.05190354130722663,0.08721166522932955,0.1272272600769062,1.0496701024490092,0.24628962892344775,0.7722557362921469,0.006454206118936999
west bengal,8090,364129324,695665215498.2949,24486749,2336122.0,2022,3,2022-Q3,2022-07-01,147555161,8089.0,298813188.0,23181627.0,2198980.0,119264274.0,1910.4894048530266,10.481793759058815,155.86913868368177,297786.337998741,95.4035180415334,0.21858518506887314,0.056299844700287816,0.062366187959872255,0.23721174875889495,1.07007718594414,0.26388517547161205,0.42443510317469024,0.034556538407210485
andaman & nicobar islands,8090,1876971,3727232315.104086,119671,2469.0,2022,3,2022-Q3,2022-07-01,866124,8089.0,1419556.0,111074.0,2036.0,629016.0,1985.769793515236,48.469420818145,760.2150668286756,1509612.1162835504,20.631564873695382,0.32222399116343414,0.07739885121630619,0.21267190569744598,0.3769506658018238,2.1952358416691067,0.39889183723567156,3.191850594227504,0.0001781279786483779
andhra pradesh,8090,956418056,1959402519798.4548,22199210,1223491.0,2022,3,2022-Q3,2022-07-01,425082142,8089.0,840332341.0,21272937.0,1160039.0,357185042.0,2048.688340319722,18.144154717934175,781.7123754894806,1601485.0291489311,55.11416847716653,0.13814262445481673,0.04354231858064539,0.05469816101010405,0.1900894270930864,0.7311697327621616,0.20777453637761378,0.3398825800841718,0.09076582166591338
arunachal pradesh,8090,6325455,13636396793.28502,436558,7280.0,2022,3,2022-Q3,2022-07-01,2127733,8089.0,4904907.0,406742.0,3763.0,1560097.0,2155.7969811317953,59.96675824175824,868.8811813186813,1873131.4276490414,16.675905607044196,0.2896177236387969,0.07330445343731418,0.9346266276906723,0.3638466069737971,1.4777731337834656,0.33215545546645187,7.4356894553881805,0.000600297241236692
assam,8090,84341513,150673177993.96173,6517957,375732.0,2022,3,2022-Q3,2022-07-01,34972826,8089.0,64800277.0,6021618.0,312828.0,24578300.0,1786.4652012344352,17.347356626531678,224.47253095291325,401012.36518039915,57.64567026140246,0.3015609948704385,0.08242618512167321,0.20108174460086703,0.4229147662775701,1.9394220518219805,0.3982357400680201,2.2605718748644077,0.008004163744051393
bihar,8090,398081452,747732795859.8962,22066926,1848624.0,2022,3,2022-Q3,2022-07-01,172516214,8089.0,350987405.0,20671708.0,1703453.0,149362668.0,1878.3412090747104,11.936946615428557,215.33932914427163,404480.7358661882,83.77351698193033,0.1341758887331015,0.06749408418501268,0.08522160576194349,0.1550156160842011,1.153979120482151,0.3219395068820221,0.6801869395018765,0.037778657412486004
chandigarh,8090,9175146,12189515329.976696,550651,46291.0,2022,3,2022-Q3,2022-07-01,5882444,8089.0,7761882.0,529517.0,44644.0,4970069.0,1328.536388410244,11.895422436326715,198.20582834676287,263323.6553536691,84.0659510288731,0.1820774910002496,0.03991184419008276,0.03689185556849739,0.1835739101408853,0.9132988103954178,0.18403018932837356,0.1628567122186495,0.0008707381258334571
chhattisgarh,8090,168777635,232335130975.735,7211969,390945.0,2022,3,2022-Q3,2022-07-01,87352711,8089.0,143649650.0,6782654.0,353970.0,73440835.0,1376.575344095413,18.447528424714474,431.7170829656346,594291.0920352862,54.20780372184073,0.17492548711396094,0.06329601952274144,0.10445800491567092,0.18942970896232314,1.0909574400078337,0.3072005089621197,0.6647220885620484,0.016017306055130163
dadra & nagar haveli & daman & diu,8090,9167713,10016928620.567108,410533,17115.0,2022,3,2022-Q3,2022-07-01,5333300,8089.0,7431344.0,390083.0,16607.0,4326687.0,1092.6311306393545,23.986736780601813,535.653695588665,585271.9030421915,41.6897058214565,0.23365477361833875,0.05242474037576628,0.030589510447401658,0.2326521423897776,1.2193553306865499,0.25672854396512657,0.31219811393084407,0.0008700327205473374
delhi,8090,336144494,507114703182.28174,13539000,1557751.0,2022,3,2022-Q3,2022-07-01,193226144,8089.0,280662698.0,12974749.0,1511233.0,159256415.0,1508.6211799806595,8.691376221231764,215.78833459262745,325542.851959191,115.05657729522122,0.19768140331922557,0.04348839426489093,0.03078148769911726,0.21330210779892278,0.9458258506715151,0.21314073615304552,0.2678186290069229,0.031900726889228334
goa,8090,17781281,25811794705.68304,835257,23829.0,2022,3,2022-Q3,2022-07-01,10069731,8089.0,16022094.0,796871.0,21786.0,8797632.0,1451.627399942841,35.052121364723654,746.203407612573,1083209.3124211272,28.528943786164017,0.10979757077944985,0.048170908465736684,0.09377581933351697,0.14459561391065234,1.3971973685576424,0.23244054381859325,0.6049707011517478,0.0016874760677223076
gujarat,8090,298170347,492460968385.96,21579615,1575338.0,2022,3,2022-Q3,2022-07-01,157589389,8089.0,242865983.0,20492610.0,1508860.0,126999953.0,1651.6094686838862,13.698403136342804,189.2738872546717,312606.54436442215,73.00120970647531,0.2277155627842702,0.053043755773422685,0.04405842821732975,0.24086178992522944,1.0343786530945698,0.24570712602792155,0.2734068652216264,0.02829691092936195
haryana,8090,325918974,499123302373.1108,13974131,1171324.0,2022,3,2022-Q3,2022-07-01,182189584,8089.0,271267385.0,13329477.0,1106393.0,148317828.0,1531.433706504951,11.930201208205416,278.24835314567105,426118.9067867736,83.82088303022206,0.20146759994755725,0.0483630377996076,0.058687103045662825,0.22837278873851896,0.9661413610500778,0.22856934116103012,0.4016786771621883,0.030930306350909646
himachal pradesh,8090,24383236,35641730907.87379,2243636,94578.0,2022,3,2022-Q3,2022-07-01,12331466,8089.0,22234130.0,2145736.0,86078.0,11288487.0,1461.7309576084892,23.7225993359978,257.81086510605,376850.12273333955,42.153896621377086,0.09665797582365498,0.04562537050224269,0.09874764748251597,0.09239316128016095,0.8759739555816322,0.2150809291786422,0.8781500089361955,0.0023140136643487615
jammu & kashmir,8090,30956037,52238599727.460464,2603073,167970.0,2022,3,2022-Q3,2022-07-01,13247341,8089.0,24566238.0,2422700.0,147683.0,10304279.0,1687.509280579438,15.497249508840865,184.29503482764778,310999.5816363664,64.52757951851522,0.2601049049512587,0.07445123209642124,0.13736855291401184,0.28561551953319597,1.5484998972566202,0.4027331783167134,1.774575067311981,0.0029377844930872114
jharkhand,8090,184873084,273793546041.3701,8271861,717981.0,2022,3,2022-Q3,2022-07-01,93843062,8089.0,158327616.0,7783514.0,682752.0,79513404.0,1480.9811148137178,11.521002644916788,257.49021770771094,381338.1496743926,86.79800107859646,0.1676616415420542,0.06274119889808127,0.051598530652418484,0.18021688519334433,1.1637759724569383,0.2970808917267367,0.4022874687260136,0.017544793584670072
karnataka,8090,1499846853,2033196715924.187,33953647,2383894.0,2022,3,2022-Q3,2022-07-01,878792459,8089.0,1261631220.0,32374488.0,2291533.0,722776073.0,1355.6028816257997,14.242934878815921,629.1583656823667,852888.8935179949,70.21024869581757,0.1888155819416073,0.0487778833753294,0.0403053327183156,0.2158571538656897,1.0087689131327173,0.23703865736809848,0.24696626921336673,0.14233820778638603
kerala,8090,133133217,179785817262.17734,9864268,684116.0,2022,3,2022-Q3,2022-07-01,72429593,8089.0,109257505.0,9344928.0,632138.0,57745367.0,1350.420438365711,14.418999117108795,194.60620274924136,262800.19362531696,69.35294134344282,0.21852697441699775,0.05557453198141271,0.08222571653657895,0.25429271234868067,1.0119511970132744,0.2767419631445258,1.0038547158758053,0.012634585635668244
ladakh,8090,2078286,5792916606.523451,138524,856.0,2022,3,2022-Q3,2022-07-01,710428,8089.0,1690971.0,131845.0,785.0,587810.0,2787.3529468626793,161.8271028037383,2427.904205607477,6767425.942200293,6.179434610608992,0.22904887192033452,0.050657969585498064,0.09044585987261144,0.20860141882581096,1.2348050406306488,0.26092536797167276,0.5258467023172906,0.0001972331401141641
lakshadweep,8090,34974,100075631.86162712,9374,31.0,2022,3,2022-Q3,2022-07-01,8822,8089.0,33079.0,8885.0,27.0,7795.0,2861.429400744185,302.38709677419354,1128.1935483870968,3228246.1890847455,3.30701941540431,0.0572871005774056,0.05503657850309507,0.14814814814814814,0.13175112251443233,0.4201486173711779,0.27122321670735006,0.9375,3.3190965258644743e-06
madhya pradesh,8090,564992533,805308274469.1998,22575200,1923099.0,2022,3,2022-Q3,2022-07-01,298169767,8089.0,490063972.0,21283425.0,1812068.0,254146400.0,1425.3432168265485,11.738969236633164,293.7927444192941,418755.4954108966,85.18635493816222,0.15289546932864506,0.06069394376140114,0.061273086881949324,0.1732205020413431,0.9717414550872296,0.2848336224918506,0.46254503197583996,0.053618824081308095
maharashtra,8090,1481906141,1915987311841.3396,52289467,4352350.0,2022,3,2022-Q3,2022-07-01,868371330,8089.0,1272760072.0,49858004.0,4180983.0,739763476.0,1292.920825976481,12.014076763127965,340.4841386836996,440219.0338188196,83.23569257265521,0.16432481942283927,0.04876775652711651,0.040987251084254606,0.17384996444458145,1.0173335333732885,0.23996380283724816,0.32268081464751197,0.14063560142535397
manipur,8090,2976452,8100189981.03102,448114,1996.0,2022,3,2022-Q3,2022-07-01,837582,8089.0,2451327.0,426522.0,1799.0,645557.0,2721.4246965954835,224.5060120240481,1491.2084168336673,4058211.4133421946,4.454223702004401,0.21422070576467367,0.05062341450147945,0.10950528071150645,0.2974563051752208,0.6794716335967455,0.2202443680170354,0.7296360485268631,0.0002824707351919245
meghalaya,8090,3224648,7207201086.186328,330639,4307.0,2022,3,2022-Q3,2022-07-01,1033414,8089.0,2495929.0,307758.0,3790.0,740673.0,2235.03498248067,76.76781982818667,748.6993266775017,1673369.1864839396,13.026291514310168,0.2919630326022895,0.07434737683504578,0.1364116094986807,0.3952364943774107,1.3811917744288946,0.3335336489985561,1.9826869806094183,0.0003060249892473216
mizoram,8090,872923,2421358158.8989,138370,349.0,2022,3,2022-Q3,2022-07-01,209057,8089.0,735958.0,130454.0,289.0,166864.0,2773.8507965752992,396.4756446991404,2501.2120343839542,6937988.993979656,2.5222230252222304,0.1861043700863365,0.060680393088751616,0.20761245674740492,0.25285861539936705,0.5701917853558156,0.26255759843058524,0.9829545454545454,8.284198823832546e-05
nagaland,8090,2397145,6778968160.648544,297083,3410.0,2022,3,2022-Q3,2022-07-01,562207,8089.0,1974012.0,281398.0,3123.0,441412.0,2827.9341302459984,87.12111436950147,702.975073313783,1987967.20253623,11.478273748413743,0.21435178712186143,0.055739557495078085,0.0918988152417548,0.2736559042345925,0.8205344164237662,0.2543615943252828,5.166365280289331,0.00022749344202817507
odisha,8090,380594298,559830322281.8159,13324247,959371.0,2022,3,2022-Q3,2022-07-01,183017599,8089.0,322378227.0,12652044.0,897828.0,150198940.0,1470.937229547816,13.88852383488765,396.71232296994594,583538.9252768907,72.00189248968441,0.18058313534927417,0.05312999227634685,0.06854653675314193,0.21850126905023437,1.0756029580588415,0.2580695203656378,0.42618588547651726,0.03611909453467228
puducherry,8090,8848397,12834141844.970495,473286,36822.0,2022,3,2022-Q3,2022-07-01,5157180,8089.0,7489973.0,453527.0,35254.0,4265431.0,1450.4482388132558,12.85334854163272,240.30191190049428,348545.48489953007,77.8007378202609,0.18136567381484547,0.04356741715487722,0.044477222442843356,0.20906421883275095,0.9276276691042684,0.22368849703958427,0.31137148758858935,0.0008397290484980167
punjab,8090,85348374,152008684618.77896,7964871,654993.0,2022,3,2022-Q3,2022-07-01,43028061,8089.0,69470142.0,7570961.0,604578.0,34194211.0,1781.0378510407118,12.16023835369233,130.30425363324494,232076.80787241843,82.23523017510264,0.22856196263424944,0.0520290620966084,0.08338874388416384,0.2583434371391111,1.04887545682271,0.23852379877961827,0.6280641488986214,0.008099716693303078
rajasthan,8090,737030782,1197697051891.4873,25962683,2112900.0,2022,3,2022-Q3,2022-07-01,374499257,8089.0,620679225.0,24647652.0,2003276.0,309286081.0,1625.0298917521836,12.287700790382885,348.82426144162054,566849.851811012,81.38218996857913,0.18745843636058535,0.053353195671538955,0.05472236476651249,0.21085066547175146,0.918992987659784,0.2573953577169532,0.4454364665375541,0.06994556836482463
sikkim,8090,2904465,6064289653.488258,241620,1493.0,2022,3,2022-Q3,2022-07-01,918215,8089.0,2512240.0,229640.0,1350.0,766320.0,2087.919686926253,161.8352310783657,1945.388479571333,4061814.905216516,6.179124244681732,0.15612560901824657,0.052168611740115,0.10592592592592598,0.1982135400354943,1.2425824793092346,0.2458363840735891,0.8851010101010102,0.00027563903731328874
tamil nadu,8090,403676932,647127117674.8535,24513100,1553055.0,2022,3,2022-Q3,2022-07-01,206948312,8089.0,338126426.0,23307037.0,1467182.0,170116252.0,1603.081737835972,15.783793877229074,259.9244276603211,416680.10319972795,63.35612386846217,0.19386389515736924,0.05174673211356717,0.05852920769202452,0.21651111852617122,1.0128275249993304,0.2569922569121088,0.4259291394322009,0.03830967869196631
telangana,8090,1161232661,2003594734268.4893,23635593,1698591.0,2022,3,2022-Q3,2022-07-01,638075219,8089.0,993209224.0,22613597.0,1632694.0,533356769.0,1725.4033593432396,13.914822932654182,683.644656659549,1179562.7871974413,71.865808486379,0.16917224784050133,0.045193871633955496,0.04036090045042129,0.19633846626965745,0.9590879722133423,0.22109929140303608,0.28043248181785296,0.11020310204281634
andaman & nicobar islands,8091,2263155,4313612056.401077,127606,2740.0,2022,4,2022-Q4,2022-10-01,1130336,8090.0,1876971.0,119671.0,2469.0,866124.0,1906.0170675013762,46.57153284671533,825.9689781021898,1574310.9694894443,21.4723445606006,0.20574851715876274,0.06630679111898452,0.1097610368570272,0.3050510088624723,2.1313499580070867,0.3521165562913908,1.4684684684684686,0.00019299887661948138
andhra pradesh,8091,1030438279,2028666459424.0625,23102641,1272711.0,2022,4,2022-Q4,2022-10-01,468020065,8090.0,956418056.0,22199210.0,1223491.0,425082142.0,1968.741360610947,18.152307161641566,809.6404281883318,1593972.598197126,55.08941596763764,0.07739316770071514,0.040696538300236895,0.04022914757852725,0.1010108841504802,0.7872171805909507,0.19053235087336695,0.2684098222926057,0.0878744187970827
arunachal pradesh,8091,7474281,14697638125.945652,465208,9833.0,2022,4,2022-Q4,2022-10-01,2753357,8090.0,6325455.0,436558.0,7280.0,2127733.0,1966.4283595901268,47.3108918946405,760.1221397335503,1494725.7323243823,21.13678182662379,0.1816195040514872,0.0656270186321175,0.3506868131868133,0.29403313291658306,1.6875239787954635,0.3174591487072018,5.32347266881029,0.0006373968360710308
assam,8091,97084626,172386294490.2151,6999042,428380.0,2022,4,2022-Q4,2022-10-01,41152378,8090.0,84341513.0,6517957.0,375732.0,34972826.0,1775.629176242746,16.33839581679817,226.63202297026004,402414.43225690996,61.205519269637186,0.15108945223688353,0.07380917057292646,0.14012115018151228,0.17669581520235167,1.7715711555996045,0.37247770251866474,1.4020814525308825,0.008279248993119116
bihar,8091,478561642,881147256455.3129,23466284,1983316.0,2022,4,2022-Q4,2022-10-01,219181745,8090.0,398081452.0,22066926.0,1848624.0,172516214.0,1841.2408749953947,11.831843236277022,241.2936929868967,444279.8104060638,84.51768503270479,0.20217015788015158,0.06341426984438159,0.07286067907806015,0.27049939201656725,1.2616854255805943,0.30447650828340334,0.5189885439180444,0.040811106309189785
chandigarh,8091,9744704,12720512772.5428,569949,47980.0,2022,4,2022-Q4,2022-10-01,6381514,8090.0,9175146.0,550651.0,46291.0,5882444.0,1305.3770306971664,11.87888703626511,203.09929137140475,265121.149907103,84.18297075703265,0.06207617840631641,0.03504579125435159,0.03648657406407296,0.08484058666771843,0.9440468564435889,0.16895350840491252,0.16827777642504071,0.0008310155181546852
chhattisgarh,8091,192641774,267162792319.1936,7618238,425290.0,2022,4,2022-Q4,2022-10-01,102175844,8090.0,168777635.0,7211969.0,390945.0,87352711.0,1386.837271957398,17.91304286486868,452.9656798890169,628189.6877876122,55.825244630057504,0.14139396490536194,0.05633260486837921,0.08785123227052405,0.16969287879342398,1.1172666760966816,0.2800790270359099,0.5277812703191065,0.01642823667490031
dadra & nagar haveli & daman & diu,8091,10667542,11210383267.660694,431261,17526.0,2022,4,2022-Q4,2022-10-01,6545310,8090.0,9167713.0,410533.0,17115.0,5333300.0,1050.8871929129216,24.606926851534862,608.6695195709232,639643.0028335442,40.638963411947756,0.1635990350046952,0.05049045996302359,0.02401402278702891,0.2272532953330959,1.2606883994240805,0.23476729703806565,0.2255944055944057,0.0009097139269255245
delhi,8091,365023307,556037697335.6055,14081903,1593056.0,2022,4,2022-Q4,2022-10-01,213906227,8090.0,336144494.0,13539000.0,1557751.0,193226144.0,1523.29368199934,8.83955303517265,229.13400847176746,349038.38743622665,113.12789187654538,0.0859119025165409,0.040099194918383985,0.02266408431129241,0.10702528432177383,1.0259700060805192,0.19368933923474163,0.21298710989520564,0.031128706690848867
goa,8091,23220664,33502458362.18222,871837,25200.0,2022,4,2022-Q4,2022-10-01,13577360,8090.0,17781281.0,835257.0,23829.0,10069731.0,1442.7864062019166,34.59670634920635,921.4549206349207,1329462.6334199293,28.90448558618182,0.3059050132552317,0.04379490384396667,0.0575349364220068,0.348333932654209,1.0251777692423887,0.2101535877629488,0.42405063291139244,0.0019802276319379063
gujarat,8091,329074518,548039488289.3746,22608675,1624532.0,2022,4,2022-Q4,2022-10-01,179290320,8090.0,298170347.0,21579615.0,1575338.0,157589389.0,1665.3963109029748,13.91703887642718,202.56573462387937,337352.2271579597,71.85436563619938,0.10364602419703384,0.04768667096238732,0.031227584175586465,0.13770553422223109,1.1146496031881439,0.22669342581295449,0.2554624485401913,0.028063041328630738
haryana,8091,346421564,550189071738.4247,14567786,1231301.0,2022,4,2022-Q4,2022-10-01,197287674,8090.0,325918974.0,13974131.0,1171324.0,182189584.0,1588.2067657266991,11.831214300971087,281.34596171041846,446835.55989837146,84.52217790678694,0.06290701565598322,0.04248242699313476,0.05120444898251897,0.08287021501734149,1.0056207612549861,0.2092089152411618,0.34106006066513816,0.02954237455621191
himachal pradesh,8091,27607097,38681552816.71495,2334678,103146.0,2022,4,2022-Q4,2022-10-01,15080061,8090.0,24383236.0,2243636.0,94578.0,12331466.0,1401.1452495970493,22.63469257169449,267.65067961918055,375017.4782998366,44.17996828684726,0.13221628991328305,0.04057788339998103,0.09059189240626786,0.22289280122898614,1.0077507619673547,0.19719586774571018,0.6326252809522301,0.002354296858909378
jammu & kashmir,8091,37429141,54950573837.60637,2801460,191336.0,2022,4,2022-Q4,2022-10-01,18526673,8090.0,30956037.0,2603073.0,167970.0,13247341.0,1468.122761289295,14.641572939749969,195.61996174269348,287194.1183969894,68.29867283487896,0.20910635298697966,0.07621261485943731,0.13910817407870457,0.3985201256614441,1.7824633877994023,0.37298405178941363,1.1423085105191855,0.0031919078303660913
jharkhand,8091,213455622,317476716109.8493,8761666,747878.0,2022,4,2022-Q4,2022-10-01,112033002,8090.0,184873084.0,8271861.0,717981.0,93843062.0,1487.3195333775247,11.715368014569222,285.415030258946,424503.34962366766,85.357967308957,0.15460627032110308,0.05921339829090444,0.041640377670161266,0.19383361553142842,1.125423487815207,0.2749131557806246,0.3095440712452153,0.01820321420941679
karnataka,8091,1636914664,2207804195613.2246,35452134,2456318.0,2022,4,2022-Q4,2022-10-01,973811552,8090.0,1499846853.0,33953647.0,2383894.0,878792459.0,1348.7594950235136,14.43303920746418,666.4099127230269,898826.6973629736,69.28547658090201,0.09138787118553893,0.04413331504565621,0.030380545443715157,0.10812461125135808,1.0427434745775108,0.21491881215439235,0.2060070622800403,0.13959392585746702
kerala,8091,145153196,188993126385.9121,10342101,727331.0,2022,4,2022-Q4,2022-10-01,81180394,8090.0,133133217.0,9864268.0,684116.0,72429593.0,1302.0252505216083,14.219249557629196,199.56965398147474,259844.72872174034,70.3271994732985,0.0902853492979141,0.048440796620691895,0.06316911167112016,0.12081803359022047,0.9407197313851672,0.24254695368716384,0.5330692960786463,0.012378473310810526
ladakh,8091,1936688,4657431512.900627,146028,891.0,2022,4,2022-Q4,2022-10-01,773705,8090.0,2078286.0,138524.0,856.0,710428.0,2404.843481707238,163.8922558922559,2173.611672278339,5227195.861841332,6.101569562001808,-0.06813210501345823,0.05417111836216115,0.04088785046728982,0.08906884300731388,1.2581622337603582,0.24071131804548962,0.4558823529411764,0.0001651582009904006
lakshadweep,8091,37014,107487767.57716052,9808,34.0,2022,4,2022-Q4,2022-10-01,8933,8090.0,34974.0,9374.0,31.0,8822.0,2903.975997653875,288.47058823529414,1088.6470588235295,3161404.9287400153,3.466557911908646,0.05832904443300735,0.046298271815660375,0.09677419354838701,0.012582180911357987,0.46202156653631943,0.2313873195229128,0.7894736842105263,3.1565051528478976e-06
madhya pradesh,8091,640668697,939572408725.7616,23793582,2040575.0,2022,4,2022-Q4,2022-10-01,346579011,8090.0,564992533.0,22575200.0,1923099.0,298169767.0,1466.5495803453646,11.660234002670816,313.9647878661652,460444.92788834596,85.76157217521936,0.13394188344078528,0.05396993160636443,0.06108681872332111,0.16235463604195655,0.9948106204049256,0.26248925400823775,0.3395954905115748,0.05463538237825818
maharashtra,8091,1659335577,2150909817409.156,54629272,4508736.0,2022,4,2022-Q4,2022-10-01,998769959,8090.0,1481906141.0,52289467.0,4352350.0,868371330.0,1296.247635031064,12.116316413291885,368.0267766841971,477053.838904996,82.5333348758519,0.11973054911579584,0.044747157204719556,0.03593139338518281,0.1501645949089545,1.020486255141507,0.2159199991880405,0.24965036011660757,0.14150595177782296
manipur,8091,3217150,8403643887.514338,467306,2742.0,2022,4,2022-Q4,2022-10-01,928790,8090.0,2976452.0,448114.0,1996.0,837582.0,2612.139280889712,170.4252370532458,1173.2859226841722,3064786.246358256,5.867675570183135,0.08086742201789243,0.04282838741927275,0.37374749498997994,0.10889441272615685,0.80478185989891,0.2038260206500011,1.0221238938053099,0.00027435431329995714
meghalaya,8091,3625736,8280326984.293905,352648,5034.0,2022,4,2022-Q4,2022-10-01,1152974,8090.0,3224648.0,330639.0,4307.0,1033414.0,2283.7644506643355,70.05323798172428,720.2495033770361,1644880.2114211174,14.274857648419955,0.12438194804518199,0.0665650452608435,0.16879498490828881,0.1156941941951628,1.3262117584259139,0.31610119836237494,1.3778932451582429,0.0003091979890545773
mizoram,8091,1018730,2778304892.2491627,146161,988.0,2022,4,2022-Q4,2022-10-01,261186,8090.0,872923.0,138370.0,349.0,209057.0,2727.2239869731557,147.93623481781376,1031.1032388663969,2812049.4860821483,6.759669131984593,0.1670330601897303,0.05630555756305555,1.8309455587392551,0.24935304725505492,0.8030555644050819,0.25134628391394065,3.6824644549763033,8.687595219000212e-05
nagaland,8091,2580507,7441611698.7912445,311555,4561.0,2022,4,2022-Q4,2022-10-01,603869,8090.0,2397145.0,297083.0,3410.0,562207.0,2883.7789235957293,68.30848498136373,565.776584082438,1631574.5886409217,14.639469756543788,0.0764918267355541,0.048713659145760646,0.3375366568914957,0.07410437792485691,0.8838663944114185,0.23935890907933688,3.9361471861471857,0.00022006223705787188
odisha,8091,425780932,632323496876.2422,13990026,1013277.0,2022,4,2022-Q4,2022-10-01,208414479,8090.0,380594298.0,13324247.0,959371.0,183017599.0,1485.0911568680633,13.806714254838509,420.20191122467,624038.1424588165,72.42852872467857,0.11872651334361284,0.04996747658610645,0.056188898768047,0.1387674198479678,1.0058588871986776,0.23170416475469668,0.3398544678476554,0.0363100369006965
puducherry,8091,9748055,13613642032.366386,493378,38131.0,2022,4,2022-Q4,2022-10-01,5863846,8090.0,8848397.0,473286.0,36822.0,5157180.0,1396.549571413619,12.939025989352496,255.64645563976816,357022.948057129,77.28557009027561,0.10167468751684616,0.04245213253719737,0.03554939981532779,0.13702566131102656,0.9761214598322334,0.19947292799681038,0.2455005716152212,0.0008313012870196334
punjab,8091,94706019,172026389446.46945,8329482,703167.0,2022,4,2022-Q4,2022-10-01,49331250,8090.0,85348374.0,7964871.0,654993.0,43028061.0,1816.425093810241,11.845666818835355,134.68495961841214,244645.14040970276,84.41905511050987,0.10964057733542765,0.04577738923831909,0.0735488776215929,0.1464901939225196,1.1334785373197036,0.22227848933418648,0.5066691236182326,0.00807640452205141
rajasthan,8091,820996227,1381577028127.7593,27182742,2221707.0,2022,4,2022-Q4,2022-10-01,426355884,8090.0,737030782.0,25962683.0,2112900.0,374499257.0,1682.805575338849,12.235070601118869,369.5339786029391,621853.8394701729,81.73226233026823,0.11392393241996235,0.04699279346437346,0.05149652136873484,0.1384692386719475,1.0015017353599562,0.2337310527012353,0.3519386326337255,0.07001347654925655
sikkim,8091,3192928,6611574174.825417,252358,1585.0,2022,4,2022-Q4,2022-10-01,1044864,8090.0,2904465.0,241620.0,1493.0,918215.0,2070.693161519902,159.21640378548895,2014.4656151419558,4171340.17339143,6.280759872879005,0.09931708593493127,0.044441685290952826,0.06162089752176825,0.1379295698719798,1.131331140765147,0.22362513212889956,0.6649159663865547,0.0002722886930532321
tamil nadu,8091,435288054,674950927795.2251,25708338,1632127.0,2022,4,2022-Q4,2022-10-01,227776260,8090.0,403676932.0,24513100.0,1553055.0,206948312.0,1550.5845418749423,15.751432333390722,266.69986710592985,413540.69125455624,63.486289934417385,0.0783079722771971,0.04875915326906832,0.05091384400423671,0.10064323694507826,0.9895053341550692,0.23180121247548868,0.3491016607868487,0.037120791738913216
telangana,8091,1298732509,2182810144779.9905,24652313,1755424.0,2022,4,2022-Q4,2022-10-01,727397449,8090.0,1161232661.0,23635593.0,1698591.0,638075219.0,1680.723420453003,14.043509146508194,739.8397817279472,1243466.0485329987,71.20727373532861,0.11840852623073106,0.04301647942575415,0.03345890800080764,0.1399869910948539,1.0216620845885922,0.201780252113253,0.22375846402775124,0.11075419724508506
tripura,8091,6360774,11623038234.726624,668667,23805.0,2022,4,2022-Q4,2022-10-01,2695646,8090.0,5814252.0,636726.0,20339.0,2338359.0,1827.2993561360022,28.08935097668557,267.2032766225583,488260.37532983086,35.600680159182374,0.09399695782019779,0.05016443493747702,0.17041152465706277,0.1527939037590036,1.1219796328087521,0.22827091258768872,1.4614827835797746,0.000542438426192817
uttar pradesh,8091,890097755,1446927383901.7651,50213564,5262234.0,2022,4,2022-Q4,2022-10-01,459462505,8090.0,775761504.0,47337748.0,4865043.0,391962498.0,1625.5825562685136,9.542252206952408,169.1482657365674,274964.47020443506,104.79706240329804,0.14738582722970484,0.06075100995509963,0.08164182721509339,0.17221037049314858,1.2212178526254744,0.29617198478064966,0.5414846573146668,0.07590636381357987
uttarakhand,8091,75301900,102012862486.52225,4296902,351700.0,2022,4,2022-Q4,2022-10-01,43930404,8090.0,68009292.0,4107474.0,329037.0,38433164.0,1354.7183070616047,12.217520614159795,214.10833096388967,290056.47565118637,81.84966750463474,0.10722958268702465,0.04611788169566022,0.06887675246248892,0.14303376115481936,1.0399475034246142,0.2265329942616814,0.5523413120528247,0.006421646819291
west bengal,8091,400458936,749746367003.5804,25739668,2460123.0,2022,4,2022-Q4,2022-10-01,168668806,8090.0,364129324.0,24486749.0,2336122.0,147555161.0,1872.2178470842775,10.4627565369699,162.7800463635355,304759.70795101725,95.57710689974711,0.09977117909899502,0.051167225179626685,0.05307984771343288,0.143089844210871,1.1103233788543476,0.24203676003342434,0.3355883379651321,0.03415061044437203
tripura,8092,7564973,13869349810.241549,699295,26411.0,2023,1,2023-Q1,2023-01-01,3266101,8091.0,6360774.0,668667.0,23805.0,2695646.0,1833.3640860636976,26.47741471356632,286.4326606338268,525135.3530817291,37.76803780950815,0.18931642595696685,0.045804563407495724,0.109472799831968,0.2116208879059045,0.9692732405658719,0.2202525328317111,1.1383693628046312,0.0005776338847532411
uttar pradesh,8092,1011060339,1635880038405.158,53046420,5259389.0,2023,1,2023-Q1,2023-01-01,521134716,8091.0,890097755.0,50213564.0,5262234.0,459462505.0,1617.9845804486233,10.086042314040661,192.2391249249675,311039.93988753407,99.14691698327616,0.13589808908123802,0.05641615082331142,-0.000540644904806542,0.13422686362622782,0.9392397247214976,0.2720529334429218,0.29245101262768114,0.07720089831602821
uttarakhand,8092,80316638,106914144085.76016,4480029,354593.0,2023,1,2023-Q1,2023-01-01,46907377,8091.0,75301900.0,4296902.0,351700.0,43930404.0,1331.1581105494004,12.634284940763072,226.50373244818707,301512.2805181156,79.14971086124666,0.06659510583398287,0.04261837947432823,0.008225760591413112,0.06776566407174411,0.7743420896244626,0.2076825907211759,0.3135165970876843,0.00613268700605538
west bengal,8092,468933668,898862460705.0684,26980199,2476853.0,2023,1,2023-Q1,2023-01-01,200591201,8091.0,400458936.0,25739668.0,2460123.0,168668806.0,1916.8221905215566,10.892935107574006,189.32640249542465,362905.0495548457,91.80262161891393,0.17099064559268573,0.0481952991779071,0.006800472984480832,0.18926081091722446,0.9212481728096873,0.22890422452069448,0.20686928201390042,0.03580607311333783
andaman & nicobar islands,8092,2449897,4656305779.671389,134328,2880.0,2023,1,2023-Q1,2023-01-01,1254352,8091.0,2263155.0,127606.0,2740.0,1130336.0,1900.6128746112138,46.641666666666666,850.6586805555555,1616772.8401636765,21.440057173485798,0.0825140125179229,0.05267777377239313,0.051094890510948954,0.10971604903320786,1.4535896524269023,0.30917596608352427,0.7799752781211373,0.0001870652441661472
andhra pradesh,8092,1138724913,2251807395014.746,23903359,1291077.0,2023,1,2023-Q1,2023-01-01,526737073,8091.0,1030438279.0,23102641.0,1272711.0,468020065.0,1977.4814525505565,18.514278389282747,881.9961264897446,1744130.9813549046,54.01236704849724,0.10508793802292349,0.03465915433651068,0.014430613077124343,0.12545831341654123,0.5694544154564396,0.1751201071912898,0.18674545965949507,0.08694890188788335
arunachal pradesh,8092,8416665,16792360774.756208,493307,10591.0,2023,1,2023-Q1,2023-01-01,3193883,8091.0,7474281.0,465208.0,9833.0,2753357.0,1995.132368314078,46.57794353696535,794.6997450665659,1585531.1844732517,21.469389244425884,0.12608356576371693,0.06040093893484211,0.07708735889352192,0.15999596129379512,1.3102662580102207,0.304089331362996,3.279191919191919,0.0006426659950559821
assam,8092,115216347,212425494987.1329,7478158,468585.0,2023,1,2023-Q1,2023-01-01,49721049,8091.0,97084626.0,6999042.0,428380.0,41152378.0,1843.7096863271745,15.959021308834043,245.88142386119915,453333.9628608105,62.66048403898393,0.18676202141418363,0.06845451134598135,0.09385358793594478,0.20821812532923367,1.3031433546300555,0.347150794834602,0.8390883544224308,0.00879750213314541
bihar,8092,557298485,1037888852800.0654,24855994,1998018.0,2023,1,2023-Q1,2023-01-01,256728191,8091.0,478561642.0,23466284.0,1983316.0,219181745.0,1862.357212042422,12.440325362434173,278.92565782690644,519459.21047761606,80.38374969031615,0.16452811109336674,0.05922156230615805,0.007412837893709279,0.1713027971375991,0.9948752971174915,0.28444812305735323,0.2898977000259526,0.042553289860736566
chandigarh,8092,10182795,13320740709.154438,587987,47270.0,2023,1,2023-Q1,2023-01-01,6679868,8091.0,9744704.0,569949.0,47980.0,6381514.0,1308.1615321878166,12.438904167548127,215.41770679077638,281801.1573758079,80.3929338573812,0.04495682988421201,0.03164844573812742,-0.014797832430179292,0.046752855200192345,0.6897881175782989,0.1547950586248208,0.1010948054973213,0.0007775212725142416
chhattisgarh,8092,214685457,299544060546.12585,8004123,443733.0,2023,1,2023-Q1,2023-01-01,113977816,8091.0,192641774.0,7618238.0,425290.0,102175844.0,1395.2694548197824,18.03815132072665,483.8167479092157,675054.7300879715,55.43805361311914,0.11442836380856836,0.05065278874196366,0.043365703402384215,0.11550647920265766,0.8093766564250302,0.25442041620916966,0.3804664677681786,0.016392602396192942
dadra & nagar haveli & daman & diu,8092,11627938,12184562485.612375,449889,17162.0,2023,1,2023-Q1,2023-01-01,7186722,8091.0,10667542.0,431261.0,17526.0,6545310.0,1047.86957804663,26.214252418133086,677.5397972264304,709973.341429459,38.147187417340724,0.09002973693471272,0.04319426055219466,-0.020769142987561384,0.09799566407091498,0.906288095636236,0.21660672273452497,0.08675278622087124,0.0008878671475244965
delhi,8092,408284405,611515329918.7366,14595060,1500599.0,2023,1,2023-Q1,2023-01-01,241528649,8091.0,365023307.0,14081903.0,1593056.0,213906227.0,1497.7680323566035,9.726156021695337,272.080952339699,407514.1526275418,102.81554169698515,0.11851598835029997,0.036440884445802624,-0.05803750778378158,0.12913332345392647,0.8296233774266257,0.17564375796546727,0.054692068507939284,0.031175115488755296
goa,8092,24526280,35270734819.251785,904953,25609.0,2023,1,2023-Q1,2023-01-01,14541027,8091.0,23220664.0,871837.0,25200.0,13577360.0,1438.0792692267962,35.33730329181147,957.721113670975,1377278.879271029,28.298707225679124,0.056226471387726074,0.03798416447111097,0.01623015873015876,0.07097602184813545,0.7608226248837306,0.19185832875662312,0.2664556649028238,0.0018727377341526165
gujarat,8092,369002002,602862655965.1804,23551635,1582606.0,2023,1,2023-Q1,2023-01-01,204120466,8091.0,329074518.0,22608675.0,1624532.0,179290320.0,1633.7652714555745,14.881552957590202,233.16100280170807,380930.3490351865,67.19728800144873,0.12133265207730237,0.041707884252394356,-0.02580804810246895,0.13849128051084958,0.8252299022874161,0.20880003847361372,0.11531162150867424,0.028175653752760682
haryana,8092,382428292,593038018688.3391,15150515,1205359.0,2023,1,2023-Q1,2023-01-01,219069526,8091.0,346421564.0,14567786.0,1231301.0,197287674.0,1550.716908487354,12.569296782120514,317.2733534158703,492001.1537544741,79.55894568600473,0.1039390492446366,0.04000120539936547,-0.021068771973709155,0.11040655281890555,0.7340396990988993,0.19124173805618283,0.17473598241052257,0.02920083653272878
himachal pradesh,8092,28591197,38288728154.99783,2420834,105878.0,2023,1,2023-Q1,2023-01-01,15826198,8091.0,27607097.0,2334678.0,103146.0,15080061.0,1339.178914230063,22.864372201968305,270.0390732730123,361630.6329454451,43.73616695733784,0.035646631009410346,0.03690273348187634,0.026486727551238154,0.049478380757213225,0.7261365127851311,0.18089060183696937,0.40645589798087145,0.002183120044560002
jammu & kashmir,8092,42238384,56989379844.37264,2995581,211380.0,2023,1,2023-Q1,2023-01-01,21801222,8091.0,37429141.0,2801460.0,191336.0,18526673.0,1349.2320123888414,14.171544138518309,199.82204560507142,269606.3007113854,70.56394068462846,0.12848926989801868,0.06929279732710802,0.10475812183802313,0.176747816512981,1.4945274505668684,0.3417803562038251,0.7253960868819942,0.0032251697178058854
jharkhand,8092,242977596,367883618513.0067,9222109,732754.0,2023,1,2023-Q1,2023-01-01,127450739,8091.0,213455622.0,8761666.0,747878.0,112033002.0,1514.06394897827,12.585545762970929,331.59504554052245,502056.1041127127,79.45622850478128,0.1383049728247494,0.05255199182438597,-0.020222549667191725,0.13761781550761265,0.862076460491298,0.2543602172022412,0.1470070753240249,0.0185528874571639
karnataka,8092,1832273719,2470385672596.304,36773789,2448968.0,2023,1,2023-Q1,2023-01-01,1108594530,8091.0,1636914664.0,35452134.0,2456318.0,973811552.0,1348.262351295726,15.016034917565277,748.1819766530228,1008745.5910392884,66.59547646830735,0.11934590073413864,0.037279984330421456,-0.0029922835724038865,0.1384076598015136,0.7690718475596527,0.19358603677437158,0.12642633471075904,0.13990577180344707
kerala,8092,148764769,194875581991.6593,10759741,749862.0,2023,1,2023-Q1,2023-01-01,85084073,8091.0,145153196.0,10342101.0,727331.0,81180394.0,1309.9578838566226,14.34896154225711,198.38952900667056,259881.92759689022,69.69145446902486,0.024881112504060887,0.04038251028490247,0.030977642916361292,0.04808647516541997,0.5426587946304047,0.21508409634584025,0.30988041211181105,0.011359137888778788
ladakh,8092,1882925,4287184387.0438447,152636,899.0,2023,1,2023-Q1,2023-01-01,794686,8091.0,1936688.0,146028.0,891.0,773705.0,2276.8747491503086,169.78420467185762,2094.4660734149056,4768836.915510395,5.8898293980450225,-0.027760279404839605,0.04525159558440839,0.008978675645342271,0.027117570650312395,0.8981825916718584,0.2199266298483844,0.3162518301610542,0.00014377331980550313
lakshadweep,8092,43520,120064282.06789017,10183,34.0,2023,1,2023-Q1,2023-01-01,11319,8091.0,37014.0,9808.0,34.0,8933.0,2758.8300107511527,299.5,1280.0,3531302.4137614756,3.33889816360601,0.17577132976711507,0.038234094616639513,0.0,0.26709951863875525,0.4340318966653487,0.20723177237700052,0.4782608695652173,3.3230292645408056e-06
madhya pradesh,8092,730638617,1058319171944.054,24981019,2083024.0,2023,1,2023-Q1,2023-01-01,395551751,8091.0,640668697.0,23793582.0,2040575.0,346579011.0,1448.4851297478763,11.992669791610659,350.7586167994224,508068.640564897,83.38426867214665,0.14043127192149996,0.049905768706872244,0.0208024698920648,0.1413032481646732,0.7451947934776944,0.2418708871851063,0.227311641061144,0.0557889132834242
maharashtra,8092,1843209645,2363317566724.5234,56723036,4522908.0,2023,1,2023-Q1,2023-01-01,1121600766,8091.0,1659335577.0,54629272.0,4508736.0,998769959.0,1282.1751302872135,12.5412756571657,407.5275563862895,522521.6977052205,79.73670520738699,0.1108118638259028,0.03832677836160814,0.00314323127368743,0.12298208000066602,0.7229274775741812,0.1938846071258551,0.15010980046727496,0.14074079942598505
manipur,8092,3435277,8751539696.43811,486209,5900.0,2023,1,2023-Q1,2023-01-01,1073657,8091.0,3217150.0,467306.0,2742.0,928790.0,2547.549934528747,82.40830508474576,582.2503389830508,1483311.8129556119,12.134699275414482,0.06780131482834184,0.04045101068678769,1.1517140773158276,0.15597390152779433,0.5218717646219706,0.19610964053413116,2.7060301507537687,0.0002623052849908995
meghalaya,8092,4171750,9672439462.99083,373661,6230.0,2023,1,2023-Q1,2023-01-01,1323801,8091.0,3625736.0,352648.0,5034.0,1152974.0,2318.556831783024,59.9776886035313,669.6227929373997,1552558.5012826372,16.67286658227645,0.1505939759541235,0.05958632971121336,0.23758442590385376,0.1481620574271405,1.0741178628941843,0.2992972561346654,1.0142256708697057,0.0003185396905870429
mizoram,8092,1116672,3027223071.995682,153259,1784.0,2023,1,2023-Q1,2023-01-01,276865,8091.0,1018730.0,146161.0,988.0,261186.0,2710.933086882882,85.90751121076234,625.9372197309417,1696873.9192800906,11.640425684625372,0.09614127393912031,0.04856288613241566,0.8056680161943319,0.06003001692280607,0.6501387587666281,0.24022043471927756,6.051383399209486,8.52650214819235e-05
nagaland,8092,2834148,8050868360.056755,325241,4886.0,2023,1,2023-Q1,2023-01-01,680677,8091.0,2580507.0,311555.0,4561.0,603869.0,2840.6661755337955,66.56590257879657,580.0548505935326,1647742.194035357,15.022706239373266,0.09829114976243036,0.043928038388085566,0.07125630344222755,0.12719314950759197,0.6575176547993273,0.22251749723727832,1.6757940854326399,0.0002164052560670909
odisha,8092,480048713,753356890534.1677,14605734,1002402.0,2023,1,2023-Q1,2023-01-01,237800370,8091.0,425780932.0,13990026.0,1013277.0,208414479.0,1569.3342574051808,14.570735094303483,478.89839904549274,751551.6634385883,68.63071722379718,0.12745470010855264,0.044010497192785714,-0.010732504537258825,0.14099735844168482,0.7851535021187324,0.21594517274461622,0.19475234921406814,0.036654777612687275
puducherry,8092,10217489,14216402974.75116,511080,38372.0,2023,1,2023-Q1,2023-01-01,6224977,8091.0,9748055.0,493378.0,38131.0,5863846.0,1391.3793276167128,13.319086834149902,266.2746012717607,370488.9756789107,75.0802222743993,0.04815668356405456,0.03587918391172695,0.006320316802601589,0.061586030738187914,0.607891905484967,0.17805156338239203,0.15487870944441107,0.0007801703804486161
punjab,8092,98153837,175864657816.9519,8680448,681611.0,2023,1,2023-Q1,2023-01-01,51451166,8091.0,94706019.0,8329482.0,703167.0,49331250.0,1791.7247373319894,12.735193534141908,144.00271855941293,258013.2330859565,78.52256012592899,0.036405479149113074,0.042135393293364354,-0.030655591061582776,0.042973085012036005,0.7657197376057752,0.20563217838435288,0.25726243638624036,0.007494670789934929
rajasthan,8092,919098766,1551787489613.533,28357153,2212283.0,2023,1,2023-Q1,2023-01-01,478301186,8091.0,820996227.0,27182742.0,2221707.0,426355884.0,1688.3794723901663,12.818049499092114,415.45261885572506,701441.673426742,78.01498972763592,0.11949207045503263,0.043204287485052006,-0.004241783457494597,0.12183554619361137,0.7162450158593408,0.21117137583149326,0.18726175289760527,0.07017904633321098
sikkim,8092,3401499,6708361128.239864,262655,1831.0,2023,1,2023-Q1,2023-01-01,1136164,8091.0,3192928.0,252358.0,1585.0,1044864.0,1972.177892229239,143.44893500819225,1857.7274713271436,3663769.0487383204,6.971121813786145,0.06532280088996689,0.040803144738823516,0.15520504731861196,0.08737979296827136,0.8541487920093058,0.20487261117278455,0.502050861361772,0.00025972611949233194
tamil nadu,8092,468044832,720402614621.3375,26767037,1653481.0,2023,1,2023-Q1,2023-01-01,252046397,8091.0,435288054.0,25708338.0,1632127.0,227776260.0,1539.1743811014614,16.188294271297945,283.0663503239529,435688.4745705197,61.773030761679,0.07525310584333189,0.04118115297846159,0.013083540680351557,0.10655253097930406,0.6833259464101575,0.20944590085521408,0.21858685046031945,0.035738204821991845
telangana,8092,1424621673,2371715741378.491,25533334,1767962.0,2023,1,2023-Q1,2023-01-01,807980480,8091.0,1298732509.0,24652313.0,1755424.0,727397449.0,1664.8039169473532,14.442241405641072,805.7988084585528,1341497.0125933087,69.24132978482167,0.09693232680910735,0.035737863623587884,0.007142433964671735,0.11078266924194291,0.73672337904263,0.18163216100308532,0.1438300107850996,0.10877894095308094
andaman & nicobar islands,8093,2939168,5236683780.982016,141172,3030.0,2023,2,2023-Q2,2023-04-01,1593082,8092.0,2449897.0,134328.0,2880.0,1254352.0,1781.6891654311748,46.591419141914194,970.0224422442244,1728278.4755716224,21.463179667356133,0.19971084498654434,0.050949913644214195,0.05208333333333326,0.27004381545212186,1.0704840104934217,0.27097250481660873,0.4882121807465618,0.00019443843564899172
andhra pradesh,8093,1295037315,2509703988271.9307,24687258,1318135.0,2023,2,2023-Q2,2023-04-01,613447829,8092.0,1138724913.0,23903359.0,1291077.0,526737073.0,1937.9395166477736,18.728929889578836,982.476995907096,1903980.9945657544,53.39333351642374,0.13726967787873456,0.03279451226917529,0.02095769655876456,0.16461866924639268,0.5411013617051781,0.16050068685861296,0.13628507317426397,0.085672213917568
arunachal pradesh,8093,10917104,20359353648.82662,521967,11544.0,2023,2,2023-Q2,2023-04-01,4518172,8092.0,8416665.0,493307.0,10591.0,3193883.0,1864.9042501405702,45.21543659043659,945.6950796950797,1763630.7734603793,22.116340688204428,0.2970819202142416,0.058097695755381595,0.08998206023982624,0.41463290922053186,1.225751477041257,0.28328768605160026,2.067765081052352,0.0007222127566635694
assam,8093,139599202,235261543203.49356,7935267,498188.0,2023,2,2023-Q2,2023-04-01,62198937,8092.0,115216347.0,7478158.0,468585.0,49721049.0,1685.2642410054289,15.928258007017432,280.21389917059423,472234.4641049033,62.78150439046348,0.21162669738175266,0.06112588153392862,0.06317530437380614,0.25095785891403866,1.1542994638742052,0.31779647928513555,0.5925300804275833,0.00923507960576857
bihar,8093,698546493,1224912261750.1792,26174400,2036559.0,2023,2,2023-Q2,2023-04-01,339365938,8092.0,557298485.0,24855994.0,1998018.0,256728191.0,1753.515727334958,12.852266985636065,343.00331736031217,601461.7115193713,77.80728498074454,0.2534512685782737,0.053041773344489895,0.019289616009465327,0.32188808980467587,0.9902323646057898,0.26619435607352804,0.19554751437227802,0.04621181481528424
chandigarh,8093,12002645,15001734621.098116,605280,48825.0,2023,2,2023-Q2,2023-04-01,8001836,8092.0,10182795.0,587987.0,47270.0,6679868.0,1249.8690597862485,12.396927803379416,245.8299027137737,307255.18937220925,80.66514670896115,0.1787181220873051,0.02941051417803453,0.03289612862280511,0.19790331186185117,0.5463575715271116,0.1430794478741948,0.09365200250873573,0.0007940259003398894
chhattisgarh,8093,250168113,331458751118.9755,8375641,457643.0,2023,2,2023-Q2,2023-04-01,136171929,8092.0,214685457.0,8004123.0,443733.0,113977816.0,1324.9440432041613,18.301691493150773,546.6446837381977,724273.6174681478,54.63975831819917,0.16527740861366302,0.04641582844241654,0.03134767979843733,0.19472309418527556,0.7415156458787056,0.23486189919167333,0.29288640280249734,0.01654968227096246
dadra & nagar haveli & daman & diu,8093,13139339,13293978308.32088,467310,17453.0,2023,2,2023-Q2,2023-04-01,8303022,8092.0,11627938.0,449889.0,17162.0,7186722.0,1011.7691847604267,26.77533948318341,752.8412880307111,761701.6162448222,37.34779910551882,0.12998013921298868,0.03872288497829457,0.01695606572660524,0.15532811760354726,0.7680972647747164,0.1979758154033886,0.05094237369783827,0.0008692230320355241
delhi,8093,479877785,661524275756.0029,15072030,1518643.0,2023,2,2023-Q2,2023-04-01,293401714,8092.0,408284405.0,14595060.0,1500599.0,241528649.0,1378.5265674592604,9.92466958989045,315.9911743576338,435602.2289346495,100.75902184377287,0.1753517379631484,0.032680235641374455,0.012024531537072836,0.2147698221919836,0.7098025082050625,0.16164328111472526,0.004903280963292955,0.031745951853756976
goa,8093,26864800,38615163972.77406,935702,26285.0,2023,2,2023-Q2,2023-04-01,16228200,8092.0,24526280.0,904953.0,25609.0,14541027.0,1437.3888498248289,35.59832604146852,1022.0582081034811,1469095.0721998883,28.09120852579133,0.09534752110797062,0.033978560212519326,0.026396969815299265,0.116028462088682,0.6767346390552946,0.1742201686345719,0.20650876709813648,0.0017772205215976196
gujarat,8093,425451706,650588973801.5613,24442139,1606526.0,2023,2,2023-Q2,2023-04-01,245264196,8092.0,369002002.0,23551635.0,1582606.0,204120466.0,1529.172323501181,15.214281623826816,264.82715250173356,404966.35211727745,65.72771720183736,0.15297939765649282,0.0378107082586836,0.015114311458442664,0.20156592235097093,0.7517961994702238,0.19272942782788527,0.0647283379505057,0.02814543576918187
haryana,8093,458437725,663139120171.8699,15685619,1231314.0,2023,2,2023-Q2,2023-04-01,273061935,8092.0,382428292.0,15150515.0,1205359.0,219069526.0,1446.5195249188314,12.738926869994168,372.31585525706686,538562.1540662007,78.49954789798223,0.1987547328219117,0.035319195420089766,0.021533003860260802,0.24646243585700733,0.6899846806131891,0.17676177392406323,0.11290834269558836,0.03032760090320889
himachal pradesh,8093,36965811,47592612549.69776,2502650,109661.0,2023,2,2023-Q2,2023-04-01,21622495,8092.0,28591197.0,2420834.0,105878.0,15826198.0,1287.4764887397644,22.821695953894274,337.0916825489463,433997.6158314967,43.81795296985196,0.29290882784655703,0.033796617198866175,0.03572980222520261,0.36624696594848616,0.6625706065404853,0.16633639925880916,0.27397244359766715,0.0024454452631956698
jammu & kashmir,8093,59065448,77930824657.73734,3178196,227949.0,2023,2,2023-Q2,2023-04-01,31290114,8092.0,42238384.0,2995581.0,211380.0,21801222.0,1319.3978425040868,13.942574874204318,259.11694282493016,341878.33531946765,71.72276347965953,0.3983832336009825,0.06096146290152071,0.07838489923360781,0.43524587750172894,1.4043342737296611,0.31184050852354805,0.5435019602797884,0.003907430031228861
jharkhand,8093,292499192,422886248541.147,9650559,745398.0,2023,2,2023-Q2,2023-04-01,157909691,8092.0,242977596.0,9222109.0,732754.0,127450739.0,1445.7689460596766,12.946853895502805,392.40673036418127,567329.4649853461,77.2388418121686,0.20381136703649005,0.04645900411717108,0.017255449987308102,0.23898607602424327,0.8474300276207027,0.23987173402655926,0.09175513217097864,0.019350062780036415
karnataka,8093,2052780671,2779793686048.242,38043386,2486882.0,2023,2,2023-Q2,2023-04-01,1254350536,8092.0,1832273719.0,36773789.0,2448968.0,1108594530.0,1354.160103570189,15.297624093141533,825.4435357206333,1117782.7038227958,65.36962824497273,0.12034607586924628,0.034524508747249216,0.015481623279683498,0.13147819338419442,0.6270845540743673,0.1751038657352666,0.08524817229339487,0.13580015242399465
kerala,8093,157861037,209357724479.3068,11135396,763613.0,2023,2,2023-Q2,2023-04-01,90888495,8092.0,148764769.0,10759741.0,749862.0,85084073.0,1326.2153122642087,14.58251234591344,206.7291114740058,274167.313127601,68.57528910512029,0.061145310554006294,0.034913015099526934,0.018338040866185956,0.06821984180282481,0.4448530286317631,0.1915978378859633,0.20798464892159618,0.010443177485672
ladakh,8093,3396028,7790389777.205618,158956,922.0,2023,2,2023-Q2,2023-04-01,1437079,8092.0,1882925.0,152636.0,899.0,794686.0,2293.971008839037,172.40347071583514,3683.3275488069416,8449446.613021277,5.800347265910063,0.8035917521940599,0.04140569721428755,0.025583982202447064,0.8083607865244888,1.0083301251174621,0.20562782054685425,0.17452229299363053,0.0002246616633483265
lakshadweep,8093,50557,135198933.54788214,10584,34.0,2023,2,2023-Q2,2023-04-01,15989,8092.0,43520.0,10183.0,34.0,11319.0,2674.188214250888,311.29411764705884,1486.9705882352941,3976439.2219965337,3.2123960695389266,0.16169577205882346,0.03937935775311785,0.0,0.4125806166622492,0.5283714743492851,0.1912211592571751,0.2592592592592593,3.344560090170441e-06
madhya pradesh,8093,843782510,1197411249860.0825,26193021,2142311.0,2023,2,2023-Q2,2023-04-01,468684552,8092.0,730638617.0,24981019.0,2083024.0,395551751.0,1419.0993954829455,12.22652593390969,393.8655545343323,558934.3703412261,81.78938198843119,0.15485616331719299,0.04851691598329122,0.028461986035686504,0.18488807296418708,0.7217803352416203,0.23067697045940672,0.18224647198670252,0.05581979365329907
maharashtra,8093,2058432368,2604704587837.528,58661548,4608963.0,2023,2,2023-Q2,2023-04-01,1273343788,8092.0,1843209645.0,56723036.0,4522908.0,1121600766.0,1265.3826418248043,12.72771076704239,446.61507762158215,565138.9667995876,78.56872443938916,0.11676518923597534,0.03417503957298762,0.019026475886752436,0.13529147500600058,0.6172980385575766,0.17657233129509153,0.10236348724689859,0.13617403616369314
manipur,8093,1700053,4552576250.751693,496881,6848.0,2023,2,2023-Q2,2023-04-01,585926,8092.0,3435277.0,486209.0,5900.0,1073657.0,2677.9025423040885,72.55855724299066,248.2554030373832,664803.7749345346,13.781971940967757,-0.5051190922886277,0.02194940858766503,0.16067796610169482,-0.45427077735254373,-0.3064764513261593,0.1649598379450532,2.8065591995553083,0.00011246572017672189
meghalaya,8093,5103808,10680548971.431965,394558,6637.0,2023,2,2023-Q2,2023-04-01,1830555,8092.0,4171750.0,373661.0,6230.0,1323801.0,2092.6627669833906,59.44824468886545,768.9932198282356,1609243.4791972223,16.821354528358317,0.22342134595793128,0.05592502294860857,0.06532905296950231,0.3828022489785097,1.0448530386882,0.28203978450600786,0.7511873350923484,0.00033763855736480835
mizoram,8093,1286147,3263852337.1969995,160684,2544.0,2023,2,2023-Q2,2023-04-01,358005,8092.0,1116672.0,153259.0,1784.0,276865.0,2537.6977415466504,63.161949685534594,505.560927672956,1282960.8243698897,15.832316845485549,0.15176793185465387,0.04844739950019239,0.42600896860986537,0.2930670182218771,0.7475820631068621,0.23172919189906027,7.802768166089965,8.508408185399533e-05
nagaland,8093,3091461,8263465628.271147,339039,4988.0,2023,2,2023-Q2,2023-04-01,838501,8092.0,2834148.0,325241.0,4886.0,680677.0,2672.996886673048,67.97093023255815,619.7796712109061,1656669.1315699974,14.712171756051664,0.09079024807455371,0.04242392564283093,0.020875972165370404,0.2318632772959861,0.5660801454094504,0.20483798747681226,0.5971821966058277,0.000204513263858979
odisha,8093,540567279,798613320310.5529,15180768,1021368.0,2023,2,2023-Q2,2023-04-01,275129628,8092.0,480048713.0,14605734.0,1002402.0,237800370.0,1477.361563185834,14.863171746128721,529.2580920882581,781905.5622562611,67.28039055731568,0.12606755181530915,0.039370428079821274,0.01892055283209726,0.1569772914987475,0.6768107574460975,0.199866835746066,0.13759873828840274,0.035760819419574534
puducherry,8093,11193638,15361823627.269354,527197,38895.0,2023,2,2023-Q2,2023-04-01,6931355,8092.0,10217489.0,511080.0,38372.0,6224977.0,1372.3709510053259,13.5543643141792,287.79118138578224,394956.2572893522,73.77697521040521,0.09553707373700138,0.03153518040228542,0.013629730011466723,0.11347479677434946,0.49448309092703013,0.16243795848979214,0.10327906053213809,0.000740506654244027
punjab,8093,119012408,194504179995.89307,9022142,700473.0,2023,2,2023-Q2,2023-04-01,65508285,8092.0,98153837.0,8680448.0,681611.0,51451166.0,1634.3184989240203,12.880071037713089,169.90291988413543,277675.4849878483,77.63932334472236,0.21250897201298402,0.039363636531202006,0.027672675470319597,0.27321283642046135,0.7131447348992033,0.19167725206879282,0.15861476931016338,0.00787317582198076
rajasthan,8093,1073092744,1694556785190.1577,29493668,2257614.0,2023,2,2023-Q2,2023-04-01,586137559,8092.0,919098766.0,28357153.0,2212283.0,478301186.0,1579.133578774956,13.064088015045973,475.32162008208667,750596.3309893355,76.54571821992435,0.1675488899524864,0.04007860027415311,0.02049059726987923,0.22545704705821068,0.7289006958465543,0.19661166913586747,0.12696103782005075,0.07098963871736626
sikkim,8093,4437602,8547336154.627519,272768,2524.0,2023,2,2023-Q2,2023-04-01,1696647,8092.0,3401499.0,262655.0,1831.0,1136164.0,1926.1159866584517,108.06973058637084,1758.162440570523,3386424.783925324,9.253284842796809,0.30460188287575574,0.03850297919323831,0.3784817039868924,0.4933117050003344,0.7663925421138107,0.18780700226441382,0.8696296296296295,0.0002935662033993419
tamil nadu,8093,504160429,781360465422.6838,27769575,1683247.0,2023,2,2023-Q2,2023-04-01,271653945,8092.0,468044832.0,26767037.0,1653481.0,252046397.0,1549.8250566243544,16.497623343454645,299.51660629723386,464198.34131454496,60.61479154794411,0.07716268727009457,0.03745420159877977,0.018002021190446138,0.07779340721938599,0.49104119120225165,0.19146740960680675,0.1472653017826009,0.03335235179849691
telangana,8093,1644044462,2696606763836.345,26347321,1798270.0,2023,2,2023-Q2,2023-04-01,945635928,8092.0,1424621673.0,25533334.0,1767962.0,807980480.0,1640.227394188531,14.651482257947917,914.2367175118308,1499556.1088359063,68.25248001495105,0.15402179621340073,0.03187938559061654,0.017142902392698556,0.17036976932908088,0.6552851325512861,0.16510969042209434,0.10141275707511643,0.10876051771408378
tripura,8093,8518239,14533054884.912336,731619,28521.0,2023,2,2023-Q2,2023-04-01,3992703,8092.0,7564973.0,699295.0,26411.0,3266101.0,1706.1102517682748,25.65194067529189,298.66550962448724,509556.28781993396,38.98340529701935,0.126010496005736,0.046223696723128205,0.07989095452652295,0.22246770690802276,0.8525860880299503,0.21277558598282664,0.8407770749967729,0.0005635176572568263
uttar pradesh,8093,1220844008,1835097474392.205,55590099,5399393.0,2023,2,2023-Q2,2023-04-01,651507954,8092.0,1011060339.0,53046420.0,5259389.0,521134716.0,1503.1383717879582,10.295620081738818,226.10763987729732,339871.0696539787,97.1286811343869,0.20748877283376466,0.04795194473067177,0.026619822188471032,0.25017185383596674,0.8626361803742615,0.25303724620095847,0.20354313894372322,0.08076401181795839
uttarakhand,8093,104119321,133676491393.38852,4650851,367202.0,2023,2,2023-Q2,2023-04-01,62644014,8092.0,80316638.0,4480029.0,354593.0,46907377.0,1283.877863488838,12.665647245930034,283.54780475051876,364040.7497600463,78.9537226627987,0.29636054985269666,0.03812966389280059,0.03555907759036425,0.3354832012883602,0.7164269593416817,0.19105967243913335,0.21331734089339593,0.006887934917662145
west bengal,8093,557201653,1011853593979.1372,28151830,2540990.0,2023,2,2023-Q2,2023-04-01,249804214,8092.0,468933668.0,26980199.0,2476853.0,200591201.0,1815.9558366908457,11.079079413929216,219.28526007579723,398212.34793491405,90.26020688530728,0.18823128093246666,0.04342558778013461,0.025894552482525146,0.24533983920860014,0.8647157333631472,0.21440268191701994,0.15553120082947558,0.03686125384814761
tripura,8094,9631541,15862091659.466682,768145,32375.0,2023,3,2023-Q3,2023-07-01,4601060,8093.0,8518239.0,731619.0,28521.0,3992703.0,1646.8903220644218,23.726486486486486,297.49933590733593,489948.777126384,42.14699047705837,0.13069626245518595,0.049924892601203696,0.13512850180568714,0.15236720587531805,0.6565399986103113,0.20639804248609295,0.5917695068587443,0.0005649605803704714
uttar pradesh,8094,1361433436,1863230615478.421,58422771,5617414.0,2023,3,2023-Q3,2023-07-01,747622088,8093.0,1220844008.0,55590099.0,5399393.0,651507954.0,1368.5800320526437,10.400296470938407,242.35946220093444,331688.3205472164,96.15110519150144,0.11515756892669282,0.05095641222009695,0.0403787981352719,0.14752564939521817,0.7549639018952918,0.23416878639854177,0.1546483761808477,0.07985806467919568
uttarakhand,8094,106784950,128515385224.72354,4823928,379354.0,2023,3,2023-Q3,2023-07-01,64961081,8093.0,104119321.0,4650851.0,367202.0,62644014.0,1203.4971709470626,12.716164848663782,281.4915619711404,338774.29847773723,78.64006262116682,0.02560167483228204,0.037214049643817804,0.033093501669380965,0.03698784372278574,0.5701523550634817,0.17442691055378567,0.15292201181022191,0.006263721176791104
west bengal,8094,642154264,1073507229812.2742,29423200,2645684.0,2023,3,2023-Q3,2023-07-01,298345848,8093.0,557201653.0,28151830.0,2540990.0,249804214.0,1671.727947620191,11.121207219002724,242.7176730100798,405757.9173522893,89.91829576660594,0.15246295581251612,0.04516118490343257,0.04120205116903253,0.19431871553615987,0.7635335076721259,0.2015968310043934,0.1325110589258609,0.037667061343227726
andaman & nicobar islands,8094,3294013,5429583227.211581,148091,3143.0,2023,3,2023-Q3,2023-07-01,1795799,8093.0,2939168.0,141172.0,3030.0,1593082.0,1648.318700385087,47.11772192173083,1048.0474069360484,1727516.1397427875,21.223436940799914,0.12072974392753322,0.04901113535261947,0.0372937293729374,0.12724831490155553,0.7549621171557792,0.23748443649672857,0.2729850141757797,0.0001932180422870938
andhra pradesh,8094,1467644978,2654560419251.27,25473637,1365791.0,2023,3,2023-Q3,2023-07-01,730559498,8093.0,1295037315.0,24687258.0,1318135.0,613447829.0,1808.721086531916,18.651196998662314,1074.5750835962458,1943606.612762326,53.615861763280996,0.1332839301236659,0.031853638828581055,0.03615411168051841,0.19090730044787563,0.5345224494590679,0.1475019606553567,0.11630653596961471,0.08608815126766192
arunachal pradesh,8094,13227332,21637138207.620934,552339,13508.0,2023,3,2023-Q3,2023-07-01,5692334,8093.0,10917104.0,521967.0,11544.0,4518172.0,1635.7900601285985,40.88976902576251,979.2220906129701,1601801.7624830422,24.455995321713658,0.2116154613897605,0.058187586571564864,0.1701316701316702,0.25987545405531254,1.0911273576367235,0.265213327896866,0.8554945054945056,0.0007758801175713117
assam,8094,168278113,243468041626.96988,8451423,538577.0,2023,3,2023-Q3,2023-07-01,80789947,8093.0,139599202.0,7935267.0,498188.0,62198937.0,1446.81941867847,15.692135015048915,312.4494974720421,452058.00029888,63.726191435454126,0.2054374995639301,0.06504582643532975,0.0810718042184877,0.2988959441541581,0.9951991257259043,0.2966368142655744,0.4334073222403203,0.009870746579818096
bihar,8094,743992914,1148004167584.6228,27578408,2114351.0,2023,3,2023-Q3,2023-07-01,364225692,8093.0,698546493.0,26174400.0,2036559.0,339365938.0,1543.0310504067822,13.043438861381105,351.8776749934141,542958.178459784,76.66689824880392,0.06505854865124916,0.053640503698270114,0.03819776397344743,0.07325353318163597,0.8689464436539485,0.24976211004650128,0.14374313002535932,0.04364064571650146
chandigarh,8094,13514642,15978579212.550114,622265,49865.0,2023,3,2023-Q3,2023-07-01,9100188,8093.0,12002645.0,605280.0,48825.0,8001836.0,1182.3161288734184,12.478993281861024,271.02460643738095,320436.763512486,80.1346693129133,0.12597198367526485,0.028061393074279684,0.02130056323604701,0.13726249825665016,0.47296206512681116,0.1300533368685428,0.07720723250739892,0.0007927329580821125
chhattisgarh,8094,283570782,349234131102.0796,8766380,476302.0,2023,3,2023-Q3,2023-07-01,158512662,8093.0,250168113.0,8375641.0,457643.0,136171929.0,1231.558937909476,18.405087528500825,595.3592090732351,733219.9552008591,54.33280327797791,0.13352088961073938,0.0466518323791576,0.040771955432509666,0.16406269018925324,0.6801443034795458,0.21553212444479453,0.21833505991891444,0.016633507927218336
dadra & nagar haveli & daman & diu,8094,14946369,14582297017.60117,484521,18026.0,2023,3,2023-Q3,2023-07-01,9373489,8093.0,13139339.0,467310.0,17453.0,8303022.0,975.6414429217672,26.879008099411962,829.1561633196494,808959.1155886592,37.203753810464356,0.13752822725709413,0.03682994158053532,0.03283103191428416,0.12892498658922014,0.6303268874145602,0.18022424506677903,0.053228162430616344,0.0008767142562826885
delhi,8094,544463265,707384902988.8572,15541397,1545075.0,2023,3,2023-Q3,2023-07-01,339588954,8093.0,479877785.0,15072030.0,1518643.0,293401714.0,1299.2334808646037,10.058668349432875,352.3863016358429,457832.0812833404,99.41673840517683,0.1345873512356901,0.031141591411375957,0.017405012237899253,0.15741980293952884,0.6197298326118053,0.14789844153925702,-0.008137372404190435,0.03193676714710572
goa,8094,27248674,37450380521.6337,967033,27362.0,2023,3,2023-Q3,2023-07-01,16701945,8093.0,26864800.0,935702.0,26285.0,16228200.0,1374.39276941086,35.34218989839924,995.8582705942548,1368700.4064627476,28.29479448995019,0.014289106935469365,0.033483951086991315,0.0409739395092259,0.029192701593522496,0.5324359364210036,0.15776701063265564,0.14826471945948216,0.0015983347501054893
gujarat,8094,485612014,713336692583.1819,25381367,1639176.0,2023,3,2023-Q3,2023-07-01,282686065,8093.0,425451706.0,24442139.0,1606526.0,245264196.0,1468.94366699746,15.484223170666237,296.2537360234654,435180.04935600684,64.5818643259049,0.1414033770498031,0.03842658778759089,0.020323356111261237,0.15257779003340555,0.6286395306774084,0.17617330058946834,0.04052336704884918,0.028484709275941773
haryana,8094,502016327,679488272348.9021,16228788,1272783.0,2023,3,2023-Q3,2023-07-01,306428250,8093.0,458437725.0,15685619.0,1231314.0,273061935.0,1353.5182738168237,12.750632275886778,394.4241296434663,533860.2671067276,78.42748330928964,0.0950589352130653,0.03462847083051046,0.03367865548511584,0.12219321232012814,0.54031022139877,0.16134505966775325,0.08661907380024658,0.029446942649922
himachal pradesh,8094,34725152,42559427469.09868,2584543,113340.0,2023,3,2023-Q3,2023-07-01,20360373,8093.0,36965811.0,2502650.0,109661.0,21622495.0,1225.6080972402563,22.803449797070762,306.3803776248456,375502.2716525382,43.85301385970363,-0.06061436065882608,0.03272251413501692,0.03354884598900254,-0.05837078468511614,0.4241404217225311,0.15194398734910664,0.1983759436655459,0.0020368850661979052
jammu & kashmir,8094,67501820,87600579308.04288,3356452,242043.0,2023,3,2023-Q3,2023-07-01,35773150,8093.0,59065448.0,3178196.0,227949.0,31290114.0,1297.7513688970591,13.867172361935689,278.88358680069246,361921.5565335204,72.11275477796197,0.1428309152924736,0.05608716391311308,0.061829619783372536,0.14327323959254357,1.1805704651406121,0.2894190827533458,0.4409894624040007,0.003959477242869349
jharkhand,8094,321102668,419546015678.4694,10115548,766786.0,2023,3,2023-Q3,2023-07-01,177337898,8093.0,292499192.0,9650559.0,745398.0,157909691.0,1306.5790399426685,13.192139658261889,418.7643853695816,547148.7685983696,75.80271479113144,0.09778993167270023,0.0481825975054917,0.02869339601125831,0.12303365852321257,0.7368816544435424,0.2228866031477077,0.06797533639469577,0.018835028545461915
karnataka,8094,2357608666,2985013622701.8813,39411658,2549956.0,2023,3,2023-Q3,2023-07-01,1474542255,8093.0,2052780671.0,38043386.0,2486882.0,1254350536.0,1266.1192104312877,15.455818845501648,924.5683713758198,1170613.7763560945,64.70055129373141,0.14849516039699684,0.03596609408005902,0.025362683070608183,0.17554241233249646,0.5718995984718716,0.16074888803550325,0.06965997649224343,0.13829105438369757
kerala,8094,171587063,220873954649.31503,11534779,788966.0,2023,3,2023-Q3,2023-07-01,100655472,8093.0,157861037.0,11135396.0,763613.0,90888495.0,1287.241303555123,14.620121779645764,217.4834695031218,279953.70478488936,68.39888306485976,0.08695005595332561,0.03586607966164834,0.033201372946767505,0.10746109284789007,0.2888373530401507,0.16934971758674844,0.15326348163176995,0.01006484078680085
ladakh,8094,4065626,8966210701.853298,164962,972.0,2023,3,2023-Q3,2023-07-01,1693969,8093.0,3396028.0,158956.0,922.0,1437079.0,2205.3702681587774,169.71399176954733,4182.742798353909,9224496.606844956,5.892266097646731,0.1971709302750153,0.03778404086665499,0.054229934924078016,0.17875843986308348,0.9562399015342451,0.19085501429355212,0.13551401869158886,0.00023847880879386573
lakshadweep,8094,61690,127653819.3961912,11059,34.0,2023,3,2023-Q3,2023-07-01,22701,8093.0,50557.0,10584.0,34.0,15989.0,2069.2789657349845,325.2647058823529,1814.4117647058824,3754524.0998879764,3.074419025228321,0.22020689518760994,0.04487906273620568,0.0,0.4197886046657078,0.7638817407216789,0.17975250693407308,0.09677419354838701,3.6185713379670377e-06
madhya pradesh,8094,974634662,1234399612492.1458,27512164,2210798.0,2023,3,2023-Q3,2023-07-01,555828663,8093.0,843782510.0,26193021.0,2142311.0,468684552.0,1266.5254588412595,12.444449470281771,440.85197381217097,558350.2484135347,80.35711040396532,0.15507805678503583,0.05036238469781695,0.03196874776818115,0.18593339726716662,0.7250398988901328,0.2186897126049825,0.1496017625717656,0.057169477271881854
maharashtra,8094,2288748568,2753519460899.4004,60617867,4734743.0,2023,3,2023-Q3,2023-07-01,1427891144,8093.0,2058432368.0,58661548.0,4608963.0,1273343788.0,1203.0676935848553,12.802778735825788,483.3944668168895,581556.2662850762,78.1080436235079,0.11188912668711004,0.03334925631352248,0.027290303697382612,0.121371272594609,0.5444625706561532,0.15927490712422054,0.08785897273886523,0.13425190416563304
manipur,8094,904737,3670828688.5792255,506910,6862.0,2023,3,2023-Q3,2023-07-01,250465,8093.0,1700053.0,496881.0,6848.0,585926.0,4057.3433921451488,73.87204896531624,131.8474205770912,534950.2606498434,13.536919768795249,-0.46781835625124624,0.020183907213195962,0.0020443925233644133,-0.5725313435485027,-0.6960350780056255,0.13120768375904346,2.437875751503006,5.306946630893636e-05
meghalaya,8094,5927576,11034725792.028675,419409,7310.0,2023,3,2023-Q3,2023-07-01,2204934,8093.0,5103808.0,394558.0,6637.0,1830555.0,1861.5916172190243,57.37469220246238,810.8859097127223,1509538.4120422264,17.429287402034767,0.16140262329617405,0.06298440280009521,0.10140123549796587,0.2045166629792603,0.838208697507449,0.26848012484915573,0.6972370559554215,0.00034769584401396177
mizoram,8094,1371224,3167055400.83658,169046,3510.0,2023,3,2023-Q3,2023-07-01,389679,8093.0,1286147.0,160684.0,2544.0,358005.0,2309.655753426559,48.16125356125356,390.66210826210823,902294.9859933276,20.763579144138284,0.06614873727497717,0.05204002887655279,0.3797169811320755,0.0884736246700466,0.5708418726508524,0.22169545421695447,9.05730659025788,8.043235312583099e-05
nagaland,8094,3581630,8858677977.630177,353878,5053.0,2023,3,2023-Q3,2023-07-01,1024556,8093.0,3091461.0,339039.0,4988.0,838501.0,2473.364914195541,70.0332475756976,708.8125865822284,1753152.1823926729,14.278932287398481,0.15855577670234244,0.04376782612029895,0.013031275060144454,0.22189001563504407,0.4941232174107115,0.19117553007072097,0.4818181818181819,0.00021008889060144078
odisha,8094,620854881,840399944380.947,15773057,1051651.0,2023,3,2023-Q3,2023-07-01,331120980,8093.0,540567279.0,15180768.0,1021368.0,275129628.0,1353.61735906357,14.998375887057588,590.3620887537786,799124.3714701427,66.67388572804879,0.1485247167540824,0.03901574676590802,0.029649450540843336,0.20350898740720136,0.631277410782439,0.18378599556132524,0.0961880231943637,0.03641769618128604
puducherry,8094,12464709,16421645570.85983,544090,39645.0,2023,3,2023-Q3,2023-07-01,7920199,8093.0,11193638.0,527197.0,38895.0,6931355.0,1317.4511792340945,13.724050952200782,314.4080968596292,414217.3179684659,72.86478339980518,0.11355298429339955,0.032043050320847755,0.019282684149633633,0.14266243757533692,0.4086968520964871,0.14960087558051582,0.07666612351311719,0.0007311466805560023
punjab,8094,132850814,205330761365.49872,9396198,723574.0,2023,3,2023-Q3,2023-07-01,74686189,8093.0,119012408.0,9022142.0,700473.0,65508285.0,1545.5739801902812,12.985814857913635,183.60363141848657,283772.99538885965,77.00710436284974,0.11627700197444968,0.041459777511814844,0.03297914409263458,0.14010295033673992,0.5565711187421098,0.1797049820392571,0.10470493577793971,0.007792675437931433
rajasthan,8094,1237044429,1798770149235.0293,30792255,2324919.0,2023,3,2023-Q3,2023-07-01,696907330,8093.0,1073092744.0,29493668.0,2257614.0,586137559.0,1454.0869406680213,13.244442064433212,532.0806570035343,773691.5347309,75.50336927256545,0.1527842639107435,0.04402934894364452,0.029812448009269854,0.188982550766722,0.6784162333670345,0.18601975766526135,0.10034502342751672,0.07256173633605448
sikkim,8094,4740161,8003122189.827261,282679,3235.0,2023,3,2023-Q3,2023-07-01,2004746,8093.0,4437602.0,272768.0,2524.0,1696647.0,1688.3650554964822,87.38145285935084,1465.2738794435859,2473917.214784316,11.444076142904143,0.06818074266236596,0.036334907320506815,0.2816957210776545,0.1815928711157948,0.6320255193297217,0.16993212482410391,1.1667782987273947,0.00027804523799560986
tamil nadu,8094,558715546,835710063991.9968,28891897,1731234.0,2023,3,2023-Q3,2023-07-01,307301051,8093.0,504160429.0,27769575.0,1683247.0,271653945.0,1495.7702000151555,16.688614595138496,322.7267636841698,482725.07586611446,59.921091370358965,0.10820983532604855,0.0404155267050359,0.028508590836638925,0.13122248601985143,0.3840660729159524,0.17863089531719778,0.11472806822681747,0.03277276804720707
telangana,8094,1861859423,2865813600979.7666,27152426,1844528.0,2023,3,2023-Q3,2023-07-01,1103013563,8093.0,1644044462.0,26347321.0,1798270.0,945635928.0,1539.2212567596016,14.720527961624871,1009.3961289825907,1553683.97822086,67.93234608207753,0.1324872690699772,0.030557376212936305,0.025723612138332852,0.16642518578249277,0.6033474475275717,0.14879393971625765,0.08591650373750959,0.1092117222141619
andaman & nicobar islands,8095,3921213,6538722461.517704,155470,3205.0,2023,4,2023-Q4,2023-10-01,2204624,8094.0,3294013.0,148091.0,3143.0,1795799.0,1667.5254472321967,48.50858034321373,1223.4673946957878,2040163.0145141042,20.614909628867306,0.19040604879215706,0.04982747094691775,0.01972637607381489,0.22765632456639073,0.7326312161562067,0.21835963826152383,0.16970802919708028,0.0002059986961662239
andhra pradesh,8095,1588297806,2811855025318.729,26160960,1424574.0,2023,4,2023-Q4,2023-10-01,800499764,8094.0,1467644978.0,25473637.0,1365791.0,730559498.0,1770.3575580703969,18.364058307957325,1114.9282564471905,1973821.6655075336,54.454194341492055,0.0822084562742258,0.02698173802194015,0.04303952800977595,0.09573520868795815,0.5413808263619446,0.13237962707380513,0.1193224541942357,0.0834403224613593
arunachal pradesh,8095,15084363,24771952971.461708,584620,15170.0,2023,4,2023-Q4,2023-10-01,6707771,8094.0,13227332.0,552339.0,13508.0,5692334.0,1642.2273165570007,38.537903757415954,994.3548450889914,1632956.6889559466,25.94847935411036,0.14039346710281397,0.05844418011402408,0.12303819958543083,0.17838675664498949,1.0181691054965687,0.25668518168217225,0.5427641614969998,0.0007924484363634492
assam,8095,194352109,285818446041.6975,9011333,574112.0,2023,4,2023-Q4,2023-10-01,93896583,8094.0,168278113.0,8451423.0,538577.0,80789947.0,1470.621788013103,15.696123752856586,338.52647044479124,497844.40325528383,63.70999717799797,0.15494585442611908,0.06625038174044784,0.06597942355503483,0.162231026095363,1.0018834805008159,0.28750949058456854,0.3401932863345627,0.010210177577998398
bihar,8095,939309620,1436863360578.1116,29113524,2194129.0,2023,4,2023-Q4,2023-10-01,471333078,8094.0,743992914.0,27578408.0,2114351.0,364225692.0,1529.7015275731037,13.268829681390656,428.1013650519181,654867.31207605,75.36459687944338,0.2625249546395545,0.055663691682275473,0.03773167274496991,0.2940687281335441,0.9627766573067718,0.24065335610870475,0.10629319785651914,0.04934609698998531
chandigarh,8095,13784981,16915170140.23735,639168,50833.0,2023,4,2023-Q4,2023-10-01,9344696,8094.0,13514642.0,622265.0,49865.0,9100188.0,1227.072430512407,12.573879172978183,271.18173233922846,332759.6274120621,79.52995143686793,0.020003415554773918,0.027163668212096148,0.019412413516494587,0.026868455904427435,0.41461259367139314,0.12144770847917963,0.05946227594831188,0.0007241861415526699
chhattisgarh,8095,322561838,404263598492.0149,9160798,494172.0,2023,4,2023-Q4,2023-10-01,183166600,8094.0,283570782.0,8766380.0,476302.0,158512662.0,1253.2902249025965,18.537671094274867,652.7319192507872,818062.5338789225,53.94420879054423,0.1375002591063843,0.04499211761297128,0.037518213234460474,0.15553292518675899,0.6744127262864597,0.2024825162983881,0.16196477697571066,0.016945602817541598
dadra & nagar haveli & daman & diu,8095,17850712,16983535180.430668,502992,18911.0,2023,4,2023-Q4,2023-10-01,11546558,8094.0,14946369.0,484521.0,18026.0,9373489.0,951.4206033031437,26.597853101369573,943.9327375601501,898077.0546470662,37.597019435696794,0.19431762992068502,0.03812218665444833,0.04909575058249205,0.23183139170483913,0.6733669293263622,0.16632851104087787,0.07902544790596822,0.0009377770087059202
delhi,8095,595978737,800033234390.3937,16011335,1569273.0,2023,4,2023-Q4,2023-10-01,373762989,8094.0,544463265.0,15541397.0,1545075.0,339588954.0,1342.3855327751294,10.20302713422075,379.7801510635817,509811.3804229052,98.01012844962646,0.09461698393921947,0.030237822249827406,0.01566137566137571,0.10063352944041881,0.6327142009044371,0.13701500429309865,-0.014929167587328984,0.03130940419834191
goa,8095,33643920,44395207299.52843,1001527,28389.0,2023,4,2023-Q4,2023-10-01,21043935,8094.0,27248674.0,967033.0,27362.0,16701945.0,1319.5610766976151,35.27869949628377,1185.1040896121738,1563817.2284873868,28.345716091528235,0.2346993472049319,0.035669930602161504,0.03753380600833278,0.25996912335659106,0.44887846445734714,0.14875487046317137,0.12654761904761913,0.0017674642142420584
gujarat,8095,542379120,803395243183.7517,26346004,1672361.0,2023,4,2023-Q4,2023-10-01,323807182,8094.0,485612014.0,25381367.0,1639176.0,282686065.0,1481.2429416231062,15.753778041941901,324.3194023299993,480395.8255327359,63.476836942710555,0.11689806751774467,0.038005714979811867,0.02024492793940369,0.14546566701121266,0.64819544003708,0.1653050875383011,0.029441709981705477,0.028493578784877002
haryana,8095,555795275,786452421039.6418,16779114,1309518.0,2023,4,2023-Q4,2023-10-01,339854772,8094.0,502016327.0,16228788.0,1272783.0,306428250.0,1415.0037908106394,12.813198444007643,424.4273656414039,600566.33130636,78.04452606973169,0.10712589433371167,0.03391048056084034,0.02886195054459395,0.10908433540314899,0.6043899478497823,0.1517957498826521,0.06352386621955142,0.02919838886215767
himachal pradesh,8095,40615274,49155662459.05554,2677484,116857.0,2023,4,2023-Q4,2023-10-01,25051506,8094.0,34725152.0,2584543.0,113340.0,20360373.0,1210.2752885295208,22.912482778096305,347.56389433238917,420647.99249557615,43.64433176818237,0.16962120137011927,0.035960322579272175,0.03103052761602254,0.2304050618326099,0.47118960026836576,0.14683223982065186,0.13292808252380128,0.002133700334165457
jammu & kashmir,8095,73674593,94888368455.3926,3588585,250758.0,2023,4,2023-Q4,2023-10-01,41933534,8094.0,67501820.0,3356452.0,242043.0,35773150.0,1287.9388211264716,14.310949202019478,293.8075475159317,378406.14638572885,69.87656694769666,0.09144602323315132,0.06916023229290924,0.036005998934073746,0.1722069205535437,0.9683752026262105,0.2809695658692253,0.3105636158381069,0.003870452867155446
jharkhand,8095,379383888,501952800000.8065,10617881,786962.0,2023,4,2023-Q4,2023-10-01,211872201,8094.0,321102668.0,10115548.0,766786.0,177337898.0,1323.0735829266596,13.49224104848773,482.08666746297786,637836.1344014152,74.11667167865227,0.18150338134219424,0.04965949447326046,0.026312426152798718,0.1947372974952033,0.7773431519175447,0.21185639808684797,0.052259860565493366,0.019930716917054166
karnataka,8095,2550471370,3249475283077.739,40600790,2616609.0,2023,4,2023-Q4,2023-10-01,1599837426,8094.0,2357608666.0,39411658.0,2549956.0,1474542255.0,1274.06851976454,15.516567435180418,974.7239155716426,1241865.0562914591,64.44724351422718,0.0818043752474058,0.03017208765995072,0.026138882396402163,0.08497224855723107,0.5580967206730332,0.1452283803282477,0.06525661579648889,0.13398756375368615
kerala,8095,181170722,226951463919.4792,11984795,817185.0,2023,4,2023-Q4,2023-10-01,108215077,8094.0,171587063.0,11534779.0,788966.0,100655472.0,1252.693930973456,14.665950794495739,221.7009881483385,277723.48234424175,68.18514626241,0.05585303945671005,0.039013838063130635,0.0357670672753958,0.07510376584394729,0.2481345708709024,0.158835617637074,0.12353935140946826,0.009517700904157315
ladakh,8095,3523487,7515335519.66155,173131,1038.0,2023,4,2023-Q4,2023-10-01,1624260,8094.0,4065626.0,164962.0,972.0,1693969.0,2132.9255705105625,166.79287090558768,3394.496146435453,7240207.629731744,5.995460085137844,-0.13334699256645843,0.0495204956292965,0.06790123456790131,-0.04115128435054005,0.8193364135059442,0.18560139151395627,0.164983164983165,0.000185104386820772
lakshadweep,8095,96514,176451021.5524603,11676,36.0,2023,4,2023-Q4,2023-10-01,46222,8094.0,61690.0,11059.0,34.0,22701.0,1828.2427580709566,324.3333333333333,2680.9444444444443,4901417.26534612,3.0832476875642345,0.5644999189495867,0.055791662898996286,0.05882352941176472,1.0361217567508039,1.6074998649159777,0.19045676998368677,0.05882352941176472,5.070308132148632e-06
madhya pradesh,8095,1098779303,1426823070181.1738,28703519,2279592.0,2023,4,2023-Q4,2023-10-01,636732492,8094.0,974634662.0,27512164.0,2210798.0,555828663.0,1298.5529180295944,12.591515937939771,482.0070008141808,625911.5974179475,79.41855491655919,0.12737556526591098,0.0433028459702407,0.03111727077733928,0.14555533815642763,0.7150507089626075,0.2063555205769354,0.11713218088038913,0.057723746144989395
maharashtra,8095,2568566942,3105786845149.348,62581750,4866495.0,2023,4,2023-Q4,2023-10-01,1627859322,8094.0,2288748568.0,60617867.0,4734743.0,1427891144.0,1209.151606822069,12.859717311946278,527.8063456347946,638197.8909151963,77.76220703320057,0.12225824099346849,0.032397758238507546,0.02782664233306864,0.14004441363773878,0.5479490572026708,0.14557173670555223,0.07934795916194703,0.1349382043433154
manipur,8095,2203468,6907044662.760012,528770,7555.0,2023,4,2023-Q4,2023-10-01,688632,8094.0,904737.0,506910.0,6862.0,250465.0,3134.624447806826,69.98941098610192,291.6569159497022,914234.8991078772,14.287875635909753,1.4354790397651471,0.043124025961216006,0.10099096473331381,1.7494140897929848,-0.31508695584601276,0.13152837755132607,1.7552881108679794,0.00011575793894491247
meghalaya,8095,7120043,13509073095.121254,450369,7883.0,2023,4,2023-Q4,2023-10-01,2726364,8094.0,5927576.0,419409.0,7310.0,2204934.0,1897.3302682471515,57.13167575796017,903.2148928073069,1713696.9548549098,17.503424969302948,0.2011727896867117,0.07381815840861794,0.07838577291381665,0.2364832688869598,0.9637510839178582,0.277106349674463,0.5659515295987287,0.0003740474120246591
mizoram,8095,1576249,3621619372.125742,179480,4699.0,2023,4,2023-Q4,2023-10-01,511251,8094.0,1371224.0,169046.0,3510.0,389679.0,2297.6188229941727,38.19536071504575,335.44349861672697,770721.2964728116,26.181190104747046,0.1495196991884622,0.06172284466949818,0.3387464387464387,0.31197986034659286,0.5472686580350044,0.22796094717469084,3.7560728744939267,8.280734528660246e-05
nagaland,8095,3953388,9905355331.48168,370492,5764.0,2023,4,2023-Q4,2023-10-01,1196265,8094.0,3581630.0,353878.0,5053.0,1024556.0,2505.535842037685,64.27689104788341,685.8757807078417,1718486.351749077,15.55769085432344,0.10379575779742733,0.04694838334115148,0.140708490005937,0.16759357224007276,0.5320198705138177,0.1891704514451702,0.26375794781846085,0.00020768899150318935
odisha,8095,730012056,981621827380.3324,16349232,1079039.0,2023,4,2023-Q4,2023-10-01,394216870,8094.0,620854881.0,15773057.0,1051651.0,331120980.0,1344.6652275292456,15.151659949269675,676.5390833880889,909718.5804964717,65.999369267009,0.17581753537023403,0.03652906345295026,0.026042860226443976,0.19055237756302845,0.7145250083674484,0.16863485457425176,0.0649003184716519,0.038350768428449165
puducherry,8095,13074652,17039512522.583828,561059,40430.0,2023,4,2023-Q4,2023-10-01,8377582,8094.0,12464709.0,544090.0,39645.0,7920199.0,1303.247881670872,13.877294088548108,323.3898590155825,421457.1487158998,72.06015766612781,0.04893359323510871,0.03118785495046783,0.019800731491991463,0.0577489277731531,0.3412575123960626,0.13717879597387794,0.06029215074348948,0.0006868694112834758
punjab,8095,143440826,231847076209.30917,9790268,746968.0,2023,4,2023-Q4,2023-10-01,81488251,8094.0,132850814.0,9396198.0,723574.0,74686189.0,1616.3255795062778,13.106676591232825,192.03075098263915,310384.21486504,76.29699207416998,0.07971356502188987,0.04193930353532349,0.032331178289988216,0.0910752321289281,0.5145903873332487,0.17537537148168392,0.06229103470441588,0.0075355822631941165
rajasthan,8095,1350966019,2070058351728.421,32021284,2406772.0,2023,4,2023-Q4,2023-10-01,760169113,8094.0,1237044429.0,30792255.0,2324919.0,696907330.0,1532.2801037295528,13.304660350045621,561.3186537819121,860097.405042281,75.16163311877187,0.09209175299555872,0.03991357567024556,0.03520681795795899,0.09077502886933342,0.64552037460216,0.17800051223677138,0.0832985627717786,0.07097223192896537
sikkim,8095,4842501,8557427285.088291,292795,3496.0,2023,4,2023-Q4,2023-10-01,2139471,8094.0,4740161.0,282679.0,3235.0,2004746.0,1767.1503392747447,83.75143020594966,1385.154748283753,2447776.6833776576,11.940094605440667,0.021589983968898885,0.035786174423993344,0.08068006182380216,0.06720302721641547,0.5166333221419337,0.16023664793666148,1.2056782334384857,0.0002543980375928662
tamil nadu,8095,597821132,878172648141.2632,30002865,1783632.0,2023,4,2023-Q4,2023-10-01,336363862,8094.0,558715546.0,28891897.0,1731234.0,307301051.0,1468.9555138396533,16.821219287386636,335.17066973456406,492350.8033839173,59.448722646987214,0.06999194183868296,0.0384525806664755,0.0302662724969589,0.09457439506121301,0.373392002161401,0.16704802154071574,0.09282672243030099,0.03140619337246307
telangana,8095,2006013823,3121625949371.093,27926155,1893687.0,2023,4,2023-Q4,2023-10-01,1197673180,8094.0,1861859423.0,27152426.0,1844528.0,1103013563.0,1556.1338180126254,14.746975080887179,1059.3164672936973,1648438.1787333877,67.81051670020452,0.07742496464514237,0.02849575945810523,0.026651262545214882,0.08581908706774444,0.5445935241465492,0.1328006017123018,0.0787633073263212,0.10538479598772683
tripura,8095,10707618,17538263497.053307,809084,35430.0,2023,4,2023-Q4,2023-10-01,5363050,8094.0,9631541.0,768145.0,32375.0,4601060.0,1637.9239058634055,22.83612757550099,302.218966977138,495011.6708171975,43.790261579761804,0.11172428171151427,0.05329592720124454,0.09436293436293441,0.1656118372722808,0.6833828713298098,0.20999540877596767,0.4883427851291746,0.0005625186254982808
uttar pradesh,8095,1577265501,2264890592908.507,61516010,5820508.0,2023,4,2023-Q4,2023-10-01,869392341,8094.0,1361433436.0,58422771.0,5617414.0,747622088.0,1435.960268878351,10.568838664941273,270.9841651278548,389122.49461876985,94.61777511252761,0.15853295452632032,0.05294577691290958,0.03615435857139948,0.16287674609207103,0.7720137952712847,0.2250875082278565,0.10609068315852155,0.08286074658886573
uttarakhand,8095,119107620,148205383109.23837,4999454,391364.0,2023,4,2023-Q4,2023-10-01,73541105,8094.0,106784950.0,4823928.0,379354.0,64961081.0,1244.298081929925,12.77443505278973,304.33974509663636,378689.36107878695,78.2813483232369,0.11539706672148098,0.03638652981553614,0.03165908360001479,0.13207945231083817,0.5817345910262557,0.16350198352208167,0.11277793574068817,0.006257251116800351
west bengal,8095,747788359,1253569329663.2058,30766242,2741155.0,2023,4,2023-Q4,2023-10-01,354140336,8094.0,642154264.0,29423200.0,2645684.0,298345848.0,1676.3691418512785,11.223824263859578,272.8004651323986,457314.2816306286,89.09619185859619,0.16449956174393643,0.04564568095924315,0.03608556426239873,0.1870127852424479,0.8673284368912173,0.19528511401157145,0.11423493865957113,0.03928463640263362
tripura,8096,11581499,18535441026.607567,858086,37140.0,2024,1,2024-Q1,2024-01-01,5904516,8095.0,10707618.0,809084.0,35430.0,5363050.0,1600.435403621549,23.104092622509423,311.8335756596661,499069.4945236286,43.28237496008558,0.08161301607883287,0.06056478684537092,0.04826418289585099,0.10096232554236861,0.5309372551627085,0.2270729806447922,0.40623225171330124,0.000545015960359068
uttar pradesh,8096,1794266530,2483961606826.365,64960422,6019346.0,2024,1,2024-Q1,2024-01-01,989186934,8095.0,1577265501.0,61516010.0,5820508.0,869392341.0,1384.3883087014756,10.791940187522034,298.0833017407539,412663.0379490339,92.66174410012299,0.13758053343740761,0.055992123026184615,0.03416162300610193,0.13779117591743306,0.7746384273906328,0.22459577856526414,0.1444953016405517,0.08443672930318281
uttarakhand,8096,123880004,150315536371.2102,5206546,403865.0,2024,1,2024-Q1,2024-01-01,76012656,8095.0,119107620.0,4999454.0,391364.0,73541105.0,1213.396282835204,12.891798001807535,306.73617174055687,372192.53060109244,77.56869909533114,0.0400678310925866,0.0414229233832335,0.031942130599646346,0.03360774902688779,0.542395288009939,0.16216792346656694,0.13895367364838007,0.0058296926286783065
west bengal,8096,843082236,1422966170005.288,32233492,2845547.0,2024,1,2024-Q1,2024-01-01,403108218,8095.0,747788359.0,30766242.0,2741155.0,354140336.0,1687.814200375689,11.327696221499767,296.2812548870217,500067.7093034443,88.27920350671283,0.1274342878611192,0.047690257393151914,0.0380832167462255,0.13827253498737302,0.7978709858810991,0.19470920136652814,0.1488558263247759,0.0396747670154969
andaman & nicobar islands,8096,4328346,7073085032.739111,162750,3255.0,2024,1,2024-Q1,2024-01-01,2483253,8095.0,3921213.0,155470.0,3205.0,2204624.0,1634.1311514234562,50.0,1329.752995391705,2172990.793468237,20.0,0.10382833067216701,0.046825754164790734,0.015600624024961096,0.12638390945576217,0.7667461121834918,0.21158656423083788,0.13020833333333326,0.00020368845621420253
andhra pradesh,8096,1749727590,3018505887112.872,26931791,1500986.0,2024,1,2024-Q1,2024-01-01,907194749,8095.0,1588297806.0,26160960.0,1424574.0,800499764.0,1725.129045437794,17.942732976856547,1165.718794179293,2011015.35065142,55.73286975233099,0.10163697474754296,0.02946493553753382,0.05363849122614894,0.13328546715224276,0.5365674097621151,0.12669482979358682,0.16258441595660056,0.08234076286934942
arunachal pradesh,8096,16868525,26693314814.20037,623413,16887.0,2024,1,2024-Q1,2024-01-01,7729487,8095.0,15084363.0,584620.0,15170.0,6707771.0,1582.4332485620628,36.916740688103275,998.9059631669331,1580702.0083022662,27.08798180339518,0.11827890909281358,0.06635592350586705,0.11318391562293995,0.1523182589268477,1.0041815849864526,0.2637424565230171,0.5944670002832593,0.0007938191207127806
assam,8096,222628994,321206875230.3624,9619049,611691.0,2024,1,2024-Q1,2024-01-01,108690485,8095.0,194352109.0,9011333.0,574112.0,93896583.0,1442.789950487592,15.725340081838706,363.95662842840585,525112.9659098506,63.591629484370024,0.14549307000316625,0.067439079212809,0.06545586923805802,0.157555275467266,0.9322691596879042,0.2862858741417338,0.30540030090591896,0.01047674009803767
bihar,8096,1086107837,1633842288997.5242,30849769,2272717.0,2024,1,2024-Q1,2024-01-01,544022949,8095.0,939309620.0,29113524.0,2194129.0,471333078.0,1504.3094555973857,13.573959714297908,477.8896083410297,718893.8565591422,73.67047059574416,0.15628309757968828,0.05963706076942121,0.03581740180271997,0.15422187491793227,0.9488799381896758,0.24114002441423188,0.13748574837664118,0.05111135491494366
chandigarh,8096,13667061,16541090390.048546,660057,52271.0,2024,1,2024-Q1,2024-01-01,9276490,8095.0,13784981.0,639168.0,50833.0,9344696.0,1210.2887658179434,12.627594650953684,261.46545885864055,316448.7075060463,79.1916455700038,-0.008554237397933262,0.03268154851306693,0.028288710089902303,-0.007298899825098681,0.342171869314859,0.12257073710813327,0.10579648825893795,0.0006431608184917137
chhattisgarh,8096,366651062,463030150974.65735,9676480,518348.0,2024,1,2024-Q1,2024-01-01,209330663,8095.0,322561838.0,9160798.0,494172.0,183166600.0,1262.8632478218688,18.66792193661401,707.3453780085965,893280.4814037237,53.567826317007835,0.13668456341075297,0.0562922575085707,0.04892223760148284,0.1428429801066351,0.7078523488435455,0.20893694412242292,0.1681529207879513,0.017254301940759324
dadra & nagar haveli & daman & diu,8096,20353556,18765466590.83841,522738,20267.0,2024,1,2024-Q1,2024-01-01,13145056,8095.0,17850712.0,502992.0,18911.0,11546558.0,921.9748426682006,25.792569201164454,1004.2707850199832,925912.3990150692,38.770856528509505,0.14020975745953446,0.039257085599770924,0.0717042990851886,0.13843935136341057,0.7504011459297426,0.16192660856344565,0.18092296935089158,0.0009578218562262165
delhi,8096,648689028,833026878275.8525,16600851,1610556.0,2024,1,2024-Q1,2024-01-01,411667423,8095.0,595978737.0,16011335.0,1569273.0,373762989.0,1284.1698291771515,10.307527959288594,402.7733453540268,517229.3781003905,97.0164722278394,0.08844324088696465,0.03681866627611008,0.02630708614753452,0.10141302139468933,0.5888165701553063,0.1374294453054663,0.07327540535479504,0.030526780131812845
goa,8096,35146111,45445685425.66287,1039130,29320.0,2024,1,2024-Q1,2024-01-01,22126561,8095.0,33643920.0,1001527.0,28389.0,21043935.0,1293.0501877053446,35.44099590723056,1198.7077421555252,1549989.2709980516,28.21591138741062,0.04464970193722961,0.03754566776532231,0.032794392194159805,0.051445986694028445,0.43299803313017704,0.1482695786411008,0.14490999258073334,0.0016539475105555336
gujarat,8096,614098314,881020106441.8213,27405423,1734621.0,2024,1,2024-Q1,2024-01-01,369258483,8095.0,542379120.0,26346004.0,1672361.0,323807182.0,1434.6564489050547,15.799084065049367,354.02448949943533,507903.51693068474,63.29480847640994,0.1322307429533791,0.040211752795604294,0.03722880406802109,0.1403653270420666,0.6642140440202815,0.16363144214828407,0.09605359767371024,0.028898969154130608
haryana,8096,606097991,811854562422.356,17427671,1349876.0,2024,1,2024-Q1,2024-01-01,373122494,8095.0,555795275.0,16779114.0,1309518.0,339854772.0,1339.4774021324151,12.910571785852923,449.00271654581604,601428.9923091868,77.4559033160541,0.09050583598430206,0.038652636843637955,0.0308189730878079,0.09788805319467464,0.5848670291370597,0.15030221744937378,0.11989540045745706,0.02852248043509452
himachal pradesh,8096,40811785,48667221254.53458,2783894,120041.0,2024,1,2024-Q1,2024-01-01,24834607,8095.0,40615274.0,2677484.0,116857.0,25051506.0,1192.479604960542,23.19119300905524,339.9820478003349,405421.6580546195,43.11981706200021,0.0048383521923303086,0.039742534409169306,0.027246977074544043,-0.008658122190338569,0.42742484688556415,0.14997310844114042,0.13376716598349048,0.0019205695390331428
jammu & kashmir,8096,77789259,94972171992.32114,3840608,264241.0,2024,1,2024-Q1,2024-01-01,45932216,8095.0,73674593.0,3588585.0,250758.0,41933534.0,1220.8905601263168,14.534489348738463,294.3875439466245,359414.9734232051,68.8018667877586,0.05584918534941896,0.070229073576354,0.053768972475454424,0.09535761998976766,0.841672233483175,0.2820911869850957,0.25007569306462285,0.0036606995087169
jharkhand,8096,429954770,561811929005.2913,11202660,810224.0,2024,1,2024-Q1,2024-01-01,240172406,8095.0,379383888.0,10617881.0,786962.0,211872201.0,1306.6768139478747,13.826620786350441,530.661607160489,693403.2181289264,72.32425156168267,0.13329738979321126,0.05507492502505906,0.02955924174229496,0.13357205365511815,0.7695243391905153,0.21476117881495438,0.1057244313917085,0.020233323154672137
karnataka,8096,2786714019,3491284543661.434,41888288,2702444.0,2024,1,2024-Q1,2024-01-01,1769743226,8095.0,2550471370.0,40600790.0,2616609.0,1599837426.0,1252.8320164385816,15.500150234380435,1031.1828918564086,1291898.9417214321,64.51550371311427,0.09262705387671133,0.03171115635927291,0.03280390765299668,0.10620191604393692,0.5209048681443211,0.13908001158107486,0.10350318991509888,0.1311405041187987
kerala,8096,182097703,228424493895.0305,12400955,847785.0,2024,1,2024-Q1,2024-01-01,109820926,8095.0,181170722.0,11984795.0,817185.0,108215077.0,1254.4062343006626,14.627476305903029,214.79231526861173,269436.81935282,68.36449289591003,0.0051166159176647685,0.03472399819938521,0.03744562124855455,0.014839420203896392,0.2240647044596964,0.15253285371831904,0.1305880281971883,0.008569370379406442
ladakh,8096,3253441,6588273640.862362,180765,1091.0,2024,1,2024-Q1,2024-01-01,1611509,8095.0,3523487.0,173131.0,1038.0,1624260.0,2025.0170944739314,165.68744271310723,2982.0724106324474,6038747.608489791,6.035460404392444,-0.07664169046174996,0.04409377869936648,0.051059730250481605,-0.007850344156723699,0.7278654221490499,0.18428811027542658,0.21357063403781984,0.0001531042977326654
lakshadweep,8096,120325,194003286.42437223,12330,56.0,2024,1,2024-Q1,2024-01-01,65567,8095.0,96514.0,11676.0,36.0,46222.0,1612.3273336744003,220.17857142857142,2148.660714285714,3464344.400435218,4.5417680454176805,0.2467103218185962,0.05601233299075026,0.5555555555555556,0.4185236467483018,1.7648207720588234,0.210841598743003,0.6470588235294117,5.6623970204724665e-06
madhya pradesh,8096,1283443129,1626171196855.5493,30087710,2371698.0,2024,1,2024-Q1,2024-01-01,747491424,8095.0,1098779303.0,28703519.0,2279592.0,636732492.0,1267.0379856430313,12.68614722447799,541.1494756077714,685656.9415058533,78.8261386459787,0.1680627087676405,0.04822373869907737,0.04040459871766533,0.17394892422106834,0.7566045636484611,0.2044228460015982,0.13858409696671758,0.06039779388818167
maharashtra,8096,2831435504,3382002942775.5654,64700862,5039829.0,2024,1,2024-Q1,2024-01-01,1798938438,8095.0,2568566942.0,62581750.0,4866495.0,1627859322.0,1194.4481652496668,12.83790819093267,561.8118202026299,671055.0978566069,77.89430997070797,0.102340553287398,0.03386150115648734,0.035617831724886084,0.10509453346976616,0.5361440363990717,0.14064525742239886,0.11428952346587629,0.13324506097244593
manipur,8096,3974022,9381643367.636852,564185,10474.0,2024,1,2024-Q1,2024-01-01,1380355,8095.0,2203468.0,528770.0,7555.0,688632.0,2360.7426852787557,53.86528546877984,379.41779644834827,895707.7876300222,18.564832457438605,0.8035306162830593,0.06697619002590915,0.38636664460622105,1.0044886093007586,0.1568272369302388,0.1603754763897829,0.7752542372881357,0.00018701425582457539
meghalaya,8096,8252199,14955862694.89056,488538,8557.0,2024,1,2024-Q1,2024-01-01,3259975,8095.0,7120043.0,450369.0,7883.0,2726364.0,1812.3487684786273,57.09220521210705,964.3799228701648,1747792.7655592568,17.515525916100692,0.1590097138458293,0.08475050458623934,0.08550044399340351,0.19572258143079946,0.9781144603583627,0.3074364196424031,0.3735152487961477,0.00038834179954245476
mizoram,8096,1688924,3701436431.5462136,194379,6017.0,2024,1,2024-Q1,2024-01-01,577796,8095.0,1576249.0,179480.0,4699.0,511251.0,2191.594430268155,32.30496925378095,280.69203922220373,615163.1097799923,30.954989993775047,0.07148299538968783,0.08301203476710506,0.280485209619068,0.13016111459928692,0.5124620300320955,0.26830398214786744,2.372757847533632,7.947939518308282e-05
nagaland,8096,4412466,10241734675.10108,391270,7149.0,2024,1,2024-Q1,2024-01-01,1475125,8095.0,3953388.0,370492.0,5764.0,1196265.0,2321.0908990802604,54.730731570849066,617.2144355853966,1432610.8092182234,18.27127047818642,0.11612267756162553,0.05608218261123055,0.24028452463566974,0.23310888473707747,0.5568932885650291,0.20301560996307355,0.4631600491199346,0.0002076470752656228
odisha,8096,862406808,1157247753533.869,17002272,1106573.0,2024,1,2024-Q1,2024-01-01,472041275,8095.0,730012056.0,16349232.0,1079039.0,394216870.0,1341.8815143837187,15.36479924957504,779.3492232324483,1045794.3159049326,65.08383114915465,0.1813596788050853,0.039943160632866404,0.02551714998253085,0.19741520701536697,0.7964985315979798,0.16408199683768032,0.10392138084321467,0.04058416571829936
puducherry,8096,13519970,17400403122.85509,578039,41484.0,2024,1,2024-Q1,2024-01-01,8706366,8095.0,13074652.0,561059.0,40430.0,8377582.0,1287.0149211022724,13.934022755761257,325.9080609391573,419448.5373362041,71.76678390212425,0.03405964457027233,0.030264196813525768,0.026069750185505836,0.03924569165661396,0.32321845416227024,0.13101471393910935,0.08110080266861264,0.0006362388351953221
punjab,8096,143173269,224139049661.6971,10263130,770732.0,2024,1,2024-Q1,2024-01-01,81707832,8095.0,143440826.0,9790268.0,746968.0,81488251.0,1565.5090592483232,13.316081335665315,185.76271518504487,290813.2134927538,75.09716821281617,-0.0018652778812079385,0.04829918854111037,0.03181394651444247,0.0026946338558671012,0.4586619675397916,0.182327225507255,0.1307505307279373,0.006737618049423669
rajasthan,8096,1600558212,2352706512651.676,33414280,2513905.0,2024,1,2024-Q1,2024-01-01,910181233,8095.0,1350966019.0,32021284.0,2406772.0,760169113.0,1469.9287379943642,13.291783102384537,636.682059186803,935877.2557641104,75.23445066001722,0.18475090379012715,0.043502190605473556,0.04451314873199452,0.19734045679385548,0.7414431084112674,0.17833690850417883,0.1363396997581232,0.0753209727880452
sikkim,8096,5735877,9346992815.650896,304915,4068.0,2024,1,2024-Q1,2024-01-01,2665840,8095.0,4842501.0,292795.0,3496.0,2139471.0,1629.5664665840804,74.95452310717798,1409.9992625368732,2297687.5161383715,13.341423019530033,0.18448648745761753,0.04139414949025766,0.16361556064073235,0.24602763954267193,0.6862791963190347,0.16089547124555015,1.2217367558711087,0.00026992572478368214
tamil nadu,8096,643084591,917459762316.2546,31080814,1856637.0,2024,1,2024-Q1,2024-01-01,370440883,8095.0,597821132.0,30002865.0,1783632.0,336363862.0,1426.654868047141,16.740382745792527,346.3706642709372,494151.39433085447,59.735790703551075,0.07571404986734387,0.03592820219002424,0.04093052827040555,0.10130999447259281,0.3739807536214821,0.1611600492052967,0.12286563921811022,0.030263039866944983
telangana,8096,2170233621,3207009337042.48,28813177,1974451.0,2024,1,2024-Q1,2024-01-01,1318718383,8095.0,2006013823.0,27926155.0,1893687.0,1197673180.0,1477.7253960173903,14.59300686621243,1099.15800442756,1624253.6973784005,68.52597337669498,0.08186374197282897,0.031763126717587964,0.04264907558640885,0.10106697304518408,0.5233754070509637,0.12845337784717037,0.11679493111277273,0.10212943602143838
andaman & nicobar islands,8097,4795590,7495263210.120073,170651,3440.0,2024,2,2024-Q2,2024-04-01,2830230,8096.0,4328346.0,162750.0,3255.0,2483253.0,1562.9491282866286,49.6078488372093,1394.0668604651162,2178855.584337231,20.158100450627305,0.10794978035489766,0.0485468509984639,0.056835637480798784,0.13972680190057152,0.6316147971126522,0.2088161958462018,0.13531353135313529,0.0001995490543234481
andhra pradesh,8097,1920885662,3185673985146.1885,27773775,1563902.0,2024,2,2024-Q2,2024-04-01,1043588059,8096.0,1749727590.0,26931791.0,1500986.0,907194749.0,1658.4401915048436,17.75928095238704,1228.2647263063798,2037003.587914197,56.30858606725229,0.09781983948712836,0.031263572482052915,0.04191644692222307,0.1503462295723672,0.48326665166401006,0.12502469897628976,0.18645055324378768,0.07992987668161176
arunachal pradesh,8097,20110193,30367049709.01465,670071,18807.0,2024,2,2024-Q2,2024-04-01,9939346,8096.0,16868525.0,623413.0,16887.0,7729487.0,1510.0327336000528,35.62880842239591,1069.2929760195673,1614667.395598163,28.067174971010534,0.1921725817758222,0.07484284094171922,0.11369692662995212,0.2858998275047231,0.8420812882244229,0.28374207564846055,0.629158004158004,0.0008368042295967806
assam,8097,274589008,345236981886.75684,10259479,645880.0,2024,2,2024-Q2,2024-04-01,143706811,8096.0,222628994.0,9619049.0,611691.0,108690485.0,1257.2862417229637,15.884497120208088,425.1393571561281,534521.8645673451,62.95446386702483,0.2333928437012116,0.06657934687722245,0.05589259936798152,0.322165514304219,0.9669812152651132,0.2928965087123092,0.2964583651151773,0.01142590940301688
bihar,8097,1321734729,1878213500138.2024,32631512,2362109.0,2024,2,2024-Q2,2024-04-01,693433446,8096.0,1086107837.0,30849769.0,2272717.0,544022949.0,1421.021524916141,13.81456655895219,559.5570437266019,795142.6035539437,72.38735980116398,0.21694613000016494,0.05775547298263395,0.03933265778361328,0.27464006302425314,0.8921213437399649,0.24669570267131236,0.15985296767734192,0.05499863733939076
chandigarh,8097,16570280,18298504093.428207,682073,53545.0,2024,2,2024-Q2,2024-04-01,11519996,8096.0,13667061.0,660057.0,52271.0,9276490.0,1104.2966137825194,12.738313568026893,309.4645625175086,341740.6684737736,78.50332735645598,0.2124245293117517,0.033354695124814926,0.02437297928105453,0.2418485871272431,0.3805523699151312,0.1268718609569126,0.09667178699436763,0.000689505087773297
chhattisgarh,8097,412497773,495339525982.10114,10160209,542535.0,2024,2,2024-Q2,2024-04-01,241644172,8096.0,366651062.0,9676480.0,518348.0,209330663.0,1200.8295763141032,18.727287640428727,760.315505912061,913009.3468294232,53.39801572979454,0.12504180609737325,0.049990182380369674,0.04666170217691579,0.15436586564482435,0.6488822978010791,0.21306643873585318,0.18549830326258676,0.017164424088105604
dadra & nagar haveli & daman & diu,8097,22527545,19470526075.93761,542235,21337.0,2024,2,2024-Q2,2024-04-01,14877323,8096.0,20353556.0,522738.0,20267.0,13145056.0,864.2986209077648,25.412897783193515,1055.7972067300932,912524.0697350898,39.350097282543544,0.10681126187482914,0.037297843279042286,0.05279518428973207,0.13178087639946146,0.7145112855372708,0.16033254156769594,0.2225405374434195,0.0009373925421019982
delhi,8097,774314356,895745968493.4221,17177363,1648369.0,2024,2,2024-Q2,2024-04-01,509081017,8096.0,648689028.0,16600851.0,1610556.0,411667423.0,1156.824694715362,10.4208238567942,469.7457644495862,543413.5005532269,95.96170261989573,0.19366032502094366,0.034727858228472686,0.02347822739476313,0.2366317773947344,0.6135657457033565,0.13968476708180644,0.08542231452685067,0.03221995572783948
goa,8097,37182439,47519409391.04823,1078255,30281.0,2024,2,2024-Q2,2024-04-01,23876060,8096.0,35146111.0,1039130.0,29320.0,22126561.0,1278.0067867804,35.608302235725375,1227.913179881774,1569281.3774660095,28.083338356882184,0.05793892815054269,0.0376516893940122,0.032776261937244255,0.07906782260469658,0.38405791221226293,0.15234871786102833,0.1520258702682138,0.0015471965993525917
gujarat,8097,701921455,919028632147.8856,28470147,1790863.0,2024,2,2024-Q2,2024-04-01,441428904,8096.0,614098314.0,27405423.0,1734621.0,369258483.0,1309.304090367042,15.89744553324291,391.9459249535001,513176.4027443113,62.903187679361125,0.14301153251497123,0.03885085079693895,0.03242322098026018,0.19544688699812474,0.6498263965123223,0.1647976881237767,0.11474261854461121,0.02920761836491208
haryana,8097,740372930,909199344753.5066,18087186,1395864.0,2024,2,2024-Q2,2024-04-01,476635703,8096.0,606097991.0,17427671.0,1349876.0,373122494.0,1228.0288864066201,12.957699317412011,530.4047743906283,651352.3844396779,77.1741939293376,0.2215399836228793,0.03784297970738604,0.03406831442295433,0.27742419892808723,0.614991283712526,0.15310629437065892,0.1336377236025903,0.030807620757441822
himachal pradesh,8097,54506909,60644407062.34276,2904980,126235.0,2024,2,2024-Q2,2024-04-01,34599835,8096.0,40811785.0,2783894.0,120041.0,24834607.0,1112.600368924658,23.012476729908503,431.78919475581256,480408.81738299807,43.45468815620073,0.33556787579862046,0.04349519054964013,0.051599036995693126,0.3932104905062521,0.47452220106844134,0.16076159271172563,0.15113850867674006,0.0022680842492882507
jammu & kashmir,8097,112089466,130230163165.34396,4103216,276715.0,2024,2,2024-Q2,2024-04-01,68626394,8096.0,77789259.0,3840608.0,264241.0,45932216.0,1161.8412310514884,14.828310716802486,405.07188262291527,470629.21477095195,67.43856526197987,0.4409375721139084,0.06837667369333178,0.047206905817038125,0.49407975439286456,0.8977163434026607,0.2910519049171292,0.21393381852958337,0.004664149132832516
jharkhand,8097,502445409,621011595298.2496,11765547,838391.0,2024,2,2024-Q2,2024-04-01,290437854,8096.0,429954770.0,11202660.0,810224.0,240172406.0,1235.9782459436296,14.03348437662141,599.2972360151767,740718.3465689035,71.25814039925216,0.16860061582756725,0.05024583447145581,0.034764460198661196,0.20928902215352752,0.7177668271986202,0.21915704572139294,0.12475617052903276,0.02090723064630381
karnataka,8097,3029221824,3786672027453.246,43157465,2776153.0,2024,2,2024-Q2,2024-04-01,1944859250,8096.0,2786714019.0,41888288.0,2702444.0,1769743226.0,1250.0477837087067,15.545780437893733,1091.1580968340002,1363999.7606231524,64.32613685720419,0.08702285320508873,0.030299089807633184,0.02727494075732939,0.09894996145615975,0.4756675502621195,0.13442754543457314,0.11631874773310513,0.12604879698121618
kerala,8097,195529557,242690651335.9905,12860951,876516.0,2024,2,2024-Q2,2024-04-01,120226924,8096.0,182097703.0,12400955.0,847785.0,109820926.0,1241.1967533685483,14.672808026322395,223.0758560026286,276881.02822537237,68.15328042226426,0.07376179808264793,0.03709359480781926,0.03388948849059603,0.09475423654686721,0.23861822217726858,0.15496126047066494,0.1478536902855243,0.008136170563295181
ladakh,8097,5691939,10732962147.415825,190668,1640.0,2024,2,2024-Q2,2024-04-01,2943855,8096.0,3253441.0,180765.0,1091.0,1611509.0,1885.6425108237852,116.2609756097561,3470.694512195122,6544489.114277942,8.601338452178656,0.7495135150752696,0.05478383536635967,0.5032080659945004,0.8267691958282579,0.6760577356841582,0.1995017489116484,0.7787418655097613,0.00023684698748574267
lakshadweep,8097,161844,213925009.20390275,13251,121.0,2024,2,2024-Q2,2024-04-01,103328,8096.0,120325.0,12330.0,56.0,65567.0,1321.7975902962282,109.51239669421487,1337.5537190082644,1767975.2826768823,9.131386310467134,0.3450571369208395,0.07469586374695858,1.1607142857142856,0.5759147131941373,2.2012184267262693,0.251984126984127,2.5588235294117645,6.734482544989069e-06
madhya pradesh,8097,1432136665,1777347668076.4536,31399806,2466722.0,2024,2,2024-Q2,2024-04-01,859901226,8096.0,1283443129.0,30087710.0,2371698.0,747491424.0,1241.046131638878,12.729365530448911,580.5829213831149,720530.1886781135,78.5585108392071,0.11585518098948033,0.04360903505118863,0.040065809390571694,0.15038273134756386,0.6972817616236202,0.1987852031271995,0.1514303945598936,0.05959256674625787
maharashtra,8097,3056537192,3575026518542.912,66770730,5168187.0,2024,2,2024-Q2,2024-04-01,1975738521,8096.0,2831435504.0,64700862.0,5039829.0,1798938438.0,1169.6329192067335,12.919565410462122,591.4138153282767,691737.0672816042,77.40198437249376,0.07950090605348281,0.03199135121260044,0.025468721260185623,0.09828022975403239,0.48488589643087066,0.13823675433863425,0.12133401808606403,0.1271854153853952
manipur,8097,5268375,11040117731.12242,603425,12042.0,2024,2,2024-Q2,2024-04-01,2012748,8096.0,3974022.0,564185.0,10474.0,1380355.0,2095.545159773634,50.110031556219894,437.5,916801.0074009649,19.956084020383642,0.3257035315858845,0.06955165415599485,0.14970402902425062,0.4581379427755903,2.0989475034013645,0.21442558681052404,0.7584696261682242,0.00021922208718245216
meghalaya,8097,10990422,16079921304.581762,536952,9226.0,2024,2,2024-Q2,2024-04-01,5343544,8096.0,8252199.0,488538.0,8557.0,3259975.0,1463.0849756798932,58.19986993279861,1191.2445263386082,1742891.9688469286,17.18216898344731,0.3318173737691008,0.09909976296623801,0.0781816057029332,0.6391364964455248,1.153376851166815,0.360894976150528,0.39008588217568185,0.0004573218971420866
mizoram,8097,2072275,3870351855.01451,213479,7999.0,2024,2,2024-Q2,2024-04-01,854085,8096.0,1688924.0,194379.0,6017.0,577796.0,1867.6825493790689,26.688211026378298,259.0667583447931,483854.46368477435,37.46972770155378,0.22697942595403942,0.09826164349029476,0.3294000332391558,0.47817741901986177,0.6112271769867674,0.3285641383087301,2.1442610062893084,8.622933081187578e-05
nagaland,8097,5897170,11252050159.141838,423165,8484.0,2024,2,2024-Q2,2024-04-01,2514000,8096.0,4412466.0,391270.0,7149.0,1475125.0,1908.0423591556353,49.87800565770863,695.0931164545026,1326267.1097526918,20.048917089078728,0.3364794198980796,0.08151659979042614,0.18673940411246326,0.7042623506482502,0.9075673281985444,0.24813074602036944,0.7008821170809945,0.0002453868443058327
odisha,8097,941735991,1163541947521.4397,17662149,1142368.0,2024,2,2024-Q2,2024-04-01,533463941,8096.0,862406808.0,17002272.0,1106573.0,472041275.0,1235.528809179217,15.4609976820079,824.3718232653575,1018535.1371199471,64.67887911035062,0.0919858032938905,0.038811107127329825,0.032347617373639226,0.1301213882197061,0.742125407113293,0.16345556430346608,0.11846856373021275,0.03918652896231855
puducherry,8097,14610867,18221014500.6219,594818,42724.0,2024,2,2024-Q2,2024-04-01,9569219,8096.0,13519970.0,578039.0,41484.0,8706366.0,1247.0864665746324,13.922338732328434,341.98265611834097,426481.9422484294,71.82701263243547,0.08068782697003019,0.029027453164924832,0.029891042329572848,0.09910598750385646,0.30528314387154554,0.1282651456666104,0.09844453014526278,0.0006079720519676776
punjab,8097,172858419,244763570598.0551,10766796,798969.0,2024,2,2024-Q2,2024-04-01,103791454,8096.0,143173269.0,10263130.0,770732.0,81707832.0,1415.9771448450833,13.475862017174634,216.35184719307006,306349.27087040315,74.20675565878652,0.20733723695307948,0.04907528210204881,0.036636600011417775,0.2702754614759575,0.4524403119378948,0.19337469971099996,0.14061355683944998,0.007192802980091366
rajasthan,8097,1818703650,2493535347251.073,34754315,2630384.0,2024,2,2024-Q2,2024-04-01,1080979751,8096.0,1600558212.0,33414280.0,2513905.0,910181233.0,1371.0509390856907,13.212639295251188,691.4213476055207,947973.8879384429,75.68510557609896,0.1362933483858817,0.04010366226655182,0.04633389089882067,0.1876533066244841,0.6948242919066836,0.17836530200312817,0.16511680030332898,0.07567798611893496
sikkim,8097,7126004,11164052278.025002,319071,4805.0,2024,2,2024-Q2,2024-04-01,3596853,8096.0,5735877.0,304915.0,4068.0,2665840.0,1566.6637680844694,66.40395421436004,1483.0393340270552,2323423.9912643083,15.059344158510175,0.24235648707250879,0.04642605316235682,0.18117010816125867,0.3492381388230352,0.6058231450229201,0.16975231698732984,0.9037242472266245,0.00029651979408271107
tamil nadu,8097,707377354,987216265047.3884,32173286,1925501.0,2024,2,2024-Q2,2024-04-01,417547691,8096.0,643084591.0,31080814.0,1856637.0,370440883.0,1395.6006076035458,16.70904663253875,367.37314288592944,512706.18142882735,59.84781908817147,0.09997559248002563,0.03514940117076737,0.0370907183256608,0.12716417156364468,0.40307987955952806,0.15858042479944334,0.14392064860356202,0.029434643503828094
telangana,8097,2403883290,3461907722592.297,29668981,2034941.0,2024,2,2024-Q2,2024-04-01,1500188080,8096.0,2170233621.0,28813177.0,1974451.0,1318718383.0,1440.1313645273922,14.57977454874613,1181.303679074725,1701232.4792671124,68.58816620631494,0.10766106779432305,0.02970182704947799,0.030636364234919,0.1376106523874856,0.4621765685556014,0.12607202075687307,0.13161038108849055,0.1000278666907386
tripura,8097,13492767,18847582110.31529,910150,38797.0,2024,2,2024-Q2,2024-04-01,7412685,8096.0,11581499.0,858086.0,37140.0,5904516.0,1396.8656029052668,23.459288089285256,347.7786169033688,485799.9873782841,42.627039498983684,0.1650276876939678,0.060674571080288064,0.04461497038233708,0.25542635501368793,0.5839854927761476,0.24402182010035278,0.36029592230286456,0.0005614468490960711
uttar pradesh,8097,2144136082,2705836943014.7227,68189228,6248571.0,2024,2,2024-Q2,2024-04-01,1238837502,8096.0,1794266530.0,64960422.0,6019346.0,989186934.0,1261.9707143264811,10.912771576093158,343.1402287018904,433032.9195290768,91.63574927113122,0.19499307719907133,0.04970420296838585,0.03808137960502678,0.2523795648922309,0.7562735844627253,0.22664339921395005,0.15727286382006267,0.08921953868113895
uttarakhand,8097,159360860,180260957246.1923,5419938,417986.0,2024,2,2024-Q2,2024-04-01,101329050,8096.0,123880004.0,5206546.0,403865.0,76012656.0,1131.149500863589,12.96679314618193,381.25884599005707,431260.75334148103,77.12007037718881,0.2864131002126864,0.04098532885333195,0.03496465403043092,0.33305498494882224,0.5305599236476004,0.16536479022871298,0.1382999003273402,0.00663115673132428
west bengal,8097,988799648,1545997993108.2922,33696097,2941809.0,2024,2,2024-Q2,2024-04-01,499564293,8096.0,843082236.0,32233492.0,2845547.0,403108218.0,1563.5098538266188,11.454209637675321,336.11959444001974,525526.2979711777,87.30414682745007,0.17283890678488922,0.045375319558923266,0.03382899667445316,0.23928084492685775,0.7745813255869864,0.1969416197810232,0.15774127407034255,0.04114489242695025
tripura,8098,14575406,20044092205.04162,958718,40877.0,2024,3,2024-Q3,2024-07-01,7914763,8097.0,13492767.0,910150.0,38797.0,7412685.0,1375.1995796920935,23.453727034762824,356.5674095457103,490351.3517391594,42.637146689641796,0.08023847147141883,0.05336263253309892,0.05361239271077656,0.06773227244918667,0.5132994813602516,0.2480950862141913,0.2626100386100385,0.0005643353047723627
uttar pradesh,8098,2285132385,2715325163720.84,71327157,6485244.0,2024,3,2024-Q3,2024-07-01,1332554852,8097.0,2144136082.0,68189228.0,6248571.0,1238837502.0,1188.2572675196845,10.998376776571552,352.358737003573,418692.83001855284,90.9225079586447,0.06575902722950389,0.04601795755775395,0.03787634004638818,0.07564942928245322,0.6784752927134661,0.22087938964757425,0.1544892365063355,0.08847649807725226
uttarakhand,8098,159497485,173415603155.37198,5624430,430448.0,2024,3,2024-Q3,2024-07-01,100726911,8097.0,159360860.0,5419938.0,417986.0,101329050.0,1087.2623048280163,13.066456343158755,370.5383344794261,402872.3635732353,76.53184411575928,0.0008573309657089467,0.037729582884527435,0.02981439569746347,-0.005942412368417527,0.49363262332379243,0.16594401906496126,0.13468686240292715,0.006175475441843634
west bengal,8098,1091000362,1608053446947.104,35120561,3036684.0,2024,3,2024-Q3,2024-07-01,554209559,8097.0,988799648.0,33696097.0,2941809.0,499564293.0,1473.9256767974418,11.565431569435608,359.2735898763256,529542.5691139097,86.46456416228659,0.10335836405961185,0.042273857414406146,0.032250564193664566,0.10938585236315124,0.6989692713463007,0.19363498871638707,0.1477878688460148,0.04224170646059726
andaman & nicobar islands,8098,5294506,7666206641.658037,178309,3739.0,2024,3,2024-Q3,2024-07-01,3128743,8097.0,4795590.0,170651.0,3440.0,2830230.0,1447.9550389891026,47.68895426584648,1416.021930997593,2050336.0903070439,20.96921636036319,0.10403641679126041,0.04487521315433263,0.08691860465116275,0.1054730534267534,0.6073118108519913,0.20405021236942145,0.18962774419344575,0.0002049944033894564
andhra pradesh,8098,2086058265,3227507134129.8457,28578957,1619870.0,2024,3,2024-Q3,2024-07-01,1154960340,8097.0,1920885662.0,27773775.0,1563902.0,1043588059.0,1547.179763998512,17.642747257495973,1287.7936285010526,1992448.242223046,56.68051496770858,0.08598773277740257,0.02899072956413029,0.03578740867394514,0.10672053981407226,0.42136436009390277,0.12190328377530069,0.18603065915648886,0.0807686816238039
arunachal pradesh,8098,24519045,31440191935.077065,712965,20805.0,2024,3,2024-Q3,2024-07-01,12397130,8097.0,20110193.0,670071.0,18807.0,9939346.0,1282.2763665989871,34.26892573900505,1178.5169430425378,1511184.423699931,29.180955586880142,0.2192346935705689,0.06401411193739182,0.10623703940022322,0.24727824144566446,0.8536651986961543,0.2908105348345853,0.5401984009475866,0.0009493363500682092
assam,8098,297749691,333320132729.0125,10865707,683854.0,2024,3,2024-Q3,2024-07-01,159283968,8097.0,274589008.0,10259479.0,645880.0,143706811.0,1119.46424397469,15.888928046044915,435.39950194047265,487414.1742667477,62.93690783305679,0.0843467230123065,0.05908955025883866,0.05879420325757101,0.10839539818331922,0.7693904792003461,0.28566597601374344,0.26974230240058517,0.011528369269189608
bihar,8098,1354611186,1774925561306.6208,34194093,2458579.0,2024,3,2024-Q3,2024-07-01,710563604,8097.0,1321734729.0,32631512.0,2362109.0,693433446.0,1310.284146218929,13.90807169507264,550.9732190830557,721931.4739557366,71.90069349112433,0.02487371806056249,0.047885645017000655,0.040840621664791854,0.024703391650364726,0.8207313006747265,0.23988639953401236,0.16280551337029658,0.05244827598623062
chandigarh,8098,17830482,19398464952.299725,703169,54821.0,2024,3,2024-Q3,2024-07-01,12269851,8097.0,16570280.0,682073.0,53545.0,11519996.0,1087.9383379708818,12.826635778260156,325.24911986282626,353850.98689005536,77.96276570781704,0.07605194360022893,0.03092924071177139,0.02383042300868432,0.06509160246236201,0.3193454920966461,0.13001534715916852,0.09938834854106093,0.0006903663948508966
chhattisgarh,8098,443141845,495927695118.5524,10587536,566499.0,2024,3,2024-Q3,2024-07-01,260777393,8097.0,412497773.0,10160209.0,542535.0,241644172.0,1119.1172774905797,18.68941692747913,782.246473515399,875425.5437671602,53.50621712171746,0.07428906046481853,0.04205887890692006,0.044170422184743874,0.0791793190857506,0.5627203969131065,0.2077432189797841,0.18936934969830066,0.017157709922829053
dadra & nagar haveli & daman & diu,8098,24452181,20598707213.18743,560853,22497.0,2024,3,2024-Q3,2024-07-01,15976900,8097.0,22527545.0,542235.0,21337.0,14877323.0,842.40776776466,24.930124016535537,1086.9085211361514,915620.1810546932,40.112114939208666,0.08543478661345483,0.034335666270159715,0.054365655902891774,0.07390960053767737,0.6359947355775841,0.15754115920672174,0.24803062243426166,0.0009467474879934032
delhi,8098,844711512,960894810351.4744,17734636,1677600.0,2024,3,2024-Q3,2024-07-01,552938672,8097.0,774314356.0,17177363.0,1648369.0,509081017.0,1137.5419852825144,10.571432999523129,503.523791130186,572779.4529992098,94.594554971413,0.09091547309501258,0.03244229047264113,0.017733286660935654,0.0861506391624105,0.5514573090619805,0.14112238430045898,0.08577253531381968,0.03270581475186649
goa,8098,36966358,45991002795.0858,1117049,31250.0,2024,3,2024-Q3,2024-07-01,23713527,8097.0,37182439.0,1078255.0,30281.0,23876060.0,1244.1312935151957,35.745568,1182.923456,1471712.0894427455,27.97549615101934,-0.005811372406204995,0.03597850230233113,0.032000264192067585,-0.006807362688818874,0.3566296106738993,0.1551301765296531,0.14209487610554783,0.0014312754586907747
gujarat,8098,763687586,970256325961.4185,29515495,1845568.0,2024,3,2024-Q3,2024-07-01,473594132,8097.0,701921455.0,28470147.0,1790863.0,441428904.0,1270.48853974879,15.992634787772653,413.7954201633318,525722.3391180484,62.52878361010039,0.08799578722095047,0.036717337637912406,0.030546725238055572,0.07286615740051317,0.5726291030353297,0.16288043114462658,0.12591204361215635,0.029568704061909493
haryana,8098,797331124,927213659244.7268,18729218,1436920.0,2024,3,2024-Q3,2024-07-01,513982387,8097.0,740372930.0,18087186.0,1395864.0,476635703.0,1162.8966076140869,13.034280266124767,554.8890153940373,645278.5536040467,76.72076858734839,0.07693176194326834,0.03549651117647601,0.02941260753196584,0.07835477654094247,0.5882573556218222,0.15407373612866215,0.12895913914626456,0.03087132549632103
himachal pradesh,8098,50250250,56752036636.12981,3013084,130210.0,2024,3,2024-Q3,2024-07-01,31103167,8097.0,54506909.0,2904980.0,126235.0,34599835.0,1129.388145056588,23.140188925581754,385.91698026265266,435850.0624846771,43.21485892859276,-0.07809393484411309,0.037213337096985155,0.031488889769081485,-0.10106025072084879,0.4470850984323984,0.16580919721591014,0.1488441856361391,0.0019456055048234966
jammu & kashmir,8098,121217339,144846888446.57068,4334950,287841.0,2024,3,2024-Q3,2024-07-01,72576759,8097.0,112089466.0,4103216.0,276715.0,68626394.0,1194.9353915991398,15.060224221010905,421.12603485952314,503218.4033774573,66.40007381861382,0.08143381644801484,0.05647618843365798,0.0402074336411109,0.0575633480028106,0.7957640105111239,0.29152748199586953,0.1892143131592321,0.004693332312544832
jharkhand,8098,522434285,608392838021.0088,12330147,866641.0,2024,3,2024-Q3,2024-07-01,302180456,8097.0,502445409.0,11765547.0,838391.0,290437854.0,1164.5346706543364,14.227514045608274,602.8266433275139,702012.5265490656,70.28634776211508,0.039783179708583916,0.047987569128745244,0.03369549529992577,0.0404306871100899,0.6270007603923116,0.21893020526421303,0.13022538231005787,0.020227780375312112
karnataka,8098,3259303462,3911831838299.791,44350489,2853759.0,2024,3,2024-Q3,2024-07-01,2093950803,8097.0,3029221824.0,43157465.0,2776153.0,1944859250.0,1200.2048547818806,15.541077224811206,1142.1088683382163,1370764.608468967,64.34560394587757,0.07595404079592427,0.02764351427962697,0.02795451115266334,0.07665930220914441,0.38246160569550613,0.12531396167093511,0.11914048712997394,0.12619477032566961
kerala,8098,215505960,258924474745.4031,13360448,908337.0,2024,3,2024-Q3,2024-07-01,131732251,8097.0,195529557.0,12860951.0,876516.0,120226924.0,1201.4724546151908,14.708690717211784,237.25331017012408,285053.3169356782,67.98701660303607,0.10216564342750489,0.03883826320464179,0.03630395794258168,0.09569675923838816,0.25595692491105804,0.1582751607117916,0.15130056301538986,0.008344029772951822
ladakh,8098,6963228,12732979334.10912,199266,2060.0,2024,3,2024-Q3,2024-07-01,3592229,8097.0,5691939.0,190668.0,1640.0,2943855.0,1828.6029603093737,96.73106796116505,3380.2077669902915,6181057.929179184,10.337940240683308,0.223349020430472,0.045094090251117214,0.25609756097560976,0.22024658143828413,0.7127074649758733,0.20795092203052823,1.119341563786008,0.0002696045239205995
lakshadweep,8098,183660,214944305.4448673,14065,183.0,2024,3,2024-Q3,2024-07-01,119755,8097.0,161844.0,13251.0,121.0,103328.0,1170.33815444227,76.85792349726776,1003.6065573770492,1174559.0461468159,13.011020263064344,0.13479647067546519,0.06142932608859719,0.5123966942148761,0.15897917311861254,1.9771437834332954,0.2718148114657746,4.382352941176471,7.1110075475422185e-06
madhya pradesh,8098,1534489500,1759428066717.689,32634553,2568230.0,2024,3,2024-Q3,2024-07-01,926585300,8097.0,1432136665.0,31399806.0,2466722.0,859901226.0,1146.5885343090904,12.707021178009757,597.4891267526663,685074.1821089579,78.69665014256515,0.0714686227239354,0.039323395819706564,0.041150968775565344,0.07754852764915121,0.5744253306681597,0.18618633561503928,0.16167555787548205,0.05941286298662902
maharashtra,8098,3286087251,3690379263272.149,69582864,5298716.0,2024,3,2024-Q3,2024-07-01,2100939879,8097.0,3056537192.0,66770730.0,5168187.0,1975738521.0,1123.0314295973478,13.132023682718605,620.1667066134513,696466.7031167832,76.14972559910727,0.07510134658292755,0.04211626861051232,0.025256245565417723,0.06336939664294783,0.4357572067741431,0.14789364000551197,0.11911375126379609,0.12723179376970087
manipur,8098,5806055,11771760861.08208,644220,14222.0,2024,3,2024-Q3,2024-07-01,2087985,8097.0,5268375.0,603425.0,12042.0,2012748.0,2027.4973042938934,45.29742652228941,408.2446210097033,827714.8685896555,22.076309335320232,0.10205803497283328,0.0676057505075196,0.18103305098820788,0.03738023836068893,5.417395331460966,0.27087648695034616,1.0725735937044591,0.00022480072376372228
meghalaya,8098,12096435,16187154478.952517,582628,10529.0,2024,3,2024-Q3,2024-07-01,5773240,8097.0,10990422.0,536952.0,9226.0,5343544.0,1338.175626037962,55.335549434894105,1148.8683635672903,1537387.641651868,18.071565389922903,0.10063426135957299,0.0850653317242509,0.14123130283980045,0.08041404730643187,1.0407051718948859,0.38916427639845597,0.4403556771545827,0.0004683537002251653
mizoram,8098,2395117,3942297215.9296303,246580,11489.0,2024,3,2024-Q3,2024-07-01,1032373,8097.0,2072275.0,213479.0,7999.0,854085.0,1645.9727086107403,21.462268256593262,208.470449995648,343136.67124463664,46.59339768026604,0.155791099154311,0.15505506396413704,0.43630453806725833,0.20874737291955725,0.7467000285875975,0.4586562237497487,2.2732193732193733,9.273491813267274e-05
nagaland,8098,7127882,12302746336.824575,456203,9915.0,2024,3,2024-Q3,2024-07-01,3141143,8097.0,5897170.0,423165.0,8484.0,2514000.0,1726.0030871477074,46.011396873424104,718.8988401412003,1240821.6174306178,21.733745722847065,0.2086953572645862,0.07807356468517002,0.1686704384724187,0.2494602227525855,0.9901223744496221,0.2891533240269246,0.9622006728676034,0.00027597965098546403
odisha,8098,1022988856,1175753144610.859,18360257,1175562.0,2024,3,2024-Q3,2024-07-01,583139376,8097.0,941735991.0,17662149.0,1142368.0,533463941.0,1149.3313321204537,15.618280447989983,870.2125927854082,1000162.598494047,64.02753512655079,0.08627987650097158,0.039525654550870426,0.02905718647581157,0.09311863686021837,0.6477100966852187,0.16402654222323543,0.1178252100744448,0.03960841487568104
puducherry,8098,15821171,19306627903.40757,612094,44051.0,2024,3,2024-Q3,2024-07-01,10358162,8097.0,14610867.0,594818.0,42724.0,9569219.0,1220.3033456504306,13.895121563642142,359.1557739892397,438278.9926087392,71.96770430685483,0.08283587825417893,0.029044178219219896,0.03105982585900202,0.08244591329762652,0.2692772049471832,0.12498667499862148,0.11113633497288444,0.0006125692387670482
punjab,8098,188314209,257089702260.87024,11264065,827225.0,2024,3,2024-Q3,2024-07-01,112671341,8097.0,172858419.0,10766796.0,798969.0,103791454.0,1365.2166962126062,13.616688325425368,227.6456937350781,310785.70190803014,73.43929567167802,0.08941300105261285,0.046185420435197244,0.035365577387858504,0.0855550881867404,0.4174863015893904,0.1987896593920222,0.14324865183104984,0.007291210723665702
rajasthan,8098,1932844563,2470834793957.131,35974844,2738128.0,2024,3,2024-Q3,2024-07-01,1159471272,8097.0,1818703650.0,34754315.0,2630384.0,1080979751.0,1278.3411771726264,13.138481473473847,705.9000028486615,902381.0406077184,76.11229669265556,0.06275948970575818,0.035118775898762555,0.040961319716056765,0.07261146282100883,0.5624698011553795,0.16830819957810816,0.17773049297631438,0.07483650373363249
sikkim,8098,7837835,10648114552.763342,333732,6355.0,2024,3,2024-Q3,2024-07-01,4040039,8097.0,7126004.0,319071.0,4805.0,3596853.0,1358.5530382769402,52.514870180959875,1233.3335955940204,1675549.1035032796,19.042225498304028,0.09989202924949248,0.045949020750867264,0.32258064516129026,0.12321493260914473,0.6534955247300671,0.18060414816806336,0.964451313755796,0.0003034678418893094
tamil nadu,8098,781508176,1053834607664.4268,33289377,1991578.0,2024,3,2024-Q3,2024-07-01,458580459,8097.0,707377354.0,32173286.0,1925501.0,417547691.0,1348.462677714106,16.71507568370408,392.4065118212794,529145.5356829744,59.826232254211305,0.10479671363638254,0.03468999094466141,0.034316783008681906,0.09827085356819754,0.3987586019308651,0.15220461294043797,0.15038059557517935,0.03025868745509067
telangana,8098,2607828990,3549548031458.4165,30496407,2090746.0,2024,3,2024-Q3,2024-07-01,1637882726,8097.0,2403883290.0,29668981.0,2034941.0,1500188080.0,1361.1122681239985,14.586375867752468,1247.3198513831906,1697742.3519922632,68.5571254344815,0.08484010053582924,0.02788858842169195,0.027423399499051815,0.09178492206123923,0.40065837290659934,0.12315588301391567,0.13348563968668414,0.10097077006745835
andaman & nicobar islands,8099,6079801,8934732725.344223,184669,4041.0,2024,4,2024-Q4,2024-10-01,3637868,8098.0,5294506.0,178309.0,3739.0,3128743.0,1469.5765083995714,45.69883692155407,1504.528829497649,2211020.224039649,21.882394987788963,0.14832261971182947,0.03566841830754486,0.08077025942765448,0.1627250943909424,0.5504898611730604,0.18781115327715958,0.26084243369734783,0.00021541287141511572
andhra pradesh,8099,2292770050,3454536571052.4014,29497544,1683203.0,2024,4,2024-Q4,2024-10-01,1284541504,8098.0,2086058265.0,28578957.0,1619870.0,1154960340.0,1506.7086954718382,17.524650324411258,1362.1470791104816,2052358.8486073287,57.062479506768426,0.09909204765189039,0.03214207572375716,0.03909758190472079,0.11219533650826485,0.4435391406691902,0.1275405795505975,0.18154830847677972,0.08123492528210684
arunachal pradesh,8099,26790106,34929686801.95984,743265,22873.0,2024,4,2024-Q4,2024-10-01,13968413,8098.0,24519045.0,712965.0,20805.0,12397130.0,1303.8278684660613,32.495300135530975,1171.254579635378,1527114.3619971075,30.773680988611062,0.09262436607951074,0.04249857987418748,0.09939918288872862,0.12674570646593208,0.7760183840709747,0.2713643050186445,0.5077785102175345,0.0009491977877195849
assam,8099,333086043,382282177286.4366,11341543,725330.0,2024,4,2024-Q4,2024-10-01,178000773,8098.0,297749691.0,10865707.0,683854.0,159283968.0,1147.6979757042434,15.63639033267616,459.2200005514731,527045.8650358273,63.95337918306178,0.11867804759535416,0.04379245639515217,0.06065037274038021,0.11750589362515118,0.7138277773975688,0.2585866042238145,0.26339459896326844,0.01180154102920946
bihar,8099,1559808519,2092918508999.367,35663071,2553973.0,2024,4,2024-Q4,2024-10-01,820470734,8098.0,1354611186.0,34194093.0,2458579.0,710563604.0,1341.779124492246,13.963761950498302,610.7380614438758,819475.5813782554,71.61393924824927,0.15148061312406735,0.04295999311927945,0.038800461567433775,0.15467599153868283,0.6605903801985973,0.22496579252995952,0.1640031192331901,0.05526543252576015
chandigarh,8099,18645893,20631840726.069115,721374,56177.0,2024,4,2024-Q4,2024-10-01,12890043,8098.0,17830482.0,703169.0,54821.0,12269851.0,1106.5085874980143,12.841091549922567,331.91329191662066,367264.9078104761,77.87499965343913,0.04573129318657787,0.0258899354209301,0.02473504678863936,0.05054600907541573,0.35262377220541685,0.12861407329528385,0.10512855822005385,0.0006606409241402812
chhattisgarh,8099,500033921,575372077008.4672,10962228,593346.0,2024,4,2024-Q4,2024-10-01,296276945,8098.0,443141845.0,10587536.0,566499.0,260777393.0,1150.6660905280207,18.475270752646853,842.7358084490331,969707.5180560199,54.126405690522034,0.12838344345477015,0.03538991508505851,0.04739108100808642,0.1361297142808695,0.5501955349101155,0.19664553240885785,0.2006872101211723,0.017716655977320497
dadra & nagar haveli & daman & diu,8099,27354023,22905248328.83792,579259,23494.0,2024,4,2024-Q4,2024-10-01,18263646,8098.0,24452181.0,560853.0,22497.0,15976900.0,837.3630573037802,24.655614199370053,1164.298246360773,974940.3391860867,40.558713805050935,0.11867415835012829,0.03281786849673618,0.04431702004711746,0.14312826643466514,0.5323771399146431,0.1516266660304737,0.24234572471048588,0.0009691778792077434
delhi,8099,910091437,1058824541586.6792,18256126,1707724.0,2024,4,2024-Q4,2024-10-01,597843647,8098.0,844711512.0,17734636.0,1677600.0,552938672.0,1163.4265509375177,10.690325837196175,532.9265367237329,620020.8825235689,93.54251827578315,0.07739911682415901,0.02940517076301985,0.017956604673342813,0.08121149283622553,0.5270535347975007,0.14020011448139713,0.08822620410852666,0.032245366204334464
goa,8099,46318894,56637741193.07748,1151724,32281.0,2024,4,2024-Q4,2024-10-01,30230530,8098.0,36966358.0,1117049.0,31250.0,23713527.0,1222.7783589365815,35.678076887333106,1434.8655246120009,1754522.5114797396,28.028416530349286,0.25300128295029767,0.031041610529171093,0.03299199999999991,0.27482217217202654,0.3767389174626501,0.1499679988657321,0.13709535383423166,0.0016411204836001005
gujarat,8099,831355510,1082230469473.0232,30455926,1897442.0,2024,4,2024-Q4,2024-10-01,522588190,8098.0,763687586.0,29515495.0,1845568.0,473594132.0,1301.7661595495088,16.05104451150549,438.14541366745334,570362.8724741116,62.3012414726776,0.0886068141482137,0.03186228115096834,0.028107336061310217,0.10345157317109654,0.5327940905984729,0.15599792666849965,0.13458876402881903,0.02945568079874291
haryana,8099,844101306,1035939449839.3926,19313789,1480933.0,2024,4,2024-Q4,2024-10-01,546237947,8098.0,797331124.0,18729218.0,1436920.0,513982387.0,1227.2690996634858,13.041635914656503,569.9794021741699,699518.1077330254,76.67749709805777,0.05865841755350809,0.03121171423174207,0.030630097708988613,0.06275615821831648,0.5187270276811906,0.15106131348770857,0.1308993079896572,0.029907275927404407
himachal pradesh,8099,54095801,63783710820.24858,3099424,133259.0,2024,4,2024-Q4,2024-10-01,33892927,8098.0,50250250.0,3013084.0,130210.0,31103167.0,1179.0880186846402,23.25864669553276,405.944821738119,478644.67555848823,42.99476289788038,0.07652799737314742,0.028655025880460094,0.023416020274940497,0.08969376012417007,0.3319078187186426,0.15758824329108978,0.14035958479166855,0.0019166633619933757
jammu & kashmir,8099,127341972,160964790491.79785,4516651,298282.0,2024,4,2024-Q4,2024-10-01,77050079,8098.0,121217339.0,4334950.0,287841.0,72576759.0,1264.0356354132623,15.142217767079476,426.91805740876083,539639.6379660786,66.04052427340523,0.050526047267874796,0.04191536234558635,0.0362734982160291,0.061635709029112196,0.7284380790539284,0.2586161397876878,0.1895213712025139,0.004511841726428754
jharkhand,8099,586522767,702617568253.4089,12847879,894994.0,2024,4,2024-Q4,2024-10-01,339852753,8098.0,522434285.0,12330147.0,866641.0,302180456.0,1197.9374165596694,14.35526830347466,655.337093879959,785052.8252182796,69.66083662525153,0.12267281041863476,0.04198911821570328,0.032715968896001923,0.12466821150074647,0.5459875486330616,0.21002288498053434,0.13727727641233,0.020781034344678203
karnataka,8099,3457573836,4158667439552.8296,45668243,2925825.0,2024,4,2024-Q4,2024-10-01,2233293582,8098.0,3259303462.0,44350489.0,2853759.0,2093950803.0,1202.770392421731,15.608672083942135,1181.7432129399401,1421365.7479694888,64.06694910509258,0.060832130641292226,0.029712276678617977,0.025253008400499155,0.06654539294827932,0.3556607130234126,0.12481168469874593,0.11817432409656936,0.12250498135424767
kerala,8099,233271669,274488300829.11725,13798127,940307.0,2024,4,2024-Q4,2024-10-01,143632641,8098.0,215505960.0,13360448.0,908337.0,131732251.0,1176.6894025571414,14.674066023117982,248.08032802052946,291913.4929646565,68.14743769208675,0.08243720498495732,0.0327593056759774,0.03519618819887338,0.0903377108465262,0.2875792866796656,0.15130271314611554,0.15066600586158585,0.00826502710188811
ladakh,8099,5732422,10928747032.72503,206450,2363.0,2024,4,2024-Q4,2024-10-01,3075686,8098.0,6963228.0,199266.0,2060.0,3592229.0,1906.4798496560495,87.3677528565383,2425.9085907744393,4624945.845418972,11.445870670864617,-0.17675796340432914,0.03605231198498493,0.1470873786407767,-0.1437945632085259,0.6269173123102199,0.19244964795443908,1.2764932562620426,0.00020310491793780429
lakshadweep,8099,228820,279685503.6960153,14725,226.0,2024,4,2024-Q4,2024-10-01,151047,8098.0,183660.0,14065.0,183.0,119755.0,1222.2948330391368,65.15486725663717,1012.4778761061947,1237546.476531041,15.348047538200339,0.24588914298159636,0.046924991112690995,0.23497267759562845,0.26130015448206745,1.3708477526576455,0.26113394998287087,5.277777777777778,8.107300425985452e-06
madhya pradesh,8099,1681877662,2001212724870.6377,33718050,2674535.0,2024,4,2024-Q4,2024-10-01,1024836894,8098.0,1534489500.0,32634553.0,2568230.0,926585300.0,1189.868187256201,12.607070014039824,628.848626770635,748246.9755941267,79.32057162261756,0.09605029034085932,0.033200914380534075,0.041392320781238334,0.10603621058957002,0.5306783240346491,0.1747009138496225,0.17325161695601676,0.05959045313166688
maharashtra,8099,3634900999,4152526918695.738,72020866,5428259.0,2024,4,2024-Q4,2024-10-01,2354931274,8098.0,3286087251.0,69582864.0,5298716.0,2100939879.0,1142.404406567921,13.267765226382897,669.6255648450083,764983.1960294705,75.37064327996278,0.10614865685439456,0.035037390815071845,0.02444799834525946,0.12089417576332284,0.4151474659133101,0.15082857222752644,0.11543503075622197,0.1287878437969043
manipur,8099,5798310,12139401338.364204,668293,16334.0,2024,4,2024-Q4,2024-10-01,2123143,8098.0,5806055.0,644220.0,14222.0,2087985.0,2093.610265467732,40.91422799069426,354.9840822823558,743198.3187439821,24.441375265040932,-0.0013339522274591342,0.037367669429697825,0.14850232034875543,0.016838243569757383,1.6314473366529487,0.26386330540688774,1.1620119126406352,0.00020543938962064377
meghalaya,8099,13993116,19537014744.836548,611334,11765.0,2024,4,2024-Q4,2024-10-01,6601880,8098.0,12096435.0,582628.0,10529.0,5773240.0,1396.1875785805355,51.96209094772631,1189.3851253718658,1660604.7381926517,19.24479907873601,0.15679669257925988,0.04926986001359368,0.1173900655332889,0.14353118872591475,0.9653134117308,0.35740692632041715,0.49245211214004825,0.0004957888091410884
mizoram,8099,2686856,4470132241.848989,258269,13962.0,2024,4,2024-Q4,2024-10-01,1194828,8098.0,2395117.0,246580.0,11489.0,1032373.0,1663.703690055957,18.497994556653776,192.44062455235638,320164.1771844283,54.05991427542601,0.12180574059638838,0.04740449347067899,0.2152493689616155,0.15736076011286615,0.7045885516818726,0.43898484510809,1.9712704830815069,9.51977484195506e-05
nagaland,8099,7952281,13952768833.676888,475258,11424.0,2024,4,2024-Q4,2024-10-01,3534185,8098.0,7127882.0,456203.0,9915.0,3141143.0,1754.561846302575,41.60171568627451,696.1030287114846,1221355.8152728367,24.037470174094913,0.11565834002302511,0.041768686308507386,0.15219364599092278,0.12512706361983517,1.0115103804635415,0.2827753365794674,0.9819569743233865,0.0002817565384968797
odisha,8099,1141695660,1304112411134.0796,19085969,1212893.0,2024,4,2024-Q4,2024-10-01,653769361,8098.0,1022988856.0,18360257.0,1175562.0,583139376.0,1142.2592349471483,15.735904980901037,941.2995705309537,1075208.1272907665,63.54893482222464,0.11603919564105203,0.039526244104317376,0.03175587506231059,0.12112024656006071,0.5639408289443373,0.16739238882902874,0.12404926976689445,0.04045131417998314
puducherry,8099,16376815,19752651111.941074,629389,45073.0,2024,4,2024-Q4,2024-10-01,10781586,8098.0,15821171.0,612094.0,44051.0,10358162.0,1206.1350825506104,13.963769884409736,363.3398043174406,438236.8848743388,71.61389855876095,0.03512028281598112,0.02825546403003454,0.023200381376132118,0.040878294817169314,0.2525622096863458,0.12178754819011894,0.11484046500123668,0.0005802454297080017
punjab,8099,200012060,289869668332.55743,11622811,854323.0,2024,4,2024-Q4,2024-10-01,119043043,8098.0,188314209.0,11264065.0,827225.0,112671341.0,1449.2609512274282,13.604703373314308,234.11761125475962,339297.5119861662,73.50399141825501,0.062118791046723354,0.03184871536163891,0.03275771404394212,0.05655122184087613,0.39438725764169824,0.1871800649379567,0.14372101616133492,0.007086608946946193
rajasthan,8099,2040641000,2791321648381.928,37075516,2840940.0,2024,4,2024-Q4,2024-10-01,1233463293,8098.0,1932844563.0,35974844.0,2738128.0,1159471272.0,1367.86512099969,13.050439643216682,718.2978169197519,982534.5302547496,76.62577103444764,0.05577087731911945,0.030595601748822032,0.037548281161435826,0.06381531201921842,0.5105050543836069,0.15783976682509038,0.1803943206917813,0.07230176404415427
sikkim,8099,9021976,12713819912.906326,345323,7123.0,2024,4,2024-Q4,2024-10-01,4792790,8098.0,7837835.0,333732.0,6355.0,4040039.0,1409.2056898517937,48.4799943843886,1266.597781833497,1784896.800913425,20.627065095577183,0.15108011332211002,0.03473146117243786,0.12084972462627852,0.18632270629070669,0.8630819074688885,0.1794019706620673,1.0374713958810067,0.00031965680389839406
tamil nadu,8099,822940769,1091410271995.0776,34331442,2054574.0,2024,4,2024-Q4,2024-10-01,488070607,8098.0,781508176.0,33289377.0,1991578.0,458580459.0,1326.2318663848791,16.709761731629037,400.5408269548821,531210.0084957163,59.845257883429426,0.05301619902694399,0.031303229255386755,0.03163119897890021,0.06430746758007855,0.3765668775321913,0.14427212201234774,0.15190465297774436,0.02915753888241629
telangana,8099,2824258573,3859512144223.8022,31420121,2147214.0,2024,4,2024-Q4,2024-10-01,1785244498,8098.0,2607828990.0,30496407.0,2090746.0,1637882726.0,1366.5576449411744,14.632971375931788,1315.313039594563,1797451.089748764,68.33882021014496,0.08299224520853254,0.03028927309371232,0.027008541448841683,0.08997089331290753,0.4078958682230376,0.12511446706501483,0.13388009739729956,0.1000660463769599
tripura,8099,16034582,22499864071.518784,995320,43371.0,2024,4,2024-Q4,2024-10-01,8800063,8098.0,14575406.0,958718.0,40877.0,7914763.0,1403.2086443861638,22.94897512162505,369.70745428973277,518776.69575335557,43.57493067556163,0.10011220270639454,0.038178066960253165,0.061012305208307804,0.11185426525089892,0.49749290645221,0.23018129143574706,0.22413209144792545,0.0005681198036845498
uttar pradesh,8099,2542936824,3210878904579.125,74136023,6724830.0,2024,4,2024-Q4,2024-10-01,1489948667,8098.0,2285132385.0,71327157.0,6485244.0,1332554852.0,1262.6656212121159,11.024222619753957,378.141428705261,477466.1819821654,90.70934382331245,0.11281816348683882,0.03938003585366512,0.036943251479820916,0.11811432359708962,0.6122439896059071,0.20515005768417027,0.1553682255913058,0.09009856129914035
uttarakhand,8099,171212380,194796895719.51297,5801849,441710.0,2024,4,2024-Q4,2024-10-01,108904701,8098.0,159497485.0,5624430.0,430448.0,100726911.0,1137.750060594409,13.134973172443459,387.61264177854247,441006.30667069566,76.13262599560933,0.07344877569699615,0.031544352049896585,0.02616343902167051,0.0811877374061436,0.4374595009118645,0.16049652622066324,0.12864238918244908,0.006066210127209086
west bengal,8099,1230402184,1810747542010.678,36468735,3131480.0,2024,4,2024-Q4,2024-10-01,636340603,8098.0,1091000362.0,35120561.0,3036684.0,554209559.0,1471.6712677833461,11.645846372961028,392.91395250807926,578240.1746173304,85.86752460703669,0.12777431324078692,0.038387029182136434,0.0312169458527789,0.14819492494534914,0.6453882561710218,0.18534902637767714,0.14239435566394465,0.043594266893089026
tripura,8100,18622077,25016887005.83237,1032353,45840.0,2025,1,2025-Q1,2025-01-01,10267509,8099.0,16034582.0,995320.0,43371.0,8800063.0,1343.3993966318778,22.52078970331588,406.2407722513089,545743.6083296766,44.40341627330962,0.16136965715726181,0.037207129365430136,0.05692743999446637,0.16675403346544226,0.6079159528485907,0.20308803546497667,0.23424878836833596,0.000631079349117231
uttar pradesh,8100,2618333992,3288600991414.496,77043398,6931337.0,2025,1,2025-Q1,2025-01-01,1524087525,8099.0,2542936824.0,74136023.0,6724830.0,1489948667.0,1255.9898780913418,11.1152289955026,377.7530932343933,474454.0615200929,89.96665749348179,0.029649642605513726,0.039216765107564555,0.030708136859965318,0.02291277461842922,0.45927817758490996,0.1860051955943267,0.15150998131690718,0.08873212754102999
uttarakhand,8100,175355250,193302070369.7801,5979871,450722.0,2025,1,2025-Q1,2025-01-01,111485158,8099.0,171212380.0,5801849.0,441710.0,108904701.0,1102.345497895159,13.267315551492938,389.0541176157365,428872.05499128083,75.37319784992017,0.024197257231048264,0.030683666534582432,0.020402526544565536,0.02369463371466396,0.4155250592339341,0.14852937052702497,0.11602144280885929,0.005942574345186594
west bengal,8100,1304050364,1913847338922.7925,37781664,3221457.0,2025,1,2025-Q1,2025-01-01,677544402,8099.0,1230402184.0,36468735.0,3131480.0,636340603.0,1467.6176563091642,11.72812922848264,404.80141873692554,594093.7094373113,85.26509049469075,0.05985699713289838,0.03600149552760734,0.028733059128591032,0.06475117068712333,0.5467653193442448,0.17212444745359878,0.13210465334081634,0.044192667387703756
andaman & nicobar islands,8100,6332082,9162142602.949232,190713,4344.0,2025,1,2025-Q1,2025-01-01,3813109,8099.0,6079801.0,184669.0,4041.0,3637868.0,1446.93998008068,43.902624309392266,1457.6616022099447,2109148.8496660297,22.777681647292003,0.04149494366674178,0.03272882833610402,0.07498144023756503,0.04817134651394728,0.46293341613632544,0.17181566820276495,0.33456221198156677,0.00021458649253340185
andhra pradesh,8100,2422886250,3666795723272.4346,30313656,1740695.0,2025,1,2025-Q1,2025-01-01,1349213113,8099.0,2292770050.0,29497544.0,1683203.0,1284541504.0,1513.3998648398926,17.414685513544878,1391.9073990561242,2106512.469601185,57.422799810092194,0.05675065408325608,0.02766711696404278,0.03415630794384272,0.05034606417824228,0.38472197835092725,0.12557148538691698,0.1597010231940872,0.08210864328587454
arunachal pradesh,8100,28407442,36223848602.66401,772957,24793.0,2025,1,2025-Q1,2025-01-01,15250004,8099.0,26790106.0,743265.0,22873.0,13968413.0,1275.1534827621583,31.1764207639253,1145.7847779615213,1461051.4501135002,32.075522959233176,0.0603706457899047,0.039948066974766716,0.08394176540025367,0.09174922018700338,0.6840501466488622,0.2398795020315585,0.46817078225854214,0.0009626933669883059
assam,8100,381449165,449262511160.8013,11808496,761966.0,2025,1,2025-Q1,2025-01-01,202129241,8099.0,333086043.0,11341543.0,725330.0,178000773.0,1177.7782005652084,15.497405396041293,500.6117923896867,589609.6560224489,64.52693044059124,0.1451970835055374,0.04117191108828844,0.05050942329698205,0.13555260234740674,0.7133849376330561,0.22761574455021494,0.24567142560541178,0.012926844345531987
bihar,8100,1530666231,2084046921423.7925,37257833,2640021.0,2025,1,2025-Q1,2025-01-01,800286778,8099.0,1559808519.0,35663071.0,2553973.0,820470734.0,1361.5292996058738,14.112703270163381,579.7932027813415,789405.4332991262,70.85814679560134,-0.018683247106948242,0.04471746137622312,0.03369182054782871,-0.024600458204765197,0.409313310203101,0.20771837870163634,0.161614490497497,0.05187240117067528
chandigarh,8100,19931215,21239542165.21637,739749,57875.0,2025,1,2025-Q1,2025-01-01,13786138,8099.0,18645893.0,721374.0,56177.0,12890043.0,1065.6421179148572,12.781840172786177,344.38384449244063,366989.9294205852,78.23599626359751,0.06893324980466198,0.025472223839506203,0.030225893159122164,0.06951838717683101,0.45833950693569014,0.1207350274294492,0.1072104991295364,0.0006754444302488703
chhattisgarh,8100,498714795,585636844581.983,11341270,617762.0,2025,1,2025-Q1,2025-01-01,292745236,8099.0,500033921.0,10962228.0,593346.0,296276945.0,1174.2921013241307,18.358639735043592,807.2927680886814,947997.5210226318,54.47026655744904,-0.0026380730278496856,0.034577095094172394,0.04114968332136737,-0.011920296397007868,0.360189146267903,0.1720449998346507,0.19179007153495342,0.01690083271719547
dadra & nagar haveli & daman & diu,8100,27107809,22346971352.21596,597015,24269.0,2025,1,2025-Q1,2025-01-01,18323342,8099.0,27354023.0,579259.0,23494.0,18263646.0,824.3739415537406,24.599901108409906,1116.9726399934073,920803.1378390524,40.65056991867876,-0.009001016047986754,0.03065295489582387,0.03298714565420968,0.003268569703990032,0.3318463368268425,0.14209221445542508,0.19746385750234374,0.000918650398648562
delhi,8100,946994561,1075695710049.5652,18767127,1736526.0,2025,1,2025-Q1,2025-01-01,618162326,8099.0,910091437.0,18256126.0,1707724.0,597843647.0,1135.9048450221935,10.807282470864243,545.3385443120345,619452.6946613902,92.53019921482921,0.040548809163226895,0.027990659135459506,0.016865723032527535,0.03398661021482763,0.4598590697914502,0.13049186454357065,0.07821522505271461,0.03209248416132303
goa,8100,49193973,58807211950.65007,1185550,33494.0,2025,1,2025-Q1,2025-01-01,32194383,8099.0,46318894.0,1151724.0,32281.0,30230530.0,1195.4149739166232,35.39589180151669,1468.739863856213,1755753.6260419798,28.251866222428408,0.062071408699871045,0.029369883756872328,0.03757628326260032,0.06496257260458216,0.3996989026751778,0.14090633510725326,0.14236016371077764,0.0016671234074121075
gujarat,8100,902261206,1110857728436.5906,31378561,1942361.0,2025,1,2025-Q1,2025-01-01,569309965,8099.0,831355510.0,30455926.0,1897442.0,522588190.0,1231.1930525766068,16.154855353870882,464.51777295775605,571911.0548639467,61.90089469048628,0.08528925970551393,0.030294104339497085,0.023673450888090475,0.08940457494839293,0.4692455351701226,0.1449763428209081,0.11976103137227101,0.03057652562687867
haryana,8100,857633744,1042384562755.8116,19907909,1522080.0,2025,1,2025-Q1,2025-01-01,552381807,8099.0,844101306.0,19313789.0,1480933.0,546237947.0,1215.4192509895129,13.079410412067697,563.4616734994219,684842.1651659647,76.45604568515961,0.01603177000652578,0.03076144199359332,0.027784511520777766,0.011247589139024017,0.4150083925950516,0.14231609031407588,0.12757023608094364,0.02906415567632407
himachal pradesh,8100,57676428,63527597457.03926,3187150,136228.0,2025,1,2025-Q1,2025-01-01,36211260,8099.0,54095801.0,3099424.0,133259.0,33892927.0,1101.4481940011829,23.39570426050445,423.3815955603841,466332.89380332426,42.74288941530835,0.06619047936825995,0.028303968737416918,0.02227992105598875,0.06840167566525013,0.4132297325392653,0.14485321639401505,0.1348455944219058,0.0019545834034327553
jammu & kashmir,8100,132457102,150194823534.5383,4699442,309405.0,2025,1,2025-Q1,2025-01-01,80196524,8099.0,127341972.0,4516651.0,298282.0,77050079.0,1133.9129519422695,15.188642717473861,428.1026550960715,485431.14537430974,65.83866765458538,0.040168452864857374,0.04047047248060576,0.03729021529961574,0.04083636306200278,0.702768527464698,0.22361928111382356,0.17091972858110593,0.004488808725047946
jharkhand,8100,599394968,738251651951.271,13390825,920006.0,2025,1,2025-Q1,2025-01-01,343440347,8099.0,586522767.0,12847879.0,894994.0,339852753.0,1231.6614108633476,14.555149640328432,651.5120205737788,802442.2144543307,68.70420605153156,0.021946634852454183,0.0422595823014833,0.0279465560662977,0.010556318783152552,0.39408842469639316,0.19532548519726567,0.1354958628724896,0.020312760293579684
karnataka,8100,3729923285,4428287746523.693,46870457,2990287.0,2025,1,2025-Q1,2025-01-01,2427111761,8099.0,3457573836.0,45668243.0,2925825.0,2233293582.0,1187.2329289806542,15.67423361035245,1247.3462530519646,1480890.5454639283,63.798972559623216,0.07876894664238776,0.026324945323602744,0.02203207642288918,0.08678580396332336,0.3384664732617473,0.11893942765099408,0.10651210533872302,0.1264025252905465
kerala,8100,247777357,291529845374.05835,14209056,969176.0,2025,1,2025-Q1,2025-01-01,153309373,8099.0,233271669.0,13798127.0,940307.0,143632641.0,1176.579849360724,14.660965603770626,255.65775153326123,300801.75878690596,68.20833136275907,0.06218366791897045,0.02978150585220729,0.030701675091220126,0.06737139923508062,0.36068359412529216,0.14580336756322398,0.14318606722223204,0.008396870724009345
ladakh,8100,4829929,8573236123.000704,213189,2454.0,2025,1,2025-Q1,2025-01-01,2532508,8099.0,5732422.0,206450.0,2363.0,3075686.0,1775.023219389085,86.87408312958435,1968.1862265688671,3493576.252241526,11.510912851976416,-0.1574365948633928,0.032642286267861476,0.03851036817604747,-0.17660385357933162,0.4845601933460604,0.17937100655547256,1.2493125572868928,0.0001636803697891722
lakshadweep,8100,286444,330371406.7975748,15368,271.0,2025,1,2025-Q1,2025-01-01,186433,8099.0,228820.0,14725.0,226.0,151047.0,1153.354257019085,56.708487084870846,1056.9889298892988,1219082.6819098701,17.634044768349817,0.25183113364216414,0.04366723259762306,0.1991150442477876,0.23427145193218002,1.3805859131518803,0.2463909164639091,3.8392857142857144,9.707235829737795e-06
madhya pradesh,8100,1723435663,2033055917651.601,34868747,2763468.0,2025,1,2025-Q1,2025-01-01,1040983000,8099.0,1681877662.0,33718050.0,2674535.0,1024836894.0,1179.652923110946,12.617749508950348,623.6495819745335,735690.0523731778,79.2534357486376,0.02470928887335444,0.034127032850357564,0.033251761521161605,0.01575480556421116,0.3428219950367586,0.15890331966108429,0.16518544941219337,0.058405120784940555
maharashtra,8100,3904534550,4335348832646.413,74177131,5550838.0,2025,1,2025-Q1,2025-01-01,2530485146,8099.0,3634900999.0,72020866.0,5428259.0,2354931274.0,1110.3369113858687,13.363231101321999,703.413529632823,781026.005919541,74.83220131552406,0.07417906321910261,0.029939448381528733,0.022581641738170566,0.0745473440937452,0.3789946987964308,0.14646279364871528,0.10139411476063964,0.13231988689659807
manipur,8100,7775142,14315138066.16877,694042,18944.0,2025,1,2025-Q1,2025-01-01,2888122,8099.0,5798310.0,668293.0,16334.0,2123143.0,1841.1416879805886,36.636507601351354,410.4276815878378,755655.5144725913,27.29517810161345,0.3409324441087145,0.0385295072670222,0.1597893963511694,0.3603049818123414,0.9564919368840938,0.23016740962627513,0.8086690853542104,0.00026349002598657743
meghalaya,8100,15566407,21882492467.99372,640474,12654.0,2025,1,2025-Q1,2025-01-01,7368816,8099.0,13993116.0,611334.0,11765.0,6601880.0,1405.7510167885061,50.61435119329856,1230.1570254464991,1729294.4893309404,19.757242292427172,0.11243321358873892,0.04766625118184176,0.075563110922227,0.11616933358376702,0.8863344182562733,0.31100139600194865,0.47878929531377823,0.0005275264406679184
mizoram,8100,3214911,4988579857.496769,270295,16138.0,2025,1,2025-Q1,2025-01-01,1464155,8099.0,2686856.0,258269.0,13962.0,1194828.0,1551.7007648102137,16.74897756847193,199.2137191721403,309120.08040009724,59.70513697996633,0.19653267610917746,0.04656385396621343,0.1558515971923793,0.2254106867264578,0.9035261503774001,0.39055659304760293,1.6820674754861225,0.00010894939062650349
nagaland,8100,8417655,13854930060.290958,493342,12681.0,2025,1,2025-Q1,2025-01-01,3803438,8099.0,7952281.0,475258.0,11424.0,3534185.0,1645.937028815146,38.904029650658465,663.8005677785663,1092573.9342552605,25.704278168086237,0.058520819372454236,0.03805091129449689,0.11003151260504196,0.07618531570927956,0.9076985522381362,0.26087356556853325,0.7738145195132187,0.0002852640034993629
odisha,8100,1174428178,1414655279863.243,19731478,1247790.0,2025,1,2025-Q1,2025-01-01,672598864,8099.0,1141695660.0,19085969.0,1212893.0,653769361.0,1204.5481421199713,15.813140031575825,941.2065956611289,1133728.6561546759,63.23854705663712,0.028670090591392805,0.0338211279710241,0.028771705335919995,0.028801446080615634,0.36180299958856543,0.1605200763756749,0.12761652416966607,0.03979993048880506
puducherry,8100,17612711,21168624734.74836,645855,46196.0,2025,1,2025-Q1,2025-01-01,11618519,8099.0,16376815.0,629389.0,45073.0,10781586.0,1201.8947415164173,13.980755909602562,381.26052039137585,458235.01460620743,71.52689071076325,0.07546620023490536,0.026161880808212468,0.024915137665564746,0.07762614888013686,0.30271820129778404,0.11732080361359709,0.11358596085237682,0.0005968731733882259
punjab,8100,214700898,303581644145.82666,11997032,877203.0,2025,1,2025-Q1,2025-01-01,127552368,8099.0,200012060.0,11622811.0,854323.0,119043043.0,1413.9747293736361,13.676460294823434,244.75622860386935,346079.122102668,73.11833460142475,0.07343976158237653,0.032197116515101154,0.026781439806724094,0.07148107764684752,0.4995878734877528,0.16894475661908204,0.13814270070530354,0.007275950097549538
rajasthan,8100,2035097242,2747039392692.472,38208545,2927213.0,2025,1,2025-Q1,2025-01-01,1225941832,8099.0,2040641000.0,37075516.0,2840940.0,1233463293.0,1349.83200605825,13.052874867664226,695.2337400797277,938448.754051199,76.61147526031154,-0.0027166748095328597,0.030560033203583803,0.03036776559871024,-0.006097839346079326,0.27149217488129707,0.1434795243231337,0.16440875848530467,0.0689669494370382
sikkim,8100,9852470,12680467274.809105,357215,7607.0,2025,1,2025-Q1,2025-01-01,5355602,8099.0,9021976.0,345323.0,7123.0,4792790.0,1287.0343451752815,46.958722229525435,1295.1846983041935,1666947.190062982,21.295298349733354,0.09205233975350846,0.034437323896757466,0.0679488979362628,0.1174288879754799,0.7176919937439383,0.17152321138677995,0.8699606686332351,0.0003338881240152237
tamil nadu,8100,875704481,1133708906375.8745,35340007,2114180.0,2025,1,2025-Q1,2025-01-01,524381598,8099.0,822940769.0,34331442.0,2054574.0,488070607.0,1294.6249916196039,16.715703960873718,414.2052620874287,536240.4839587332,59.823983622866855,0.06411605061700376,0.02937729792998489,0.02901136683322192,0.07439700420230388,0.3617251808790425,0.1370360827744086,0.13871478377302626,0.0296765507890727
telangana,8100,2957671238,4011827575951.1895,32290034,2196581.0,2025,1,2025-Q1,2025-01-01,1855676564,8099.0,2824258573.0,31420121.0,2147214.0,1785244498.0,1356.4143047433554,14.700133525692884,1346.488582938667,1826396.3750716178,68.0265929729278,0.04723811986460058,0.02768649426907044,0.022991187650602152,0.03945233612477428,0.36283541522002816,0.12066899113554874,0.11250215882794756,0.10023185060290508
andaman & nicobar islands,8101,6375269,8893455438.409813,196844,4589.0,2025,2,2025-Q2,2025-04-01,3953793,8100.0,6332082.0,190713.0,4344.0,3813109.0,1394.9929702432655,42.89474831117891,1389.2501634342993,1937994.2119001553,23.312877202251528,0.006820347557090933,0.03214778226969317,0.056399631675874806,0.03689482781635678,0.3294024301493663,0.1534886991579305,0.3340116279069767,0.0002047673243465748
andhra pradesh,8101,2530918973,3781520939571.639,31181805,1794867.0,2025,2,2025-Q2,2025-04-01,1445602514,8100.0,2422886250.0,30313656.0,1740695.0,1349213113.0,1494.129594788746,17.372766338675792,1410.087194761506,2106853.0089258086,57.56135669503417,0.04458844198731993,0.02863887483581662,0.031120902857766586,0.07144119788880232,0.3175791891563404,0.12270676204441067,0.14768508512681744,0.08129061004942552
arunachal pradesh,8101,31151454,38572901830.24858,803428,26579.0,2025,2,2025-Q2,2025-04-01,17910730,8100.0,28407442.0,772957.0,24793.0,15250004.0,1238.2376061884167,30.227924301139996,1172.0325821136987,1451254.8188512954,33.08199365717899,0.0965948289184222,0.03942133909130785,0.07203646190456992,0.17447379030195664,0.5490380425488706,0.19901920841224285,0.4132503854947627,0.001000553840957206
assam,8101,412522853,444019860093.2911,12266826,794454.0,2025,2,2025-Q2,2025-04-01,228314633,8100.0,381449165.0,11808496.0,761966.0,202129241.0,1076.3521508305166,15.44057428120445,519.2532896807115,558899.3951736552,64.76443050549507,0.08146219955678768,0.03881357964638332,0.04263707304525388,0.12954776790558475,0.502328356129973,0.1956577911997286,0.23003344274478232,0.013249825354918419
bihar,8101,1793785807,2356277702190.085,38792069,2722198.0,2025,2,2025-Q2,2025-04-01,980327979,8100.0,1530666231.0,37257833.0,2640021.0,800286778.0,1313.578072139404,14.250274594280063,658.9475883091532,865579.102692047,70.17408635770369,0.17189872662709837,0.04117888445095552,0.031127403910802265,0.2249708553850429,0.3571450970022896,0.1887916502306115,0.152443854199785,0.05761462303006374
chandigarh,8101,20255468,21185658828.05371,757963,59143.0,2025,2,2025-Q2,2025-04-01,14246760,8100.0,19931215.0,739749.0,57875.0,13786138.0,1045.9229492033317,12.815768560945505,342.48293120064926,358210.75745318487,78.02887476037749,0.01626860178870171,0.024621864983933817,0.02190928725701946,0.03341196787671796,0.2223974489266325,0.11126375036103164,0.10454757680455695,0.000650585565212647
chhattisgarh,8101,530238048,584957150370.3911,11716582,639801.0,2025,2,2025-Q2,2025-04-01,320942200,8100.0,498714795.0,11341270.0,617762.0,292745236.0,1103.1972386304333,18.31285352789383,828.7546408961537,914279.831338793,54.60645433967005,0.06320897899169009,0.03309259015965593,0.03567555142595369,0.09631912165429735,0.2854325106865485,0.15318316778719798,0.17928059940833307,0.01703072079871621
dadra & nagar haveli & daman & diu,8101,28225351,23146137014.55257,613335,24909.0,2025,2,2025-Q2,2025-04-01,19481392,8100.0,27107809.0,597015.0,24269.0,18323342.0,820.0478008068906,24.62302782126942,1133.1386647396523,929227.8700290084,40.612389640245546,0.04122583274804681,0.027335996583000455,0.02637109069182908,0.06320080692703334,0.2529261843667385,0.131123959168995,0.16740872662511141,0.0009065703114665309
delhi,8101,988353361,1059397596251.9786,19263783,1766050.0,2025,2,2025-Q2,2025-04-01,662259192,8100.0,946994561.0,18767127.0,1736526.0,618162326.0,1071.8814121096298,10.907835565244472,559.6406449421024,599868.4047744847,91.67721625601783,0.04367374608395447,0.026464146589938897,0.017001760987166437,0.07133541489877215,0.2764239140621074,0.12146334684782523,0.07139238847612406,0.031744930800710426
goa,8101,45771675,55369449580.35414,1218114,34446.0,2025,2,2025-Q2,2025-04-01,30469355,8100.0,49193973.0,1185550.0,33494.0,32194383.0,1209.688078497327,35.363002961156596,1328.7950705452013,1607427.5556045445,28.278141454740688,-0.06956742444851938,0.027467420184724478,0.028423001134531667,-0.05358164497204376,0.2310024901809158,0.12970864962369766,0.13754499521151886,0.0014701408553287726
gujarat,8101,919508876,1074252324352.9222,32256294,1982430.0,2025,2,2025-Q2,2025-04-01,602292300,8100.0,902261206.0,31378561.0,1942361.0,569309965.0,1168.2892383008625,16.27108851258304,463.82917732278065,541886.6362761471,61.45870322238506,0.0191160496376257,0.02797237897556859,0.020629017983783582,0.057933879657279475,0.30998827497016745,0.13298656308307777,0.10696909813871858,0.029533714146249584
haryana,8101,941499109,1093601683082.22,20473762,1559622.0,2025,2,2025-Q2,2025-04-01,627408882,8100.0,857633744.0,19907909.0,1522080.0,552381807.0,1161.553603851812,13.127387277173572,603.6713440820917,701196.6252606208,76.17662059371405,0.09778692313207293,0.028423527553797845,0.024664932198044776,0.1358246670133363,0.271655230560631,0.1319484412887666,0.11731658671618428,0.030240018644642944
himachal pradesh,8101,63902910,68743474561.78065,3270465,139315.0,2025,2,2025-Q2,2025-04-01,41619250,8100.0,57676428.0,3187150.0,136228.0,36211260.0,1075.7487344751696,23.475325700750098,458.69367979040305,493439.14554628474,42.59791803306258,0.10795540250862978,0.026140909590072647,0.022660539683471814,0.14934553506285053,0.17238183511745264,0.12581325861107473,0.10361627124014738,0.0020524981610438677
jammu & kashmir,8101,155749073,166352644525.11493,4865971,321443.0,2025,2,2025-Q2,2025-04-01,98320985,8100.0,132457102.0,4699442.0,309405.0,80196524.0,1068.0811212604451,15.137896921071542,484.53092150085706,517518.32992199215,66.05937437769357,0.1758453918159859,0.035435909199432514,0.03890693427708025,0.22600058077330143,0.3895067802357093,0.1858919930123104,0.161639231700486,0.005002505925266739
jharkhand,8101,665832499,788657303063.193,13882870,945687.0,2025,2,2025-Q2,2025-04-01,394139963,8100.0,599394968.0,13390825.0,920006.0,343440347.0,1184.468021983999,14.68019545579034,704.0728052727806,833951.7229941756,68.11898404292484,0.110840988908669,0.03674493543153612,0.02791394838729322,0.14762277188125483,0.32518376538693783,0.1799595887891996,0.12797847305135668,0.02138588023238289
karnataka,8101,3730080830,4479122979444.309,48100388,3049279.0,2025,2,2025-Q2,2025-04-01,2452632899,8100.0,3729923285.0,46870457.0,2990287.0,2427111761.0,1200.811238035372,15.774347968814924,1223.2664934891166,1468912.1524938548,63.39406243458993,4.2238134128291804e-05,0.026241071214645917,0.019727872274467373,0.01051502382794478,0.23136602293275965,0.11453228311718489,0.09838290612945322,0.11980650089518591
kerala,8101,237505468,282921500230.21344,14603026,995224.0,2025,2,2025-Q2,2025-04-01,150007968,8100.0,247777357.0,14209056.0,969176.0,153309373.0,1191.2209963528649,14.673104748277774,238.64523765504046,284279.2177743035,68.15190221533537,-0.0414561246611409,0.02772668360234487,0.026876439367049976,-0.021534267184042277,0.2146780857279802,0.13545460207413895,0.13543164072304448,0.007628440337190641
ladakh,8101,7653712,12456512178.718197,219995,2479.0,2025,2,2025-Q2,2025-04-01,4345406,8100.0,4829929.0,213189.0,2454.0,2532508.0,1627.5125297003856,88.74344493747479,3087.4191206131504,5024813.303234448,11.268437919043615,0.5846427556181468,0.03192472407112934,0.010187449062754705,0.7158508482500352,0.3446581208969386,0.1538118614555144,0.5115853658536584,0.00024582964696223355
lakshadweep,8101,282186,285436602.3281379,15987,305.0,2025,2,2025-Q2,2025-04-01,197029,8100.0,286444.0,15368.0,271.0,186433.0,1011.519360734189,52.41639344262295,925.2,935857.7125512718,19.078000875711517,-0.014865034701372681,0.040278500780843274,0.1254612546125462,0.05683543149549708,0.7435678801809149,0.20647498302014933,1.5206611570247932,9.063534760346984e-06
madhya pradesh,8101,1837319230,2168370196643.178,35961457,2838187.0,2025,2,2025-Q2,2025-04-01,1143273346,8100.0,1723435663.0,34868747.0,2763468.0,1040983000.0,1180.1815173094215,12.670573503437229,647.3566505660127,763998.354105342,78.92302583846923,0.06607938401469649,0.03133780516976992,0.02703812745434364,0.09826322427935907,0.28292171753035866,0.14527640712175094,0.15059054080678735,0.05901287344857277
maharashtra,8101,4035923246,4459847561600.475,76247239,5653784.0,2025,2,2025-Q2,2025-04-01,2660636662,8100.0,3904534550.0,74177131.0,5550838.0,2530485146.0,1105.0377546254442,13.486054472544406,713.844612033286,788825.2472327338,74.15067186891842,0.03365028387314428,0.027907630992091148,0.018546028545599835,0.05143342422133301,0.3204234048135868,0.14192609546128976,0.0939588679743979,0.12962985630121066
manipur,8101,8600635,14869751104.220009,719620,21382.0,2025,2,2025-Q2,2025-04-01,3542824,8100.0,7775142.0,694042.0,18944.0,2888122.0,1728.9131679486468,33.655411093443085,402.23716209896173,695433.1261911893,29.712904032683916,0.10617079405109253,0.03685367744315182,0.12869510135135132,0.22668779227470304,0.6325024319643153,0.19255914156688902,0.7756186679953496,0.00027624387561238643
meghalaya,8101,17304246,21913728757.238136,670920,13470.0,2025,2,2025-Q2,2025-04-01,9006438,8100.0,15566407.0,640474.0,12654.0,7368816.0,1266.3787117472866,49.80846325167038,1284.6507795100222,1626854.3992010495,20.076909318547667,0.1116403419234766,0.04753666815514768,0.06448553816974867,0.2222367881081575,0.5744842190773021,0.2494971617574755,0.4600043355733796,0.0005557952383271858
mizoram,8101,3398805,4779116210.284388,282032,17514.0,2025,2,2025-Q2,2025-04-01,1693554,8100.0,3214911.0,270295.0,16138.0,1464155.0,1406.116623426289,16.103231700354,194.0621788283659,272874.05562889046,62.09933624553242,0.05720033929399593,0.0434229268021975,0.08526459288635513,0.15667671797043337,0.6401322218334922,0.3211229207556716,1.1895236904613076,0.00010916624942818258
nagaland,8101,9457413,14024796338.65173,512198,13867.0,2025,2,2025-Q2,2025-04-01,4724132,8100.0,8417655.0,493342.0,12681.0,3803438.0,1482.9421469329645,36.93646787336843,682.0085815244826,1011379.2701126221,27.073514539299257,0.12352109940357492,0.03822095017249705,0.09352574718082174,0.24206888609726263,0.6037205981852312,0.21039783535972956,0.6344884488448845,0.0003037627361685465
odisha,8101,1253470101,1383287521722.9543,20349791,1280523.0,2025,2,2025-Q2,2025-04-01,746112659,8100.0,1174428178.0,19731478.0,1247790.0,672598864.0,1103.566427806605,15.891780936383025,978.8735547897227,1080251.9921336472,62.92560940797868,0.06730247492409869,0.03133637530852984,0.02623277955425185,0.10929812542769923,0.3310207032323138,0.15216959159386545,0.12093738620129413,0.04026021784025127
puducherry,8101,17496015,20741481980.74739,661400,47524.0,2025,2,2025-Q2,2025-04-01,11716317,8100.0,17612711.0,645855.0,46196.0,11618519.0,1185.497496472619,13.91717868866257,368.15114468479084,436442.2603473485,71.85364378590867,-0.006625669381618793,0.024068869947588833,0.02874707766906215,0.008417423941898372,0.19746589986754381,0.1119367604880821,0.1123490309896078,0.0005619546686230083
punjab,8101,219581044,296629559177.728,12360971,895586.0,2025,2,2025-Q2,2025-04-01,135349462,8100.0,214700898.0,11997032.0,877203.0,127552368.0,1350.8887369063061,13.802103873888159,245.18141641338744,331212.81393158005,72.45272236299236,0.022729974794982066,0.030335753042919356,0.020956380678132547,0.06112857112931058,0.2702941822000582,0.14806401087194376,0.12092709479341512,0.007052725595909367
rajasthan,8101,2180404184,2831640614175.032,39315591,3005610.0,2025,2,2025-Q2,2025-04-01,1361793084,8100.0,2035097242.0,38208545.0,2927213.0,1225941832.0,1298.6769310726254,13.0807360236358,725.4448128666061,942118.4432361592,76.44829757232951,0.07140049084691347,0.028973780603265498,0.026782130306199026,0.11081378288427635,0.1988782141609493,0.13124344415937994,0.1426506548093358,0.07003242227924136
sikkim,8101,11156835,14199545657.211315,368764,8059.0,2025,2,2025-Q2,2025-04-01,6402735,8100.0,9852470.0,357215.0,7607.0,5355602.0,1272.7216685745836,45.758034495594984,1384.3944658146172,1761948.834496999,21.854085539803236,0.1323896444241901,0.03233066920482064,0.05941895622452997,0.19552106373849298,0.5656509594998824,0.1557427657167214,0.6772112382934443,0.00035834648720331925
tamil nadu,8101,880043623,1133253062425.902,36318119,2173347.0,2025,2,2025-Q2,2025-04-01,540167131,8100.0,875704481.0,35340007.0,2114180.0,524381598.0,1287.7237364242592,16.71068586838641,404.92550108197173,521432.179226742,59.84194831235615,0.004955030029131446,0.027677187500274147,0.027985791181450947,0.03010314065216302,0.24409357752778726,0.12882840130162654,0.12871766880411895,0.028266129317833615
telangana,8101,3044459287,4177136892219.811,33161493,2246001.0,2025,2,2025-Q2,2025-04-01,1937172444,8100.0,2957671238.0,32290034.0,2196581.0,1855676564.0,1372.045574745047,14.764683096757304,1355.5021956802334,1859810.7891402591,67.7291881882399,0.029343372544234025,0.02698848195700254,0.022498601235283466,0.04391707131566713,0.26647549806796156,0.11771594042950118,0.1037179947723299,0.09778501617438744
tripura,8101,18753226,23151519446.559258,1069043,47515.0,2025,2,2025-Q2,2025-04-01,10787436,8100.0,18622077.0,1032353.0,45840.0,10267509.0,1234.5352979033719,22.499063453646215,394.6801220667158,487246.5420721721,44.44629448955748,0.007042662319568294,0.03554016891509004,0.036540139616055844,0.05063808563498706,0.3898725146591504,0.17457891556336858,0.22470809598680308,0.0006023350404330578
uttar pradesh,8101,2874104324,3364968247717.4697,79721010,7118781.0,2025,2,2025-Q2,2025-04-01,1740462455,8100.0,2618333992.0,77043398.0,6931337.0,1524087525.0,1170.788485170335,11.198688370944408,403.7354603267048,472688.8280054506,89.296171736911,0.09768437975501798,0.03475459376804735,0.027042978865404965,0.14197014702288824,0.34044865348243314,0.1691144237620641,0.13926544165057897,0.09231338353227152
uttarakhand,8101,202578174,215937765623.93585,6152816,459615.0,2025,2,2025-Q2,2025-04-01,132692694,8100.0,175355250.0,5979871.0,450722.0,111485158.0,1065.947833175433,13.386891202419417,440.75622858261806,469823.1468162176,74.69994227033605,0.15524441954261414,0.028921192447127986,0.01973056562581821,0.1902274381671505,0.2711915209292921,0.13521888995778175,0.09959424478331802,0.006506610256131132
west bengal,8101,1410547289,1934976510103.9968,39021346,3307755.0,2025,2,2025-Q2,2025-04-01,764023386,8100.0,1304050364.0,37781664.0,3221457.0,677544402.0,1371.7913076673865,11.79692752335043,426.43644677432275,584981.8109575821,84.76783450781016,0.08166626684059564,0.03281173640208124,0.02678849973785158,0.12763589182454793,0.426524869677138,0.15803756144220493,0.12439488763546502,0.045305381503563974
telangana,8102,3228865085,4188712492031.4736,34013239,2298730.0,2025,3,2025-Q3,2025-07-01,2078091958,8101.0,3044459287.0,33161493.0,2246001.0,1937172444.0,1297.27083100825,14.796535043263018,1404.6299848177036,1822185.507663568,67.58339010289494,0.060570952217171126,0.02568479048877559,0.02347683727656391,0.07274495073294562,0.23814295238738037,0.11531955223446477,0.09947836800835685,0.09782068863376897
tripura,8102,20791893,25461605416.507072,1109299,49397.0,2025,3,2025-Q3,2025-07-01,11889161,8101.0,18753226.0,1069043.0,47515.0,10787436.0,1224.5929418984156,22.456809117962628,420.914083851246,515448.4162298737,44.52992385281155,0.1087102027139224,0.037656109249113445,0.03960854467010422,0.1021303857561704,0.42650523765855985,0.15706495549264754,0.20843016855444385,0.0006299046995516199
uttar pradesh,8102,2995994617,3220415579009.7754,82795120,7328300.0,2025,3,2025-Q3,2025-07-01,1840145039,8101.0,2874104324.0,79721010.0,7118781.0,1740462455.0,1074.9069977417037,11.297998171472237,408.82532333556213,439449.20090741036,88.51125525272504,0.04240983599035153,0.03856085114827312,0.02943186480943849,0.05727361926919583,0.3110814220945015,0.16077975742114603,0.12999603407366012,0.09076571763233177
uttarakhand,8102,197711630,198250402920.4244,6335256,468380.0,2025,3,2025-Q3,2025-07-01,129419380,8101.0,202578174.0,6152816.0,459615.0,132692694.0,1002.7250441485127,13.525889235236347,422.11800247662154,423268.2926692523,73.93229255455502,-0.02402304208744621,0.02965146365501581,0.019070308845446693,-0.024668381516167015,0.23959089386268384,0.12638187336316742,0.08812214251198758,0.005989809821213058
west bengal,8102,1534941462,1981771949298.0728,40328474,3397402.0,2025,3,2025-Q3,2025-07-01,845070081,8101.0,1410547289.0,39021346.0,3307755.0,764023386.0,1291.1058814685096,11.870386253967002,451.79859845846914,583319.827708959,84.24325700992307,0.08818858748662617,0.03349776811901872,0.0271020677166236,0.10607881445136802,0.40691196397604856,0.14828672582992053,0.11878680824214838,0.04650210735744139
andaman & nicobar islands,8102,6731822,8790337988.9711,203056,4894.0,2025,3,2025-Q3,2025-07-01,4184644,8101.0,6375269.0,196844.0,4589.0,3953793.0,1305.7888323504542,41.490805067429505,1375.5255414793626,1796145.8906765631,24.101725632337878,0.05592752243081822,0.03155798500335294,0.06646328176073224,0.05838722462202761,0.2714731081615547,0.1387871616127061,0.30890612463225464,0.00020394517778371527
andhra pradesh,8102,2700328888,3814695548343.5576,32097241,1846994.0,2025,3,2025-Q3,2025-07-01,1575163628,8101.0,2530918973.0,31181805.0,1794867.0,1445602514.0,1412.6781242446782,17.378097059329917,1462.012810003714,2065353.514057738,57.543699784040626,0.06693612747277777,0.0293580182417279,0.029042263298617588,0.0896243004181716,0.29446474880700424,0.12310750178881613,0.14021125152018366,0.08180832100695208
arunachal pradesh,8102,36334234,42295740825.88502,834455,28636.0,2025,3,2025-Q3,2025-07-01,21332176,8101.0,31151454.0,803428.0,26579.0,17910730.0,1164.0741022883547,29.14006844531359,1268.83063276994,1477012.879797633,34.31700930547483,0.1663736145349748,0.03861827071000756,0.07739192595658229,0.19102772472143803,0.4818780258366506,0.17040107158135398,0.37639990386926225,0.0011007706105070978
assam,8102,454562374,444477731627.2193,12771675,832239.0,2025,3,2025-Q3,2025-07-01,257785154,8101.0,412522853.0,12266826.0,794454.0,228314633.0,977.8146125821212,15.346162580700977,546.1921082765888,534074.6247498847,65.16287017951835,0.10190834445722219,0.041155633902363986,0.047560966399565086,0.12907854662123208,0.5266594315290154,0.17541131930025355,0.21698344968370442,0.013771279778226113
bihar,8102,1804002017,2130102112192.274,40492727,2811281.0,2025,3,2025-Q3,2025-07-01,1002602349,8101.0,1793785807.0,38792069.0,2722198.0,980327979.0,1180.7648174000205,14.403656909430255,641.7010668801873,757698.0430601828,69.42681336329855,0.005695334392842533,0.04384035303711187,0.03272465852961459,0.022721344771493124,0.33174894437937996,0.18420240010460276,0.1434576639595473,0.05465348193687324
chandigarh,8102,22149566,22397711070.192337,776162,60176.0,2025,3,2025-Q3,2025-07-01,15506364,8101.0,20255468.0,757963.0,59143.0,14246760.0,1011.2031572172717,12.898198617388992,368.07973278383406,372203.38789870276,77.53020632290682,0.093510453572339,0.024010406840439424,0.017466141386131895,0.08841336556522328,0.24223035585914054,0.10380577073221375,0.09768154539318874,0.0006710363369236642
chhattisgarh,8102,567750078,579430366109.4929,12105416,662495.0,2025,3,2025-Q3,2025-07-01,346929895,8101.0,530238048.0,11716582.0,639801.0,320942200.0,1020.5729396826132,18.272463943124098,856.987717643152,874618.474266965,54.72715683624586,0.07074563989040628,0.03318664095040691,0.035470404078768336,0.08097313161061392,0.28119265739844534,0.14336480178201993,0.16945484458048465,0.017200379123872882
dadra & nagar haveli & daman & diu,8102,31444001,24673354040.59112,630853,25741.0,2025,3,2025-Q3,2025-07-01,21544940,8101.0,28225351.0,613335.0,24909.0,19481392.0,784.6760353617569,24.507711433122257,1221.5532030612642,958523.524361568,40.803483537369246,0.1140340114813807,0.02856187890793782,0.033401581757597665,0.10592405306561248,0.2859385017639122,0.12480988779591096,0.1441970040449838,0.0009526176381633859
delhi,8102,1069317276,1110313539978.9946,19764135,1796474.0,2025,3,2025-Q3,2025-07-01,714113988,8101.0,988353361.0,19263783.0,1766050.0,662259192.0,1038.338727802425,11.001625962858355,595.2311450096133,618051.5498576626,90.89565518551659,0.08191798418946239,0.025973714508723544,0.017227145324311355,0.07829985091396052,0.26589641647976014,0.11443702594177863,0.07085956127801629,0.03239570237612018
goa,8102,46150727,54338864093.71546,1252705,35183.0,2025,3,2025-Q3,2025-07-01,30620188,8101.0,45771675.0,1218114.0,34446.0,30469355.0,1177.4216274797895,35.60540601995282,1311.7337066196742,1544463.6356682335,28.085622712450256,0.008281366150572289,0.028397177932443007,0.021395807931254618,0.004950318114709029,0.24845209257563328,0.1214414049876058,0.12585599999999997,0.0013981680179396764
gujarat,8102,1045353791,1155632518250.8823,33195778,2020150.0,2025,3,2025-Q3,2025-07-01,684049224,8101.0,919508876.0,32256294.0,1982430.0,602292300.0,1105.4941668555946,16.432333242580995,517.4634512288692,572052.8268944793,60.85563049614321,0.13686101166031595,0.029125602587823707,0.01902715354388307,0.1357429341201939,0.3688238622226341,0.12468986205381283,0.09459526823178566,0.03166971211543854
haryana,8102,1011816347,1098443930838.6356,21056009,1596852.0,2025,3,2025-Q3,2025-07-01,676587870,8101.0,941499109.0,20473762.0,1559622.0,627408882.0,1085.6159164610094,13.185948979617397,633.6318876138803,687880.8623708619,75.83830345057318,0.0746864626082191,0.02843869143345512,0.023871168783205166,0.07838427126379122,0.26900395148753775,0.12423321678459831,0.1113019513960416,0.03065367218167449
himachal pradesh,8102,60321591,63475574844.56685,3355425,142979.0,2025,3,2025-Q3,2025-07-01,38757665,8101.0,63902910.0,3270465.0,139315.0,41619250.0,1052.2861514804351,23.467956832821603,421.89126375201954,443950.3342768298,42.61129365132584,-0.05604312855236171,0.02597795726295793,0.0263001112586585,-0.06875628465193395,0.20042369938458027,0.11361814008504245,0.09806466477229092,0.0018274840898484183
jammu & kashmir,8102,163198940,177365135331.55194,5026228,333554.0,2025,3,2025-Q3,2025-07-01,101539363,8101.0,155749073.0,4865971.0,321443.0,98320985.0,1086.803231268242,15.068708514963095,489.27292132608216,531743.3918692383,66.36268788443341,0.0478324965696586,0.03293422833798232,0.03767697538910486,0.032733378332204355,0.3463332997270301,0.15946619914877913,0.15881337266060092,0.004944224139083577
jharkhand,8102,695043900,751683222013.4165,14421897,973596.0,2025,3,2025-Q3,2025-07-01,415102736,8101.0,665832499.0,13882870.0,945687.0,394139963.0,1081.4902799857916,14.813019979539767,713.8935451665783,772068.9300422522,67.50817870908384,0.043871996401305235,0.03882676996903367,0.02951187866598559,0.05318611398966411,0.33039488401876227,0.16964517941270296,0.1234132703160824,0.021056833016824688
karnataka,8102,3852915704,4385483377903.045,49293465,3108462.0,2025,3,2025-Q3,2025-07-01,2545361507,8101.0,3730080830.0,48100388.0,3049279.0,2452632899.0,1138.2245849163392,15.857830978792729,1239.492618536112,1410820.9712401326,63.06032655647153,0.03293088798829058,0.024803895552776067,0.019408850420050028,0.03780778119620254,0.18212855873068756,0.1114525704553111,0.08925175531640894,0.11672673137197455
kerala,8102,260965876,301251443344.1678,15022652,1020975.0,2025,3,2025-Q3,2025-07-01,165209747,8101.0,237505468.0,14603026.0,995224.0,150007968.0,1154.3710157115247,14.714025318935331,255.6045701412865,295062.50725450454,67.9623677630288,0.09877839107266362,0.028735551111118918,0.025874576979654895,0.1013398101626175,0.2109450522853289,0.1244122951565696,0.12400463704550191,0.007906140711430426
ladakh,8102,8782266,14123088628.170712,225152,2530.0,2025,3,2025-Q3,2025-07-01,4892557,8101.0,7653712.0,219995.0,2479.0,4345406.0,1608.1371969569939,88.99288537549407,3471.2513833992093,5582248.469632693,11.23685332575327,0.14745185081434986,0.023441441850951206,0.02057281161758784,0.12591481670527438,0.26123487554909874,0.12990675780113015,0.22815533980582514,0.00026606478910373417
lakshadweep,8102,295580,269362417.0022364,16553,330.0,2025,3,2025-Q3,2025-07-01,210108,8101.0,282186.0,15987.0,305.0,197029.0,911.3012281014833,50.160606060606064,895.6969696969697,816249.7484916255,19.935963269497975,0.047465147101557026,0.035403765559517186,0.08196721311475419,0.0663810911084155,0.609386910595666,0.1768929968005688,0.8032786885245902,8.95479940635842e-06
madhya pradesh,8102,1980337761,2098642107160.684,37166358,2916083.0,2025,3,2025-Q3,2025-07-01,1244302556,8101.0,1837319230.0,35961457.0,2838187.0,1143273346.0,1059.7394790376288,12.745301831257889,679.108846010213,719678.4546807084,78.46028389437566,0.07784087199696921,0.033505344346865584,0.027445689801270934,0.0883683769533099,0.2905515228354447,0.13886523893861824,0.13544464475533724,0.059995694588916584
maharashtra,8102,4306180488,4500210515384.953,78365134,5758748.0,2025,3,2025-Q3,2025-07-01,2829226611,8101.0,4035923246.0,76247239.0,5653784.0,2660636662.0,1045.0584985756298,13.608015839554014,747.7633138314092,781456.40604259,73.48609906032956,0.06696292905665424,0.02777667792010141,0.01856526531611391,0.0633645139931549,0.3104279220491093,0.12621311476917652,0.08681952382426239,0.13045869976864002
manipur,8102,9804471,16224673451.813852,749966,25620.0,2025,3,2025-Q3,2025-07-01,4269941,8101.0,8600635.0,719620.0,21382.0,3542824.0,1654.8239524410703,29.272677595628416,382.6881733021077,633281.5554962471,34.16154865687245,0.13997059519442456,0.042169478335788435,0.1982040969039378,0.20523655705166277,0.6886631284064653,0.1641457887057216,0.8014343974124596,0.00029703319267358535
meghalaya,8102,19876141,25631760302.720757,704327,14795.0,2025,3,2025-Q3,2025-07-01,10342245,8101.0,17304246.0,670920.0,13470.0,9006438.0,1289.5742841993704,47.605745184183846,1343.4363636363637,1732460.9870037686,21.005868013011003,0.14862797257967775,0.04979282179693545,0.09836674090571651,0.1483169039746901,0.6431403963233795,0.2088794222042194,0.40516668249596344,0.0006021613628374594
mizoram,8102,3951837,5101955955.165985,295734,19563.0,2025,3,2025-Q3,2025-07-01,2025992,8101.0,3398805.0,282032.0,17514.0,1693554.0,1291.0340065053254,15.117006594080662,202.005673976384,260796.19461053953,66.1506624196068,0.16271365965390783,0.04858313950190052,0.1169921205892428,0.1962960732282526,0.6499557224135606,0.19934301240976549,0.702759160936548,0.00011972362007451534
nagaland,8102,11180872,15195878604.305132,533473,15356.0,2025,3,2025-Q3,2025-07-01,5833318,8101.0,9457413.0,512198.0,13867.0,4724132.0,1359.0960172252335,34.74036207345663,728.1109663974994,989572.7145288573,28.78496193809246,0.18223366157320187,0.041536671365370426,0.10737722650897807,0.23479149185501158,0.5686107037125474,0.16937635219408897,0.5487644982349975,0.00033873220768715573
odisha,8102,1314272318,1387578878544.61,20979927,1316523.0,2025,3,2025-Q3,2025-07-01,785652801,8101.0,1253470101.0,20349791.0,1280523.0,746112659.0,1055.777299377472,15.935860596434699,998.2904347284476,1053972.3791719628,62.75155294868281,0.048507113932348966,0.030965232026215928,0.028113512994299983,0.052994868165076925,0.2847376687356602,0.1426815539673545,0.11990945607292502,0.03981678385892045
puducherry,8102,18401595,21280880580.336613,677573,48779.0,2025,3,2025-Q3,2025-07-01,12400209,8101.0,17496015.0,661400.0,47524.0,11716317.0,1156.4693484633594,13.890670165440046,377.24420344820516,436271.35817332484,71.99076704650274,0.05175921488407509,0.024452676141518026,0.0264077097887383,0.05837090273334189,0.16309943176772435,0.10697539920339039,0.1073301400649247,0.0005574889775426216
punjab,8102,238293965,304307748393.4016,12758339,912817.0,2025,3,2025-Q3,2025-07-01,147253055,8101.0,219581044.0,12360971.0,895586.0,135349462.0,1277.0266691118325,13.976885838015725,261.0533820031836,333372.1308799043,71.54669585123894,0.08522102208421956,0.03214698909980451,0.01923991665792002,0.08794710244212123,0.26540618610462907,0.13265850294720427,0.10346882649823197,0.0072192795734515
rajasthan,8102,2323608156,2778203819923.9854,40494453,3082538.0,2025,3,2025-Q3,2025-07-01,1471559131,8101.0,2180404184.0,39315591.0,3005610.0,1361793084.0,1195.6421364549494,13.136724672980511,753.7970840910964,901271.5560761896,76.12247534248704,0.06567771840232361,0.029984593135074622,0.025594804382471414,0.08060405673201387,0.20217021093175203,0.1256324836321736,0.1257830167179912,0.07039530731429185
sikkim,8102,11881826,13872661117.52092,379914,8403.0,2025,3,2025-Q3,2025-07-01,6777789,8101.0,11156835.0,368764.0,8059.0,6402735.0,1167.5529600855054,45.21171010353445,1413.9980959181246,1650917.6624444746,22.118163584390153,0.06498178022709844,0.030236140187219984,0.042685196674525416,0.058577154918952656,0.5159576592260491,0.138380496925677,0.3222659323367427,0.00035996809124857587
tamil nadu,8102,954438805,1187233386639.0696,37334630,2227787.0,2025,3,2025-Q3,2025-07-01,589397918,8101.0,880043623.0,36318119.0,2173347.0,540167131.0,1243.9072892044342,16.758617408217212,428.4246227309882,532920.5110897359,59.67079357690166,0.0845357889719065,0.027989087210160912,0.025048922238372517,0.09113991610126315,0.22127808039720365,0.12151783435298302,0.11860394119637796,0.028915380081262064
andaman & nicobar islands,8103,7609535,10377697808.657211,209295,5260.0,2025,4,2025-Q4,2025-10-01,4719538,8102.0,6731822.0,203056.0,4894.0,4184644.0,1363.7755537831433,39.789923954372625,1446.6796577946768,1972946.3514557437,25.13199073078669,0.1303826809443267,0.030725514143881583,0.07478545157335503,0.1278230597393708,0.2516092220781567,0.13335210565931477,0.3016580054441971,0.00021807865448154664
andhra pradesh,8103,2862709581,4000106326747.966,32906085,1916104.0,2025,4,2025-Q4,2025-10-01,1696774348,8102.0,2700328888.0,32097241.0,1846994.0,1575163628.0,1397.3147514847283,17.173433696709573,1494.0262016049232,2087624.8506072562,58.229473363361215,0.060133672502488134,0.025199798325345135,0.03741755522757528,0.07720513465284262,0.24858120028216524,0.11555338302063389,0.13836774292821485,0.08204126186368972
arunachal pradesh,8103,36103054,43631000044.51788,865553,30529.0,2025,4,2025-Q4,2025-10-01,20914837,8102.0,36334234.0,834455.0,28636.0,21332176.0,1208.512721514304,28.35182940810377,1182.5822660421238,1429165.7127491198,35.27109258474062,-0.006362594571279523,0.0372674380284137,0.06610560134096932,-0.019563826962612718,0.34762639610309876,0.16452812926748872,0.33471778953351117,0.0010346631481417223
assam,8103,468795161,468243373408.7888,13282617,886076.0,2025,4,2025-Q4,2025-10-01,262799498,8102.0,454562374.0,12771675.0,832239.0,257785154.0,998.8229665382336,14.990381186263932,529.0687943246403,528446.0626501438,66.70944438132938,0.031310965918177835,0.040005872369912376,0.06468935005449161,0.019451639949754407,0.40742961421532753,0.17114725923977003,0.22161774640508458,0.01343501514065446
bihar,8103,2022586363,2442715459709.96,42344157,2921494.0,2025,4,2025-Q4,2025-10-01,1119034346,8102.0,1804002017.0,40492727.0,2811281.0,1002602349.0,1207.718742890565,14.494007860361856,692.312345327425,836118.5953864563,68.99402909355356,0.12116635344094528,0.04572253185121378,0.03920383625827517,0.11612978676554042,0.2966888809510342,0.18733905445215293,0.14390167789557684,0.05796450277392312
chandigarh,8103,22627910,23861736668.233253,794106,61497.0,2025,4,2025-Q4,2025-10-01,15785608,8102.0,22149566.0,776162.0,60176.0,15506364.0,1054.526762225643,12.912922581589346,367.95144478592454,388014.6457263485,77.4418024797697,0.021596089061067802,0.023118884975043885,0.02195227333156069,0.018008348056320678,0.2135600048761408,0.10082426036979442,0.09470067821350381,0.0006484843248016513
chhattisgarh,8103,605701118,639303988608.5961,12478219,687021.0,2025,4,2025-Q4,2025-10-01,369466099,8102.0,567750078.0,12105416.0,662495.0,346929895.0,1055.4776433623754,18.162791239277983,881.6340664986951,930545.0468160305,55.05761679611489,0.06684462313715445,0.03079638072743629,0.03702065675967359,0.06495895662148121,0.21132005762465056,0.1382922340239594,0.1578758430999787,0.017358548824784763
dadra & nagar haveli & daman & diu,8103,32546677,26195111187.06368,647249,26635.0,2025,4,2025-Q4,2025-10-01,22194792,8102.0,31444001.0,630853.0,25741.0,21544940.0,804.8474867976131,24.300694574807583,1221.9514548526374,983484.5574268323,41.151087139570706,0.035067929173516976,0.025990206910326163,0.034730585447340756,0.030162627512538842,0.18983145550473512,0.11737409345387806,0.13369370903209332,0.0009327423460179237
delhi,8103,1087983371,1170618652301.9895,20229290,1835425.0,2025,4,2025-Q4,2025-10-01,727159498,8102.0,1069317276.0,19764135.0,1796474.0,714113988.0,1075.9527061760482,11.021583556941852,592.7691793453832,637791.6026544204,90.73106371998226,0.017456086625500244,0.023535307768338898,0.02168191691057042,0.01826810595957684,0.1954660012914724,0.10808229522517543,0.07477847708411889,0.031180085201786625
goa,8103,52951592,63813316867.88237,1289056,35734.0,2025,4,2025-Q4,2025-10-01,35239184,8102.0,46150727.0,1252705.0,35183.0,30620188.0,1205.1255582246208,36.07365534225108,1481.8266077125427,1785787.1178116743,27.72106099347119,0.14736203397185932,0.029018005037099615,0.015660972628826375,0.15084806141621332,0.14319638115711486,0.11924037356172135,0.10696694650103766,0.0015175187361666422
gujarat,8103,1048194862,1234864382391.2158,34132806,2064443.0,2025,4,2025-Q4,2025-10-01,672395110,8102.0,1045353791.0,33195778.0,2020150.0,684049224.0,1178.086658462571,16.5336635596139,507.7373712909487,598158.6231207235,60.48266292551512,0.0027178080994780807,0.028227324571215018,0.02192559958418938,-0.017036952299795294,0.26082626432583567,0.12072790037643255,0.08801375746926654,0.03003980205616118
haryana,8103,1025189236,1197344182785.4304,21615414,1643434.0,2025,4,2025-Q4,2025-10-01,679431344,8102.0,1011816347.0,21056009.0,1596852.0,676587870.0,1167.9250432409247,13.152590247007181,623.8091922158115,728562.3777927379,76.03065109000457,0.013216715701075632,0.026567475346348957,0.02917114422626521,0.004202667718532949,0.21453340814994548,0.1191700396022759,0.10972879934473734,0.029380492917878004
himachal pradesh,8103,62902497,71816498201.72183,3444065,147497.0,2025,4,2025-Q4,2025-10-01,39612159,8102.0,60321591.0,3355425.0,142979.0,38757665.0,1141.7114045841747,23.350068136979058,426.46628067011534,486901.4163116662,42.826427491931774,0.04278577466565836,0.026416921850436204,0.0315990460137503,0.02204709700648899,0.16279814398163728,0.11119517691029035,0.10684456584545887,0.001802697787616395
jammu & kashmir,8103,161467965,188185882406.2973,5205677,348390.0,2025,4,2025-Q4,2025-10-01,98610091,8102.0,163198940.0,5026228.0,333554.0,101539363.0,1165.4688433479503,14.942096501047676,463.46900025833116,540158.679658708,66.92501282734214,-0.010606533351258274,0.03570251886703102,0.044478555196459935,-0.028848634790037075,0.2679869996044981,0.1525524110674037,0.16798868185140226,0.004627446558702137
jharkhand,8103,739371210,826388939131.4963,14935840,1007283.0,2025,4,2025-Q4,2025-10-01,441921141,8102.0,695043900.0,14421897.0,973596.0,415102736.0,1117.6915302551424,14.827848777354527,734.0253037130578,820413.8649530433,67.44066620960054,0.06377627370012173,0.03563629666749102,0.03460059408625349,0.06460666884161426,0.26060103989109096,0.16251406165951598,0.12546341092789448,0.02118934713345731
karnataka,8103,4064289183,4658806848239.615,50339561,3182349.0,2025,4,2025-Q4,2025-10-01,2703392355,8102.0,3852915704.0,49293465.0,3108462.0,2545361507.0,1146.2783868151773,15.818365930323795,1277.134966340901,1463952.2089625038,63.21765499703106,0.054860654952963994,0.021221798873339415,0.023769632699386367,0.06208581671617153,0.1754742995458045,0.10228810423032919,0.08767578375330043,0.11647685652967553
kerala,8103,281159658,316856950664.97546,15459282,1050542.0,2025,4,2025-Q4,2025-10-01,177673616,8102.0,260965876.0,15022652.0,1020975.0,165209747.0,1126.9644902789555,14.715529698003508,267.63295327554727,301612.83477002865,67.95541992183078,0.07738092929820439,0.029064774981141905,0.02895957295722229,0.0754426976999123,0.20528849133411042,0.1203898905989198,0.11723298880046618,0.008057643457994717
ladakh,8103,6343728,11502761378.19001,231656,2624.0,2025,4,2025-Q4,2025-10-01,3470604,8102.0,8782266.0,225152.0,2530.0,4892557.0,1813.2494612300543,88.28353658536585,2417.579268292683,4383674.305712656,11.327140242428428,-0.2776661513099239,0.028887151790790266,0.037154150197628466,-0.29063595988764157,0.10664009034924504,0.12209251634778395,0.11045281421921294,0.00018180239221409888
lakshadweep,8103,326937,328386753.1594286,17251,369.0,2025,4,2025-Q4,2025-10-01,219710,8102.0,295580.0,16553.0,330.0,210108.0,1004.4343502247485,46.75067750677507,886.0081300813008,889937.0004320558,21.390064344095993,0.10608633872386486,0.042167582915483504,0.11818181818181817,0.04570030650903334,0.42879555982868633,0.17154499151103564,0.6327433628318584,9.369558200367488e-06
madhya pradesh,8103,2101082439,2331864870681.1763,38249438,3018653.0,2025,4,2025-Q4,2025-10-01,1317761396,8102.0,1980337761.0,37166358.0,2916083.0,1244302556.0,1109.839779438172,12.671028435530681,696.0331111260552,772485.2345338057,78.92019223916441,0.060971759655296554,0.029141407936715158,0.03517389594191944,0.059036156154934405,0.2492480793766556,0.13439057122223863,0.1286646089881045,0.0602140907758393
maharashtra,8103,4618105060,4956544899176.127,80321622,5890201.0,2025,4,2025-Q4,2025-10-01,3052486746,8102.0,4306180488.0,78365134.0,5758748.0,2829226611.0,1073.2854352118457,13.636482354337314,784.0318284554296,841489.9422237249,73.33269490001086,0.07243648353087795,0.02496630708243286,0.0228266630177254,0.07891207234230269,0.27048991465530703,0.11525487627432862,0.08509947664619544,0.13234844674992918
manipur,8103,9815029,16462749477.20841,783532,29734.0,2025,4,2025-Q4,2025-10-01,4174837,8102.0,9804471.0,749966.0,25620.0,4269941.0,1677.3001360676988,26.35138225600323,330.09447097598706,553667.5010832183,37.94867344282046,0.0010768556508555793,0.04475669563686879,0.1605776736924278,-0.02227290728373066,0.692739608610095,0.17243783789445644,0.8203746785845476,0.00028128503489600355
meghalaya,8103,19837650,25907174026.51288,742750,16581.0,2025,4,2025-Q4,2025-10-01,9681598,8102.0,19876141.0,704327.0,14795.0,10342245.0,1305.9598302476795,44.79524757252277,1196.4085398950606,1562461.4936682275,22.323796701447325,-0.0019365429134358125,0.054552785850890295,0.12071645826292676,-0.06387849059851125,0.4176720896189241,0.21496595968815746,0.40934976625584363,0.0005685193668306741
mizoram,8103,4103095,5608639114.970993,312483,21331.0,2025,4,2025-Q4,2025-10-01,1979390,8102.0,3951837.0,295734.0,19563.0,2025992.0,1366.928895131844,14.64924288594065,192.3536168018377,262933.7168895501,68.26291350249454,0.03827536409016874,0.05663535474446624,0.09037468690896078,-0.02300206516116554,0.5270989587830535,0.20991292024981711,0.5277897149405528,0.0001175889770938647
nagaland,8103,11172635,16432361934.488552,555336,16637.0,2025,4,2025-Q4,2025-10-01,5394902,8102.0,11180872.0,533473.0,15356.0,5833318.0,1470.7687071571345,33.379575644647474,671.5534651679991,987699.8217520318,29.958439575320167,-0.0007367046148100131,0.04098239273590232,0.08342016150039067,-0.07515722612756581,0.40495978449453696,0.16849374445038268,0.4563200280112045,0.0003201921284038295
odisha,8103,1405458809,1488758944141.9893,21533027,1362649.0,2025,4,2025-Q4,2025-10-01,841861625,8102.0,1314272318.0,20979927.0,1316523.0,785652801.0,1059.2689978593241,15.802328405921115,1031.4166076517138,1092547.6363626944,63.28181356016504,0.06938173295680716,0.026363294781721613,0.0350362280036125,0.07154410183283999,0.2310275480945596,0.12821240566826875,0.12347008351107647,0.04027848823823756
puducherry,8103,18857093,21817658916.471947,693418,49890.0,2025,4,2025-Q4,2025-10-01,12734340,8102.0,18401595.0,677573.0,48779.0,12400209.0,1157.0001227905036,13.898937662858287,377.97340148326316,437315.27192767983,71.947944818277,0.024753180362897975,0.023384934169454752,0.022776194673937544,0.02694559422345222,0.15145057204346513,0.10173199722270332,0.10687107581035216,0.000540417971515131
punjab,8103,250577223,346479689165.021,13172691,931000.0,2025,4,2025-Q4,2025-10-01,152709681,8102.0,238293965.0,12758339.0,912817.0,147253055.0,1382.726191218988,14.14896992481203,269.1484672395274,372158.6349785403,70.6765231189284,0.051546660025569624,0.03247695487633617,0.019919655308785922,0.037056114048024336,0.2528105705225976,0.1333481203471345,0.0897517683592739,0.007181193546722956
rajasthan,8103,2359791146,3062398766099.904,41560104,3178588.0,2025,4,2025-Q4,2025-10-01,1482912609,8102.0,2323608156.0,40494453.0,3082538.0,1471559131.0,1297.7414426233736,13.075020732476181,742.4023327339057,963446.2742890565,76.4817142902241,0.015571898345497104,0.0263159746842363,0.031159388789367748,0.007715271347801478,0.15639700760692343,0.12095820864637452,0.11885080290326444,0.06762832130703743
sikkim,8103,12122190,14542438211.103767,391051,8877.0,2025,4,2025-Q4,2025-10-01,6862025,8102.0,11881826.0,379914.0,8403.0,6777789.0,1199.654370299737,44.0521572603357,1365.5728286583305,1638215.41186254,22.70036389115486,0.020229550575812105,0.029314529077633322,0.05640842556229919,0.012428241717173494,0.34362915618485346,0.13242095081995697,0.24624455987645666,0.000347405049660677
tamil nadu,8103,982036878,1229082839335.558,38313127,2282219.0,2025,4,2025-Q4,2025-10-01,606536327,8102.0,954438805.0,37334630.0,2227787.0,589397918.0,1251.5648514531224,16.787664549282958,430.29914219450455,538547.2819810711,59.567547175149656,0.02891549762585366,0.026208830782573633,0.0244332155632474,0.02907782412628057,0.19332631823955726,0.11597779667978991,0.11079912429535277,0.028143806553948273
telangana,8103,3485116309,4541925564459.137,34807525,2374216.0,2025,4,2025-Q4,2025-10-01,2268697781,8102.0,3228865085.0,34013239.0,2298730.0,2078091958.0,1303.2350032996092,14.660639554278127,1467.9019554244433,1913021.209721077,68.20984830148079,0.07936262967147178,0.023352259983237644,0.03283813236004218,0.0917215536426228,0.23399335397892407,0.10781002402886997,0.10571931814900615,0.09987857015946627
tripura,8103,20913736,25744145782.637417,1151875,51531.0,2025,4,2025-Q4,2025-10-01,11726652,8102.0,20791893.0,1109299.0,49397.0,11889161.0,1230.9682871887364,22.353049620616716,405.84766451262345,499585.6044446531,44.7366250678242,0.005860120576803629,0.038380995565667986,0.0432010041095614,-0.013668668461971345,0.3042894414085755,0.1572911224530804,0.18814415162205167,0.0005993584899816195
uttar pradesh,8103,3206270064,3696522346306.778,85800260,7586405.0,2025,4,2025-Q4,2025-10-01,1955108328,8102.0,2995994617.0,82795120.0,7328300.0,1840145039.0,1152.904238420628,11.309738934317375,422.63365375299634,487256.13071102556,88.41937075715155,0.07018552229928798,0.03629610054312371,0.03522031030389039,0.06247512373398312,0.2608532126081635,0.1573356180705836,0.12811848031846162,0.09188722588983196
uttarakhand,8103,203745180,220079294173.8281,6515385,477700.0,2025,4,2025-Q4,2025-10-01,132326331,8102.0,197711630.0,6335256.0,468380.0,129419380.0,1080.1693280490272,13.63907263973205,426.5128323215407,460706.07949304604,73.31876780880945,0.030516920021346206,0.028432789456337648,0.01989837311584619,0.02246148142573401,0.19001429686334603,0.12298424174776001,0.08147879830658122,0.00583905254545784
west bengal,8103,1595670079,2082769866475.068,41514118,3501166.0,2025,4,2025-Q4,2025-10-01,878593910,8102.0,1534941462.0,40328474.0,3397402.0,845070081.0,1305.2634713689258,11.857226421140842,455.75390569884433,594878.9250424196,84.33675502873504,0.03956412573602108,0.029399674284724897,0.030542161333866336,0.03966988034924879,0.2968686985035456,0.13834817686985845,0.11805472172902265,0.04572967780879952
telangana,8104,3571187698,4713863651916.881,35513627,2425675.0,2026,1,2026-Q1,2026-01-01,2320751024,8103.0,3485116309.0,34807525.0,2374216.0,2268697781.0,1319.9708473897417,14.640719387387016,1472.2449206921785,1943320.3755312979,68.30265464014701,0.02469684835990371,0.020285900821733316,0.02167410210359977,0.022944106278032228,0.20743227040165046,0.09983244365738364,0.1042957213961151,0.09851090536823041
tripura,8104,22097250,27676418661.486366,1191907,52868.0,2026,1,2026-Q1,2026-01-01,12274659,8103.0,20913736.0,1151875.0,51531.0,11726652.0,1252.4824881596744,22.544961035030642,417.97022773700536,523500.3908127103,44.35580963951047,0.05659027158036234,0.03475377102550192,0.02594554734043575,0.04673175259229989,0.18661575720044543,0.15455372338725226,0.15331588132635243,0.0006095507399029266
uttar pradesh,8104,3294478040,3761378430097.705,88629936,7724417.0,2026,1,2026-Q1,2026-01-01,2003989823,8103.0,3206270064.0,85800260.0,7586405.0,1955108328.0,1141.7221133147104,11.473996807784976,426.5018369671135,486946.57863469893,87.15358882804564,0.027511087412878554,0.032979806821098245,0.01819201584940422,0.02500193687477359,0.2582344536892067,0.15038975825027867,0.11441948357149556,0.09087789326164765
uttarakhand,8104,204739014,217602962797.85297,6690656,484584.0,2026,1,2026-Q1,2026-01-01,132495130,8103.0,203745180.0,6515385.0,477700.0,132326331.0,1062.830959994039,13.807009723804335,422.5046926848596,449051.0681282357,72.42697875963134,0.004877828275495988,0.02690109640489391,0.0144107180238644,0.0012756266929216942,0.16756706172184743,0.11886293199301456,0.07512834962571158,0.005647708084521633
west bengal,8104,1691843395,2280769839448.3564,42771072,3567960.0,2026,1,2026-Q1,2026-01-01,929319640,8103.0,1595670079.0,41514118.0,3501166.0,878593910.0,1348.0974930592536,11.987542461238355,474.1766709828585,639236.3814191741,83.41993392169361,0.06027142907904337,0.030277747921803266,0.019077644419030593,0.05773512588995744,0.2973758082552094,0.13205897972095682,0.1075609576660499,0.04666935447723719
andaman & nicobar islands,8104,7964501,10927506389.64598,214818,5541.0,2026,1,2026-Q1,2026-01-01,4993199,8103.0,7609535.0,209295.0,5260.0,4719538.0,1372.0264947729909,38.768814293448834,1437.376105396138,1972118.0995571162,25.793927883138284,0.04664752839693875,0.026388590267325984,0.05342205323193916,0.0579847010448904,0.25780130453143224,0.12639411052209337,0.27555248618784534,0.00021970007478340514
andhra pradesh,8104,3047429835,4349723573013.521,33598777,1971965.0,2026,1,2026-Q1,2026-01-01,1812911085,8103.0,2862709581.0,32906085.0,1916104.0,1696774348.0,1427.3416644598549,17.038221773713023,1545.377243003806,2205781.326247434,58.69157082711671,0.06452636873331508,0.021050574688541657,0.02915342799764531,0.06844559922590254,0.2577684301109886,0.10837099292807184,0.13286072517011882,0.08406308978386468
arunachal pradesh,8104,36174886,43929133553.19525,894421,32620.0,2026,1,2026-Q1,2026-01-01,20987088,8103.0,36103054.0,865553.0,30529.0,20914837.0,1214.3544433891307,27.41940527283875,1108.9787247087677,1346693.2419741033,36.47052115279046,0.0019896377741339677,0.03335208820257107,0.06849225326738506,0.003454533257897241,0.2734298991088322,0.15714198849353855,0.31569394587181865,0.0009978811176596194
assam,8104,503481347,522964731937.307,13764766,925132.0,2026,1,2026-Q1,2026-01-01,280234793,8103.0,468795161.0,13282617.0,886076.0,262799498.0,1038.6973321919452,14.878704876709486,544.2264963270106,565286.6098430353,67.21015090267426,0.07399006834031718,0.03629924735464396,0.044077483195572364,0.06634447604614535,0.3199172870125433,0.16566631347463723,0.21413816364509697,0.01388848963518864
bihar,8104,2098602814,2537338892793.637,43855409,2994241.0,2026,1,2026-Q1,2026-01-01,1152850594,8103.0,2022586363.0,42344157.0,2921494.0,1119034346.0,1209.0610361650058,14.64658623003292,700.8797267821795,847406.3686903082,68.27529530051812,0.03758378499459902,0.0356897410898982,0.024900615917746283,0.03021913323829284,0.3710388140130074,0.17707889774480434,0.13417317513762206,0.057889778050936834
chandigarh,8104,22820289,23784456763.0014,811491,62840.0,2026,1,2026-Q1,2026-01-01,15927532,8103.0,22627910.0,794106.0,61497.0,15785608.0,1042.2504624284732,12.913605983450031,363.1490929344367,378492.3100413972,77.43770417663289,0.008501845729455448,0.021892543312857393,0.02183846366489428,0.008990721168294469,0.14495222694652576,0.09698154373983603,0.08578833693304544,0.0006294957085043894
chhattisgarh,8104,625441700,681983078745.7452,12825130,701882.0,2026,1,2026-Q1,2026-01-01,381331900,8103.0,605701118.0,12478219.0,687021.0,369466099.0,1090.4023168678157,18.272487398166643,891.0923773511787,971649.192806975,54.727086587036545,0.03259129199758215,0.027801323249736276,0.021631070957074172,0.03211607514766879,0.25410696909443,0.1308371990085766,0.13616894532198476,0.01725275547867469
dadra & nagar haveli & daman & diu,8104,33719156,26943767275.15291,661947,27377.0,2026,1,2026-Q1,2026-01-01,23012051,8103.0,32546677.0,647249.0,26635.0,22194792.0,799.064106917531,24.178945830441613,1231.660006574862,984175.3031797826,41.358296056935075,0.036024537927481726,0.022708416698982825,0.02785808147174773,0.03682210673567021,0.2438908655435783,0.10876108640486426,0.1280646091721951,0.0009301400169117066
delhi,8104,1087780733,1157725625834.733,20688029,1864615.0,2026,1,2026-Q1,2026-01-01,729639080,8103.0,1087983371.0,20229290.0,1835425.0,727159498.0,1064.3005439541398,11.095067346342274,583.3808764812039,620892.5841713882,90.13014241231004,-0.00018625100842650788,0.022676969878824282,0.015903673536102003,0.003409956146924964,0.14866629418793464,0.10235461187000006,0.07376163673909875,0.030006337922243623
goa,8104,55169116,67324007480.50716,1325289,36079.0,2026,1,2026-Q1,2026-01-01,36831929,8103.0,52951592.0,1289056.0,35734.0,35239184.0,1220.3205771958926,36.7329748607223,1529.119875828044,1866016.4494721903,27.22349615819644,0.04187832539576908,0.028108165975721855,0.009654670621816797,0.04519812377040289,0.12146087489213353,0.11786849985238912,0.07717800203021441,0.001521835317860385
gujarat,8104,1127537297,1294388577019.756,34953549,2100808.0,2026,1,2026-Q1,2026-01-01,720203459,8103.0,1048194862.0,34132806.0,2064443.0,672395110.0,1147.9785018763384,16.63814541833428,536.7160145048953,616138.4462643688,60.10285250290321,0.07569435596031382,0.024045576563497262,0.017614920828523672,0.07110157151499807,0.24967946034022437,0.1139309097061525,0.08157443441255263,0.03110301931934951
haryana,8104,1030869286,1183521834050.4062,22159437,1672054.0,2026,1,2026-Q1,2026-01-01,682240539,8103.0,1025189236.0,21615414.0,1643434.0,679431344.0,1148.0813815326012,13.25282377243797,616.5287042164906,707825.126491373,75.45561739677773,0.005540489307283458,0.025168289628873186,0.017414754714822678,0.004134626735736724,0.20199245098732965,0.1130971615351466,0.09853227162829814,0.02843644055366626
himachal pradesh,8104,62733321,69091806359.40977,3529338,150358.0,2026,1,2026-Q1,2026-01-01,39046196,8103.0,62902497.0,3444065.0,147497.0,39612159.0,1101.3573848483134,23.472898016733396,417.2263597547187,459515.3324692386,42.60232372189912,-0.0026894957762964022,0.024759404947351404,0.019397004684841068,-0.014287608004400876,0.0876769449037309,0.1073648871248607,0.10372316997973985,0.0017304932619270636
jammu & kashmir,8104,154466958,172634617938.55566,5380456,355982.0,2026,1,2026-Q1,2026-01-01,93587796,8103.0,161467965.0,5205677.0,348390.0,98610091.0,1117.615185627956,15.114404660909821,433.91788910675257,484953.22218133404,66.1620502054101,-0.043358489097202635,0.033574691629926434,0.021791670254599715,-0.05093084236176193,0.16616591838163575,0.1449138004043884,0.1505373216334578,0.004260957745396115
jharkhand,8104,764591317,875924845949.5278,15393721,1030825.0,2026,1,2026-Q1,2026-01-01,455474383,8103.0,739371210.0,14935840.0,1007283.0,441921141.0,1145.6118144087266,14.933398976547911,741.7275648145902,849731.8613242091,66.96399135725534,0.03411020967397427,0.030656528189910937,0.023371783302210014,0.030668915203583724,0.2756051649068898,0.14957226309805405,0.12045464920880944,0.021091185690558924
karnataka,8104,4228148988,4953796605453.972,51308731,3241683.0,2026,1,2026-Q1,2026-01-01,2825330293,8103.0,4064289183.0,50339561.0,3182349.0,2703392355.0,1171.6230008718821,15.827806420306983,1304.3067406652656,1528155.7775556622,63.17994884730242,0.04031696506375293,0.019252651011398392,0.01864471809974333,0.045105527421675395,0.13357532177769715,0.09469235599729697,0.08407086008801157,0.11663312602496739
kerala,8104,284616383,327358436194.98,15839220,1070637.0,2026,1,2026-Q1,2026-01-01,180100477,8103.0,281159658.0,15459282.0,1050542.0,177673616.0,1150.1742547089427,14.794201956405391,265.83835884618225,305760.4362589561,67.59404819176702,0.012294526976555087,0.024576691207263135,0.019128221432365367,0.013659096126011239,0.1486779358938759,0.11472711487659693,0.10468789982418047,0.007851118435377469
ladakh,8104,5780356,9734397006.12715,237706,2639.0,2026,1,2026-Q1,2026-01-01,3180624,8103.0,6343728.0,231656.0,2624.0,3470604.0,1684.0480077917605,90.07427055702918,2190.35846911709,3688668.8162664454,11.101949466988634,-0.08880771685040723,0.026116310391269826,0.005716463414634054,-0.0835531797923359,0.19677866900320895,0.11500124302848636,0.07538712306438478,0.0001594506228920939
lakshadweep,8104,351993,352164967.7721263,17882,369.0,2026,1,2026-Q1,2026-01-01,229831,8103.0,326937.0,17251.0,369.0,219710.0,1000.48855452275,48.46070460704607,953.910569105691,954376.6064285266,20.635275696230845,0.0766386184494261,0.036577589704944735,0.0,0.04606526785307907,0.22883705017385592,0.163586673607496,0.36162361623616235,9.709696617934398e-06
madhya pradesh,8104,2186611174,2424177486736.081,39250624,3081980.0,2026,1,2026-Q1,2026-01-01,1369000689,8103.0,2101082439.0,38249438.0,3018653.0,1317761396.0,1108.6458880119494,12.735521969642893,709.4825969019915,786564.9636714323,78.52053511302138,0.040706986747605756,0.026175181972608375,0.020978562292519154,0.03888358936263758,0.26875126292428364,0.12566775055037116,0.11525807427478796,0.060317481088900525
maharashtra,8104,4829477429,5179476090387.984,82017557,6005973.0,2026,1,2026-Q1,2026-01-01,3200987799,8103.0,4618105060.0,80321622.0,5890201.0,3052486746.0,1072.4713318435481,13.655998287038587,804.1124109282542,862387.5083001512,73.22789436412987,0.0457703682037931,0.02111430219872812,0.01965501686614779,0.04864920484735835,0.23688940823945326,0.10569869573413393,0.08199392596217003,0.13322071932894067
manipur,8104,10234367,17003536000.669716,814173,32712.0,2026,1,2026-Q1,2026-01-01,4367144,8103.0,9815029.0,783532.0,29734.0,4174837.0,1661.4155033398465,24.889123257520176,312.8627720714111,519795.05993732315,40.17819308672727,0.042724071421490484,0.03910625220156927,0.10015470505145618,0.04606335528788308,0.3162932586954681,0.17308894850743894,0.7267736486486487,0.00028231413308389485
meghalaya,8104,19926435,23441855945.13065,778471,17977.0,2026,1,2026-Q1,2026-01-01,8839945,8103.0,19837650.0,742750.0,16581.0,9681598.0,1176.4199639890753,43.30372142181677,1108.4405073149023,1303991.5416994297,23.0927035175363,0.004475580524911038,0.04809289801413663,0.0841927507387974,-0.0869332727923634,0.28009212402065553,0.2154607368917396,0.420657499604868,0.0005496689949146421
mizoram,8104,4151140,5847542175.098959,327659,22918.0,2026,1,2026-Q1,2026-01-01,1959194,8103.0,4103095.0,312483.0,21331.0,1979390.0,1408.6593502264338,14.29701544637403,181.13011606597433,255150.631603934,69.94466808480769,0.011709453473536469,0.0485658419818038,0.07439876236463361,-0.010203143392661373,0.2912145934988557,0.2122273811946207,0.42012640971619786,0.00011450883971718811
nagaland,8104,11029965,16014395834.15149,575983,17757.0,2026,1,2026-Q1,2026-01-01,5145327,8103.0,11172635.0,555336.0,16637.0,5394902.0,1451.8990617061331,32.43695444050234,621.1615137692178,901863.8190094886,30.82903488471014,-0.012769592848956401,0.037179293256695,0.06731982929614722,-0.04626126665507546,0.31033702379106765,0.16751259775166116,0.4002838892831795,0.00030426063545705394
odisha,8104,1487851895,1697499511605.2278,22049893,1397254.0,2026,1,2026-Q1,2026-01-01,889549627,8103.0,1405458809.0,21533027.0,1362649.0,841861625.0,1140.9062402714671,15.78087663374018,1064.8399610951194,1214882.5565038482,63.36783584391997,0.05862362203174332,0.024003406488089185,0.02539538795390439,0.056645891181938524,0.2668734647815987,0.11749829384296495,0.1197829763021021,0.041042266502086075
puducherry,8104,19790951,23200917884.88138,707787,50591.0,2026,1,2026-Q1,2026-01-01,13385336,8103.0,18857093.0,693418.0,49890.0,12734340.0,1172.2992939996354,13.990373781897967,391.19509398904944,458597.7324994837,71.47771857917706,0.04952290366282863,0.02072198875714215,0.014050912006414062,0.05112129878737326,0.12367431680449426,0.09589149267250385,0.09513810719542826,0.0005459316804322966
punjab,8104,256961583,349778644051.6034,13581016,943590.0,2026,1,2026-Q1,2026-01-01,156323287,8103.0,250577223.0,13172691.0,931000.0,152709681.0,1361.2098741297193,14.392920654097649,272.323342765396,370689.2231282691,69.4786016009406,0.02547861263511564,0.030997842430221745,0.013523093447905588,0.023663241101263166,0.19683515715896083,0.1320313224137437,0.07568031573079437,0.007088263156921215
rajasthan,8104,2435127309,3091642766729.338,42603158,3240632.0,2026,1,2026-Q1,2026-01-01,1529887412,8103.0,2359791146.0,41560104.0,3178588.0,1482912609.0,1269.6021088108696,13.146558449092646,751.4359263871985,954024.6367774366,76.0655348601153,0.03192492824108606,0.025097482912939784,0.01951935891030865,0.03167739131416347,0.1965655786584768,0.11501649696422622,0.10707078712755091,0.06717277728942618
sikkim,8104,13287804,15967341009.509085,402651,9257.0,2026,1,2026-Q1,2026-01-01,7607696,8103.0,12122190.0,391051.0,8877.0,6862025.0,1201.6538631597127,43.4969212487847,1435.4330776709517,1724893.7030905352,22.990132894243402,0.09615539766329362,0.029663650009845277,0.04280725470316549,0.10866631934450832,0.3486774382464499,0.1271951065884691,0.21690548179308533,0.00036654292999740095
tamil nadu,8104,1015223360,1291277296711.4182,39201469,2318838.0,2026,1,2026-Q1,2026-01-01,630192289,8103.0,982036878.0,38313127.0,2282219.0,606536327.0,1271.914484622791,16.9056523137882,437.8155610698117,556863.9537179476,59.151813928197434,0.03379351910651973,0.02318636116545636,0.016045348846889906,0.03900172330485985,0.15932187401927878,0.109266022499656,0.09680254282984424,0.028004849031202313
andaman & nicobar islands,8105,7753095,10442295042.827309,220759,5789.0,2026,2,2026-Q2,2026-04-01,4915599,8104.0,7964501.0,214818.0,5541.0,4993199.0,1346.8550356763728,38.13422007255139,1339.280532043531,1803816.7287661615,26.223166439420364,-0.026543533612463643,0.02765596923907676,0.04475726403176328,-0.015541139057345776,0.21612044919202633,0.1214921460649041,0.26149487905861846,0.0002005234252085177
andhra pradesh,8105,3245956863,4623697374921.988,34327612,2031948.0,2026,2,2026-Q2,2026-04-01,1978617733,8104.0,3047429835.0,33598777.0,1971965.0,1812911085.0,1424.4481889536398,16.89394216781138,1597.4605959404473,2275499.8528121724,59.19281539304278,0.06514572566032517,0.02169230743130912,0.03041788267033141,0.09140362667041657,0.28252105169231756,0.10088598142410299,0.1320883385788474,0.08395232977899217
arunachal pradesh,8105,40632514,47494947481.35698,951240,35125.0,2026,2,2026-Q2,2026-04-01,24690742,8104.0,36174886.0,894421.0,32620.0,20987088.0,1168.8902016094053,27.08156583629893,1156.7975516014235,1352169.3233126542,36.92548673310626,0.1232243827941848,0.06352601291785409,0.07679337829552413,0.1764729818638966,0.30435369084216735,0.1839766600118493,0.32153203657022456,0.0010509055908786166
assam,8105,549125066,519696079352.8696,14095525,984328.0,2026,2,2026-Q2,2026-04-01,314710936,8104.0,503481347.0,13764766.0,925132.0,280234793.0,946.4074971818344,14.319947212717713,557.8679728708316,527970.4319625873,69.83265965616746,0.09065622643613058,0.024029395051103686,0.06398654462282138,0.12302591919769212,0.33113853452380737,0.14907678644826294,0.23899936308458392,0.014202384867227004
bihar,8105,2289051873,2678141315406.156,44813491,3076811.0,2026,2,2026-Q2,2026-04-01,1295213536,8104.0,2098602814.0,43855409.0,2994241.0,1152850594.0,1169.9784294954488,14.564915102032591,743.9689577942877,870427.6328335266,68.65814136193943,0.09075040676086688,0.021846381594571307,0.02757627058075829,0.12348776393135985,0.2761010060773661,0.15522301736470934,0.1302671591118647,0.059203262961943955
chandigarh,8105,25137055,25233291728.69225,829123,64346.0,2026,2,2026-Q2,2026-04-01,17838348,8104.0,22820289.0,811491.0,62840.0,15927532.0,1003.8284806510648,12.88538526093308,390.654508438753,392150.121665562,77.60730313837634,0.10152220245764632,0.021727905793163416,0.023965626989178812,0.11996937127484664,0.2410009484846265,0.09388321065804006,0.0879732174559964,0.0006501362834139007
chhattisgarh,8105,646201571,678401352461.2666,13192734,715816.0,2026,2,2026-Q2,2026-04-01,402505854,8104.0,625441700.0,12825130.0,701882.0,381331900.0,1049.829314731373,18.430342434368608,902.7481517596701,947731.4735368679,54.25835160475456,0.033192335912364035,0.028662789383031573,0.019852339851997858,0.05552631185589241,0.21870087112269987,0.1259882788342197,0.11881038010256306,0.016713138739051326
dadra & nagar haveli & daman & diu,8105,33036223,26552512651.741745,685445,27992.0,2026,2,2026-Q2,2026-04-01,22891864,8104.0,33719156.0,661947.0,27377.0,23012051.0,803.7393576057937,24.48717490711632,1180.2023078022291,948575.0447178389,40.837703973331195,-0.020253561506699658,0.03549831028768158,0.022464112210980103,-0.005222785226749238,0.1704450725874056,0.11757033268931338,0.1237705247099441,0.0008544376912590924
delhi,8105,1171904826,1176560966476.9006,21250201,1893905.0,2026,2,2026-Q2,2026-04-01,802878308,8104.0,1087780733.0,20688029.0,1864615.0,729639080.0,1003.9731387512015,11.22030988882758,618.7769851180498,621235.4719359739,89.12409816735381,0.0773355240150222,0.02717378248067992,0.01570833657350179,0.1003773372446004,0.1857144137338549,0.10311671388740207,0.0723960250276039,0.030309749813192274
goa,8105,55208797,69089808304.2454,1347940,36404.0,2026,2,2026-Q2,2026-04-01,37488228,8104.0,55169116.0,1325289.0,36079.0,36831929.0,1251.4275271066929,37.02724975277442,1516.558537523349,1897863.1003253874,27.00713681617876,0.0007192611170350194,0.01709136648685683,0.009008010199839322,0.017818751768336583,0.20617820955864086,0.10657951554616396,0.056842594205422925,0.0014279016413550635
gujarat,8105,1157902686,1297688887688.3652,36083882,2136458.0,2026,2,2026-Q2,2026-04-01,757197417,8104.0,1127537297.0,34953549.0,2100808.0,720203459.0,1120.723618123091,16.889581728262385,541.9730628919455,607402.0119695147,59.2080973992765,0.02693071801774738,0.032338146835962256,0.016969661197025143,0.051365982123115606,0.2592621085258562,0.11866174086830927,0.07769656431752958,0.029947603202961238
haryana,8105,1130714938,1263508678455.987,22839223,1706826.0,2026,2,2026-Q2,2026-04-01,768184781,8104.0,1030869286.0,22159437.0,1672054.0,682240539.0,1117.4422800948148,13.381107974685175,662.4664365319019,740268.0053244954,74.73222709896918,0.0968557831298118,0.030677042923066944,0.020795979077230742,0.12597351972952753,0.20097292412838597,0.115536216548771,0.09438440852975916,0.029244428489809134
himachal pradesh,8105,74853009,82068147069.82556,3592809,154191.0,2026,2,2026-Q2,2026-04-01,47984389,8104.0,62733321.0,3529338.0,150358.0,39046196.0,1096.390755244396,23.301029242951923,485.4564079615542,532249.9177631999,42.91655916025594,0.19319378931014985,0.017983825861960456,0.025492491254206717,0.2289132851763589,0.1713552481412819,0.09856213107310419,0.10677960018662747,0.0019359728923538282
jammu & kashmir,8105,187742125,203028380125.5166,5645686,365134.0,2026,2,2026-Q2,2026-04-01,117475120,8104.0,154466958.0,5380456.0,355982.0,93587796.0,1081.421551639072,15.461956432433025,514.1732213379198,556038.0028305132,64.67486856335971,0.21541931964504668,0.04929507833536784,0.02570916507014398,0.2552397323257831,0.2054140765255148,0.16023831625794727,0.13592145419250068,0.004855698783637462
jharkhand,8105,815309961,908972692433.1244,15790280,1055747.0,2026,2,2026-Q2,2026-04-01,498662306,8104.0,764591317.0,15393721.0,1030825.0,455474383.0,1114.8799056965336,14.956499994790418,772.2588470533186,860975.8705761175,66.86056232061749,0.0663343185729639,0.02576108791370202,0.024176751630975213,0.09481965311757179,0.2244970953272738,0.13739306065676615,0.11638100132496265,0.021086900906843394
karnataka,8105,4491711923,5292341222754.296,52534800,3305459.0,2026,2,2026-Q2,2026-04-01,3033113369,8104.0,4228148988.0,51308731.0,3241683.0,2825330293.0,1178.245914582064,15.893344918209543,1358.8769133121905,1601091.1715299739,62.91941722439221,0.06233529985533237,0.023895913543447334,0.019673731206907075,0.07354293284392299,0.20418621679037452,0.09219077401205156,0.08401330281682973,0.11617211705130631
kerala,8105,294649816,335501492227.256,16304760,1091604.0,2026,2,2026-Q2,2026-04-01,191946358,8104.0,284616383.0,15839220.0,1070637.0,180100477.0,1138.6448387507426,14.936515439664934,269.92372325495325,307347.2543406363,66.95001950350695,0.03525247877245352,0.029391598828730103,0.01958366841422432,0.0657737347358609,0.24060224162923283,0.1165329706322511,0.09684251987492254,0.0076207231230082315
ladakh,8105,9257425,15460287202.182652,250921,2676.0,2026,2,2026-Q2,2026-04-01,5270609,8104.0,5780356.0,237706.0,2639.0,3180624.0,1670.0418531268308,93.76718983557548,3459.4263826606875,5777386.846854503,10.66471120392474,0.6015319817672129,0.05559388488300665,0.014020462296324476,0.6570990472309837,0.2095340143449349,0.14057592218004955,0.0794675272287213,0.00023943090721975703
lakshadweep,8105,371196,370577513.7308949,18419,374.0,2026,2,2026-Q2,2026-04-01,248709,8104.0,351993.0,17882.0,369.0,229831.0,998.3338013634169,49.24866310160428,992.5026737967914,990848.9671949062,20.305119713339487,0.054555062174531876,0.030030197964433514,0.013550135501354976,0.08213861489529273,0.3154302481342093,0.15212360042534567,0.22622950819672139,9.600487720542692e-06
madhya pradesh,8105,2283838085,2568376073176.965,40093377,3144386.0,2026,2,2026-Q2,2026-04-01,1456576342,8104.0,2186611174.0,39250624.0,3081980.0,1369000689.0,1124.5876360700784,12.750780915574614,726.3224314699277,816813.2262314375,78.42656905653021,0.044464654784573066,0.021471072663711066,0.020248671308704225,0.06397049592719384,0.24302736710593287,0.11489857043333918,0.10788542122136424,0.05906841531360854
maharashtra,8105,5064451991,5465176553156.582,84075442,6113793.0,2026,2,2026-Q2,2026-04-01,3413003601,8104.0,4829477429.0,82017557.0,6005973.0,3200987799.0,1079.1249601869474,13.751764575607973,828.3649758832202,893909.3216202416,72.7179406324144,0.04865424167613397,0.025090786354438732,0.017952128655922994,0.06623449238583001,0.2548434849496639,0.10266867499293975,0.08136303049426719,0.13098527233826196
manipur,8105,10459691,16979159239.826668,854036,34456.0,2026,2,2026-Q2,2026-04-01,4552091,8104.0,10234367.0,814173.0,32712.0,4367144.0,1623.2945351661601,24.78627815184583,303.56660668678893,492778.0136935996,40.34490349352955,0.02201640804946714,0.048961338683547684,0.053313768647591075,0.04234964544333786,0.21615334216601445,0.18678747116533723,0.611448882237396,0.0002705259081621863
meghalaya,8105,22400813,24333710508.62982,821275,21772.0,2026,2,2026-Q2,2026-04-01,10836114,8104.0,19926435.0,778471.0,17977.0,8839945.0,1086.286935596035,37.72161491824362,1028.881728826015,1117660.7802971625,26.509999695595262,0.12417564908123313,0.05498470720168114,0.21110307615286206,0.2258123777919432,0.29452696176418214,0.2241027246169438,0.6163325909428359,0.0005793670463492955
mizoram,8105,4630626,6078019513.264366,349070,24387.0,2026,2,2026-Q2,2026-04-01,2231778,8104.0,4151140.0,327659.0,22918.0,1959194.0,1312.5697288583372,14.313773731906343,189.88092016238159,249231.94789290876,69.86277823932163,0.11550706552898715,0.06534537430682508,0.06409808883846768,0.13913068333202316,0.36242767678639987,0.2376964316105974,0.3924289140116479,0.0001197649437262948
nagaland,8105,12358326,16371304304.889984,602471,19236.0,2026,2,2026-Q2,2026-04-01,6083226,8104.0,11029965.0,575983.0,17757.0,5145327.0,1324.7185990149462,31.31997296735288,642.4582033686837,851076.3310922221,31.92850776219934,0.12043202312971979,0.045987468380143115,0.08329109646899813,0.1822817092091522,0.30673430461374585,0.17624629537795933,0.38717819283190313,0.00031963156124921465
odisha,8105,1523130010,1666312139398.4292,22586814,1434708.0,2026,2,2026-Q2,2026-04-01,932756499,8104.0,1487851895.0,22049893.0,1397254.0,889549627.0,1094.0051922412251,15.743143552555642,1061.6306663097996,1161429.4611854323,63.51971552960059,0.023710770620754662,0.024350276892500133,0.026805434087145308,0.04857162623485656,0.21513070697487668,0.10992854914333017,0.12040783336183725,0.03939371910741244
puducherry,8105,20671909,23907680131.681885,723563,51299.0,2026,2,2026-Q2,2026-04-01,14273998,8104.0,19790951.0,707787.0,50591.0,13385336.0,1156.529865320222,14.104816858028421,402.9690442308817,466045.7344525602,70.89776564031052,0.04451317170155189,0.022289191522308238,0.013994584016919998,0.0663907129413861,0.18152099206590755,0.09398699727850013,0.07943354936453151,0.00053465125840439
punjab,8105,282364073,369629734686.8381,14095349,958812.0,2026,2,2026-Q2,2026-04-01,176968809,8104.0,256961583.0,13581016.0,943590.0,156323287.0,1309.0537006343511,14.700847507123399,294.4936786356449,385508.03983141435,68.02328910053947,0.09885715095396197,0.0378714670537168,0.016132006485867878,0.13206939539340667,0.285921898613434,0.14031082186019206,0.07059735190143668,0.007302968823906832
rajasthan,8105,2553428529,3189512812270.483,43692290,3314270.0,2026,2,2026-Q2,2026-04-01,1639275785,8104.0,2435127309.0,42603158.0,3240632.0,1529887412.0,1249.109883455243,13.18308104047045,770.4346746040607,962357.5666045563,75.85480184261343,0.04858112327957964,0.025564583733440616,0.02272334532276421,0.07150093016125814,0.17108036562087237,0.11132222328795716,0.10269462771284354,0.0660410113200247
sikkim,8105,14956244,18254633450.45656,407103,9576.0,2026,2,2026-Q2,2026-04-01,8719037,8104.0,13287804.0,402651.0,9257.0,7607696.0,1220.5359480934223,42.51284461152882,1561.8467000835421,1906290.042863049,23.52230270963368,0.1255617557272819,0.011056721577743511,0.03446040833963493,0.14608115255919785,0.34054541453736653,0.1039662222993567,0.18823675393969475,0.0003868232331906602
tamil nadu,8105,1049292967,1316704395266.619,40264046,2358819.0,2026,2,2026-Q2,2026-04-01,667642639,8104.0,1015223360.0,39201469.0,2318838.0,630192289.0,1254.849157172154,17.069578462781585,444.8382716096487,558204.9302072854,58.58375484669375,0.03355873036648793,0.027105540356153535,0.017241825431530744,0.05942686169554201,0.19231926642800068,0.10864899143042073,0.08533934065752047,0.02713855818741395
telangana,8105,3878232440,5128045744092.112,36479877,2481953.0,2026,2,2026-Q2,2026-04-01,2560637907,8104.0,3571187698.0,35513627.0,2425675.0,2320751024.0,1322.2636403124184,14.69805310575986,1562.572877085102,2066133.300707996,68.03622172300636,0.08597832653040238,0.02720786587075441,0.023200964679934488,0.1033660571596069,0.27386575887555953,0.10006738840136054,0.10505427201501694,0.10030529132218645
tripura,8105,22862994,26743110330.736546,1242083,55157.0,2026,2,2026-Q2,2026-04-01,12958118,8104.0,22097250.0,1191907.0,52868.0,12274659.0,1169.7116454098946,22.519045633373825,414.5075693021738,484854.3309233016,44.406855258465015,0.03465336184366841,0.04209724416418403,0.043296512067791504,0.055680487743080986,0.21914992119222587,0.16186439647422968,0.16083342102493958,0.0005913207393178839
uttar pradesh,8105,3665306240,3938705461574.024,90563992,7866204.0,2026,2,2026-Q2,2026-04-01,2293024606,8104.0,3294478040.0,88629936.0,7724417.0,2003989823.0,1074.5910992621516,11.5130489877964,465.9561638625187,500712.34633299924,86.85796447665426,0.11256053174359604,0.021821701417002126,0.01835568949734334,0.14422966608049492,0.27528642902525347,0.13601159844813804,0.10499311609670259,0.09479824014576801
uttarakhand,8105,247026782,255234602776.5152,6755122,493992.0,2026,2,2026-Q2,2026-04-01,163964261,8104.0,204739014.0,6690656.0,484584.0,132495130.0,1033.226440914877,13.67455748271227,500.062312750004,516677.6036383488,73.12850900398246,0.20654474774407183,0.009635228593429357,0.0194145906592047,0.23751160514352487,0.21941459498001015,0.09789111197214417,0.07479520903364767,0.006389017088643672
west bengal,8105,1782353009,2211838113700.3,43272502,3631496.0,2026,2,2026-Q2,2026-04-01,1005841996,8104.0,1691843395.0,42771072.0,3567960.0,929319640.0,1240.9652310914912,11.915888658558346,490.80406780015727,609070.7834182661,83.92156293620369,0.05349763120362572,0.011723578029561699,0.017807374522135877,0.0823423424043852,0.26358968812991,0.10894437111421018,0.09787333100547047,0.046098175024991694
