state,year,quarter,period_id,period_label,transaction_count,transaction_amount,registered_users,registered_merchants,average_transaction_value,merchants_per_100k_users,users_per_merchant,transactions_per_registered_user,tpv_per_registered_user,transactions_per_merchant,prior_period_id,prior_transactions,prior_tpv,prior_users,prior_merchants,transaction_qoq,tpv_qoq,user_qoq,merchant_qoq,transaction_yoy
andaman & nicobar islands,2018,1,8072,2018-Q1,9089,18569126.2,9292,,2043.032919,,,0.97815,1998.39929,,,,,,,,,,,
andaman & nicobar islands,2018,2,8073,2018-Q2,15062,35517275.86,12739,,2358.071694,,,1.18235,2788.074092,,8072.0,9089.0,18569126.2,9292.0,,0.65717,0.9127058,0.37096,,
andaman & nicobar islands,2018,3,8074,2018-Q3,21154,67343424.71,15949,,3183.484197,,,1.32635,4222.423018,,8073.0,15062.0,35517275.86,12739.0,,0.40446,0.8960752,0.25198,,
andaman & nicobar islands,2018,4,8075,2018-Q4,31139,107983057.52,20050,,3467.775379,,,1.55307,5385.688654,,8074.0,21154.0,67343424.71,15949.0,,0.47201,0.6034685,0.25713,,
andaman & nicobar islands,2019,1,8076,2019-Q1,40726,126352730.02,24369,5.0,3102.507735,20.51787,4873.8,1.67122,5184.978047,8145.2,8075.0,31139.0,107983057.52,20050.0,,0.30788,0.1701162,0.21541,,3.4808
andaman & nicobar islands,2019,2,8077,2019-Q2,46764,163354796.04,28099,9.0,3493.174152,32.02961,3122.11111,1.66426,5813.544825,5196.0,8076.0,40726.0,126352730.02,24369.0,5.0,0.14826,0.2928474,0.15306,0.8,2.10477
andaman & nicobar islands,2019,3,8078,2019-Q3,40623,151428296.95,31181,22.0,3727.649286,70.55579,1417.31818,1.30281,4856.428497,1846.5,8077.0,46764.0,163354796.04,28099.0,9.0,-0.13132,-0.0730098,0.10968,1.44444,0.92035
andaman & nicobar islands,2019,4,8079,2019-Q4,41665,170840663.9,33871,34.0,4100.339947,100.38086,996.20588,1.23011,5043.862416,1225.44118,8078.0,40623.0,151428296.95,31181.0,22.0,0.02565,0.1281951,0.08627,0.54545,0.33803
andaman & nicobar islands,2020,1,8080,2020-Q1,49104,181027348.66,36875,55.0,3686.611043,149.15254,670.45455,1.33163,4909.216235,892.8,8079.0,41665.0,170840663.9,33871.0,34.0,0.17854,0.0596268,0.08869,0.61765,0.20572
andaman & nicobar islands,2020,2,8081,2020-Q2,78685,197252557.32,41393,67.0,2506.863536,161.86312,617.80597,1.90093,4765.360262,1174.40299,8080.0,49104.0,181027348.66,36875.0,55.0,0.60242,0.0896285,0.12252,0.21818,0.6826
andaman & nicobar islands,2020,3,8082,2020-Q3,143989,392083841.72,50005,76.0,2723.012464,151.9848,657.96053,2.87949,7840.892745,1894.59211,8081.0,78685.0,197252557.32,41393.0,67.0,0.82994,0.987725,0.20805,0.13433,2.54452
andaman & nicobar islands,2020,4,8083,2020-Q4,272005,732159322.5,61520,187.0,2691.712735,303.96619,328.98396,4.42141,11901.159338,1454.57219,8082.0,143989.0,392083841.72,50005.0,76.0,0.88907,0.867354,0.23028,1.46053,5.52838
andaman & nicobar islands,2021,1,8084,2021-Q1,316270,962447873.37,69111,329.0,3043.120983,476.04578,210.06383,4.57626,13926.11702,961.30699,8083.0,272005.0,732159322.5,61520.0,187.0,0.16274,0.3145334,0.12339,0.75936,5.44082
andaman & nicobar islands,2021,2,8085,2021-Q2,457972,1105731027.18,77369,406.0,2414.40749,524.75798,190.56404,5.91932,14291.654631,1128.00985,8084.0,316270.0,962447873.37,69111.0,329.0,0.44804,0.1488737,0.11949,0.23404,4.82032
andaman & nicobar islands,2021,3,8086,2021-Q3,587428,1530805193.85,85547,589.0,2605.945229,688.51041,145.24109,6.86673,17894.317672,997.33107,8085.0,457972.0,1105731027.18,77369.0,406.0,0.28267,0.3844282,0.1057,0.45074,3.07967
andaman & nicobar islands,2021,4,8087,2021-Q4,722741,2012194678.69,94375,1110.0,2784.115857,1176.15894,85.02252,7.65818,21321.268119,651.11802,8086.0,587428.0,1530805193.85,85547.0,589.0,0.23035,0.3144682,0.10319,0.88455,1.65709
andaman & nicobar islands,2022,1,8088,2022-Q1,998495,2453419279.59,102605,1618.0,2457.117241,1576.9212,63.41471,9.73145,23911.303344,617.11681,8087.0,722741.0,2012194678.69,94375.0,1110.0,0.38154,0.2192753,0.08721,0.45766,2.1571
andaman & nicobar islands,2022,2,8089,2022-Q2,1419556,3229468164.91,111074,2036.0,2274.984689,1833.01223,54.55501,12.78027,29074.924509,697.2279,8088.0,998495.0,2453419279.59,102605.0,1618.0,0.4217,0.3163132,0.08254,0.25834,2.09966
andaman & nicobar islands,2022,3,8090,2022-Q3,1876971,3727232315.1,119671,2469.0,1985.769794,2063.15649,48.46942,15.68443,31145.660311,760.21507,8089.0,1419556.0,3229468164.91,111074.0,2036.0,0.32222,0.1541319,0.0774,0.21267,2.19524
andaman & nicobar islands,2022,4,8091,2022-Q4,2263155,4313612056.4,127606,2740.0,1906.017068,2147.23446,46.57153,17.73549,33804.147582,825.96898,8090.0,1876971.0,3727232315.1,119671.0,2469.0,0.20575,0.1573231,0.06631,0.10976,2.13135
andaman & nicobar islands,2023,1,8092,2023-Q1,2449897,4656305779.67,134328,2880.0,1900.612875,2144.00572,46.64167,18.23817,34663.70213,850.65868,8091.0,2263155.0,4313612056.4,127606.0,2740.0,0.08251,0.0794447,0.05268,0.05109,1.45359
andaman & nicobar islands,2023,2,8093,2023-Q2,2939168,5236683780.98,141172,3030.0,1781.689165,2146.31797,46.59142,20.81977,37094.351436,970.02244,8092.0,2449897.0,4656305779.67,134328.0,2880.0,0.19971,0.1246434,0.05095,0.05208,1.07048
andaman & nicobar islands,2023,3,8094,2023-Q3,3294013,5429583227.21,148091,3143.0,1648.3187,2122.34369,47.11772,22.24317,36663.829856,1048.04741,8093.0,2939168.0,5236683780.98,141172.0,3030.0,0.12073,0.0368362,0.04901,0.03729,0.75496
andaman & nicobar islands,2023,4,8095,2023-Q4,3921213,6538722461.52,155470,3205.0,1667.525447,2061.49096,48.50858,25.22167,42057.776172,1223.46739,8094.0,3294013.0,5429583227.21,148091.0,3143.0,0.19041,0.204277,0.04983,0.01973,0.73263
andaman & nicobar islands,2024,1,8096,2024-Q1,4328346,7073085032.74,162750,3255.0,1634.131151,2000.0,50.0,26.59506,43459.815869,1329.753,8095.0,3921213.0,6538722461.52,155470.0,3205.0,0.10383,0.0817228,0.04683,0.0156,0.76675
andaman & nicobar islands,2024,2,8097,2024-Q2,4795590,7495263210.12,170651,3440.0,1562.949128,2015.81005,49.60785,28.10174,43921.589736,1394.06686,8096.0,4328346.0,7073085032.74,162750.0,3255.0,0.10795,0.059688,0.04855,0.05684,0.63161
andaman & nicobar islands,2024,3,8098,2024-Q3,5294506,7666206641.66,178309,3739.0,1447.955039,2096.92164,47.68895,29.69287,42993.941089,1416.02193,8097.0,4795590.0,7495263210.12,170651.0,3440.0,0.10404,0.0228069,0.04488,0.08692,0.60731
andaman & nicobar islands,2024,4,8099,2024-Q4,6079801,8934732725.34,184669,4041.0,1469.576508,2188.2395,45.69884,32.92269,48382.417868,1504.52883,8098.0,5294506.0,7666206641.66,178309.0,3739.0,0.14832,0.1654699,0.03567,0.08077,0.55049
andaman & nicobar islands,2025,1,8100,2025-Q1,6332082,9162142602.95,190713,4344.0,1446.93998,2277.76816,43.90262,33.20215,48041.521044,1457.6616,8099.0,6079801.0,8934732725.34,184669.0,4041.0,0.04149,0.0254523,0.03273,0.07498,0.46293
andaman & nicobar islands,2025,2,8101,2025-Q2,6375269,8893455438.41,196844,4589.0,1394.99297,2331.28772,42.89475,32.38742,45180.221081,1389.25016,8100.0,6332082.0,9162142602.95,190713.0,4344.0,0.00682,-0.0293258,0.03215,0.0564,0.3294
andaman & nicobar islands,2025,3,8102,2025-Q3,6731822,8790337988.97,203056,4894.0,1305.788832,2410.17256,41.49081,33.15254,43290.215453,1375.52554,8101.0,6375269.0,8893455438.41,196844.0,4589.0,0.05593,-0.0115948,0.03156,0.06646,0.27147
andaman & nicobar islands,2025,4,8103,2025-Q4,7609535,10377697808.66,209295,5260.0,1363.775554,2513.19907,39.78992,36.35794,49584.069417,1446.67966,8102.0,6731822.0,8790337988.97,203056.0,4894.0,0.13038,0.1805801,0.03073,0.07479,0.25161
andaman & nicobar islands,2026,1,8104,2026-Q1,7964501,10927506389.65,214818,5541.0,1372.026495,2579.39279,38.76881,37.07558,50868.672037,1437.37611,8103.0,7609535.0,10377697808.66,209295.0,5260.0,0.04665,0.0529798,0.02639,0.05342,0.2578
andaman & nicobar islands,2026,2,8105,2026-Q2,7753095,10442295042.83,220759,5789.0,1346.855036,2622.31664,38.13422,35.12018,47301.786305,1339.28053,8104.0,7964501.0,10927506389.65,214818.0,5541.0,-0.02654,-0.0444028,0.02766,0.04476,0.21612
andhra pradesh,2018,1,8072,2018-Q1,10862829,14001071206.73,2979027,30.0,1288.897322,1.00704,99300.9,3.64644,4699.880601,362094.3,,,,,,,,,,
andhra pradesh,2018,2,8073,2018-Q2,14697368,26355488600.12,3941740,140.0,1793.211451,3.55173,28155.28571,3.72865,6686.25749,104981.2,8072.0,10862829.0,14001071206.73,2979027.0,30.0,0.353,0.8823909,0.32316,3.66667,
andhra pradesh,2018,3,8074,2018-Q3,29262730,40288693498.01,4841052,9605.0,1376.792032,198.40729,504.01374,6.0447,8322.30133,3046.61426,8073.0,14697368.0,26355488600.12,3941740.0,140.0,0.99102,0.5286643,0.22815,67.60714,
andhra pradesh,2018,4,8075,2018-Q4,35722329,57943164106.79,6134766,28877.0,1622.043291,470.7107,212.44471,5.82293,9445.048777,1237.05125,8074.0,29262730.0,40288693498.01,4841052.0,9605.0,0.22074,0.4381991,0.26724,2.00645,
andhra pradesh,2019,1,8076,2019-Q1,67981444,98042197867.22,7399826,117391.0,1442.190576,1586.40217,63.03572,9.1869,13249.257194,579.10269,8075.0,35722329.0,57943164106.79,6134766.0,28877.0,0.90305,0.6920408,0.20621,3.06521,5.25817
andhra pradesh,2019,2,8077,2019-Q2,73241659,144859083315.22,8379878,202343.0,1977.823622,2414.62943,41.41422,8.74018,17286.538457,361.96784,8076.0,67981444.0,98042197867.22,7399826.0,117391.0,0.07738,0.4775177,0.13244,0.72367,3.98332
andhra pradesh,2019,3,8078,2019-Q3,93033155,177040315932.1,9369779,282013.0,1902.980888,3009.81485,33.22464,9.92907,18894.823019,329.8896,8077.0,73241659.0,144859083315.22,8379878.0,202343.0,0.27022,0.2221554,0.11813,0.39374,2.17924
andhra pradesh,2019,4,8079,2019-Q4,130762980,254283893858.33,10528985,355373.0,1944.616847,3375.18764,29.62798,12.41933,24150.845866,367.95981,8078.0,93033155.0,177040315932.1,9369779.0,282013.0,0.40555,0.436305,0.12372,0.26013,2.66054
andhra pradesh,2020,1,8080,2020-Q1,159186574,328528062231.59,11664133,413286.0,2063.79253,3543.22091,28.22291,13.64753,28165.664969,385.17292,8079.0,130762980.0,254283893858.33,10528985.0,355373.0,0.21737,0.2919735,0.10781,0.16296,1.34162
andhra pradesh,2020,2,8081,2020-Q2,176284886,380612306331.31,12828761,443589.0,2159.075091,3457.76962,28.92038,13.74138,29668.672316,397.4059,8080.0,159186574.0,328528062231.59,11664133.0,413286.0,0.10741,0.1585382,0.09985,0.07332,1.40689
andhra pradesh,2020,3,8082,2020-Q3,251377109,585395478652.13,14049378,523633.0,2328.754122,3727.09027,26.83058,17.8924,41667.00324,480.06353,8081.0,176284886.0,380612306331.31,12828761.0,443589.0,0.42597,0.5380361,0.09515,0.18045,1.70202
andhra pradesh,2020,4,8083,2020-Q4,326093276,760638671029.07,15263807,669451.0,2332.580053,4385.87176,22.80048,21.36382,49832.828142,487.10552,8082.0,251377109.0,585395478652.13,14049378.0,523633.0,0.29723,0.2993586,0.08644,0.27847,1.49377
andhra pradesh,2021,1,8084,2021-Q1,360571899,827396576580.57,16309736,778520.0,2294.678478,4773.3452,20.94967,22.10777,50730.224976,463.15046,8083.0,326093276.0,760638671029.07,15263807.0,669451.0,0.10573,0.0877656,0.06852,0.16292,1.26509
andhra pradesh,2021,2,8085,2021-Q2,450715706,1067722803488.4,17327874,835962.0,2368.949627,4824.37719,20.72806,26.01102,61618.800061,539.15813,8084.0,360571899.0,827396576580.57,16309736.0,778520.0,0.25,0.2904607,0.06243,0.07378,1.55675
andhra pradesh,2021,3,8086,2021-Q3,552469257,1229581784431.98,18380260,913133.0,2225.611233,4968.00916,20.12879,30.05775,66896.865683,605.02606,8085.0,450715706.0,1067722803488.4,17327874.0,835962.0,0.22576,0.1515927,0.06073,0.09231,1.19777
andhra pradesh,2021,4,8087,2021-Q4,576560191,1241105876775.08,19405303,1003391.0,2152.604179,5170.70514,19.33972,29.71148,63957.047039,574.61168,8086.0,552469257.0,1229581784431.98,18380260.0,913133.0,0.04361,0.0093724,0.05577,0.09884,0.76808
andhra pradesh,2022,1,8088,2022-Q1,725554627,1565634867542.41,20341205,1087914.0,2157.845611,5348.32622,18.69744,35.66921,76968.639151,666.92278,8087.0,576560191.0,1241105876775.08,19405303.0,1003391.0,0.25842,0.2614837,0.04823,0.08424,1.01223
andhra pradesh,2022,2,8089,2022-Q2,840332341,1793485874297.86,21272937,1160039.0,2134.257825,5453.12102,18.33812,39.50241,84308.333837,724.40008,8088.0,725554627.0,1565634867542.41,20341205.0,1087914.0,0.15819,0.1455327,0.04581,0.0663,0.86444
andhra pradesh,2022,3,8090,2022-Q3,956418056,1959402519798.45,22199210,1223491.0,2048.68834,5511.41685,18.14415,43.08343,88264.51571,781.71238,8089.0,840332341.0,1793485874297.86,21272937.0,1160039.0,0.13814,0.0925107,0.04354,0.0547,0.73117
andhra pradesh,2022,4,8091,2022-Q4,1030438279,2028666459424.06,23102641,1272711.0,1968.741361,5508.9416,18.15231,44.60262,87811.019503,809.64043,8090.0,956418056.0,1959402519798.45,22199210.0,1223491.0,0.07739,0.0353495,0.0407,0.04023,0.78722
andhra pradesh,2023,1,8092,2023-Q1,1138724913,2251807395014.75,23903359,1291077.0,1977.481453,5401.2367,18.51428,47.6387,94204.642746,881.99613,8091.0,1030438279.0,2028666459424.06,23102641.0,1272711.0,0.10509,0.1099939,0.03466,0.01443,0.56945
andhra pradesh,2023,2,8093,2023-Q2,1295037315,2509703988271.93,24687258,1318135.0,1937.939517,5339.33335,18.72893,52.45772,101659.892252,982.477,8092.0,1138724913.0,2251807395014.75,23903359.0,1291077.0,0.13727,0.1145287,0.03279,0.02096,0.5411
andhra pradesh,2023,3,8094,2023-Q3,1467644978,2654560419251.27,25473637,1365791.0,1808.721087,5361.58618,18.6512,57.61427,104208.143472,1074.57508,8093.0,1295037315.0,2509703988271.93,24687258.0,1318135.0,0.13328,0.0577185,0.03185,0.03615,0.53452
andhra pradesh,2023,4,8095,2023-Q4,1588297806,2811855025318.73,26160960,1424574.0,1770.357558,5445.41943,18.36406,60.71252,107482.868569,1114.92826,8094.0,1467644978.0,2654560419251.27,25473637.0,1365791.0,0.08221,0.0592545,0.02698,0.04304,0.54138
andhra pradesh,2024,1,8096,2024-Q1,1749727590,3018505887112.87,26931791,1500986.0,1725.129045,5573.28698,17.94273,64.96885,112079.656608,1165.71879,8095.0,1588297806.0,2811855025318.73,26160960.0,1424574.0,0.10164,0.0734927,0.02946,0.05364,0.53657
andhra pradesh,2024,2,8097,2024-Q2,1920885662,3185673985146.19,27773775,1563902.0,1658.440192,5630.85861,17.75928,69.16185,114700.791849,1228.26473,8096.0,1749727590.0,3018505887112.87,26931791.0,1500986.0,0.09782,0.0553811,0.03126,0.04192,0.48327
andhra pradesh,2024,3,8098,2024-Q3,2086058265,3227507134129.85,28578957,1619870.0,1547.179764,5668.0515,17.64275,72.99281,112932.992416,1287.79363,8097.0,1920885662.0,3185673985146.19,27773775.0,1563902.0,0.08599,0.0131316,0.02899,0.03579,0.42136
andhra pradesh,2024,4,8099,2024-Q4,2292770050,3454536571052.4,29497544,1683203.0,1506.708695,5706.24795,17.52465,77.72749,117112.684739,1362.14708,8098.0,2086058265.0,3227507134129.85,28578957.0,1619870.0,0.09909,0.070342,0.03214,0.0391,0.44354
andhra pradesh,2025,1,8100,2025-Q1,2422886250,3666795723272.43,30313656,1740695.0,1513.399865,5742.27998,17.41469,79.92722,120961.843839,1391.9074,8099.0,2292770050.0,3454536571052.4,29497544.0,1683203.0,0.05675,0.0614436,0.02767,0.03416,0.38472
andhra pradesh,2025,2,8101,2025-Q2,2530918973,3781520939571.64,31181805,1794867.0,1494.129595,5756.13567,17.37277,81.16653,121273.317551,1410.08719,8100.0,2422886250.0,3666795723272.43,30313656.0,1740695.0,0.04459,0.0312876,0.02864,0.03112,0.31758
andhra pradesh,2025,3,8102,2025-Q3,2700328888,3814695548343.56,32097241,1846994.0,1412.678124,5754.36998,17.3781,84.12963,118848.082561,1462.01281,8101.0,2530918973.0,3781520939571.64,31181805.0,1794867.0,0.06694,0.0087728,0.02936,0.02904,0.29446
andhra pradesh,2025,4,8103,2025-Q4,2862709581,4000106326747.97,32906085,1916104.0,1397.314751,5822.94734,17.17343,86.99636,121561.295631,1494.0262,8102.0,2700328888.0,3814695548343.56,32097241.0,1846994.0,0.06013,0.0486043,0.0252,0.03742,0.24858
andhra pradesh,2026,1,8104,2026-Q1,3047429835,4349723573013.52,33598777,1971965.0,1427.341664,5869.15708,17.03822,90.70062,129460.770939,1545.37724,8103.0,2862709581.0,4000106326747.97,32906085.0,1916104.0,0.06453,0.087402,0.02105,0.02915,0.25777
andhra pradesh,2026,2,8105,2026-Q2,3245956863,4623697374921.99,34327612,2031948.0,1424.448189,5919.28154,16.89394,94.55819,134693.242714,1597.4606,8104.0,3047429835.0,4349723573013.52,33598777.0,1971965.0,0.06515,0.0629865,0.02169,0.03042,0.28252
arunachal pradesh,2018,1,8072,2018-Q1,56572,112009706.82,26660,,1979.949566,,,2.12198,4201.414359,,,,,,,,,,,
arunachal pradesh,2018,2,8073,2018-Q2,100858,239594007.45,39517,,2375.557789,,,2.55227,6063.061656,,8072.0,56572.0,112009706.82,26660.0,,0.78283,1.1390468,0.48226,,
arunachal pradesh,2018,3,8074,2018-Q3,160327,390349037.87,53503,,2434.705557,,,2.9966,7295.834586,,8073.0,100858.0,239594007.45,39517.0,,0.58963,0.6292104,0.35392,,
arunachal pradesh,2018,4,8075,2018-Q4,222216,597276469.62,71555,2.0,2687.819372,2.79505,35777.5,3.10553,8347.096214,111108.0,8074.0,160327.0,390349037.87,53503.0,,0.38602,0.5301087,0.3374,,
arunachal pradesh,2019,1,8076,2019-Q1,293223,762934389.28,88991,27.0,2601.891357,30.34015,3295.96296,3.29497,8573.163458,10860.11111,8075.0,222216.0,597276469.62,71555.0,2.0,0.31954,0.2773555,0.24367,12.5,4.18318
arunachal pradesh,2019,2,8077,2019-Q2,387295,1070406251.38,108855,81.0,2763.800853,74.41091,1343.88889,3.5579,9833.321863,4781.41975,8076.0,293223.0,762934389.28,88991.0,27.0,0.32082,0.4030122,0.22321,2.0,2.84
arunachal pradesh,2019,3,8078,2019-Q3,456122,1290611112.93,128047,153.0,2829.530505,119.48738,836.9085,3.56215,10079.198364,2981.18954,8077.0,387295.0,1070406251.38,108855.0,81.0,0.17771,0.2057208,0.17631,0.88889,1.84495
arunachal pradesh,2019,4,8079,2019-Q4,570808,1664821348.26,146946,195.0,2916.604792,132.70181,753.56923,3.88447,11329.477143,2927.22051,8078.0,456122.0,1290611112.93,128047.0,153.0,0.25144,0.2899481,0.14759,0.27451,1.56871
arunachal pradesh,2020,1,8080,2020-Q1,696142,1928569155.03,169049,245.0,2770.367475,144.92839,689.99592,4.11799,11408.34406,2841.39592,8079.0,570808.0,1664821348.26,146946.0,195.0,0.21957,0.1584241,0.15042,0.25641,1.3741
arunachal pradesh,2020,2,8081,2020-Q2,972129,2479742352.66,198449,290.0,2550.836723,146.13326,684.3069,4.89863,12495.61526,3352.16897,8080.0,696142.0,1928569155.03,169049.0,245.0,0.39645,0.2857938,0.17391,0.18367,1.51005
arunachal pradesh,2020,3,8082,2020-Q3,1160082,3346055621.91,228945,315.0,2884.326816,137.58763,726.80952,5.06708,14615.106781,3682.8,8081.0,972129.0,2479742352.66,198449.0,290.0,0.19334,0.3493562,0.15367,0.08621,1.54336
arunachal pradesh,2020,4,8083,2020-Q4,1393785,4195981781.2,257285,364.0,3010.494288,141.47735,706.82692,5.41728,16308.691844,3829.07967,8082.0,1160082.0,3346055621.91,228945.0,315.0,0.20145,0.2540084,0.12379,0.15556,1.44178
arunachal pradesh,2021,1,8084,2021-Q1,1511740,4824985661.33,279538,432.0,3191.676916,154.54071,647.0787,5.40799,17260.571591,3499.39815,8083.0,1393785.0,4195981781.2,257285.0,364.0,0.08463,0.1499062,0.08649,0.18681,1.1716
arunachal pradesh,2021,2,8085,2021-Q2,2126788,5874285594.84,303657,565.0,2762.045674,186.0652,537.44602,7.00392,19345.13479,3764.22655,8084.0,1511740.0,4824985661.33,279538.0,432.0,0.40685,0.2174721,0.08628,0.30787,1.18776
arunachal pradesh,2021,3,8086,2021-Q3,2552879,7358989851.16,327708,863.0,2882.623834,263.3442,379.73117,7.7901,22455.935928,2958.14484,8085.0,2126788.0,5874285594.84,303657.0,565.0,0.20034,0.2527464,0.0792,0.52743,1.2006
arunachal pradesh,2021,4,8087,2021-Q4,2781103,7765536383.49,353110,1555.0,2792.250551,440.37269,227.08039,7.87602,21991.833659,1788.49068,8086.0,2552879.0,7358989851.16,327708.0,863.0,0.0894,0.0552449,0.07751,0.80185,0.99536
arunachal pradesh,2022,1,8088,2022-Q1,3643158,9915850686.49,378277,2475.0,2721.773441,654.28244,152.83919,9.63093,26213.20008,1471.98303,8087.0,2781103.0,7765536383.49,353110.0,1555.0,0.30997,0.2769048,0.07127,0.59164,1.40991
arunachal pradesh,2022,2,8089,2022-Q2,4904907,12095132402.06,406742,3763.0,2465.92492,925.15649,108.08982,12.05901,29736.62027,1303.45655,8088.0,3643158.0,9915850686.49,378277.0,2475.0,0.34633,0.2197776,0.07525,0.5204,1.30625
arunachal pradesh,2022,3,8090,2022-Q3,6325455,13636396793.29,436558,7280.0,2155.796981,1667.59056,59.96676,14.48938,31236.162877,868.88118,8089.0,4904907.0,12095132402.06,406742.0,3763.0,0.28962,0.1274285,0.0733,0.93463,1.47777
arunachal pradesh,2022,4,8091,2022-Q4,7474281,14697638125.95,465208,9833.0,1966.42836,2113.67818,47.31089,16.06654,31593.691695,760.12214,8090.0,6325455.0,13636396793.29,436558.0,7280.0,0.18162,0.0778242,0.06563,0.35069,1.68752
arunachal pradesh,2023,1,8092,2023-Q1,8416665,16792360774.76,493307,10591.0,1995.132368,2146.93892,46.57794,17.06172,34040.386159,794.69975,8091.0,7474281.0,14697638125.95,465208.0,9833.0,0.12608,0.142521,0.0604,0.07709,1.31027
arunachal pradesh,2023,2,8093,2023-Q2,10917104,20359353648.83,521967,11544.0,1864.90425,2211.63407,45.21544,20.91531,39005.059034,945.69508,8092.0,8416665.0,16792360774.76,493307.0,10591.0,0.29708,0.2124176,0.0581,0.08998,1.22575
arunachal pradesh,2023,3,8094,2023-Q3,13227332,21637138207.62,552339,13508.0,1635.79006,2445.59953,40.88977,23.94785,39173.65641,979.22209,8093.0,10917104.0,20359353648.83,521967.0,11544.0,0.21162,0.0627615,0.05819,0.17013,1.09113
arunachal pradesh,2023,4,8095,2023-Q4,15084363,24771952971.46,584620,15170.0,1642.227317,2594.84794,38.5379,25.802,42372.74293,994.35485,8094.0,13227332.0,21637138207.62,552339.0,13508.0,0.14039,0.1448812,0.05844,0.12304,1.01817
arunachal pradesh,2024,1,8096,2024-Q1,16868525,26693314814.2,623413,16887.0,1582.433249,2708.79818,36.91674,27.05835,42818.027237,998.90596,8095.0,15084363.0,24771952971.46,584620.0,15170.0,0.11828,0.077562,0.06636,0.11318,1.00418
arunachal pradesh,2024,2,8097,2024-Q2,20110193,30367049709.01,670071,18807.0,1510.032734,2806.7175,35.62881,30.01203,45319.152312,1069.29298,8096.0,16868525.0,26693314814.2,623413.0,16887.0,0.19217,0.1376275,0.07484,0.1137,0.84208
arunachal pradesh,2024,3,8098,2024-Q3,24519045,31440191935.08,712965,20805.0,1282.276367,2918.09556,34.26893,34.39025,44097.805552,1178.51694,8097.0,20110193.0,30367049709.01,670071.0,18807.0,0.21923,0.035339,0.06401,0.10624,0.85367
arunachal pradesh,2024,4,8099,2024-Q4,26790106,34929686801.96,743265,22873.0,1303.827868,3077.3681,32.4953,36.04381,46994.930209,1171.25458,8098.0,24519045.0,31440191935.08,712965.0,20805.0,0.09262,0.1109883,0.0425,0.0994,0.77602
arunachal pradesh,2025,1,8100,2025-Q1,28407442,36223848602.66,772957,24793.0,1275.153483,3207.5523,31.17642,36.75165,46863.989333,1145.78478,8099.0,26790106.0,34929686801.96,743265.0,22873.0,0.06037,0.0370505,0.03995,0.08394,0.68405
arunachal pradesh,2025,2,8101,2025-Q2,31151454,38572901830.25,803428,26579.0,1238.237606,3308.19937,30.22792,38.77317,48010.402712,1172.03258,8100.0,28407442.0,36223848602.66,772957.0,24793.0,0.09659,0.0648483,0.03942,0.07204,0.54904
arunachal pradesh,2025,3,8102,2025-Q3,36334234,42295740825.89,834455,28636.0,1164.074102,3431.70093,29.14007,43.54247,50686.66474,1268.83063,8101.0,31151454.0,38572901830.25,803428.0,26579.0,0.16637,0.0965144,0.03862,0.07739,0.48188
arunachal pradesh,2025,4,8103,2025-Q4,36103054,43631000044.52,865553,30529.0,1208.512722,3527.10926,28.35183,41.71097,50408.236173,1182.58227,8102.0,36334234.0,42295740825.89,834455.0,28636.0,-0.00636,0.0315696,0.03727,0.06611,0.34763
arunachal pradesh,2026,1,8104,2026-Q1,36174886,43929133553.2,894421,32620.0,1214.354443,3647.05212,27.41941,40.44503,49114.604368,1108.97872,8103.0,36103054.0,43631000044.52,865553.0,30529.0,0.00199,0.0068331,0.03335,0.06849,0.27343
arunachal pradesh,2026,2,8105,2026-Q2,40632514,47494947481.36,951240,35125.0,1168.890202,3692.54867,27.08157,42.71531,49929.510409,1156.79755,8104.0,36174886.0,43929133553.2,894421.0,32620.0,0.12322,0.081172,0.06353,0.07679,0.30435
assam,2018,1,8072,2018-Q1,1295882,1391575090.92,449118,,1073.843985,,,2.88539,3098.462077,,,,,,,,,,,
assam,2018,2,8073,2018-Q2,1996901,2752709124.02,669433,,1378.490533,,,2.98297,4112.000938,,8072.0,1295882.0,1391575090.92,449118.0,,0.54096,0.9781247,0.49055,,
assam,2018,3,8074,2018-Q3,2726534,4337172377.06,900297,12.0,1590.727413,1.33289,75024.75,3.02848,4817.490647,227211.16667,8073.0,1996901.0,2752709124.02,669433.0,,0.36538,0.5756014,0.34486,,
assam,2018,4,8075,2018-Q4,4296227,6693717176.15,1200972,58.0,1558.045507,4.82942,20706.41379,3.57729,5573.583045,74072.87931,8074.0,2726534.0,4337172377.06,900297.0,12.0,0.57571,0.5433367,0.33397,3.83333,
assam,2019,1,8076,2019-Q1,4947555,8430938338.26,1461630,2157.0,1704.061569,147.57497,677.6217,3.38496,5768.175488,2293.72045,8075.0,4296227.0,6693717176.15,1200972.0,58.0,0.1516,0.2595301,0.21704,36.18966,2.81791
assam,2019,2,8077,2019-Q2,5585407,10669441203.4,1719942,6178.0,1910.235226,359.19816,278.39786,3.24744,6203.372674,904.08012,8076.0,4947555.0,8430938338.26,1461630.0,2157.0,0.12892,0.2655105,0.17673,1.86416,1.79704
assam,2019,3,8078,2019-Q3,6054473,12546298666.06,1997575,8036.0,2072.23629,402.28777,248.57827,3.03091,6280.76476,753.41874,8077.0,5585407.0,10669441203.4,1719942.0,6178.0,0.08398,0.1759096,0.16142,0.30074,1.22057
assam,2019,4,8079,2019-Q4,6891858,14599084294.49,2240183,9805.0,2118.308923,437.68746,228.47353,3.07647,6516.915937,702.8922,8078.0,6054473.0,12546298666.06,1997575.0,8036.0,0.13831,0.1636168,0.12145,0.22013,0.60417
assam,2020,1,8080,2020-Q1,8674891,18864649389.35,2534072,11386.0,2174.626677,449.31636,222.56034,3.4233,7444.401497,761.89101,8079.0,6891858.0,14599084294.49,2240183.0,9805.0,0.25872,0.2921803,0.13119,0.16124,0.75337
assam,2020,2,8081,2020-Q2,11026960,19908371407.6,2938372,12767.0,1805.427009,434.4923,230.15368,3.75274,6775.306669,863.708,8080.0,8674891.0,18864649389.35,2534072.0,11386.0,0.27114,0.0553269,0.15955,0.12129,0.97424
assam,2020,3,8082,2020-Q3,11961802,26368491655.52,3266212,14007.0,2204.391249,428.8454,233.18427,3.66229,8073.110887,853.98743,8081.0,11026960.0,19908371407.6,2938372.0,12767.0,0.08478,0.3244927,0.11157,0.09713,0.9757
assam,2020,4,8083,2020-Q4,14784484,36013810212.35,3615153,18200.0,2435.91932,503.43651,198.63478,4.08959,9961.904852,812.33429,8082.0,11961802.0,26368491655.52,3266212.0,14007.0,0.23597,0.3657895,0.10683,0.29935,1.14521
assam,2021,1,8084,2021-Q1,17317732,44333318961.29,3929145,41335.0,2559.995672,1052.01004,95.05613,4.40751,11283.19748,418.96049,8083.0,14784484.0,36013810212.35,3615153.0,18200.0,0.17135,0.2310088,0.08685,1.27115,0.99631
assam,2021,2,8085,2021-Q2,22621193,51853860554.97,4267940,70790.0,2292.269049,1658.64562,60.29015,5.30026,12149.622665,319.55351,8084.0,17317732.0,44333318961.29,3929145.0,41335.0,0.30624,0.1696363,0.08623,0.71259,1.05144
assam,2021,3,8086,2021-Q3,28693230,64005741457.91,4661558,115235.0,2230.691402,2472.02759,40.45262,6.15529,13730.547053,248.99753,8085.0,22621193.0,51853860554.97,4267940.0,70790.0,0.26842,0.2343486,0.09223,0.62784,1.39874
assam,2021,4,8087,2021-Q4,35028733,77820924721.57,5099567,178337.0,2221.63116,3497.10083,28.59511,6.86896,15260.300477,196.41876,8086.0,28693230.0,64005741457.91,4661558.0,115235.0,0.2208,0.2158429,0.09396,0.54759,1.36929
assam,2022,1,8088,2022-Q1,50025695,110373718442.03,5551092,254792.0,2206.34053,4589.94374,21.78676,9.01187,19883.244313,196.33935,8087.0,35028733.0,77820924721.57,5099567.0,178337.0,0.42813,0.4183039,0.08854,0.42871,1.8887
assam,2022,2,8089,2022-Q2,64800277,127094723035.48,6021618,312828.0,1961.329934,5195.08212,19.24897,10.76127,21106.407453,207.14347,8088.0,50025695.0,110373718442.03,5551092.0,254792.0,0.29534,0.1514944,0.08476,0.22778,1.86458
assam,2022,3,8090,2022-Q3,84341513,150673177993.96,6517957,375732.0,1786.465201,5764.56703,17.34736,12.93987,23116.626574,224.47253,8089.0,64800277.0,127094723035.48,6021618.0,312828.0,0.30156,0.1855188,0.08243,0.20108,1.93942
assam,2022,4,8091,2022-Q4,97084626,172386294490.22,6999042,428380.0,1775.629176,6120.55193,16.3384,13.87113,24629.984288,226.63202,8090.0,84341513.0,150673177993.96,6517957.0,375732.0,0.15109,0.1441074,0.07381,0.14012,1.77157
assam,2023,1,8092,2023-Q1,115216347,212425494987.13,7478158,468585.0,1843.709686,6266.0484,15.95902,15.40705,28406.125544,245.88142,8091.0,97084626.0,172386294490.22,6999042.0,428380.0,0.18676,0.2322644,0.06845,0.09385,1.30314
assam,2023,2,8093,2023-Q2,139599202,235261543203.49,7935267,498188.0,1685.264241,6278.15044,15.92826,17.59225,29647.590082,280.2139,8092.0,115216347.0,212425494987.13,7478158.0,468585.0,0.21163,0.1075014,0.06113,0.06318,1.1543
assam,2023,3,8094,2023-Q3,168278113,243468041626.97,8451423,538577.0,1446.819419,6372.61914,15.69214,19.91122,28807.934667,312.4495,8093.0,139599202.0,235261543203.49,7935267.0,498188.0,0.20544,0.0348824,0.06505,0.08107,0.9952
assam,2023,4,8095,2023-Q4,194352109,285818446041.7,9011333,574112.0,1470.621788,6370.99972,15.69612,21.56752,31717.665526,338.52647,8094.0,168278113.0,243468041626.97,8451423.0,538577.0,0.15495,0.1739465,0.06625,0.06598,1.00188
assam,2024,1,8096,2024-Q1,222628994,321206875230.36,9619049,611691.0,1442.78995,6359.16295,15.72534,23.1446,33392.789166,363.95663,8095.0,194352109.0,285818446041.7,9011333.0,574112.0,0.14549,0.1238144,0.06744,0.06546,0.93227
assam,2024,2,8097,2024-Q2,274589008,345236981886.76,10259479,645880.0,1257.286242,6295.44639,15.8845,26.76442,33650.537409,425.13936,8096.0,222628994.0,321206875230.36,9619049.0,611691.0,0.23339,0.0748119,0.06658,0.05589,0.96698
assam,2024,3,8098,2024-Q3,297749691,333320132729.01,10865707,683854.0,1119.464244,6293.69078,15.88893,27.4027,30676.340962,435.3995,8097.0,274589008.0,345236981886.76,10259479.0,645880.0,0.08435,-0.0345179,0.05909,0.05879,0.76939
assam,2024,4,8099,2024-Q4,333086043,382282177286.44,11341543,725330.0,1147.697976,6395.33792,15.63639,29.36867,33706.364054,459.22,8098.0,297749691.0,333320132729.01,10865707.0,683854.0,0.11868,0.146892,0.04379,0.06065,0.71383
assam,2025,1,8100,2025-Q1,381449165,449262511160.8,11808496,761966.0,1177.778201,6452.69304,15.49741,32.30294,38045.701261,500.61179,8099.0,333086043.0,382282177286.44,11341543.0,725330.0,0.1452,0.1752118,0.04117,0.05051,0.71338
assam,2025,2,8101,2025-Q2,412522853,444019860093.29,12266826,794454.0,1076.352151,6476.44305,15.44057,33.62914,36196.801038,519.25329,8100.0,381449165.0,449262511160.8,11808496.0,761966.0,0.08146,-0.0116695,0.03881,0.04264,0.50233
assam,2025,3,8102,2025-Q3,454562374,444477731627.22,12771675,832239.0,977.814613,6516.28702,15.34616,35.59145,34801.835439,546.19211,8101.0,412522853.0,444019860093.29,12266826.0,794454.0,0.10191,0.0010312,0.04116,0.04756,0.52666
assam,2025,4,8103,2025-Q4,468795161,468243373408.79,13282617,886076.0,998.822967,6670.94444,14.99038,35.29389,35252.343225,529.06879,8102.0,454562374.0,444477731627.22,12771675.0,832239.0,0.03131,0.0534687,0.04001,0.06469,0.40743
assam,2026,1,8104,2026-Q1,503481347,522964731937.31,13764766,925132.0,1038.697332,6721.01509,14.8787,36.57754,37992.998351,544.2265,8103.0,468795161.0,468243373408.79,13282617.0,886076.0,0.07399,0.1168652,0.0363,0.04408,0.31992
assam,2026,2,8105,2026-Q2,549125066,519696079352.87,14095525,984328.0,946.407497,6983.26597,14.31995,38.9574,36869.579484,557.86797,8104.0,503481347.0,522964731937.31,13764766.0,925132.0,0.09066,-0.0062502,0.02403,0.06399,0.33114
bihar,2018,1,8072,2018-Q1,7267806,7318769108.56,2173873,2.0,1007.012172,0.092,1086936.5,3.34325,3366.695804,3633903.0,,,,,,,,,,
bihar,2018,2,8073,2018-Q2,10434579,15988264138.12,3075993,4.0,1532.238544,0.13004,768998.25,3.39226,5197.756997,2608644.75,8072.0,7267806.0,7318769108.56,2173873.0,2.0,0.43573,1.1845564,0.41498,1.0,
bihar,2018,3,8074,2018-Q3,16507213,23175783209.35,3846555,79.0,1403.97917,2.05379,48690.56962,4.29143,6025.075219,208952.06329,8073.0,10434579.0,15988264138.12,3075993.0,4.0,0.58197,0.4495497,0.25051,18.75,
bihar,2018,4,8075,2018-Q4,18324599,32563096733.83,4894391,780.0,1777.015515,15.93661,6274.86026,3.744,6653.145761,23493.07564,8074.0,16507213.0,23175783209.35,3846555.0,79.0,0.1101,0.4050484,0.27241,8.87342,
bihar,2019,1,8076,2019-Q1,28578223,44383537984.84,5903371,47091.0,1553.054505,797.69677,125.36092,4.841,7518.33791,606.87229,8075.0,18324599.0,32563096733.83,4894391.0,780.0,0.55956,0.3630011,0.20615,59.37308,2.93217
bihar,2019,2,8077,2019-Q2,29212818,61070184415.58,6750778,136642.0,2090.526988,2024.09263,49.40485,4.32733,9046.392048,213.79091,8076.0,28578223.0,44383537984.84,5903371.0,47091.0,0.02221,0.3759648,0.14355,1.90166,1.79962
bihar,2019,3,8078,2019-Q3,29692696,64038814257.19,7595450,192625.0,2156.719425,2536.05777,39.43128,3.90927,8431.207401,154.14768,8077.0,29212818.0,61070184415.58,6750778.0,136642.0,0.01643,0.0486101,0.12512,0.40971,0.79877
bihar,2019,4,8079,2019-Q4,40967886,89108176121.2,8557982,237558.0,2175.073816,2775.86468,36.02481,4.7871,10412.288332,172.45425,8078.0,29692696.0,64038814257.19,7595450.0,192625.0,0.37973,0.3914714,0.12672,0.23327,1.23568
bihar,2020,1,8080,2020-Q1,44056833,106616037981.94,9579162,287792.0,2419.966001,3004.35466,33.28502,4.59924,11129.996338,153.08568,8079.0,40967886.0,89108176121.2,8557982.0,237558.0,0.0754,0.1964787,0.11932,0.21146,0.54162
bihar,2020,2,8081,2020-Q2,53954783,130329505836.33,10810307,310562.0,2415.532018,2872.83238,34.80885,4.99105,12056.041132,173.73273,8080.0,44056833.0,106616037981.94,9579162.0,287792.0,0.22466,0.2224193,0.12852,0.07912,0.84696
bihar,2020,3,8082,2020-Q3,72779613,175427345182.79,11972054,376344.0,2410.391289,3143.52074,31.81147,6.07913,14653.06999,193.38587,8081.0,53954783.0,130329505836.33,10810307.0,310562.0,0.3489,0.3460294,0.10747,0.21182,1.45109
bihar,2020,4,8083,2020-Q4,97696608,239429081339.51,13128377,527212.0,2450.740985,4015.82008,24.90151,7.44164,18237.523293,185.30801,8082.0,72779613.0,175427345182.79,11972054.0,376344.0,0.34236,0.3648333,0.09659,0.40088,1.38471
bihar,2021,1,8084,2021-Q1,111690707,277382314169.35,14274751,734157.0,2483.486063,5143.04593,19.44373,7.82435,19431.674442,152.13463,8083.0,97696608.0,239429081339.51,13128377.0,527212.0,0.14324,0.1585156,0.08732,0.39253,1.53515
bihar,2021,2,8085,2021-Q2,152928387,374306226227.05,15401467,873547.0,2447.59154,5671.84282,17.63095,9.92947,24303.283981,175.06601,8084.0,111690707.0,277382314169.35,14274751.0,734157.0,0.36921,0.3494235,0.07893,0.18986,1.83438
bihar,2021,3,8086,2021-Q3,184812122,398169200251.48,16692841,1100249.0,2154.453918,6591.14287,15.17188,11.07134,23852.692316,167.973,8085.0,152928387.0,374306226227.05,15401467.0,873547.0,0.20849,0.0637525,0.08385,0.25952,1.53934
bihar,2021,4,8087,2021-Q4,211595139,455873110665.51,17989043,1305682.0,2154.459279,7258.20712,13.77751,11.76245,25341.709988,162.05718,8086.0,184812122.0,398169200251.48,16692841.0,1100249.0,0.14492,0.1449231,0.07765,0.18672,1.16584
bihar,2022,1,8088,2022-Q1,279365074,607780285452.84,19351497,1548974.0,2175.5772,8004.41434,12.49311,14.43635,31407.40406,180.35491,8087.0,211595139.0,455873110665.51,17989043.0,1305682.0,0.32028,0.3332225,0.07574,0.18633,1.50124
bihar,2022,2,8089,2022-Q2,350987405,741819444963.23,20671708,1703453.0,2113.521552,8240.50436,12.13518,16.97912,35885.735468,206.04467,8088.0,279365074.0,607780285452.84,19351497.0,1548974.0,0.25638,0.2205388,0.06822,0.09973,1.29511
bihar,2022,3,8090,2022-Q3,398081452,747732795859.9,22066926,1848624.0,1878.341209,8377.3517,11.93695,18.03973,33884.773795,215.33933,8089.0,350987405.0,741819444963.23,20671708.0,1703453.0,0.13418,0.0079714,0.06749,0.08522,1.15398
bihar,2022,4,8091,2022-Q4,478561642,881147256455.31,23466284,1983316.0,1841.240875,8451.7685,11.83184,20.39358,37549.501082,241.29369,8090.0,398081452.0,747732795859.9,22066926.0,1848624.0,0.20217,0.1784253,0.06341,0.07286,1.26169
bihar,2023,1,8092,2023-Q1,557298485,1037888852800.07,24855994,1998018.0,1862.357212,8038.37497,12.44033,22.42109,41756.079149,278.92566,8091.0,478561642.0,881147256455.31,23466284.0,1983316.0,0.16453,0.1778835,0.05922,0.00741,0.99488
bihar,2023,2,8093,2023-Q2,698546493,1224912261750.18,26174400,2036559.0,1753.515727,7780.7285,12.85227,26.68816,46798.102793,343.00332,8092.0,557298485.0,1037888852800.07,24855994.0,1998018.0,0.25345,0.180196,0.05304,0.01929,0.99023
bihar,2023,3,8094,2023-Q3,743992914,1148004167584.62,27578408,2114351.0,1543.03105,7666.68982,13.04344,26.97737,41626.919421,351.87767,8093.0,698546493.0,1224912261750.18,26174400.0,2036559.0,0.06506,-0.0627866,0.05364,0.0382,0.86895
bihar,2023,4,8095,2023-Q4,939309620,1436863360578.11,29113524,2194129.0,1529.701528,7536.45969,13.26883,32.26369,49353.810984,428.10137,8094.0,743992914.0,1148004167584.62,27578408.0,2114351.0,0.26252,0.2516186,0.05566,0.03773,0.96278
bihar,2024,1,8096,2024-Q1,1086107837,1633842288997.52,30849769,2272717.0,1504.309456,7367.04706,13.57396,35.20635,52961.248721,477.88961,8095.0,939309620.0,1436863360578.11,29113524.0,2194129.0,0.15628,0.1370895,0.05964,0.03582,0.94888
bihar,2024,2,8097,2024-Q2,1321734729,1878213500138.2,32631512,2362109.0,1421.021525,7238.73598,13.81457,40.50486,57558.273737,559.55704,8096.0,1086107837.0,1633842288997.52,30849769.0,2272717.0,0.21695,0.1495684,0.05776,0.03933,0.89212
bihar,2024,3,8098,2024-Q3,1354611186,1774925561306.62,34194093,2458579.0,1310.284146,7190.06935,13.90807,39.61536,51907.37363,550.97322,8097.0,1321734729.0,1878213500138.2,32631512.0,2362109.0,0.02487,-0.0549927,0.04789,0.04084,0.82073
bihar,2024,4,8099,2024-Q4,1559808519,2092918508999.37,35663071,2553973.0,1341.779124,7161.39392,13.96376,43.73736,58685.8745,610.73806,8098.0,1354611186.0,1774925561306.62,34194093.0,2458579.0,0.15148,0.1791585,0.04296,0.0388,0.66059
bihar,2025,1,8100,2025-Q1,1530666231,2084046921423.79,37257833,2640021.0,1361.5293,7085.81468,14.1127,41.08307,55935.806074,579.7932,8099.0,1559808519.0,2092918508999.37,35663071.0,2553973.0,-0.01868,-0.0042389,0.04472,0.03369,0.40931
bihar,2025,2,8101,2025-Q2,1793785807,2356277702190.09,38792069,2722198.0,1313.578072,7017.40864,14.25027,46.24104,60741.222702,658.94759,8100.0,1530666231.0,2084046921423.79,37257833.0,2640021.0,0.1719,0.130626,0.04118,0.03113,0.35715
bihar,2025,3,8102,2025-Q3,1804002017,2130102112192.27,40492727,2811281.0,1180.764817,6942.68134,14.40366,44.55126,52604.560621,641.70107,8101.0,1793785807.0,2356277702190.09,38792069.0,2722198.0,0.0057,-0.0959885,0.04384,0.03272,0.33175
bihar,2025,4,8103,2025-Q4,2022586363,2442715459709.96,42344157,2921494.0,1207.718743,6899.40291,14.49401,47.76542,57687.190696,692.31235,8102.0,1804002017.0,2130102112192.27,40492727.0,2811281.0,0.12117,0.1467598,0.04572,0.0392,0.29669
bihar,2026,1,8104,2026-Q1,2098602814,2537338892793.64,43855409,2994241.0,1209.061036,6827.52953,14.64659,47.85277,57856.920062,700.87973,8103.0,2022586363.0,2442715459709.96,42344157.0,2921494.0,0.03758,0.038737,0.03569,0.0249,0.37104
bihar,2026,2,8105,2026-Q2,2289051873,2678141315406.16,44813491,3076811.0,1169.978429,6865.81414,14.56492,51.07953,59761.94346,743.96896,8104.0,2098602814.0,2537338892793.64,43855409.0,2994241.0,0.09075,0.0554922,0.02185,0.02758,0.2761
chandigarh,2018,1,8072,2018-Q1,223975,393507115.85,84504,,1756.924281,,,2.65047,4656.668511,,,,,,,,,,,
chandigarh,2018,2,8073,2018-Q2,319560,664062457.55,113150,2.0,2078.052502,1.76757,56575.0,2.82422,5868.868383,159780.0,8072.0,223975.0,393507115.85,84504.0,,0.42677,0.6875488,0.33899,,
chandigarh,2018,3,8074,2018-Q3,417919,971597704.09,141119,6.0,2324.84693,4.25173,23519.83333,2.96147,6884.953154,69653.16667,8073.0,319560.0,664062457.55,113150.0,2.0,0.3078,0.4631119,0.24719,2.0,
chandigarh,2018,4,8075,2018-Q4,603259,1354040230.17,175644,17.0,2244.542112,9.67867,10332.0,3.43456,7709.003611,35485.82353,8074.0,417919.0,971597704.09,141119.0,6.0,0.44348,0.3936223,0.24465,1.83333,
chandigarh,2019,1,8076,2019-Q1,876820,1678862941.03,207673,6750.0,1914.717891,3250.30216,30.76637,4.22212,8084.165689,129.89926,8075.0,603259.0,1354040230.17,175644.0,17.0,0.45347,0.2398915,0.18235,396.05882,2.91481
chandigarh,2019,2,8077,2019-Q2,1081281,2214484682.8,240155,15994.0,2048.019602,6659.8655,15.01532,4.50243,9221.064241,67.60541,8076.0,876820.0,1678862941.03,207673.0,6750.0,0.23318,0.3190384,0.15641,1.36948,2.38366
chandigarh,2019,3,8078,2019-Q3,1428205,2696336857.27,268117,18880.0,1887.920052,7041.70194,14.20111,5.3268,10056.568055,75.64645,8077.0,1081281.0,2214484682.8,240155.0,15994.0,0.32085,0.2175911,0.11643,0.18044,2.41742
chandigarh,2019,4,8079,2019-Q4,1663318,3246646185.73,292017,21146.0,1951.909488,7241.35924,13.80956,5.69596,11118.00404,78.65875,8078.0,1428205.0,2696336857.27,268117.0,18880.0,0.16462,0.2040952,0.08914,0.12002,1.75722
chandigarh,2020,1,8080,2020-Q1,1776530,3334833902.53,316683,24121.0,1877.161603,7616.76503,13.12893,5.60981,10530.511276,73.65076,8079.0,1663318.0,3246646185.73,292017.0,21146.0,0.06806,0.0271627,0.08447,0.14069,1.02611
chandigarh,2020,2,8081,2020-Q2,1098495,2233114743.33,341687,25176.0,2032.885669,7368.14687,13.57193,3.21492,6535.556645,43.63263,8080.0,1776530.0,3334833902.53,316683.0,24121.0,-0.38166,-0.330367,0.07896,0.04374,0.01592
chandigarh,2020,3,8082,2020-Q3,1787111,3631987949.81,368783,28162.0,2032.32365,7636.46914,13.09506,4.84597,9848.577483,63.45824,8081.0,1098495.0,2233114743.33,341687.0,25176.0,0.62687,0.6264224,0.0793,0.11861,0.2513
chandigarh,2020,4,8083,2020-Q4,2610842,4860838678.86,396747,31497.0,1861.789675,7938.81239,12.59634,6.58062,12251.733923,82.89177,8082.0,1787111.0,3631987949.81,368783.0,28162.0,0.46093,0.3383411,0.07583,0.11842,0.56966
chandigarh,2021,1,8084,2021-Q1,3291014,5639239470.44,420246,34879.0,1713.52643,8299.66258,12.04868,7.83116,13418.901002,94.35517,8083.0,2610842.0,4860838678.86,396747.0,31497.0,0.26052,0.1601371,0.05923,0.10738,0.8525
chandigarh,2021,2,8085,2021-Q2,3336924,5688419002.54,442163,37747.0,1704.689409,8536.89703,11.71386,7.54682,12864.981924,88.40236,8084.0,3291014.0,5639239470.44,420246.0,34879.0,0.01395,0.008721,0.05215,0.08223,2.03772
chandigarh,2021,3,8086,2021-Q3,4795459,7498822383.4,465065,39808.0,1563.734021,8559.6637,11.6827,10.31137,16124.245822,120.46471,8085.0,3336924.0,5688419002.54,442163.0,37747.0,0.43709,0.3182613,0.0518,0.0546,1.68336
chandigarh,2021,4,8087,2021-Q4,5012587,7760737879.59,487572,41069.0,1548.250011,8423.16622,11.87202,10.28071,15917.111482,122.05281,8086.0,4795459.0,7498822383.4,465065.0,39808.0,0.04528,0.0349276,0.0484,0.03168,0.91991
chandigarh,2022,1,8088,2022-Q1,6026078,9061038154.15,509170,42930.0,1503.637715,8431.3687,11.86047,11.8351,17795.703113,140.36986,8087.0,5012587.0,7760737879.59,487572.0,41069.0,0.20219,0.1675485,0.0443,0.04531,0.83107
chandigarh,2022,2,8089,2022-Q2,7761882,10624481178.15,529517,44644.0,1368.802203,8431.07964,11.86088,14.65842,20064.476076,173.86171,8088.0,6026078.0,9061038154.15,509170.0,42930.0,0.28805,0.1725457,0.03996,0.03993,1.32606
chandigarh,2022,3,8090,2022-Q3,9175146,12189515329.98,550651,46291.0,1328.536388,8406.5951,11.89542,16.66236,22136.553516,198.20583,8089.0,7761882.0,10624481178.15,529517.0,44644.0,0.18208,0.1473045,0.03991,0.03689,0.9133
chandigarh,2022,4,8091,2022-Q4,9744704,12720512772.54,569949,47980.0,1305.377031,8418.29708,11.87889,17.0975,22318.68601,203.09929,8090.0,9175146.0,12189515329.98,550651.0,46291.0,0.06208,0.0435618,0.03505,0.03649,0.94405
chandigarh,2023,1,8092,2023-Q1,10182795,13320740709.15,587987,47270.0,1308.161532,8039.29339,12.4389,17.31806,22654.821806,215.41771,8091.0,9744704.0,12720512772.54,569949.0,47980.0,0.04496,0.0471858,0.03165,-0.0148,0.68979
chandigarh,2023,2,8093,2023-Q2,12002645,15001734621.1,605280,48825.0,1249.86906,8066.51467,12.39693,19.82991,24784.784928,245.8299,8092.0,10182795.0,13320740709.15,587987.0,47270.0,0.17872,0.1261937,0.02941,0.0329,0.54636
chandigarh,2023,3,8094,2023-Q3,13514642,15978579212.55,622265,49865.0,1182.316129,8013.46693,12.47899,21.71847,25678.09408,271.02461,8093.0,12002645.0,15001734621.1,605280.0,48825.0,0.12597,0.0651154,0.02806,0.0213,0.47296
chandigarh,2023,4,8095,2023-Q4,13784981,16915170140.24,639168,50833.0,1227.072431,7952.99514,12.57388,21.56707,26464.357008,271.18173,8094.0,13514642.0,15978579212.55,622265.0,49865.0,0.02,0.0586154,0.02716,0.01941,0.41461
chandigarh,2024,1,8096,2024-Q1,13667061,16541090390.05,660057,52271.0,1210.288766,7919.16456,12.62759,20.70588,25060.093886,261.46546,8095.0,13784981.0,16915170140.24,639168.0,50833.0,-0.00855,-0.022115,0.03268,0.02829,0.34217
chandigarh,2024,2,8097,2024-Q2,16570280,18298504093.43,682073,53545.0,1104.296614,7850.33274,12.73831,24.294,26827.779568,309.46456,8096.0,13667061.0,16541090390.05,660057.0,52271.0,0.21242,0.1062453,0.03335,0.02437,0.38055
chandigarh,2024,3,8098,2024-Q3,17830482,19398464952.3,703169,54821.0,1087.938338,7796.27657,12.82664,25.35732,27587.201586,325.24912,8097.0,16570280.0,18298504093.43,682073.0,53545.0,0.07605,0.0601121,0.03093,0.02383,0.31935
chandigarh,2024,4,8099,2024-Q4,18645893,20631840726.07,721374,56177.0,1106.508587,7787.49997,12.84109,25.84775,28600.754568,331.91329,8098.0,17830482.0,19398464952.3,703169.0,54821.0,0.04573,0.0635811,0.02589,0.02474,0.35262
chandigarh,2025,1,8100,2025-Q1,19931215,21239542165.22,739749,57875.0,1065.642118,7823.59963,12.78184,26.94321,28711.822747,344.38384,8099.0,18645893.0,20631840726.07,721374.0,56177.0,0.06893,0.0294545,0.02547,0.03023,0.45834
chandigarh,2025,2,8101,2025-Q2,20255468,21185658828.05,757963,59143.0,1045.922949,7802.88748,12.81577,26.72356,27950.782331,342.48293,8100.0,19931215.0,21239542165.22,739749.0,57875.0,0.01627,-0.0025369,0.02462,0.02191,0.2224
chandigarh,2025,3,8102,2025-Q3,22149566,22397711070.19,776162,60176.0,1011.203157,7753.02063,12.8982,28.5373,28857.005458,368.07973,8101.0,20255468.0,21185658828.05,757963.0,59143.0,0.09351,0.057211,0.02401,0.01747,0.24223
chandigarh,2025,4,8103,2025-Q4,22627910,23861736668.23,794106,61497.0,1054.526762,7744.18025,12.91292,28.49482,30048.553554,367.95144,8102.0,22149566.0,22397711070.19,776162.0,60176.0,0.0216,0.065365,0.02312,0.02195,0.21356
chandigarh,2026,1,8104,2026-Q1,22820289,23784456763.0,811491,62840.0,1042.250462,7743.77042,12.91361,28.12143,29309.575538,363.14909,8103.0,22627910.0,23861736668.23,794106.0,61497.0,0.0085,-0.0032387,0.02189,0.02184,0.14495
chandigarh,2026,2,8105,2026-Q2,25137055,25233291728.69,829123,64346.0,1003.828481,7760.73031,12.88539,30.31764,30433.713368,390.65451,8104.0,22820289.0,23784456763.0,811491.0,62840.0,0.10152,0.0609152,0.02173,0.02397,0.241
chhattisgarh,2018,1,8072,2018-Q1,2308574,2600414470.84,686395,10.0,1126.415905,1.45689,68639.5,3.36333,3788.510218,230857.4,,,,,,,,,,
chhattisgarh,2018,2,8073,2018-Q2,3380470,5020388075.2,967619,17.0,1485.115406,1.75689,56918.76471,3.4936,5188.393443,198851.17647,8072.0,2308574.0,2600414470.84,686395.0,10.0,0.46431,0.9306107,0.40971,0.7,
chhattisgarh,2018,3,8074,2018-Q3,4512546,7219788715.08,1229445,27.0,1599.936868,2.19611,45535.0,3.67039,5872.396663,167131.33333,8073.0,3380470.0,5020388075.2,967619.0,17.0,0.33489,0.4380938,0.27059,0.58824,
chhattisgarh,2018,4,8075,2018-Q4,6353226,10755271064.36,1584333,828.0,1692.883437,52.26174,1913.44565,4.01003,6788.516722,7672.97826,8074.0,4512546.0,7219788715.08,1229445.0,27.0,0.4079,0.4896933,0.28866,29.66667,
chhattisgarh,2019,1,8076,2019-Q1,8806110,13924157587.5,1925189,23858.0,1581.192784,1239.25495,80.69365,4.57415,7232.618505,369.10512,8075.0,6353226.0,10755271064.36,1584333.0,828.0,0.38608,0.2946357,0.21514,27.81401,2.81452
chhattisgarh,2019,2,8077,2019-Q2,10141906,18246258174.34,2212185,48515.0,1799.095572,2193.0806,45.59796,4.58457,8248.070652,209.04681,8076.0,8806110.0,13924157587.5,1925189.0,23858.0,0.15169,0.310403,0.14907,1.03349,2.00015
chhattisgarh,2019,3,8078,2019-Q3,12460140,21416627955.84,2488075,65116.0,1718.811182,2617.12368,38.20989,5.00794,8607.709959,191.35297,8077.0,10141906.0,18246258174.34,2212185.0,48515.0,0.22858,0.1737545,0.12471,0.34218,1.76122
chhattisgarh,2019,4,8079,2019-Q4,16357293,28463127103.1,2780915,82700.0,1740.087868,2973.84134,33.62654,5.88198,10235.16616,197.79073,8078.0,12460140.0,21416627955.84,2488075.0,65116.0,0.31277,0.32902,0.1177,0.27004,1.57464
chhattisgarh,2020,1,8080,2020-Q1,19093394,32590895619.61,3094859,99397.0,1706.919976,3211.68105,31.13634,6.16939,10530.656039,192.09226,8079.0,16357293.0,28463127103.1,2780915.0,82700.0,0.16727,0.1450216,0.11289,0.2019,1.1682
chhattisgarh,2020,2,8081,2020-Q2,21009112,37624391296.13,3484888,105658.0,1790.860618,3031.89084,32.98272,6.02863,10796.442037,198.84071,8080.0,19093394.0,32590895619.61,3094859.0,99397.0,0.10033,0.1544448,0.12602,0.06299,1.07152
chhattisgarh,2020,3,8082,2020-Q3,28282693,50717527358.69,3897665,120657.0,1793.235438,3095.62264,32.30368,7.25632,13012.284883,234.40574,8081.0,21009112.0,37624391296.13,3484888.0,105658.0,0.34621,0.347996,0.11845,0.14196,1.26985
chhattisgarh,2020,4,8083,2020-Q4,39804658,71088111288.63,4302482,153533.0,1785.924433,3568.47513,28.02317,9.25156,16522.581916,259.258,8082.0,28282693.0,50717527358.69,3897665.0,120657.0,0.40739,0.4016478,0.10386,0.27247,1.43345
chhattisgarh,2021,1,8084,2021-Q1,48630460,85037921799.07,4682835,185878.0,1748.655509,3969.34763,25.19306,10.38483,18159.495647,261.62569,8083.0,39804658.0,71088111288.63,4302482.0,153533.0,0.22173,0.1962327,0.0884,0.21067,1.54698
chhattisgarh,2021,2,8085,2021-Q2,57474912,98787017765.86,5078626,198995.0,1718.78502,3918.2842,25.52137,11.31702,19451.524441,288.82591,8084.0,48630460.0,85037921799.07,4682835.0,185878.0,0.18187,0.1616819,0.08452,0.07057,1.73571
chhattisgarh,2021,3,8086,2021-Q3,80717872,128856725337.3,5517110,234841.0,1596.384074,4256.59449,23.49296,14.63046,23355.837628,343.71286,8085.0,57474912.0,98787017765.86,5078626.0,198995.0,0.4044,0.3043893,0.08634,0.18014,1.85397
chhattisgarh,2021,4,8087,2021-Q4,90986070,142897547581.3,5951381,278371.0,1570.543135,4677.41857,21.37931,15.28823,24010.82162,326.85183,8086.0,80717872.0,128856725337.3,5517110.0,234841.0,0.12721,0.1089646,0.07871,0.18536,1.28581
chhattisgarh,2022,1,8088,2022-Q1,118651612,188186021689.87,6380734,321437.0,1586.038474,5037.61793,19.85065,18.59529,29492.84858,369.12867,8087.0,90986070.0,142897547581.3,5951381.0,278371.0,0.30406,0.3169297,0.07214,0.15471,1.43986
chhattisgarh,2022,2,8089,2022-Q2,143649650,217141086234.93,6782654,353970.0,1511.601916,5218.7536,19.16166,21.17897,32014.177081,405.82436,8088.0,118651612.0,188186021689.87,6380734.0,321437.0,0.21068,0.1538641,0.06299,0.10121,1.49935
chhattisgarh,2022,3,8090,2022-Q3,168777635,232335130975.74,7211969,390945.0,1376.575344,5420.78037,18.44753,23.40243,32215.214871,431.71708,8089.0,143649650.0,217141086234.93,6782654.0,353970.0,0.17493,0.0699731,0.0633,0.10446,1.09096
chhattisgarh,2022,4,8091,2022-Q4,192641774,267162792319.19,7618238,425290.0,1386.837272,5582.52446,17.91304,25.28692,35068.842995,452.96568,8090.0,168777635.0,232335130975.74,7211969.0,390945.0,0.14139,0.1499027,0.05633,0.08785,1.11727
chhattisgarh,2023,1,8092,2023-Q1,214685457,299544060546.13,8004123,443733.0,1395.269455,5543.80536,18.03815,26.82186,37423.720318,483.81675,8091.0,192641774.0,267162792319.19,7618238.0,425290.0,0.11443,0.1212043,0.05065,0.04337,0.80938
chhattisgarh,2023,2,8093,2023-Q2,250168113,331458751118.98,8375641,457643.0,1324.944043,5463.97583,18.30169,29.86853,39574.135415,546.64468,8092.0,214685457.0,299544060546.13,8004123.0,443733.0,0.16528,0.1065442,0.04642,0.03135,0.74152
chhattisgarh,2023,3,8094,2023-Q3,283570782,349234131102.08,8766380,476302.0,1231.558938,5433.28033,18.40509,32.34753,39837.895585,595.35921,8093.0,250168113.0,331458751118.98,8375641.0,457643.0,0.13352,0.0536277,0.04665,0.04077,0.68014
chhattisgarh,2023,4,8095,2023-Q4,322561838,404263598492.01,9160798,494172.0,1253.290225,5394.42088,18.53767,35.21111,44129.736131,652.73192,8094.0,283570782.0,349234131102.08,8766380.0,476302.0,0.1375,0.1575718,0.04499,0.03752,0.67441
chhattisgarh,2024,1,8096,2024-Q1,366651062,463030150974.66,9676480,518348.0,1262.863248,5356.78263,18.66792,37.89095,47851.09368,707.34538,8095.0,322561838.0,404263598492.01,9160798.0,494172.0,0.13668,0.1453669,0.05629,0.04892,0.70785
chhattisgarh,2024,2,8097,2024-Q2,412497773,495339525982.1,10160209,542535.0,1200.829576,5339.80157,18.72729,40.59934,48752.887463,760.31551,8096.0,366651062.0,463030150974.66,9676480.0,518348.0,0.12504,0.0697781,0.04999,0.04666,0.64888
chhattisgarh,2024,3,8098,2024-Q3,443141845,495927695118.55,10587536,566499.0,1119.117277,5350.62171,18.68942,41.85505,46840.709219,782.24647,8097.0,412497773.0,495339525982.1,10160209.0,542535.0,0.07429,0.0011874,0.04206,0.04417,0.56272
chhattisgarh,2024,4,8099,2024-Q4,500033921,575372077008.47,10962228,593346.0,1150.666091,5412.64057,18.47527,45.61426,52486.782523,842.73581,8098.0,443141845.0,495927695118.55,10587536.0,566499.0,0.12838,0.1601935,0.03539,0.04739,0.5502
chhattisgarh,2025,1,8100,2025-Q1,498714795,585636844581.98,11341270,617762.0,1174.292101,5447.02666,18.35864,43.97345,51637.677666,807.29277,8099.0,500033921.0,575372077008.47,10962228.0,593346.0,-0.00264,0.0178402,0.03458,0.04115,0.36019
chhattisgarh,2025,2,8101,2025-Q2,530238048,584957150370.39,11716582,639801.0,1103.197239,5460.64543,18.31285,45.25535,49925.579864,828.75464,8100.0,498714795.0,585636844581.98,11341270.0,617762.0,0.06321,-0.0011606,0.03309,0.03568,0.28543
chhattisgarh,2025,3,8102,2025-Q3,567750078,579430366109.49,12105416,662495.0,1020.57294,5472.71568,18.27246,46.9005,47865.382413,856.98772,8101.0,530238048.0,584957150370.39,11716582.0,639801.0,0.07075,-0.0094482,0.03319,0.03547,0.28119
chhattisgarh,2025,4,8103,2025-Q4,605701118,639303988608.6,12478219,687021.0,1055.477643,5505.76168,18.16279,48.54067,51233.592599,881.63407,8102.0,567750078.0,579430366109.49,12105416.0,662495.0,0.06684,0.1033319,0.0308,0.03702,0.21132
chhattisgarh,2026,1,8104,2026-Q1,625441700,681983078745.75,12825130,701882.0,1090.402317,5472.70866,18.27249,48.76689,53175.529507,891.09238,8103.0,605701118.0,639303988608.6,12478219.0,687021.0,0.03259,0.0667587,0.0278,0.02163,0.25411
chhattisgarh,2026,2,8105,2026-Q2,646201571,678401352461.27,13192734,715816.0,1049.829315,5425.83516,18.43034,48.98163,51422.347518,902.74815,8104.0,625441700.0,681983078745.75,12825130.0,701882.0,0.03319,-0.0052519,0.02866,0.01985,0.2187
dadra & nagar haveli & daman & diu,2018,1,8072,2018-Q1,175749,203738508.33,46505,,1159.258422,,,3.77914,4381.002222,,,,,,,,,,,
dadra & nagar haveli & daman & diu,2018,2,8073,2018-Q2,233330,339720413.43,62632,1.0,1455.965428,1.59663,62632.0,3.72541,5424.070977,233330.0,8072.0,175749.0,203738508.33,46505.0,,0.32763,0.6674335,0.34678,,
dadra & nagar haveli & daman & diu,2018,3,8074,2018-Q3,327117,494728286.08,79851,5.0,1512.389408,6.26166,15970.2,4.09659,6195.642961,65423.4,8073.0,233330.0,339720413.43,62632.0,1.0,0.40195,0.4562807,0.27492,4.0,
dadra & nagar haveli & daman & diu,2018,4,8075,2018-Q4,460719,718948346.74,101702,9.0,1560.492072,8.84938,11300.22222,4.53009,7069.166258,51191.0,8074.0,327117.0,494728286.08,79851.0,5.0,0.40842,0.4532186,0.27365,0.8,
dadra & nagar haveli & daman & diu,2019,1,8076,2019-Q1,765460,972578611.62,122413,139.0,1270.580581,113.55003,880.66906,6.25309,7945.059852,5506.90647,8075.0,460719.0,718948346.74,101702.0,9.0,0.66145,0.3527795,0.20364,14.44444,3.35542
dadra & nagar haveli & daman & diu,2019,2,8077,2019-Q2,660479,1087297036.72,139004,1779.0,1646.224992,1279.81929,78.13603,4.75151,7822.055745,371.26419,8076.0,765460.0,972578611.62,122413.0,139.0,-0.13715,0.1179529,0.13553,11.79856,1.83066
dadra & nagar haveli & daman & diu,2019,3,8078,2019-Q3,754087,1278812027.14,155873,3393.0,1695.841497,2176.77212,45.93958,4.83783,8204.192048,222.24786,8077.0,660479.0,1087297036.72,139004.0,1779.0,0.14173,0.1761386,0.12136,0.90725,1.30525
dadra & nagar haveli & daman & diu,2019,4,8079,2019-Q4,916877,1615369595.52,174634,4426.0,1761.81712,2534.44346,39.45639,5.25028,9250.029178,207.15703,8078.0,754087.0,1278812027.14,155873.0,3393.0,0.21588,0.2631799,0.12036,0.30445,0.9901
dadra & nagar haveli & daman & diu,2020,1,8080,2020-Q1,1059367,1783068099.61,193453,5118.0,1683.14484,2645.60384,37.79855,5.47609,9217.06099,206.98847,8079.0,916877.0,1615369595.52,174634.0,4426.0,0.15541,0.1038143,0.10776,0.15635,0.38396
dadra & nagar haveli & daman & diu,2020,2,8081,2020-Q2,1128692,1665874471.91,217392,5435.0,1475.933622,2500.092,39.99853,5.19197,7662.998049,207.67102,8080.0,1059367.0,1783068099.61,193453.0,5118.0,0.06544,-0.0657258,0.12375,0.06194,0.7089
dadra & nagar haveli & daman & diu,2020,3,8082,2020-Q3,1381590,2246553945.81,239161,7224.0,1626.064133,3020.55937,33.10645,5.77682,9393.47948,191.25,8081.0,1128692.0,1665874471.91,217392.0,5435.0,0.22406,0.3485734,0.10014,0.32916,0.83214
dadra & nagar haveli & daman & diu,2020,4,8083,2020-Q4,2074476,3117756826.2,264058,9628.0,1502.912941,3646.16864,27.42605,7.85614,11807.090966,215.46282,8082.0,1381590.0,2246553945.81,239161.0,7224.0,0.50151,0.3877952,0.1041,0.33278,1.26255
dadra & nagar haveli & daman & diu,2021,1,8084,2021-Q1,2468208,3719731952.63,284780,11346.0,1507.057733,3984.1281,25.09959,8.66707,13061.773835,217.53993,8083.0,2074476.0,3117756826.2,264058.0,9628.0,0.1898,0.1930796,0.07848,0.17844,1.32989
dadra & nagar haveli & daman & diu,2021,2,8085,2021-Q2,2814882,4058213192.36,304287,11960.0,1441.699223,3930.49982,25.44206,9.25075,13336.794514,235.35803,8084.0,2468208.0,3719731952.63,284780.0,11346.0,0.14046,0.0909961,0.0685,0.05412,1.49393
dadra & nagar haveli & daman & diu,2021,3,8086,2021-Q3,4130800,5487801996.99,326668,13043.0,1328.508279,3992.73881,25.04547,12.64525,16799.3253,316.70628,8085.0,2814882.0,4058213192.36,304287.0,11960.0,0.46749,0.3522705,0.07355,0.09055,1.98989
dadra & nagar haveli & daman & diu,2021,4,8087,2021-Q4,4718714,6073199177.99,349265,14300.0,1287.045406,4094.31234,24.42413,13.51041,17388.51353,329.98,8086.0,4130800.0,5487801996.99,326668.0,13043.0,0.14232,0.1066724,0.06917,0.09637,1.27465
dadra & nagar haveli & daman & diu,2022,1,8088,2022-Q1,6099780,7630083652.34,369790,15792.0,1250.878499,4270.53192,23.41629,16.49525,20633.558648,386.2576,8087.0,4718714.0,6073199177.99,349265.0,14300.0,0.29268,0.2563533,0.05877,0.10434,1.47134
dadra & nagar haveli & daman & diu,2022,2,8089,2022-Q2,7431344,8548899697.36,390083,16607.0,1150.384062,4257.29909,23.48907,19.05067,21915.591547,447.48263,8088.0,6099780.0,7630083652.34,369790.0,15792.0,0.2183,0.1204202,0.05488,0.05161,1.64002
dadra & nagar haveli & daman & diu,2022,3,8090,2022-Q3,9167713,10016928620.57,410533,17115.0,1092.631131,4168.97058,23.98674,22.33124,24399.813463,535.6537,8089.0,7431344.0,8548899697.36,390083.0,16607.0,0.23365,0.1717214,0.05242,0.03059,1.21936
dadra & nagar haveli & daman & diu,2022,4,8091,2022-Q4,10667542,11210383267.66,431261,17526.0,1050.887193,4063.89634,24.60693,24.7357,25994.428589,608.66952,8090.0,9167713.0,10016928620.57,410533.0,17115.0,0.1636,0.1191438,0.05049,0.02401,1.26069
dadra & nagar haveli & daman & diu,2023,1,8092,2023-Q1,11627938,12184562485.61,449889,17162.0,1047.869578,3814.71874,26.21425,25.84624,27083.486117,677.5398,8091.0,10667542.0,11210383267.66,431261.0,17526.0,0.09003,0.0868997,0.04319,-0.02077,0.90629
dadra & nagar haveli & daman & diu,2023,2,8093,2023-Q2,13139339,13293978308.32,467310,17453.0,1011.769185,3734.77991,26.77534,28.11697,28447.878942,752.84129,8092.0,11627938.0,12184562485.61,449889.0,17162.0,0.12998,0.0910509,0.03872,0.01696,0.7681
dadra & nagar haveli & daman & diu,2023,3,8094,2023-Q3,14946369,14582297017.6,484521,18026.0,975.641443,3720.37538,26.87901,30.84772,30096.315779,829.15616,8093.0,13139339.0,13293978308.32,467310.0,17453.0,0.13753,0.0969099,0.03683,0.03283,0.63033
dadra & nagar haveli & daman & diu,2023,4,8095,2023-Q4,17850712,16983535180.43,502992,18911.0,951.420603,3759.70194,26.59785,35.48906,33765.020478,943.93274,8094.0,14946369.0,14582297017.6,484521.0,18026.0,0.19432,0.164668,0.03812,0.0491,0.67337
dadra & nagar haveli & daman & diu,2024,1,8096,2024-Q1,20353556,18765466590.84,522738,20267.0,921.974843,3877.08565,25.79257,38.93644,35898.41678,1004.27079,8095.0,17850712.0,16983535180.43,502992.0,18911.0,0.14021,0.1049211,0.03926,0.0717,0.7504
dadra & nagar haveli & daman & diu,2024,2,8097,2024-Q2,22527545,19470526075.94,542235,21337.0,864.298621,3935.00973,25.4129,41.54572,35907.910917,1055.79721,8096.0,20353556.0,18765466590.84,522738.0,20267.0,0.10681,0.0375722,0.0373,0.0528,0.71451
dadra & nagar haveli & daman & diu,2024,3,8098,2024-Q3,24452181,20598707213.19,560853,22497.0,842.407768,4011.21149,24.93012,43.5982,36727.461943,1086.90852,8097.0,22527545.0,19470526075.94,542235.0,21337.0,0.08543,0.057943,0.03434,0.05437,0.63599
dadra & nagar haveli & daman & diu,2024,4,8099,2024-Q4,27354023,22905248328.84,579259,23494.0,837.363057,4055.87138,24.65561,47.22244,39542.326194,1164.29825,8098.0,24452181.0,20598707213.19,560853.0,22497.0,0.11867,0.111975,0.03282,0.04432,0.53238
dadra & nagar haveli & daman & diu,2025,1,8100,2025-Q1,27107809,22346971352.22,597015,24269.0,824.373942,4065.05699,24.5999,45.40557,37431.172336,1116.97264,8099.0,27354023.0,22905248328.84,579259.0,23494.0,-0.009,-0.0243733,0.03065,0.03299,0.33185
dadra & nagar haveli & daman & diu,2025,2,8101,2025-Q2,28225351,23146137014.55,613335,24909.0,820.047801,4061.23896,24.62303,46.01947,37738.164322,1133.13866,8100.0,27107809.0,22346971352.22,597015.0,24269.0,0.04123,0.0357617,0.02734,0.02637,0.25293
dadra & nagar haveli & daman & diu,2025,3,8102,2025-Q3,31444001,24673354040.59,630853,25741.0,784.676035,4080.34835,24.50771,49.84363,39111.098846,1221.5532,8101.0,28225351.0,23146137014.55,613335.0,24909.0,0.11403,0.0659815,0.02856,0.0334,0.28594
dadra & nagar haveli & daman & diu,2025,4,8103,2025-Q4,32546677,26195111187.06,647249,26635.0,804.847487,4115.10871,24.30069,50.28463,40471.458723,1221.95145,8102.0,31444001.0,24673354040.59,630853.0,25741.0,0.03507,0.0616761,0.02599,0.03473,0.18983
dadra & nagar haveli & daman & diu,2026,1,8104,2026-Q1,33719156,26943767275.15,661947,27377.0,799.064107,4135.82961,24.17895,50.93936,40703.813561,1231.66001,8103.0,32546677.0,26195111187.06,647249.0,26635.0,0.03602,0.02858,0.02271,0.02786,0.24389
dadra & nagar haveli & daman & diu,2026,2,8105,2026-Q2,33036223,26552512651.74,685445,27992.0,803.739358,4083.7704,24.48717,48.19675,38737.626873,1180.20231,8104.0,33719156.0,26943767275.15,661947.0,27377.0,-0.02025,-0.0145212,0.0355,0.02246,0.17045
delhi,2018,1,8072,2018-Q1,4861388,8271371793.39,1954765,35.0,1701.442426,1.7905,55850.42857,2.48694,4231.389345,138896.8,,,,,,,,,,
delhi,2018,2,8073,2018-Q2,6889986,13364589444.29,2581867,1582.0,1939.712134,61.27349,1632.02718,2.66861,5176.327613,4355.23767,8072.0,4861388.0,8271371793.39,1954765.0,35.0,0.41729,0.6157646,0.32081,44.2,
delhi,2018,3,8074,2018-Q3,12574966,19957898704.19,3271387,20830.0,1587.113532,636.73298,157.0517,3.84392,6100.745251,603.69496,8073.0,6889986.0,13364589444.29,2581867.0,1582.0,0.82511,0.4933417,0.26706,12.16688,
delhi,2018,4,8075,2018-Q4,24850974,31024643827.81,4336314,122312.0,1248.42768,2820.64445,35.45289,5.7309,7154.611919,203.17691,8074.0,12574966.0,19957898704.19,3271387.0,20830.0,0.97623,0.5545045,0.32553,4.87192,
delhi,2019,1,8076,2019-Q1,36894345,44300658315.16,5182927,291072.0,1200.743862,5615.97723,17.80634,7.11844,8547.420852,126.75333,8075.0,24850974.0,31024643827.81,4336314.0,122312.0,0.48462,0.4279184,0.19524,1.37975,6.58926
delhi,2019,2,8077,2019-Q2,43013774,58968863487.08,5845734,377636.0,1370.929774,6460.02709,15.47981,7.35815,10087.503723,113.90274,8076.0,36894345.0,44300658315.16,5182927.0,291072.0,0.16586,0.3311058,0.12788,0.2974,5.24294
delhi,2019,3,8078,2019-Q3,55742193,76468995159.52,6463153,457771.0,1371.833275,7082.78142,14.11875,8.62461,11831.531013,121.76873,8077.0,43013774.0,58968863487.08,5845734.0,377636.0,0.29591,0.296769,0.10562,0.2122,3.43279
delhi,2019,4,8079,2019-Q4,62548835,93652030961.81,6975942,535746.0,1497.262594,7679.90904,13.02099,8.96636,13425.001378,116.75091,8078.0,55742193.0,76468995159.52,6463153.0,457771.0,0.12211,0.2247059,0.07934,0.17034,1.51696
delhi,2020,1,8080,2020-Q1,64918068,101297919304.47,7506500,620971.0,1560.396395,8272.44388,12.08833,8.64825,13494.693839,104.54283,8079.0,62548835.0,93652030961.81,6975942.0,535746.0,0.03788,0.0816415,0.07606,0.15908,0.75957
delhi,2020,2,8081,2020-Q2,52441310,81000333616.01,8071753,662128.0,1544.590202,8203.02603,12.19062,6.49689,10035.036208,79.20117,8080.0,64918068.0,101297919304.47,7506500.0,620971.0,-0.19219,-0.2003751,0.0753,0.06628,0.21917
delhi,2020,3,8082,2020-Q3,73862510,129779470523.63,8702719,806650.0,1757.041164,9268.94227,10.78872,8.48729,14912.519929,91.56699,8081.0,52441310.0,81000333616.01,8071753.0,662128.0,0.40848,0.6022091,0.07817,0.21827,0.32507
delhi,2020,4,8083,2020-Q4,101260942,177739597368.57,9361847,956264.0,1755.263124,10214.48011,9.79002,10.81634,18985.526827,105.89225,8082.0,73862510.0,129779470523.63,8702719.0,806650.0,0.37094,0.369551,0.07574,0.18548,0.61891
delhi,2021,1,8084,2021-Q1,120153276,205668430518.45,9968730,1076714.0,1711.717211,10800.91446,9.25848,12.05302,20631.357306,111.59256,8083.0,101260942.0,177739597368.57,9361847.0,956264.0,0.18657,0.1571334,0.06483,0.12596,0.85084
delhi,2021,2,8085,2021-Q2,121471283,202501475643.45,10538375,1126168.0,1667.072831,10686.35345,9.35773,11.52657,19215.626284,107.86249,8084.0,120153276.0,205668430518.45,9968730.0,1076714.0,0.01097,-0.0153984,0.05714,0.04593,1.31633
delhi,2021,3,8086,2021-Q3,172751582,288115773262.44,11160288,1228686.0,1667.803964,11009.44707,9.08311,15.47913,25816.159338,140.59864,8085.0,121471283.0,202501475643.45,10538375.0,1126168.0,0.42216,0.4227836,0.05901,0.09103,1.33883
delhi,2021,4,8087,2021-Q4,180172118,312145482478.9,11796958,1313333.0,1732.484948,11132.81068,8.98246,15.27276,26459.828244,137.18693,8086.0,172751582.0,288115773262.44,11160288.0,1228686.0,0.04295,0.083403,0.05705,0.06889,0.77929
delhi,2022,1,8088,2022-Q1,223152158,376375724015.03,12414526,1422784.0,1686.632688,11460.63893,8.72552,17.97508,30317.365642,156.84191,8087.0,180172118.0,312145482478.9,11796958.0,1313333.0,0.23855,0.2057702,0.05235,0.08334,0.85723
delhi,2022,2,8089,2022-Q2,280662698,443015534922.17,12974749,1511233.0,1578.462468,11647.49314,8.58554,21.63145,34144.439705,185.71769,8088.0,223152158.0,376375724015.03,12414526.0,1422784.0,0.25772,0.1770566,0.04513,0.06217,1.31053
delhi,2022,3,8090,2022-Q3,336144494,507114703182.28,13539000,1557751.0,1508.62118,11505.65773,8.69138,24.82787,37455.846309,215.78833,8089.0,280662698.0,443015534922.17,12974749.0,1511233.0,0.19768,0.1446883,0.04349,0.03078,0.94583
delhi,2022,4,8091,2022-Q4,365023307,556037697335.61,14081903,1593056.0,1523.293682,11312.78919,8.83955,25.92145,39485.976955,229.13401,8090.0,336144494.0,507114703182.28,13539000.0,1557751.0,0.08591,0.0964732,0.0401,0.02266,1.02597
delhi,2023,1,8092,2023-Q1,408284405,611515329918.74,14595060,1500599.0,1497.768032,10281.55417,9.72616,27.97415,41898.788352,272.08095,8091.0,365023307.0,556037697335.61,14081903.0,1593056.0,0.11852,0.0997732,0.03644,-0.05804,0.82962
delhi,2023,2,8093,2023-Q2,479877785,661524275756.0,15072030,1518643.0,1378.526567,10075.90218,9.92467,31.83896,43890.8545,315.99117,8092.0,408284405.0,611515329918.74,14595060.0,1500599.0,0.17535,0.0817787,0.03268,0.01202,0.7098
delhi,2023,3,8094,2023-Q3,544463265,707384902988.86,15541397,1545075.0,1299.233481,9941.67384,10.05867,35.0331,45516.172258,352.3863,8093.0,479877785.0,661524275756.0,15072030.0,1518643.0,0.13459,0.0693257,0.03114,0.01741,0.61973
delhi,2023,4,8095,2023-Q4,595978737,800033234390.39,16011335,1569273.0,1342.385533,9801.01284,10.20303,37.2223,49966.67888,379.78015,8094.0,544463265.0,707384902988.86,15541397.0,1545075.0,0.09462,0.130973,0.03024,0.01566,0.63271
delhi,2024,1,8096,2024-Q1,648689028,833026878275.85,16600851,1610556.0,1284.169829,9701.64722,10.30753,39.07565,50179.769596,402.77335,8095.0,595978737.0,800033234390.39,16011335.0,1569273.0,0.08844,0.0412403,0.03682,0.02631,0.58882
delhi,2024,2,8097,2024-Q2,774314356,895745968493.42,17177363,1648369.0,1156.824695,9596.17026,10.42082,45.0776,52146.88474,469.74576,8096.0,648689028.0,833026878275.85,16600851.0,1610556.0,0.19366,0.0752906,0.03473,0.02348,0.61357
delhi,2024,3,8098,2024-Q3,844711512,960894810351.47,17734636,1677600.0,1137.541985,9459.4555,10.57143,47.63061,54181.817453,503.52379,8097.0,774314356.0,895745968493.42,17177363.0,1648369.0,0.09092,0.0727314,0.03244,0.01773,0.55146
delhi,2024,4,8099,2024-Q4,910091437,1058824541586.68,18256126,1707724.0,1163.426551,9354.25183,10.69033,49.85129,57998.314735,532.92654,8098.0,844711512.0,960894810351.47,17734636.0,1677600.0,0.0774,0.1019151,0.02941,0.01796,0.52705
delhi,2025,1,8100,2025-Q1,946994561,1075695710049.57,18767127,1736526.0,1135.904845,9253.01992,10.80728,50.46028,57318.081241,545.33854,8099.0,910091437.0,1058824541586.68,18256126.0,1707724.0,0.04055,0.0159339,0.02799,0.01687,0.45986
delhi,2025,2,8101,2025-Q2,988353361,1059397596251.98,19263783,1766050.0,1071.881412,9167.72163,10.90784,51.3063,54994.26547,559.64064,8100.0,946994561.0,1075695710049.57,18767127.0,1736526.0,0.04367,-0.0151512,0.02646,0.017,0.27642
delhi,2025,3,8102,2025-Q3,1069317276,1110313539978.99,19764135,1796474.0,1038.338728,9089.56552,11.00163,54.10392,56178.200563,595.23115,8101.0,988353361.0,1059397596251.98,19263783.0,1766050.0,0.08192,0.0480612,0.02597,0.01723,0.2659
delhi,2025,4,8103,2025-Q4,1087983371,1170618652301.99,20229290,1835425.0,1075.952706,9073.10637,11.02158,53.78258,57867.510541,592.76918,8102.0,1069317276.0,1110313539978.99,19764135.0,1796474.0,0.01746,0.0543136,0.02354,0.02168,0.19547
delhi,2026,1,8104,2026-Q1,1087780733,1157725625834.73,20688029,1864615.0,1064.300544,9013.01424,11.09507,52.5802,55961.137034,583.38088,8103.0,1087983371.0,1170618652301.99,20229290.0,1835425.0,-0.00019,-0.0110139,0.02268,0.0159,0.14867
delhi,2026,2,8105,2026-Q2,1171904826,1176560966476.9,21250201,1893905.0,1003.973139,8912.40982,11.22031,55.14794,55367.051186,618.77699,8104.0,1087780733.0,1157725625834.73,20688029.0,1864615.0,0.07734,0.0162693,0.02717,0.01571,0.18571
goa,2018,1,8072,2018-Q1,183383,349066357.9,97236,,1903.482645,,,1.88596,3589.888086,,,,,,,,,,,
goa,2018,2,8073,2018-Q2,257510,535602446.42,128359,1.0,2079.928727,0.77906,128359.0,2.00617,4172.691018,257510.0,8072.0,183383.0,349066357.9,97236.0,,0.40422,0.5343858,0.32008,,
goa,2018,3,8074,2018-Q3,376513,784750606.07,160129,4.0,2084.258993,2.49799,40032.25,2.35131,4900.740066,94128.25,8073.0,257510.0,535602446.42,128359.0,1.0,0.46213,0.4651737,0.24751,3.0,
goa,2018,4,8075,2018-Q4,579647,1267443769.85,204229,231.0,2186.578676,113.10832,884.10823,2.83822,6205.993125,2509.29437,8074.0,376513.0,784750606.07,160129.0,4.0,0.53951,0.6150912,0.2754,56.75,
goa,2019,1,8076,2019-Q1,869079,1729283766.11,248825,766.0,1989.788922,307.84688,324.83681,3.49273,6949.79912,1134.56789,8075.0,579647.0,1267443769.85,204229.0,231.0,0.49932,0.364387,0.21836,2.31602,3.73915
goa,2019,2,8077,2019-Q2,1066466,2165028896.67,290801,1863.0,2030.096503,640.64429,156.09286,3.66734,7445.053135,572.44552,8076.0,869079.0,1729283766.11,248825.0,766.0,0.22712,0.2519801,0.1687,1.43211,3.14145
goa,2019,3,8078,2019-Q3,1351959,2683370624.35,331094,3458.0,1984.801776,1044.41639,95.74725,4.08331,8104.558296,390.96559,8077.0,1066466.0,2165028896.67,290801.0,1863.0,0.2677,0.2394156,0.13856,0.85615,2.59074
goa,2019,4,8079,2019-Q4,1901461,3915138021.18,370015,4792.0,2059.015684,1295.08263,77.21515,5.13888,10581.025151,396.79904,8078.0,1351959.0,2683370624.35,331094.0,3458.0,0.40645,0.4590374,0.11755,0.38577,2.28038
goa,2020,1,8080,2020-Q1,2308644,4491991521.59,410941,5584.0,1945.727241,1358.83253,73.59259,5.61795,10930.988929,413.43911,8079.0,1901461.0,3915138021.18,370015.0,4792.0,0.21414,0.1473393,0.11061,0.16528,1.65643
goa,2020,2,8081,2020-Q2,1740286,2715145069.55,451839,6457.0,1560.171759,1429.04884,69.97661,3.85156,6009.098527,269.51928,8080.0,2308644.0,4491991521.59,410941.0,5584.0,-0.24619,-0.3955587,0.09952,0.15634,0.63183
goa,2020,3,8082,2020-Q3,2133105,3765761100.71,499358,7492.0,1765.389468,1500.32642,66.65216,4.27169,7541.205109,284.7177,8081.0,1740286.0,2715145069.55,451839.0,6457.0,0.22572,0.3869466,0.10517,0.16029,0.57779
goa,2020,4,8083,2020-Q4,4146283,7565195670.72,553679,9461.0,1824.572918,1708.75182,58.52225,7.4886,13663.504794,438.24997,8082.0,2133105.0,3765761100.71,499358.0,7492.0,0.94378,1.008942,0.10878,0.26281,1.18058
goa,2021,1,8084,2021-Q1,6169621,11178477599.49,596406,11748.0,1811.85807,1969.7991,50.7666,10.34467,18743.06697,525.16352,8083.0,4146283.0,7565195670.72,553679.0,9461.0,0.48799,0.4776191,0.07717,0.24173,1.6724
goa,2021,2,8085,2021-Q2,5343431,8784725625.07,634949,12752.0,1644.023405,2008.35028,49.79211,8.41553,13835.324766,419.0269,8084.0,6169621.0,11178477599.49,596406.0,11748.0,-0.13391,-0.2141394,0.06463,0.08546,2.07043
goa,2021,3,8086,2021-Q3,7417529,11618809271.82,677726,14847.0,1566.398901,2190.70834,45.64734,10.94473,17143.815158,499.59783,8085.0,5343431.0,8784725625.07,634949.0,12752.0,0.38816,0.3226149,0.06737,0.16429,2.47734
goa,2021,4,8087,2021-Q4,11465988,18743523947.17,720435,17696.0,1634.706398,2456.29377,40.71174,15.91537,26016.953573,647.94236,8086.0,7417529.0,11618809271.82,677726.0,14847.0,0.5458,0.6132052,0.06302,0.19189,1.76537
goa,2022,1,8088,2022-Q1,13928876,21935946828.8,759279,20221.0,1574.854053,2663.18442,37.54903,18.34487,28890.49589,688.8322,8087.0,11465988.0,18743523947.17,720435.0,17696.0,0.2148,0.1703214,0.05392,0.14269,1.25766
goa,2022,2,8089,2022-Q2,16022094,24878187518.78,796871,21786.0,1552.742577,2733.94314,36.57721,20.10626,31219.843009,735.43074,8088.0,13928876.0,21935946828.8,759279.0,20221.0,0.15028,0.1341287,0.04951,0.07739,1.99847
goa,2022,3,8090,2022-Q3,17781281,25811794705.68,835257,23829.0,1451.6274,2852.89438,35.05212,21.2884,30902.817583,746.20341,8089.0,16022094.0,24878187518.78,796871.0,21786.0,0.1098,0.0375271,0.04817,0.09378,1.3972
goa,2022,4,8091,2022-Q4,23220664,33502458362.18,871837,25200.0,1442.786406,2890.44856,34.59671,26.63418,38427.433525,921.45492,8090.0,17781281.0,25811794705.68,835257.0,23829.0,0.30591,0.2979515,0.04379,0.05753,1.02518
goa,2023,1,8092,2023-Q1,24526280,35270734819.25,904953,25609.0,1438.079269,2829.87072,35.3373,27.10227,38975.211773,957.72111,8091.0,23220664.0,33502458362.18,871837.0,25200.0,0.05623,0.0527805,0.03798,0.01623,0.76082
goa,2023,2,8093,2023-Q2,26864800,38615163972.77,935702,26285.0,1437.38885,2809.12085,35.59833,28.71085,41268.656017,1022.05821,8092.0,24526280.0,35270734819.25,904953.0,25609.0,0.09535,0.0948216,0.03398,0.0264,0.67673
goa,2023,3,8094,2023-Q3,27248674,37450380521.63,967033,27362.0,1374.392769,2829.47945,35.34219,28.17761,38727.096719,995.85827,8093.0,26864800.0,38615163972.77,935702.0,26285.0,0.01429,-0.0301639,0.03348,0.04097,0.53244
goa,2023,4,8095,2023-Q4,33643920,44395207299.53,1001527,28389.0,1319.561077,2834.57161,35.2787,33.59262,44327.519178,1185.10409,8094.0,27248674.0,37450380521.63,967033.0,27362.0,0.2347,0.1854408,0.03567,0.03753,0.44888
goa,2024,1,8096,2024-Q1,35146111,45445685425.66,1039130,29320.0,1293.050188,2821.59114,35.441,33.82263,43734.359922,1198.70774,8095.0,33643920.0,44395207299.53,1001527.0,28389.0,0.04465,0.023662,0.03755,0.03279,0.433
goa,2024,2,8097,2024-Q2,37182439,47519409391.05,1078255,30281.0,1278.006787,2808.33384,35.6083,34.4839,44070.659901,1227.91318,8096.0,35146111.0,45445685425.66,1039130.0,29320.0,0.05794,0.0456308,0.03765,0.03278,0.38406
goa,2024,3,8098,2024-Q3,36966358,45991002795.09,1117049,31250.0,1244.131294,2797.54962,35.74557,33.09287,41171.875894,1182.92346,8097.0,37182439.0,47519409391.05,1078255.0,30281.0,-0.00581,-0.0321638,0.03598,0.032,0.35663
goa,2024,4,8099,2024-Q4,46318894,56637741193.08,1151724,32281.0,1222.778359,2802.84165,35.67808,40.21701,49176.487764,1434.86552,8098.0,36966358.0,45991002795.09,1117049.0,31250.0,0.253,0.2314961,0.03104,0.03299,0.37674
goa,2025,1,8100,2025-Q1,49193973,58807211950.65,1185550,33494.0,1195.414974,2825.18662,35.39589,41.49464,49603.316562,1468.73986,8099.0,46318894.0,56637741193.08,1151724.0,32281.0,0.06207,0.0383043,0.02937,0.03758,0.3997
goa,2025,2,8101,2025-Q2,45771675,55369449580.35,1218114,34446.0,1209.688078,2827.81415,35.363,37.57585,45455.063796,1328.79507,8100.0,49193973.0,58807211950.65,1185550.0,33494.0,-0.06957,-0.0584582,0.02747,0.02842,0.231
goa,2025,3,8102,2025-Q3,46150727,54338864093.72,1252705,35183.0,1177.421627,2808.56227,35.60541,36.84086,43377.222964,1311.73371,8101.0,45771675.0,55369449580.35,1218114.0,34446.0,0.00828,-0.0186129,0.0284,0.0214,0.24845
goa,2025,4,8103,2025-Q4,52951592,63813316867.88,1289056,35734.0,1205.125558,2772.1061,36.07366,41.07781,49503.913614,1481.82661,8102.0,46150727.0,54338864093.72,1252705.0,35183.0,0.14736,0.1743587,0.02902,0.01566,0.1432
goa,2026,1,8104,2026-Q1,55169116,67324007480.51,1325289,36079.0,1220.320577,2722.34962,36.73297,41.62799,50799.491643,1529.11988,8103.0,52951592.0,63813316867.88,1289056.0,35734.0,0.04188,0.055015,0.02811,0.00965,0.12146
goa,2026,2,8105,2026-Q2,55208797,69089808304.25,1347940,36404.0,1251.427527,2700.71368,37.02725,40.9579,51255.848409,1516.55854,8104.0,55169116.0,67324007480.51,1325289.0,36079.0,0.00072,0.0262284,0.01709,0.00901,0.20618
gujarat,2018,1,8072,2018-Q1,6635512,8197590210.36,2813458,23.0,1235.411858,0.8175,122324.26087,2.35849,2913.706268,288500.52174,,,,,,,,,,
gujarat,2018,2,8073,2018-Q2,8576111,13039616415.95,3729318,112.0,1520.457981,3.00323,33297.48214,2.29965,3496.515024,76572.41964,8072.0,6635512.0,8197590210.36,2813458.0,23.0,0.29246,0.5906646,0.32553,3.86957,
gujarat,2018,3,8074,2018-Q3,12242103,18865469253.16,4601012,274.0,1541.031737,5.95521,16792.0146,2.66074,4100.286905,44679.20803,8073.0,8576111.0,13039616415.95,3729318.0,112.0,0.42747,0.446781,0.23374,1.44643,
gujarat,2018,4,8075,2018-Q4,16308079,26472137603.71,5796205,1087.0,1623.252966,18.75365,5332.29531,2.81358,4567.149989,15002.83257,8074.0,12242103.0,18865469253.16,4601012.0,274.0,0.33213,0.4032059,0.25977,2.96715,
gujarat,2019,1,8076,2019-Q1,26455226,36847763352.85,6920980,50733.0,1392.834949,733.03203,136.41969,3.82247,5324.067307,521.45992,8075.0,16308079.0,26472137603.71,5796205.0,1087.0,0.62222,0.3919451,0.19405,45.67249,2.98692
gujarat,2019,2,8077,2019-Q2,27791578,46130544795.75,7878532,218360.0,1659.874973,2771.58232,36.08047,3.52751,5855.220845,127.27413,8076.0,26455226.0,36847763352.85,6920980.0,50733.0,0.05051,0.2519225,0.13835,3.3041,2.24058
gujarat,2019,3,8078,2019-Q3,36868399,55866174464.9,8815169,379073.0,1515.286152,4300.2352,23.25454,4.18238,6337.504643,97.25936,8077.0,27791578.0,46130544795.75,7878532.0,218360.0,0.3266,0.2110452,0.11888,0.736,2.01161
gujarat,2019,4,8079,2019-Q4,41410517,73077071811.67,9739656,479820.0,1764.698369,4926.45736,20.29856,4.25174,7503.044441,86.30427,8078.0,36868399.0,55866174464.9,8815169.0,379073.0,0.1232,0.3080737,0.10487,0.26577,1.53926
gujarat,2020,1,8080,2020-Q1,47012185,84177281289.14,10722212,575783.0,1790.541777,5370.00201,18.62197,4.38456,7850.738382,81.64914,8079.0,41410517.0,73077071811.67,9739656.0,479820.0,0.13527,0.1518973,0.10088,0.2,0.77705
gujarat,2020,2,8081,2020-Q2,44779825,70966369720.57,11915415,623195.0,1584.784436,5230.15774,19.11988,3.75814,5955.845409,71.85524,8080.0,47012185.0,84177281289.14,10722212.0,575783.0,-0.04748,-0.1569415,0.11128,0.08234,0.61127
gujarat,2020,3,8082,2020-Q3,58773255,107948689525.48,13038677,757523.0,1836.697483,5809.81491,17.21225,4.50761,8279.113711,77.5861,8081.0,44779825.0,70966369720.57,11915415.0,623195.0,0.31249,0.5211246,0.09427,0.21555,0.59414
gujarat,2020,4,8083,2020-Q4,77350802,145043226247.83,14183614,915535.0,1875.13539,6454.87814,15.49216,5.45353,10226.112065,84.487,8082.0,58773255.0,107948689525.48,13038677.0,757523.0,0.31609,0.3436312,0.08781,0.20859,0.8679
gujarat,2021,1,8084,2021-Q1,92994867,178693454967.37,15212633,1057340.0,1921.541056,6950.4076,14.38765,6.113,11746.385716,87.95172,8083.0,77350802.0,145043226247.83,14183614.0,915535.0,0.20225,0.2320014,0.07255,0.15489,0.9781
gujarat,2021,2,8085,2021-Q2,108741359,203060508004.0,16194721,1139225.0,1867.371439,7034.54539,14.21556,6.71462,12538.685168,95.45205,8084.0,92994867.0,178693454967.37,15212633.0,1057340.0,0.16933,0.1363623,0.06456,0.07744,1.42836
gujarat,2021,3,8086,2021-Q3,146565806,266874951666.12,17323185,1237105.0,1820.85412,7141.32534,14.003,8.46067,15405.65154,118.47483,8085.0,108741359.0,203060508004.0,16194721.0,1139225.0,0.34784,0.3142632,0.06968,0.08592,1.49375
gujarat,2021,4,8087,2021-Q4,155616570,290763968555.84,18430583,1293971.0,1868.464062,7020.78171,14.24343,8.44339,15776.167718,120.2628,8086.0,146565806.0,266874951666.12,17323185.0,1237105.0,0.06175,0.0895139,0.06393,0.04597,1.01183
gujarat,2022,1,8088,2022-Q1,202167410,375175981366.96,19483483,1418981.0,1855.768847,7282.99452,13.73062,10.37635,19256.10433,142.47366,8087.0,155616570.0,290763968555.84,18430583.0,1293971.0,0.29914,0.2903111,0.05713,0.09661,1.17396
gujarat,2022,2,8089,2022-Q2,242865983,425192027731.08,20492610,1508860.0,1750.726975,7362.94694,13.58152,11.85139,20748.554124,160.95992,8088.0,202167410.0,375175981366.96,19483483.0,1418981.0,0.20131,0.1333136,0.05179,0.06334,1.23343
gujarat,2022,3,8090,2022-Q3,298170347,492460968385.96,21579615,1575338.0,1651.609469,7300.12097,13.6984,13.81722,22820.655901,189.27389,8089.0,242865983.0,425192027731.08,20492610.0,1508860.0,0.22772,0.1582084,0.05304,0.04406,1.03438
gujarat,2022,4,8091,2022-Q4,329074518,548039488289.37,22608675,1624532.0,1665.396311,7185.43656,13.91704,14.55523,24240.230278,202.56573,8090.0,298170347.0,492460968385.96,21579615.0,1575338.0,0.10365,0.1128587,0.04769,0.03123,1.11465
gujarat,2023,1,8092,2023-Q1,369002002,602862655965.18,23551635,1582606.0,1633.765271,6719.7288,14.88155,15.66779,25597.486373,233.161,8091.0,329074518.0,548039488289.37,22608675.0,1624532.0,0.12133,0.1000351,0.04171,-0.02581,0.82523
gujarat,2023,2,8093,2023-Q2,425451706,650588973801.56,24442139,1606526.0,1529.172324,6572.77172,15.21428,17.40648,26617.513868,264.82715,8092.0,369002002.0,602862655965.18,23551635.0,1582606.0,0.15298,0.0791662,0.03781,0.01511,0.7518
gujarat,2023,3,8094,2023-Q3,485612014,713336692583.18,25381367,1639176.0,1468.943667,6458.18643,15.48422,19.13262,28104.738905,296.25374,8093.0,425451706.0,650588973801.56,24442139.0,1606526.0,0.1414,0.0964476,0.03843,0.02032,0.62864
gujarat,2023,4,8095,2023-Q4,542379120,803395243183.75,26346004,1672361.0,1481.242942,6347.68369,15.75378,20.58677,30494.007485,324.3194,8094.0,485612014.0,713336692583.18,25381367.0,1639176.0,0.1169,0.1262497,0.03801,0.02024,0.6482
gujarat,2024,1,8096,2024-Q1,614098314,881020106441.82,27405423,1734621.0,1434.656449,6329.48085,15.79908,22.40791,32147.655829,354.02449,8095.0,542379120.0,803395243183.75,26346004.0,1672361.0,0.13223,0.096621,0.04021,0.03723,0.66421
gujarat,2024,2,8097,2024-Q2,701921455,919028632147.89,28470147,1790863.0,1309.30409,6290.31877,15.89745,24.65465,32280.431574,391.94592,8096.0,614098314.0,881020106441.82,27405423.0,1734621.0,0.14301,0.0431415,0.03885,0.03242,0.64983
gujarat,2024,3,8098,2024-Q3,763687586,970256325961.42,29515495,1845568.0,1270.48854,6252.87836,15.99263,25.87412,32872.778382,413.79542,8097.0,701921455.0,919028632147.89,28470147.0,1790863.0,0.088,0.0557411,0.03672,0.03055,0.57263
gujarat,2024,4,8099,2024-Q4,831355510,1082230469473.02,30455926,1897442.0,1301.76616,6230.12415,16.05104,27.297,35534.315045,438.14541,8098.0,763687586.0,970256325961.42,29515495.0,1845568.0,0.08861,0.1154068,0.03186,0.02811,0.53279
gujarat,2025,1,8100,2025-Q1,902261206,1110857728436.59,31378561,1942361.0,1231.193053,6190.08947,16.15486,28.75407,35401.805979,464.51777,8099.0,831355510.0,1082230469473.02,30455926.0,1897442.0,0.08529,0.0264521,0.03029,0.02367,0.46925
gujarat,2025,2,8101,2025-Q2,919508876,1074252324352.92,32256294,1982430.0,1168.289238,6145.87032,16.27109,28.50634,33303.649959,463.82918,8100.0,902261206.0,1110857728436.59,31378561.0,1942361.0,0.01912,-0.0329524,0.02797,0.02063,0.30999
gujarat,2025,3,8102,2025-Q3,1045353791,1155632518250.88,33195778,2020150.0,1105.494167,6085.56305,16.43233,31.49056,34812.635458,517.46345,8101.0,919508876.0,1074252324352.92,32256294.0,1982430.0,0.13686,0.0757552,0.02913,0.01903,0.36882
gujarat,2025,4,8103,2025-Q4,1048194862,1234864382391.22,34132806,2064443.0,1178.086658,6048.26629,16.53366,30.70931,36178.226378,507.73737,8102.0,1045353791.0,1155632518250.88,33195778.0,2020150.0,0.00272,0.0685615,0.02823,0.02193,0.26083
gujarat,2026,1,8104,2026-Q1,1127537297,1294388577019.76,34953549,2100808.0,1147.978502,6010.28525,16.63815,32.25816,37031.678157,536.71601,8103.0,1048194862.0,1234864382391.22,34132806.0,2064443.0,0.07569,0.048203,0.02405,0.01761,0.24968
gujarat,2026,2,8105,2026-Q2,1157902686,1297688887688.37,36083882,2136458.0,1120.723618,5920.80974,16.88958,32.08919,35963.117485,541.97306,8104.0,1127537297.0,1294388577019.76,34953549.0,2100808.0,0.02693,0.0025497,0.03234,0.01697,0.25926
haryana,2018,1,8072,2018-Q1,5044397,7580699902.53,1988481,4.0,1502.796053,0.20116,497120.25,2.53681,3812.306933,1261099.25,,,,,,,,,,
haryana,2018,2,8073,2018-Q2,6867153,12521529537.94,2621706,168.0,1823.394577,6.40804,15605.39286,2.61935,4776.099814,40875.91071,8072.0,5044397.0,7580699902.53,1988481.0,4.0,0.36134,0.6517643,0.31845,41.0,
haryana,2018,3,8074,2018-Q3,9035319,17864845143.18,3194626,3949.0,1977.22351,123.61384,808.97088,2.82829,5592.155433,2288.00177,8073.0,6867153.0,12521529537.94,2621706.0,168.0,0.31573,0.4267303,0.21853,22.50595,
haryana,2018,4,8075,2018-Q4,14526062,27650255494.45,3994128,29642.0,1903.492873,742.13946,134.74556,3.63685,6922.726436,490.05,8074.0,9035319.0,17864845143.18,3194626.0,3949.0,0.6077,0.5477467,0.25026,6.5062,
haryana,2019,1,8076,2019-Q1,25636840,38591994904.58,4759566,120132.0,1505.333532,2524.01164,39.61947,5.38638,8108.301241,213.40559,8075.0,14526062.0,27650255494.45,3994128.0,29642.0,0.76489,0.3957193,0.19164,3.05276,4.08224
haryana,2019,2,8077,2019-Q2,28298601,51094727148.56,5414773,192408.0,1805.556647,3553.38996,28.14214,5.22618,9436.17159,147.07601,8076.0,25636840.0,38591994904.58,4759566.0,120132.0,0.10383,0.3239722,0.13766,0.60164,3.12086
haryana,2019,3,8078,2019-Q3,36134187,62880149756.33,6054463,260991.0,1740.184434,4310.72087,23.19798,5.96819,10385.75176,138.44994,8077.0,28298601.0,51094727148.56,5414773.0,192408.0,0.27689,0.2306583,0.11814,0.35645,2.99922
haryana,2019,4,8079,2019-Q4,44740993,82429204420.12,6642686,318003.0,1842.364214,4787.26527,20.88875,6.73538,12409.017139,140.69362,8078.0,36134187.0,62880149756.33,6054463.0,260991.0,0.23819,0.3108939,0.09716,0.21844,2.08005
haryana,2020,1,8080,2020-Q1,51339201,94252119542.41,7305629,376341.0,1835.870401,5151.38395,19.41226,7.02735,12901.301112,136.41671,8079.0,44740993.0,82429204420.12,6642686.0,318003.0,0.14748,0.1434311,0.0998,0.18345,1.00256
haryana,2020,2,8081,2020-Q2,46499694,89232924843.01,7982067,404251.0,1919.000259,5064.49019,19.74532,5.82552,11179.175124,115.02679,8080.0,51339201.0,94252119542.41,7305629.0,376341.0,-0.09427,-0.0532529,0.09259,0.07416,0.64318
haryana,2020,3,8082,2020-Q3,67366856,128348575809.32,8695590,495270.0,1905.218433,5695.64572,17.55727,7.74724,14760.191753,136.02047,8081.0,46499694.0,89232924843.01,7982067.0,404251.0,0.44876,0.4383545,0.08939,0.22515,0.86435
haryana,2020,4,8083,2020-Q4,91338622,176138927815.98,9406195,596567.0,1928.416742,6342.27762,15.76721,9.71048,18725.842683,153.10706,8082.0,67366856.0,128348575809.32,8695590.0,495270.0,0.35584,0.3723481,0.08172,0.20453,1.0415
haryana,2021,1,8084,2021-Q1,105784676,194682830151.45,10053988,689584.0,1840.368922,6858.81065,14.57979,10.52166,19363.742045,153.40361,8083.0,91338622.0,176138927815.98,9406195.0,596567.0,0.15816,0.10528,0.06887,0.15592,1.0605
haryana,2021,2,8085,2021-Q2,124382433,232312577411.72,10686682,752220.0,1867.728198,7038.85453,14.20686,11.63901,21738.513171,165.3538,8084.0,105784676.0,194682830151.45,10053988.0,689584.0,0.17581,0.1932874,0.06293,0.09083,1.67491
haryana,2021,3,8086,2021-Q3,165765789,279337569622.52,11374312,835658.0,1685.134015,7346.88832,13.6112,14.5737,24558.63437,198.36559,8085.0,124382433.0,232312577411.72,10686682.0,752220.0,0.33271,0.2024212,0.06434,0.11092,1.46064
haryana,2021,4,8087,2021-Q4,172725358,309594718962.42,12047369,918155.0,1792.410348,7621.20758,13.12128,14.33718,25698.118731,188.12222,8086.0,165765789.0,279337569622.52,11374312.0,835658.0,0.04198,0.1083175,0.05917,0.09872,0.89104
haryana,2022,1,8088,2022-Q1,220541832,382682595071.28,12718254,1026068.0,1735.192782,8067.67973,12.39514,17.34057,30089.239849,214.93881,8087.0,172725358.0,309594718962.42,12047369.0,918155.0,0.27684,0.236076,0.05569,0.11753,1.08482
haryana,2022,2,8089,2022-Q2,271267385,444207427107.71,13329477,1106393.0,1637.526115,8300.34817,12.04769,20.35094,33325.195513,245.18176,8088.0,220541832.0,382682595071.28,12718254.0,1026068.0,0.23,0.1607725,0.04806,0.07828,1.18091
haryana,2022,3,8090,2022-Q3,325918974,499123302373.11,13974131,1171324.0,1531.433707,8382.0883,11.9302,23.32302,35717.663043,278.24835,8089.0,271267385.0,444207427107.71,13329477.0,1106393.0,0.20147,0.1236266,0.04836,0.05869,0.96614
haryana,2022,4,8091,2022-Q4,346421564,550189071738.42,14567786,1231301.0,1588.206766,8452.21779,11.83121,23.77997,37767.514689,281.34596,8090.0,325918974.0,499123302373.11,13974131.0,1171324.0,0.06291,0.1023109,0.04248,0.0512,1.00562
haryana,2023,1,8092,2023-Q1,382428292,593038018688.34,15150515,1205359.0,1550.716908,7955.89457,12.5693,25.24193,39143.093069,317.27335,8091.0,346421564.0,550189071738.42,14567786.0,1231301.0,0.10394,0.0778804,0.04,-0.02107,0.73404
haryana,2023,2,8093,2023-Q2,458437725,663139120171.87,15685619,1231314.0,1446.519525,7849.95479,12.73893,29.22663,42276.885609,372.31586,8092.0,382428292.0,593038018688.34,15150515.0,1205359.0,0.19875,0.1182068,0.03532,0.02153,0.68998
haryana,2023,3,8094,2023-Q3,502016327,679488272348.9,16228788,1272783.0,1353.518274,7842.74833,12.75063,30.93369,41869.317188,394.42413,8093.0,458437725.0,663139120171.87,15685619.0,1231314.0,0.09506,0.0246542,0.03463,0.03368,0.54031
haryana,2023,4,8095,2023-Q4,555795275,786452421039.64,16779114,1309518.0,1415.003791,7804.45261,12.8132,33.12423,46870.9147,424.42737,8094.0,502016327.0,679488272348.9,16228788.0,1272783.0,0.10713,0.1574187,0.03391,0.02886,0.60439
haryana,2024,1,8096,2024-Q1,606097991,811854562422.36,17427671,1349876.0,1339.477402,7745.59033,12.91057,34.77791,46584.22588,449.00272,8095.0,555795275.0,786452421039.64,16779114.0,1309518.0,0.09051,0.0322997,0.03865,0.03082,0.58487
haryana,2024,2,8097,2024-Q2,740372930,909199344753.51,18087186,1395864.0,1228.028886,7717.41939,12.9577,40.93356,50267.595233,530.40477,8096.0,606097991.0,811854562422.36,17427671.0,1349876.0,0.22154,0.1199042,0.03784,0.03407,0.61499
haryana,2024,3,8098,2024-Q3,797331124,927213659244.73,18729218,1436920.0,1162.896608,7672.07686,13.03428,42.57151,49506.266585,554.88902,8097.0,740372930.0,909199344753.51,18087186.0,1395864.0,0.07693,0.0198134,0.0355,0.02941,0.58826
haryana,2024,4,8099,2024-Q4,844101306,1035939449839.39,19313789,1480933.0,1227.2691,7667.74971,13.04164,43.70459,53637.297676,569.9794,8098.0,797331124.0,927213659244.73,18729218.0,1436920.0,0.05866,0.1172608,0.03121,0.03063,0.51873
haryana,2025,1,8100,2025-Q1,857633744,1042384562755.81,19907909,1522080.0,1215.419251,7645.60457,13.07941,43.08005,52360.323867,563.46167,8099.0,844101306.0,1035939449839.39,19313789.0,1480933.0,0.01603,0.0062215,0.03076,0.02778,0.41501
haryana,2025,2,8101,2025-Q2,941499109,1093601683082.22,20473762,1559622.0,1161.553604,7617.66206,13.12739,45.98564,53414.789284,603.67134,8100.0,857633744.0,1042384562755.81,19907909.0,1522080.0,0.09779,0.0491346,0.02842,0.02466,0.27166
haryana,2025,3,8102,2025-Q3,1011816347,1098443930838.64,21056009,1596852.0,1085.615916,7583.83035,13.18595,48.05357,52167.717578,633.63189,8101.0,941499109.0,1093601683082.22,20473762.0,1559622.0,0.07469,0.0044278,0.02844,0.02387,0.269
haryana,2025,4,8103,2025-Q4,1025189236,1197344182785.43,21615414,1643434.0,1167.925043,7603.06511,13.15259,47.42862,55393.071943,623.80919,8102.0,1011816347.0,1098443930838.64,21056009.0,1596852.0,0.01322,0.0900367,0.02657,0.02917,0.21453
haryana,2026,1,8104,2026-Q1,1030869286,1183521834050.41,22159437,1672054.0,1148.081382,7545.56174,13.25282,46.52055,53409.381928,616.5287,8103.0,1025189236.0,1197344182785.43,21615414.0,1643434.0,0.00554,-0.0115442,0.02517,0.01741,0.20199
haryana,2026,2,8105,2026-Q2,1130714938,1263508678455.99,22839223,1706826.0,1117.44228,7473.22271,13.38111,49.50759,55321.876688,662.46644,8104.0,1030869286.0,1183521834050.41,22159437.0,1672054.0,0.09686,0.0675838,0.03068,0.0208,0.20097
himachal pradesh,2018,1,8072,2018-Q1,532148,653574896.66,232961,,1228.182567,,,2.28428,2805.512067,,,,,,,,,,,
himachal pradesh,2018,2,8073,2018-Q2,752625,1221455463.84,321663,2.0,1622.92704,0.62177,160831.5,2.33979,3797.314157,376312.5,8072.0,532148.0,653574896.66,232961.0,,0.41432,0.8688837,0.38076,,
himachal pradesh,2018,3,8074,2018-Q3,983069,1754538049.24,411528,1.0,1784.755749,0.243,411528.0,2.38883,4263.471864,983069.0,8073.0,752625.0,1221455463.84,321663.0,2.0,0.30619,0.4364323,0.27938,-0.5,
himachal pradesh,2018,4,8075,2018-Q4,1486465,2782592809.74,536663,17.0,1871.95313,3.16772,31568.41176,2.76983,5184.990972,87439.11765,8074.0,983069.0,1754538049.24,411528.0,1.0,0.51207,0.5859404,0.30407,16.0,
himachal pradesh,2019,1,8076,2019-Q1,2315161,3423445243.37,664582,358.0,1478.707202,53.86845,1856.3743,3.48363,5151.275905,6466.93017,8075.0,1486465.0,2782592809.74,536663.0,17.0,0.55749,0.2303077,0.23836,20.05882,3.3506
himachal pradesh,2019,2,8077,2019-Q2,2594858,4771816578.54,782863,3990.0,1838.950948,509.66772,196.20627,3.31457,6095.340537,650.34035,8076.0,2315161.0,3423445243.37,664582.0,358.0,0.12081,0.3938639,0.17798,10.14525,2.44774
himachal pradesh,2019,3,8078,2019-Q3,2800215,5428453807.34,895546,7828.0,1938.584647,874.10362,114.40291,3.12682,6061.613594,357.71781,8077.0,2594858.0,4771816578.54,782863.0,3990.0,0.07914,0.1376074,0.14394,0.9619,1.84844
himachal pradesh,2019,4,8079,2019-Q4,3593015,6985396691.33,1005852,11892.0,1944.160181,1182.28129,84.58224,3.57211,6944.755979,302.13715,8078.0,2800215.0,5428453807.34,895546.0,7828.0,0.28312,0.2868115,0.12317,0.51916,1.41715
himachal pradesh,2020,1,8080,2020-Q1,4235511,7195985019.6,1132310,14466.0,1698.965017,1277.56533,78.27388,3.74059,6355.136861,292.79075,8079.0,3593015.0,6985396691.33,1005852.0,11892.0,0.17882,0.0301469,0.12572,0.21645,0.82947
himachal pradesh,2020,2,8081,2020-Q2,4848448,7841832501.07,1275538,15575.0,1617.390246,1221.05339,81.8965,3.8011,6147.862707,311.29682,8080.0,4235511.0,7195985019.6,1132310.0,14466.0,0.14471,0.0897511,0.12649,0.07666,0.86848
himachal pradesh,2020,3,8082,2020-Q3,5877958,10905705832.23,1408247,18895.0,1855.356202,1341.73906,74.53014,4.17395,7744.17118,311.08537,8081.0,4848448.0,7841832501.07,1275538.0,15575.0,0.21234,0.3907088,0.10404,0.21316,1.09911
himachal pradesh,2020,4,8083,2020-Q4,7648490,14312857828.54,1534598,24496.0,1871.331182,1596.24866,62.64688,4.98403,9326.779931,312.23424,8082.0,5877958.0,10905705832.23,1408247.0,18895.0,0.30122,0.3124192,0.08972,0.29643,1.12871
himachal pradesh,2021,1,8084,2021-Q1,8416756,15284058641.69,1638990,31399.0,1815.908486,1915.75299,52.1988,5.13533,9325.290967,268.05809,8083.0,7648490.0,14312857828.54,1534598.0,24496.0,0.10045,0.0678551,0.06803,0.2818,0.98719
himachal pradesh,2021,2,8085,2021-Q2,10673405,18003833831.48,1741024,38403.0,1686.793842,2205.77086,45.33562,6.13053,10340.945232,277.93154,8084.0,8416756.0,15284058641.69,1638990.0,31399.0,0.26811,0.1779485,0.06225,0.22306,1.20141
himachal pradesh,2021,3,8086,2021-Q3,12997641,22459107257.73,1846491,50357.0,1727.937189,2727.17278,36.66801,7.0391,12163.128473,258.10992,8085.0,10673405.0,18003833831.48,1741024.0,38403.0,0.21776,0.2474625,0.06058,0.31128,1.21125
himachal pradesh,2021,4,8087,2021-Q4,13750261,23742042055.62,1950122,63178.0,1726.661193,3239.69475,30.86711,7.05097,12174.644487,217.64318,8086.0,12997641.0,22459107257.73,1846491.0,50357.0,0.0579,0.0571231,0.05612,0.2546,0.79777
himachal pradesh,2022,1,8088,2022-Q1,16563694,26739954514.57,2050007,75280.0,1614.371439,3672.18258,27.23176,8.07982,13043.835711,220.02782,8087.0,13750261.0,23742042055.62,1950122.0,63178.0,0.20461,0.1262702,0.05122,0.19155,0.96794
himachal pradesh,2022,2,8089,2022-Q2,22234130,33881003865.98,2145736,86078.0,1523.82863,4011.5839,24.92781,10.36201,15789.921904,258.30212,8088.0,16563694.0,26739954514.57,2050007.0,75280.0,0.34234,0.2670554,0.0467,0.14344,1.08313
himachal pradesh,2022,3,8090,2022-Q3,24383236,35641730907.87,2243636,94578.0,1461.730958,4215.38966,23.7226,10.86773,15885.701115,257.81087,8089.0,22234130.0,33881003865.98,2145736.0,86078.0,0.09666,0.051968,0.04563,0.09875,0.87597
himachal pradesh,2022,4,8091,2022-Q4,27607097,38681552816.71,2334678,103146.0,1401.14525,4417.99683,22.63469,11.8248,16568.260298,267.65068,8090.0,24383236.0,35641730907.87,2243636.0,94578.0,0.13222,0.0852883,0.04058,0.09059,1.00775
himachal pradesh,2023,1,8092,2023-Q1,28591197,38288728155.0,2420834,105878.0,1339.178914,4373.6167,22.86437,11.81047,15816.337739,270.03907,8091.0,27607097.0,38681552816.71,2334678.0,103146.0,0.03565,-0.0101553,0.0369,0.02649,0.72614
himachal pradesh,2023,2,8093,2023-Q2,36965811,47592612549.7,2502650,109661.0,1287.476489,4381.7953,22.8217,14.77067,19016.88712,337.09168,8092.0,28591197.0,38288728155.0,2420834.0,105878.0,0.29291,0.2429928,0.0338,0.03573,0.66257
himachal pradesh,2023,3,8094,2023-Q3,34725152,42559427469.1,2584543,113340.0,1225.608097,4385.30139,22.80345,13.4357,16466.906323,306.38038,8093.0,36965811.0,47592612549.7,2502650.0,109661.0,-0.06061,-0.1057556,0.03272,0.03355,0.42414
himachal pradesh,2023,4,8095,2023-Q4,40615274,49155662459.06,2677484,116857.0,1210.275289,4364.43318,22.91248,15.16919,18358.900542,347.56389,8094.0,34725152.0,42559427469.1,2584543.0,113340.0,0.16962,0.1549888,0.03596,0.03103,0.47119
himachal pradesh,2024,1,8096,2024-Q1,40811785,48667221254.53,2783894,120041.0,1192.479605,4311.98171,23.19119,14.65996,17481.707728,339.98205,8095.0,40615274.0,49155662459.06,2677484.0,116857.0,0.00484,-0.0099366,0.03974,0.02725,0.42742
himachal pradesh,2024,2,8097,2024-Q2,54506909,60644407062.34,2904980,126235.0,1112.600369,4345.46882,23.01248,18.76326,20876.015347,431.78919,8096.0,40811785.0,48667221254.53,2783894.0,120041.0,0.33557,0.2461038,0.0435,0.0516,0.47452
himachal pradesh,2024,3,8098,2024-Q3,50250250,56752036636.13,3013084,130210.0,1129.388145,4321.48589,23.14019,16.67735,18835.198964,385.91698,8097.0,54506909.0,60644407062.34,2904980.0,126235.0,-0.07809,-0.0641835,0.03721,0.03149,0.44709
himachal pradesh,2024,4,8099,2024-Q4,54095801,63783710820.25,3099424,133259.0,1179.088019,4299.47629,23.25865,17.4535,20579.214338,405.94482,8098.0,50250250.0,56752036636.13,3013084.0,130210.0,0.07653,0.1239017,0.02866,0.02342,0.33191
himachal pradesh,2025,1,8100,2025-Q1,57676428,63527597457.04,3187150,136228.0,1101.448194,4274.28894,23.3957,18.09655,19932.415311,423.3816,8099.0,54095801.0,63783710820.25,3099424.0,133259.0,0.06619,-0.0040153,0.0283,0.02228,0.41323
himachal pradesh,2025,2,8101,2025-Q2,63902910,68743474561.78,3270465,139315.0,1075.748734,4259.7918,23.47533,19.5394,21019.480276,458.69368,8100.0,57676428.0,63527597457.04,3187150.0,136228.0,0.10796,0.0821041,0.02614,0.02266,0.17238
himachal pradesh,2025,3,8102,2025-Q3,60321591,63475574844.57,3355425,142979.0,1052.286151,4261.12937,23.46796,17.97733,18917.29806,421.89126,8101.0,63902910.0,68743474561.78,3270465.0,139315.0,-0.05604,-0.0766313,0.02598,0.0263,0.20042
himachal pradesh,2025,4,8103,2025-Q4,62902497,71816498201.72,3444065,147497.0,1141.711405,4282.64275,23.35007,18.26403,20852.248201,426.46628,8102.0,60321591.0,63475574844.57,3355425.0,142979.0,0.04279,0.1314037,0.02642,0.0316,0.1628
himachal pradesh,2026,1,8104,2026-Q1,62733321,69091806359.41,3529338,150358.0,1101.357385,4260.23237,23.4729,17.77481,19576.420949,417.22636,8103.0,62902497.0,71816498201.72,3444065.0,147497.0,-0.00269,-0.0379396,0.02476,0.0194,0.08768
himachal pradesh,2026,2,8105,2026-Q2,74853009,82068147069.83,3592809,154191.0,1096.390755,4291.65592,23.30103,20.83412,22842.335084,485.45641,8104.0,62733321.0,69091806359.41,3529338.0,150358.0,0.19319,0.187813,0.01798,0.02549,0.17136
jammu & kashmir,2018,1,8072,2018-Q1,656163,592623090.2,256997,2.0,903.164443,0.77822,128498.5,2.55319,2305.953339,328081.5,,,,,,,,,,
jammu & kashmir,2018,2,8073,2018-Q2,1086777,1213266618.94,380192,2.0,1116.389672,0.52605,190096.0,2.8585,3191.194499,543388.5,8072.0,656163.0,592623090.2,256997.0,2.0,0.65626,1.0472821,0.47936,0.0,
jammu & kashmir,2018,3,8074,2018-Q3,1277209,2141341083.78,476825,8.0,1676.578449,1.67776,59603.125,2.67857,4490.832242,159651.125,8073.0,1086777.0,1213266618.94,380192.0,2.0,0.17523,0.7649386,0.25417,3.0,
jammu & kashmir,2018,4,8075,2018-Q4,1268516,3101815416.74,601895,21.0,2445.231607,3.48898,28661.66667,2.10754,5153.416155,60405.52381,8074.0,1277209.0,2141341083.78,476825.0,8.0,-0.00681,0.4485387,0.2623,1.625,
jammu & kashmir,2019,1,8076,2019-Q1,1828165,3498272585.79,740329,1545.0,1913.543135,208.691,479.17735,2.4694,4725.294546,1183.27832,8075.0,1268516.0,3101815416.74,601895.0,21.0,0.44118,0.1278146,0.23,72.57143,1.78614
jammu & kashmir,2019,2,8077,2019-Q2,2119162,5403213176.76,864680,5604.0,2549.693311,648.10103,154.29693,2.4508,6248.800917,378.15168,8076.0,1828165.0,3498272585.79,740329.0,1545.0,0.15917,0.5445375,0.16797,2.62718,0.94995
jammu & kashmir,2019,3,8078,2019-Q3,947784,3026506976.76,911309,6323.0,3193.245483,693.83711,144.12605,1.04002,3321.054633,149.89467,8077.0,2119162.0,5403213176.76,864680.0,5604.0,-0.55276,-0.439869,0.05393,0.1283,-0.25793
jammu & kashmir,2019,4,8079,2019-Q4,272081,1153430776.56,934260,6435.0,4239.291889,688.78043,145.18415,0.29123,1234.592915,42.28143,8078.0,947784.0,3026506976.76,911309.0,6323.0,-0.71293,-0.6188904,0.02518,0.01771,-0.78551
jammu & kashmir,2020,1,8080,2020-Q1,852425,2717731573.1,1010260,6711.0,3188.235414,664.28444,150.53792,0.84377,2690.130831,127.01907,8079.0,272081.0,1153430776.56,934260.0,6435.0,2.13298,1.3562156,0.08135,0.04289,-0.53373
jammu & kashmir,2020,2,8081,2020-Q2,2478234,7385817104.09,1132400,7274.0,2980.274302,642.35253,155.67776,2.18848,6522.268725,340.69755,8080.0,852425.0,2717731573.1,1010260.0,6711.0,1.90728,1.7176404,0.1209,0.08389,0.16944
jammu & kashmir,2020,3,8082,2020-Q3,3263787,10448451928.0,1249897,13647.0,3201.327761,1091.84997,91.58767,2.61124,8359.450361,239.15784,8081.0,2478234.0,7385817104.09,1132400.0,7274.0,0.31698,0.4146643,0.10376,0.87613,2.4436
jammu & kashmir,2020,4,8083,2020-Q4,5697218,13861828201.92,1396218,21742.0,2433.087202,1557.20668,64.21755,4.08046,9928.125982,262.03744,8082.0,3263787.0,10448451928.0,1249897.0,13647.0,0.74559,0.3266873,0.11707,0.59317,19.93942
jammu & kashmir,2021,1,8084,2021-Q1,6819001,14689457308.72,1549842,37358.0,2154.194919,2410.43926,41.48621,4.3998,9478.03538,182.53121,8083.0,5697218.0,13861828201.92,1396218.0,21742.0,0.1969,0.0597056,0.11003,0.71824,6.99953
jammu & kashmir,2021,2,8085,2021-Q2,9759120,19030309332.02,1701193,45615.0,1950.002596,2681.35361,37.2946,5.73663,11186.449352,213.94541,8084.0,6819001.0,14689457308.72,1549842.0,37358.0,0.43117,0.295508,0.09766,0.22102,2.93793
jammu & kashmir,2021,3,8086,2021-Q3,12146768,25141751151.75,1855715,60539.0,2069.830522,3262.30051,30.65322,6.5456,13548.28255,200.64368,8085.0,9759120.0,19030309332.02,1701193.0,45615.0,0.24466,0.3211425,0.09083,0.32717,2.72168
jammu & kashmir,2021,4,8087,2021-Q4,13451800,27038608302.85,2040417,89313.0,2010.036449,4377.19349,22.84569,6.59267,13251.510992,150.61413,8086.0,12146768.0,25141751151.75,1855715.0,60539.0,0.10744,0.0754465,0.09953,0.4753,1.36112
jammu & kashmir,2022,1,8088,2022-Q1,16932419,31916535500.42,2232542,122511.0,1884.936553,5487.51155,18.2232,7.58437,14296.051541,138.21142,8087.0,13451800.0,27038608302.85,2040417.0,89313.0,0.25875,0.180406,0.09416,0.3717,1.48312
jammu & kashmir,2022,2,8089,2022-Q2,24566238,43852978538.41,2422700,147683.0,1785.091333,6095.8022,16.40473,10.14002,18100.870326,166.34439,8088.0,16932419.0,31916535500.42,2232542.0,122511.0,0.45084,0.3739893,0.08518,0.20547,1.51726
jammu & kashmir,2022,3,8090,2022-Q3,30956037,52238599727.46,2603073,167970.0,1687.509281,6452.75795,15.49725,11.89211,20068.050234,184.29503,8089.0,24566238.0,43852978538.41,2422700.0,147683.0,0.2601,0.1912212,0.07445,0.13737,1.5485
jammu & kashmir,2022,4,8091,2022-Q4,37429141,54950573837.61,2801460,191336.0,1468.122761,6829.86728,14.64157,13.36058,19614.977132,195.61996,8090.0,30956037.0,52238599727.46,2603073.0,167970.0,0.20911,0.0519151,0.07621,0.13911,1.78246
jammu & kashmir,2023,1,8092,2023-Q1,42238384,56989379844.37,2995581,211380.0,1349.232012,7056.39407,14.17154,14.10023,19024.483012,199.82205,8091.0,37429141.0,54950573837.61,2801460.0,191336.0,0.12849,0.0371025,0.06929,0.10476,1.49453
jammu & kashmir,2023,2,8093,2023-Q2,59065448,77930824657.74,3178196,227949.0,1319.397843,7172.27635,13.94257,18.58458,24520.458983,259.11694,8092.0,42238384.0,56989379844.37,2995581.0,211380.0,0.39838,0.3674622,0.06096,0.07838,1.40433
jammu & kashmir,2023,3,8094,2023-Q3,67501820,87600579308.04,3356452,242043.0,1297.751369,7211.27548,13.86717,20.11106,26099.160455,278.88359,8093.0,59065448.0,77930824657.74,3178196.0,227949.0,0.14283,0.1240813,0.05609,0.06183,1.18057
jammu & kashmir,2023,4,8095,2023-Q4,73674593,94888368455.39,3588585,250758.0,1287.938821,6987.65669,14.31095,20.53026,26441.722421,293.80755,8094.0,67501820.0,87600579308.04,3356452.0,242043.0,0.09145,0.0831934,0.06916,0.03601,0.96838
jammu & kashmir,2024,1,8096,2024-Q1,77789259,94972171992.32,3840608,264241.0,1220.89056,6880.18668,14.53449,20.25441,24728.421123,294.38754,8095.0,73674593.0,94888368455.39,3588585.0,250758.0,0.05585,0.0008832,0.07023,0.05377,0.84167
jammu & kashmir,2024,2,8097,2024-Q2,112089466,130230163165.34,4103216,276715.0,1161.841231,6743.85653,14.82831,27.31747,31738.559015,405.07188,8096.0,77789259.0,94972171992.32,3840608.0,264241.0,0.44094,0.3712455,0.06838,0.04721,0.89772
jammu & kashmir,2024,3,8098,2024-Q3,121217339,144846888446.57,4334950,287841.0,1194.935392,6640.00738,15.06022,27.9628,33413.739131,421.12603,8097.0,112089466.0,130230163165.34,4103216.0,276715.0,0.08143,0.1122376,0.05648,0.04021,0.79576
jammu & kashmir,2024,4,8099,2024-Q4,127341972,160964790491.8,4516651,298282.0,1264.035635,6604.05243,15.14222,28.19389,35638.08461,426.91806,8098.0,121217339.0,144846888446.57,4334950.0,287841.0,0.05053,0.1112754,0.04192,0.03627,0.72844
jammu & kashmir,2025,1,8100,2025-Q1,132457102,150194823534.54,4699442,309405.0,1133.912952,6583.86677,15.18864,28.18571,31960.139849,428.10266,8099.0,127341972.0,160964790491.8,4516651.0,298282.0,0.04017,-0.0669088,0.04047,0.03729,0.70277
jammu & kashmir,2025,2,8101,2025-Q2,155749073,166352644525.11,4865971,321443.0,1068.081121,6605.93744,15.1379,32.00781,34186.937104,484.53092,8100.0,132457102.0,150194823534.54,4699442.0,309405.0,0.17585,0.1075791,0.03544,0.03891,0.38951
jammu & kashmir,2025,3,8102,2025-Q3,163198940,177365135331.55,5026228,333554.0,1086.803231,6636.26879,15.06871,32.46947,35287.920749,489.27292,8101.0,155749073.0,166352644525.11,4865971.0,321443.0,0.04783,0.0661997,0.03293,0.03768,0.34633
jammu & kashmir,2025,4,8103,2025-Q4,161467965,188185882406.3,5205677,348390.0,1165.468843,6692.50128,14.9421,31.01767,36150.126565,463.469,8102.0,163198940.0,177365135331.55,5026228.0,333554.0,-0.01061,0.0610083,0.0357,0.04448,0.26799
jammu & kashmir,2026,1,8104,2026-Q1,154466958,172634617938.56,5380456,355982.0,1117.615186,6616.20502,15.1144,28.7089,32085.499433,433.91789,8103.0,161467965.0,188185882406.3,5205677.0,348390.0,-0.04336,-0.0826378,0.03357,0.02179,0.16617
jammu & kashmir,2026,2,8105,2026-Q2,187742125,203028380125.52,5645686,365134.0,1081.421552,6467.48686,15.46196,33.25409,35961.684749,514.17322,8104.0,154466958.0,172634617938.56,5380456.0,355982.0,0.21542,0.1760583,0.0493,0.02571,0.20541
jharkhand,2018,1,8072,2018-Q1,2678000,2859566816.58,880343,,1067.799409,,,3.042,3248.24167,,,,,,,,,,,
jharkhand,2018,2,8073,2018-Q2,3756004,5562125948.33,1238359,,1480.862626,,,3.03305,4491.529474,,8072.0,2678000.0,2859566816.58,880343.0,,0.40254,0.9450939,0.40668,,
jharkhand,2018,3,8074,2018-Q3,9200318,9973432389.38,1545612,16.0,1084.031268,1.03519,96600.75,5.95254,6452.740008,575019.875,8073.0,3756004.0,5562125948.33,1238359.0,,1.4495,0.7930972,0.24811,,
jharkhand,2018,4,8075,2018-Q4,7195365,11735730522.0,1954512,227.0,1631.012537,11.61415,8610.18502,3.68141,6004.430017,31697.64317,8074.0,9200318.0,9973432389.38,1545612.0,16.0,-0.21792,0.1766993,0.26456,13.1875,
jharkhand,2019,1,8076,2019-Q1,10723720,15422660565.06,2344245,39115.0,1438.181952,1668.55427,59.93212,4.57449,6578.945701,274.15876,8075.0,7195365.0,11735730522.0,1954512.0,227.0,0.49036,0.3141628,0.1994,171.31278,3.00438
jharkhand,2019,2,8077,2019-Q2,11813006,21079454312.57,2680159,103275.0,1784.427631,3853.31617,25.95167,4.40758,7865.001409,114.38398,8076.0,10723720.0,15422660565.06,2344245.0,39115.0,0.10158,0.3667846,0.14329,1.64029,2.1451
jharkhand,2019,3,8078,2019-Q3,15944483,23997376549.45,3022018,147954.0,1505.058304,4895.8676,20.42539,5.2761,7940.845008,107.76649,8077.0,11813006.0,21079454312.57,2680159.0,103275.0,0.34974,0.1384249,0.12755,0.43262,0.73304
jharkhand,2019,4,8079,2019-Q4,20545968,31768782167.63,3396614,175728.0,1546.229517,5173.62291,19.32881,6.04896,9353.074022,116.91915,8078.0,15944483.0,23997376549.45,3022018.0,147954.0,0.28859,0.323844,0.12396,0.18772,1.85544
jharkhand,2020,1,8080,2020-Q1,20690673,38005984652.32,3782690,208858.0,1836.86556,5521.41465,18.1113,5.46983,10047.343201,99.06574,8079.0,20545968.0,31768782167.63,3396614.0,175728.0,0.00704,0.1963312,0.11366,0.18853,0.92943
jharkhand,2020,2,8081,2020-Q2,22126359,41175811278.05,4198053,223796.0,1860.939311,5330.94747,18.75839,5.27062,9808.311443,98.86843,8080.0,20690673.0,38005984652.32,3782690.0,208858.0,0.06939,0.0834034,0.10981,0.07152,0.87305
jharkhand,2020,3,8082,2020-Q3,31367125,59164756770.2,4625467,268769.0,1886.202729,5810.6349,17.20982,6.7814,12791.088288,116.70663,8081.0,22126359.0,41175811278.05,4198053.0,223796.0,0.41764,0.4368814,0.10181,0.20096,0.96727
jharkhand,2020,4,8083,2020-Q4,43790272,80715425964.23,5079848,344805.0,1843.227326,6787.7031,14.73252,8.62039,15889.338808,127.00011,8082.0,31367125.0,59164756770.2,4625467.0,268769.0,0.39606,0.3642484,0.09823,0.2829,1.13133
jharkhand,2021,1,8084,2021-Q1,52349920,96054296641.16,5505298,414090.0,1834.850877,7521.66368,13.29493,9.50901,17447.610764,126.4216,8083.0,43790272.0,80715425964.23,5079848.0,344805.0,0.19547,0.1900364,0.08375,0.20094,1.53012
jharkhand,2021,2,8085,2021-Q2,65088355,122250011704.14,5909431,450674.0,1878.216337,7626.35184,13.11243,11.01432,20687.272887,144.42447,8084.0,52349920.0,96054296641.16,5505298.0,414090.0,0.24333,0.2727178,0.07341,0.08835,1.94167
jharkhand,2021,3,8086,2021-Q3,85440030,143139149140.78,6377290,512007.0,1675.317169,8028.59835,12.45547,13.39755,22445.13722,166.87278,8085.0,65088355.0,122250011704.14,5909431.0,450674.0,0.31268,0.1708723,0.07917,0.13609,1.72387
jharkhand,2021,4,8087,2021-Q4,100429690,168572076881.31,6872363,571098.0,1678.508386,8310.06744,12.0336,14.61356,24528.983245,175.85369,8086.0,85440030.0,143139149140.78,6377290.0,512007.0,0.17544,0.1776797,0.07763,0.11541,1.29342
jharkhand,2022,1,8088,2022-Q1,130487443,222356236530.36,7352042,638840.0,1704.043174,8689.2866,11.50842,17.74846,30244.146664,204.25685,8087.0,100429690.0,168572076881.31,6872363.0,571098.0,0.29929,0.3190573,0.0698,0.11862,1.4926
jharkhand,2022,2,8089,2022-Q2,158327616,259653640097.4,7783514,682752.0,1639.976946,8771.77069,11.40021,20.34141,33359.43638,231.89623,8088.0,130487443.0,222356236530.36,7352042.0,638840.0,0.21336,0.1677372,0.05869,0.06874,1.4325
jharkhand,2022,3,8090,2022-Q3,184873084,273793546041.37,8271861,717981.0,1480.981115,8679.80011,11.521,22.34964,33099.389127,257.49022,8089.0,158327616.0,259653640097.4,7783514.0,682752.0,0.16766,0.0544568,0.06274,0.0516,1.16378
jharkhand,2022,4,8091,2022-Q4,213455622,317476716109.85,8761666,747878.0,1487.319533,8535.79673,11.71537,24.36245,36234.74304,285.41503,8090.0,184873084.0,273793546041.37,8271861.0,717981.0,0.15461,0.1595478,0.05921,0.04164,1.12542
jharkhand,2023,1,8092,2023-Q1,242977596,367883618513.01,9222109,732754.0,1514.063949,7945.62285,12.58555,26.34729,39891.484531,331.59505,8091.0,213455622.0,317476716109.85,8761666.0,747878.0,0.1383,0.1587735,0.05255,-0.02022,0.86208
jharkhand,2023,2,8093,2023-Q2,292499192,422886248541.15,9650559,745398.0,1445.768946,7723.88418,12.94685,30.30904,43819.870801,392.40673,8092.0,242977596.0,367883618513.01,9222109.0,732754.0,0.20381,0.149511,0.04646,0.01726,0.84743
jharkhand,2023,3,8094,2023-Q3,321102668,419546015678.47,10115548,766786.0,1306.57904,7580.27148,13.19214,31.74348,41475.362054,418.76439,8093.0,292499192.0,422886248541.15,9650559.0,745398.0,0.09779,-0.0078987,0.04818,0.02869,0.73688
jharkhand,2023,4,8095,2023-Q4,379383888,501952800000.81,10617881,786962.0,1323.073583,7411.66717,13.49224,35.73066,47274.291358,482.08667,8094.0,321102668.0,419546015678.47,10115548.0,766786.0,0.1815,0.1964189,0.04966,0.02631,0.77734
jharkhand,2024,1,8096,2024-Q1,429954770,561811929005.29,11202660,810224.0,1306.676814,7232.42516,13.82662,38.3797,50149.868782,530.66161,8095.0,379383888.0,501952800000.81,10617881.0,786962.0,0.1333,0.1192525,0.05507,0.02956,0.76952
jharkhand,2024,2,8097,2024-Q2,502445409,621011595298.25,11765547,838391.0,1235.978246,7125.81404,14.03348,42.70481,52782.211936,599.29724,8096.0,429954770.0,561811929005.29,11202660.0,810224.0,0.1686,0.1053727,0.05025,0.03476,0.71777
jharkhand,2024,3,8098,2024-Q3,522434285,608392838021.01,12330147,866641.0,1164.534671,7028.63478,14.22751,42.37048,49341.896574,602.82664,8097.0,502445409.0,621011595298.25,11765547.0,838391.0,0.03978,-0.0203197,0.04799,0.0337,0.627
jharkhand,2024,4,8099,2024-Q4,586522767,702617568253.41,12847879,894994.0,1197.937417,6966.08366,14.35527,45.65133,54687.4366,655.33709,8098.0,522434285.0,608392838021.01,12330147.0,866641.0,0.12267,0.1548748,0.04199,0.03272,0.54599
jharkhand,2025,1,8100,2025-Q1,599394968,738251651951.27,13390825,920006.0,1231.661411,6870.42061,14.55515,44.76162,55131.155246,651.51202,8099.0,586522767.0,702617568253.41,12847879.0,894994.0,0.02195,0.0507162,0.04226,0.02795,0.39409
jharkhand,2025,2,8101,2025-Q2,665832499,788657303063.19,13882870,945687.0,1184.468022,6811.8984,14.6802,47.96072,56807.944111,704.07281,8100.0,599394968.0,738251651951.27,13390825.0,920006.0,0.11084,0.0682771,0.03674,0.02791,0.32518
jharkhand,2025,3,8102,2025-Q3,695043900,751683222013.42,14421897,973596.0,1081.49028,6750.81787,14.81302,48.19365,52120.967305,713.89355,8101.0,665832499.0,788657303063.19,13882870.0,945687.0,0.04387,-0.0468823,0.03883,0.02951,0.33039
jharkhand,2025,4,8103,2025-Q4,739371210,826388939131.5,14935840,1007283.0,1117.69153,6744.06662,14.82785,49.50316,55329.25762,734.0253,8102.0,695043900.0,751683222013.42,14421897.0,973596.0,0.06378,0.0993846,0.03564,0.0346,0.2606
jharkhand,2026,1,8104,2026-Q1,764591317,875924845949.53,15393721,1030825.0,1145.611814,6696.39914,14.9334,49.66904,56901.437018,741.72756,8103.0,739371210.0,826388939131.5,14935840.0,1007283.0,0.03411,0.0599426,0.03066,0.02337,0.27561
jharkhand,2026,2,8105,2026-Q2,815309961,908972692433.12,15790280,1055747.0,1114.879906,6686.05623,14.9565,51.63366,57565.330851,772.25885,8104.0,764591317.0,875924845949.53,15393721.0,1030825.0,0.06633,0.0377291,0.02576,0.02418,0.2245
karnataka,2018,1,8072,2018-Q1,11259403,17637623160.25,3901200,11162.0,1566.479427,286.11709,349.50726,2.88614,4521.076377,1008.7263,,,,,,,,,,
karnataka,2018,2,8073,2018-Q2,16008698,30747418632.82,5226252,18604.0,1920.669541,355.97212,280.92088,3.06313,5883.263691,860.49763,8072.0,11259403.0,17637623160.25,3901200.0,11162.0,0.42181,0.7432858,0.33965,0.66673,
karnataka,2018,3,8074,2018-Q3,23401492,43888971406.79,6536115,65096.0,1875.477487,995.94331,100.40732,3.58034,6714.840759,359.49201,8073.0,16008698.0,30747418632.82,5226252.0,18604.0,0.4618,0.4274034,0.25063,2.49903,
karnataka,2018,4,8075,2018-Q4,42808188,67783584568.18,8476930,230749.0,1583.425689,2722.08217,36.73658,5.04996,7996.242103,185.51841,8074.0,23401492.0,43888971406.79,6536115.0,65096.0,0.82929,0.5444332,0.29694,2.54475,
karnataka,2019,1,8076,2019-Q1,84657050,114709621136.24,10393952,386773.0,1354.991949,3721.13514,26.87352,8.14484,11036.189232,218.88045,8075.0,42808188.0,67783584568.18,8476930.0,230749.0,0.97759,0.692292,0.22615,0.67616,6.51879
karnataka,2019,2,8077,2019-Q2,119618345,168764960519.16,12052561,596683.0,1410.861858,4950.67397,20.19927,9.92472,14002.414966,200.47219,8076.0,84657050.0,114709621136.24,10393952.0,386773.0,0.41298,0.4712363,0.15957,0.54272,6.47208
karnataka,2019,3,8078,2019-Q3,179767497,222928023150.41,13733198,786775.0,1240.090822,5729.00063,17.45505,13.09,16232.783009,228.48654,8077.0,119618345.0,168764960519.16,12052561.0,596683.0,0.50284,0.3209378,0.13944,0.31858,6.68188
karnataka,2019,4,8079,2019-Q4,246189422,306446917780.67,15440057,938176.0,1244.760702,6076.247,16.45753,15.94485,19847.525031,262.41283,8078.0,179767497.0,222928023150.41,13733198.0,786775.0,0.36949,0.3746451,0.12429,0.19243,4.75099
karnataka,2020,1,8080,2020-Q1,278198437,365544124508.55,17044952,1076061.0,1313.969009,6313.07733,15.84014,16.32146,21445.887586,258.53408,8079.0,246189422.0,306446917780.67,15440057.0,938176.0,0.13002,0.1928465,0.10394,0.14697,2.28618
karnataka,2020,2,8081,2020-Q2,212551929,323323995220.13,18659833,1155989.0,1521.152957,6195.06616,16.14188,11.39088,17327.271644,183.8702,8080.0,278198437.0,365544124508.55,17044952.0,1076061.0,-0.23597,-0.1154994,0.09474,0.07428,0.77692
karnataka,2020,3,8082,2020-Q3,300996207,475946166041.83,20469767,1360600.0,1581.236424,6646.87585,15.04466,14.70443,23251.17653,221.22314,8081.0,212551929.0,323323995220.13,18659833.0,1155989.0,0.41611,0.472041,0.097,0.177,0.67436
karnataka,2020,4,8083,2020-Q4,428937584,656829679389.37,22376108,1559103.0,1531.294305,6967.71306,14.35191,19.16945,29354.062797,275.11818,8082.0,300996207.0,475946166041.83,20469767.0,1360600.0,0.42506,0.3800504,0.09313,0.14589,0.74231
karnataka,2021,1,8084,2021-Q1,521967299,752831794629.57,24058436,1724839.0,1442.296857,7169.37294,13.94822,21.69581,31291.801122,302.61798,8083.0,428937584.0,656829679389.37,22376108.0,1559103.0,0.21688,0.1461598,0.07518,0.1063,0.87624
karnataka,2021,2,8085,2021-Q2,527810680,831158630288.72,25647896,1777995.0,1574.728708,6932.32303,14.42518,20.5791,32406.503453,296.85724,8084.0,521967299.0,752831794629.57,24058436.0,1724839.0,0.01119,0.1040429,0.06607,0.03082,1.48321
karnataka,2021,3,8086,2021-Q3,746649773,1121937537110.15,27447523,1911755.0,1502.628913,6965.1276,14.35724,27.20281,40875.72992,390.55725,8085.0,527810680.0,831158630288.72,25647896.0,1777995.0,0.41462,0.3498477,0.07017,0.07523,1.4806
karnataka,2021,4,8087,2021-Q4,801331486,1182460315270.1,29180661,2036736.0,1475.619436,6979.74594,14.32717,27.46105,40522.053811,393.43905,8086.0,746649773.0,1121937537110.15,27447523.0,1911755.0,0.07324,0.0539449,0.06314,0.06538,0.86818
karnataka,2022,1,8088,2022-Q1,1035726006,1526632375838.83,30809500,2174104.0,1473.9732,7056.60267,14.17113,33.6171,49550.702733,476.39212,8087.0,801331486.0,1182460315270.1,29180661.0,2036736.0,0.29251,0.2910644,0.05582,0.06745,0.98427
karnataka,2022,2,8089,2022-Q2,1261631220,1828098602933.22,32374488,2291533.0,1448.996009,7078.20615,14.12787,38.96992,56467.259125,550.5621,8088.0,1035726006.0,1526632375838.83,30809500.0,2174104.0,0.21811,0.1974714,0.0508,0.05401,1.39031
karnataka,2022,3,8090,2022-Q3,1499846853,2033196715924.19,33953647,2383894.0,1355.602882,7021.02487,14.24293,44.17337,59881.541324,629.15837,8089.0,1261631220.0,1828098602933.22,32374488.0,2291533.0,0.18882,0.112192,0.04878,0.04031,1.00877
karnataka,2022,4,8091,2022-Q4,1636914664,2207804195613.22,35452134,2456318.0,1348.759495,6928.54766,14.43304,46.17253,62275.63609,666.40991,8090.0,1499846853.0,2033196715924.19,33953647.0,2383894.0,0.09139,0.0858783,0.04413,0.03038,1.04274
karnataka,2023,1,8092,2023-Q1,1832273719,2470385672596.3,36773789,2448968.0,1348.262351,6659.54765,15.01603,49.82554,67177.893271,748.18198,8091.0,1636914664.0,2207804195613.22,35452134.0,2456318.0,0.11935,0.1189333,0.03728,-0.00299,0.76907
karnataka,2023,2,8093,2023-Q2,2052780671,2779793686048.24,38043386,2486882.0,1354.160104,6536.96282,15.29762,53.95894,73069.039808,825.44354,8092.0,1832273719.0,2470385672596.3,36773789.0,2448968.0,0.12035,0.1252468,0.03452,0.01548,0.62708
karnataka,2023,3,8094,2023-Q3,2357608666,2985013622701.88,39411658,2549956.0,1266.11921,6470.05513,15.45582,59.82008,75739.356682,924.56837,8093.0,2052780671.0,2779793686048.24,38043386.0,2486882.0,0.1485,0.0738256,0.03597,0.02536,0.5719
karnataka,2023,4,8095,2023-Q4,2550471370,3249475283077.74,40600790,2616609.0,1274.06852,6444.72435,15.51657,62.81827,80034.779695,974.72392,8094.0,2357608666.0,2985013622701.88,39411658.0,2549956.0,0.0818,0.0885965,0.03017,0.02614,0.5581
karnataka,2024,1,8096,2024-Q1,2786714019,3491284543661.43,41888288,2702444.0,1252.832016,6451.55037,15.50015,66.52728,83347.510972,1031.18289,8095.0,2550471370.0,3249475283077.74,40600790.0,2616609.0,0.09263,0.0744149,0.03171,0.0328,0.5209
karnataka,2024,2,8097,2024-Q2,3029221824,3786672027453.25,43157465,2776153.0,1250.047784,6432.61369,15.54578,70.18999,87740.835275,1091.1581,8096.0,2786714019.0,3491284543661.43,41888288.0,2702444.0,0.08702,0.0846071,0.0303,0.02727,0.47567
karnataka,2024,3,8098,2024-Q3,3259303462,3911831838299.79,44350489,2853759.0,1200.204855,6434.56039,15.54108,73.48968,88202.6766,1142.10887,8097.0,3029221824.0,3786672027453.25,43157465.0,2776153.0,0.07595,0.0330527,0.02764,0.02795,0.38246
karnataka,2024,4,8099,2024-Q4,3457573836,4158667439552.83,45668243,2925825.0,1202.770392,6406.69491,15.60867,75.71068,91062.567035,1181.74321,8098.0,3259303462.0,3911831838299.79,44350489.0,2853759.0,0.06083,0.0630997,0.02971,0.02525,0.35566
karnataka,2025,1,8100,2025-Q1,3729923285,4428287746523.69,46870457,2990287.0,1187.232929,6379.89726,15.67423,79.57941,94479.295274,1247.34625,8099.0,3457573836.0,4158667439552.83,45668243.0,2925825.0,0.07877,0.0648333,0.02632,0.02203,0.33847
karnataka,2025,2,8101,2025-Q2,3730080830,4479122979444.31,48100388,3049279.0,1200.811238,6339.40624,15.77435,77.54783,93120.308706,1223.26649,8100.0,3729923285.0,4428287746523.69,46870457.0,2990287.0,4e-05,0.0114797,0.02624,0.01973,0.23137
karnataka,2025,3,8102,2025-Q3,3852915704,4385483377903.04,49293465,3108462.0,1138.224585,6306.03266,15.85783,78.16281,88966.831159,1239.49262,8101.0,3730080830.0,4479122979444.31,48100388.0,3049279.0,0.03293,-0.0209058,0.0248,0.01941,0.18213
karnataka,2025,4,8103,2025-Q4,4064289183,4658806848239.62,50339561,3182349.0,1146.278387,6321.7655,15.81837,80.73748,92547.625678,1277.13497,8102.0,3852915704.0,4385483377903.04,49293465.0,3108462.0,0.05486,0.0623246,0.02122,0.02377,0.17547
karnataka,2026,1,8104,2026-Q1,4228148988,4953796605453.97,51308731,3241683.0,1171.623001,6317.99488,15.82781,82.40603,96548.803857,1304.30674,8103.0,4064289183.0,4658806848239.62,50339561.0,3182349.0,0.04032,0.0633187,0.01925,0.01864,0.13358
karnataka,2026,2,8105,2026-Q2,4491711923,5292341222754.3,52534800,3305459.0,1178.245915,6291.94172,15.89334,85.49974,100739.723436,1358.87691,8104.0,4228148988.0,4953796605453.97,51308731.0,3241683.0,0.06234,0.0683404,0.0239,0.01967,0.20419
kerala,2018,1,8072,2018-Q1,1825372,2419982815.16,776998,3.0,1325.747746,0.3861,258999.33333,2.34926,3114.529014,608457.33333,,,,,,,,,,
kerala,2018,2,8073,2018-Q2,2318135,3784132744.67,1053063,8.0,1632.403956,0.75969,131632.875,2.20133,3593.453331,289766.875,8072.0,1825372.0,2419982815.16,776998.0,3.0,0.26995,0.5637023,0.3553,1.66667,
kerala,2018,3,8074,2018-Q3,3089723,5223931290.2,1311720,97.0,1690.744216,7.39487,13522.8866,2.35547,3982.504872,31852.81443,8073.0,2318135.0,3784132744.67,1053063.0,8.0,0.33285,0.3804831,0.24562,11.125,
kerala,2018,4,8075,2018-Q4,4444604,7775997131.86,1712592,172.0,1749.536546,10.04326,9956.93023,2.59525,4540.484325,25840.72093,8074.0,3089723.0,5223931290.2,1311720.0,97.0,0.43851,0.4885336,0.30561,0.7732,
kerala,2019,1,8076,2019-Q1,6612793,10360769392.46,2073323,6922.0,1566.776609,333.86018,299.52658,3.18947,4997.180561,955.32982,8075.0,4444604.0,7775997131.86,1712592.0,172.0,0.48783,0.332404,0.21063,39.24419,2.62271
kerala,2019,2,8077,2019-Q2,7662538,13417623455.49,2457611,36394.0,1751.067787,1480.86902,67.52792,3.11788,5459.620524,210.54399,8076.0,6612793.0,10360769392.46,2073323.0,6922.0,0.15874,0.2950412,0.18535,4.25773,2.30548
kerala,2019,3,8078,2019-Q3,9633567,17115421520.8,2881087,55423.0,1776.644261,1923.68367,51.9836,3.34373,5940.612526,173.81894,8077.0,7662538.0,13417623455.49,2457611.0,36394.0,0.25723,0.2755926,0.17231,0.52286,2.11794
kerala,2019,4,8079,2019-Q4,12974136,22014232923.56,3357041,69452.0,1696.778338,2068.84575,48.33613,3.86475,6557.630045,186.80723,8078.0,9633567.0,17115421520.8,2881087.0,55423.0,0.34676,0.2862221,0.1652,0.25313,1.91908
kerala,2020,1,8080,2020-Q1,15435048,25568200637.84,3898086,83256.0,1656.502826,2135.81742,46.82048,3.95965,6559.167919,185.39262,8079.0,12974136.0,22014232923.56,3357041.0,69452.0,0.18968,0.1614395,0.16117,0.19876,1.33412
kerala,2020,2,8081,2020-Q2,15681152,22928754785.61,4520490,91350.0,1462.185609,2020.79863,49.48539,3.46891,5072.183499,171.66012,8080.0,15435048.0,25568200637.84,3898086.0,83256.0,0.01594,-0.1032316,0.15967,0.09722,1.04647
kerala,2020,3,8082,2020-Q3,22302087,39547903350.25,5337146,113135.0,1773.282624,2119.76588,47.17502,4.17865,7409.934701,197.12809,8081.0,15681152.0,22928754785.61,4520490.0,91350.0,0.42222,0.7248169,0.18066,0.23848,1.31504
kerala,2020,4,8083,2020-Q4,34407413,57569923779.03,6108425,168782.0,1673.183735,2763.10178,36.19121,5.63278,9424.675555,203.85712,8082.0,22302087.0,39547903350.25,5337146.0,113135.0,0.54279,0.455701,0.14451,0.49186,1.652
kerala,2021,1,8084,2021-Q1,43831729,71423214754.65,6650208,233096.0,1629.486593,3505.09337,28.52991,6.59103,10739.997118,188.04153,8083.0,34407413.0,57569923779.03,6108425.0,168782.0,0.2739,0.2406342,0.08869,0.38105,1.83975
kerala,2021,2,8085,2021-Q2,49530478,76654377740.95,7167573,257555.0,1547.620391,3593.33627,27.82929,6.91036,10694.60719,192.31029,8084.0,43831729.0,71423214754.65,6650208.0,233096.0,0.13001,0.0732418,0.0778,0.10493,2.1586
kerala,2021,3,8086,2021-Q3,66171196,105680340079.38,7726125,341400.0,1597.074656,4418.77396,22.63071,8.5646,13678.310936,193.82307,8085.0,49530478.0,76654377740.95,7167573.0,257555.0,0.33597,0.3786602,0.07793,0.32554,1.96704
kerala,2021,4,8087,2021-Q4,74793487,111505022241.01,8323308,474428.0,1490.838664,5699.99332,17.54388,8.98603,13396.719458,157.64982,8086.0,66171196.0,105680340079.38,7726125.0,341400.0,0.1303,0.055116,0.07729,0.38965,1.17376
kerala,2022,1,8088,2022-Q1,96434007,139999474580.0,8855141,572466.0,1451.764569,6464.78695,15.46841,10.89017,15809.965599,168.45368,8087.0,74793487.0,111505022241.01,8323308.0,474428.0,0.28934,0.2555441,0.0639,0.20664,1.2001
kerala,2022,2,8089,2022-Q2,109257505,155452076681.61,9344928,632138.0,1422.804563,6764.5037,14.78305,11.69164,16634.914328,172.83806,8088.0,96434007.0,139999474580.0,8855141.0,572466.0,0.13298,0.1103761,0.05531,0.10424,1.20586
kerala,2022,3,8090,2022-Q3,133133217,179785817262.18,9864268,684116.0,1350.420438,6935.29413,14.419,13.49651,18225.966414,194.6062,8089.0,109257505.0,155452076681.61,9344928.0,632138.0,0.21853,0.1565353,0.05557,0.08223,1.01195
kerala,2022,4,8091,2022-Q4,145153196,188993126385.91,10342101,727331.0,1302.025251,7032.71995,14.21925,14.03517,18274.152069,199.56965,8090.0,133133217.0,179785817262.18,9864268.0,684116.0,0.09029,0.0512127,0.04844,0.06317,0.94072
kerala,2023,1,8092,2023-Q1,148764769,194875581991.66,10759741,749862.0,1309.957884,6969.14545,14.34896,13.82605,18111.549524,198.38953,8091.0,145153196.0,188993126385.91,10342101.0,727331.0,0.02488,0.0311252,0.04038,0.03098,0.54266
kerala,2023,2,8093,2023-Q2,157861037,209357724479.31,11135396,763613.0,1326.215312,6857.52891,14.58251,14.17651,18801.102761,206.72911,8092.0,148764769.0,194875581991.66,10759741.0,749862.0,0.06115,0.0743148,0.03491,0.01834,0.44485
kerala,2023,3,8094,2023-Q3,171587063,220873954649.32,11534779,788966.0,1287.241304,6839.88831,14.62012,14.87563,19148.520717,217.48347,8093.0,157861037.0,209357724479.31,11135396.0,763613.0,0.08695,0.0550074,0.03587,0.0332,0.28884
kerala,2023,4,8095,2023-Q4,181170722,226951463919.48,11984795,817185.0,1252.693931,6818.51463,14.66595,15.11671,18936.616264,221.70099,8094.0,171587063.0,220873954649.32,11534779.0,788966.0,0.05585,0.0275157,0.03901,0.03577,0.24813
kerala,2024,1,8096,2024-Q1,182097703,228424493895.03,12400955,847785.0,1254.406234,6836.44929,14.62748,14.68417,18419.911523,214.79232,8095.0,181170722.0,226951463919.48,11984795.0,817185.0,0.00512,0.0064905,0.03472,0.03745,0.22406
kerala,2024,2,8097,2024-Q2,195529557,242690651335.99,12860951,876516.0,1241.196753,6815.32804,14.67281,15.20335,18870.35036,223.07586,8096.0,182097703.0,228424493895.03,12400955.0,847785.0,0.07376,0.0624546,0.03709,0.03389,0.23862
kerala,2024,3,8098,2024-Q3,215505960,258924474745.4,13360448,908337.0,1201.472455,6798.70166,14.70869,16.13014,19379.924591,237.25331,8097.0,195529557.0,242690651335.99,12860951.0,876516.0,0.10217,0.066891,0.03884,0.0363,0.25596
kerala,2024,4,8099,2024-Q4,233271669,274488300829.12,13798127,940307.0,1176.689403,6814.74377,14.67407,16.90604,19893.156573,248.08033,8098.0,215505960.0,258924474745.4,13360448.0,908337.0,0.08244,0.0601095,0.03276,0.0352,0.28758
kerala,2025,1,8100,2025-Q1,247777357,291529845374.06,14209056,969176.0,1176.579849,6820.83314,14.66097,17.43799,20517.186038,255.65775,8099.0,233271669.0,274488300829.12,13798127.0,940307.0,0.06218,0.0620848,0.02978,0.0307,0.36068
kerala,2025,2,8101,2025-Q2,237505468,282921500230.21,14603026,995224.0,1191.220996,6815.19022,14.6731,16.26413,19374.169452,238.64524,8100.0,247777357.0,291529845374.06,14209056.0,969176.0,-0.04146,-0.0295282,0.02773,0.02688,0.21468
kerala,2025,3,8102,2025-Q3,260965876,301251443344.17,15022652,1020975.0,1154.371016,6796.23678,14.71403,17.37149,20053.146631,255.60457,8101.0,237505468.0,282921500230.21,14603026.0,995224.0,0.09878,0.0647881,0.02874,0.02587,0.21095
kerala,2025,4,8103,2025-Q4,281159658,316856950664.98,15459282,1050542.0,1126.96449,6795.54199,14.71553,18.18711,20496.226841,267.63295,8102.0,260965876.0,301251443344.17,15022652.0,1020975.0,0.07738,0.0518023,0.02906,0.02896,0.20529
kerala,2026,1,8104,2026-Q1,284616383,327358436194.98,15839220,1070637.0,1150.174255,6759.40482,14.7942,17.96909,20667.585664,265.83836,8103.0,281159658.0,316856950664.98,15459282.0,1050542.0,0.01229,0.0331427,0.02458,0.01913,0.14868
kerala,2026,2,8105,2026-Q2,294649816,335501492227.26,16304760,1091604.0,1138.644839,6695.00195,14.93652,18.0714,20576.904672,269.92372,8104.0,284616383.0,327358436194.98,15839220.0,1070637.0,0.03525,0.024875,0.02939,0.01958,0.2406
ladakh,2018,1,8072,2018-Q1,7733,15241000.35,14795,,1970.903964,,,0.52268,1030.145343,,,,,,,,,,,
ladakh,2018,2,8073,2018-Q2,18412,56386931.46,21011,,3062.509856,,,0.8763,2683.686234,,8072.0,7733.0,15241000.35,14795.0,,1.38096,2.699687,0.42014,,
ladakh,2018,3,8074,2018-Q3,30349,97489777.85,27274,,3212.289626,,,1.11274,3574.45838,,8073.0,18412.0,56386931.46,21011.0,,0.64833,0.7289428,0.29808,,
ladakh,2018,4,8075,2018-Q4,44498,157126695.55,35989,3.0,3531.09568,8.33588,11996.33333,1.23643,4365.964477,14832.66667,8074.0,30349.0,97489777.85,27274.0,,0.46621,0.6117248,0.31954,,
ladakh,2019,1,8076,2019-Q1,60270,187343278.24,44058,12.0,3108.40017,27.23682,3671.5,1.36797,4252.19661,5022.5,8075.0,44498.0,157126695.55,35989.0,3.0,0.35444,0.1923071,0.22421,3.0,6.79387
ladakh,2019,2,8077,2019-Q2,103394,370592586.91,51485,30.0,3584.275557,58.2694,1716.16667,2.00824,7198.069086,3446.46667,8076.0,60270.0,187343278.24,44058.0,12.0,0.71551,0.9781472,0.16857,1.5,4.61558
ladakh,2019,3,8078,2019-Q3,121018,472038870.34,56993,47.0,3900.567439,82.46627,1212.61702,2.12338,8282.400827,2574.85106,8077.0,103394.0,370592586.91,51485.0,30.0,0.17045,0.2737407,0.10698,0.56667,2.98754
ladakh,2019,4,8079,2019-Q4,113210,464502753.7,62146,64.0,4103.018759,102.9833,971.03125,1.82168,7474.378942,1768.90625,8078.0,121018.0,472038870.34,56993.0,47.0,-0.06452,-0.015965,0.09041,0.3617,1.54416
ladakh,2020,1,8080,2020-Q1,149508,528768954.06,68423,71.0,3536.726824,103.76628,963.70423,2.18505,7727.941687,2105.74648,8079.0,113210.0,464502753.7,62146.0,64.0,0.32063,0.1383548,0.101,0.10938,1.48064
ladakh,2020,2,8081,2020-Q2,196402,704881827.16,74807,79.0,3588.974792,105.60509,946.92405,2.62545,9422.672038,2486.10127,8080.0,149508.0,528768954.06,68423.0,71.0,0.31366,0.3330621,0.0933,0.11268,0.89955
ladakh,2020,3,8082,2020-Q3,291625,1137269183.63,81517,89.0,3899.765739,109.17968,915.92135,3.57747,13951.313022,3276.68539,8081.0,196402.0,704881827.16,74807.0,79.0,0.48484,0.6134182,0.0897,0.12658,1.40977
ladakh,2020,4,8083,2020-Q4,400254,1364250617.51,89518,109.0,3408.46217,121.76322,821.26606,4.47121,15239.95864,3672.05505,8082.0,291625.0,1137269183.63,81517.0,89.0,0.3725,0.1995846,0.09815,0.22472,2.5355
ladakh,2021,1,8084,2021-Q1,400146,1350829015.22,96146,257.0,3375.840356,267.30181,374.10895,4.16186,14049.768219,1556.98833,8083.0,400254.0,1364250617.51,89518.0,109.0,-0.00027,-0.0098381,0.07404,1.3578,1.67642
ladakh,2021,2,8085,2021-Q2,650578,2108362311.06,102914,504.0,3240.752548,489.72929,204.19444,6.32157,20486.642352,1290.82937,8084.0,400146.0,1350829015.22,96146.0,257.0,0.62585,0.5607914,0.07039,0.96109,2.31248
ladakh,2021,3,8086,2021-Q3,929963,3194633089.42,109859,561.0,3435.226014,510.65457,195.82709,8.46506,29079.39349,1657.68806,8085.0,650578.0,2108362311.06,102914.0,504.0,0.42944,0.5152202,0.06748,0.1131,2.1889
ladakh,2021,4,8087,2021-Q4,857639,2662955792.65,117697,612.0,3104.98449,519.97927,192.31536,7.28684,22625.519704,1401.37092,8086.0,929963.0,3194633089.42,109859.0,561.0,-0.07777,-0.1664283,0.07135,0.09091,1.14274
ladakh,2022,1,8088,2022-Q1,991962,2920273909.81,125119,683.0,2943.937278,545.88032,183.19034,7.92815,23339.971625,1452.36018,8087.0,857639.0,2662955792.65,117697.0,612.0,0.15662,0.0966288,0.06306,0.11601,1.479
ladakh,2022,2,8089,2022-Q2,1690971,4971962008.29,131845,785.0,2940.299986,595.39611,167.95541,12.82545,37710.660308,2154.10318,8088.0,991962.0,2920273909.81,125119.0,683.0,0.70467,0.702567,0.05376,0.14934,1.59918
ladakh,2022,3,8090,2022-Q3,2078286,5792916606.52,138524,856.0,2787.352947,617.94346,161.8271,15.00308,41818.866092,2427.90421,8089.0,1690971.0,4971962008.29,131845.0,785.0,0.22905,0.1651168,0.05066,0.09045,1.23481
ladakh,2022,4,8091,2022-Q4,1936688,4657431512.9,146028,891.0,2404.843482,610.15696,163.89226,13.26244,31894.099165,2173.61167,8090.0,2078286.0,5792916606.52,138524.0,856.0,-0.06813,-0.1960127,0.05417,0.04089,1.25816
ladakh,2023,1,8092,2023-Q1,1882925,4287184387.04,152636,899.0,2276.874749,588.98294,169.7842,12.33605,28087.635859,2094.46607,8091.0,1936688.0,4657431512.9,146028.0,891.0,-0.02776,-0.079496,0.04525,0.00898,0.89818
ladakh,2023,2,8093,2023-Q2,3396028,7790389777.21,158956,922.0,2293.971009,580.03473,172.40347,21.36458,49009.72456,3683.32755,8092.0,1882925.0,4287184387.04,152636.0,899.0,0.80359,0.8171343,0.04141,0.02558,1.00833
ladakh,2023,3,8094,2023-Q3,4065626,8966210701.85,164962,972.0,2205.370268,589.22661,169.71399,24.64583,54353.188624,4182.7428,8093.0,3396028.0,7790389777.21,158956.0,922.0,0.19717,0.1509322,0.03778,0.05423,0.95624
ladakh,2023,4,8095,2023-Q4,3523487,7515335519.66,173131,1038.0,2132.925571,599.54601,166.79287,20.35157,43408.375852,3394.49615,8094.0,4065626.0,8966210701.85,164962.0,972.0,-0.13335,-0.1618159,0.04952,0.0679,0.81934
ladakh,2024,1,8096,2024-Q1,3253441,6588273640.86,180765,1091.0,2025.017094,603.54604,165.68744,17.99818,36446.622083,2982.07241,8095.0,3523487.0,7515335519.66,173131.0,1038.0,-0.07664,-0.123356,0.04409,0.05106,0.72787
ladakh,2024,2,8097,2024-Q2,5691939,10732962147.42,190668,1640.0,1885.642511,860.13385,116.26098,29.85262,56291.365869,3470.69451,8096.0,3253441.0,6588273640.86,180765.0,1091.0,0.74951,0.6291008,0.05478,0.50321,0.67606
ladakh,2024,3,8098,2024-Q3,6963228,12732979334.11,199266,2060.0,1828.60296,1033.79402,96.73107,34.94439,63899.407496,3380.20777,8097.0,5691939.0,10732962147.42,190668.0,1640.0,0.22335,0.1863434,0.04509,0.2561,0.71271
ladakh,2024,4,8099,2024-Q4,5732422,10928747032.73,206450,2363.0,1906.47985,1144.58707,87.36775,27.76664,52936.532006,2425.90859,8098.0,6963228.0,12732979334.11,199266.0,2060.0,-0.17676,-0.1416976,0.03605,0.14709,0.62692
ladakh,2025,1,8100,2025-Q1,4829929,8573236123.0,213189,2454.0,1775.023219,1151.09129,86.87408,22.65562,40214.251781,1968.18623,8099.0,5732422.0,10928747032.73,206450.0,2363.0,-0.15744,-0.2155335,0.03264,0.03851,0.48456
ladakh,2025,2,8101,2025-Q2,7653712,12456512178.72,219995,2479.0,1627.51253,1126.84379,88.74344,34.79039,56621.796762,3087.41912,8100.0,4829929.0,8573236123.0,213189.0,2454.0,0.58464,0.4529534,0.03192,0.01019,0.34466
ladakh,2025,3,8102,2025-Q3,8782266,14123088628.17,225152,2530.0,1608.137197,1123.68533,88.99289,39.00594,62726.907281,3471.25138,8101.0,7653712.0,12456512178.72,219995.0,2479.0,0.14745,0.1337916,0.02344,0.02057,0.26123
ladakh,2025,4,8103,2025-Q4,6343728,11502761378.19,231656,2624.0,1813.249461,1132.71402,88.28354,27.38426,49654.493638,2417.57927,8102.0,8782266.0,14123088628.17,225152.0,2530.0,-0.27767,-0.185535,0.02889,0.03715,0.10664
ladakh,2026,1,8104,2026-Q1,5780356,9734397006.13,237706,2639.0,1684.048008,1110.19495,90.07427,24.31725,40951.414799,2190.35847,8103.0,6343728.0,11502761378.19,231656.0,2624.0,-0.08881,-0.1537339,0.02612,0.00572,0.19678
ladakh,2026,2,8105,2026-Q2,9257425,15460287202.18,250921,2676.0,1670.041853,1066.47112,93.76719,36.89378,61614.162235,3459.42638,8104.0,5780356.0,9734397006.13,237706.0,2639.0,0.60153,0.5882121,0.05559,0.01402,0.20953
lakshadweep,2018,1,8072,2018-Q1,1124,3053772.21,862,,2716.87919,,,1.30394,3542.659176,,,,,,,,,,,
lakshadweep,2018,2,8073,2018-Q2,2875,8629831.45,1172,,3001.680504,,,2.45307,7363.337415,,8072.0,1124.0,3053772.21,862.0,,1.55783,1.8259578,0.35963,,
lakshadweep,2018,3,8074,2018-Q3,2676,7647500.45,1491,,2857.810333,,,1.79477,5129.108283,,8073.0,2875.0,8629831.45,1172.0,,-0.06922,-0.1138297,0.27218,,
lakshadweep,2018,4,8075,2018-Q4,3019,9506907.55,1903,,3149.025356,,,1.58644,4995.74753,,8074.0,2676.0,7647500.45,1491.0,,0.12818,0.2431392,0.27632,,
lakshadweep,2019,1,8076,2019-Q1,4622,15684901.4,2320,,3393.531242,,,1.99224,6760.733362,,8075.0,3019.0,9506907.55,1903.0,,0.53097,0.6498426,0.21913,,3.1121
lakshadweep,2019,2,8077,2019-Q2,5608,16590874.57,2763,,2958.429845,,,2.02968,6004.659634,,8076.0,4622.0,15684901.4,2320.0,,0.21333,0.0577608,0.19095,,0.95061
lakshadweep,2019,3,8078,2019-Q3,5310,16856067.0,3275,1.0,3174.400565,30.53435,3275.0,1.62137,5146.890687,5310.0,8077.0,5608.0,16590874.57,2763.0,,-0.05314,0.0159842,0.18531,,0.9843
lakshadweep,2019,4,8079,2019-Q4,6097,19723480.78,3708,1.0,3234.948463,26.96872,3708.0,1.64428,5319.169574,6097.0,8078.0,5310.0,16856067.0,3275.0,1.0,0.14821,0.1701117,0.13221,0.0,1.01954
lakshadweep,2020,1,8080,2020-Q1,8729,26322589.5,4140,2.0,3015.533223,48.30918,2070.0,2.10845,6358.113406,4364.5,8079.0,6097.0,19723480.78,3708.0,1.0,0.43169,0.3345813,0.1165,1.0,0.88858
lakshadweep,2020,2,8081,2020-Q2,11502,30917214.41,4578,3.0,2687.985951,65.5308,1526.0,2.51245,6753.432593,3834.0,8080.0,8729.0,26322589.5,4140.0,2.0,0.31768,0.1745506,0.1058,0.5,1.051
lakshadweep,2020,3,8082,2020-Q3,13906,37809773.97,5137,4.0,2718.953975,77.86646,1284.25,2.70703,7360.283039,3476.5,8081.0,11502.0,30917214.41,4578.0,3.0,0.20901,0.222936,0.12211,0.33333,1.61883
lakshadweep,2020,4,8083,2020-Q4,17672,47628614.57,5775,7.0,2695.145686,121.21212,825.0,3.06009,8247.379146,2524.57143,8082.0,13906.0,37809773.97,5137.0,4.0,0.27082,0.2596905,0.1242,0.75,1.89847
lakshadweep,2021,1,8084,2021-Q1,16065,49159946.34,6336,10.0,3060.065132,157.82828,633.6,2.53551,7758.829915,1606.5,8083.0,17672.0,47628614.57,5775.0,7.0,-0.09093,0.0321515,0.09714,0.42857,0.84042
lakshadweep,2021,2,8085,2021-Q2,20788,49741657.91,6816,12.0,2392.806326,176.05634,568.0,3.04988,7297.778449,1732.33333,8084.0,16065.0,49159946.34,6336.0,10.0,0.29399,0.011833,0.07576,0.2,0.80734
lakshadweep,2021,3,8086,2021-Q3,24627,71786359.45,7374,16.0,2914.945363,216.97857,460.875,3.33971,9735.063663,1539.1875,8085.0,20788.0,49741657.91,6816.0,12.0,0.18467,0.4431839,0.08187,0.33333,0.77096
lakshadweep,2021,4,8087,2021-Q4,25317,80761077.71,7965,19.0,3189.993985,238.54363,419.21053,3.17853,10139.495004,1332.47368,8086.0,24627.0,71786359.45,7374.0,16.0,0.02802,0.1250198,0.08015,0.1875,0.43261
lakshadweep,2022,1,8088,2022-Q1,30348,100573065.28,8435,23.0,3313.993188,272.67338,366.73913,3.59787,11923.303531,1319.47826,8087.0,25317.0,80761077.71,7965.0,19.0,0.19872,0.245316,0.05901,0.21053,0.88908
lakshadweep,2022,2,8089,2022-Q2,33079,98136938.13,8885,27.0,2966.744404,303.88295,329.07407,3.72302,11045.237831,1225.14815,8088.0,30348.0,100573065.28,8435.0,23.0,0.08999,-0.0242225,0.05335,0.17391,0.59125
lakshadweep,2022,3,8090,2022-Q3,34974,100075631.86,9374,31.0,2861.429401,330.70194,302.3871,3.73096,10675.872825,1128.19355,8089.0,33079.0,98136938.13,8885.0,27.0,0.05729,0.019755,0.05504,0.14815,0.42015
lakshadweep,2022,4,8091,2022-Q4,37014,107487767.58,9808,34.0,2903.975998,346.65579,288.47059,3.77386,10959.193269,1088.64706,8090.0,34974.0,100075631.86,9374.0,31.0,0.05833,0.0740653,0.0463,0.09677,0.46202
lakshadweep,2023,1,8092,2023-Q1,43520,120064282.07,10183,34.0,2758.830011,333.88982,299.5,4.27379,11790.659145,1280.0,8091.0,37014.0,107487767.58,9808.0,34.0,0.17577,0.1170041,0.03823,0.0,0.43403
lakshadweep,2023,2,8093,2023-Q2,50557,135198933.55,10584,34.0,2674.188214,321.23961,311.29412,4.77674,12773.897728,1486.97059,8092.0,43520.0,120064282.07,10183.0,34.0,0.1617,0.1260546,0.03938,0.0,0.52837
lakshadweep,2023,3,8094,2023-Q3,61690,127653819.4,11059,34.0,2069.278966,307.4419,325.26471,5.57826,11542.980324,1814.41176,8093.0,50557.0,135198933.55,10584.0,34.0,0.22021,-0.0558075,0.04488,0.0,0.76388
lakshadweep,2023,4,8095,2023-Q4,96514,176451021.55,11676,36.0,1828.242758,308.32477,324.33333,8.26602,15112.283449,2680.94444,8094.0,61690.0,127653819.4,11059.0,34.0,0.5645,0.382262,0.05579,0.05882,1.6075
lakshadweep,2024,1,8096,2024-Q1,120325,194003286.42,12330,56.0,1612.327334,454.1768,220.17857,9.75872,15734.248696,2148.66071,8095.0,96514.0,176451021.55,11676.0,36.0,0.24671,0.0994739,0.05601,0.55556,1.76482
lakshadweep,2024,2,8097,2024-Q2,161844,213925009.2,13251,121.0,1321.79759,913.13863,109.5124,12.21372,16144.065293,1337.55372,8096.0,120325.0,194003286.42,12330.0,56.0,0.34506,0.1026876,0.0747,1.16071,2.20122
lakshadweep,2024,3,8098,2024-Q3,183660,214944305.44,14065,183.0,1170.338154,1301.10203,76.85792,13.05795,15282.211549,1003.60656,8097.0,161844.0,213925009.2,13251.0,121.0,0.1348,0.0047647,0.06143,0.5124,1.97714
lakshadweep,2024,4,8099,2024-Q4,228820,279685503.7,14725,226.0,1222.294833,1534.80475,65.15487,15.53956,18993.922153,1012.47788,8098.0,183660.0,214944305.44,14065.0,183.0,0.24589,0.3011999,0.04692,0.23497,1.37085
lakshadweep,2025,1,8100,2025-Q1,286444,330371406.8,15368,271.0,1153.354257,1763.40448,56.70849,18.63899,21497.358589,1056.98893,8099.0,228820.0,279685503.7,14725.0,226.0,0.25183,0.1812246,0.04367,0.19912,1.38059
lakshadweep,2025,2,8101,2025-Q2,282186,285436602.33,15987,305.0,1011.519361,1907.80009,52.41639,17.65097,17854.29426,925.2,8100.0,286444.0,330371406.8,15368.0,271.0,-0.01487,-0.136013,0.04028,0.12546,0.74357
lakshadweep,2025,3,8102,2025-Q3,295580,269362417.0,16553,330.0,911.301228,1993.59633,50.16061,17.85658,16272.725005,895.69697,8101.0,282186.0,285436602.33,15987.0,305.0,0.04747,-0.0563144,0.0354,0.08197,0.60939
lakshadweep,2025,4,8103,2025-Q4,326937,328386753.16,17251,369.0,1004.43435,2139.00643,46.75068,18.95177,19035.809701,886.00813,8102.0,295580.0,269362417.0,16553.0,330.0,0.10609,0.2191261,0.04217,0.11818,0.4288
lakshadweep,2026,1,8104,2026-Q1,351993,352164967.77,17882,369.0,1000.488555,2063.52757,48.4607,19.68421,19693.824392,953.91057,8103.0,326937.0,328386753.16,17251.0,369.0,0.07664,0.0724092,0.03658,0.0,0.22884
lakshadweep,2026,2,8105,2026-Q2,371196,370577513.73,18419,374.0,998.333801,2030.51197,49.24866,20.15289,20119.306897,992.50267,8104.0,351993.0,352164967.77,17882.0,369.0,0.05456,0.0522839,0.03003,0.01355,0.31543
madhya pradesh,2018,1,8072,2018-Q1,8614129,9240858109.53,2501837,8.0,1072.755947,0.31977,312729.625,3.44312,3693.629165,1076766.125,,,,,,,,,,
madhya pradesh,2018,2,8073,2018-Q2,11249274,16791412396.44,3390239,23.0,1492.666318,0.67842,147401.69565,3.31814,4952.869811,489098.86957,8072.0,8614129.0,9240858109.53,2501837.0,8.0,0.30591,0.8170837,0.3551,1.875,
madhya pradesh,2018,3,8074,2018-Q3,18062698,25331787718.83,4233736,76.0,1402.436542,1.7951,55707.05263,4.26637,5983.317741,237667.07895,8073.0,11249274.0,16791412396.44,3390239.0,23.0,0.60568,0.5086157,0.2488,2.30435,
madhya pradesh,2018,4,8075,2018-Q4,22807607,35619617648.66,5311159,498.0,1561.742872,9.37648,10664.97791,4.29428,6706.562099,45798.40763,8074.0,18062698.0,25331787718.83,4233736.0,76.0,0.26269,0.4061233,0.25449,5.55263,
madhya pradesh,2019,1,8076,2019-Q1,38928866,49298676966.63,6383958,66408.0,1266.37845,1040.23241,96.13236,6.09792,7722.27464,586.20748,8075.0,22807607.0,35619617648.66,5311159.0,498.0,0.70684,0.3840316,0.20199,132.3494,3.51919
madhya pradesh,2019,2,8077,2019-Q2,41244464,67755802214.79,7278165,225653.0,1642.785374,3100.41061,32.25379,5.66688,9309.462236,182.77827,8076.0,38928866.0,49298676966.63,6383958.0,66408.0,0.05948,0.3743939,0.14007,2.39798,2.66641
madhya pradesh,2019,3,8078,2019-Q3,54896351,79071968085.57,8231531,358087.0,1440.386595,4350.1871,22.98752,6.66903,9605.98558,153.30451,8077.0,41244464.0,67755802214.79,7278165.0,225653.0,0.331,0.167014,0.13099,0.58689,2.03921
madhya pradesh,2019,4,8079,2019-Q4,71003068,108819575634.97,9219787,440884.0,1532.603854,4781.9326,20.91205,7.70116,11802.829679,161.04705,8078.0,54896351.0,79071968085.57,8231531.0,358087.0,0.2934,0.3762093,0.12006,0.23122,2.11313
madhya pradesh,2020,1,8080,2020-Q1,80393376,128103419316.96,10260896,513846.0,1593.457393,5007.80828,19.96882,7.83493,12484.623109,156.45422,8079.0,71003068.0,108819575634.97,9219787.0,440884.0,0.13225,0.1772093,0.11292,0.16549,1.06514
madhya pradesh,2020,2,8081,2020-Q2,75708003,145115611014.97,11514232,550154.0,1916.780331,4778.0347,20.92911,6.57517,12603.151562,137.61238,8080.0,80393376.0,128103419316.96,10260896.0,513846.0,-0.05828,0.1328004,0.12215,0.07066,0.83559
madhya pradesh,2020,3,8082,2020-Q3,105895534,198051918982.33,12744642,654441.0,1870.257522,5135.02851,19.47409,8.30902,15540.014304,161.81067,8081.0,75708003.0,145115611014.97,11514232.0,550154.0,0.39874,0.3647871,0.10686,0.18956,0.92901
madhya pradesh,2020,4,8083,2020-Q4,147699496,269845055092.31,13925932,839834.0,1826.986973,6030.72024,16.58177,10.60608,19377.163058,175.86749,8082.0,105895534.0,198051918982.33,12744642.0,654441.0,0.39477,0.3624965,0.09269,0.28328,1.08018
madhya pradesh,2021,1,8084,2021-Q1,187447068,319696045419.15,15131202,1038097.0,1705.527053,6860.63804,14.5759,12.38811,21128.264986,180.56797,8083.0,147699496.0,269845055092.31,13925932.0,839834.0,0.26911,0.1847393,0.08655,0.23607,1.33162
madhya pradesh,2021,2,8085,2021-Q2,203308974,393063852579.45,16251687,1117867.0,1933.332528,6878.46745,14.53812,12.51002,24186.033892,181.87224,8084.0,187447068.0,319696045419.15,15131202.0,1038097.0,0.08462,0.2294924,0.07405,0.07684,1.68544
madhya pradesh,2021,3,8086,2021-Q3,286544938,471043596822.2,17570524,1314899.0,1643.873384,7483.55029,13.36264,16.30828,26808.739274,217.92163,8085.0,203308974.0,393063852579.45,16251687.0,1117867.0,0.40941,0.1983895,0.08115,0.17626,1.70592
madhya pradesh,2021,4,8087,2021-Q4,321167679,527428491137.57,18846562,1523277.0,1642.221573,8082.51924,12.37238,17.04118,27985.395487,210.83997,8086.0,286544938.0,471043596822.2,17570524.0,1314899.0,0.12083,0.1197021,0.07262,0.15847,1.17447
madhya pradesh,2022,1,8088,2022-Q1,418657344,670680907516.04,20115633,1697225.0,1601.980515,8437.34323,11.85207,20.81254,33341.277777,246.67168,8087.0,321167679.0,527428491137.57,18846562.0,1523277.0,0.30355,0.2716054,0.06734,0.11419,1.23347
madhya pradesh,2022,2,8089,2022-Q2,490063972,789356451377.28,21283425,1812068.0,1610.721246,8513.98682,11.74538,23.02562,37087.848942,270.44458,8088.0,418657344.0,670680907516.04,20115633.0,1697225.0,0.17056,0.1769478,0.05805,0.06767,1.41044
madhya pradesh,2022,3,8090,2022-Q3,564992533,805308274469.2,22575200,1923099.0,1425.343217,8518.63549,11.73897,25.02713,35672.254264,293.79274,8089.0,490063972.0,789356451377.28,21283425.0,1812068.0,0.1529,0.0202086,0.06069,0.06127,0.97174
madhya pradesh,2022,4,8091,2022-Q4,640668697,939572408725.76,23793582,2040575.0,1466.54958,8576.15722,11.66023,26.92611,39488.480916,313.96479,8090.0,564992533.0,805308274469.2,22575200.0,1923099.0,0.13394,0.1667239,0.05397,0.06109,0.99481
madhya pradesh,2023,1,8092,2023-Q1,730638617,1058319171944.05,24981019,2083024.0,1448.48513,8338.42687,11.99267,29.24775,42364.932029,350.75862,8091.0,640668697.0,939572408725.76,23793582.0,2040575.0,0.14043,0.1263838,0.04991,0.0208,0.74519
madhya pradesh,2023,2,8093,2023-Q2,843782510,1197411249860.08,26193021,2142311.0,1419.099395,8178.9382,12.22653,32.21402,45714.896722,393.86555,8092.0,730638617.0,1058319171944.05,24981019.0,2083024.0,0.15486,0.1314273,0.04852,0.02846,0.72178
madhya pradesh,2023,3,8094,2023-Q3,974634662,1234399612492.15,27512164,2210798.0,1266.525459,8035.71104,12.44445,35.42559,44867.412556,440.85197,8093.0,843782510.0,1197411249860.08,26193021.0,2142311.0,0.15508,0.0308903,0.05036,0.03197,0.72504
madhya pradesh,2023,4,8095,2023-Q4,1098779303,1426823070181.17,28703519,2279592.0,1298.552918,7941.85549,12.59152,38.2803,49708.994572,482.007,8094.0,974634662.0,1234399612492.15,27512164.0,2210798.0,0.12738,0.1558842,0.0433,0.03112,0.71505
madhya pradesh,2024,1,8096,2024-Q1,1283443129,1626171196855.55,30087710,2371698.0,1267.037986,7882.61386,12.68615,42.65672,54047.689135,541.14948,8095.0,1098779303.0,1426823070181.17,28703519.0,2279592.0,0.16806,0.1397147,0.04822,0.0404,0.7566
madhya pradesh,2024,2,8097,2024-Q2,1432136665,1777347668076.45,31399806,2466722.0,1241.046132,7855.85108,12.72937,45.60973,56603.778637,580.58292,8096.0,1283443129.0,1626171196855.55,30087710.0,2371698.0,0.11586,0.0929647,0.04361,0.04007,0.69728
madhya pradesh,2024,3,8098,2024-Q3,1534489500,1759428066717.69,32634553,2568230.0,1146.588534,7869.66501,12.70702,47.02039,53913.043231,597.48913,8097.0,1432136665.0,1777347668076.45,31399806.0,2466722.0,0.07147,-0.0100822,0.03932,0.04115,0.57443
madhya pradesh,2024,4,8099,2024-Q4,1681877662,2001212724870.64,33718050,2674535.0,1189.868187,7932.05716,12.60707,49.88063,59351.377819,628.84863,8098.0,1534489500.0,1759428066717.69,32634553.0,2568230.0,0.09605,0.1374223,0.0332,0.04139,0.53068
madhya pradesh,2025,1,8100,2025-Q1,1723435663,2033055917651.6,34868747,2763468.0,1179.652923,7925.34357,12.61775,49.42637,58305.964297,623.64958,8099.0,1681877662.0,2001212724870.64,33718050.0,2674535.0,0.02471,0.0159119,0.03413,0.03325,0.34282
madhya pradesh,2025,2,8101,2025-Q2,1837319230,2168370196643.18,35961457,2838187.0,1180.181517,7892.30258,12.67057,51.09135,60297.061842,647.35665,8100.0,1723435663.0,2033055917651.6,34868747.0,2763468.0,0.06608,0.0665571,0.03134,0.02704,0.28292
madhya pradesh,2025,3,8102,2025-Q3,1980337761,2098642107160.68,37166358,2916083.0,1059.739479,7846.02839,12.7453,53.28307,56466.175867,679.10885,8101.0,1837319230.0,2168370196643.18,35961457.0,2838187.0,0.07784,-0.0321569,0.03351,0.02745,0.29055
madhya pradesh,2025,4,8103,2025-Q4,2101082439,2331864870681.18,38249438,3018653.0,1109.839779,7892.01922,12.67103,54.93107,60964.683211,696.03311,8102.0,1980337761.0,2098642107160.68,37166358.0,2916083.0,0.06097,0.1111303,0.02914,0.03517,0.24925
madhya pradesh,2026,1,8104,2026-Q1,2186611174,2424177486736.08,39250624,3081980.0,1108.645888,7852.05351,12.73552,55.70895,61761.501849,709.4826,8103.0,2101082439.0,2331864870681.18,38249438.0,3018653.0,0.04071,0.0395875,0.02618,0.02098,0.26875
madhya pradesh,2026,2,8105,2026-Q2,2283838085,2568376073176.97,40093377,3144386.0,1124.587636,7842.65691,12.75078,56.96298,64059.858893,726.32243,8104.0,2186611174.0,2424177486736.08,39250624.0,3081980.0,0.04446,0.0594835,0.02147,0.02025,0.24303
maharashtra,2018,1,8072,2018-Q1,15771297,20616284599.6,6133954,1643.0,1307.202864,26.78533,3733.38649,2.57115,3361.01063,9599.08521,,,,,,,,,,
maharashtra,2018,2,8073,2018-Q2,21707384,34569981679.04,8236836,6629.0,1592.544808,80.47993,1242.54578,2.6354,4196.997692,3274.60914,8072.0,15771297.0,20616284599.6,6133954.0,1643.0,0.37639,0.6768289,0.34283,3.03469,
maharashtra,2018,3,8074,2018-Q3,30786153,50334957437.1,10390459,38653.0,1634.986919,372.00474,268.81378,2.96293,4844.343973,796.47512,8073.0,21707384.0,34569981679.04,8236836.0,6629.0,0.41823,0.4560308,0.26146,4.83089,
maharashtra,2018,4,8075,2018-Q4,45715147,76570396171.73,13355155,229210.0,1674.945859,1716.26612,58.26602,3.42303,5733.396293,199.44656,8074.0,30786153.0,50334957437.1,10390459.0,38653.0,0.48493,0.5212171,0.28533,4.92994,
maharashtra,2019,1,8076,2019-Q1,73874732,107583453017.91,16274312,698175.0,1456.295679,4290.04311,23.30979,4.53935,6610.62987,105.8112,8075.0,45715147.0,76570396171.73,13355155.0,229210.0,0.61598,0.4050267,0.21858,2.04601,3.68413
maharashtra,2019,2,8077,2019-Q2,99331337,147421594256.61,18737804,1019256.0,1484.139837,5439.57019,18.38381,5.30112,7867.602535,97.45475,8076.0,73874732.0,107583453017.91,16274312.0,698175.0,0.34459,0.3702999,0.15137,0.45989,3.57592
maharashtra,2019,3,8078,2019-Q3,148759948,194352348539.17,21322044,1309633.0,1306.483036,6142.15504,16.28093,6.97681,9115.089929,113.58903,8077.0,99331337.0,147421594256.61,18737804.0,1019256.0,0.49761,0.3183438,0.13792,0.28489,3.83204
maharashtra,2019,4,8079,2019-Q4,196478271,260156648249.88,23734339,1597195.0,1324.098827,6729.46906,14.86001,8.27823,10961.192062,123.01458,8078.0,148759948.0,194352348539.17,21322044.0,1309633.0,0.32077,0.3385825,0.11314,0.21957,3.29788
maharashtra,2020,1,8080,2020-Q1,233758463,308295755638.3,26163809,1861784.0,1318.864574,7115.87522,14.05309,8.93442,11783.290256,125.55617,8079.0,196478271.0,260156648249.88,23734339.0,1597195.0,0.18974,0.1850389,0.10236,0.16566,2.16425
maharashtra,2020,2,8081,2020-Q2,180429884,281354616792.98,28790127,1925780.0,1559.357079,6689.02919,14.94985,6.26707,9772.6077,93.69185,8080.0,233758463.0,308295755638.3,26163809.0,1861784.0,-0.22814,-0.0873873,0.10038,0.03437,0.81644
maharashtra,2020,3,8082,2020-Q3,259184002,417445438172.21,31432433,2160587.0,1610.614216,6873.75043,14.5481,8.24575,13280.723073,119.95999,8081.0,180429884.0,281354616792.98,28790127.0,1925780.0,0.43648,0.4836986,0.09178,0.12193,0.7423
maharashtra,2020,4,8083,2020-Q4,397059155,598117839589.42,34404572,2544284.0,1506.369598,7395.19155,13.5223,11.54088,17384.835934,156.05929,8082.0,259184002.0,417445438172.21,31432433.0,2160587.0,0.53196,0.4328048,0.09456,0.17759,1.02088
maharashtra,2021,1,8084,2021-Q1,488141386,712800108227.84,36994904,2884303.0,1460.232893,7796.48732,12.82629,13.19483,19267.5215,169.24067,8083.0,397059155.0,598117839589.42,34404572.0,2544284.0,0.22939,0.1917386,0.07529,0.13364,1.08823
maharashtra,2021,2,8085,2021-Q2,533231187,829232878614.53,39429859,3023504.0,1555.109489,7668.05684,13.04111,13.52354,21030.58189,176.36199,8084.0,488141386.0,712800108227.84,36994904.0,2884303.0,0.09237,0.1633456,0.06582,0.04826,1.95534
maharashtra,2021,3,8086,2021-Q3,734586580,1040338295534.05,42170156,3290552.0,1416.222844,7803.03492,12.81553,17.41958,24670.012972,223.24114,8085.0,533231187.0,829232878614.53,39429859.0,3023504.0,0.37761,0.2545792,0.0695,0.08832,1.83423
maharashtra,2021,4,8087,2021-Q4,821255563,1161752565942.64,44928344,3607998.0,1414.605414,8030.56084,12.45243,18.27923,25857.898656,227.62085,8086.0,734586580.0,1040338295534.05,42170156.0,3290552.0,0.11798,0.1167065,0.06541,0.09647,1.06835
maharashtra,2022,1,8088,2022-Q1,1069812670,1484934108466.9,47511322,3932588.0,1388.031896,8277.15971,12.08144,22.517,31254.32099,272.03782,8087.0,821255563.0,1161752565942.64,44928344.0,3607998.0,0.30266,0.2781845,0.05749,0.08996,1.1916
maharashtra,2022,2,8089,2022-Q2,1272760072,1740994209212.3,49858004,4180983.0,1367.88877,8385.78095,11.92495,25.5277,34919.051497,304.41647,8088.0,1069812670.0,1484934108466.9,47511322.0,3932588.0,0.1897,0.1724387,0.04939,0.06316,1.38688
maharashtra,2022,3,8090,2022-Q3,1481906141,1915987311841.34,52289467,4352350.0,1292.920826,8323.56926,12.01408,28.34043,36641.936164,340.48414,8089.0,1272760072.0,1740994209212.3,49858004.0,4180983.0,0.16432,0.1005133,0.04877,0.04099,1.01733
maharashtra,2022,4,8091,2022-Q4,1659335577,2150909817409.16,54629272,4508736.0,1296.247635,8253.33349,12.11632,30.37448,39372.84424,368.02678,8090.0,1481906141.0,1915987311841.34,52289467.0,4352350.0,0.11973,0.1226117,0.04475,0.03593,1.02049
maharashtra,2023,1,8092,2023-Q1,1843209645,2363317566724.52,56723036,4522908.0,1282.17513,7973.67052,12.54128,32.4949,41664.158574,407.52756,8091.0,1659335577.0,2150909817409.16,54629272.0,4508736.0,0.11081,0.0987525,0.03833,0.00314,0.72293
maharashtra,2023,2,8093,2023-Q2,2058432368,2604704587837.53,58661548,4608963.0,1265.382642,7856.87244,12.72771,35.08998,44402.247752,446.61508,8092.0,1843209645.0,2363317566724.52,56723036.0,4522908.0,0.11677,0.1021391,0.03418,0.01903,0.6173
maharashtra,2023,3,8094,2023-Q3,2288748568,2753519460899.4,60617867,4734743.0,1203.067694,7810.80436,12.80278,37.757,45424.222217,483.39447,8093.0,2058432368.0,2604704587837.53,58661548.0,4608963.0,0.11189,0.0571331,0.03335,0.02729,0.54446
maharashtra,2023,4,8095,2023-Q4,2568566942,3105786845149.35,62581750,4866495.0,1209.151607,7776.2207,12.85972,41.04339,49627.676521,527.80635,8094.0,2288748568.0,2753519460899.4,60617867.0,4734743.0,0.12226,0.1279335,0.0324,0.02783,0.54795
maharashtra,2024,1,8096,2024-Q1,2831435504,3382002942775.57,64700862,5039829.0,1194.448165,7789.431,12.83791,43.76194,52271.3738,561.81182,8095.0,2568566942.0,3105786845149.35,62581750.0,4866495.0,0.10234,0.0889359,0.03386,0.03562,0.53614
maharashtra,2024,2,8097,2024-Q2,3056537192,3575026518542.91,66770730,5168187.0,1169.632919,7740.19844,12.91957,45.7766,53541.821672,591.41382,8096.0,2831435504.0,3382002942775.57,64700862.0,5039829.0,0.0795,0.0570737,0.03199,0.02547,0.48489
maharashtra,2024,3,8098,2024-Q3,3286087251,3690379263272.15,69582864,5298716.0,1123.03143,7614.97256,13.13202,47.22552,53035.748331,620.16671,8097.0,3056537192.0,3575026518542.91,66770730.0,5168187.0,0.0751,0.0322663,0.04212,0.02526,0.43576
maharashtra,2024,4,8099,2024-Q4,3634900999,4152526918695.74,72020866,5428259.0,1142.404407,7537.06433,13.26777,50.47011,57657.275583,669.62556,8098.0,3286087251.0,3690379263272.15,69582864.0,5298716.0,0.10615,0.1252304,0.03504,0.02445,0.41515
maharashtra,2025,1,8100,2025-Q1,3904534550,4335348832646.41,74177131,5550838.0,1110.336911,7483.22013,13.36323,52.63798,58445.895308,703.41353,8099.0,3634900999.0,4152526918695.74,72020866.0,5428259.0,0.07418,0.0440267,0.02994,0.02258,0.37899
maharashtra,2025,2,8101,2025-Q2,4035923246,4459847561600.48,76247239,5653784.0,1105.037755,7415.06719,13.48605,52.93206,58491.922069,713.84461,8100.0,3904534550.0,4335348832646.41,74177131.0,5550838.0,0.03365,0.0287171,0.02791,0.01855,0.32042
maharashtra,2025,3,8102,2025-Q3,4306180488,4500210515384.95,78365134,5758748.0,1045.058499,7348.60991,13.60802,54.95021,57426.182866,747.76331,8101.0,4035923246.0,4459847561600.48,76247239.0,5653784.0,0.06696,0.0090503,0.02778,0.01857,0.31043
maharashtra,2025,4,8103,2025-Q4,4618105060,4956544899176.13,80321622,5890201.0,1073.285435,7333.26949,13.63648,57.49517,61708.725195,784.03183,8102.0,4306180488.0,4500210515384.95,78365134.0,5758748.0,0.07244,0.1014029,0.02497,0.02283,0.27049
maharashtra,2026,1,8104,2026-Q1,4829477429,5179476090387.98,82017557,6005973.0,1072.471332,7322.78944,13.656,58.88346,63150.821359,804.11241,8103.0,4618105060.0,4956544899176.13,80321622.0,5890201.0,0.04577,0.0449771,0.02111,0.01966,0.23689
maharashtra,2026,2,8105,2026-Q2,5064451991,5465176553156.58,84075442,6113793.0,1079.12496,7271.79406,13.75176,60.237,65003.24498,828.36498,8104.0,4829477429.0,5179476090387.98,82017557.0,6005973.0,0.04865,0.0551601,0.02509,0.01795,0.25484
manipur,2018,1,8072,2018-Q1,104908,152517177.3,35579,,1453.818368,,,2.94859,4286.719056,,,,,,,,,,,
manipur,2018,2,8073,2018-Q2,184930,296675858.09,54326,,1604.260304,,,3.40408,5461.028938,,8072.0,104908.0,152517177.3,35579.0,,0.76278,0.9451964,0.52691,,
manipur,2018,3,8074,2018-Q3,219782,436231935.4,71019,,1984.839229,,,3.09469,6142.468007,,8073.0,184930.0,296675858.09,54326.0,,0.18846,0.4703992,0.30727,,
manipur,2018,4,8075,2018-Q4,285294,690125762.2,93713,3.0,2418.998515,3.20126,31237.66667,3.04434,7364.247887,95098.0,8074.0,219782.0,436231935.4,71019.0,,0.29808,0.5820157,0.31955,,
manipur,2019,1,8076,2019-Q1,322920,790454446.37,112463,59.0,2447.833663,52.4617,1906.15254,2.87134,7028.573365,5473.22034,8075.0,285294.0,690125762.2,93713.0,3.0,0.13189,0.1453774,0.20008,18.66667,2.07813
manipur,2019,2,8077,2019-Q2,367371,985994013.92,130880,165.0,2683.919019,126.06968,793.21212,2.80693,7533.572845,2226.49091,8076.0,322920.0,790454446.37,112463.0,59.0,0.13765,0.2473761,0.16376,1.79661,0.98654
manipur,2019,3,8078,2019-Q3,412093,1155501039.94,150811,269.0,2803.981237,178.36895,560.63569,2.73251,7661.914847,1531.94424,8077.0,367371.0,985994013.92,130880.0,165.0,0.12174,0.1719149,0.15228,0.6303,0.87501
manipur,2019,4,8079,2019-Q4,511743,1456426016.72,170399,358.0,2846.010628,210.09513,475.97486,3.0032,8547.151196,1429.44972,8078.0,412093.0,1155501039.94,150811.0,269.0,0.24181,0.2604281,0.12988,0.33086,0.79374
manipur,2020,1,8080,2020-Q1,606999,1627281632.67,193166,441.0,2680.863778,228.30105,438.01814,3.14237,8424.265309,1376.41497,8079.0,511743.0,1456426016.72,170399.0,358.0,0.18614,0.1173116,0.13361,0.23184,0.87972
manipur,2020,2,8081,2020-Q2,879294,2154620599.91,232085,523.0,2450.398388,225.34847,443.75717,3.78867,9283.756382,1681.25048,8080.0,606999.0,1627281632.67,193166.0,441.0,0.44859,0.3240613,0.20148,0.18594,1.39348
manipur,2020,3,8082,2020-Q3,1043328,2794156258.24,275979,557.0,2678.11873,201.82695,495.47397,3.78046,10124.524903,1873.12029,8081.0,879294.0,2154620599.91,232085.0,523.0,0.18655,0.2968205,0.18913,0.06501,1.53178
manipur,2020,4,8083,2020-Q4,1186202,3644196614.14,306249,638.0,3072.155176,208.32721,480.01411,3.87333,11899.456371,1859.25078,8082.0,1043328.0,2794156258.24,275979.0,557.0,0.13694,0.3042208,0.10968,0.14542,1.31796
manipur,2021,1,8084,2021-Q1,1151135,3880846919.52,326912,714.0,3371.322147,218.4074,457.85994,3.52124,11871.228097,1612.23389,8083.0,1186202.0,3644196614.14,306249.0,638.0,-0.02956,0.064939,0.06747,0.11912,0.89644
manipur,2021,2,8085,2021-Q2,1435977,4129039191.34,346378,988.0,2875.421536,285.23752,350.58502,4.14569,11920.61618,1453.41802,8084.0,1151135.0,3880846919.52,326912.0,714.0,0.24744,0.0639531,0.05955,0.38375,0.6331
manipur,2021,3,8086,2021-Q3,1772255,5444167085.19,367233,1154.0,3071.886994,314.24191,318.22617,4.82597,14824.830789,1535.74957,8085.0,1435977.0,4129039191.34,346378.0,988.0,0.23418,0.318507,0.06021,0.16802,0.69866
manipur,2021,4,8087,2021-Q4,1782570,5545169786.4,388184,1356.0,3110.772529,349.31888,286.27139,4.59207,14284.900425,1314.57965,8086.0,1772255.0,5444167085.19,367233.0,1154.0,0.00582,0.0185525,0.05705,0.17504,0.50275
manipur,2022,1,8088,2022-Q1,2257271,6964838004.51,406492,1592.0,3085.512552,391.64362,255.33417,5.55305,17134.010029,1417.88379,8087.0,1782570.0,5545169786.4,388184.0,1356.0,0.2663,0.2560189,0.04716,0.17404,0.96091
manipur,2022,2,8089,2022-Q2,2451327,7208227925.01,426522,1799.0,2940.541154,421.78364,237.08838,5.74725,16900.01436,1362.60534,8088.0,2257271.0,6964838004.51,406492.0,1592.0,0.08597,0.0349455,0.04928,0.13003,0.70708
manipur,2022,3,8090,2022-Q3,2976452,8100189981.03,448114,1996.0,2721.424697,445.42237,224.50601,6.64218,18076.181465,1491.20842,8089.0,2451327.0,7208227925.01,426522.0,1799.0,0.21422,0.1237422,0.05062,0.10951,0.67947
manipur,2022,4,8091,2022-Q4,3217150,8403643887.51,467306,2742.0,2612.139281,586.76756,170.42524,6.88446,17983.171386,1173.28592,8090.0,2976452.0,8100189981.03,448114.0,1996.0,0.08087,0.0374626,0.04283,0.37375,0.80478
manipur,2023,1,8092,2023-Q1,3435277,8751539696.44,486209,5900.0,2547.549935,1213.46993,82.40831,7.06543,17999.542782,582.25034,8091.0,3217150.0,8403643887.51,467306.0,2742.0,0.0678,0.0413982,0.04045,1.15171,0.52187
manipur,2023,2,8093,2023-Q2,1700053,4552576250.75,496881,6848.0,2677.902542,1378.19719,72.55856,3.42145,9162.306972,248.2554,8092.0,3435277.0,8751539696.44,486209.0,5900.0,-0.50512,-0.4797971,0.02195,0.16068,-0.30648
manipur,2023,3,8094,2023-Q3,904737,3670828688.58,506910,6862.0,4057.343392,1353.69198,73.87205,1.78481,7241.578759,131.84742,8093.0,1700053.0,4552576250.75,496881.0,6848.0,-0.46782,-0.193681,0.02018,0.00204,-0.69604
manipur,2023,4,8095,2023-Q4,2203468,6907044662.76,528770,7555.0,3134.624448,1428.78756,69.98941,4.16716,13062.47454,291.65692,8094.0,904737.0,3670828688.58,506910.0,6862.0,1.43548,0.8816037,0.04312,0.10099,-0.31509
manipur,2024,1,8096,2024-Q1,3974022,9381643367.64,564185,10474.0,2360.742685,1856.48325,53.86529,7.04383,16628.665008,379.4178,8095.0,2203468.0,6907044662.76,528770.0,7555.0,0.80353,0.3582717,0.06698,0.38637,0.15683
manipur,2024,2,8097,2024-Q2,5268375,11040117731.12,603425,12042.0,2095.54516,1995.6084,50.11003,8.73079,18295.757934,437.5,8096.0,3974022.0,9381643367.64,564185.0,10474.0,0.3257,0.1767787,0.06955,0.1497,2.09895
manipur,2024,3,8098,2024-Q3,5806055,11771760861.08,644220,14222.0,2027.497304,2207.63093,45.29743,9.01253,18272.88948,408.24462,8097.0,5268375.0,11040117731.12,603425.0,12042.0,0.10206,0.0662713,0.06761,0.18103,5.4174
manipur,2024,4,8099,2024-Q4,5798310,12139401338.36,668293,16334.0,2093.610265,2444.13753,40.91423,8.6763,18164.789005,354.98408,8098.0,5806055.0,11771760861.08,644220.0,14222.0,-0.00133,0.0312307,0.03737,0.1485,1.63145
manipur,2025,1,8100,2025-Q1,7775142,14315138066.17,694042,18944.0,1841.141688,2729.51781,36.63651,11.2027,20625.751851,410.42768,8099.0,5798310.0,12139401338.36,668293.0,16334.0,0.34093,0.1792293,0.03853,0.15979,0.95649
manipur,2025,2,8101,2025-Q2,8600635,14869751104.22,719620,21382.0,1728.913168,2971.2904,33.65541,11.95163,20663.33774,402.23716,8100.0,7775142.0,14315138066.17,694042.0,18944.0,0.10617,0.0387431,0.03685,0.1287,0.6325
manipur,2025,3,8102,2025-Q3,9804471,16224673451.81,749966,25620.0,1654.823952,3416.15487,29.27268,13.07322,21633.878672,382.68817,8101.0,8600635.0,14869751104.22,719620.0,21382.0,0.13997,0.0911194,0.04217,0.1982,0.68866
manipur,2025,4,8103,2025-Q4,9815029,16462749477.21,783532,29734.0,1677.300136,3794.86734,26.35138,12.52665,21010.947195,330.09447,8102.0,9804471.0,16224673451.81,749966.0,25620.0,0.00108,0.0146737,0.04476,0.16058,0.69274
manipur,2026,1,8104,2026-Q1,10234367,17003536000.67,814173,32712.0,1661.415503,4017.81931,24.88912,12.57026,20884.426284,312.86277,8103.0,9815029.0,16462749477.21,783532.0,29734.0,0.04272,0.0328491,0.03911,0.10015,0.31629
manipur,2026,2,8105,2026-Q2,10459691,16979159239.83,854036,34456.0,1623.294535,4034.49035,24.78628,12.24737,19881.081406,303.56661,8104.0,10234367.0,17003536000.67,814173.0,32712.0,0.02202,-0.0014336,0.04896,0.05331,0.21615
meghalaya,2018,1,8072,2018-Q1,57738,76092836.2,22306,,1317.898718,,,2.58845,3411.316964,,,,,,,,,,,
meghalaya,2018,2,8073,2018-Q2,79675,131316474.46,31651,,1648.151546,,,2.5173,4148.888644,,8072.0,57738.0,76092836.2,22306.0,,0.37994,0.7257403,0.41895,,
meghalaya,2018,3,8074,2018-Q3,123884,233167830.81,42882,,1882.14645,,,2.88895,5437.42901,,8073.0,79675.0,131316474.46,31651.0,,0.55487,0.7756175,0.35484,,
meghalaya,2018,4,8075,2018-Q4,182356,368078549.99,56903,3.0,2018.461416,5.27213,18967.66667,3.20468,6468.526264,60785.33333,8074.0,123884.0,233167830.81,42882.0,,0.47199,0.5785992,0.32697,,
meghalaya,2019,1,8076,2019-Q1,233798,446378841.01,69850,28.0,1909.250041,40.0859,2494.64286,3.34714,6390.534589,8349.92857,8075.0,182356.0,368078549.99,56903.0,3.0,0.2821,0.2127271,0.22753,8.33333,3.04929
meghalaya,2019,2,8077,2019-Q2,280284,589604772.23,83645,90.0,2103.59768,107.59759,929.38889,3.35088,7048.894402,3114.26667,8076.0,233798.0,446378841.01,69850.0,28.0,0.19883,0.3208618,0.19749,2.21429,2.51784
meghalaya,2019,3,8078,2019-Q3,326183,724948653.24,98774,145.0,2222.521263,146.79977,681.2,3.30232,7339.468415,2249.53793,8077.0,280284.0,589604772.23,83645.0,90.0,0.16376,0.2295502,0.18087,0.61111,1.63297
meghalaya,2019,4,8079,2019-Q4,373215,841717696.74,112925,199.0,2255.315828,176.22316,567.46231,3.30498,7453.776371,1875.45226,8078.0,326183.0,724948653.24,98774.0,145.0,0.14419,0.1610722,0.14327,0.37241,1.04663
meghalaya,2020,1,8080,2020-Q1,440231,985286898.59,129019,251.0,2238.113396,194.54499,514.01992,3.41214,7636.758141,1753.90837,8079.0,373215.0,841717696.74,112925.0,199.0,0.17956,0.1705669,0.14252,0.26131,0.88295
meghalaya,2020,2,8081,2020-Q2,628610,1103805615.64,152632,295.0,1755.946637,193.27533,517.39661,4.11847,7231.809946,2130.88136,8080.0,440231.0,985286898.59,129019.0,251.0,0.42791,0.1202885,0.18302,0.1753,1.24276
meghalaya,2020,3,8082,2020-Q3,692059,1513957555.37,176427,308.0,2187.613419,174.57645,572.81494,3.92264,8581.212373,2246.94481,8081.0,628610.0,1103805615.64,152632.0,295.0,0.10094,0.3715799,0.1559,0.04407,1.12169
meghalaya,2020,4,8083,2020-Q4,836361,2026601308.78,197575,383.0,2423.117899,193.85044,515.86162,4.23313,10257.377243,2183.71018,8082.0,692059.0,1513957555.37,176427.0,308.0,0.20851,0.3386117,0.11987,0.24351,1.24096
meghalaya,2021,1,8084,2021-Q1,895045,2367708528.68,213559,720.0,2645.351383,337.14337,296.60972,4.19109,11086.905861,1243.11806,8083.0,836361.0,2026601308.78,197575.0,383.0,0.07017,0.1683149,0.0809,0.8799,1.03313
meghalaya,2021,2,8085,2021-Q2,1126432,2534515849.85,230094,1115.0,2250.038928,484.58456,206.36233,4.89553,11015.132293,1010.25291,8084.0,895045.0,2367708528.68,213559.0,720.0,0.25852,0.070451,0.07743,0.54861,0.79194
meghalaya,2021,3,8086,2021-Q3,1354216,3204114778.5,247942,1444.0,2366.029332,582.39427,171.70499,5.46183,12922.839932,937.82271,8085.0,1126432.0,2534515849.85,230094.0,1115.0,0.20222,0.264192,0.07757,0.29507,0.95679
meghalaya,2021,4,8087,2021-Q4,1558644,3952050835.09,267949,2117.0,2535.569915,790.07572,126.57015,5.81694,14749.265103,736.2513,8086.0,1354216.0,3204114778.5,247942.0,1444.0,0.15096,0.2334299,0.08069,0.46607,0.8636
meghalaya,2022,1,8088,2022-Q1,2011337,5366114455.58,287587,3093.0,2667.934044,1075.50063,92.97995,6.99384,18659.099527,650.28678,8087.0,1558644.0,3952050835.09,267949.0,2117.0,0.29044,0.357805,0.07329,0.46103,1.24719
meghalaya,2022,2,8089,2022-Q2,2495929,6101621809.72,307758,3790.0,2444.629559,1231.48708,81.20264,8.11004,19826.038022,658.55646,8088.0,2011337.0,5366114455.58,287587.0,3093.0,0.24093,0.1370652,0.07014,0.22535,1.21578
meghalaya,2022,3,8090,2022-Q3,3224648,7207201086.19,330639,4307.0,2235.034982,1302.62915,76.76782,9.75278,21797.794834,748.69933,8089.0,2495929.0,6101621809.72,307758.0,3790.0,0.29196,0.1811943,0.07435,0.13641,1.38119
meghalaya,2022,4,8091,2022-Q4,3625736,8280326984.29,352648,5034.0,2283.764451,1427.48576,70.05324,10.28146,23480.430867,720.2495,8090.0,3224648.0,7207201086.19,330639.0,4307.0,0.12438,0.1488963,0.06657,0.16879,1.32621
meghalaya,2023,1,8092,2023-Q1,4171750,9672439462.99,373661,6230.0,2318.556832,1667.28666,59.97769,11.16453,25885.600753,669.62279,8091.0,3625736.0,8280326984.29,352648.0,5034.0,0.15059,0.1681229,0.05959,0.23758,1.07412
meghalaya,2023,2,8093,2023-Q2,5103808,10680548971.43,394558,6637.0,2092.662767,1682.13545,59.44824,12.93551,27069.655086,768.99322,8092.0,4171750.0,9672439462.99,373661.0,6230.0,0.22342,0.1042249,0.05593,0.06533,1.04485
meghalaya,2023,3,8094,2023-Q3,5927576,11034725792.03,419409,7310.0,1861.591617,1742.92874,57.37469,14.13316,26310.178828,810.88591,8093.0,5103808.0,10680548971.43,394558.0,6637.0,0.1614,0.0331609,0.06298,0.1014,0.83821
meghalaya,2023,4,8095,2023-Q4,7120043,13509073095.12,450369,7883.0,1897.330268,1750.3425,57.13168,15.80935,29995.566069,903.21489,8094.0,5927576.0,11034725792.03,419409.0,7310.0,0.20117,0.2242328,0.07382,0.07839,0.96375
meghalaya,2024,1,8096,2024-Q1,8252199,14955862694.89,488538,8557.0,1812.348768,1751.55259,57.09221,16.89162,30613.509481,964.37992,8095.0,7120043.0,13509073095.12,450369.0,7883.0,0.15901,0.1070976,0.08475,0.0855,0.97811
meghalaya,2024,2,8097,2024-Q2,10990422,16079921304.58,536952,9226.0,1463.084976,1718.2169,58.19987,20.46816,29946.664329,1191.24453,8096.0,8252199.0,14955862694.89,488538.0,8557.0,0.33182,0.0751584,0.0991,0.07818,1.15338
meghalaya,2024,3,8098,2024-Q3,12096435,16187154478.95,582628,10529.0,1338.175626,1807.15654,55.33555,20.76185,27783.001296,1148.86836,8097.0,10990422.0,16079921304.58,536952.0,9226.0,0.10063,0.0066688,0.08507,0.14123,1.04071
meghalaya,2024,4,8099,2024-Q4,13993116,19537014744.84,611334,11765.0,1396.187579,1924.47991,51.96209,22.88948,31958.004536,1189.38513,8098.0,12096435.0,16187154478.95,582628.0,10529.0,0.1568,0.2069456,0.04927,0.11739,0.96531
meghalaya,2025,1,8100,2025-Q1,15566407,21882492467.99,640474,12654.0,1405.751017,1975.72423,50.61435,24.30451,34166.090221,1230.15703,8099.0,13993116.0,19537014744.84,611334.0,11765.0,0.11243,0.120053,0.04767,0.07556,0.88633
meghalaya,2025,2,8101,2025-Q2,17304246,21913728757.24,670920,13470.0,1266.378712,2007.69093,49.80846,25.79182,32662.208247,1284.65078,8100.0,15566407.0,21882492467.99,640474.0,12654.0,0.11164,0.0014275,0.04754,0.06449,0.57448
meghalaya,2025,3,8102,2025-Q3,19876141,25631760302.72,704327,14795.0,1289.574284,2100.5868,47.60575,28.22005,36391.846831,1343.43636,8101.0,17304246.0,21913728757.24,670920.0,13470.0,0.14863,0.1696668,0.04979,0.09837,0.64314
meghalaya,2025,4,8103,2025-Q4,19837650,25907174026.51,742750,16581.0,1305.95983,2232.37967,44.79525,26.70838,34880.072738,1196.40854,8102.0,19876141.0,25631760302.72,704327.0,14795.0,-0.00194,0.010745,0.05455,0.12072,0.41767
meghalaya,2026,1,8104,2026-Q1,19926435,23441855945.13,778471,17977.0,1176.419964,2309.27035,43.30372,25.59689,30112.690062,1108.44051,8103.0,19837650.0,25907174026.51,742750.0,16581.0,0.00448,-0.0951597,0.04809,0.08419,0.28009
meghalaya,2026,2,8105,2026-Q2,22400813,24333710508.63,821275,21772.0,1086.286936,2650.99997,37.72161,27.27565,29629.186945,1028.88173,8104.0,19926435.0,23441855945.13,778471.0,17977.0,0.12418,0.0380454,0.05498,0.2111,0.29453
mizoram,2018,1,8072,2018-Q1,22181,53160735.46,9312,,2396.678935,,,2.38198,5708.841866,,,,,,,,,,,
mizoram,2018,2,8073,2018-Q2,31560,94300176.91,12467,,2987.965048,,,2.53148,7563.983068,,8072.0,22181.0,53160735.46,9312.0,,0.42284,0.7738689,0.33881,,
mizoram,2018,3,8074,2018-Q3,45614,129714622.13,16728,,2843.745827,,,2.72681,7754.341352,,8073.0,31560.0,94300176.91,12467.0,,0.44531,0.3755501,0.34178,,
mizoram,2018,4,8075,2018-Q4,66234,213839671.52,22190,,3228.548352,,,2.98486,9636.758518,,8074.0,45614.0,129714622.13,16728.0,,0.45205,0.6485394,0.32652,,
mizoram,2019,1,8076,2019-Q1,85219,256961523.22,27134,8.0,3015.307892,29.48331,3391.75,3.14067,9470.093728,10652.375,8075.0,66234.0,213839671.52,22190.0,,0.28664,0.2016551,0.2228,,2.84198
mizoram,2019,2,8077,2019-Q2,100958,321899390.51,32162,21.0,3188.448568,65.29445,1531.52381,3.13905,10008.686976,4807.52381,8076.0,85219.0,256961523.22,27134.0,8.0,0.18469,0.2527144,0.1853,1.625,2.19892
mizoram,2019,3,8078,2019-Q3,114147,356730288.31,38565,48.0,3125.183214,124.46519,803.4375,2.95986,9250.104714,2378.0625,8077.0,100958.0,321899390.51,32162.0,21.0,0.13064,0.1082043,0.19909,1.28571,1.50246
mizoram,2019,4,8079,2019-Q4,144316,463491574.7,44755,63.0,3211.643717,140.76639,710.39683,3.22458,10356.196508,2290.73016,8078.0,114147.0,356730288.31,38565.0,48.0,0.2643,0.2992773,0.16051,0.3125,1.17888
mizoram,2020,1,8080,2020-Q1,179537,512023794.87,52556,82.0,2851.912391,156.02405,640.92683,3.41611,9742.44225,2189.47561,8079.0,144316.0,463491574.7,44755.0,63.0,0.24405,0.10471,0.1743,0.30159,1.10677
mizoram,2020,2,8081,2020-Q2,227158,577686076.91,62148,98.0,2543.102497,157.6881,634.16327,3.65511,9295.328521,2317.93878,8080.0,179537.0,512023794.87,52556.0,82.0,0.26524,0.1282407,0.18251,0.19512,1.25002
mizoram,2020,3,8082,2020-Q3,282613,817121389.32,75962,101.0,2891.308572,132.96122,752.09901,3.72045,10756.975716,2798.14851,8081.0,227158.0,577686076.91,62148.0,98.0,0.24413,0.4144731,0.22228,0.03061,1.47587
mizoram,2020,4,8083,2020-Q4,352855,1096221440.28,87194,116.0,3106.719305,133.03668,751.67241,4.04678,12572.211853,3041.85345,8082.0,282613.0,817121389.32,75962.0,101.0,0.24854,0.341565,0.14786,0.14851,1.44502
mizoram,2021,1,8084,2021-Q1,384386,1265644701.42,94488,126.0,3292.639954,133.35027,749.90476,4.06809,13394.766546,3050.68254,8083.0,352855.0,1096221440.28,87194.0,116.0,0.08936,0.154552,0.08365,0.08621,1.14098
mizoram,2021,2,8085,2021-Q2,469489,1293398978.72,101851,142.0,2754.90795,139.41935,717.26056,4.60957,12698.932546,3306.26056,8084.0,384386.0,1265644701.42,94488.0,126.0,0.2214,0.021929,0.07793,0.12698,1.06679
mizoram,2021,3,8086,2021-Q3,555934,1666750165.86,109595,176.0,2998.107987,160.59127,622.69886,5.07262,15208.268314,3158.71591,8085.0,469489.0,1293398978.72,101851.0,142.0,0.18413,0.2886589,0.07603,0.23944,0.96712
mizoram,2021,4,8087,2021-Q4,565002,1762778939.62,116803,211.0,3119.951681,180.64605,553.56872,4.83722,15091.897808,2677.7346,8086.0,555934.0,1666750165.86,109595.0,176.0,0.01631,0.0576144,0.06577,0.19886,0.60123
mizoram,2022,1,8088,2022-Q1,676714,2163424217.02,123574,253.0,3196.955016,204.73562,488.43478,5.47618,17507.114903,2674.75889,8087.0,565002.0,1762778939.62,116803.0,211.0,0.19772,0.2272805,0.05797,0.19905,0.76051
mizoram,2022,2,8089,2022-Q2,735958,2227243030.25,130454,289.0,3026.318119,221.53403,451.39792,5.64151,17073.014474,2546.56747,8088.0,676714.0,2163424217.02,123574.0,253.0,0.08755,0.029499,0.05568,0.14229,0.56757
mizoram,2022,3,8090,2022-Q3,872923,2421358158.9,138370,349.0,2773.850797,252.2223,396.47564,6.30861,17499.155589,2501.21203,8089.0,735958.0,2227243030.25,130454.0,289.0,0.1861,0.0871549,0.06068,0.20761,0.57019
mizoram,2022,4,8091,2022-Q4,1018730,2778304892.25,146161,988.0,2727.223987,675.96691,147.93623,6.96992,19008.524109,1031.10324,8090.0,872923.0,2421358158.9,138370.0,349.0,0.16703,0.1474159,0.05631,1.83095,0.80306
mizoram,2023,1,8092,2023-Q1,1116672,3027223072.0,153259,1784.0,2710.933087,1164.04257,85.90751,7.28618,19752.334754,625.93722,8091.0,1018730.0,2778304892.25,146161.0,988.0,0.09614,0.0895935,0.04856,0.80567,0.65014
mizoram,2023,2,8093,2023-Q2,1286147,3263852337.2,160684,2544.0,2537.697742,1583.23168,63.16195,8.0042,20312.242272,505.56093,8092.0,1116672.0,3027223072.0,153259.0,1784.0,0.15177,0.0781671,0.04845,0.42601,0.74758
mizoram,2023,3,8094,2023-Q3,1371224,3167055400.84,169046,3510.0,2309.655753,2076.35791,48.16125,8.11154,18734.873353,390.66211,8093.0,1286147.0,3263852337.2,160684.0,2544.0,0.06615,-0.0296573,0.05204,0.37972,0.57084
mizoram,2023,4,8095,2023-Q4,1576249,3621619372.13,179480,4699.0,2297.618823,2618.11901,38.19536,8.78231,20178.400781,335.4435,8094.0,1371224.0,3167055400.84,169046.0,3510.0,0.14952,0.1435289,0.06172,0.33875,0.54727
mizoram,2024,1,8096,2024-Q1,1688924,3701436431.55,194379,6017.0,2191.59443,3095.499,32.30497,8.68882,19042.367908,280.69204,8095.0,1576249.0,3621619372.13,179480.0,4699.0,0.07148,0.0220391,0.08301,0.28049,0.51246
mizoram,2024,2,8097,2024-Q2,2072275,3870351855.01,213479,7999.0,1867.682549,3746.97277,26.68821,9.70716,18129.895001,259.06676,8096.0,1688924.0,3701436431.55,194379.0,6017.0,0.22698,0.0456351,0.09826,0.3294,0.61123
mizoram,2024,3,8098,2024-Q3,2395117,3942297215.93,246580,11489.0,1645.972709,4659.33977,21.46227,9.71335,15987.903382,208.47045,8097.0,2072275.0,3870351855.01,213479.0,7999.0,0.15579,0.0185888,0.15506,0.4363,0.7467
mizoram,2024,4,8099,2024-Q4,2686856,4470132241.85,258269,13962.0,1663.70369,5405.99143,18.49799,10.40332,17308.047973,192.44062,8098.0,2395117.0,3942297215.93,246580.0,11489.0,0.12181,0.1338902,0.0474,0.21525,0.70459
mizoram,2025,1,8100,2025-Q1,3214911,4988579857.5,270295,16138.0,1551.700765,5970.5137,16.74898,11.89408,18456.056744,199.21372,8099.0,2686856.0,4470132241.85,258269.0,13962.0,0.19653,0.1159804,0.04656,0.15585,0.90353
mizoram,2025,2,8101,2025-Q2,3398805,4779116210.28,282032,17514.0,1406.116623,6209.93362,16.10323,12.05113,16945.297733,194.06218,8100.0,3214911.0,4988579857.5,270295.0,16138.0,0.0572,-0.0419886,0.04342,0.08526,0.64013
mizoram,2025,3,8102,2025-Q3,3951837,5101955955.17,295734,19563.0,1291.034007,6615.06624,15.11701,13.36281,17251.84103,202.00567,8101.0,3398805.0,4779116210.28,282032.0,17514.0,0.16271,0.0675522,0.04858,0.11699,0.64996
mizoram,2025,4,8103,2025-Q4,4103095,5608639114.97,312483,21331.0,1366.928895,6826.29135,14.64924,13.13062,17948.621573,192.35362,8102.0,3951837.0,5101955955.17,295734.0,19563.0,0.03828,0.0993116,0.05664,0.09037,0.5271
mizoram,2026,1,8104,2026-Q1,4151140,5847542175.1,327659,22918.0,1408.65935,6994.46681,14.29702,12.66909,17846.426239,181.13012,8103.0,4103095.0,5608639114.97,312483.0,21331.0,0.01171,0.0425955,0.04857,0.0744,0.29121
mizoram,2026,2,8105,2026-Q2,4630626,6078019513.26,349070,24387.0,1312.569729,6986.27782,14.31377,13.26561,17412.036306,189.88092,8104.0,4151140.0,5847542175.1,327659.0,22918.0,0.11551,0.0394144,0.06535,0.0641,0.36243
nagaland,2018,1,8072,2018-Q1,52459,93045812.19,16047,,1773.686349,,,3.26908,5798.330666,,,,,,,,,,,
nagaland,2018,2,8073,2018-Q2,82859,188284254.36,23866,,2272.345241,,,3.47184,7889.22544,,8072.0,52459.0,93045812.19,16047.0,,0.5795,1.0235651,0.48726,,
nagaland,2018,3,8074,2018-Q3,117956,289452939.44,33223,1.0,2453.906028,3.00996,33223.0,3.55043,8712.426314,117956.0,8073.0,82859.0,188284254.36,23866.0,,0.42357,0.5373189,0.39206,,
nagaland,2018,4,8075,2018-Q4,173326,459578755.86,44601,15.0,2651.528079,33.63153,2973.4,3.88615,10304.225373,11555.06667,8074.0,117956.0,289452939.44,33223.0,1.0,0.46941,0.5877495,0.34247,14.0,
nagaland,2019,1,8076,2019-Q1,214053,552573719.19,55915,32.0,2581.480844,57.22972,1747.34375,3.82819,9882.387896,6689.15625,8075.0,173326.0,459578755.86,44601.0,15.0,0.23497,0.2023483,0.25367,1.13333,3.08039
nagaland,2019,2,8077,2019-Q2,269720,724857602.93,68483,75.0,2687.444768,109.51623,913.10667,3.9385,10584.489624,3596.26667,8076.0,214053.0,552573719.19,55915.0,32.0,0.26006,0.3117844,0.22477,1.34375,2.25517
nagaland,2019,3,8078,2019-Q3,318274,885863908.28,82418,151.0,2783.337339,183.21241,545.81457,3.8617,10748.427628,2107.77483,8077.0,269720.0,724857602.93,68483.0,75.0,0.18002,0.2221213,0.20348,1.01333,1.69824
nagaland,2019,4,8079,2019-Q4,387002,1129891007.14,95667,201.0,2919.599917,210.1038,475.95522,4.0453,11810.66624,1925.38308,8078.0,318274.0,885863908.28,82418.0,151.0,0.21594,0.2754679,0.16075,0.33113,1.2328
nagaland,2020,1,8080,2020-Q1,457785,1216640719.37,110228,237.0,2657.66838,215.00889,465.09705,4.15307,11037.492464,1931.58228,8079.0,387002.0,1129891007.14,95667.0,201.0,0.1829,0.0767771,0.15221,0.1791,1.13865
nagaland,2020,2,8081,2020-Q2,613591,1494171970.23,132841,283.0,2435.126933,213.03664,469.40283,4.61899,11247.822361,2168.16608,8080.0,457785.0,1216640719.37,110228.0,237.0,0.34035,0.2281127,0.20515,0.19409,1.27492
nagaland,2020,3,8082,2020-Q3,767214,2071980086.11,175583,304.0,2700.654688,173.13749,577.57566,4.36952,11800.573439,2523.73026,8081.0,613591.0,1494171970.23,132841.0,283.0,0.25037,0.3867079,0.32175,0.0742,1.41055
nagaland,2020,4,8083,2020-Q4,851689,2766834171.79,194444,348.0,3248.643779,178.97184,558.74713,4.38012,14229.465408,2447.38218,8082.0,767214.0,2071980086.11,175583.0,304.0,0.11011,0.3353575,0.10742,0.14474,1.20074
nagaland,2021,1,8084,2021-Q1,877753,2906783684.01,208308,390.0,3311.619196,187.22277,534.12308,4.21373,13954.258521,2250.64872,8083.0,851689.0,2766834171.79,194444.0,348.0,0.0306,0.0505811,0.0713,0.12069,0.91739
nagaland,2021,2,8085,2021-Q2,1107351,3195473116.11,222211,434.0,2885.691272,195.30986,512.00691,4.98333,14380.35523,2551.5,8084.0,877753.0,2906783684.01,208308.0,390.0,0.26157,0.0993158,0.06674,0.11282,0.80471
nagaland,2021,3,8086,2021-Q3,1316726,4091491954.33,236840,553.0,3107.322218,233.49096,428.2821,5.55956,17275.34181,2381.05967,8085.0,1107351.0,3195473116.11,222211.0,434.0,0.18908,0.2804026,0.06583,0.27419,0.71624
nagaland,2021,4,8087,2021-Q4,1369793,4397011067.66,251384,924.0,3209.982142,367.56516,272.06061,5.44901,17491.212916,1482.45996,8086.0,1316726.0,4091491954.33,236840.0,553.0,0.0403,0.0746718,0.06141,0.67089,0.60833
nagaland,2022,1,8088,2022-Q1,1709875,5276073879.48,266042,1826.0,3085.64888,686.35779,145.6966,6.42709,19831.732882,936.40471,8087.0,1369793.0,4397011067.66,251384.0,924.0,0.24827,0.1999228,0.05831,0.97619,0.94801
nagaland,2022,2,8089,2022-Q2,1974012,5909718802.43,281398,3123.0,2993.760323,1109.81599,90.10503,7.01502,21001.282178,632.08838,8088.0,1709875.0,5276073879.48,266042.0,1826.0,0.15448,0.1200978,0.05772,0.7103,0.78264
nagaland,2022,3,8090,2022-Q3,2397145,6778968160.65,297083,3410.0,2827.93413,1147.82737,87.12111,8.06894,22818.431754,702.97507,8089.0,1974012.0,5909718802.43,281398.0,3123.0,0.21435,0.1470881,0.05574,0.0919,0.82053
nagaland,2022,4,8091,2022-Q4,2580507,7441611698.79,311555,4561.0,2883.778924,1463.94698,68.30848,8.28267,23885.386846,565.77658,8090.0,2397145.0,6778968160.65,297083.0,3410.0,0.07649,0.0977499,0.04871,0.33754,0.88387
nagaland,2023,1,8092,2023-Q1,2834148,8050868360.06,325241,4886.0,2840.666176,1502.27062,66.5659,8.71399,24753.546939,580.05485,8091.0,2580507.0,7441611698.79,311555.0,4561.0,0.09829,0.0818716,0.04393,0.07126,0.65752
nagaland,2023,2,8093,2023-Q2,3091461,8263465628.27,339039,4988.0,2672.996887,1471.21718,67.97093,9.1183,24373.200807,619.77967,8092.0,2834148.0,8050868360.06,325241.0,4886.0,0.09079,0.0264068,0.04242,0.02088,0.56608
nagaland,2023,3,8094,2023-Q3,3581630,8858677977.63,353878,5053.0,2473.364914,1427.89323,70.03325,10.12109,25033.141302,708.81259,8093.0,3091461.0,8263465628.27,339039.0,4988.0,0.15856,0.0720294,0.04377,0.01303,0.49412
nagaland,2023,4,8095,2023-Q4,3953388,9905355331.48,370492,5764.0,2505.535842,1555.76909,64.27689,10.67064,26735.679398,685.87578,8094.0,3581630.0,8858677977.63,353878.0,5053.0,0.1038,0.1181528,0.04695,0.14071,0.53202
nagaland,2024,1,8096,2024-Q1,4412466,10241734675.1,391270,7149.0,2321.090899,1827.12705,54.73073,11.27729,26175.619585,617.21444,8095.0,3953388.0,9905355331.48,370492.0,5764.0,0.11612,0.0339593,0.05608,0.24028,0.55689
nagaland,2024,2,8097,2024-Q2,5897170,11252050159.14,423165,8484.0,1908.042359,2004.89171,49.87801,13.93586,26590.219321,695.09312,8096.0,4412466.0,10241734675.1,391270.0,7149.0,0.33648,0.0986469,0.08152,0.18674,0.90757
nagaland,2024,3,8098,2024-Q3,7127882,12302746336.82,456203,9915.0,1726.003087,2173.37457,46.0114,15.62436,26967.701521,718.89884,8097.0,5897170.0,11252050159.14,423165.0,8484.0,0.2087,0.0933782,0.07807,0.16867,0.99012
nagaland,2024,4,8099,2024-Q4,7952281,13952768833.68,475258,11424.0,1754.561846,2403.74702,41.60172,16.73256,29358.303982,696.10303,8098.0,7127882.0,12302746336.82,456203.0,9915.0,0.11566,0.1341182,0.04177,0.15219,1.01151
nagaland,2025,1,8100,2025-Q1,8417655,13854930060.29,493342,12681.0,1645.937029,2570.42782,38.90403,17.06251,28083.824325,663.80057,8099.0,7952281.0,13952768833.68,475258.0,11424.0,0.05852,-0.0070121,0.03805,0.11003,0.9077
nagaland,2025,2,8101,2025-Q2,9457413,14024796338.65,512198,13867.0,1482.942147,2707.35145,36.93647,18.46437,27381.591374,682.00858,8100.0,8417655.0,13854930060.29,493342.0,12681.0,0.12352,0.0122603,0.03822,0.09353,0.60372
nagaland,2025,3,8102,2025-Q3,11180872,15195878604.31,533473,15356.0,1359.096017,2878.49619,34.74036,20.95865,28484.812923,728.11097,8101.0,9457413.0,14024796338.65,512198.0,13867.0,0.18223,0.0835008,0.04154,0.10738,0.56861
nagaland,2025,4,8103,2025-Q4,11172635,16432361934.49,555336,16637.0,1470.768707,2995.84396,33.37958,20.11869,29589.945429,671.55347,8102.0,11180872.0,15195878604.31,533473.0,15356.0,-0.00074,0.0813697,0.04098,0.08342,0.40496
nagaland,2026,1,8104,2026-Q1,11029965,16014395834.15,575983,17757.0,1451.899062,3082.90349,32.43695,19.14981,27803.591137,621.16151,8103.0,11172635.0,16432361934.49,555336.0,16637.0,-0.01277,-0.0254355,0.03718,0.06732,0.31034
nagaland,2026,2,8105,2026-Q2,12358326,16371304304.89,602471,19236.0,1324.718599,3192.85078,31.31997,20.51273,27173.597244,642.4582,8104.0,11029965.0,16014395834.15,575983.0,17757.0,0.12043,0.0222867,0.04599,0.08329,0.30673
odisha,2018,1,8072,2018-Q1,7048986,5532172856.32,1573698,12.0,784.81825,0.76254,131141.5,4.47925,3515.396764,587415.5,,,,,,,,,,
odisha,2018,2,8073,2018-Q2,9547287,9915788853.37,2160851,7.0,1038.597546,0.32395,308693.0,4.4183,4588.835072,1363898.14286,8072.0,7048986.0,5532172856.32,1573698.0,12.0,0.35442,0.7923859,0.3731,-0.41667,
odisha,2018,3,8074,2018-Q3,33773146,26439174825.05,2740899,41.0,782.846076,1.49586,66851.19512,12.32192,9646.168949,823735.26829,8073.0,9547287.0,9915788853.37,2160851.0,7.0,2.53746,1.6663713,0.26843,4.85714,
odisha,2018,4,8075,2018-Q4,23730246,26644806732.25,3565892,448.0,1122.820502,12.56348,7959.58036,6.65479,7472.129479,52969.29911,8074.0,33773146.0,26439174825.05,2740899.0,41.0,-0.29736,0.0077775,0.30099,9.92683,
odisha,2019,1,8076,2019-Q1,37193760,38343233060.51,4265066,56750.0,1030.904998,1330.5773,75.15535,8.72056,8990.067929,655.39665,8075.0,23730246.0,26644806732.25,3565892.0,448.0,0.56736,0.4390509,0.19607,125.67411,4.27647
odisha,2019,2,8077,2019-Q2,30088286,44732976144.56,4786497,149542.0,1486.723974,3124.24723,32.00771,6.28608,9345.660541,201.20291,8076.0,37193760.0,38343233060.51,4265066.0,56750.0,-0.19104,0.1666459,0.12226,1.6351,2.1515
odisha,2019,3,8078,2019-Q3,40800846,56988076003.73,5361369,205674.0,1396.737607,3836.22168,26.06732,7.61015,10629.388875,198.37629,8077.0,30088286.0,44732976144.56,4786497.0,149542.0,0.35604,0.2739612,0.1201,0.37536,0.20809
odisha,2019,4,8079,2019-Q4,65679564,80400377264.46,6075390,251989.0,1224.130801,4147.70081,24.10974,10.81076,13233.780426,260.64457,8078.0,40800846.0,56988076003.73,5361369.0,205674.0,0.60976,0.4108281,0.13318,0.22519,1.76776
odisha,2020,1,8080,2020-Q1,54421577,92843181623.99,6631513,289381.0,1705.999472,4363.72514,22.9162,8.20651,14000.301534,188.06203,8079.0,65679564.0,80400377264.46,6075390.0,251989.0,-0.17141,0.1547605,0.09154,0.14839,0.46319
odisha,2020,2,8081,2020-Q2,50392152,90886955389.32,7239140,304562.0,1803.593452,4207.1572,23.76902,6.96107,12554.938209,165.45778,8080.0,54421577.0,92843181623.99,6631513.0,289381.0,-0.07404,-0.0210702,0.09163,0.05246,0.67481
odisha,2020,3,8082,2020-Q3,69038595,127503888471.3,7888711,355640.0,1846.84941,4508.21433,22.18173,8.75157,16162.829196,194.12494,8081.0,50392152.0,90886955389.32,7239140.0,304562.0,0.37003,0.4028844,0.08973,0.16771,0.69209
odisha,2020,4,8083,2020-Q4,94873191,182755800341.01,8592754,464756.0,1926.316575,5408.69668,18.48874,11.04107,21268.594486,204.13548,8082.0,69038595.0,127503888471.3,7888711.0,355640.0,0.37421,0.4333351,0.08925,0.30682,0.44449
odisha,2021,1,8084,2021-Q1,115094652,220742131430.68,9201367,548595.0,1917.918232,5962.10324,16.7726,12.50843,23990.145315,209.79894,8083.0,94873191.0,182755800341.01,8592754.0,464756.0,0.21314,0.2078529,0.07083,0.18039,1.11487
odisha,2021,2,8085,2021-Q2,138225698,259055016593.6,9843480,597443.0,1874.145114,6069.4287,16.47602,14.04236,26317.421948,231.36215,8084.0,115094652.0,220742131430.68,9201367.0,548595.0,0.20097,0.173564,0.06978,0.08904,1.743
odisha,2021,3,8086,2021-Q3,183365656,315250260342.66,10591026,672683.0,1719.243763,6351.44319,15.74445,17.3133,29765.790429,272.58851,8085.0,138225698.0,259055016593.6,9843480.0,597443.0,0.32657,0.216924,0.07594,0.12594,1.65599
odisha,2021,4,8087,2021-Q4,212268637,349960811331.7,11358268,756259.0,1648.669423,6658.22465,15.01902,18.68847,30811.107057,280.68246,8086.0,183365656.0,315250260342.66,10591026.0,672683.0,0.15762,0.1101047,0.07244,0.12424,1.23739
odisha,2022,1,8088,2022-Q1,268911728,461602495894.72,12011836,839004.0,1716.557695,6984.81065,14.31678,22.38723,38428.970883,320.51305,8087.0,212268637.0,349960811331.7,11358268.0,756259.0,0.26685,0.319012,0.05754,0.10941,1.33644
odisha,2022,2,8089,2022-Q2,322378227,525877207233.3,12652044,897828.0,1631.242941,7096.30792,14.09183,25.48033,41564.604678,359.06457,8088.0,268911728.0,461602495894.72,12011836.0,839004.0,0.19883,0.1392426,0.0533,0.07011,1.33226
odisha,2022,3,8090,2022-Q3,380594298,559830322281.82,13324247,959371.0,1470.93723,7200.18925,13.88852,28.56404,42015.906961,396.71232,8089.0,322378227.0,525877207233.3,12652044.0,897828.0,0.18058,0.0645647,0.05313,0.06855,1.0756
odisha,2022,4,8091,2022-Q4,425780932,632323496876.24,13990026,1013277.0,1485.091157,7242.85287,13.80671,30.43461,45198.164526,420.20191,8090.0,380594298.0,559830322281.82,13324247.0,959371.0,0.11873,0.1294913,0.04997,0.05619,1.00586
odisha,2023,1,8092,2023-Q1,480048713,753356890534.17,14605734,1002402.0,1569.334257,6863.07172,14.57074,32.86714,51579.529693,478.8984,8091.0,425780932.0,632323496876.24,13990026.0,1013277.0,0.12745,0.1914106,0.04401,-0.01073,0.78515
odisha,2023,2,8093,2023-Q2,540567279,798613320310.55,15180768,1021368.0,1477.361563,6728.03906,14.86317,35.60869,52606.911608,529.25809,8092.0,480048713.0,753356890534.17,14605734.0,1002402.0,0.12607,0.060073,0.03937,0.01892,0.67681
odisha,2023,3,8094,2023-Q3,620854881,840399944380.95,15773057,1051651.0,1353.617359,6667.38857,14.99838,39.36173,53280.727026,590.36209,8093.0,540567279.0,798613320310.55,15180768.0,1021368.0,0.14852,0.052324,0.03902,0.02965,0.63128
odisha,2023,4,8095,2023-Q4,730012056,981621827380.33,16349232,1079039.0,1344.665228,6599.93693,15.15166,44.65115,60040.852523,676.53908,8094.0,620854881.0,840399944380.95,15773057.0,1051651.0,0.17582,0.1680413,0.03653,0.02604,0.71453
odisha,2024,1,8096,2024-Q1,862406808,1157247753533.87,17002272,1106573.0,1341.881514,6508.38311,15.3648,50.72303,68064.300673,779.34922,8095.0,730012056.0,981621827380.33,16349232.0,1079039.0,0.18136,0.178914,0.03994,0.02552,0.7965
odisha,2024,2,8097,2024-Q2,941735991,1163541947521.44,17662149,1142368.0,1235.528809,6467.88791,15.461,53.31945,65877.711003,824.37182,8096.0,862406808.0,1157247753533.87,17002272.0,1106573.0,0.09199,0.0054389,0.03881,0.03235,0.74213
odisha,2024,3,8098,2024-Q3,1022988856,1175753144610.86,18360257,1175562.0,1149.331332,6402.75351,15.61828,55.71757,64037.945907,870.21259,8097.0,941735991.0,1163541947521.44,17662149.0,1142368.0,0.08628,0.0104948,0.03953,0.02906,0.64771
odisha,2024,4,8099,2024-Q4,1141695660,1304112411134.08,19085969,1212893.0,1142.259235,6354.89348,15.7359,59.81859,68328.331202,941.29957,8098.0,1022988856.0,1175753144610.86,18360257.0,1175562.0,0.11604,0.109172,0.03953,0.03176,0.56394
odisha,2025,1,8100,2025-Q1,1174428178,1414655279863.24,19731478,1247790.0,1204.548142,6323.85471,15.81314,59.52054,71695.352972,941.2066,8099.0,1141695660.0,1304112411134.08,19085969.0,1212893.0,0.02867,0.0847648,0.03382,0.02877,0.3618
odisha,2025,2,8101,2025-Q2,1253470101,1383287521722.95,20349791,1280523.0,1103.566428,6292.56094,15.89178,61.59621,67975.514919,978.87355,8100.0,1174428178.0,1414655279863.24,19731478.0,1247790.0,0.0673,-0.0221734,0.03134,0.02623,0.33102
odisha,2025,3,8102,2025-Q3,1314272318,1387578878544.61,20979927,1316523.0,1055.777299,6275.15529,15.93586,62.64428,66138.403558,998.29043,8101.0,1253470101.0,1383287521722.95,20349791.0,1280523.0,0.04851,0.0031023,0.03097,0.02811,0.28474
odisha,2025,4,8103,2025-Q4,1405458809,1488758944141.99,21533027,1362649.0,1059.268998,6328.18136,15.80233,65.26991,69138.39583,1031.41661,8102.0,1314272318.0,1387578878544.61,20979927.0,1316523.0,0.06938,0.0729184,0.02636,0.03504,0.23103
odisha,2026,1,8104,2026-Q1,1487851895,1697499511605.23,22049893,1397254.0,1140.90624,6336.78358,15.78088,67.4766,76984.47841,1064.83996,8103.0,1405458809.0,1488758944141.99,21533027.0,1362649.0,0.05862,0.1402111,0.024,0.0254,0.26687
odisha,2026,2,8105,2026-Q2,1523130010,1666312139398.43,22586814,1434708.0,1094.005192,6351.97155,15.74314,67.43448,73773.668982,1061.63067,8104.0,1487851895.0,1697499511605.23,22049893.0,1397254.0,0.02371,-0.0183725,0.02435,0.02681,0.21513
puducherry,2018,1,8072,2018-Q1,106212,167573456.07,47701,,1577.726209,,,2.22662,3512.99671,,,,,,,,,,,
puducherry,2018,2,8073,2018-Q2,128321,287317471.58,63878,,2239.052623,,,2.00884,4497.909634,,8072.0,106212.0,167573456.07,47701.0,,0.20816,0.7145763,0.33913,,
puducherry,2018,3,8074,2018-Q3,186869,415949662.45,79099,2.0,2225.889058,2.52848,39549.5,2.36247,5258.595715,93434.5,8073.0,128321.0,287317471.58,63878.0,,0.45626,0.4477006,0.23828,,
puducherry,2018,4,8075,2018-Q4,317336,629583184.67,106491,193.0,1983.963952,181.23597,551.76684,2.97993,5912.078811,1644.22798,8074.0,186869.0,415949662.45,79099.0,2.0,0.69817,0.5136043,0.3463,95.5,
puducherry,2019,1,8076,2019-Q1,497729,890540067.51,129946,4824.0,1789.206712,3712.31127,26.9374,3.83028,6853.154907,103.17765,8075.0,317336.0,629583184.67,106491.0,193.0,0.56846,0.4144915,0.22025,23.99482,3.68618
puducherry,2019,2,8077,2019-Q2,579081,1156468427.4,152917,9678.0,1997.075413,6328.92353,15.80048,3.7869,7562.719824,59.83478,8076.0,497729.0,890540067.51,129946.0,4824.0,0.16345,0.2986147,0.17677,1.00622,3.51275
puducherry,2019,3,8078,2019-Q3,765031,1462124362.84,173965,11936.0,1911.19623,6861.15023,14.57482,4.39761,8404.704181,64.09442,8077.0,579081.0,1156468427.4,152917.0,9678.0,0.32111,0.2643012,0.13764,0.23331,3.09394
puducherry,2019,4,8079,2019-Q4,1092326,1963177051.39,199364,13809.0,1797.244643,6926.52635,14.43725,5.47905,9847.199351,79.10247,8078.0,765031.0,1462124362.84,173965.0,11936.0,0.42782,0.3426881,0.146,0.15692,2.44217
puducherry,2020,1,8080,2020-Q1,1319437,2300219163.04,225275,15161.0,1743.333833,6729.99667,14.85885,5.85701,10210.716516,87.02836,8079.0,1092326.0,1963177051.39,199364.0,13809.0,0.20792,0.171682,0.12997,0.09791,1.65091
puducherry,2020,2,8081,2020-Q2,1040762,1827425177.49,249567,15759.0,1755.853094,6314.53678,15.83647,4.17027,7322.383077,66.04239,8080.0,1319437.0,2300219163.04,225275.0,15161.0,-0.21121,-0.205543,0.10783,0.03944,0.79726
puducherry,2020,3,8082,2020-Q3,1545591,2884349251.87,278348,17736.0,1866.178861,6371.87981,15.69396,5.55273,10362.385402,87.14428,8081.0,1040762.0,1827425177.49,249567.0,15759.0,0.48506,0.5783679,0.11532,0.12545,1.0203
puducherry,2020,4,8083,2020-Q4,2534435,4357050361.95,312159,21019.0,1719.140701,6733.42752,14.85128,8.11905,13957.791901,120.57829,8082.0,1545591.0,2884349251.87,278348.0,17736.0,0.63978,0.5105835,0.12147,0.1851,1.32022
puducherry,2021,1,8084,2021-Q1,3128221,5316493350.24,338921,24614.0,1699.526136,7262.45939,13.76944,9.22994,15686.526802,127.09113,8083.0,2534435.0,4357050361.95,312159.0,21019.0,0.23429,0.2202047,0.08573,0.17104,1.37088
puducherry,2021,2,8085,2021-Q2,3236303,5392106422.86,362487,25656.0,1666.131516,7077.77106,14.12874,8.92805,14875.309798,126.14215,8084.0,3128221.0,5316493350.24,338921.0,24614.0,0.03455,0.0142224,0.06953,0.04233,2.10955
puducherry,2021,3,8086,2021-Q3,4590304,7468860247.68,386770,28079.0,1627.094904,7259.87021,13.77435,11.8683,19310.857222,163.47819,8085.0,3236303.0,5392106422.86,362487.0,25656.0,0.41838,0.385147,0.06699,0.09444,1.96993
puducherry,2021,4,8087,2021-Q4,4932923,7719396424.9,411329,30615.0,1564.872678,7442.94713,13.43554,11.99265,18766.963732,161.12765,8086.0,4590304.0,7468860247.68,386770.0,28079.0,0.07464,0.0335441,0.0635,0.09032,0.94636
puducherry,2022,1,8088,2022-Q1,6354587,9877119182.39,433835,33226.0,1554.329051,7658.67208,13.05709,14.64747,22766.994785,191.25345,8087.0,4932923.0,7719396424.9,411329.0,30615.0,0.2882,0.2795196,0.05472,0.08528,1.03137
puducherry,2022,2,8089,2022-Q2,7489973,11295663383.73,453527,35254.0,1508.104687,7773.29685,12.86455,16.51494,24906.26442,212.45739,8088.0,6354587.0,9877119182.39,433835.0,33226.0,0.17867,0.1436192,0.04539,0.06104,1.31436
puducherry,2022,3,8090,2022-Q3,8848397,12834141844.97,473286,36822.0,1450.448239,7780.07378,12.85335,18.69567,27117.095889,240.30191,8089.0,7489973.0,11295663383.73,453527.0,35254.0,0.18137,0.1362008,0.04357,0.04448,0.92763
puducherry,2022,4,8091,2022-Q4,9748055,13613642032.37,493378,38131.0,1396.549571,7728.55701,12.93903,19.75778,27592.722076,255.64646,8090.0,8848397.0,12834141844.97,473286.0,36822.0,0.10167,0.0607364,0.04245,0.03555,0.97612
puducherry,2023,1,8092,2023-Q1,10217489,14216402974.75,511080,38372.0,1391.379328,7508.02223,13.31909,19.99196,27816.394644,266.2746,8091.0,9748055.0,13613642032.37,493378.0,38131.0,0.04816,0.0442762,0.03588,0.00632,0.60789
puducherry,2023,2,8093,2023-Q2,11193638,15361823627.27,527197,38895.0,1372.370951,7377.69752,13.55436,21.23236,29138.678003,287.79118,8092.0,10217489.0,14216402974.75,511080.0,38372.0,0.09554,0.0805704,0.03154,0.01363,0.49448
puducherry,2023,3,8094,2023-Q3,12464709,16421645570.86,544090,39645.0,1317.451179,7286.47834,13.72405,22.90928,30181.855154,314.4081,8093.0,11193638.0,15361823627.27,527197.0,38895.0,0.11355,0.0689906,0.03204,0.01928,0.4087
puducherry,2023,4,8095,2023-Q4,13074652,17039512522.58,561059,40430.0,1303.247882,7206.01577,13.87729,23.30352,30370.268586,323.38986,8094.0,12464709.0,16421645570.86,544090.0,39645.0,0.04893,0.0376252,0.03119,0.0198,0.34126
puducherry,2024,1,8096,2024-Q1,13519970,17400403122.86,578039,41484.0,1287.014921,7176.67839,13.93402,23.38937,30102.472537,325.90806,8095.0,13074652.0,17039512522.58,561059.0,40430.0,0.03406,0.0211796,0.03026,0.02607,0.32322
puducherry,2024,2,8097,2024-Q2,14610867,18221014500.62,594818,42724.0,1247.086467,7182.70126,13.92234,24.56359,30632.923853,341.98266,8096.0,13519970.0,17400403122.86,578039.0,41484.0,0.08069,0.0471605,0.02903,0.02989,0.30528
puducherry,2024,3,8098,2024-Q3,15821171,19306627903.41,612094,44051.0,1220.303346,7196.77043,13.89512,25.84762,31541.932944,359.15577,8097.0,14610867.0,18221014500.62,594818.0,42724.0,0.08284,0.0595803,0.02904,0.03106,0.26928
puducherry,2024,4,8099,2024-Q4,16376815,19752651111.94,629389,45073.0,1206.135083,7161.38986,13.96377,26.02018,31383.851818,363.3398,8098.0,15821171.0,19306627903.41,612094.0,44051.0,0.03512,0.0231021,0.02826,0.0232,0.25256
puducherry,2025,1,8100,2025-Q1,17612711,21168624734.75,645855,46196.0,1201.894742,7152.68907,13.98076,27.27038,32776.12581,381.26052,8099.0,16376815.0,19752651111.94,629389.0,45073.0,0.07547,0.0716852,0.02616,0.02492,0.30272
puducherry,2025,2,8101,2025-Q2,17496015,20741481980.75,661400,47524.0,1185.497496,7185.36438,13.91718,26.453,31359.966708,368.15114,8100.0,17612711.0,21168624734.75,645855.0,46196.0,-0.00663,-0.0201781,0.02407,0.02875,0.19747
puducherry,2025,3,8102,2025-Q3,18401595,21280880580.34,677573,48779.0,1156.469348,7199.0767,13.89067,27.1581,31407.509715,377.2442,8101.0,17496015.0,20741481980.75,661400.0,47524.0,0.05176,0.0260058,0.02445,0.02641,0.1631
puducherry,2025,4,8103,2025-Q4,18857093,21817658916.47,693418,49890.0,1157.000123,7194.79448,13.89894,27.19441,31463.935053,377.9734,8102.0,18401595.0,21280880580.34,677573.0,48779.0,0.02475,0.0252235,0.02338,0.02278,0.15145
puducherry,2026,1,8104,2026-Q1,19790951,23200917884.88,707787,50591.0,1172.299294,7147.77186,13.99037,27.96173,32779.519665,391.19509,8103.0,18857093.0,21817658916.47,693418.0,49890.0,0.04952,0.0634009,0.02072,0.01405,0.12367
puducherry,2026,2,8105,2026-Q2,20671909,23907680131.68,723563,51299.0,1156.529865,7089.77656,14.10482,28.5696,33041.601259,402.96904,8104.0,19790951.0,23200917884.88,707787.0,50591.0,0.04451,0.0304627,0.02229,0.01399,0.18152
punjab,2018,1,8072,2018-Q1,2152570,3144283659.55,902434,12.0,1460.711456,1.32974,75202.83333,2.38529,3484.225616,179380.83333,,,,,,,,,,
punjab,2018,2,8073,2018-Q2,2932771,5247370432.12,1225027,12.0,1789.219285,0.97957,102085.58333,2.39405,4283.473288,244397.58333,8072.0,2152570.0,3144283659.55,902434.0,12.0,0.36245,0.6688604,0.35747,0.0,
punjab,2018,3,8074,2018-Q3,3874407,7787076149.22,1542608,17.0,2009.875614,1.10203,90741.64706,2.5116,5047.994143,227906.29412,8073.0,2932771.0,5247370432.12,1225027.0,12.0,0.32107,0.4839959,0.25924,0.41667,
punjab,2018,4,8075,2018-Q4,5490558,11861935853.58,1950642,113.0,2160.424469,5.79296,17262.31858,2.81474,6081.041961,48589.00885,8074.0,3874407.0,7787076149.22,1542608.0,17.0,0.41714,0.5232849,0.26451,5.64706,
punjab,2019,1,8076,2019-Q1,7829874,14541052478.29,2322582,19290.0,1857.12471,830.54118,120.40342,3.37119,6260.727276,405.90327,8075.0,5490558.0,11861935853.58,1950642.0,113.0,0.42606,0.2258583,0.19068,169.70796,2.63745
punjab,2019,2,8077,2019-Q2,8907341,18919188553.26,2699641,62954.0,2123.999581,2331.93969,42.88276,3.29945,7008.038681,141.48968,8076.0,7829874.0,14541052478.29,2322582.0,19290.0,0.13761,0.301088,0.16234,2.26356,2.03718
punjab,2019,3,8078,2019-Q3,11034661,23019351919.05,3084133,91197.0,2086.095071,2956.97365,33.81836,3.57788,7463.800011,120.99807,8077.0,8907341.0,18919188553.26,2699641.0,62954.0,0.23883,0.2167198,0.14242,0.44863,1.84809
punjab,2019,4,8079,2019-Q4,13980727,29882043953.98,3442072,116388.0,2137.374112,3381.33543,29.57411,4.06172,8681.411648,120.12172,8078.0,11034661.0,23019351919.05,3084133.0,91197.0,0.26698,0.2981271,0.11606,0.27623,1.54632
punjab,2020,1,8080,2020-Q1,15697948,31954421122.47,3875890,140707.0,2035.579499,3630.31459,27.54582,4.05015,8244.408671,111.5648,8079.0,13980727.0,29882043953.98,3442072.0,116388.0,0.12283,0.0693519,0.12603,0.20895,1.00488
punjab,2020,2,8081,2020-Q2,14203459,29836650185.54,4373346,149795.0,2100.660845,3425.18063,29.19554,3.24773,6822.385008,94.81931,8080.0,15697948.0,31954421122.47,3875890.0,140707.0,-0.0952,-0.0662747,0.12835,0.06459,0.59458
punjab,2020,3,8082,2020-Q3,17887958,41042955723.14,4858229,181331.0,2294.446114,3732.45065,26.79205,3.68199,8448.131145,98.6481,8081.0,14203459.0,29836650185.54,4373346.0,149795.0,0.25941,0.3755886,0.11087,0.21053,0.62107
punjab,2020,4,8083,2020-Q4,23593701,54527944550.72,5310103,228303.0,2311.122979,4299.40813,23.25902,4.44317,10268.716925,103.34381,8082.0,17887958.0,41042955723.14,4858229.0,181331.0,0.31897,0.3285579,0.09301,0.25904,0.68759
punjab,2021,1,8084,2021-Q1,27470162,59753193346.68,5679863,284376.0,2175.20353,5006.74048,19.97307,4.83641,10520.18215,96.59803,8083.0,23593701.0,54527944550.72,5310103.0,228303.0,0.1643,0.095827,0.06963,0.24561,0.74992
punjab,2021,2,8085,2021-Q2,32681997,70282984186.28,6043827,338480.0,2150.510698,5600.42503,17.85579,5.4075,11628.887489,96.55518,8084.0,27470162.0,59753193346.68,5679863.0,284376.0,0.18973,0.1762214,0.06408,0.19026,1.30099
punjab,2021,3,8086,2021-Q3,41656204,84329568328.41,6430939,402314.0,2024.417979,6255.91379,15.98487,6.47747,13113.103441,103.54152,8085.0,32681997.0,70282984186.28,6043827.0,338480.0,0.27459,0.1998575,0.06405,0.18859,1.32873
punjab,2021,4,8087,2021-Q4,44390425,94107319933.46,6814717,466703.0,2119.991416,6848.45754,14.60183,6.51391,13809.424505,95.11493,8086.0,41656204.0,84329568328.41,6430939.0,402314.0,0.06564,0.1159469,0.05968,0.16005,0.88145
punjab,2022,1,8088,2022-Q1,55588571,113838148481.78,7199914,542139.0,2047.869669,7529.79827,13.28057,7.72073,15811.04281,102.53564,8087.0,44390425.0,94107319933.46,6814717.0,466703.0,0.25226,0.2096631,0.05652,0.16164,1.0236
punjab,2022,2,8089,2022-Q2,69470142,131238733411.73,7570961,604578.0,1889.138695,7985.48559,12.52272,9.17587,17334.488107,114.90683,8088.0,55588571.0,113838148481.78,7199914.0,542139.0,0.24972,0.1528537,0.05153,0.11517,1.12564
punjab,2022,3,8090,2022-Q3,85348374,152008684618.78,7964871,654993.0,1781.037851,8223.52302,12.16024,10.7156,19084.889714,130.30425,8089.0,69470142.0,131238733411.73,7570961.0,604578.0,0.22856,0.1582608,0.05203,0.08339,1.04888
punjab,2022,4,8091,2022-Q4,94706019,172026389446.47,8329482,703167.0,1816.425094,8441.90551,11.84567,11.36998,20652.711591,134.68496,8090.0,85348374.0,152008684618.78,7964871.0,654993.0,0.10964,0.1316879,0.04578,0.07355,1.13348
punjab,2023,1,8092,2023-Q1,98153837,175864657816.95,8680448,681611.0,1791.724737,7852.25601,12.73519,11.30746,20259.859608,144.00272,8091.0,94706019.0,172026389446.47,8329482.0,703167.0,0.03641,0.0223121,0.04214,-0.03066,0.76572
punjab,2023,2,8093,2023-Q2,119012408,194504179995.89,9022142,700473.0,1634.318499,7763.93233,12.88007,13.19115,21558.536764,169.90292,8092.0,98153837.0,175864657816.95,8680448.0,681611.0,0.21251,0.1059879,0.03936,0.02767,0.71314
punjab,2023,3,8094,2023-Q3,132850814,205330761365.5,9396198,723574.0,1545.57398,7700.71044,12.98581,14.13878,21852.536671,183.60363,8093.0,119012408.0,194504179995.89,9022142.0,700473.0,0.11628,0.0556625,0.04146,0.03298,0.55657
punjab,2023,4,8095,2023-Q4,143440826,231847076209.31,9790268,746968.0,1616.32558,7629.69921,13.10668,14.65137,23681.381982,192.03075,8094.0,132850814.0,205330761365.5,9396198.0,723574.0,0.07971,0.1291395,0.04194,0.03233,0.51459
punjab,2024,1,8096,2024-Q1,143173269,224139049661.7,10263130,770732.0,1565.509059,7509.71682,13.31608,13.95025,21839.248812,185.76272,8095.0,143440826.0,231847076209.31,9790268.0,746968.0,-0.00187,-0.0332462,0.0483,0.03181,0.45866
punjab,2024,2,8097,2024-Q2,172858419,244763570598.06,10766796,798969.0,1415.977145,7420.67557,13.47586,16.05477,22733.18549,216.35185,8096.0,143173269.0,224139049661.7,10263130.0,770732.0,0.20734,0.0920166,0.04908,0.03664,0.45244
punjab,2024,3,8098,2024-Q3,188314209,257089702260.87,11264065,827225.0,1365.216696,7343.92957,13.61669,16.71814,22823.883053,227.64569,8097.0,172858419.0,244763570598.06,10766796.0,798969.0,0.08941,0.0503593,0.04619,0.03537,0.41749
punjab,2024,4,8099,2024-Q4,200012060,289869668332.56,11622811,854323.0,1449.260951,7350.39914,13.6047,17.20858,24939.721409,234.11761,8098.0,188314209.0,257089702260.87,11264065.0,827225.0,0.06212,0.127504,0.03185,0.03276,0.39439
punjab,2025,1,8100,2025-Q1,214700898,303581644145.83,11997032,877203.0,1413.974729,7311.83346,13.67646,17.89617,25304.729048,244.75623,8099.0,200012060.0,289869668332.56,11622811.0,854323.0,0.07344,0.0473039,0.0322,0.02678,0.49959
punjab,2025,2,8101,2025-Q2,219581044,296629559177.73,12360971,895586.0,1350.888737,7245.27224,13.8021,17.76406,23997.270051,245.18142,8100.0,214700898.0,303581644145.83,11997032.0,877203.0,0.02273,-0.0229002,0.03034,0.02096,0.27029
punjab,2025,3,8102,2025-Q3,238293965,304307748393.4,12758339,912817.0,1277.026669,7154.66959,13.97689,18.67751,23851.674453,261.05338,8101.0,219581044.0,296629559177.73,12360971.0,895586.0,0.08522,0.0258848,0.03215,0.01924,0.26541
punjab,2025,4,8103,2025-Q4,250577223,346479689165.02,13172691,931000.0,1382.726191,7067.65231,14.14897,19.02248,26302.878369,269.14847,8102.0,238293965.0,304307748393.4,12758339.0,912817.0,0.05155,0.1385832,0.03248,0.01992,0.25281
punjab,2026,1,8104,2026-Q1,256961583,349778644051.6,13581016,943590.0,1361.209874,6947.86016,14.39292,18.92065,25754.968851,272.32334,8103.0,250577223.0,346479689165.02,13172691.0,931000.0,0.02548,0.0095214,0.031,0.01352,0.19684
punjab,2026,2,8105,2026-Q2,282364073,369629734686.84,14095349,958812.0,1309.053701,6802.32891,14.70085,20.03243,26223.524844,294.49368,8104.0,256961583.0,349778644051.6,13581016.0,943590.0,0.09886,0.0567533,0.03787,0.01613,0.28592
rajasthan,2018,1,8072,2018-Q1,9272437,10593171156.52,3184469,33.0,1142.436574,1.03628,96499.06061,2.91177,3326.511,280982.93939,,,,,,,,,,
rajasthan,2018,2,8073,2018-Q2,11883013,18090200568.26,4262966,139.0,1522.358056,3.26064,30668.82014,2.7875,4243.571393,85489.30216,8072.0,9272437.0,10593171156.52,3184469.0,33.0,0.28154,0.7077229,0.33867,3.21212,
rajasthan,2018,3,8074,2018-Q3,16464948,27314548840.2,5199376,8587.0,1658.951419,165.15443,605.49389,3.16672,5253.428265,1917.42727,8073.0,11883013.0,18090200568.26,4262966.0,139.0,0.38559,0.5099086,0.21966,60.77698,
rajasthan,2018,4,8075,2018-Q4,24362909,42987736624.7,6407477,45801.0,1764.474703,714.80553,139.89819,3.80226,6708.995854,531.92963,8074.0,16464948.0,27314548840.2,5199376.0,8587.0,0.47968,0.5738036,0.23235,4.33376,
rajasthan,2019,1,8076,2019-Q1,48143566,65499410518.33,7779148,198786.0,1360.501848,2555.36982,39.13328,6.1888,8419.869441,242.18791,8075.0,24362909.0,42987736624.7,6407477.0,45801.0,0.9761,0.5236766,0.21407,3.34021,4.19212
rajasthan,2019,2,8077,2019-Q2,50086588,86638751323.83,8846756,329767.0,1729.779464,3727.54714,26.82729,5.66158,9793.279178,151.88478,8076.0,48143566.0,65499410518.33,7779148.0,198786.0,0.04036,0.3227409,0.13724,0.6589,3.21497
rajasthan,2019,3,8078,2019-Q3,65929301,108541401685.52,9930100,452793.0,1646.330236,4559.80302,21.93077,6.63934,10930.544676,145.60583,8077.0,50086588.0,86638751323.83,8846756.0,329767.0,0.31631,0.2528043,0.12246,0.37307,3.00422
rajasthan,2019,4,8079,2019-Q4,83291120,153381418752.17,11033683,542233.0,1841.50986,4914.34274,20.3486,7.5488,13901.198607,153.60762,8078.0,65929301.0,108541401685.52,9930100.0,452793.0,0.26334,0.4131144,0.11114,0.19753,2.41877
rajasthan,2020,1,8080,2020-Q1,99812994,183459625889.91,12268753,628462.0,1838.033492,5122.46029,19.52187,8.13555,14953.404465,158.82105,8079.0,83291120.0,153381418752.17,11033683.0,542233.0,0.19836,0.1961007,0.11194,0.15903,1.07324
rajasthan,2020,2,8081,2020-Q2,98305260,184398456319.78,13697342,671680.0,1875.774056,4903.72512,20.39266,7.17696,13462.35323,146.35728,8080.0,99812994.0,183459625889.91,12268753.0,628462.0,-0.01511,0.0051174,0.11644,0.06877,0.96271
rajasthan,2020,3,8082,2020-Q3,143008603,280234259657.32,15099115,808116.0,1959.562249,5352.07527,18.68434,9.47132,18559.64801,176.96544,8081.0,98305260.0,184398456319.78,13697342.0,671680.0,0.45474,0.5197213,0.10234,0.20313,1.16912
rajasthan,2020,4,8083,2020-Q4,184672061,370817106324.82,16423105,981664.0,2007.976216,5977.33498,16.72986,11.24465,22578.98895,188.12146,8082.0,143008603.0,280234259657.32,15099115.0,808116.0,0.29134,0.3232397,0.08769,0.21476,1.21719
rajasthan,2021,1,8084,2021-Q1,240954777,468471366342.28,17806048,1160473.0,1944.22942,6517.29682,15.34378,13.53219,26309.676709,207.63497,8083.0,184672061.0,370817106324.82,16423105.0,981664.0,0.30477,0.2633489,0.08421,0.18215,1.41406
rajasthan,2021,2,8085,2021-Q2,274437184,536307861093.09,19130821,1273446.0,1954.209897,6656.51516,15.02288,14.34529,28033.708595,215.50752,8084.0,240954777.0,468471366342.28,17806048.0,1160473.0,0.13896,0.1448039,0.0744,0.09735,1.79168
rajasthan,2021,3,8086,2021-Q3,384071639,686772090114.51,20647987,1461773.0,1788.13539,7079.494,14.1253,18.60092,33260.970675,262.74369,8085.0,274437184.0,536307861093.09,19130821.0,1273446.0,0.39949,0.2805557,0.0793,0.14789,1.68565
rajasthan,2021,4,8087,2021-Q4,410190115,765489774059.78,22032956,1643349.0,1866.18289,7458.59521,13.40735,18.61712,34742.944799,249.60621,8086.0,384071639.0,686772090114.51,20647987.0,1461773.0,0.068,0.1146198,0.06708,0.12422,1.22118
rajasthan,2022,1,8088,2022-Q1,535528877,971889889959.47,23412998,1863349.0,1814.822565,7958.60915,12.56501,22.87314,41510.69803,287.40127,8087.0,410190115.0,765489774059.78,22032956.0,1643349.0,0.30556,0.2696314,0.06264,0.13387,1.22253
rajasthan,2022,2,8089,2022-Q2,620679225,1085864980526.71,24647652,2003276.0,1749.478534,8127.65451,12.30367,25.18208,44055.514113,309.83211,8088.0,535528877.0,971889889959.47,23412998.0,1863349.0,0.159,0.1172716,0.05273,0.07509,1.26164
rajasthan,2022,3,8090,2022-Q3,737030782,1197697051891.49,25962683,2112900.0,1625.029892,8138.219,12.2877,28.38808,46131.482324,348.82426,8089.0,620679225.0,1085864980526.71,24647652.0,2003276.0,0.18746,0.1029889,0.05335,0.05472,0.91899
rajasthan,2022,4,8091,2022-Q4,820996227,1381577028127.76,27182742,2221707.0,1682.805575,8173.22623,12.23507,30.20285,50825.521139,369.53398,8090.0,737030782.0,1197697051891.49,25962683.0,2112900.0,0.11392,0.153528,0.04699,0.0515,1.0015
rajasthan,2023,1,8092,2023-Q1,919098766,1551787489613.53,28357153,2212283.0,1688.379472,7801.49897,12.81805,32.41153,54722.964947,415.45262,8091.0,820996227.0,1381577028127.76,27182742.0,2221707.0,0.11949,0.1232001,0.0432,-0.00424,0.71625
rajasthan,2023,2,8093,2023-Q2,1073092744,1694556785190.16,29493668,2257614.0,1579.133579,7654.57182,13.06409,36.38383,57454.935249,475.32162,8092.0,919098766.0,1551787489613.53,28357153.0,2212283.0,0.16755,0.0920031,0.04008,0.02049,0.7289
rajasthan,2023,3,8094,2023-Q3,1237044429,1798770149235.03,30792255,2324919.0,1454.086941,7550.33693,13.24444,40.17388,58416.31765,532.08066,8093.0,1073092744.0,1694556785190.16,29493668.0,2257614.0,0.15278,0.0614989,0.04403,0.02981,0.67842
rajasthan,2023,4,8095,2023-Q4,1350966019,2070058351728.42,32021284,2406772.0,1532.280104,7516.16331,13.30466,42.18963,64646.325604,561.31865,8094.0,1237044429.0,1798770149235.03,30792255.0,2324919.0,0.09209,0.1508187,0.03991,0.03521,0.64552
rajasthan,2024,1,8096,2024-Q1,1600558212,2352706512651.68,33414280,2513905.0,1469.928738,7523.44507,13.29178,47.90042,70410.211223,636.68206,8095.0,1350966019.0,2070058351728.42,32021284.0,2406772.0,0.18475,0.1365412,0.0435,0.04451,0.74144
rajasthan,2024,2,8097,2024-Q2,1818703650,2493535347251.07,34754315,2630384.0,1371.050939,7568.51056,13.21264,52.3303,71747.503792,691.42135,8096.0,1600558212.0,2352706512651.68,33414280.0,2513905.0,0.13629,0.0598582,0.0401,0.04633,0.69482
rajasthan,2024,3,8098,2024-Q3,1932844563,2470834793957.13,35974844,2738128.0,1278.341177,7611.22967,13.13848,53.72767,68682.293493,705.9,8097.0,1818703650.0,2493535347251.07,34754315.0,2630384.0,0.06276,-0.0091038,0.03512,0.04096,0.56247
rajasthan,2024,4,8099,2024-Q4,2040641000,2791321648381.93,37075516,2840940.0,1367.865121,7662.5771,13.05044,55.04012,75287.465949,718.29782,8098.0,1932844563.0,2470834793957.13,35974844.0,2738128.0,0.05577,0.1297079,0.0306,0.03755,0.51051
rajasthan,2025,1,8100,2025-Q1,2035097242,2747039392692.47,38208545,2927213.0,1349.832006,7661.14753,13.05287,53.26288,71895.943504,695.23374,8099.0,2040641000.0,2791321648381.93,37075516.0,2840940.0,-0.00272,-0.0158643,0.03056,0.03037,0.27149
rajasthan,2025,2,8101,2025-Q2,2180404184,2831640614175.03,39315591,3005610.0,1298.676931,7644.82976,13.08074,55.45902,72023.351097,725.44481,8100.0,2035097242.0,2747039392692.47,38208545.0,2927213.0,0.0714,0.0307972,0.02897,0.02678,0.19888
rajasthan,2025,3,8102,2025-Q3,2323608156,2778203819923.99,40494453,3082538.0,1195.642136,7612.24753,13.13672,57.3809,68607.021804,753.79708,8101.0,2180404184.0,2831640614175.03,39315591.0,3005610.0,0.06568,-0.0188713,0.02998,0.02559,0.20217
rajasthan,2025,4,8103,2025-Q4,2359791146,3062398766099.9,41560104,3178588.0,1297.741443,7648.17143,13.07502,56.7802,73686.022684,742.40233,8102.0,2323608156.0,2778203819923.99,40494453.0,3082538.0,0.01557,0.1022945,0.02632,0.03116,0.1564
rajasthan,2026,1,8104,2026-Q1,2435127309,3091642766729.34,42603158,3240632.0,1269.602109,7606.55349,13.14656,57.15838,72568.394266,751.43593,8103.0,2359791146.0,3062398766099.9,41560104.0,3178588.0,0.03192,0.0095494,0.0251,0.01952,0.19657
rajasthan,2026,2,8105,2026-Q2,2553428529,3189512812270.48,43692290,3314270.0,1249.109883,7585.48018,13.18308,58.44117,72999.442517,770.43467,8104.0,2435127309.0,3091642766729.34,42603158.0,3240632.0,0.04858,0.0316563,0.02556,0.02272,0.17108
sikkim,2018,1,8072,2018-Q1,52422,76553394.47,23332,,1460.329527,,,2.24679,3281.047251,,,,,,,,,,,
sikkim,2018,2,8073,2018-Q2,87348,165371421.67,32306,,1893.247947,,,2.70377,5118.907375,,8072.0,52422.0,76553394.47,23332.0,,0.66625,1.1602102,0.38462,,
sikkim,2018,3,8074,2018-Q3,124034,264307338.56,41742,,2130.926509,,,2.97144,6331.928,,8073.0,87348.0,165371421.67,32306.0,,0.42,0.5982649,0.29208,,
sikkim,2018,4,8075,2018-Q4,181845,431701308.03,53799,1.0,2374.007028,1.85877,53799.0,3.38008,8024.337033,181845.0,8074.0,124034.0,264307338.56,41742.0,,0.46609,0.6333308,0.28885,,
sikkim,2019,1,8076,2019-Q1,233031,479741568.5,64728,15.0,2058.702784,23.1739,4315.2,3.60016,7411.654439,15535.4,8075.0,181845.0,431701308.03,53799.0,1.0,0.28148,0.1112812,0.20315,14.0,3.44529
sikkim,2019,2,8077,2019-Q2,298432,708397197.3,76521,57.0,2373.73069,74.48936,1342.47368,3.9,9257.552793,5235.64912,8076.0,233031.0,479741568.5,64728.0,15.0,0.28065,0.4766225,0.18219,2.8,2.41659
sikkim,2019,3,8078,2019-Q3,333701,791314969.27,88720,111.0,2371.329332,125.11271,799.27928,3.76128,8919.23996,3006.31532,8077.0,298432.0,708397197.3,76521.0,57.0,0.11818,0.1170498,0.15942,0.94737,1.6904
sikkim,2019,4,8079,2019-Q4,409087,1004355162.76,100028,153.0,2455.113858,152.95717,653.77778,4.08972,10040.74022,2673.77124,8078.0,333701.0,791314969.27,88720.0,111.0,0.22591,0.269223,0.12746,0.37838,1.24965
sikkim,2020,1,8080,2020-Q1,459577,1060247749.22,112394,197.0,2307.007856,175.27626,570.52792,4.08898,9433.312714,2332.87817,8079.0,409087.0,1004355162.76,100028.0,153.0,0.12342,0.0556502,0.12363,0.28758,0.97217
sikkim,2020,2,8081,2020-Q2,547369,1206404024.71,127647,221.0,2204.005022,173.13372,577.58824,4.28815,9451.095793,2476.78281,8080.0,459577.0,1060247749.22,112394.0,197.0,0.19103,0.1378511,0.13571,0.12183,0.83415
sikkim,2020,3,8082,2020-Q3,639577,1543361489.52,143462,242.0,2413.097234,168.68578,592.81818,4.45816,10757.981135,2642.88017,8081.0,547369.0,1206404024.71,127647.0,221.0,0.16846,0.2793073,0.1239,0.09502,0.91662
sikkim,2020,4,8083,2020-Q4,778335,2085958059.26,157981,291.0,2680.026029,184.19937,542.89003,4.92676,13203.854003,2674.69072,8082.0,639577.0,1543361489.52,143462.0,242.0,0.21695,0.351568,0.1012,0.20248,0.90261
sikkim,2021,1,8084,2021-Q1,879693,2440814120.19,169708,399.0,2774.620373,235.10972,425.33333,5.18357,14382.434064,2204.74436,8083.0,778335.0,2085958059.26,157981.0,291.0,0.13022,0.1701166,0.07423,0.37113,0.91414
sikkim,2021,2,8085,2021-Q2,1064819,2607900949.03,181725,455.0,2449.149526,250.37832,399.3956,5.85951,14350.81001,2340.26154,8084.0,879693.0,2440814120.19,169708.0,399.0,0.21044,0.0684554,0.07081,0.14035,0.94534
sikkim,2021,3,8086,2021-Q3,1295143,3285177951.99,193942,792.0,2536.536855,408.36951,244.87626,6.67799,16938.971198,1635.28157,8085.0,1064819.0,2607900949.03,181725.0,455.0,0.2163,0.259702,0.06723,0.74066,1.025
sikkim,2021,4,8087,2021-Q4,1498091,3929709746.24,206238,952.0,2623.144887,461.60261,216.63655,7.26389,19054.246774,1573.625,8086.0,1295143.0,3285177951.99,193942.0,792.0,0.1567,0.1961939,0.0634,0.20202,0.92474
sikkim,2022,1,8088,2022-Q1,1834534,4527630666.27,217994,1219.0,2468.000411,559.1897,178.83019,8.41553,20769.519649,1504.94996,8087.0,1498091.0,3929709746.24,206238.0,952.0,0.22458,0.152154,0.057,0.28046,1.08543
sikkim,2022,2,8089,2022-Q2,2512240,5966964957.63,229640,1350.0,2375.157213,587.87668,170.1037,10.93991,25983.996506,1860.91852,8088.0,1834534.0,4527630666.27,217994.0,1219.0,0.36942,0.3179001,0.05342,0.10747,1.35931
sikkim,2022,3,8090,2022-Q3,2904465,6064289653.49,241620,1493.0,2087.919687,617.91242,161.83523,12.0208,25098.458958,1945.38848,8089.0,2512240.0,5966964957.63,229640.0,1350.0,0.15613,0.0163106,0.05217,0.10593,1.24258
sikkim,2022,4,8091,2022-Q4,3192928,6611574174.83,252358,1585.0,2070.693162,628.07599,159.2164,12.65237,26199.185977,2014.46562,8090.0,2904465.0,6064289653.49,241620.0,1493.0,0.09932,0.0902471,0.04444,0.06162,1.13133
sikkim,2023,1,8092,2023-Q1,3401499,6708361128.24,262655,1831.0,1972.177892,697.11218,143.44894,12.95044,25540.580336,1857.72747,8091.0,3192928.0,6611574174.83,252358.0,1585.0,0.06532,0.014639,0.0408,0.15521,0.85415
sikkim,2023,2,8093,2023-Q2,4437602,8547336154.63,272768,2524.0,1926.115987,925.32848,108.06973,16.26878,31335.553124,1758.16244,8092.0,3401499.0,6708361128.24,262655.0,1831.0,0.3046,0.2741318,0.0385,0.37848,0.76639
sikkim,2023,3,8094,2023-Q3,4740161,8003122189.83,282679,3235.0,1688.365055,1144.40761,87.38145,16.76871,28311.696977,1465.27388,8093.0,4437602.0,8547336154.63,272768.0,2524.0,0.06818,-0.0636706,0.03633,0.2817,0.63203
sikkim,2023,4,8095,2023-Q4,4842501,8557427285.09,292795,3496.0,1767.150339,1194.00946,83.75143,16.53888,29226.685173,1385.15475,8094.0,4740161.0,8003122189.83,282679.0,3235.0,0.02159,0.0692611,0.03579,0.08068,0.51663
sikkim,2024,1,8096,2024-Q1,5735877,9346992815.65,304915,4068.0,1629.566467,1334.1423,74.95452,18.8114,30654.421119,1409.99926,8095.0,4842501.0,8557427285.09,292795.0,3496.0,0.18449,0.0922667,0.04139,0.16362,0.68628
sikkim,2024,2,8097,2024-Q2,7126004,11164052278.03,319071,4805.0,1566.663768,1505.93442,66.40395,22.3336,34989.241511,1483.03933,8096.0,5735877.0,9346992815.65,304915.0,4068.0,0.24236,0.1944004,0.04643,0.18117,0.60582
sikkim,2024,3,8098,2024-Q3,7837835,10648114552.76,333732,6355.0,1358.553038,1904.22255,52.51487,23.48542,31906.183862,1233.3336,8097.0,7126004.0,11164052278.03,319071.0,4805.0,0.09989,-0.0462142,0.04595,0.32258,0.6535
sikkim,2024,4,8099,2024-Q4,9021976,12713819912.91,345323,7123.0,1409.20569,2062.70651,48.47999,26.12619,36817.182501,1266.59778,8098.0,7837835.0,10648114552.76,333732.0,6355.0,0.15108,0.1939973,0.03473,0.12085,0.86308
sikkim,2025,1,8100,2025-Q1,9852470,12680467274.81,357215,7607.0,1287.034345,2129.52983,46.95872,27.58134,35498.137746,1295.1847,8099.0,9021976.0,12713819912.91,345323.0,7123.0,0.09205,-0.0026233,0.03444,0.06795,0.71769
sikkim,2025,2,8101,2025-Q2,11156835,14199545657.21,368764,8059.0,1272.721669,2185.40855,45.75803,30.25468,38505.780546,1384.39447,8100.0,9852470.0,12680467274.81,357215.0,7607.0,0.13239,0.1197967,0.03233,0.05942,0.56565
sikkim,2025,3,8102,2025-Q3,11881826,13872661117.52,379914,8403.0,1167.55296,2211.81636,45.21171,31.27504,36515.266922,1413.9981,8101.0,11156835.0,14199545657.21,368764.0,8059.0,0.06498,-0.0230208,0.03024,0.04269,0.51596
sikkim,2025,4,8103,2025-Q4,12122190,14542438211.1,391051,8877.0,1199.65437,2270.03639,44.05216,30.999,37188.085981,1365.57283,8102.0,11881826.0,13872661117.52,379914.0,8403.0,0.02023,0.0482804,0.02931,0.05641,0.34363
sikkim,2026,1,8104,2026-Q1,13287804,15967341009.51,402651,9257.0,1201.653863,2299.01329,43.49692,33.0008,39655.535462,1435.43308,8103.0,12122190.0,14542438211.1,391051.0,8877.0,0.09616,0.0979824,0.02966,0.04281,0.34868
sikkim,2026,2,8105,2026-Q2,14956244,18254633450.46,407103,9576.0,1220.535948,2352.23027,42.51284,36.73823,44840.331441,1561.8467,8104.0,13287804.0,15967341009.51,402651.0,9257.0,0.12556,0.1432482,0.01106,0.03446,0.34055
tamil nadu,2018,1,8072,2018-Q1,4923891,8755842361.47,2155558,48.0,1778.236432,2.2268,44907.45833,2.28428,4061.984118,102581.0625,,,,,,,,,,
tamil nadu,2018,2,8073,2018-Q2,7129251,15152943528.93,3061794,58.0,2125.460799,1.89431,52789.55172,2.32846,4949.040833,122918.12069,8072.0,4923891.0,8755842361.47,2155558.0,48.0,0.44789,0.7306094,0.42042,0.20833,
tamil nadu,2018,3,8074,2018-Q3,10812101,22361948450.28,3937412,211.0,2068.233404,5.35885,18660.72038,2.74599,5679.351932,51242.18483,8073.0,7129251.0,15152943528.93,3061794.0,58.0,0.51658,0.4757495,0.28598,2.63793,
tamil nadu,2018,4,8075,2018-Q4,17123273,33652624050.34,5262463,12417.0,1965.314928,235.95415,423.81115,3.25385,6394.842881,1379.01852,8074.0,10812101.0,22361948450.28,3937412.0,211.0,0.58371,0.5049057,0.33653,57.84834,
tamil nadu,2019,1,8076,2019-Q1,25178515,46065559235.42,6377974,89054.0,1829.558226,1396.27411,71.61917,3.94773,7222.600662,282.73312,8075.0,17123273.0,33652624050.34,5262463.0,12417.0,0.47043,0.3688549,0.21198,6.17194,4.11354
tamil nadu,2019,2,8077,2019-Q2,30904172,60589725794.41,7498284,230529.0,1960.567842,3074.42343,32.52642,4.1215,8080.478919,134.05763,8076.0,25178515.0,46065559235.42,6377974.0,89054.0,0.2274,0.3152934,0.17565,1.58864,3.33484
tamil nadu,2019,3,8078,2019-Q3,40615165,75113047933.87,8534286,318903.0,1849.384286,3736.72736,26.76139,4.75906,8801.327719,127.35899,8077.0,30904172.0,60589725794.41,7498284.0,230529.0,0.31423,0.2396994,0.13817,0.38335,2.75645
tamil nadu,2019,4,8079,2019-Q4,54273375,95902389590.05,9717126,406910.0,1767.024615,4187.55504,23.88028,5.58533,9869.419167,133.37931,8078.0,40615165.0,75113047933.87,8534286.0,318903.0,0.33628,0.276774,0.1386,0.27597,2.16957
tamil nadu,2020,1,8080,2020-Q1,65118379,110698166875.73,10970688,484793.0,1699.952741,4418.98448,22.62963,5.93567,10090.357768,134.32203,8079.0,54273375.0,95902389590.05,9717126.0,406910.0,0.19982,0.1542795,0.12901,0.1914,1.58627
tamil nadu,2020,2,8081,2020-Q2,50385378,87932439310.77,12255108,516057.0,1745.197571,4210.95432,23.74759,4.11138,7175.166413,97.6353,8080.0,65118379.0,110698166875.73,10970688.0,484793.0,-0.22625,-0.2056559,0.11708,0.06449,0.63037
tamil nadu,2020,3,8082,2020-Q3,70529798,138538123385.73,13765652,620844.0,1964.249542,4510.09513,22.17248,5.12361,10064.043707,113.60309,8081.0,50385378.0,87932439310.77,12255108.0,516057.0,0.39981,0.5755064,0.12326,0.20305,0.73654
tamil nadu,2020,4,8083,2020-Q4,112119794,204191947116.83,15495864,769374.0,1821.194455,4965.02809,20.14087,7.23547,13177.190192,145.7286,8082.0,70529798.0,138538123385.73,13765652.0,620844.0,0.58968,0.4739044,0.12569,0.23924,1.06583
tamil nadu,2021,1,8084,2021-Q1,135702280,245293582891.25,16872782,912668.0,1807.586305,5409.11392,18.48732,8.04267,14537.826832,148.68745,8083.0,112119794.0,204191947116.83,15495864.0,769374.0,0.21033,0.2012892,0.08886,0.18625,1.08393
tamil nadu,2021,2,8085,2021-Q2,142941858,255693504471.96,18151670,975536.0,1788.793766,5374.35949,18.60687,7.87486,14086.500276,146.52648,8084.0,135702280.0,245293582891.25,16872782.0,912668.0,0.05335,0.0423979,0.0758,0.06888,1.83697
tamil nadu,2021,3,8086,2021-Q3,200552172,356208315248.42,19501393,1089153.0,1776.137908,5585.00103,17.9051,10.28399,18265.788257,184.1359,8085.0,142941858.0,255693504471.96,18151670.0,975536.0,0.40303,0.3931066,0.07436,0.11647,1.84351
tamil nadu,2021,4,8087,2021-Q4,218792102,374419414326.71,20870525,1209788.0,1711.30224,5796.63425,17.25139,10.48331,17940.105212,180.85161,8086.0,200552172.0,356208315248.42,19501393.0,1089153.0,0.09095,0.0511249,0.07021,0.11076,0.95141
tamil nadu,2022,1,8088,2022-Q1,278047655,483121547982.56,22131653,1356884.0,1737.549443,6130.96545,16.31064,12.56335,21829.438044,204.9163,8087.0,218792102.0,374419414326.71,20870525.0,1209788.0,0.27083,0.2903218,0.06043,0.12159,1.04895
tamil nadu,2022,2,8089,2022-Q2,338126426,560768519721.75,23307037,1467182.0,1658.458129,6295.01725,15.88558,14.50748,24060.051894,230.45977,8088.0,278047655.0,483121547982.56,22131653.0,1356884.0,0.21607,0.1607193,0.05311,0.08129,1.36548
tamil nadu,2022,3,8090,2022-Q3,403676932,647127117674.85,24513100,1553055.0,1603.081738,6335.61239,15.78379,16.4678,26399.236232,259.92443,8089.0,338126426.0,560768519721.75,23307037.0,1467182.0,0.19386,0.1540004,0.05175,0.05853,1.01283
tamil nadu,2022,4,8091,2022-Q4,435288054,674950927795.23,25708338,1632127.0,1550.584542,6348.62899,15.75143,16.93179,26254.164225,266.69987,8090.0,403676932.0,647127117674.85,24513100.0,1553055.0,0.07831,0.0429959,0.04876,0.05091,0.98951
tamil nadu,2023,1,8092,2023-Q1,468044832,720402614621.34,26767037,1653481.0,1539.174381,6177.30308,16.18829,17.48587,26913.797542,283.06635,8091.0,435288054.0,674950927795.23,25708338.0,1632127.0,0.07525,0.0673407,0.04118,0.01308,0.68333
tamil nadu,2023,2,8093,2023-Q2,504160429,781360465422.68,27769575,1683247.0,1549.825057,6061.47915,16.49762,18.15514,28137.285696,299.51661,8092.0,468044832.0,720402614621.34,26767037.0,1653481.0,0.07716,0.0846164,0.03745,0.018,0.49104
tamil nadu,2023,3,8094,2023-Q3,558715546,835710063992.0,28891897,1731234.0,1495.7702,5992.10914,16.68861,19.33814,28925.413378,322.72676,8093.0,504160429.0,781360465422.68,27769575.0,1683247.0,0.10821,0.0695577,0.04042,0.02851,0.38407
tamil nadu,2023,4,8095,2023-Q4,597821132,878172648141.26,30002865,1783632.0,1468.955514,5944.87226,16.82122,19.92547,29269.626355,335.17067,8094.0,558715546.0,835710063992.0,28891897.0,1731234.0,0.06999,0.0508102,0.03845,0.03027,0.37339
tamil nadu,2024,1,8096,2024-Q1,643084591,917459762316.25,31080814,1856637.0,1426.654868,5973.57907,16.74038,20.69073,29518.524268,346.37066,8095.0,597821132.0,878172648141.26,30002865.0,1783632.0,0.07571,0.0447373,0.03593,0.04093,0.37398
tamil nadu,2024,2,8097,2024-Q2,707377354,987216265047.39,32173286,1925501.0,1395.600608,5984.78191,16.70905,21.98648,30684.346792,367.37314,8096.0,643084591.0,917459762316.25,31080814.0,1856637.0,0.09998,0.0760322,0.03515,0.03709,0.40308
tamil nadu,2024,3,8098,2024-Q3,781508176,1053834607664.43,33289377,1991578.0,1348.462678,5982.62323,16.71508,23.4762,31656.783714,392.40651,8097.0,707377354.0,987216265047.39,32173286.0,1925501.0,0.1048,0.067481,0.03469,0.03432,0.39876
tamil nadu,2024,4,8099,2024-Q4,822940769,1091410271995.08,34331442,2054574.0,1326.231866,5984.52579,16.70976,23.97047,31790.399949,400.54083,8098.0,781508176.0,1053834607664.43,33289377.0,1991578.0,0.05302,0.0356561,0.0313,0.03163,0.37657
tamil nadu,2025,1,8100,2025-Q1,875704481,1133708906375.87,35340007,2114180.0,1294.624992,5982.39836,16.7157,24.77941,32080.04193,414.20526,8099.0,822940769.0,1091410271995.08,34331442.0,2054574.0,0.06412,0.0387559,0.02938,0.02901,0.36173
tamil nadu,2025,2,8101,2025-Q2,880043623,1133253062425.9,36318119,2173347.0,1287.723736,5984.19483,16.71069,24.23153,31203.517518,404.9255,8100.0,875704481.0,1133708906375.87,35340007.0,2114180.0,0.00496,-0.0004021,0.02768,0.02799,0.24409
tamil nadu,2025,3,8102,2025-Q3,954438805,1187233386639.07,37334630,2227787.0,1243.907289,5967.07936,16.75862,25.56444,31799.78981,428.42462,8101.0,880043623.0,1133253062425.9,36318119.0,2173347.0,0.08454,0.0476331,0.02799,0.02505,0.22128
tamil nadu,2025,4,8103,2025-Q4,982036878,1229082839335.56,38313127,2282219.0,1251.564851,5956.75472,16.78766,25.63186,32079.940625,430.29914,8102.0,954438805.0,1187233386639.07,37334630.0,2227787.0,0.02892,0.0352496,0.02621,0.02443,0.19333
tamil nadu,2026,1,8104,2026-Q1,1015223360,1291277296711.42,39201469,2318838.0,1271.914485,5915.18139,16.90565,25.89758,32939.512974,437.81556,8103.0,982036878.0,1229082839335.56,38313127.0,2282219.0,0.03379,0.0506023,0.02319,0.01605,0.15932
tamil nadu,2026,2,8105,2026-Q2,1049292967,1316704395266.62,40264046,2358819.0,1254.849157,5858.37548,17.06958,26.0603,32701.740785,444.83827,8104.0,1015223360.0,1291277296711.42,39201469.0,2318838.0,0.03356,0.0196914,0.02711,0.01724,0.19232
telangana,2018,1,8072,2018-Q1,9340974,14059023660.62,3449556,36.0,1505.091831,1.04361,95821.0,2.70788,4075.603834,259471.5,,,,,,,,,,
telangana,2018,2,8073,2018-Q2,11544276,24401325668.78,4414688,395.0,2113.716414,8.9474,11176.42532,2.61497,5527.304686,29226.01519,8072.0,9340974.0,14059023660.62,3449556.0,36.0,0.23587,0.7356344,0.27978,9.97222,
telangana,2018,3,8074,2018-Q3,19955785,33180363175.15,5290796,31579.0,1662.693959,596.86671,167.54159,3.77179,6271.336709,631.93214,8073.0,11544276.0,24401325668.78,4414688.0,395.0,0.72863,0.3597771,0.19845,78.94684,
telangana,2018,4,8075,2018-Q4,30393583,51158381363.16,6687832,116006.0,1683.196791,1734.58305,57.65074,4.54461,7649.471662,262.00009,8074.0,19955785.0,33180363175.15,5290796.0,31579.0,0.52305,0.541827,0.26405,2.67352,
telangana,2019,1,8076,2019-Q1,64813405,93511348877.09,8100506,280921.0,1442.777908,3467.94385,28.83553,8.00116,11543.889836,230.71755,8075.0,30393583.0,51158381363.16,6687832.0,116006.0,1.13247,0.8278794,0.21123,1.42161,5.93861
telangana,2019,2,8077,2019-Q2,81454985,137682802492.51,9164840,388096.0,1690.293142,4234.61839,23.61488,8.88777,15022.935751,209.8836,8076.0,64813405.0,93511348877.09,8100506.0,280921.0,0.25676,0.4723646,0.13139,0.38151,6.05588
telangana,2019,3,8078,2019-Q3,114112049,178114733596.8,10225604,490375.0,1560.875781,4795.56024,20.85262,11.15944,17418.504921,232.70364,8077.0,81454985.0,137682802492.51,9164840.0,388096.0,0.40092,0.29366,0.11574,0.26354,4.71824
telangana,2019,4,8079,2019-Q4,152510054,249883165634.61,11330987,571643.0,1638.470114,5044.95328,19.82179,13.45956,22053.080251,266.79248,8078.0,114112049.0,178114733596.8,10225604.0,490375.0,0.33649,0.4029337,0.1081,0.16573,4.01784
telangana,2020,1,8080,2020-Q1,177329550,318131593325.4,12385312,640815.0,1794.013425,5173.99158,19.32744,14.31773,25686.199373,276.72503,8079.0,152510054.0,249883165634.61,11330987.0,571643.0,0.16274,0.2731214,0.09305,0.12101,1.736
telangana,2020,2,8081,2020-Q2,138326729,285827211219.72,13431777,673726.0,2066.319455,5015.91115,19.93656,10.29847,21279.925301,205.316,8080.0,177329550.0,318131593325.4,12385312.0,640815.0,-0.21995,-0.1015441,0.08449,0.05136,0.6982
telangana,2020,3,8082,2020-Q3,207472326,428781682179.97,14605692,802189.0,2066.693378,5492.30396,18.2073,14.2049,29357.163096,258.63272,8081.0,138326729.0,285827211219.72,13431777.0,673726.0,0.49987,0.500143,0.0874,0.19068,0.81815
telangana,2020,4,8083,2020-Q4,321839483,640618169487.15,15891633,986977.0,1990.48968,6210.67073,16.10132,20.25213,40311.663974,326.0861,8082.0,207472326.0,428781682179.97,14605692.0,802189.0,0.55124,0.4940428,0.08804,0.23035,1.11028
telangana,2021,1,8084,2021-Q1,392460349,745675476381.93,17082180,1156920.0,1900.002072,6772.67187,14.76522,22.97484,43652.243237,339.2286,8083.0,321839483.0,640618169487.15,15891633.0,986977.0,0.21943,0.1639936,0.07492,0.17219,1.21317
telangana,2021,2,8085,2021-Q2,461066776,943090363047.59,18184140,1230127.0,2045.452876,6764.83463,14.78233,25.35543,51863.347018,374.81234,8084.0,392460349.0,745675476381.93,17082180.0,1156920.0,0.17481,0.2647464,0.06451,0.06328,2.33317
telangana,2021,3,8086,2021-Q3,592741458,1102647432922.42,19355996,1326576.0,1860.250229,6853.5662,14.59094,30.62314,56966.711138,446.82058,8085.0,461066776.0,943090363047.59,18184140.0,1230127.0,0.28559,0.1691853,0.06444,0.07841,1.85697
telangana,2021,4,8087,2021-Q4,642408303,1206831019294.75,20513162,1434453.0,1878.604329,6992.84196,14.30034,31.31688,58832.032784,447.842,8086.0,592741458.0,1102647432922.42,19355996.0,1326576.0,0.08379,0.0944849,0.05978,0.08132,0.99605
telangana,2022,1,8088,2022-Q1,820292794,1529608338617.97,21608530,1545651.0,1864.710198,7152.96691,13.98021,37.96153,70787.246454,530.71023,8087.0,642408303.0,1206831019294.75,20513162.0,1434453.0,0.2769,0.2674586,0.0534,0.07752,1.09013
telangana,2022,2,8089,2022-Q2,993209224,1792476811489.94,22613597,1632694.0,1804.732345,7219.96593,13.85048,43.92089,79265.444214,608.3254,8088.0,820292794.0,1529608338617.97,21608530.0,1545651.0,0.2108,0.1718535,0.04651,0.05631,1.15415
telangana,2022,3,8090,2022-Q3,1161232661,2003594734268.49,23635593,1698591.0,1725.403359,7186.58085,13.91482,49.13068,84770.233362,683.64466,8089.0,993209224.0,1792476811489.94,22613597.0,1632694.0,0.16917,0.11778,0.04519,0.04036,0.95909
telangana,2022,4,8091,2022-Q4,1298732509,2182810144779.99,24652313,1755424.0,1680.72342,7120.72737,14.04351,52.68197,88543.827298,739.83978,8090.0,1161232661.0,2003594734268.49,23635593.0,1698591.0,0.11841,0.0894469,0.04302,0.03346,1.02166
telangana,2023,1,8092,2023-Q1,1424621673,2371715741378.49,25533334,1767962.0,1664.803917,6924.13298,14.44224,55.79458,92887.037054,805.79881,8091.0,1298732509.0,2182810144779.99,24652313.0,1755424.0,0.09693,0.0865424,0.03574,0.00714,0.73672
telangana,2023,2,8093,2023-Q2,1644044462,2696606763836.35,26347321,1798270.0,1640.227394,6825.248,14.65148,62.39892,102348.42335,914.23672,8092.0,1424621673.0,2371715741378.49,25533334.0,1767962.0,0.15402,0.1369857,0.03188,0.01714,0.65529
telangana,2023,3,8094,2023-Q3,1861859423,2865813600979.77,27152426,1844528.0,1539.221257,6793.23461,14.72053,68.57065,105545.397711,1009.39613,8093.0,1644044462.0,2696606763836.35,26347321.0,1798270.0,0.13249,0.0627481,0.03056,0.02572,0.60335
telangana,2023,4,8095,2023-Q4,2006013823,3121625949371.09,27926155,1893687.0,1556.133818,6781.05167,14.74698,71.8328,111781.444648,1059.31647,8094.0,1861859423.0,2865813600979.77,27152426.0,1844528.0,0.07742,0.0892634,0.0285,0.02665,0.54459
telangana,2024,1,8096,2024-Q1,2170233621,3207009337042.48,28813177,1974451.0,1477.725396,6852.59734,14.59301,75.32087,111303.565624,1099.158,8095.0,2006013823.0,3121625949371.09,27926155.0,1893687.0,0.08186,0.0273522,0.03176,0.04265,0.52338
telangana,2024,2,8097,2024-Q2,2403883290,3461907722592.3,29668981,2034941.0,1440.131365,6858.81662,14.57977,81.02345,116684.416044,1181.30368,8096.0,2170233621.0,3207009337042.48,28813177.0,1974451.0,0.10766,0.0794816,0.0297,0.03064,0.46218
telangana,2024,3,8098,2024-Q3,2607828990,3549548031458.42,30496407,2090746.0,1361.112268,6855.71254,14.58638,85.51266,116392.335381,1247.31985,8097.0,2403883290.0,3461907722592.3,29668981.0,2034941.0,0.08484,0.0253156,0.02789,0.02742,0.40066
telangana,2024,4,8099,2024-Q4,2824258573,3859512144223.8,31420121,2147214.0,1366.557645,6833.88202,14.63297,89.88694,122835.686859,1315.31304,8098.0,2607828990.0,3549548031458.42,30496407.0,2090746.0,0.08299,0.087325,0.03029,0.02701,0.4079
telangana,2025,1,8100,2025-Q1,2957671238,4011827575951.19,32290034,2196581.0,1356.414305,6802.6593,14.70013,91.59703,124243.522814,1346.48858,8099.0,2824258573.0,3859512144223.8,31420121.0,2147214.0,0.04724,0.0394649,0.02769,0.02299,0.36284
telangana,2025,2,8101,2025-Q2,3044459287,4177136892219.81,33161493,2246001.0,1372.045575,6772.91882,14.76468,91.80706,125963.474932,1355.5022,8100.0,2957671238.0,4011827575951.19,32290034.0,2196581.0,0.02934,0.0412055,0.02699,0.0225,0.26648
telangana,2025,3,8102,2025-Q3,3228865085,4188712492031.47,34013239,2298730.0,1297.270831,6758.33901,14.79654,94.92966,123149.474004,1404.62998,8101.0,3044459287.0,4177136892219.81,33161493.0,2246001.0,0.06057,0.0027712,0.02568,0.02348,0.23814
telangana,2025,4,8103,2025-Q4,3485116309,4541925564459.14,34807525,2374216.0,1303.235003,6820.98483,14.66064,100.12537,130486.886513,1467.90196,8102.0,3228865085.0,4188712492031.47,34013239.0,2298730.0,0.07936,0.084325,0.02335,0.03284,0.23399
telangana,2026,1,8104,2026-Q1,3571187698,4713863651916.88,35513627,2425675.0,1319.970847,6830.26546,14.64072,100.55824,132733.940465,1472.24492,8103.0,3485116309.0,4541925564459.14,34807525.0,2374216.0,0.0247,0.0378558,0.02029,0.02167,0.20743
telangana,2026,2,8105,2026-Q2,3878232440,5128045744092.11,36479877,2481953.0,1322.26364,6803.62217,14.69805,106.31155,140571.903356,1562.57288,8104.0,3571187698.0,4713863651916.88,35513627.0,2425675.0,0.08598,0.0878647,0.02721,0.0232,0.27387
tripura,2018,1,8072,2018-Q1,184069,166034070.6,55908,,902.020822,,,3.29236,2969.773031,,,,,,,,,,,
tripura,2018,2,8073,2018-Q2,262983,281717097.51,84393,,1071.236915,,,3.11617,3338.157164,,8072.0,184069.0,166034070.6,55908.0,,0.42872,0.6967427,0.5095,,
tripura,2018,3,8074,2018-Q3,446745,527779192.52,116340,,1181.388023,,,3.83999,4536.523917,,8073.0,262983.0,281717097.51,84393.0,,0.69876,0.8734369,0.37855,,
tripura,2018,4,8075,2018-Q4,538364,726298399.88,155407,6.0,1349.084262,3.86083,25901.16667,3.46422,4673.524358,89727.33333,8074.0,446745.0,527779192.52,116340.0,,0.20508,0.3761406,0.3358,,
tripura,2019,1,8076,2019-Q1,722617,930951274.78,187484,389.0,1288.30525,207.48437,481.96401,3.85429,4965.497188,1857.62725,8075.0,538364.0,726298399.88,155407.0,6.0,0.34225,0.2817752,0.20641,63.83333,2.92579
tripura,2019,2,8077,2019-Q2,787181,1193045264.99,222378,882.0,1515.592049,396.62197,252.12925,3.53983,5364.942868,892.49546,8076.0,722617.0,930951274.78,187484.0,389.0,0.08935,0.2815335,0.18612,1.26735,1.99328
tripura,2019,3,8078,2019-Q3,880275,1426665779.11,254600,1187.0,1620.704642,466.22152,214.49031,3.45748,5603.557656,741.59646,8077.0,787181.0,1193045264.99,222378.0,882.0,0.11826,0.1958187,0.1449,0.3458,0.97042
tripura,2019,4,8079,2019-Q4,1017662,1684739442.05,283407,1413.0,1655.500001,498.57625,200.57113,3.59081,5944.593613,720.21373,8078.0,880275.0,1426665779.11,254600.0,1187.0,0.15607,0.1808929,0.11315,0.1904,0.89029
tripura,2020,1,8080,2020-Q1,1129990,2057977801.94,314602,1614.0,1821.235411,513.02916,194.92069,3.59181,6541.528032,700.11772,8079.0,1017662.0,1684739442.05,283407.0,1413.0,0.11038,0.2215407,0.11007,0.14225,0.56375
tripura,2020,2,8081,2020-Q2,1253367,2215013181.24,351939,1741.0,1767.25028,494.688,202.14762,3.56132,6293.74176,719.91212,8080.0,1129990.0,2057977801.94,314602.0,1614.0,0.10918,0.0763057,0.11868,0.07869,0.59222
tripura,2020,3,8082,2020-Q3,1676998,3165287940.75,395067,1801.0,1887.472699,455.87204,219.3598,4.24484,8012.02819,931.14825,8081.0,1253367.0,2215013181.24,351939.0,1741.0,0.33799,0.4290154,0.12254,0.03446,0.90508
tripura,2020,4,8083,2020-Q4,1967767,3877627429.55,431153,1980.0,1970.572446,459.23373,217.75404,4.56396,8993.62275,993.82172,8082.0,1676998.0,3165287940.75,395067.0,1801.0,0.17339,0.2250473,0.09134,0.09939,0.93362
tripura,2021,1,8084,2021-Q1,2012544,4367162381.68,458876,2294.0,2169.971132,499.91719,200.03313,4.38581,9517.086057,877.30776,8083.0,1967767.0,3877627429.55,431153.0,1980.0,0.02276,0.126246,0.0643,0.15859,0.78103
tripura,2021,2,8085,2021-Q2,2428946,4660359423.35,485926,4022.0,1918.6756,827.69804,120.81701,4.99859,9590.677229,603.91497,8084.0,2012544.0,4367162381.68,458876.0,2294.0,0.2069,0.0671367,0.05895,0.75327,0.93794
tripura,2021,3,8086,2021-Q3,2876416,5802800784.25,514890,6525.0,2017.371891,1267.26097,78.91034,5.58647,11269.981519,440.83004,8085.0,2428946.0,4660359423.35,485926.0,4022.0,0.18422,0.2451402,0.05961,0.62233,0.71522
tripura,2021,4,8087,2021-Q4,2997566,6336990350.01,544397,9671.0,2114.045312,1776.46093,56.2917,5.50621,11640.384407,309.95409,8086.0,2876416.0,5802800784.25,514890.0,6525.0,0.04212,0.0920572,0.05731,0.48215,0.52333
tripura,2022,1,8088,2022-Q1,3841505,8167021603.85,573074,12351.0,2125.995308,2155.21905,46.399,6.70333,14251.251329,311.02785,8087.0,2997566.0,6336990350.01,544397.0,9671.0,0.28154,0.2887856,0.05268,0.27712,0.90878
tripura,2022,2,8089,2022-Q2,4598026,8963681349.51,603260,15494.0,1949.462954,2568.37848,38.93507,7.62196,14858.736448,296.76171,8088.0,3841505.0,8167021603.85,573074.0,12351.0,0.19693,0.0975459,0.05267,0.25447,0.89301
tripura,2022,3,8090,2022-Q3,5814252,11009012067.58,636726,20339.0,1893.452858,3194.30964,31.30567,9.13148,17290.030669,285.86715,8089.0,4598026.0,8963681349.51,603260.0,15494.0,0.26451,0.2281798,0.05548,0.3127,1.02135
tripura,2022,4,8091,2022-Q4,6360774,11623038234.73,668667,23805.0,1827.299356,3560.06802,28.08935,9.51262,17382.401457,267.20328,8090.0,5814252.0,11009012067.58,636726.0,20339.0,0.094,0.0557749,0.05016,0.17041,1.12198
tripura,2023,1,8092,2023-Q1,7564973,13869349810.24,699295,26411.0,1833.364086,3776.80378,26.47741,10.818,19833.33187,286.43266,8091.0,6360774.0,11623038234.73,668667.0,23805.0,0.18932,0.1932637,0.0458,0.10947,0.96927
tripura,2023,2,8093,2023-Q2,8518239,14533054884.91,731619,28521.0,1706.110252,3898.34053,25.65194,11.643,19864.23929,298.66551,8092.0,7564973.0,13869349810.24,699295.0,26411.0,0.12601,0.0478541,0.04622,0.07989,0.85259
tripura,2023,3,8094,2023-Q3,9631541,15862091659.47,768145,32375.0,1646.890322,4214.69905,23.72649,12.5387,20649.866444,297.49934,8093.0,8518239.0,14533054884.91,731619.0,28521.0,0.1307,0.0914492,0.04992,0.13513,0.65654
tripura,2023,4,8095,2023-Q4,10707618,17538263497.05,809084,35430.0,1637.923906,4379.02616,22.83613,13.23425,21676.69055,302.21897,8094.0,9631541.0,15862091659.47,768145.0,32375.0,0.11172,0.1056716,0.0533,0.09436,0.68338
tripura,2024,1,8096,2024-Q1,11581499,18535441026.61,858086,37140.0,1600.435404,4328.2375,23.10409,13.4969,21600.912993,311.83358,8095.0,10707618.0,17538263497.05,809084.0,35430.0,0.08161,0.0568573,0.06056,0.04826,0.53094
tripura,2024,2,8097,2024-Q2,13492767,18847582110.32,910150,38797.0,1396.865603,4262.70395,23.45929,14.82477,20708.215251,347.77862,8096.0,11581499.0,18535441026.61,858086.0,37140.0,0.16503,0.0168402,0.06067,0.04461,0.58399
tripura,2024,3,8098,2024-Q3,14575406,20044092205.04,958718,40877.0,1375.19958,4263.71467,23.45373,15.20302,20907.182514,356.56741,8097.0,13492767.0,18847582110.32,910150.0,38797.0,0.08024,0.0634835,0.05336,0.05361,0.5133
tripura,2024,4,8099,2024-Q4,16034582,22499864071.52,995320,43371.0,1403.208644,4357.49307,22.94898,16.10998,22605.658554,369.70745,8098.0,14575406.0,20044092205.04,958718.0,40877.0,0.10011,0.1225185,0.03818,0.06101,0.49749
tripura,2025,1,8100,2025-Q1,18622077,25016887005.83,1032353,45840.0,1343.399397,4440.34163,22.52079,18.03848,24232.880619,406.24077,8099.0,16034582.0,22499864071.52,995320.0,43371.0,0.16137,0.1118684,0.03721,0.05693,0.60792
tripura,2025,2,8101,2025-Q2,18753226,23151519446.56,1069043,47515.0,1234.535298,4444.62945,22.49906,17.54207,21656.303298,394.68012,8100.0,18622077.0,25016887005.83,1032353.0,45840.0,0.00704,-0.0745643,0.03554,0.03654,0.38987
tripura,2025,3,8102,2025-Q3,20791893,25461605416.51,1109299,49397.0,1224.592942,4452.99239,22.45681,18.74327,22952.878725,420.91408,8101.0,18753226.0,23151519446.56,1069043.0,47515.0,0.10871,0.0997812,0.03766,0.03961,0.42651
tripura,2025,4,8103,2025-Q4,20913736,25744145782.64,1151875,51531.0,1230.968287,4473.66251,22.35305,18.15625,22349.773875,405.84766,8102.0,20791893.0,25461605416.51,1109299.0,49397.0,0.00586,0.0110967,0.03838,0.0432,0.30429
tripura,2026,1,8104,2026-Q1,22097250,27676418661.49,1191907,52868.0,1252.482488,4435.58096,22.54496,18.53941,23220.283681,417.97023,8103.0,20913736.0,25744145782.64,1151875.0,51531.0,0.05659,0.0750568,0.03475,0.02595,0.18662
tripura,2026,2,8105,2026-Q2,22862994,26743110330.74,1242083,55157.0,1169.711645,4440.68553,22.51905,18.40698,21530.856095,414.50757,8104.0,22097250.0,27676418661.49,1191907.0,52868.0,0.03465,-0.0337221,0.0421,0.0433,0.21915
uttar pradesh,2018,1,8072,2018-Q1,14786466,15841767520.71,4921602,24.0,1071.369421,0.48765,205066.75,3.0044,3218.823367,616102.75,,,,,,,,,,
uttar pradesh,2018,2,8073,2018-Q2,20337966,28765798204.42,6777728,342.0,1414.389138,5.04594,19817.91813,3.00071,4244.165332,59467.73684,8072.0,14786466.0,15841767520.71,4921602.0,24.0,0.37544,0.81582,0.37714,13.25,
uttar pradesh,2018,3,8074,2018-Q3,29327534,40693763120.76,8443146,5805.0,1387.561706,68.75399,1454.46098,3.47353,4819.739363,5052.11611,8073.0,20337966.0,28765798204.42,6777728.0,342.0,0.44201,0.4146579,0.24572,15.97368,
uttar pradesh,2018,4,8075,2018-Q4,40312896,60754036465.71,10830097,44207.0,1507.062069,408.18656,244.98602,3.7223,5609.74075,911.91205,8074.0,29327534.0,40693763120.76,8443146.0,5805.0,0.37458,0.4929569,0.28271,6.61533,
uttar pradesh,2019,1,8076,2019-Q1,64046373,84430169656.88,13103108,234825.0,1318.266214,1792.13207,55.79946,4.88788,6443.522381,272.74086,8075.0,40312896.0,60754036465.71,10830097.0,44207.0,0.58873,0.3897047,0.20988,4.31194,3.33142
uttar pradesh,2019,2,8077,2019-Q2,67580108,110293020020.75,15042257,480618.0,1632.033793,3195.11892,31.29774,4.49268,7332.212182,140.61086,8076.0,64046373.0,84430169656.88,13103108.0,234825.0,0.05517,0.3063224,0.14799,1.04671,2.32285
uttar pradesh,2019,3,8078,2019-Q3,76672707,123828842522.57,16953678,671645.0,1615.031572,3961.64773,25.24202,4.52248,7303.951539,114.1566,8077.0,67580108.0,110293020020.75,15042257.0,480618.0,0.13455,0.122726,0.12707,0.39746,1.61436
uttar pradesh,2019,4,8079,2019-Q4,97385189,162877433940.0,18919521,828695.0,1672.507243,4380.10561,22.8305,5.14734,8608.96182,117.51632,8078.0,76672707.0,123828842522.57,16953678.0,671645.0,0.27014,0.3153433,0.11595,0.23383,1.41573
uttar pradesh,2020,1,8080,2020-Q1,108112889,190863464183.67,21194763,979673.0,1765.408972,4622.24088,21.63453,5.10092,9005.218137,110.3561,8079.0,97385189.0,162877433940.0,18919521.0,828695.0,0.11016,0.1718226,0.12026,0.18219,0.68804
uttar pradesh,2020,2,8081,2020-Q2,110306561,195404454299.57,23606047,1043964.0,1771.467196,4422.44311,22.61194,4.67281,8277.728766,105.66127,8080.0,108112889.0,190863464183.67,21194763.0,979673.0,0.02029,0.0237918,0.11377,0.06562,0.63223
uttar pradesh,2020,3,8082,2020-Q3,141565257,273741446015.28,26045233,1242714.0,1933.67675,4771.36833,20.95835,5.43536,10510.23218,113.9162,8081.0,110306561.0,195404454299.57,23606047.0,1043964.0,0.28338,0.4008967,0.10333,0.19038,0.84636
uttar pradesh,2020,4,8083,2020-Q4,191598396,380442192615.84,28545839,1586664.0,1985.623056,5558.30221,17.99111,6.71196,13327.413239,120.75549,8082.0,141565257.0,273741446015.28,26045233.0,1242714.0,0.35343,0.3897866,0.09601,0.27677,0.96743
uttar pradesh,2021,1,8084,2021-Q1,227417493,433880828404.02,30976739,2059413.0,1907.860397,6648.25629,15.04154,7.34156,14006.665724,110.42831,8083.0,191598396.0,380442192615.84,28545839.0,1586664.0,0.18695,0.1404645,0.08516,0.29795,1.10352
uttar pradesh,2021,2,8085,2021-Q2,273728175,536955159535.71,33211904,2328409.0,1961.636428,7010.76638,14.26378,8.24187,16167.551235,117.56018,8084.0,227417493.0,433880828404.02,30976739.0,2059413.0,0.20364,0.2375637,0.07216,0.13062,1.48152
uttar pradesh,2021,3,8086,2021-Q3,350675338,627645749576.75,35903262,2857565.0,1789.820046,7959.0679,12.56429,9.76723,17481.580074,122.71824,8085.0,273728175.0,536955159535.71,33211904.0,2328409.0,0.28111,0.1688979,0.08104,0.22726,1.47713
uttar pradesh,2021,4,8087,2021-Q4,400725104,752059552950.35,38739893,3413744.0,1876.746791,8811.96032,11.34821,10.34399,19413.051888,117.38581,8086.0,350675338.0,627645749576.75,35903262.0,2857565.0,0.14272,0.198223,0.07901,0.19463,1.09148
uttar pradesh,2022,1,8088,2022-Q1,521369445,955324276610.65,41701425,4069314.0,1832.336524,9758.2133,10.24778,12.50244,22908.672224,128.1222,8087.0,400725104.0,752059552950.35,38739893.0,3413744.0,0.30107,0.2702774,0.07645,0.19204,1.29257
uttar pradesh,2022,2,8089,2022-Q2,655438792,1150071386489.69,44364283,4486248.0,1754.658712,10112.29687,9.88895,14.77402,25923.362415,146.09955,8088.0,521369445.0,955324276610.65,41701425.0,4069314.0,0.25715,0.2038545,0.06386,0.10246,1.39449
uttar pradesh,2022,3,8090,2022-Q3,775761504,1224796014974.34,47337748,4865043.0,1578.830618,10277.30132,9.73018,16.3878,25873.558982,159.45625,8089.0,655438792.0,1150071386489.69,44364283.0,4486248.0,0.18358,0.0649739,0.06702,0.08443,1.21219
uttar pradesh,2022,4,8091,2022-Q4,890097755,1446927383901.77,50213564,5262234.0,1625.582556,10479.70624,9.54225,17.72624,28815.468743,169.14827,8090.0,775761504.0,1224796014974.34,47337748.0,4865043.0,0.14739,0.1813619,0.06075,0.08164,1.22122
uttar pradesh,2023,1,8092,2023-Q1,1011060339,1635880038405.16,53046420,5259389.0,1617.98458,9914.6917,10.08604,19.05992,30838.651099,192.23912,8091.0,890097755.0,1446927383901.77,50213564.0,5262234.0,0.1359,0.1305889,0.05642,-0.00054,0.93924
uttar pradesh,2023,2,8093,2023-Q2,1220844008,1835097474392.21,55590099,5399393.0,1503.138372,9712.86811,10.29562,21.96154,33011.228751,226.10764,8092.0,1011060339.0,1635880038405.16,53046420.0,5259389.0,0.20749,0.12178,0.04795,0.02662,0.86264
uttar pradesh,2023,3,8094,2023-Q3,1361433436,1863230615478.42,58422771,5617414.0,1368.580032,9615.11052,10.4003,23.30313,31892.1986,242.35946,8093.0,1220844008.0,1835097474392.21,55590099.0,5399393.0,0.11516,0.0153306,0.05096,0.04038,0.75496
uttar pradesh,2023,4,8095,2023-Q4,1577265501,2264890592908.51,61516010,5820508.0,1435.960269,9461.77751,10.56884,25.63992,36817.904687,270.98417,8094.0,1361433436.0,1863230615478.42,58422771.0,5617414.0,0.15853,0.2155718,0.05295,0.03615,0.77201
uttar pradesh,2024,1,8096,2024-Q1,1794266530,2483961606826.37,64960422,6019346.0,1384.388309,9266.17441,10.79194,27.62092,38238.076822,298.0833,8095.0,1577265501.0,2264890592908.51,61516010.0,5820508.0,0.13758,0.0967248,0.05599,0.03416,0.77464
uttar pradesh,2024,2,8097,2024-Q2,2144136082,2705836943014.72,68189228,6248571.0,1261.970714,9163.57493,10.91277,31.44391,39681.29604,343.14023,8096.0,1794266530.0,2483961606826.37,64960422.0,6019346.0,0.19499,0.0893232,0.0497,0.03808,0.75627
uttar pradesh,2024,3,8098,2024-Q3,2285132385,2715325163720.84,71327157,6485244.0,1188.257268,9092.2508,10.99838,32.03734,38068.60217,352.35874,8097.0,2144136082.0,2705836943014.72,68189228.0,6248571.0,0.06576,0.0035066,0.04602,0.03788,0.67848
uttar pradesh,2024,4,8099,2024-Q4,2542936824,3210878904579.13,74136023,6724830.0,1262.665621,9070.93438,11.02422,34.30096,43310.644065,378.14143,8098.0,2285132385.0,2715325163720.84,71327157.0,6485244.0,0.11282,0.1825025,0.03938,0.03694,0.61224
uttar pradesh,2025,1,8100,2025-Q1,2618333992,3288600991414.5,77043398,6931337.0,1255.989878,8996.66575,11.11523,33.98518,42685.046049,377.75309,8099.0,2542936824.0,3210878904579.13,74136023.0,6724830.0,0.02965,0.0242059,0.03922,0.03071,0.45928
uttar pradesh,2025,2,8101,2025-Q2,2874104324,3364968247717.47,79721010,7118781.0,1170.788485,8929.61717,11.19869,36.05203,42209.302764,403.73546,8100.0,2618333992.0,3288600991414.5,77043398.0,6931337.0,0.09768,0.0232218,0.03475,0.02704,0.34045
uttar pradesh,2025,3,8102,2025-Q3,2995994617,3220415579009.78,82795120,7328300.0,1074.906998,8851.12553,11.298,36.18564,38896.200392,408.82532,8101.0,2874104324.0,3364968247717.47,79721010.0,7118781.0,0.04241,-0.0429581,0.03856,0.02943,0.31108
uttar pradesh,2025,4,8103,2025-Q4,3206270064,3696522346306.78,85800260,7586405.0,1152.904238,8841.93708,11.30974,37.369,43082.880475,422.63365,8102.0,2995994617.0,3220415579009.78,82795120.0,7328300.0,0.07019,0.1478402,0.0363,0.03522,0.26085
uttar pradesh,2026,1,8104,2026-Q1,3294478040,3761378430097.71,88629936,7724417.0,1141.722113,8715.35888,11.474,37.17117,42439.141896,426.50184,8103.0,3206270064.0,3696522346306.78,85800260.0,7586405.0,0.02751,0.0175452,0.03298,0.01819,0.25823
uttar pradesh,2026,2,8105,2026-Q2,3665306240,3938705461574.02,90563992,7866204.0,1074.591099,8685.79645,11.51305,40.472,43490.855191,465.95616,8104.0,3294478040.0,3761378430097.71,88629936.0,7724417.0,0.11256,0.0471442,0.02182,0.01836,0.27529
uttarakhand,2018,1,8072,2018-Q1,1451113,1711189177.22,499946,,1179.22531,,,2.90254,3422.748011,,,,,,,,,,,
uttarakhand,2018,2,8073,2018-Q2,1963467,3023055876.68,673206,,1539.651991,,,2.91659,4490.536146,,8072.0,1451113.0,1711189177.22,499946.0,,0.35308,0.7666404,0.34656,,
uttarakhand,2018,3,8074,2018-Q3,2523526,4119317467.98,835826,10.0,1632.365772,1.19642,83582.6,3.0192,4928.439015,252352.6,8073.0,1963467.0,3023055876.68,673206.0,,0.28524,0.3626336,0.24156,,
uttarakhand,2018,4,8075,2018-Q4,3625698,6268906600.52,1050477,102.0,1729.020619,9.70987,10298.79412,3.45148,5967.676209,35546.05882,8074.0,2523526.0,4119317467.98,835826.0,10.0,0.43676,0.5218314,0.25681,9.2,
uttarakhand,2019,1,8076,2019-Q1,6519708,8342691139.59,1272751,7020.0,1279.611164,551.56115,181.30356,5.12253,6554.849409,928.73333,8075.0,3625698.0,6268906600.52,1050477.0,102.0,0.79819,0.3308048,0.21159,67.82353,3.4929
uttarakhand,2019,2,8077,2019-Q2,6345096,10996460352.93,1468181,19747.0,1733.064457,1344.99765,74.34957,4.32174,7489.853331,321.31949,8076.0,6519708.0,8342691139.59,1272751.0,7020.0,-0.02678,0.3180951,0.15355,1.81296,2.23158
uttarakhand,2019,3,8078,2019-Q3,6691016,12093509975.5,1653220,28981.0,1807.425057,1753.00323,57.04496,4.04726,7315.124409,230.87595,8077.0,6345096.0,10996460352.93,1468181.0,19747.0,0.05452,0.0997639,0.12603,0.46762,1.65146
uttarakhand,2019,4,8079,2019-Q4,8590151,15233913544.56,1825409,39058.0,1773.41627,2139.68486,46.73585,4.70588,8345.479585,219.9332,8078.0,6691016.0,12093509975.5,1653220.0,28981.0,0.28383,0.2596768,0.10415,0.34771,1.36924
uttarakhand,2020,1,8080,2020-Q1,9726841,16698596159.68,2023901,48320.0,1716.754305,2387.46856,41.88537,4.80599,8250.698112,201.30052,8079.0,8590151.0,15233913544.56,1825409.0,39058.0,0.13232,0.0961462,0.10874,0.23713,0.49191
uttarakhand,2020,2,8081,2020-Q2,9154035,15661272266.92,2234769,52918.0,1710.859994,2367.94049,42.23079,4.09619,7008.004974,172.98528,8080.0,9726841.0,16698596159.68,2023901.0,48320.0,-0.05889,-0.0621204,0.10419,0.09516,0.44269
uttarakhand,2020,3,8082,2020-Q3,12900421,23631778724.12,2456247,65658.0,1831.861047,2673.1025,37.40971,5.25209,9621.092148,196.47904,8081.0,9154035.0,15661272266.92,2234769.0,52918.0,0.40926,0.508931,0.09911,0.24075,0.92802
uttarakhand,2020,4,8083,2020-Q4,18918942,33134968485.44,2685323,85892.0,1751.417626,3198.57239,31.26395,7.04531,12339.285995,220.26431,8082.0,12900421.0,23631778724.12,2456247.0,65658.0,0.46654,0.402136,0.09326,0.30817,1.2024
uttarakhand,2021,1,8084,2021-Q1,21980872,37055782980.03,2888932,124324.0,1685.819515,4303.45886,23.23712,7.60865,12826.810385,176.80313,8083.0,18918942.0,33134968485.44,2685323.0,85892.0,0.16184,0.1183286,0.07582,0.44745,1.25982
uttarakhand,2021,2,8085,2021-Q2,25376378,41298099649.73,3083983,148562.0,1627.422938,4817.21203,20.7589,8.22844,13391.156712,170.81338,8084.0,21980872.0,37055782980.03,2888932.0,124324.0,0.15448,0.1144846,0.06752,0.19496,1.77215
uttarakhand,2021,3,8086,2021-Q3,33180604,52164580069.14,3295762,185660.0,1572.140762,5633.29512,17.7516,10.06766,15827.775206,178.71703,8085.0,25376378.0,41298099649.73,3083983.0,148562.0,0.30754,0.263123,0.06867,0.24971,1.57206
uttarakhand,2021,4,8087,2021-Q4,36913646,57949052739.96,3503291,226561.0,1569.854485,6467.09052,15.4629,10.53685,16541.318646,162.93027,8086.0,33180604.0,52164580069.14,3295762.0,185660.0,0.11251,0.1108889,0.06297,0.2203,0.95115
uttarakhand,2022,1,8088,2022-Q1,45265588,69248100029.0,3709608,269957.0,1529.817751,7277.23792,13.74148,12.20226,18667.228459,167.67703,8087.0,36913646.0,57949052739.96,3503291.0,226561.0,0.22626,0.1949824,0.05889,0.19154,1.05932
uttarakhand,2022,2,8089,2022-Q2,60660502,88219812501.76,3904801,302643.0,1454.320515,7750.53581,12.90233,15.53485,22592.652609,200.43583,8088.0,45265588.0,69248100029.0,3709608.0,269957.0,0.3401,0.2739673,0.05262,0.12108,1.39043
uttarakhand,2022,3,8090,2022-Q3,68009292,92527276762.6,4107474,329037.0,1360.509337,8010.68978,12.48332,16.55745,22526.5642,206.69193,8089.0,60660502.0,88219812501.76,3904801.0,302643.0,0.12115,0.0488265,0.0519,0.08721,1.04967
uttarakhand,2022,4,8091,2022-Q4,75301900,102012862486.52,4296902,351700.0,1354.718307,8184.96675,12.21752,17.5247,23741.02609,214.10833,8090.0,68009292.0,92527276762.6,4107474.0,329037.0,0.10723,0.1025166,0.04612,0.06888,1.03995
uttarakhand,2023,1,8092,2023-Q1,80316638,106914144085.76,4480029,354593.0,1331.158111,7914.97109,12.63428,17.9277,23864.609824,226.50373,8091.0,75301900.0,102012862486.52,4296902.0,351700.0,0.0666,0.0480457,0.04262,0.00823,0.77434
uttarakhand,2023,2,8093,2023-Q2,104119321,133676491393.39,4650851,367202.0,1283.877863,7895.37227,12.66565,22.38715,28742.372395,283.5478,8092.0,80316638.0,106914144085.76,4480029.0,354593.0,0.29636,0.2503162,0.03813,0.03556,0.71643
uttarakhand,2023,3,8094,2023-Q3,106784950,128515385224.72,4823928,379354.0,1203.497171,7864.00626,12.71616,22.13651,26641.232047,281.49156,8093.0,104119321.0,133676491393.39,4650851.0,367202.0,0.0256,-0.0386089,0.03721,0.03309,0.57015
uttarakhand,2023,4,8095,2023-Q4,119107620,148205383109.24,4999454,391364.0,1244.298082,7828.13483,12.77444,23.82413,29644.313781,304.33975,8094.0,106784950.0,128515385224.72,4823928.0,379354.0,0.1154,0.1532112,0.03639,0.03166,0.58173
uttarakhand,2024,1,8096,2024-Q1,123880004,150315536371.21,5206546,403865.0,1213.396283,7756.86991,12.8918,23.79313,28870.490412,306.73617,8095.0,119107620.0,148205383109.24,4999454.0,391364.0,0.04007,0.014238,0.04142,0.03194,0.5424
uttarakhand,2024,2,8097,2024-Q2,159360860,180260957246.19,5419938,417986.0,1131.149501,7712.00704,12.96679,29.40271,33258.859649,381.25885,8096.0,123880004.0,150315536371.21,5206546.0,403865.0,0.28641,0.1992171,0.04099,0.03496,0.53056
uttarakhand,2024,3,8098,2024-Q3,159497485,173415603155.37,5624430,430448.0,1087.262305,7653.18441,13.06646,28.35798,30832.564928,370.53833,8097.0,159360860.0,180260957246.19,5419938.0,417986.0,0.00086,-0.0379747,0.03773,0.02981,0.49363
uttarakhand,2024,4,8099,2024-Q4,171212380,194796895719.51,5801849,441710.0,1137.750061,7613.2626,13.13497,29.50997,33574.968207,387.61264,8098.0,159497485.0,173415603155.37,5624430.0,430448.0,0.07345,0.1232951,0.03154,0.02616,0.43746
uttarakhand,2025,1,8100,2025-Q1,175355250,193302070369.78,5979871,450722.0,1102.345498,7537.31978,13.26732,29.32425,32325.458253,389.05412,8099.0,171212380.0,194796895719.51,5801849.0,441710.0,0.0242,-0.0076738,0.03068,0.0204,0.41553
uttarakhand,2025,2,8101,2025-Q2,202578174,215937765623.94,6152816,459615.0,1065.947833,7469.99423,13.38689,32.92446,35095.761944,440.75623,8100.0,175355250.0,193302070369.78,5979871.0,450722.0,0.15524,0.1171001,0.02892,0.01973,0.27119
uttarakhand,2025,3,8102,2025-Q3,197711630,198250402920.42,6335256,468380.0,1002.725044,7393.22926,13.52589,31.20815,31293.195243,422.118,8101.0,202578174.0,215937765623.94,6152816.0,459615.0,-0.02402,-0.0819095,0.02965,0.01907,0.23959
uttarakhand,2025,4,8103,2025-Q4,203745180,220079294173.83,6515385,477700.0,1080.169328,7331.87678,13.63907,31.2714,33778.40207,426.51283,8102.0,197711630.0,198250402920.42,6335256.0,468380.0,0.03052,0.1101077,0.02843,0.0199,0.19001
uttarakhand,2026,1,8104,2026-Q1,204739014,217602962797.85,6690656,484584.0,1062.83096,7242.69788,13.80701,30.60074,32523.412173,422.50469,8103.0,203745180.0,220079294173.83,6515385.0,477700.0,0.00488,-0.011252,0.0269,0.01441,0.16757
uttarakhand,2026,2,8105,2026-Q2,247026782,255234602776.52,6755122,493992.0,1033.226441,7312.8509,13.67456,36.56881,37783.86279,500.06231,8104.0,204739014.0,217602962797.85,6690656.0,484584.0,0.20654,0.1729372,0.00964,0.01941,0.21941
west bengal,2018,1,8072,2018-Q1,10151521,7623652076.7,2576622,29.0,750.98619,1.1255,88849.03448,3.93986,2958.77784,350052.44828,,,,,,,,,,
west bengal,2018,2,8073,2018-Q2,16783697,14426440347.68,3795442,153.0,859.55081,4.03115,24806.81046,4.42207,3800.990859,109697.36601,8072.0,10151521.0,7623652076.7,2576622.0,29.0,0.65332,0.8923267,0.47303,4.27586,
west bengal,2018,3,8074,2018-Q3,54031451,38668036734.0,4790914,387.0,715.657937,8.07779,12379.62274,11.2779,8071.118942,139616.15245,8073.0,16783697.0,14426440347.68,3795442.0,153.0,2.21928,1.6803588,0.26228,1.52941,
west bengal,2018,4,8075,2018-Q4,33555072,33751269225.91,6251947,2273.0,1005.847021,36.35667,2750.52662,5.36714,5398.521329,14762.46018,8074.0,54031451.0,38668036734.0,4790914.0,387.0,-0.37897,-0.1271533,0.30496,4.87339,
west bengal,2019,1,8076,2019-Q1,43101342,42921381534.94,7438601,160231.0,995.824713,2154.04752,46.42423,5.79428,5770.087888,268.99503,8075.0,33555072.0,33751269225.91,6251947.0,2273.0,0.2845,0.2716968,0.18981,69.49318,3.2458
west bengal,2019,2,8077,2019-Q2,44580900,54718845209.55,8602074,408272.0,1227.405575,4746.20423,21.06947,5.18258,6361.122354,109.19412,8076.0,43101342.0,42921381534.94,7438601.0,160231.0,0.03433,0.2748622,0.15641,1.54802,1.6562
west bengal,2019,3,8078,2019-Q3,60043951,66423789032.74,9692554,557605.0,1106.252802,5752.92126,17.38247,6.19485,6853.07392,107.68187,8077.0,44580900.0,54718845209.55,8602074.0,408272.0,0.34685,0.2139107,0.12677,0.36577,0.11128
west bengal,2019,4,8079,2019-Q4,90948911,82930838431.0,10931174,667857.0,911.839818,6109.65483,16.36754,8.32014,7586.636022,136.18022,8078.0,60043951.0,66423789032.74,9692554.0,557605.0,0.51471,0.2485111,0.12779,0.19772,1.71044
west bengal,2020,1,8080,2020-Q1,63993554,91566525988.35,12052575,775932.0,1430.871084,6437.89398,15.53303,5.30953,7597.258344,82.47315,8079.0,90948911.0,82930838431.0,10931174.0,667857.0,-0.29638,0.1041312,0.10259,0.16182,0.48472
west bengal,2020,2,8081,2020-Q2,58763095,99278377224.58,13339774,813620.0,1689.468147,6099.20378,16.39558,4.4051,7442.283297,72.22425,8080.0,63993554.0,91566525988.35,12052575.0,775932.0,-0.08173,0.0842213,0.1068,0.04857,0.31812
west bengal,2020,3,8082,2020-Q3,78767654,147424950291.98,14612656,922488.0,1871.64328,6312.93859,15.84048,5.39037,10088.853819,85.3861,8081.0,58763095.0,99278377224.58,13339774.0,813620.0,0.34043,0.4849654,0.09542,0.13381,0.31183
west bengal,2020,4,8083,2020-Q4,101265149,194248152966.42,15870777,1136123.0,1918.213274,7158.58461,13.96924,6.3806,12239.359986,89.13221,8082.0,78767654.0,147424950291.98,14612656.0,922488.0,0.28562,0.317607,0.0861,0.23159,0.11343
west bengal,2021,1,8084,2021-Q1,115001959,231129225939.19,16981214,1344929.0,2009.78512,7920.09923,12.6261,6.7723,13610.87764,85.50783,8083.0,101265149.0,194248152966.42,15870777.0,1136123.0,0.13565,0.1898658,0.06997,0.18379,0.79709
west bengal,2021,2,8085,2021-Q2,138748743,266671675321.52,18090085,1467960.0,1921.975432,8114.72141,12.32328,7.66988,14741.316877,94.51807,8084.0,115001959.0,231129225939.19,16981214.0,1344929.0,0.20649,0.1537774,0.0653,0.09148,1.36115
west bengal,2021,3,8086,2021-Q3,175901327,344476718379.31,19374188,1640034.0,1958.352016,8465.04638,11.81328,9.07916,17780.188691,107.25468,8085.0,138748743.0,266671675321.52,18090085.0,1467960.0,0.26777,0.2917634,0.07098,0.11722,1.23317
west bengal,2021,4,8087,2021-Q4,189761882,385851696670.89,20723757,1841977.0,2033.346701,8888.23875,11.25082,9.15673,18618.810126,103.02077,8086.0,175901327.0,344476718379.31,19374188.0,1640034.0,0.0788,0.1201097,0.06966,0.12313,0.87391
west bengal,2022,1,8088,2022-Q1,244077613,512176281443.31,21954680,2052296.0,2098.415644,9347.8748,10.69762,11.11734,23328.797388,118.92905,8087.0,189761882.0,385851696670.89,20723757.0,1841977.0,0.28623,0.3273915,0.0594,0.11418,1.12238
west bengal,2022,2,8089,2022-Q2,298813188,605707035569.9,23181627,2198980.0,2027.042513,9485.87431,10.54199,12.89009,26128.754275,135.88718,8088.0,244077613.0,512176281443.31,21954680.0,2052296.0,0.22425,0.1826144,0.05589,0.07147,1.15363
west bengal,2022,3,8090,2022-Q3,364129324,695665215498.29,24486749,2336122.0,1910.489405,9540.3518,10.48179,14.87046,28409.86427,155.86914,8089.0,298813188.0,605707035569.9,23181627.0,2198980.0,0.21859,0.1485176,0.0563,0.06237,1.07008
west bengal,2022,4,8091,2022-Q4,400458936,749746367003.58,25739668,2460123.0,1872.217847,9557.71069,10.46276,15.55805,29128.051186,162.78005,8090.0,364129324.0,695665215498.29,24486749.0,2336122.0,0.09977,0.0777402,0.05117,0.05308,1.11032
west bengal,2023,1,8092,2023-Q1,468933668,898862460705.07,26980199,2476853.0,1916.822191,9180.26216,10.89294,17.38066,33315.634948,189.3264,8091.0,400458936.0,749746367003.58,25739668.0,2460123.0,0.17099,0.1988887,0.0482,0.0068,0.92125
west bengal,2023,2,8093,2023-Q2,557201653,1011853593979.14,28151830,2540990.0,1815.955837,9026.02069,11.07908,19.79273,35942.728909,219.28526,8092.0,468933668.0,898862460705.07,26980199.0,2476853.0,0.18823,0.1257046,0.04343,0.02589,0.86472
west bengal,2023,3,8094,2023-Q3,642154264,1073507229812.27,29423200,2645684.0,1671.727948,8991.82958,11.12121,21.82476,36485.060422,242.71767,8093.0,557201653.0,1011853593979.14,28151830.0,2540990.0,0.15246,0.0609314,0.04516,0.0412,0.76353
west bengal,2023,4,8095,2023-Q4,747788359,1253569329663.21,30766242,2741155.0,1676.369142,8909.61919,11.22382,24.30548,40744.960976,272.80047,8094.0,642154264.0,1073507229812.27,29423200.0,2645684.0,0.1645,0.1677325,0.04565,0.03609,0.86733
west bengal,2024,1,8096,2024-Q1,843082236,1422966170005.29,32233492,2845547.0,1687.8142,8827.92035,11.3277,26.15547,44145.579077,296.28125,8095.0,747788359.0,1253569329663.21,30766242.0,2741155.0,0.12743,0.1351316,0.04769,0.03808,0.79787
west bengal,2024,2,8097,2024-Q2,988799648,1545997993108.29,33696097,2941809.0,1563.509854,8730.41468,11.45421,29.34463,45880.62508,336.11959,8096.0,843082236.0,1422966170005.29,32233492.0,2845547.0,0.17284,0.0864615,0.04538,0.03383,0.77458
west bengal,2024,3,8098,2024-Q3,1091000362,1608053446947.1,35120561,3036684.0,1473.925677,8646.45642,11.56543,31.06443,45786.667444,359.27359,8097.0,988799648.0,1545997993108.29,33696097.0,2941809.0,0.10336,0.0401394,0.04227,0.03225,0.69897
west bengal,2024,4,8099,2024-Q4,1230402184,1810747542010.68,36468735,3131480.0,1471.671268,8586.75246,11.64585,33.73855,49652.052423,392.91395,8098.0,1091000362.0,1608053446947.1,35120561.0,3036684.0,0.12777,0.1260494,0.03839,0.03122,0.64539
west bengal,2025,1,8100,2025-Q1,1304050364,1913847338922.79,37781664,3221457.0,1467.617656,8526.50905,11.72813,34.51543,50655.453897,404.80142,8099.0,1230402184.0,1810747542010.68,36468735.0,3131480.0,0.05986,0.0569377,0.036,0.02873,0.54677
west bengal,2025,2,8101,2025-Q2,1410547289,1934976510104.0,39021346,3307755.0,1371.791308,8476.78345,11.79693,36.14809,49587.641341,426.43645,8100.0,1304050364.0,1913847338922.79,37781664.0,3221457.0,0.08167,0.0110402,0.03281,0.02679,0.42652
west bengal,2025,3,8102,2025-Q3,1534941462,1981771949298.07,40328474,3397402.0,1291.105881,8424.3257,11.87039,38.06099,49140.762165,451.7986,8101.0,1410547289.0,1934976510104.0,39021346.0,3307755.0,0.08819,0.024184,0.0335,0.0271,0.40691
west bengal,2025,4,8103,2025-Q4,1595670079,2082769866475.07,41514118,3501166.0,1305.263471,8433.6755,11.85723,38.43681,50170.158173,455.75391,8102.0,1534941462.0,1981771949298.07,40328474.0,3397402.0,0.03956,0.0509634,0.0294,0.03054,0.29687
west bengal,2026,1,8104,2026-Q1,1691843395,2280769839448.36,42771072,3567960.0,1348.097493,8341.99339,11.98754,39.55579,53325.056698,474.17667,8103.0,1595670079.0,2082769866475.07,41514118.0,3501166.0,0.06027,0.0950657,0.03028,0.01908,0.29738
west bengal,2026,2,8105,2026-Q2,1782353009,2211838113700.3,43272502,3631496.0,1240.965231,8392.15629,11.91589,41.18904,51114.172083,490.80407,8104.0,1691843395.0,2280769839448.36,42771072.0,3567960.0,0.0535,-0.030223,0.01172,0.01781,0.26359
